date,btc_price
2013-04-28 00:00:00+00:00,135.3
2013-04-29 00:00:00+00:00,141.96
2013-04-30 00:00:00+00:00,135.3
2013-05-01 00:00:00+00:00,117.0
2013-05-02 00:00:00+00:00,103.43
2013-05-03 00:00:00+00:00,91.01
2013-05-04 00:00:00+00:00,111.25
2013-05-05 00:00:00+00:00,116.79
2013-05-06 00:00:00+00:00,118.33
2013-05-07 00:00:00+00:00,106.4
2013-05-08 00:00:00+00:00,112.64
2013-05-09 00:00:00+00:00,113.0
2013-05-10 00:00:00+00:00,118.78
2013-05-11 00:00:00+00:00,113.01
2013-05-12 00:00:00+00:00,114.713
2013-05-13 00:00:00+00:00,117.18
2013-05-14 00:00:00+00:00,114.5
2013-05-15 00:00:00+00:00,114.156
2013-05-16 00:00:00+00:00,115.5
2013-05-17 00:00:00+00:00,123.1
2013-05-18 00:00:00+00:00,123.88
2013-05-19 00:00:00+00:00,120.501
2013-05-20 00:00:00+00:00,122.58
2013-05-21 00:00:00+00:00,122.9
2013-05-22 00:00:00+00:00,123.0
2013-05-23 00:00:00+00:00,125.748
2013-05-24 00:00:00+00:00,131.7
2013-05-25 00:00:00+00:00,130.77
2013-05-26 00:00:00+00:00,134.6
2013-05-27 00:00:00+00:00,128.985
2013-05-28 00:00:00+00:00,129.179
2013-05-29 00:00:00+00:00,132.13
2013-05-30 00:00:00+00:00,127.401
2013-05-31 00:00:00+00:00,127.98
2013-06-01 00:00:00+00:00,129.09
2013-06-02 00:00:00+00:00,121.3
2013-06-03 00:00:00+00:00,121.16
2013-06-05 00:00:00+00:00,121.309
2013-06-06 00:00:00+00:00,121.714
2013-06-07 00:00:00+00:00,119.0
2013-06-08 00:00:00+00:00,110.09
2013-06-09 00:00:00+00:00,108.401
2013-06-10 00:00:00+00:00,99.7497
2013-06-11 00:00:00+00:00,105.99
2013-06-12 00:00:00+00:00,108.9
2013-06-13 00:00:00+00:00,108.4
2013-06-14 00:00:00+00:00,102.769
2013-06-15 00:00:00+00:00,98.399
2013-06-16 00:00:00+00:00,99.99
2013-06-17 00:00:00+00:00,100.42
2013-06-18 00:00:00+00:00,102.0
2013-06-19 00:00:00+00:00,106.55
2013-06-20 00:00:00+00:00,107.9
2013-06-21 00:00:00+00:00,110.91
2013-06-22 00:00:00+00:00,109.015
2013-06-23 00:00:00+00:00,107.25
2013-06-24 00:00:00+00:00,108.0
2013-06-25 00:00:00+00:00,102.443
2013-06-26 00:00:00+00:00,103.691
2013-06-27 00:00:00+00:00,103.39
2013-06-28 00:00:00+00:00,99.66
2013-06-29 00:00:00+00:00,93.3311
2013-06-30 00:00:00+00:00,95.3886
2013-07-01 00:00:00+00:00,97.504
2013-07-02 00:00:00+00:00,89.489
2013-07-03 00:00:00+00:00,90.797
2013-07-04 00:00:00+00:00,78.8
2013-07-05 00:00:00+00:00,78.48
2013-07-06 00:00:00+00:00,67.809
2013-07-07 00:00:00+00:00,68.0831
2013-07-08 00:00:00+00:00,77.502
2013-07-09 00:00:00+00:00,76.3915
2013-07-10 00:00:00+00:00,77.0
2013-07-11 00:00:00+00:00,85.75
2013-07-12 00:00:00+00:00,93.804
2013-07-13 00:00:00+00:00,88.0622
2013-07-14 00:00:00+00:00,95.58
2013-07-15 00:00:00+00:00,94.0
2013-07-16 00:00:00+00:00,97.301
2013-07-17 00:00:00+00:00,98.9796
2013-07-18 00:00:00+00:00,97.8
2013-07-19 00:00:00+00:00,88.7869
2013-07-20 00:00:00+00:00,91.572
2013-07-21 00:00:00+00:00,89.28
2013-07-22 00:00:00+00:00,90.3672
2013-07-23 00:00:00+00:00,91.7024
2013-07-24 00:00:00+00:00,94.5806
2013-07-25 00:00:00+00:00,94.525
2013-07-26 00:00:00+00:00,96.9499
2013-07-27 00:00:00+00:00,94.13
2013-07-28 00:00:00+00:00,94.005
2013-07-29 00:00:00+00:00,98.5759
2013-07-30 00:00:00+00:00,101.5
2013-07-31 00:00:00+00:00,110.34
2013-08-01 00:00:00+00:00,106.23
2013-08-02 00:00:00+00:00,101.61
2013-08-03 00:00:00+00:00,103.7
2013-08-04 00:00:00+00:00,104.86
2013-08-05 00:00:00+00:00,106.56
2013-08-06 00:00:00+00:00,105.841
2013-08-07 00:00:00+00:00,106.75
2013-08-08 00:00:00+00:00,101.672
2013-08-09 00:00:00+00:00,103.4
2013-08-10 00:00:00+00:00,102.71
2013-08-11 00:00:00+00:00,103.77
2013-08-12 00:00:00+00:00,105.18
2013-08-13 00:00:00+00:00,106.068
2013-08-14 00:00:00+00:00,111.621
2013-08-15 00:00:00+00:00,111.87
2013-08-16 00:00:00+00:00,109.867
2013-08-17 00:00:00+00:00,112.74
2013-08-18 00:00:00+00:00,114.4
2013-08-19 00:00:00+00:00,118.782
2013-08-20 00:00:00+00:00,120.5
2013-08-21 00:00:00+00:00,121.51
2013-08-22 00:00:00+00:00,122.499
2013-08-23 00:00:00+00:00,120.0
2013-08-24 00:00:00+00:00,120.44
2013-08-25 00:00:00+00:00,122.0
2013-08-26 00:00:00+00:00,122.04
2013-08-27 00:00:00+00:00,125.67
2013-08-28 00:00:00+00:00,123.02
2013-08-29 00:00:00+00:00,123.44
2013-08-30 00:00:00+00:00,129.2
2013-08-31 00:00:00+00:00,137.76
2013-09-01 00:00:00+00:00,138.17
2013-09-02 00:00:00+00:00,137.17
2013-09-03 00:00:00+00:00,137.51
2013-09-04 00:00:00+00:00,135.21
2013-09-05 00:00:00+00:00,129.96
2013-09-06 00:00:00+00:00,126.13
2013-09-07 00:00:00+00:00,123.73
2013-09-08 00:00:00+00:00,121.77
2013-09-09 00:00:00+00:00,126.4
2013-09-10 00:00:00+00:00,127.78
2013-09-11 00:00:00+00:00,131.65
2013-09-12 00:00:00+00:00,134.22
2013-09-13 00:00:00+00:00,135.05
2013-09-14 00:00:00+00:00,131.39
2013-09-15 00:00:00+00:00,129.95
2013-09-16 00:00:00+00:00,131.48
2013-09-17 00:00:00+00:00,131.31
2013-09-18 00:00:00+00:00,132.06
2013-09-19 00:00:00+00:00,130.23
2013-09-20 00:00:00+00:00,128.57
2013-09-21 00:00:00+00:00,126.78
2013-09-22 00:00:00+00:00,128.37
2013-09-23 00:00:00+00:00,126.73
2013-09-24 00:00:00+00:00,126.09
2013-09-25 00:00:00+00:00,127.99
2013-09-26 00:00:00+00:00,128.02
2013-09-27 00:00:00+00:00,131.84
2013-09-28 00:00:00+00:00,133.93
2013-09-29 00:00:00+00:00,140.28
2013-09-30 00:00:00+00:00,131.65
2013-10-01 00:00:00+00:00,132.55
2013-10-02 00:00:00+00:00,132.04
2013-10-03 00:00:00+00:00,123.07
2013-10-04 00:00:00+00:00,128.26
2013-10-05 00:00:00+00:00,129.57
2013-10-06 00:00:00+00:00,127.56
2013-10-07 00:00:00+00:00,128.38
2013-10-08 00:00:00+00:00,125.72
2013-10-09 00:00:00+00:00,130.9
2013-10-10 00:00:00+00:00,129.68
2013-10-11 00:00:00+00:00,130.27
2013-10-12 00:00:00+00:00,135.35
2013-10-13 00:00:00+00:00,135.48
2013-10-14 00:00:00+00:00,140.48
2013-10-15 00:00:00+00:00,143.89
2013-10-16 00:00:00+00:00,143.61
2013-10-17 00:00:00+00:00,146.15
2013-10-18 00:00:00+00:00,151.34
2013-10-19 00:00:00+00:00,170.51
2013-10-20 00:00:00+00:00,172.01
2013-10-21 00:00:00+00:00,181.41
2013-10-22 00:00:00+00:00,193.45
2013-10-23 00:00:00+00:00,206.78
2013-10-24 00:00:00+00:00,198.8
2013-10-25 00:00:00+00:00,172.48
2013-10-26 00:00:00+00:00,178.96
2013-10-27 00:00:00+00:00,189.83
2013-10-28 00:00:00+00:00,198.55
2013-10-29 00:00:00+00:00,204.39
2013-10-30 00:00:00+00:00,204.2
2013-10-31 00:00:00+00:00,203.88
2013-11-01 00:00:00+00:00,205.26
2013-11-02 00:00:00+00:00,206.89
2013-11-03 00:00:00+00:00,212.45
2013-11-04 00:00:00+00:00,226.28
2013-11-05 00:00:00+00:00,230.63
2013-11-06 00:00:00+00:00,260.85
2013-11-07 00:00:00+00:00,295.63
2013-11-08 00:00:00+00:00,332.02
2013-11-09 00:00:00+00:00,358.0
2013-11-10 00:00:00+00:00,313.0
2013-11-11 00:00:00+00:00,340.55
2013-11-12 00:00:00+00:00,355.48
2013-11-13 00:00:00+00:00,404.17
2013-11-14 00:00:00+00:00,408.84
2013-11-15 00:00:00+00:00,424.16
2013-11-16 00:00:00+00:00,437.41
2013-11-17 00:00:00+00:00,488.36
2013-11-18 00:00:00+00:00,580.87
2013-11-19 00:00:00+00:00,614.4
2013-11-20 00:00:00+00:00,565.34
2013-11-21 00:00:00+00:00,675.06
2013-11-22 00:00:00+00:00,731.15
2013-11-23 00:00:00+00:00,819.31
2013-11-24 00:00:00+00:00,764.43
2013-11-25 00:00:00+00:00,793.07
2013-11-26 00:00:00+00:00,832.93
2013-11-27 00:00:00+00:00,914.13
2013-11-28 00:00:00+00:00,979.08
2013-11-29 00:00:00+00:00,1101.83
2013-11-30 00:00:00+00:00,1127.45
2013-12-01 00:00:00+00:00,1033.39
2013-12-02 00:00:00+00:00,974.03
2013-12-03 00:00:00+00:00,1078.64
2013-12-04 00:00:00+00:00,1121.48
2013-12-05 00:00:00+00:00,989.04
2013-12-06 00:00:00+00:00,1019.66
2013-12-07 00:00:00+00:00,811.98
2013-12-08 00:00:00+00:00,743.11
2013-12-09 00:00:00+00:00,897.89
2013-12-10 00:00:00+00:00,927.78
2013-12-11 00:00:00+00:00,887.08
2013-12-12 00:00:00+00:00,878.17
2013-12-13 00:00:00+00:00,897.27
2013-12-14 00:00:00+00:00,866.99
2013-12-15 00:00:00+00:00,854.62
2013-12-16 00:00:00+00:00,789.15
2013-12-17 00:00:00+00:00,691.65
2013-12-18 00:00:00+00:00,559.36
2013-12-19 00:00:00+00:00,677.84
2013-12-20 00:00:00+00:00,694.25
2013-12-21 00:00:00+00:00,596.12
2013-12-22 00:00:00+00:00,650.27
2013-12-23 00:00:00+00:00,645.75
2013-12-24 00:00:00+00:00,659.94
2013-12-25 00:00:00+00:00,668.74
2013-12-26 00:00:00+00:00,734.59
2013-12-27 00:00:00+00:00,734.27
2013-12-28 00:00:00+00:00,738.81
2013-12-29 00:00:00+00:00,726.47
2013-12-30 00:00:00+00:00,760.52
2013-12-31 00:00:00+00:00,755.16
2014-01-01 00:00:00+00:00,767.74
2014-01-02 00:00:00+00:00,772.53
2014-01-03 00:00:00+00:00,825.47
2014-01-04 00:00:00+00:00,849.14
2014-01-05 00:00:00+00:00,919.41
2014-01-06 00:00:00+00:00,936.38
2014-01-07 00:00:00+00:00,826.5
2014-01-08 00:00:00+00:00,838.32
2014-01-09 00:00:00+00:00,853.29
2014-01-10 00:00:00+00:00,863.3
2014-01-11 00:00:00+00:00,905.72
2014-01-12 00:00:00+00:00,867.45
2014-01-13 00:00:00+00:00,840.96
2014-01-14 00:00:00+00:00,838.05
2014-01-15 00:00:00+00:00,860.44
2014-01-16 00:00:00+00:00,837.98
2014-01-17 00:00:00+00:00,812.9
2014-01-18 00:00:00+00:00,840.0
2014-01-19 00:00:00+00:00,838.17
2014-01-20 00:00:00+00:00,869.15
2014-01-21 00:00:00+00:00,869.57
2014-01-22 00:00:00+00:00,865.03
2014-01-23 00:00:00+00:00,846.97
2014-01-24 00:00:00+00:00,808.32
2014-01-25 00:00:00+00:00,804.39
2014-01-26 00:00:00+00:00,853.51
2014-01-27 00:00:00+00:00,891.86
2014-01-28 00:00:00+00:00,777.0
2014-01-29 00:00:00+00:00,816.85
2014-01-30 00:00:00+00:00,817.17
2014-01-31 00:00:00+00:00,817.93
2014-02-01 00:00:00+00:00,832.52
2014-02-02 00:00:00+00:00,836.41
2014-02-03 00:00:00+00:00,813.38
2014-02-04 00:00:00+00:00,832.36
2014-02-05 00:00:00+00:00,830.92
2014-02-06 00:00:00+00:00,805.08
2014-02-07 00:00:00+00:00,721.32
2014-02-08 00:00:00+00:00,701.61
2014-02-09 00:00:00+00:00,672.07
2014-02-10 00:00:00+00:00,689.65
2014-02-11 00:00:00+00:00,697.76
2014-02-12 00:00:00+00:00,655.26
2014-02-13 00:00:00+00:00,651.91
2014-02-14 00:00:00+00:00,623.57
2014-02-15 00:00:00+00:00,644.1
2014-02-16 00:00:00+00:00,613.85
2014-02-17 00:00:00+00:00,645.14
2014-02-18 00:00:00+00:00,625.01
2014-02-19 00:00:00+00:00,620.99
2014-02-20 00:00:00+00:00,593.89
2014-02-21 00:00:00+00:00,582.75
2014-02-22 00:00:00+00:00,571.06
2014-02-23 00:00:00+00:00,622.97
2014-02-24 00:00:00+00:00,572.39
2014-02-25 00:00:00+00:00,489.31
2014-02-26 00:00:00+00:00,567.25
2014-02-27 00:00:00+00:00,586.28
2014-02-28 00:00:00+00:00,567.2
2014-03-01 00:00:00+00:00,560.11
2014-03-02 00:00:00+00:00,561.35
2014-03-03 00:00:00+00:00,585.79
2014-03-04 00:00:00+00:00,675.0
2014-03-05 00:00:00+00:00,658.24
2014-03-06 00:00:00+00:00,654.55
2014-03-07 00:00:00+00:00,617.62
2014-03-08 00:00:00+00:00,610.37
2014-03-09 00:00:00+00:00,636.17
2014-03-10 00:00:00+00:00,621.17
2014-03-11 00:00:00+00:00,624.23
2014-03-12 00:00:00+00:00,638.07
2014-03-13 00:00:00+00:00,639.03
2014-03-14 00:00:00+00:00,629.67
2014-03-15 00:00:00+00:00,638.07
2014-03-16 00:00:00+00:00,629.55
2014-03-17 00:00:00+00:00,623.705
2014-03-18 00:00:00+00:00,612.622
2014-03-19 00:00:00+00:00,610.636
2014-03-20 00:00:00+00:00,592.07
2014-03-21 00:00:00+00:00,582.303
2014-03-22 00:00:00+00:00,561.22
2014-03-23 00:00:00+00:00,567.779
2014-03-24 00:00:00+00:00,571.418
2014-03-25 00:00:00+00:00,582.55
2014-03-26 00:00:00+00:00,584.442
2014-03-27 00:00:00+00:00,567.64
2014-03-28 00:00:00+00:00,503.661
2014-03-29 00:00:00+00:00,502.302
2014-03-30 00:00:00+00:00,469.938
2014-03-31 00:00:00+00:00,457.399
2014-04-01 00:00:00+00:00,478.7163
2014-04-02 00:00:00+00:00,437.515
2014-04-03 00:00:00+00:00,447.0822
2014-04-04 00:00:00+00:00,448.8792
2014-04-05 00:00:00+00:00,464.8259
2014-04-06 00:00:00+00:00,460.7028
2014-04-07 00:00:00+00:00,457.792
2014-04-08 00:00:00+00:00,450.4638
2014-04-09 00:00:00+00:00,440.1983
2014-04-10 00:00:00+00:00,360.8407
2014-04-11 00:00:00+00:00,420.0563
2014-04-12 00:00:00+00:00,420.66
2014-04-13 00:00:00+00:00,414.9495
2014-04-14 00:00:00+00:00,457.6338
2014-04-15 00:00:00+00:00,520.1233
2014-04-16 00:00:00+00:00,529.1625
2014-04-17 00:00:00+00:00,494.4
2014-04-18 00:00:00+00:00,478.2312
2014-04-19 00:00:00+00:00,501.5515
2014-04-20 00:00:00+00:00,497.3177
2014-04-21 00:00:00+00:00,492.6733
2014-04-22 00:00:00+00:00,484.8533
2014-04-23 00:00:00+00:00,487.525
2014-04-24 00:00:00+00:00,494.2733
2014-04-25 00:00:00+00:00,458.8067
2014-04-26 00:00:00+00:00,453.8
2014-04-27 00:00:00+00:00,437.9216
2014-04-28 00:00:00+00:00,436.92
2014-04-29 00:00:00+00:00,443.27
2014-04-30 00:00:00+00:00,444.9968
2014-05-01 00:00:00+00:00,455.0913
2014-05-02 00:00:00+00:00,443.4734
2014-05-03 00:00:00+00:00,434.0333
2014-05-04 00:00:00+00:00,433.9432
2014-05-05 00:00:00+00:00,429.0761
2014-05-06 00:00:00+00:00,426.7634
2014-05-07 00:00:00+00:00,439.3
2014-05-08 00:00:00+00:00,437.3633
2014-05-09 00:00:00+00:00,447.4933
2014-05-10 00:00:00+00:00,452.505
2014-05-11 00:00:00+00:00,436.2833
2014-05-12 00:00:00+00:00,439.19
2014-05-13 00:00:00+00:00,437.305
2014-05-14 00:00:00+00:00,444.2467
2014-05-15 00:00:00+00:00,444.25
2014-05-16 00:00:00+00:00,445.165
2014-05-17 00:00:00+00:00,445.8533
2014-05-18 00:00:00+00:00,444.2133
2014-05-19 00:00:00+00:00,443.87
2014-05-20 00:00:00+00:00,483.4167
2014-05-21 00:00:00+00:00,488.7717
2014-05-22 00:00:00+00:00,522.6083
2014-05-23 00:00:00+00:00,524.475
2014-05-24 00:00:00+00:00,523.1083
2014-05-25 00:00:00+00:00,569.3767
2014-05-26 00:00:00+00:00,579.6217
2014-05-27 00:00:00+00:00,569.475
2014-05-28 00:00:00+00:00,571.5533
2014-05-29 00:00:00+00:00,565.26
2014-05-30 00:00:00+00:00,621.1467
2014-05-31 00:00:00+00:00,620.5
2014-06-01 00:00:00+00:00,640.1617
2014-06-02 00:00:00+00:00,656.41
2014-06-03 00:00:00+00:00,667.3683
2014-06-04 00:00:00+00:00,641.1833
2014-06-05 00:00:00+00:00,658.1
2014-06-06 00:00:00+00:00,648.63
2014-06-07 00:00:00+00:00,651.7083
2014-06-08 00:00:00+00:00,649.8983
2014-06-09 00:00:00+00:00,643.905
2014-06-10 00:00:00+00:00,649.0567
2014-06-11 00:00:00+00:00,630.0367
2014-06-12 00:00:00+00:00,567.175
2014-06-13 00:00:00+00:00,594.6833
2014-06-14 00:00:00+00:00,570.0033
2014-06-15 00:00:00+00:00,583.41
2014-06-16 00:00:00+00:00,592.52
2014-06-17 00:00:00+00:00,607.1583
2014-06-18 00:00:00+00:00,604.19
2014-06-19 00:00:00+00:00,593.3883000000002
2014-06-20 00:00:00+00:00,590.055
2014-06-21 00:00:00+00:00,591.2567
2014-06-22 00:00:00+00:00,595.0367
2014-06-23 00:00:00+00:00,586.1482999999998
2014-06-24 00:00:00+00:00,582.4149999999998
2014-06-25 00:00:00+00:00,561.4716999999999
2014-06-26 00:00:00+00:00,579.5867
2014-06-27 00:00:00+00:00,598.2367
2014-06-28 00:00:00+00:00,594.8717000000001
2014-06-29 00:00:00+00:00,598.4883
2014-06-30 00:00:00+00:00,637.7549999999999
2014-07-01 00:00:00+00:00,643.9350000000001
2014-07-02 00:00:00+00:00,648.1075000000002
2014-07-03 00:00:00+00:00,640.2838000000003
2014-07-04 00:00:00+00:00,627.1288
2014-07-05 00:00:00+00:00,627.5812999999999
2014-07-06 00:00:00+00:00,631.0025
2014-07-07 00:00:00+00:00,619.4950000000002
2014-07-08 00:00:00+00:00,620.0474999999996
2014-07-09 00:00:00+00:00,620.16
2014-07-10 00:00:00+00:00,615.1275000000002
2014-07-11 00:00:00+00:00,630.8350000000002
2014-07-12 00:00:00+00:00,633.6389951679741
2014-07-13 00:00:00+00:00,627.4623228193354
2014-07-14 00:00:00+00:00,618.2050265064788
2014-07-15 00:00:00+00:00,618.9524999999999
2014-07-16 00:00:00+00:00,614.1474999999997
2014-07-17 00:00:00+00:00,622.8950000000001
2014-07-18 00:00:00+00:00,627.0188000000003
2014-07-19 00:00:00+00:00,626.1763000000001
2014-07-20 00:00:00+00:00,620.5138
2014-07-21 00:00:00+00:00,619.9088000000002
2014-07-22 00:00:00+00:00,619.0062999999999
2014-07-23 00:00:00+00:00,617.9425000000001
2014-07-24 00:00:00+00:00,599.8088
2014-07-25 00:00:00+00:00,600.0963000000002
2014-07-26 00:00:00+00:00,593.7750000000001
2014-07-27 00:00:00+00:00,590.3788
2014-07-28 00:00:00+00:00,585.2787999999998
2014-07-29 00:00:00+00:00,581.7138
2014-07-30 00:00:00+00:00,560.7912999999999
2014-07-31 00:00:00+00:00,583.1821057431899
2014-08-01 00:00:00+00:00,593.8655273953669
2014-08-02 00:00:00+00:00,588.2306991611412
2014-08-03 00:00:00+00:00,585.5731940766995
2014-08-04 00:00:00+00:00,586.3686859113967
2014-08-05 00:00:00+00:00,582.4186267649761
2014-08-06 00:00:00+00:00,583.3249999999999
2014-08-07 00:00:00+00:00,587.2031590188054
2014-08-08 00:00:00+00:00,590.9072702245192
2014-08-09 00:00:00+00:00,588.1078559835756
2014-08-10 00:00:00+00:00,588.5004825541756
2014-08-11 00:00:00+00:00,573.4063
2014-08-12 00:00:00+00:00,567.4023482208208
2014-08-13 00:00:00+00:00,543.6674999999999
2014-08-14 00:00:00+00:00,503.7087999999998
2014-08-15 00:00:00+00:00,492.2844982828295
2014-08-16 00:00:00+00:00,521.0463000000001
2014-08-17 00:00:00+00:00,494.7813
2014-08-18 00:00:00+00:00,459.8863000000001
2014-08-19 00:00:00+00:00,484.1549999999999
2014-08-20 00:00:00+00:00,514.1863000000001
2014-08-21 00:00:00+00:00,515.605
2014-08-22 00:00:00+00:00,515.8263000000001
2014-08-23 00:00:00+00:00,496.5688000000001
2014-08-24 00:00:00+00:00,508.1138
2014-08-25 00:00:00+00:00,500.3863
2014-08-26 00:00:00+00:00,510.6387999999999
2014-08-27 00:00:00+00:00,510.4463
2014-08-28 00:00:00+00:00,506.9150000000001
2014-08-29 00:00:00+00:00,508.0963
2014-08-30 00:00:00+00:00,501.5300000000001
2014-08-31 00:00:00+00:00,480.0262999999999
2014-09-01 00:00:00+00:00,475.8200000000002
2014-09-02 00:00:00+00:00,474.6938
2014-09-03 00:00:00+00:00,474.7263000000001
2014-09-04 00:00:00+00:00,489.5475000000001
2014-09-05 00:00:00+00:00,480.2425000000001
2014-09-06 00:00:00+00:00,482.3588
2014-09-07 00:00:00+00:00,480.6025
2014-09-08 00:00:00+00:00,471.1250000000001
2014-09-09 00:00:00+00:00,471.7538
2014-09-10 00:00:00+00:00,477.1138
2014-09-11 00:00:00+00:00,476.3775000000001
2014-09-12 00:00:00+00:00,473.6874999999999
2014-09-13 00:00:00+00:00,476.0013
2014-09-14 00:00:00+00:00,474.795
2014-09-15 00:00:00+00:00,473.0313
2014-09-16 00:00:00+00:00,462.5925
2014-09-17 00:00:00+00:00,454.6238000000001
2014-09-18 00:00:00+00:00,423.565
2014-09-19 00:00:00+00:00,393.2624999999999
2014-09-20 00:00:00+00:00,408.5025
2014-09-21 00:00:00+00:00,396.62
2014-09-22 00:00:00+00:00,398.3113000000001
2014-09-23 00:00:00+00:00,433.7512999999999
2014-09-24 00:00:00+00:00,420.92
2014-09-25 00:00:00+00:00,407.9775
2014-09-26 00:00:00+00:00,402.88
2014-09-27 00:00:00+00:00,398.0074999999999
2014-09-28 00:00:00+00:00,375.9887999999999
2014-09-29 00:00:00+00:00,373.0888
2014-09-30 00:00:00+00:00,387.3512999999999
2014-10-01 00:00:00+00:00,380.8949999999999
2014-10-02 00:00:00+00:00,371.8413
2014-10-03 00:00:00+00:00,356.1899999999999
2014-10-04 00:00:00+00:00,327.8813
2014-10-05 00:00:00+00:00,325.1099999999999
2014-10-06 00:00:00+00:00,328.73
2014-10-07 00:00:00+00:00,331.7238
2014-10-08 00:00:00+00:00,353.3901000000001
2014-10-09 00:00:00+00:00,358.395
2014-10-10 00:00:00+00:00,357.5549999999999
2014-10-11 00:00:00+00:00,359.515
2014-10-12 00:00:00+00:00,374.1675000000001
2014-10-13 00:00:00+00:00,387.0387999999999
2014-10-14 00:00:00+00:00,398.2888
2014-10-15 00:00:00+00:00,392.1900000000001
2014-10-16 00:00:00+00:00,379.3912999999999
2014-10-17 00:00:00+00:00,380.2925
2014-10-18 00:00:00+00:00,389.1163
2014-10-19 00:00:00+00:00,386.945
2014-10-20 00:00:00+00:00,379.7699999999999
2014-10-21 00:00:00+00:00,382.4137999999999
2014-10-22 00:00:00+00:00,379.4425000000001
2014-10-23 00:00:00+00:00,356.2000000000001
2014-10-24 00:00:00+00:00,354.3175000000001
2014-10-25 00:00:00+00:00,347.0304940564094
2014-10-26 00:00:00+00:00,350.1888000000001
2014-10-27 00:00:00+00:00,348.29
2014-10-28 00:00:00+00:00,351.5638000000001
2014-10-29 00:00:00+00:00,333.1474999999999
2014-10-30 00:00:00+00:00,343.6674999999999
2014-10-31 00:00:00+00:00,336.5879758057807
2014-11-01 00:00:00+00:00,323.9763
2014-11-02 00:00:00+00:00,323.9849999999999
2014-11-03 00:00:00+00:00,323.995
2014-11-04 00:00:00+00:00,328.0083
2014-11-05 00:00:00+00:00,337.5933
2014-11-06 00:00:00+00:00,347.8183
2014-11-07 00:00:00+00:00,341.2317
2014-11-08 00:00:00+00:00,344.1783
2014-11-09 00:00:00+00:00,363.4241291015933
2014-11-10 00:00:00+00:00,363.7649999999999
2014-11-11 00:00:00+00:00,366.15
2014-11-12 00:00:00+00:00,418.5783
2014-11-13 00:00:00+00:00,414.7083
2014-11-14 00:00:00+00:00,395.245
2014-11-15 00:00:00+00:00,377.3267
2014-11-16 00:00:00+00:00,387.6233
2014-11-17 00:00:00+00:00,384.9
2014-11-18 00:00:00+00:00,374.8683
2014-11-19 00:00:00+00:00,376.7883
2014-11-20 00:00:00+00:00,355.3888345541618
2014-11-21 00:00:00+00:00,349.3882854323945
2014-11-22 00:00:00+00:00,351.5500000000001
2014-11-23 00:00:00+00:00,366.7817
2014-11-24 00:00:00+00:00,377.7417
2014-11-25 00:00:00+00:00,375.248
2014-11-26 00:00:00+00:00,365.7660000000001
2014-11-27 00:00:00+00:00,368.448
2014-11-28 00:00:00+00:00,376.951
2014-11-29 00:00:00+00:00,374.9649999999999
2014-11-30 00:00:00+00:00,376.472
2014-12-01 00:00:00+00:00,379.489
2014-12-02 00:00:00+00:00,381.3768000000001
2014-12-03 00:00:00+00:00,374.103
2014-12-04 00:00:00+00:00,368.2282000000001
2014-12-05 00:00:00+00:00,376.379
2014-12-06 00:00:00+00:00,373.671
2014-12-07 00:00:00+00:00,374.448
2014-12-08 00:00:00+00:00,361.433
2014-12-09 00:00:00+00:00,350.9280000000001
2014-12-10 00:00:00+00:00,346.9798718363186
2014-12-11 00:00:00+00:00,346.9089999999999
2014-12-12 00:00:00+00:00,351.502
2014-12-13 00:00:00+00:00,347.484
2014-12-14 00:00:00+00:00,350.133
2014-12-15 00:00:00+00:00,344.615
2014-12-16 00:00:00+00:00,328.5340000000001
2014-12-17 00:00:00+00:00,318.828
2014-12-18 00:00:00+00:00,309.765
2014-12-19 00:00:00+00:00,317.54
2014-12-20 00:00:00+00:00,328.7740000000001
2014-12-21 00:00:00+00:00,319.501
2014-12-22 00:00:00+00:00,329.886
2014-12-23 00:00:00+00:00,333.97
2014-12-24 00:00:00+00:00,322.194
2014-12-25 00:00:00+00:00,318.166
2014-12-26 00:00:00+00:00,327.7169708710151
2014-12-27 00:00:00+00:00,314.568
2014-12-28 00:00:00+00:00,316.491
2014-12-29 00:00:00+00:00,312.6329999999999
2014-12-30 00:00:00+00:00,310.079
2014-12-31 00:00:00+00:00,317.379
2015-01-01 00:00:00+00:00,313.9920000000001
2015-01-02 00:00:00+00:00,314.446
2015-01-03 00:00:00+00:00,286.572
2015-01-04 00:00:00+00:00,260.936
2015-01-05 00:00:00+00:00,273.22
2015-01-06 00:00:00+00:00,285.3738000000001
2015-01-07 00:00:00+00:00,295.8725
2015-01-08 00:00:00+00:00,284.4525
2015-01-09 00:00:00+00:00,289.5738000000001
2015-01-10 00:00:00+00:00,274.533
2015-01-11 00:00:00+00:00,267.184
2015-01-12 00:00:00+00:00,268.353667700943
2015-01-13 00:00:00+00:00,221.436
2015-01-14 00:00:00+00:00,172.1479
2015-01-15 00:00:00+00:00,210.5559
2015-01-16 00:00:00+00:00,205.816
2015-01-17 00:00:00+00:00,199.4914
2015-01-18 00:00:00+00:00,208.9892
2015-01-19 00:00:00+00:00,214.545
2015-01-20 00:00:00+00:00,210.5137
2015-01-21 00:00:00+00:00,224.0451
2015-01-22 00:00:00+00:00,232.0423000000001
2015-01-23 00:00:00+00:00,232.898
2015-01-24 00:00:00+00:00,248.096
2015-01-25 00:00:00+00:00,253.8388999999999
2015-01-26 00:00:00+00:00,271.2882000000001
2015-01-27 00:00:00+00:00,259.2356
2015-01-29 00:00:00+00:00,232.5329422304941
2015-01-30 00:00:00+00:00,228.6354
2015-01-31 00:00:00+00:00,218.0233
2015-02-01 00:00:00+00:00,226.2697
2015-02-02 00:00:00+00:00,240.0193
2015-02-03 00:00:00+00:00,226.0119
2015-02-04 00:00:00+00:00,225.3083
2015-02-05 00:00:00+00:00,216.9136
2015-02-06 00:00:00+00:00,222.4872
2015-02-07 00:00:00+00:00,227.2050999999999
2015-02-08 00:00:00+00:00,222.9061
2015-02-09 00:00:00+00:00,220.0922
2015-02-10 00:00:00+00:00,220.6493
2015-02-11 00:00:00+00:00,219.0956
2015-02-12 00:00:00+00:00,222.0401587875259
2015-02-13 00:00:00+00:00,235.6774
2015-02-14 00:00:00+00:00,259.0086000000001
2015-02-15 00:00:00+00:00,232.9962
2015-02-16 00:00:00+00:00,235.9199
2015-02-17 00:00:00+00:00,242.4568
2015-02-18 00:00:00+00:00,234.6238
2015-02-19 00:00:00+00:00,240.2988
2015-02-20 00:00:00+00:00,244.0821
2015-02-21 00:00:00+00:00,244.1459
2015-02-22 00:00:00+00:00,235.5529999999999
2015-02-23 00:00:00+00:00,238.1319
2015-02-24 00:00:00+00:00,238.7314
2015-02-25 00:00:00+00:00,237.378
2015-02-26 00:00:00+00:00,236.1711557723409
2015-02-27 00:00:00+00:00,253.8991
2015-02-28 00:00:00+00:00,253.5991
2015-03-01 00:00:00+00:00,257.7075
2015-03-02 00:00:00+00:00,269.9614999999999
2015-03-03 00:00:00+00:00,280.6241999999999
2015-03-04 00:00:00+00:00,273.0192999999999
2015-03-05 00:00:00+00:00,274.8255
2015-03-06 00:00:00+00:00,272.3412999999999
2015-03-07 00:00:00+00:00,275.5846387340832
2015-03-08 00:00:00+00:00,274.578
2015-03-09 00:00:00+00:00,289.2957000000001
2015-03-10 00:00:00+00:00,290.3057
2015-03-11 00:00:00+00:00,295.961
2015-03-12 00:00:00+00:00,293.9203
2015-03-13 00:00:00+00:00,288.0364999999999
2015-03-14 00:00:00+00:00,281.4887
2015-03-15 00:00:00+00:00,285.2645
2015-03-16 00:00:00+00:00,290.0955000000001
2015-03-17 00:00:00+00:00,284.3491
2015-03-18 00:00:00+00:00,255.6062
2015-03-19 00:00:00+00:00,260.0037
2015-03-20 00:00:00+00:00,260.9075
2015-03-21 00:00:00+00:00,259.4899
2015-03-22 00:00:00+00:00,267.7980999999999
2015-03-23 00:00:00+00:00,266.0272
2015-03-24 00:00:00+00:00,245.1679
2015-03-25 00:00:00+00:00,246.2715
2015-03-26 00:00:00+00:00,247.5595
2015-03-27 00:00:00+00:00,247.1476
2015-03-28 00:00:00+00:00,252.0497
2015-03-29 00:00:00+00:00,241.9136999999999
2015-03-30 00:00:00+00:00,246.5418
2015-03-31 00:00:00+00:00,243.2692000000001
2015-04-01 00:00:00+00:00,246.7755
2015-04-02 00:00:00+00:00,252.341
2015-04-03 00:00:00+00:00,253.6226999999999
2015-04-04 00:00:00+00:00,253.3213
2015-04-05 00:00:00+00:00,259.7117999999999
2015-04-06 00:00:00+00:00,255.4233
2015-04-07 00:00:00+00:00,253.2085
2015-04-08 00:00:00+00:00,244.2709
2015-04-09 00:00:00+00:00,243.2006548544864
2015-04-10 00:00:00+00:00,234.5253
2015-04-11 00:00:00+00:00,236.4501
2015-04-12 00:00:00+00:00,235.7386
2015-04-13 00:00:00+00:00,223.9464
2015-04-14 00:00:00+00:00,217.9995
2015-04-15 00:00:00+00:00,223.0161
2015-04-16 00:00:00+00:00,227.9995
2015-04-17 00:00:00+00:00,222.4171382852381
2015-04-18 00:00:00+00:00,222.9536999999999
2015-04-19 00:00:00+00:00,222.6812
2015-04-20 00:00:00+00:00,224.3086
2015-04-21 00:00:00+00:00,234.6867000000001
2015-04-22 00:00:00+00:00,233.7807
2015-04-23 00:00:00+00:00,235.1735
2015-04-24 00:00:00+00:00,230.9863
2015-04-25 00:00:00+00:00,225.9568
2015-04-26 00:00:00+00:00,218.5065
2015-04-27 00:00:00+00:00,228.5712
2015-04-28 00:00:00+00:00,225.6422999999999
2015-04-29 00:00:00+00:00,225.9978
2015-04-30 00:00:00+00:00,236.2208
2015-05-01 00:00:00+00:00,232.7402999999999
2015-05-02 00:00:00+00:00,235.1563
2015-05-03 00:00:00+00:00,239.882
2015-05-04 00:00:00+00:00,238.9705999999999
2015-05-05 00:00:00+00:00,236.0015000000001
2015-05-06 00:00:00+00:00,229.8152
2015-05-07 00:00:00+00:00,236.8450000000001
2015-05-08 00:00:00+00:00,243.657
2015-05-09 00:00:00+00:00,241.5321
2015-05-10 00:00:00+00:00,239.5548
2015-05-11 00:00:00+00:00,241.8506
2015-05-12 00:00:00+00:00,241.5189000000001
2015-05-13 00:00:00+00:00,235.4793
2015-05-14 00:00:00+00:00,236.704
2015-05-15 00:00:00+00:00,236.9908
2015-05-16 00:00:00+00:00,235.9781
2015-05-17 00:00:00+00:00,236.0847
2015-05-18 00:00:00+00:00,232.4757
2015-05-19 00:00:00+00:00,231.9446000000001
2015-05-20 00:00:00+00:00,234.048
2015-05-21 00:00:00+00:00,235.4204999999999
2015-05-22 00:00:00+00:00,240.9352
2015-05-23 00:00:00+00:00,239.0329940983288
2015-05-24 00:00:00+00:00,241.2417000000001
2015-05-25 00:00:00+00:00,237.441
2015-05-26 00:00:00+00:00,237.4971
2015-05-27 00:00:00+00:00,237.2305
2015-05-28 00:00:00+00:00,237.4891000000001
2015-05-29 00:00:00+00:00,237.0714
2015-05-30 00:00:00+00:00,233.4572
2015-05-31 00:00:00+00:00,229.6785
2015-06-01 00:00:00+00:00,223.3178
2015-06-02 00:00:00+00:00,225.7387
2015-06-03 00:00:00+00:00,225.4831
2015-06-04 00:00:00+00:00,224.1748
2015-06-05 00:00:00+00:00,224.7413
2015-06-06 00:00:00+00:00,225.2889
2015-06-07 00:00:00+00:00,223.6157
2015-06-08 00:00:00+00:00,228.7013000000001
2015-06-09 00:00:00+00:00,229.5263999999999
2015-06-10 00:00:00+00:00,229.0022
2015-06-11 00:00:00+00:00,229.9343000000001
2015-06-12 00:00:00+00:00,230.5181
2015-06-13 00:00:00+00:00,232.6301
2015-06-14 00:00:00+00:00,233.6681
2015-06-15 00:00:00+00:00,237.2013
2015-06-16 00:00:00+00:00,250.4743
2015-06-17 00:00:00+00:00,247.6944000000001
2015-06-18 00:00:00+00:00,248.5519999999999
2015-06-19 00:00:00+00:00,242.9967
2015-06-20 00:00:00+00:00,245.4754
2015-06-21 00:00:00+00:00,243.9959
2015-06-22 00:00:00+00:00,247.2790000000001
2015-06-23 00:00:00+00:00,243.8486
2015-06-24 00:00:00+00:00,240.5377000000001
2015-06-25 00:00:00+00:00,242.4769
2015-06-26 00:00:00+00:00,242.4819
2015-06-27 00:00:00+00:00,250.621
2015-06-28 00:00:00+00:00,248.3451
2015-06-29 00:00:00+00:00,256.3038739667178
2015-06-30 00:00:00+00:00,262.4063254601778
2015-07-01 00:00:00+00:00,257.5058
2015-07-02 00:00:00+00:00,254.6537509187558
2015-07-03 00:00:00+00:00,255.161
2015-07-04 00:00:00+00:00,260.415
2015-07-05 00:00:00+00:00,271.0401208003443
2015-07-06 00:00:00+00:00,268.595
2015-07-07 00:00:00+00:00,265.3844519614875
2015-07-08 00:00:00+00:00,269.6130164214266
2015-07-09 00:00:00+00:00,268.8928000000001
2015-07-10 00:00:00+00:00,285.0223
2015-07-11 00:00:00+00:00,291.8907431569518
2015-07-12 00:00:00+00:00,310.1915636277567
2015-07-13 00:00:00+00:00,290.6655
2015-07-14 00:00:00+00:00,286.6653999999999
2015-07-15 00:00:00+00:00,283.9491880809251
2015-07-16 00:00:00+00:00,276.6800999999999
2015-07-17 00:00:00+00:00,278.3728
2015-07-18 00:00:00+00:00,274.4838999999999
2015-07-19 00:00:00+00:00,272.806179588859
2015-07-20 00:00:00+00:00,277.2454
2015-07-21 00:00:00+00:00,274.9428876558478
2015-07-22 00:00:00+00:00,276.1756000000001
2015-07-23 00:00:00+00:00,275.6135
2015-07-24 00:00:00+00:00,288.4447167883336
2015-07-25 00:00:00+00:00,288.3881586253327
2015-07-26 00:00:00+00:00,291.7037645294952
2015-07-27 00:00:00+00:00,292.6148
2015-07-28 00:00:00+00:00,293.9933
2015-07-29 00:00:00+00:00,288.7194990885924
2015-07-30 00:00:00+00:00,286.8366
2015-07-31 00:00:00+00:00,283.6760591480217
2015-08-01 00:00:00+00:00,280.7014
2015-08-02 00:00:00+00:00,281.7267
2015-08-03 00:00:00+00:00,281.829870770124
2015-08-04 00:00:00+00:00,284.2393
2015-08-05 00:00:00+00:00,281.4010623650275
2015-08-06 00:00:00+00:00,278.0134
2015-08-07 00:00:00+00:00,278.5088137572824
2015-08-08 00:00:00+00:00,259.8007283854695
2015-08-09 00:00:00+00:00,264.3384833893257
2015-08-10 00:00:00+00:00,263.5782
2015-08-11 00:00:00+00:00,269.8668
2015-08-12 00:00:00+00:00,267.7126
2015-08-13 00:00:00+00:00,263.6558186169038
2015-08-14 00:00:00+00:00,265.1281000000001
2015-08-15 00:00:00+00:00,260.4762322897643
2015-08-16 00:00:00+00:00,257.8158000000001
2015-08-17 00:00:00+00:00,257.0634000000001
2015-08-18 00:00:00+00:00,253.0766
2015-08-19 00:00:00+00:00,225.9602
2015-08-20 00:00:00+00:00,234.6379
2015-08-21 00:00:00+00:00,232.3324000000001
2015-08-22 00:00:00+00:00,229.1488
2015-08-23 00:00:00+00:00,227.2453999999999
2015-08-24 00:00:00+00:00,210.0943850637937
2015-08-25 00:00:00+00:00,221.3282999999999
2015-08-26 00:00:00+00:00,225.2666000000001
2015-08-27 00:00:00+00:00,222.9704
2015-08-28 00:00:00+00:00,231.6583
2015-08-29 00:00:00+00:00,228.4683
2015-08-30 00:00:00+00:00,228.0672
2015-08-31 00:00:00+00:00,230.0781
2015-09-01 00:00:00+00:00,227.1631
2015-09-02 00:00:00+00:00,228.6427999999999
2015-09-03 00:00:00+00:00,226.5658
2015-09-04 00:00:00+00:00,230.0509
2015-09-05 00:00:00+00:00,234.7495
2015-09-06 00:00:00+00:00,239.1288999999999
2015-09-07 00:00:00+00:00,240.503
2015-09-08 00:00:00+00:00,243.5587
2015-09-09 00:00:00+00:00,237.9452
2015-09-10 00:00:00+00:00,238.7763
2015-09-11 00:00:00+00:00,240.0007956438866
2015-09-12 00:00:00+00:00,234.9098
2015-09-13 00:00:00+00:00,230.5048000000001
2015-09-14 00:00:00+00:00,230.21
2015-09-15 00:00:00+00:00,229.9118
2015-09-16 00:00:00+00:00,228.4640000000001
2015-09-17 00:00:00+00:00,232.746
2015-09-18 00:00:00+00:00,232.354
2015-09-19 00:00:00+00:00,231.2732999999999
2015-09-20 00:00:00+00:00,230.6597
2015-09-21 00:00:00+00:00,226.4528
2015-09-22 00:00:00+00:00,229.8831
2015-09-23 00:00:00+00:00,229.8658
2015-09-24 00:00:00+00:00,233.9255
2015-09-25 00:00:00+00:00,234.9767
2015-09-26 00:00:00+00:00,234.5278999999999
2015-09-27 00:00:00+00:00,232.8346999999999
2015-09-28 00:00:00+00:00,239.2765
2015-09-29 00:00:00+00:00,237.2262
2015-09-30 00:00:00+00:00,236.0463
2015-10-01 00:00:00+00:00,237.7358
2015-10-02 00:00:00+00:00,237.2592999999999
2015-10-03 00:00:00+00:00,238.9718
2015-10-04 00:00:00+00:00,238.6566
2015-10-05 00:00:00+00:00,240.3238
2015-10-06 00:00:00+00:00,246.444
2015-10-07 00:00:00+00:00,243.2229000000001
2015-10-08 00:00:00+00:00,242.9008
2015-10-09 00:00:00+00:00,244.2051
2015-10-10 00:00:00+00:00,245.3209
2015-10-11 00:00:00+00:00,247.5392
2015-10-12 00:00:00+00:00,245.5661
2015-10-13 00:00:00+00:00,249.4051
2015-10-14 00:00:00+00:00,252.6956
2015-10-15 00:00:00+00:00,254.6295530746221
2015-10-16 00:00:00+00:00,262.3735
2015-10-17 00:00:00+00:00,270.3646
2015-10-18 00:00:00+00:00,262.2345
2015-10-19 00:00:00+00:00,264.2094
2015-10-20 00:00:00+00:00,270.2663999999999
2015-10-21 00:00:00+00:00,267.0187
2015-10-22 00:00:00+00:00,273.5729999999999
2015-10-23 00:00:00+00:00,277.3883999999999
2015-10-24 00:00:00+00:00,282.9566
2015-10-25 00:00:00+00:00,284.749
2015-10-26 00:00:00+00:00,285.5159
2015-10-27 00:00:00+00:00,294.8093999999999
2015-10-28 00:00:00+00:00,303.6366
2015-10-29 00:00:00+00:00,313.9073
2015-10-30 00:00:00+00:00,325.8005999999999
2015-10-31 00:00:00+00:00,312.2783
2015-11-01 00:00:00+00:00,324.9970999999999
2015-11-02 00:00:00+00:00,350.7678
2015-11-03 00:00:00+00:00,398.2369
2015-11-04 00:00:00+00:00,404.3588
2015-11-05 00:00:00+00:00,387.473
2015-11-06 00:00:00+00:00,372.8260000000001
2015-11-07 00:00:00+00:00,387.0599999999999
2015-11-08 00:00:00+00:00,371.5020000000001
2015-11-09 00:00:00+00:00,380.6439999999999
2015-11-10 00:00:00+00:00,336.8729999999999
2015-11-11 00:00:00+00:00,305.9829999999999
2015-11-12 00:00:00+00:00,337.955
2015-11-13 00:00:00+00:00,337.372
2015-11-14 00:00:00+00:00,331.501
2015-11-15 00:00:00+00:00,320.484
2015-11-16 00:00:00+00:00,331.353
2015-11-17 00:00:00+00:00,335.111
2015-11-18 00:00:00+00:00,335.447
2015-11-19 00:00:00+00:00,325.5680000000001
2015-11-20 00:00:00+00:00,321.417
2015-11-21 00:00:00+00:00,325.159
2015-11-22 00:00:00+00:00,323.395
2015-11-23 00:00:00+00:00,322.8290000000001
2015-11-24 00:00:00+00:00,319.9789999999999
2015-11-25 00:00:00+00:00,328.1689999999999
2015-11-26 00:00:00+00:00,356.245
2015-11-27 00:00:00+00:00,359.011
2015-11-28 00:00:00+00:00,356.212
2015-11-29 00:00:00+00:00,371.4880000000001
2015-11-30 00:00:00+00:00,378.265
2015-12-01 00:00:00+00:00,363.4499999999999
2015-12-02 00:00:00+00:00,358.8199999999999
2015-12-03 00:00:00+00:00,360.954
2015-12-04 00:00:00+00:00,362.7669999999999
2015-12-05 00:00:00+00:00,390.645
2015-12-06 00:00:00+00:00,394.0109999999999
2015-12-07 00:00:00+00:00,394.355
2015-12-08 00:00:00+00:00,412.9300000000001
2015-12-09 00:00:00+00:00,417.3679999999999
2015-12-10 00:00:00+00:00,416.91
2015-12-11 00:00:00+00:00,452.4149999999999
2015-12-12 00:00:00+00:00,434.903
2015-12-13 00:00:00+00:00,435.8150000000001
2015-12-14 00:00:00+00:00,443.277
2015-12-15 00:00:00+00:00,464.9989999999999
2015-12-16 00:00:00+00:00,453.9139999999999
2015-12-17 00:00:00+00:00,456.473
2015-12-18 00:00:00+00:00,463.816
2015-12-19 00:00:00+00:00,462.0529999999999
2015-12-20 00:00:00+00:00,441.1289999999999
2015-12-21 00:00:00+00:00,437.8090000000001
2015-12-22 00:00:00+00:00,436.2370000000001
2015-12-23 00:00:00+00:00,442.821
2015-12-24 00:00:00+00:00,454.907
2015-12-25 00:00:00+00:00,455.7419999999999
2015-12-26 00:00:00+00:00,417.092
2015-12-27 00:00:00+00:00,423.925
2015-12-28 00:00:00+00:00,420.708
2015-12-29 00:00:00+00:00,432.1540000000001
2015-12-30 00:00:00+00:00,426.811
2015-12-31 00:00:00+00:00,431.139
2016-01-01 00:00:00+00:00,434.4269999999999
2016-01-02 00:00:00+00:00,434.3260000000001
2016-01-03 00:00:00+00:00,430.198
2016-01-04 00:00:00+00:00,433.5339999999999
2016-01-05 00:00:00+00:00,432.115
2016-01-06 00:00:00+00:00,431.3430000000001
2016-01-07 00:00:00+00:00,456.434
2016-01-08 00:00:00+00:00,454.6963000000001
2016-01-09 00:00:00+00:00,448.7090000000001
2016-01-10 00:00:00+00:00,447.2069999999999
2016-01-11 00:00:00+00:00,448.3490000000001
2016-01-12 00:00:00+00:00,445.792
2016-01-13 00:00:00+00:00,432.1200000000001
2016-01-14 00:00:00+00:00,429.2429999999999
2016-01-15 00:00:00+00:00,365.912
2016-01-16 00:00:00+00:00,384.813
2016-01-17 00:00:00+00:00,386.3560000000001
2016-01-18 00:00:00+00:00,385.1320000000001
2016-01-19 00:00:00+00:00,379.015
2016-01-20 00:00:00+00:00,418.848
2016-01-21 00:00:00+00:00,407.8150000000002
2016-01-22 00:00:00+00:00,377.2100000000001
2016-01-23 00:00:00+00:00,389.6409999999999
2016-01-24 00:00:00+00:00,403.0559999999999
2016-01-25 00:00:00+00:00,392.3260000000001
2016-01-26 00:00:00+00:00,392.4559999999998
2016-01-27 00:00:00+00:00,394.491
2016-01-28 00:00:00+00:00,379.5519999999999
2016-01-29 00:00:00+00:00,378.912
2016-01-30 00:00:00+00:00,376.921
2016-01-31 00:00:00+00:00,364.352
2016-02-01 00:00:00+00:00,371.041
2016-02-02 00:00:00+00:00,372.8679999999999
2016-02-03 00:00:00+00:00,368.124
2016-02-04 00:00:00+00:00,388.3759999999999
2016-02-05 00:00:00+00:00,385.7330000000001
2016-02-06 00:00:00+00:00,374.9049999999999
2016-02-07 00:00:00+00:00,375.5170000000002
2016-02-08 00:00:00+00:00,371.1359999999999
2016-02-09 00:00:00+00:00,373.909
2016-02-10 00:00:00+00:00,379.829
2016-02-11 00:00:00+00:00,377.058
2016-02-12 00:00:00+00:00,382.72
2016-02-13 00:00:00+00:00,390.4240000000001
2016-02-14 00:00:00+00:00,404.1440000000001
2016-02-15 00:00:00+00:00,399.379
2016-02-16 00:00:00+00:00,407.0129999999998
2016-02-17 00:00:00+00:00,416.8499999999999
2016-02-18 00:00:00+00:00,421.4220000000001
2016-02-19 00:00:00+00:00,419.377
2016-02-20 00:00:00+00:00,441.1199999999998
2016-02-21 00:00:00+00:00,438.6499999999999
2016-02-22 00:00:00+00:00,437.8029999999999
2016-02-23 00:00:00+00:00,420.3020000000001
2016-02-24 00:00:00+00:00,423.1870000000001
2016-02-25 00:00:00+00:00,423.142
2016-02-26 00:00:00+00:00,427.029
2016-02-27 00:00:00+00:00,432.1390000000001
2016-02-28 00:00:00+00:00,432.7970000000001
2016-02-29 00:00:00+00:00,436.919
2016-03-01 00:00:00+00:00,431.371
2016-03-02 00:00:00+00:00,424.485
2016-03-03 00:00:00+00:00,420.1709999999999
2016-03-04 00:00:00+00:00,409.408
2016-03-05 00:00:00+00:00,397.2410000000001
2016-03-06 00:00:00+00:00,404.912
2016-03-07 00:00:00+00:00,413.74
2016-03-08 00:00:00+00:00,411.8770000000001
2016-03-09 00:00:00+00:00,412.3190000000001
2016-03-10 00:00:00+00:00,416.2920000000001
2016-03-11 00:00:00+00:00,419.299
2016-03-12 00:00:00+00:00,410.8010000000001
2016-03-13 00:00:00+00:00,412.4949999999999
2016-03-14 00:00:00+00:00,414.585
2016-03-15 00:00:00+00:00,415.6410000000001
2016-03-16 00:00:00+00:00,416.5440000000001
2016-03-17 00:00:00+00:00,418.4000000000001
2016-03-18 00:00:00+00:00,408.28
2016-03-19 00:00:00+00:00,406.7389999999999
2016-03-20 00:00:00+00:00,411.8820000000001
2016-03-21 00:00:00+00:00,411.091
2016-03-22 00:00:00+00:00,416.36
2016-03-23 00:00:00+00:00,418.076
2016-03-24 00:00:00+00:00,414.8829999999999
2016-03-25 00:00:00+00:00,415.743
2016-03-26 00:00:00+00:00,416.7149999999999
2016-03-27 00:00:00+00:00,425.349
2016-03-28 00:00:00+00:00,422.756
2016-03-29 00:00:00+00:00,415.5470000000001
2016-03-30 00:00:00+00:00,412.597
2016-03-31 00:00:00+00:00,415.366
2016-04-01 00:00:00+00:00,416.754
2016-04-02 00:00:00+00:00,419.6700000000001
2016-04-03 00:00:00+00:00,418.1850000000001
2016-04-04 00:00:00+00:00,419.437
2016-04-05 00:00:00+00:00,422.651
2016-04-06 00:00:00+00:00,421.656
2016-04-07 00:00:00+00:00,421.076
2016-04-08 00:00:00+00:00,418.4740000000001
2016-04-09 00:00:00+00:00,416.145
2016-04-10 00:00:00+00:00,421.133
2016-04-11 00:00:00+00:00,422.5840000000001
2016-04-12 00:00:00+00:00,426.181
2016-04-13 00:00:00+00:00,424.26900000000006
2016-04-14 00:00:00+00:00,424.932
2016-04-15 00:00:00+00:00,429.966
2016-04-16 00:00:00+00:00,430.941
2016-04-17 00:00:00+00:00,428.027
2016-04-18 00:00:00+00:00,428.5059999999998
2016-04-19 00:00:00+00:00,436.37
2016-04-20 00:00:00+00:00,441.916
2016-04-21 00:00:00+00:00,451.0830000000002
2016-04-22 00:00:00+00:00,447.488
2016-04-23 00:00:00+00:00,451.818
2016-04-24 00:00:00+00:00,459.9229999999999
2016-04-25 00:00:00+00:00,460.4659999999999
2016-04-26 00:00:00+00:00,467.8559999999999
2016-04-27 00:00:00+00:00,444.789
2016-04-28 00:00:00+00:00,449.3809999999999
2016-04-29 00:00:00+00:00,456.5660000000001
2016-04-30 00:00:00+00:00,447.9029999999999
2016-05-01 00:00:00+00:00,452.592
2016-05-02 00:00:00+00:00,444.488
2016-05-03 00:00:00+00:00,450.3
2016-05-04 00:00:00+00:00,447.119
2016-05-05 00:00:00+00:00,448.9219999999999
2016-05-06 00:00:00+00:00,461.6200000000001
2016-05-07 00:00:00+00:00,459.2479999999998
2016-05-08 00:00:00+00:00,459.283
2016-05-09 00:00:00+00:00,461.74700000000007
2016-05-10 00:00:00+00:00,450.3259999999999
2016-05-11 00:00:00+00:00,452.179
2016-05-12 00:00:00+00:00,454.7310000000001
2016-05-13 00:00:00+00:00,456.0070000000001
2016-05-14 00:00:00+00:00,455.5030000000001
2016-05-15 00:00:00+00:00,457.837
2016-05-16 00:00:00+00:00,454.893
2016-05-17 00:00:00+00:00,452.422
2016-05-18 00:00:00+00:00,453.3710000000001
2016-05-19 00:00:00+00:00,440.5389999999998
2016-05-20 00:00:00+00:00,441.888
2016-05-21 00:00:00+00:00,443.1469999999999
2016-05-22 00:00:00+00:00,438.6750000000001
2016-05-23 00:00:00+00:00,443.175
2016-05-24 00:00:00+00:00,445.769
2016-05-25 00:00:00+00:00,449.0549999999999
2016-05-26 00:00:00+00:00,453.732
2016-05-27 00:00:00+00:00,473.8640000000001
2016-05-28 00:00:00+00:00,528.545
2016-05-29 00:00:00+00:00,524.624
2016-05-30 00:00:00+00:00,534.2240000000002
2016-05-31 00:00:00+00:00,531.4070000000002
2016-06-01 00:00:00+00:00,539.1679999999999
2016-06-02 00:00:00+00:00,538.832
2016-06-03 00:00:00+00:00,570.4449999999999
2016-06-04 00:00:00+00:00,573.5259999999998
2016-06-05 00:00:00+00:00,574.4756747207706
2016-06-06 00:00:00+00:00,585.563
2016-06-07 00:00:00+00:00,577.9106942699359
2016-06-08 00:00:00+00:00,583.1389999999999
2016-06-09 00:00:00+00:00,577.607
2016-06-10 00:00:00+00:00,579.2276478801407
2016-06-11 00:00:00+00:00,597.746561993518
2016-06-12 00:00:00+00:00,671.7122784950529
2016-06-13 00:00:00+00:00,704.2918521711082
2016-06-14 00:00:00+00:00,685.932131564762
2016-06-15 00:00:00+00:00,693.2269999999999
2016-06-16 00:00:00+00:00,765.4629999999999
2016-06-17 00:00:00+00:00,749.4189999999999
2016-06-18 00:00:00+00:00,756.7996012580627
2016-06-19 00:00:00+00:00,764.0459999999999
2016-06-20 00:00:00+00:00,734.1617358035669
2016-06-21 00:00:00+00:00,664.9965293554344
2016-06-22 00:00:00+00:00,591.895
2016-06-23 00:00:00+00:00,623.2062563646158
2016-06-24 00:00:00+00:00,661.4166051593036
2016-06-25 00:00:00+00:00,666.0566978558096
2016-06-26 00:00:00+00:00,629.3059999999999
2016-06-27 00:00:00+00:00,648.2999999999998
2016-06-28 00:00:00+00:00,646.8429999999997
2016-06-29 00:00:00+00:00,637.437
2016-06-30 00:00:00+00:00,671.6159999999998
2016-07-01 00:00:00+00:00,677.7099999999999
2016-07-02 00:00:00+00:00,693.0470000000001
2016-07-03 00:00:00+00:00,664.7451003433932
2016-07-04 00:00:00+00:00,678.7005716794641
2016-07-05 00:00:00+00:00,667.5305180233454
2016-07-06 00:00:00+00:00,675.9190000000001
2016-07-07 00:00:00+00:00,638.6200000000001
2016-07-08 00:00:00+00:00,665.744506272113
2016-07-09 00:00:00+00:00,653.8705124993986
2016-07-10 00:00:00+00:00,650.3210000000003
2016-07-11 00:00:00+00:00,649.07
2016-07-12 00:00:00+00:00,670.9480000000001
2016-07-13 00:00:00+00:00,658.1500000000001
2016-07-14 00:00:00+00:00,659.5760000000002
2016-07-15 00:00:00+00:00,665.6869915031888
2016-07-16 00:00:00+00:00,663.5010000000002
2016-07-17 00:00:00+00:00,678.3905582459545
2016-07-18 00:00:00+00:00,674.7874378266207
2016-07-19 00:00:00+00:00,674.5573889807015
2016-07-20 00:00:00+00:00,670.8934740599931
2016-07-21 00:00:00+00:00,665.3643845142738
2016-07-22 00:00:00+00:00,651.0899999999999
2016-07-23 00:00:00+00:00,655.4230000000001
2016-07-24 00:00:00+00:00,660.848923533057
2016-07-25 00:00:00+00:00,654.5186383481073
2016-07-26 00:00:00+00:00,651.3099999999998
2016-07-27 00:00:00+00:00,655.618263277738
2016-07-28 00:00:00+00:00,655.8904301748952
2016-07-29 00:00:00+00:00,657.3423791946653
2016-07-30 00:00:00+00:00,654.5489803055398
2016-07-31 00:00:00+00:00,623.7457712533022
2016-08-01 00:00:00+00:00,605.7469999999995
2016-08-02 00:00:00+00:00,517.1349294487607
2016-08-03 00:00:00+00:00,567.3810616156014
2016-08-04 00:00:00+00:00,576.6037067248545
2016-08-05 00:00:00+00:00,576.0338000000002
2016-08-06 00:00:00+00:00,587.6349999999999
2016-08-07 00:00:00+00:00,592.6675
2016-08-08 00:00:00+00:00,590.7125
2016-08-09 00:00:00+00:00,585.3024999999998
2016-08-10 00:00:00+00:00,592.266843297098
2016-08-11 00:00:00+00:00,587.6138000000002
2016-08-12 00:00:00+00:00,586.5299999999999
2016-08-13 00:00:00+00:00,584.4688683346069
2016-08-14 00:00:00+00:00,570.7366999999999
2016-08-15 00:00:00+00:00,567.7342836594349
2016-08-16 00:00:00+00:00,578.2231511023564
2016-08-17 00:00:00+00:00,571.461914957742
2016-08-18 00:00:00+00:00,572.2684198487193
2016-08-19 00:00:00+00:00,573.4919906794345
2016-08-20 00:00:00+00:00,581.9462730812136
2016-08-21 00:00:00+00:00,580.5870271371734
2016-08-22 00:00:00+00:00,585.2175000000001
2016-08-23 00:00:00+00:00,582.0038
2016-08-24 00:00:00+00:00,577.8880531621712
2016-08-25 00:00:00+00:00,576.1163000000001
2016-08-26 00:00:00+00:00,578.1037999999998
2016-08-27 00:00:00+00:00,568.5750000000002
2016-08-28 00:00:00+00:00,573.5288
2016-08-29 00:00:00+00:00,572.5102283617088
2016-08-30 00:00:00+00:00,576.08
2016-08-31 00:00:00+00:00,571.7582826763035
2016-09-01 00:00:00+00:00,571.59
2016-09-02 00:00:00+00:00,573.9624999999999
2016-09-03 00:00:00+00:00,596.1950000000002
2016-09-04 00:00:00+00:00,608.6887999999999
2016-09-05 00:00:00+00:00,606.6438
2016-09-06 00:00:00+00:00,610.6837999999999
2016-09-07 00:00:00+00:00,614.3264885962195
2016-09-08 00:00:00+00:00,625.4675000000001
2016-09-09 00:00:00+00:00,621.9124999999999
2016-09-10 00:00:00+00:00,623.0588000000001
2016-09-11 00:00:00+00:00,605.3154151790802
2016-09-12 00:00:00+00:00,605.8312052420321
2016-09-13 00:00:00+00:00,606.6450000000001
2016-09-14 00:00:00+00:00,608.4250000000002
2016-09-15 00:00:00+00:00,605.5838000000001
2016-09-16 00:00:00+00:00,606.5533658936915
2016-09-17 00:00:00+00:00,605.3438
2016-09-18 00:00:00+00:00,608.7950000000002
2016-09-19 00:00:00+00:00,608.6176342973245
2016-09-20 00:00:00+00:00,607.7688125632665
2016-09-21 00:00:00+00:00,595.8402492264345
2016-09-22 00:00:00+00:00,594.9587999999999
2016-09-23 00:00:00+00:00,601.8925
2016-09-24 00:00:00+00:00,601.2725000000003
2016-09-25 00:00:00+00:00,599.3112999999997
2016-09-26 00:00:00+00:00,606.0970645363005
2016-09-27 00:00:00+00:00,604.2074999999999
2016-09-28 00:00:00+00:00,603.5549999999997
2016-09-29 00:00:00+00:00,604.6375
2016-09-30 00:00:00+00:00,608.2575
2016-10-01 00:00:00+00:00,614.0598845176643
2016-10-02 00:00:00+00:00,610.3588000000001
2016-10-03 00:00:00+00:00,611.9609026561799
2016-10-04 00:00:00+00:00,609.2425
2016-10-05 00:00:00+00:00,611.6363
2016-10-06 00:00:00+00:00,610.9800000000001
2016-10-07 00:00:00+00:00,616.2188000000002
2016-10-08 00:00:00+00:00,616.5338
2016-10-09 00:00:00+00:00,614.6238000000001
2016-10-10 00:00:00+00:00,614.3138
2016-10-11 00:00:00+00:00,640.7
2016-10-12 00:00:00+00:00,635.6163
2016-10-13 00:00:00+00:00,634.6223388041233
2016-10-14 00:00:00+00:00,638.1799999999996
2016-10-15 00:00:00+00:00,637.2088
2016-10-16 00:00:00+00:00,640.1862999999997
2016-10-17 00:00:00+00:00,637.4825000000001
2016-10-18 00:00:00+00:00,635.465
2016-10-19 00:00:00+00:00,628.4375
2016-10-20 00:00:00+00:00,628.5425
2016-10-21 00:00:00+00:00,629.7187999999995
2016-10-22 00:00:00+00:00,652.0875
2016-10-23 00:00:00+00:00,649.6263000000002
2016-10-24 00:00:00+00:00,648.7663
2016-10-25 00:00:00+00:00,652.6338
2016-10-26 00:00:00+00:00,673.4175000000001
2016-10-27 00:00:00+00:00,683.3724999999998
2016-10-28 00:00:00+00:00,687.5587999999999
2016-10-29 00:00:00+00:00,715.4103243232163
2016-10-30 00:00:00+00:00,697.2773624560577
2016-10-31 00:00:00+00:00,698.5762999999998
2016-11-01 00:00:00+00:00,729.2049999999999
2016-11-02 00:00:00+00:00,734.1638
2016-11-03 00:00:00+00:00,686.0612999999995
2016-11-04 00:00:00+00:00,702.11
2016-11-05 00:00:00+00:00,704.0224999999997
2016-11-06 00:00:00+00:00,712.1263000000001
2016-11-07 00:00:00+00:00,706.0925
2016-11-08 00:00:00+00:00,708.9399999999999
2016-11-09 00:00:00+00:00,721.1774999999999
2016-11-10 00:00:00+00:00,713.2141433353438
2016-11-11 00:00:00+00:00,715.6425000000002
2016-11-12 00:00:00+00:00,703.76
2016-11-13 00:00:00+00:00,702.3463169808624
2016-11-14 00:00:00+00:00,705.55
2016-11-15 00:00:00+00:00,712.158899800779
2016-11-16 00:00:00+00:00,740.8993548679168
2016-11-17 00:00:00+00:00,738.4799999999999
2016-11-18 00:00:00+00:00,748.4263
2016-11-19 00:00:00+00:00,750.4100480749124
2016-11-20 00:00:00+00:00,728.3713
2016-11-21 00:00:00+00:00,736.5049999999998
2016-11-22 00:00:00+00:00,748.1225
2016-11-23 00:00:00+00:00,741.1662465178737
2016-11-24 00:00:00+00:00,736.7486937230678
2016-11-25 00:00:00+00:00,738.2039432073005
2016-11-26 00:00:00+00:00,732.7338000000001
2016-11-27 00:00:00+00:00,727.7574999999999
2016-11-28 00:00:00+00:00,731.8424613583487
2016-11-29 00:00:00+00:00,731.81
2016-11-30 00:00:00+00:00,742.3587999999997
2016-12-01 00:00:00+00:00,753.0550000000001
2016-12-02 00:00:00+00:00,771.1713
2016-12-03 00:00:00+00:00,764.8338233239153
2016-12-04 00:00:00+00:00,766.3687999999997
2016-12-05 00:00:00+00:00,752.2399999999997
2016-12-06 00:00:00+00:00,758.6924999999999
2016-12-07 00:00:00+00:00,763.9149999999998
2016-12-08 00:00:00+00:00,768.6749999999998
2016-12-09 00:00:00+00:00,769.8412999999998
2016-12-10 00:00:00+00:00,773.1262933845235
2016-12-11 00:00:00+00:00,768.2324999999998
2016-12-12 00:00:00+00:00,778.4323012225746
2016-12-13 00:00:00+00:00,778.2150000000004
2016-12-14 00:00:00+00:00,775.8913000000002
2016-12-15 00:00:00+00:00,775.5724999999998
2016-12-16 00:00:00+00:00,781.3375000000001
2016-12-17 00:00:00+00:00,788.8774999999998
2016-12-18 00:00:00+00:00,788.4413000000003
2016-12-19 00:00:00+00:00,790.1162999999996
2016-12-20 00:00:00+00:00,799.7212999999999
2016-12-21 00:00:00+00:00,826.6207679031857
2016-12-22 00:00:00+00:00,859.3662999999999
2016-12-23 00:00:00+00:00,917.0988
2016-12-24 00:00:00+00:00,891.6813
2016-12-25 00:00:00+00:00,894.3371331688621
2016-12-26 00:00:00+00:00,902.6063
2016-12-27 00:00:00+00:00,929.115
2016-12-28 00:00:00+00:00,977.14
2016-12-29 00:00:00+00:00,971.7212999999998
2016-12-30 00:00:00+00:00,960.925
2016-12-31 00:00:00+00:00,966.5689708732556
2017-01-01 00:00:00+00:00,998.05
2017-01-02 00:00:00+00:00,1019.1988
2017-01-03 00:00:00+00:00,1035.5313
2017-01-04 00:00:00+00:00,1130.8495163207272
2017-01-05 00:00:00+00:00,990.6674999999996
2017-01-06 00:00:00+00:00,894.0325
2017-01-07 00:00:00+00:00,900.0787999999999
2017-01-08 00:00:00+00:00,908.0850000000004
2017-01-09 00:00:00+00:00,901.8788880390636
2017-01-10 00:00:00+00:00,905.759462698434
2017-01-11 00:00:00+00:00,784.2775000000003
2017-01-12 00:00:00+00:00,799.4275
2017-01-13 00:00:00+00:00,824.4988000000003
2017-01-14 00:00:00+00:00,817.8250000000003
2017-01-15 00:00:00+00:00,821.9124999999998
2017-01-16 00:00:00+00:00,828.3099999999998
2017-01-17 00:00:00+00:00,904.1525000000004
2017-01-18 00:00:00+00:00,873.9349999999996
2017-01-19 00:00:00+00:00,896.89
2017-01-20 00:00:00+00:00,891.4588
2017-01-21 00:00:00+00:00,919.6775000000004
2017-01-22 00:00:00+00:00,918.7788120146554
2017-01-23 00:00:00+00:00,918.9075
2017-01-24 00:00:00+00:00,885.7887999999999
2017-01-25 00:00:00+00:00,893.4737999999999
2017-01-26 00:00:00+00:00,915.36
2017-01-27 00:00:00+00:00,918.2875
2017-01-28 00:00:00+00:00,920.245
2017-01-29 00:00:00+00:00,914.1424999999998
2017-01-30 00:00:00+00:00,920.991145882262
2017-01-31 00:00:00+00:00,968.2663
2017-02-01 00:00:00+00:00,986.5728903454352
2017-02-02 00:00:00+00:00,1008.4033182231416
2017-02-03 00:00:00+00:00,1015.4425
2017-02-04 00:00:00+00:00,1033.63
2017-02-05 00:00:00+00:00,1016.9261585954308
2017-02-06 00:00:00+00:00,1024.5110886063285
2017-02-07 00:00:00+00:00,1051.5000000000005
2017-02-08 00:00:00+00:00,1055.3013
2017-02-09 00:00:00+00:00,981.705
2017-02-10 00:00:00+00:00,992.1113
2017-02-11 00:00:00+00:00,1010.9462999999998
2017-02-12 00:00:00+00:00,1000.5237691031116
2017-02-13 00:00:00+00:00,996.1039358698114
2017-02-14 00:00:00+00:00,1010.1021618594352
2017-02-15 00:00:00+00:00,1008.8813
2017-02-16 00:00:00+00:00,1034.9038000000005
2017-02-17 00:00:00+00:00,1056.5580910529798
2017-02-18 00:00:00+00:00,1058.5809306486606
2017-02-19 00:00:00+00:00,1053.5024999999998
2017-02-20 00:00:00+00:00,1082.0168234958396
2017-02-21 00:00:00+00:00,1125.4088148356532
2017-02-22 00:00:00+00:00,1123.3049999999998
2017-02-23 00:00:00+00:00,1185.654784688768
2017-02-24 00:00:00+00:00,1180.871
2017-02-25 00:00:00+00:00,1149.4036781698385
2017-02-26 00:00:00+00:00,1180.6730000000002
2017-02-27 00:00:00+00:00,1193.129515036958
2017-02-28 00:00:00+00:00,1190.3309999999997
2017-03-01 00:00:00+00:00,1227.4771489660905
2017-03-02 00:00:00+00:00,1262.081
2017-03-03 00:00:00+00:00,1289.5406116191473
2017-03-04 00:00:00+00:00,1268.8145320151446
2017-03-05 00:00:00+00:00,1276.2330000000002
2017-03-06 00:00:00+00:00,1280.9859999999996
2017-03-07 00:00:00+00:00,1233.0565084079958
2017-03-08 00:00:00+00:00,1149.6310000000003
2017-03-09 00:00:00+00:00,1191.2367224851023
2017-03-10 00:00:00+00:00,1100.0105899712148
2017-03-11 00:00:00+00:00,1181.2041227520244
2017-03-12 00:00:00+00:00,1230.56
2017-03-13 00:00:00+00:00,1243.2649223901926
2017-03-14 00:00:00+00:00,1246.5567394807624
2017-03-15 00:00:00+00:00,1258.457
2017-03-16 00:00:00+00:00,1217.3145410078776
2017-03-17 00:00:00+00:00,1074.0938695062457
2017-03-18 00:00:00+00:00,961.962
2017-03-19 00:00:00+00:00,1023.4901008756748
2017-03-20 00:00:00+00:00,1036.3320123738729
2017-03-21 00:00:00+00:00,1112.701532272989
2017-03-22 00:00:00+00:00,1039.8401726478428
2017-03-23 00:00:00+00:00,1029.1394137431018
2017-03-24 00:00:00+00:00,940.0206265591036
2017-03-25 00:00:00+00:00,965.2650626610692
2017-03-26 00:00:00+00:00,954.4766599717784
2017-03-27 00:00:00+00:00,1042.6050726198062
2017-03-28 00:00:00+00:00,1044.7219999999998
2017-03-29 00:00:00+00:00,1038.617197616254
2017-03-30 00:00:00+00:00,1031.4929056461594
2017-03-31 00:00:00+00:00,1078.274711090609
2017-04-01 00:00:00+00:00,1085.2529999999997
2017-04-02 00:00:00+00:00,1098.0679999999998
2017-04-03 00:00:00+00:00,1139.3082754455547
2017-04-04 00:00:00+00:00,1140.4975903801685
2017-04-05 00:00:00+00:00,1132.339904992776
2017-04-06 00:00:00+00:00,1194.2109999999996
2017-04-07 00:00:00+00:00,1189.775123703212
2017-04-08 00:00:00+00:00,1182.271
2017-04-09 00:00:00+00:00,1187.6989999999998
2017-04-10 00:00:00+00:00,1210.515
2017-04-11 00:00:00+00:00,1226.618
2017-04-12 00:00:00+00:00,1218.299
2017-04-13 00:00:00+00:00,1174.209
2017-04-14 00:00:00+00:00,1183.687
2017-04-15 00:00:00+00:00,1180.323
2017-04-16 00:00:00+00:00,1186.31
2017-04-17 00:00:00+00:00,1205.143
2017-04-18 00:00:00+00:00,1217.58
2017-04-19 00:00:00+00:00,1225.721
2017-04-20 00:00:00+00:00,1253.904
2017-04-21 00:00:00+00:00,1254.9875
2017-04-22 00:00:00+00:00,1249.67
2017-04-23 00:00:00+00:00,1247.8388
2017-04-24 00:00:00+00:00,1249.9563
2017-04-25 00:00:00+00:00,1263.045
2017-04-26 00:00:00+00:00,1287.32
2017-04-27 00:00:00+00:00,1331.3125
2017-04-28 00:00:00+00:00,1321.205
2017-04-29 00:00:00+00:00,1327.6863
2017-04-30 00:00:00+00:00,1349.8863
2017-05-01 00:00:00+00:00,1408.445
2017-05-02 00:00:00+00:00,1442.245
2017-05-03 00:00:00+00:00,1485.8175
2017-05-04 00:00:00+00:00,1499.36
2017-05-05 00:00:00+00:00,1506.0438
2017-05-06 00:00:00+00:00,1547.815
2017-05-07 00:00:00+00:00,1557.8838
2017-05-08 00:00:00+00:00,1633.38
2017-05-09 00:00:00+00:00,1700.1775
2017-05-10 00:00:00+00:00,1747.3175
2017-05-11 00:00:00+00:00,1808.7788
2017-05-12 00:00:00+00:00,1700.7725
2017-05-13 00:00:00+00:00,1751.73
2017-05-14 00:00:00+00:00,1767.7088
2017-05-15 00:00:00+00:00,1696.13
2017-05-16 00:00:00+00:00,1716.315
2017-05-17 00:00:00+00:00,1804.4513
2017-05-18 00:00:00+00:00,1889.4088
2017-05-19 00:00:00+00:00,1972.9013
2017-05-20 00:00:00+00:00,2043.42
2017-05-21 00:00:00+00:00,2053.8788
2017-05-22 00:00:00+00:00,2109.3963
2017-05-23 00:00:00+00:00,2292.7025
2017-05-24 00:00:00+00:00,2448.1313
2017-05-25 00:00:00+00:00,2366.9725
2017-05-26 00:00:00+00:00,2262.36
2017-05-27 00:00:00+00:00,2082.845
2017-05-28 00:00:00+00:00,2219.4875
2017-05-29 00:00:00+00:00,2286.2663
2017-05-30 00:00:00+00:00,2167.6438
2017-05-31 00:00:00+00:00,2329.0775
2017-06-01 00:00:00+00:00,2436.0363
2017-06-02 00:00:00+00:00,2514.2275
2017-06-03 00:00:00+00:00,2562.54
2017-06-04 00:00:00+00:00,2556.405
2017-06-05 00:00:00+00:00,2721.5525
2017-06-06 00:00:00+00:00,2903.4438
2017-06-07 00:00:00+00:00,2716.0588
2017-06-08 00:00:00+00:00,2824.2038
2017-06-09 00:00:00+00:00,2817.0638
2017-06-10 00:00:00+00:00,2937.4538
2017-06-11 00:00:00+00:00,3013.7138
2017-06-12 00:00:00+00:00,2701.255
2017-06-13 00:00:00+00:00,2736.1888
2017-06-14 00:00:00+00:00,2503.40127294964
2017-06-15 00:00:00+00:00,2444.49371230854
2017-06-16 00:00:00+00:00,2513.81034764638
2017-06-17 00:00:00+00:00,2683.5713440378
2017-06-18 00:00:00+00:00,2577.21936114026
2017-06-19 00:00:00+00:00,2620.13645139993
2017-06-20 00:00:00+00:00,2777.79265567999
2017-06-21 00:00:00+00:00,2717.00310788798
2017-06-22 00:00:00+00:00,2724.91221331707
2017-06-23 00:00:00+00:00,2737.74623109829
2017-06-24 00:00:00+00:00,2618.41673570888
2017-06-25 00:00:00+00:00,2606.8632352265
2017-06-26 00:00:00+00:00,2488.19416337737
2017-06-27 00:00:00+00:00,2531.34899878484
2017-06-28 00:00:00+00:00,2575.43777025493
2017-06-29 00:00:00+00:00,2561.68143454198
2017-06-30 00:00:00+00:00,2490.75348798041
2017-07-01 00:00:00+00:00,2439.82055973389
2017-07-02 00:00:00+00:00,2518.54569431263
2017-07-03 00:00:00+00:00,2576.7146569746
2017-07-04 00:00:00+00:00,2610.99757474179
2017-07-05 00:00:00+00:00,2607.21930206989
2017-07-06 00:00:00+00:00,2612.67042830497
2017-07-07 00:00:00+00:00,2509.21820981689
2017-07-08 00:00:00+00:00,2563.19551359687
2017-07-09 00:00:00+00:00,2519.21739188349
2017-07-10 00:00:00+00:00,2363.51568155487
2017-07-11 00:00:00+00:00,2353.91066125207
2017-07-12 00:00:00+00:00,2387.32891171674
2017-07-13 00:00:00+00:00,2364.32126576467
2017-07-14 00:00:00+00:00,2228.72879099011
2017-07-15 00:00:00+00:00,2033.29108803266
2017-07-16 00:00:00+00:00,1927.09906562122
2017-07-17 00:00:00+00:00,2181.28608069932
2017-07-18 00:00:00+00:00,2303.88935545646
2017-07-19 00:00:00+00:00,2274.62136530529
2017-07-20 00:00:00+00:00,2766.82511908244
2017-07-21 00:00:00+00:00,2658.07491237597
2017-07-22 00:00:00+00:00,2802.34788667742
2017-07-23 00:00:00+00:00,2731.60400741206
2017-07-24 00:00:00+00:00,2751.3470702262
2017-07-25 00:00:00+00:00,2563.74789523364
2017-07-26 00:00:00+00:00,2507.38968460757
2017-07-27 00:00:00+00:00,2649.44120113807
2017-07-28 00:00:00+00:00,2798.82931330334
2017-07-29 00:00:00+00:00,2720.10226250836
2017-07-30 00:00:00+00:00,2740.32359181287
2017-07-31 00:00:00+00:00,2871.3680152452
2017-08-01 00:00:00+00:00,2737.76379241919
2017-08-02 00:00:00+00:00,2697.8509023017
2017-08-03 00:00:00+00:00,2777.36799394604
2017-08-04 00:00:00+00:00,2845.89716230278
2017-08-05 00:00:00+00:00,3237.07069450803
2017-08-06 00:00:00+00:00,3189.7324534615
2017-08-07 00:00:00+00:00,3356.70973808691
2017-08-08 00:00:00+00:00,3410.45008044914
2017-08-09 00:00:00+00:00,3330.89782529283
2017-08-10 00:00:00+00:00,3367.90538708821
2017-08-11 00:00:00+00:00,3562.58766284089
2017-08-12 00:00:00+00:00,3800.14062506336
2017-08-13 00:00:00+00:00,4023.25452207874
2017-08-14 00:00:00+00:00,4175.69529134641
2017-08-15 00:00:00+00:00,4149.30875941234
2017-08-16 00:00:00+00:00,4262.5587912331
2017-08-17 00:00:00+00:00,4286.91743450516
2017-08-18 00:00:00+00:00,4097.68580247375
2017-08-19 00:00:00+00:00,4115.21198836208
2017-08-20 00:00:00+00:00,4001.22863247285
2017-08-21 00:00:00+00:00,3935.22993283277
2017-08-22 00:00:00+00:00,4008.41668521521
2017-08-23 00:00:00+00:00,4069.0802390251
2017-08-24 00:00:00+00:00,4167.28917680219
2017-08-25 00:00:00+00:00,4199.89203158457
2017-08-26 00:00:00+00:00,4123.51337132546
2017-08-27 00:00:00+00:00,4116.46873916326
2017-08-28 00:00:00+00:00,4216.24277330547
2017-08-29 00:00:00+00:00,4394.06343624723
2017-08-30 00:00:00+00:00,4553.80652713686
2017-08-31 00:00:00+00:00,4702.93816308458
2017-09-01 00:00:00+00:00,4863.19304868405
2017-09-02 00:00:00+00:00,4556.5977768913
2017-09-03 00:00:00+00:00,4632.46233076675
2017-09-04 00:00:00+00:00,4317.18518771612
2017-09-05 00:00:00+00:00,4447.87559221093
2017-09-06 00:00:00+00:00,4592.25027789782
2017-09-07 00:00:00+00:00,4584.82027519271
2017-09-08 00:00:00+00:00,4285.20793872097
2017-09-09 00:00:00+00:00,4245.60734112386
2017-09-10 00:00:00+00:00,4132.6646422833
2017-09-11 00:00:00+00:00,4164.97621199409
2017-09-12 00:00:00+00:00,4130.95628475182
2017-09-13 00:00:00+00:00,3883.65200134942
2017-09-14 00:00:00+00:00,3100.66815470405
2017-09-15 00:00:00+00:00,3587.9431219159
2017-09-16 00:00:00+00:00,3606.27519721432
2017-09-17 00:00:00+00:00,3553.43231625865
2017-09-18 00:00:00+00:00,4012.28582499344
2017-09-19 00:00:00+00:00,3898.93473248234
2017-09-20 00:00:00+00:00,3858.02095060051
2017-09-21 00:00:00+00:00,3628.05858753461
2017-09-22 00:00:00+00:00,3622.1830393146
2017-09-23 00:00:00+00:00,3763.41140627887
2017-09-24 00:00:00+00:00,3672.30507973319
2017-09-25 00:00:00+00:00,3866.70515274174
2017-09-26 00:00:00+00:00,3852.93520487706
2017-09-27 00:00:00+00:00,4134.21241496119
2017-09-28 00:00:00+00:00,4134.88495085993
2017-09-29 00:00:00+00:00,4130.41524600294
2017-09-30 00:00:00+00:00,4297.79117003372
2017-10-01 00:00:00+00:00,4347.57873545332
2017-10-02 00:00:00+00:00,4383.32549736353
2017-10-03 00:00:00+00:00,4319.06921246641
2017-10-04 00:00:00+00:00,4231.46418703684
2017-10-05 00:00:00+00:00,4290.38040438142
2017-10-06 00:00:00+00:00,4347.54723950876
2017-10-07 00:00:00+00:00,4405.0162007055
2017-10-08 00:00:00+00:00,4562.32193109848
2017-10-09 00:00:00+00:00,4758.72164979337
2017-10-10 00:00:00+00:00,4769.47734676417
2017-10-11 00:00:00+00:00,4807.92589489803
2017-10-12 00:00:00+00:00,5331.61930195449
2017-10-13 00:00:00+00:00,5610.49316222874
2017-10-14 00:00:00+00:00,5679.21622165638
2017-10-15 00:00:00+00:00,5684.04710411913
2017-10-16 00:00:00+00:00,5728.93275055115
2017-10-17 00:00:00+00:00,5643.85907705172
2017-10-18 00:00:00+00:00,5592.78222421231
2017-10-19 00:00:00+00:00,5696.38014134367
2017-10-20 00:00:00+00:00,5952.7713587923
2017-10-21 00:00:00+00:00,6043.96673129542
2017-10-22 00:00:00+00:00,6003.4640189335
2017-10-23 00:00:00+00:00,5959.98304059248
2017-10-24 00:00:00+00:00,5550.08158528565
2017-10-25 00:00:00+00:00,5704.87480650775
2017-10-26 00:00:00+00:00,5883.05318447111
2017-10-27 00:00:00+00:00,5775.51666530736
2017-10-28 00:00:00+00:00,5734.30745398276
2017-10-29 00:00:00+00:00,6123.54977135535
2017-10-30 00:00:00+00:00,6104.38870915078
2017-10-31 00:00:00+00:00,6368.65164135745
2017-11-01 00:00:00+00:00,6714.78898671902
2017-11-02 00:00:00+00:00,7059.7938605488
2017-11-03 00:00:00+00:00,7234.73838202036
2017-11-04 00:00:00+00:00,7390.53522652395
2017-11-05 00:00:00+00:00,7416.26795098255
2017-11-06 00:00:00+00:00,7103.04608116249
2017-11-07 00:00:00+00:00,7166.74137167631
2017-11-08 00:00:00+00:00,7461.82443491069
2017-11-09 00:00:00+00:00,7186.29277509382
2017-11-10 00:00:00+00:00,6656.83969350681
2017-11-11 00:00:00+00:00,6365.39785208573
2017-11-12 00:00:00+00:00,5866.51312938529
2017-11-13 00:00:00+00:00,6423.09140246102
2017-11-14 00:00:00+00:00,6652.21677956026
2017-11-15 00:00:00+00:00,7297.66883633256
2017-11-16 00:00:00+00:00,7814.9444036566
2017-11-17 00:00:00+00:00,7783.54246476388
2017-11-18 00:00:00+00:00,7827.63146946899
2017-11-19 00:00:00+00:00,8011.14742989044
2017-11-20 00:00:00+00:00,8220.50996617654
2017-11-21 00:00:00+00:00,8114.13367954416
2017-11-22 00:00:00+00:00,8257.12389528835
2017-11-23 00:00:00+00:00,8117.66434762603
2017-11-24 00:00:00+00:00,8278.12843633886
2017-11-25 00:00:00+00:00,8743.1593779107
2017-11-26 00:00:00+00:00,9342.98864142167
2017-11-27 00:00:00+00:00,9831.40292992241
2017-11-28 00:00:00+00:00,10257.0674169803
2017-11-29 00:00:00+00:00,9875.89230818829
2017-11-30 00:00:00+00:00,10406.18772373
2017-12-01 00:00:00+00:00,10995.7235531179
2017-12-02 00:00:00+00:00,11162.5450307617
2017-12-03 00:00:00+00:00,11256.7018287538
2017-12-04 00:00:00+00:00,11634.9849554034
2017-12-05 00:00:00+00:00,12174.2537397926
2017-12-06 00:00:00+00:00,13876.4735794148
2017-12-07 00:00:00+00:00,18491.1815542282
2017-12-08 00:00:00+00:00,16908.0049521112
2017-12-09 00:00:00+00:00,15266.4263894651
2017-12-10 00:00:00+00:00,15808.5098961544
2017-12-11 00:00:00+00:00,17106.5051488871
2017-12-12 00:00:00+00:00,17249.920214656
2017-12-13 00:00:00+00:00,16525.0444892988
2017-12-14 00:00:00+00:00,16865.3616648753
2017-12-15 00:00:00+00:00,17978.6305581344
2017-12-16 00:00:00+00:00,19665.3949272416
2017-12-17 00:00:00+00:00,19423.5801532525
2017-12-18 00:00:00+00:00,19188.0539569348
2017-12-19 00:00:00+00:00,18174.1867596316
2017-12-20 00:00:00+00:00,17059.8883502646
2017-12-21 00:00:00+00:00,16355.2382257401
2017-12-22 00:00:00+00:00,14084.8249267767
2017-12-23 00:00:00+00:00,15241.9164656487
2017-12-24 00:00:00+00:00,14451.1145466743
2017-12-25 00:00:00+00:00,14302.7537081839
2017-12-26 00:00:00+00:00,16616.6820570844
2017-12-27 00:00:00+00:00,16373.0810795739
2017-12-28 00:00:00+00:00,15067.8994980567
2017-12-29 00:00:00+00:00,15096.5594360709
2017-12-30 00:00:00+00:00,13620.3618741461
2017-12-31 00:00:00+00:00,14839.5907854184
2018-01-01 00:00:00+00:00,14093.6068305274
2018-01-02 00:00:00+00:00,15321.9328517642
2018-01-03 00:00:00+00:00,15583.8855377593
2018-01-04 00:00:00+00:00,15976.365194174
2018-01-05 00:00:00+00:00,18336.9229801691
2018-01-06 00:00:00+00:00,18343.6624934071
2018-01-07 00:00:00+00:00,17039.8739138488
2018-01-08 00:00:00+00:00,15900.3650216006
2018-01-09 00:00:00+00:00,15604.7234082405
2018-01-10 00:00:00+00:00,15509.2701268168
2018-01-11 00:00:00+00:00,14050.5696063543
2018-01-12 00:00:00+00:00,14759.294629915
2018-01-13 00:00:00+00:00,15193.3148979847
2018-01-14 00:00:00+00:00,14476.5889713691
2018-01-15 00:00:00+00:00,14411.9977069182
2018-01-16 00:00:00+00:00,11723.9135206658
2018-01-17 00:00:00+00:00,11415.3928442768
2018-01-18 00:00:00+00:00,11569.4249920858
2018-01-19 00:00:00+00:00,11758.4693327652
2018-01-20 00:00:00+00:00,13260.2711872786
2018-01-21 00:00:00+00:00,11703.5048628599
2018-01-22 00:00:00+00:00,10991.5950130802
2018-01-23 00:00:00+00:00,10894.0009053405
2018-01-24 00:00:00+00:00,11277.1159704489
2018-01-25 00:00:00+00:00,11225.2544568853
2018-01-26 00:00:00+00:00,11044.9072365744
2018-01-27 00:00:00+00:00,11456.2135062799
2018-01-28 00:00:00+00:00,11665.6969300847
2018-01-29 00:00:00+00:00,11157.6638878978
2018-01-30 00:00:00+00:00,11095.2106891266
2018-01-31 00:00:00+00:00,9989.68977659669
2018-02-01 00:00:00+00:00,10114.495086226
2018-02-02 00:00:00+00:00,9070.55544937356
2018-02-03 00:00:00+00:00,8830.16351005472
2018-02-04 00:00:00+00:00,8679.445576718243
2018-02-05 00:00:00+00:00,7646.9446385886
2018-02-06 00:00:00+00:00,6794.037194669988
2018-02-07 00:00:00+00:00,7842.279439780451
2018-02-08 00:00:00+00:00,8205.29932684886
2018-02-09 00:00:00+00:00,8265.674968576204
2018-02-10 00:00:00+00:00,8680.262054989964
2018-02-11 00:00:00+00:00,8209.759407777896
2018-02-12 00:00:00+00:00,8612.1179480953
2018-02-13 00:00:00+00:00,8609.556701241212
2018-02-14 00:00:00+00:00,8982.317786547657
2018-02-15 00:00:00+00:00,9788.78364215367
2018-02-16 00:00:00+00:00,10022.295330924955
2018-02-17 00:00:00+00:00,10679.983030252786
2018-02-18 00:00:00+00:00,10787.279197719834
2018-02-19 00:00:00+00:00,10839.122346061647
2018-02-20 00:00:00+00:00,11527.43794767548
2018-02-21 00:00:00+00:00,11068.827942509906
2018-02-22 00:00:00+00:00,10409.630329877848
2018-02-23 00:00:00+00:00,10097.84974285684
2018-02-24 00:00:00+00:00,10043.78444881512
2018-02-25 00:00:00+00:00,9663.835366869558
2018-02-26 00:00:00+00:00,9921.176123710238
2018-02-27 00:00:00+00:00,10545.979237879825
2018-02-28 00:00:00+00:00,10631.42490005329
2018-03-01 00:00:00+00:00,10589.425496520267
2018-03-02 00:00:00+00:00,10991.88723535996
2018-03-03 00:00:00+00:00,11294.439854215396
2018-03-04 00:00:00+00:00,11195.081336543615
2018-03-05 00:00:00+00:00,11420.07691800763
2018-03-06 00:00:00+00:00,11082.663641858797
2018-03-07 00:00:00+00:00,10452.200578655418
2018-03-08 00:00:00+00:00,9794.112823524323
2018-03-09 00:00:00+00:00,9003.404647799556
2018-03-10 00:00:00+00:00,9300.63194504476
2018-03-11 00:00:00+00:00,9093.326832751616
2018-03-12 00:00:00+00:00,9494.701310637029
2018-03-13 00:00:00+00:00,9212.7776929007
2018-03-14 00:00:00+00:00,8864.507764431713
2018-03-15 00:00:00+00:00,8173.247488618916
2018-03-16 00:00:00+00:00,8342.190559158431
2018-03-17 00:00:00+00:00,8152.513446710545
2018-03-18 00:00:00+00:00,7711.097855894932
2018-03-19 00:00:00+00:00,8394.02830721603
2018-03-20 00:00:00+00:00,8694.310055455495
2018-03-21 00:00:00+00:00,9033.012133284736
2018-03-22 00:00:00+00:00,8837.481258311329
2018-03-23 00:00:00+00:00,8562.948912745753
2018-03-24 00:00:00+00:00,8868.779591893755
2018-03-25 00:00:00+00:00,8557.388374198898
2018-03-26 00:00:00+00:00,8232.805914165367
2018-03-27 00:00:00+00:00,7984.790530747258
2018-03-28 00:00:00+00:00,7915.37684789287
2018-03-29 00:00:00+00:00,7570.880044408241
2018-03-30 00:00:00+00:00,6938.112708241263
2018-03-31 00:00:00+00:00,7039.50668661152
2018-04-01 00:00:00+00:00,6845.801101188367
2018-04-02 00:00:00+00:00,7015.547251369945
2018-04-03 00:00:00+00:00,7359.677292398747
2018-04-04 00:00:00+00:00,7129.807399138813
2018-04-05 00:00:00+00:00,6799.520040194179
2018-04-06 00:00:00+00:00,6674.724680478905
2018-04-07 00:00:00+00:00,6879.087317865696
2018-04-08 00:00:00+00:00,6966.441799890872
2018-04-09 00:00:00+00:00,6894.058243103391
2018-04-10 00:00:00+00:00,6782.699549449366
2018-04-11 00:00:00+00:00,6854.619560273372
2018-04-12 00:00:00+00:00,7244.42148826165
2018-04-13 00:00:00+00:00,7935.3815306664255
2018-04-14 00:00:00+00:00,7940.26762366579
2018-04-15 00:00:00+00:00,8103.364896537661
2018-04-16 00:00:00+00:00,8046.040094678767
2018-04-17 00:00:00+00:00,7995.133259083566
2018-04-18 00:00:00+00:00,8010.042070225795
2018-04-19 00:00:00+00:00,8186.58381802962
2018-04-20 00:00:00+00:00,8374.569197711613
2018-04-21 00:00:00+00:00,8791.605713102486
2018-04-22 00:00:00+00:00,8844.746782837748
2018-04-23 00:00:00+00:00,8845.970123545147
2018-04-24 00:00:00+00:00,9260.930256139249
2018-04-25 00:00:00+00:00,9237.58802772805
2018-04-26 00:00:00+00:00,8871.162314346671
2018-04-27 00:00:00+00:00,9185.425743538535
2018-04-28 00:00:00+00:00,9181.700950389846
2018-04-29 00:00:00+00:00,9291.583649960648
2018-04-30 00:00:00+00:00,9240.25156954604
2018-05-01 00:00:00+00:00,8969.695703421814
2018-05-02 00:00:00+00:00,9047.931833626086
2018-05-03 00:00:00+00:00,9285.183387911113
2018-05-04 00:00:00+00:00,9607.836906085528
2018-05-05 00:00:00+00:00,9753.127293071782
2018-05-06 00:00:00+00:00,9600.194414212803
2018-05-07 00:00:00+00:00,9307.004242980043
2018-05-08 00:00:00+00:00,9211.032372280097
2018-05-09 00:00:00+00:00,9143.186654649697
2018-05-10 00:00:00+00:00,9194.182215616596
2018-05-11 00:00:00+00:00,8689.828471356206
2018-05-12 00:00:00+00:00,8417.06828178163
2018-05-13 00:00:00+00:00,8553.167071725453
2018-05-14 00:00:00+00:00,8601.094190302818
2018-05-15 00:00:00+00:00,8637.636476571899
2018-05-16 00:00:00+00:00,8289.824569585959
2018-05-17 00:00:00+00:00,8259.128354432933
2018-05-18 00:00:00+00:00,8080.099299195355
2018-05-19 00:00:00+00:00,8212.14986008221
2018-05-20 00:00:00+00:00,8288.178086666418
2018-05-21 00:00:00+00:00,8399.454974242426
2018-05-22 00:00:00+00:00,8211.124904255443
2018-05-23 00:00:00+00:00,7830.835203856475
2018-05-24 00:00:00+00:00,7558.7831525345155
2018-05-25 00:00:00+00:00,7495.801496312692
2018-05-26 00:00:00+00:00,7470.858849985837
2018-05-27 00:00:00+00:00,7307.825496357522
2018-05-28 00:00:00+00:00,7254.558529563767
2018-05-29 00:00:00+00:00,7305.804748195108
2018-05-30 00:00:00+00:00,7435.6505669929375
2018-05-31 00:00:00+00:00,7485.6418495727075
2018-06-01 00:00:00+00:00,7459.750400531392
2018-06-02 00:00:00+00:00,7545.649760117032
2018-06-03 00:00:00+00:00,7629.3811776067805
2018-06-04 00:00:00+00:00,7536.792546722871
2018-06-05 00:00:00+00:00,7457.303112003919
2018-06-06 00:00:00+00:00,7559.418960292413
2018-06-07 00:00:00+00:00,7646.610607023195
2018-06-08 00:00:00+00:00,7568.93466502395
2018-06-09 00:00:00+00:00,7545.597118050922
2018-06-10 00:00:00+00:00,7108.040534289156
2018-06-11 00:00:00+00:00,6769.072053818143
2018-06-12 00:00:00+00:00,6779.471342908456
2018-06-13 00:00:00+00:00,6475.479502911737
2018-06-14 00:00:00+00:00,6517.1321354608335
2018-06-15 00:00:00+00:00,6549.41192680303
2018-06-16 00:00:00+00:00,6453.846880797265
2018-06-17 00:00:00+00:00,6475.036490716237
2018-06-18 00:00:00+00:00,6498.7404742465
2018-06-19 00:00:00+00:00,6686.649453818885
2018-06-20 00:00:00+00:00,6642.045481429205
2018-06-21 00:00:00+00:00,6696.129546920227
2018-06-22 00:00:00+00:00,6375.499684323313
2018-06-23 00:00:00+00:00,6146.134493178351
2018-06-24 00:00:00+00:00,6035.031971127409
2018-06-25 00:00:00+00:00,6202.586460120236
2018-06-26 00:00:00+00:00,6197.355675790164
2018-06-27 00:00:00+00:00,6092.803733620535
2018-06-28 00:00:00+00:00,6071.306799842354
2018-06-29 00:00:00+00:00,5902.163092069895
2018-06-30 00:00:00+00:00,6339.048076145242
2018-07-01 00:00:00+00:00,6312.752640266022
2018-07-02 00:00:00+00:00,6402.037536579421
2018-07-03 00:00:00+00:00,6589.531520060574
2018-07-04 00:00:00+00:00,6553.104265106285
2018-07-05 00:00:00+00:00,6575.66311590503
2018-07-06 00:00:00+00:00,6536.183441497492
2018-07-07 00:00:00+00:00,6565.981552685939
2018-07-08 00:00:00+00:00,6733.936593693936
2018-07-09 00:00:00+00:00,6697.878852907689
2018-07-10 00:00:00+00:00,6483.9241425389055
2018-07-11 00:00:00+00:00,6353.794347293703
2018-07-12 00:00:00+00:00,6229.219672285651
2018-07-13 00:00:00+00:00,6232.881269433085
2018-07-14 00:00:00+00:00,6234.717151955069
2018-07-15 00:00:00+00:00,6316.834421759354
2018-07-16 00:00:00+00:00,6514.941212030723
2018-07-17 00:00:00+00:00,6851.299439446287
2018-07-18 00:00:00+00:00,7386.491754944423
2018-07-19 00:00:00+00:00,7367.921124582662
2018-07-20 00:00:00+00:00,7406.145748888417
2018-07-21 00:00:00+00:00,7325.770507940476
2018-07-22 00:00:00+00:00,7434.113642173193
2018-07-23 00:00:00+00:00,7668.583210247848
2018-07-24 00:00:00+00:00,8040.007208502476
2018-07-25 00:00:00+00:00,8229.348917131161
2018-07-26 00:00:00+00:00,8165.34205291305
2018-07-27 00:00:00+00:00,7997.07865804229
2018-07-28 00:00:00+00:00,8178.047113424451
2018-07-29 00:00:00+00:00,8193.998095174466
2018-07-30 00:00:00+00:00,8137.501153156314
2018-07-31 00:00:00+00:00,7933.184921469538
2018-08-01 00:00:00+00:00,7583.200274774183
2018-08-02 00:00:00+00:00,7586.976454715978
2018-08-03 00:00:00+00:00,7400.772717396423
2018-08-04 00:00:00+00:00,7264.642132933538
2018-08-05 00:00:00+00:00,6995.2654215083885
2018-08-06 00:00:00+00:00,6994.823188575498
2018-08-07 00:00:00+00:00,6996.985755612799
2018-08-08 00:00:00+00:00,6448.759315203375
2018-08-09 00:00:00+00:00,6396.437966525016
2018-08-10 00:00:00+00:00,6400.943516999968
2018-08-11 00:00:00+00:00,6192.723956123594
2018-08-12 00:00:00+00:00,6309.70609229086
2018-08-13 00:00:00+00:00,6347.64267010957
2018-08-14 00:00:00+00:00,6063.649412157859
2018-08-15 00:00:00+00:00,6370.156601875992
2018-08-16 00:00:00+00:00,6344.119797514671
2018-08-17 00:00:00+00:00,6467.728904555567
2018-08-18 00:00:00+00:00,6445.217950516219
2018-08-19 00:00:00+00:00,6393.557338035342
2018-08-20 00:00:00+00:00,6440.494285709864
2018-08-21 00:00:00+00:00,6392.221158406076
2018-08-22 00:00:00+00:00,6577.287503147093
2018-08-23 00:00:00+00:00,6438.499271562748
2018-08-24 00:00:00+00:00,6551.265784221174
2018-08-25 00:00:00+00:00,6717.800216962737
2018-08-26 00:00:00+00:00,6678.103187585925
2018-08-27 00:00:00+00:00,6721.377359382446
2018-08-28 00:00:00+00:00,6993.453515775876
2018-08-29 00:00:00+00:00,7062.884976771544
2018-08-30 00:00:00+00:00,6945.706164099711
2018-08-31 00:00:00+00:00,6986.833600157402
2018-09-01 00:00:00+00:00,7113.104675560519
2018-09-02 00:00:00+00:00,7240.468990009346
2018-09-03 00:00:00+00:00,7259.339385373674
2018-09-04 00:00:00+00:00,7324.674518768502
2018-09-05 00:00:00+00:00,7142.576910551743
2018-09-06 00:00:00+00:00,6440.905031075658
2018-09-07 00:00:00+00:00,6446.581684494116
2018-09-08 00:00:00+00:00,6369.951404669052
2018-09-09 00:00:00+00:00,6296.566818316464
2018-09-10 00:00:00+00:00,6296.06515140694
2018-09-11 00:00:00+00:00,6302.865649641408
2018-09-12 00:00:00+00:00,6275.454160978612
2018-09-13 00:00:00+00:00,6444.309979351534
2018-09-14 00:00:00+00:00,6509.300619418281
2018-09-15 00:00:00+00:00,6521.207515105566
2018-09-16 00:00:00+00:00,6487.839474311968
2018-09-17 00:00:00+00:00,6411.433991841102
2018-09-18 00:00:00+00:00,6300.113199660272
2018-09-19 00:00:00+00:00,6344.1201373387485
2018-09-20 00:00:00+00:00,6414.64119588158
2018-09-21 00:00:00+00:00,6666.099085634841
2018-09-22 00:00:00+00:00,6749.026553294658
2018-09-23 00:00:00+00:00,6727.061605789056
2018-09-24 00:00:00+00:00,6645.622797437004
2018-09-25 00:00:00+00:00,6429.436122233044
2018-09-26 00:00:00+00:00,6476.781832080479
2018-09-27 00:00:00+00:00,6527.862835857726
2018-09-28 00:00:00+00:00,6681.779431967366
2018-09-29 00:00:00+00:00,6561.923911436843
2018-09-30 00:00:00+00:00,6601.751615948222
2018-10-01 00:00:00+00:00,6602.653284669873
2018-10-02 00:00:00+00:00,6576.596102880592
2018-10-03 00:00:00+00:00,6486.48933277836
2018-10-04 00:00:00+00:00,6576.578684753922
2018-10-05 00:00:00+00:00,6578.574942563838
2018-10-06 00:00:00+00:00,6593.627812655949
2018-10-07 00:00:00+00:00,6576.472886823134
2018-10-08 00:00:00+00:00,6619.283053989772
2018-10-09 00:00:00+00:00,6633.016211635147
2018-10-10 00:00:00+00:00,6571.760175246595
2018-10-11 00:00:00+00:00,6287.927276189685
2018-10-12 00:00:00+00:00,6289.454775388905
2018-10-13 00:00:00+00:00,6307.650093388347
2018-10-14 00:00:00+00:00,6359.665222973352
2018-10-15 00:00:00+00:00,6619.776189412183
2018-10-16 00:00:00+00:00,6637.466725529226
2018-10-17 00:00:00+00:00,6623.349245014689
2018-10-18 00:00:00+00:00,6599.364269320323
2018-10-19 00:00:00+00:00,6503.319304992845
2018-10-20 00:00:00+00:00,6516.856189119179
2018-10-21 00:00:00+00:00,6552.104041237286
2018-10-22 00:00:00+00:00,6527.925666407454
2018-10-23 00:00:00+00:00,6495.524040499219
2018-10-24 00:00:00+00:00,6508.855709286811
2018-10-25 00:00:00+00:00,6473.533705767107
2018-10-26 00:00:00+00:00,6460.303801091931
2018-10-27 00:00:00+00:00,6460.562805082653
2018-10-28 00:00:00+00:00,6446.243287284389
2018-10-29 00:00:00+00:00,6399.305852961115
2018-10-30 00:00:00+00:00,6335.433173996426
2018-10-31 00:00:00+00:00,6336.051265624873
2018-11-01 00:00:00+00:00,6369.5131335706965
2018-11-02 00:00:00+00:00,6423.110040999663
2018-11-03 00:00:00+00:00,6391.178783289262
2018-11-04 00:00:00+00:00,6405.923834913104
2018-11-05 00:00:00+00:00,6430.610433250733
2018-11-06 00:00:00+00:00,6444.390299258307
2018-11-07 00:00:00+00:00,6554.296820630637
2018-11-08 00:00:00+00:00,6521.322713647228
2018-11-09 00:00:00+00:00,6443.468709215943
2018-11-10 00:00:00+00:00,6432.43941436002
2018-11-11 00:00:00+00:00,6413.131350713455
2018-11-12 00:00:00+00:00,6430.9711559860925
2018-11-13 00:00:00+00:00,6397.097310176129
2018-11-14 00:00:00+00:00,6161.554187505968
2018-11-15 00:00:00+00:00,5619.172574717497
2018-11-16 00:00:00+00:00,5617.490240743706
2018-11-17 00:00:00+00:00,5574.008236626755
2018-11-18 00:00:00+00:00,5630.9479074407145
2018-11-19 00:00:00+00:00,5293.87648867224
2018-11-20 00:00:00+00:00,4644.815934349705
2018-11-21 00:00:00+00:00,4536.838572231142
2018-11-22 00:00:00+00:00,4534.987354025104
2018-11-23 00:00:00+00:00,4324.670052495507
2018-11-24 00:00:00+00:00,4293.853387799897
2018-11-25 00:00:00+00:00,3842.093070780575
2018-11-26 00:00:00+00:00,3940.005770928106
2018-11-27 00:00:00+00:00,3780.307151769512
2018-11-28 00:00:00+00:00,4110.061523428999
2018-11-29 00:00:00+00:00,4257.003813860184
2018-11-30 00:00:00+00:00,4136.799097139542
2018-12-01 00:00:00+00:00,4115.319635778875
2018-12-02 00:00:00+00:00,4181.855077003625
2018-12-03 00:00:00+00:00,3989.985891514341
2018-12-04 00:00:00+00:00,3941.215348493999
2018-12-05 00:00:00+00:00,3846.9970004800703
2018-12-06 00:00:00+00:00,3741.738711310925
2018-12-07 00:00:00+00:00,3380.423207758024
2018-12-08 00:00:00+00:00,3401.1526777813524
2018-12-09 00:00:00+00:00,3488.3093054551177
2018-12-10 00:00:00+00:00,3495.48180262452
2018-12-11 00:00:00+00:00,3394.4091909154245
2018-12-12 00:00:00+00:00,3413.1534436276265
2018-12-13 00:00:00+00:00,3384.116426709352
2018-12-14 00:00:00+00:00,3267.6482467041296
2018-12-15 00:00:00+00:00,3209.803323707501
2018-12-16 00:00:00+00:00,3243.635214984457
2018-12-17 00:00:00+00:00,3348.371467443482
2018-12-18 00:00:00+00:00,3510.220465943025
2018-12-19 00:00:00+00:00,3748.4785422609752
2018-12-20 00:00:00+00:00,3903.093521962482
2018-12-21 00:00:00+00:00,3975.005033870235
2018-12-22 00:00:00+00:00,3854.010263119273
2018-12-23 00:00:00+00:00,3972.59572197263
2018-12-24 00:00:00+00:00,4114.344018621609
2018-12-25 00:00:00+00:00,3769.575131309664
2018-12-26 00:00:00+00:00,3763.7326007677607
2018-12-27 00:00:00+00:00,3716.841142472527
2018-12-28 00:00:00+00:00,3683.005258745932
2018-12-29 00:00:00+00:00,3847.4878867126376
2018-12-30 00:00:00+00:00,3774.2479851809912
2018-12-31 00:00:00+00:00,3753.685600145488
2019-01-01 00:00:00+00:00,3703.43160394288
2019-01-02 00:00:00+00:00,3811.2686725374792
2019-01-03 00:00:00+00:00,3816.652714106348
2019-01-04 00:00:00+00:00,3777.655258740279
2019-01-05 00:00:00+00:00,3819.8260407929024
2019-01-06 00:00:00+00:00,3851.822780541007
2019-01-07 00:00:00+00:00,4000.259492584328
2019-01-08 00:00:00+00:00,3989.238463387049
2019-01-09 00:00:00+00:00,3991.021520391285
2019-01-10 00:00:00+00:00,3791.352412714013
2019-01-11 00:00:00+00:00,3622.8401027369546
2019-01-12 00:00:00+00:00,3610.883163436241
2019-01-13 00:00:00+00:00,3569.10841376729
2019-01-14 00:00:00+00:00,3561.7431692703726
2019-01-15 00:00:00+00:00,3622.099757348656
2019-01-16 00:00:00+00:00,3591.286081566848
2019-01-17 00:00:00+00:00,3592.913460584616
2019-01-18 00:00:00+00:00,3604.1266742162793
2019-01-19 00:00:00+00:00,3655.524678488578
2019-01-20 00:00:00+00:00,3608.0921457895824
2019-01-21 00:00:00+00:00,3534.129406120697
2019-01-22 00:00:00+00:00,3547.166465978029
2019-01-23 00:00:00+00:00,3568.6152244446384
2019-01-24 00:00:00+00:00,3551.0872218104846
2019-01-25 00:00:00+00:00,3558.890709703928
2019-01-26 00:00:00+00:00,3576.4478732587145
2019-01-27 00:00:00+00:00,3559.503162134892
2019-01-28 00:00:00+00:00,3450.578754478076
2019-01-29 00:00:00+00:00,3407.750149105432
2019-01-30 00:00:00+00:00,3438.6085182664483
2019-01-31 00:00:00+00:00,3448.638202359597
2019-02-01 00:00:00+00:00,3445.926077964287
2019-02-02 00:00:00+00:00,3462.6059305764065
2019-02-03 00:00:00+00:00,3466.3476415574137
2019-02-04 00:00:00+00:00,3459.138484103427
2019-02-05 00:00:00+00:00,3462.8509772684797
2019-02-06 00:00:00+00:00,3413.925659879413
2019-02-07 00:00:00+00:00,3407.132149950123
2019-02-08 00:00:00+00:00,3490.4924349573835
2019-02-09 00:00:00+00:00,3653.769493069237
2019-02-10 00:00:00+00:00,3644.405788434026
2019-02-11 00:00:00+00:00,3635.421712025255
2019-02-12 00:00:00+00:00,3621.328406508521
2019-02-13 00:00:00+00:00,3620.7593350155353
2019-02-14 00:00:00+00:00,3603.989858211727
2019-02-15 00:00:00+00:00,3604.484645311239
2019-02-16 00:00:00+00:00,3621.5302716474544
2019-02-17 00:00:00+00:00,3628.418591446317
2019-02-18 00:00:00+00:00,3782.678821042285
2019-02-19 00:00:00+00:00,3919.193003587703
2019-02-20 00:00:00+00:00,3933.3884725469056
2019-02-21 00:00:00+00:00,3940.754891877645
2019-02-22 00:00:00+00:00,3956.449491347823
2019-02-23 00:00:00+00:00,3993.1540443117815
2019-02-24 00:00:00+00:00,4008.5701067438094
2019-02-25 00:00:00+00:00,3806.836534612048
2019-02-26 00:00:00+00:00,3814.169396875599
2019-02-27 00:00:00+00:00,3807.190238685256
2019-02-28 00:00:00+00:00,3824.379710904069
2019-03-01 00:00:00+00:00,3831.4485558645465
2019-03-02 00:00:00+00:00,3816.4957690256783
2019-03-03 00:00:00+00:00,3817.108750079025
2019-03-04 00:00:00+00:00,3738.09235169725
2019-03-05 00:00:00+00:00,3773.805828519025
2019-03-06 00:00:00+00:00,3848.6931372906142
2019-03-07 00:00:00+00:00,3874.019188476076
2019-03-08 00:00:00+00:00,3893.510028522111
2019-03-09 00:00:00+00:00,3906.1697025815706
2019-03-10 00:00:00+00:00,3912.409862054561
2019-03-11 00:00:00+00:00,3879.005367147773
2019-03-12 00:00:00+00:00,3868.083038936545
2019-03-13 00:00:00+00:00,3870.9054646302848
2019-03-14 00:00:00+00:00,3870.7012935788553
2019-03-15 00:00:00+00:00,3904.332064405466
2019-03-16 00:00:00+00:00,3992.889202680152
2019-03-17 00:00:00+00:00,3981.914693511894
2019-03-18 00:00:00+00:00,3985.654082011845
2019-03-19 00:00:00+00:00,3992.058282011436
2019-03-20 00:00:00+00:00,4011.0145191357183
2019-03-21 00:00:00+00:00,4018.818423670453
2019-03-22 00:00:00+00:00,3990.743097824672
2019-03-23 00:00:00+00:00,3997.159745842249
2019-03-24 00:00:00+00:00,3990.980408476184
2019-03-25 00:00:00+00:00,3970.528151288895
2019-03-26 00:00:00+00:00,3928.022886013501
2019-03-27 00:00:00+00:00,4006.737166314195
2019-03-28 00:00:00+00:00,4024.7802885310034
2019-03-29 00:00:00+00:00,4071.613718296855
2019-03-30 00:00:00+00:00,4093.7738109549286
2019-03-31 00:00:00+00:00,4101.183018946858
2019-04-01 00:00:00+00:00,4135.656843078829
2019-04-02 00:00:00+00:00,4678.953734746507
2019-04-03 00:00:00+00:00,5000.377984945204
2019-04-04 00:00:00+00:00,4961.496585970046
2019-04-05 00:00:00+00:00,4966.283905922418
2019-04-06 00:00:00+00:00,5033.335579365551
2019-04-07 00:00:00+00:00,5122.12786478294
2019-04-08 00:00:00+00:00,5209.679833048095
2019-04-09 00:00:00+00:00,5185.596275181159
2019-04-10 00:00:00+00:00,5243.718290700964
2019-04-11 00:00:00+00:00,5127.469767671958
2019-04-12 00:00:00+00:00,5042.192225826865
2019-04-13 00:00:00+00:00,5081.57588070381
2019-04-14 00:00:00+00:00,5074.428402517846
2019-04-15 00:00:00+00:00,5131.078767969516
2019-04-16 00:00:00+00:00,5100.043964292044
2019-04-17 00:00:00+00:00,5219.320808802758
2019-04-18 00:00:00+00:00,5257.890597973642
2019-04-19 00:00:00+00:00,5258.884393470375
2019-04-20 00:00:00+00:00,5306.414964897008
2019-04-21 00:00:00+00:00,5281.53321982294
2019-04-22 00:00:00+00:00,5312.191333898707
2019-04-23 00:00:00+00:00,5528.82166895353
2019-04-24 00:00:00+00:00,5487.147391863091
2019-04-25 00:00:00+00:00,5444.037273604125
2019-04-26 00:00:00+00:00,5274.671933091653
2019-04-27 00:00:00+00:00,5270.856001398913
2019-04-28 00:00:00+00:00,5276.301686093
2019-04-29 00:00:00+00:00,5240.723528315929
2019-04-30 00:00:00+00:00,5241.729807010562
2019-05-01 00:00:00+00:00,5331.08703287607
2019-05-02 00:00:00+00:00,5405.847683614252
2019-05-03 00:00:00+00:00,5663.585928933149
2019-05-04 00:00:00+00:00,5734.52174179073
2019-05-05 00:00:00+00:00,5758.94147229474
2019-05-06 00:00:00+00:00,5697.124273719554
2019-05-07 00:00:00+00:00,5892.851617316501
2019-05-08 00:00:00+00:00,5884.213252561418
2019-05-09 00:00:00+00:00,6071.618649713792
2019-05-10 00:00:00+00:00,6309.661795553072
2019-05-11 00:00:00+00:00,6771.374909850859
2019-05-12 00:00:00+00:00,7147.135559780753
2019-05-13 00:00:00+00:00,7360.342602849051
2019-05-14 00:00:00+00:00,7970.505651285883
2019-05-15 00:00:00+00:00,8015.185307427201
2019-05-16 00:00:00+00:00,7997.340349104023
2019-05-17 00:00:00+00:00,7302.702684113283
2019-05-18 00:00:00+00:00,7330.165514419617
2019-05-19 00:00:00+00:00,7876.410073191656
2019-05-20 00:00:00+00:00,7899.671828685682
2019-05-21 00:00:00+00:00,7928.995803013451
2019-05-22 00:00:00+00:00,7888.087650280864
2019-05-23 00:00:00+00:00,7699.755654097033
2019-05-24 00:00:00+00:00,7954.989202229067
2019-05-25 00:00:00+00:00,8015.641593757383
2019-05-26 00:00:00+00:00,8083.656962795176
2019-05-27 00:00:00+00:00,8734.402905209128
2019-05-28 00:00:00+00:00,8719.900632733357
2019-05-29 00:00:00+00:00,8646.89653376956
2019-05-30 00:00:00+00:00,8650.874176834677
2019-05-31 00:00:00+00:00,8369.350389713145
2019-06-01 00:00:00+00:00,8550.396815004826
2019-06-02 00:00:00+00:00,8662.817476840983
2019-06-03 00:00:00+00:00,8568.659643432824
2019-06-04 00:00:00+00:00,7898.464530809518
2019-06-05 00:00:00+00:00,7783.474504188722
2019-06-06 00:00:00+00:00,7766.872194730629
2019-06-07 00:00:00+00:00,7928.79050984595
2019-06-08 00:00:00+00:00,7949.146173000754
2019-06-09 00:00:00+00:00,7817.229183282859
2019-06-10 00:00:00+00:00,7818.480220914739
2019-06-11 00:00:00+00:00,7900.629315158258
2019-06-12 00:00:00+00:00,8013.36999334444
2019-06-13 00:00:00+00:00,8156.2939150725315
2019-06-14 00:00:00+00:00,8338.723369560495
2019-06-15 00:00:00+00:00,8703.062908994385
2019-06-16 00:00:00+00:00,9068.59512922804
2019-06-17 00:00:00+00:00,9203.557620113095
2019-06-18 00:00:00+00:00,9166.597758012478
2019-06-19 00:00:00+00:00,9152.65246919561
2019-06-20 00:00:00+00:00,9349.942546005534
2019-06-21 00:00:00+00:00,9787.864118710444
2019-06-22 00:00:00+00:00,10698.341944610833
2019-06-23 00:00:00+00:00,10789.661333375225
2019-06-24 00:00:00+00:00,10884.150305661387
2019-06-25 00:00:00+00:00,11334.159781752222
2019-06-26 00:00:00+00:00,12712.694654648314
2019-06-27 00:00:00+00:00,12000.756744943275
2019-06-28 00:00:00+00:00,11772.394202718564
2019-06-29 00:00:00+00:00,11927.554811007723
2019-06-30 00:00:00+00:00,11628.892585723155
2019-07-01 00:00:00+00:00,10777.350868397009
2019-07-02 00:00:00+00:00,10359.224154544734
2019-07-03 00:00:00+00:00,11340.08872567665
2019-07-04 00:00:00+00:00,11786.371013331094
2019-07-05 00:00:00+00:00,11172.67272404268
2019-07-06 00:00:00+00:00,11400.37159638183
2019-07-07 00:00:00+00:00,11314.818623005298
2019-07-08 00:00:00+00:00,11756.484992131023
2019-07-09 00:00:00+00:00,12476.607328781392
2019-07-10 00:00:00+00:00,12667.515773572355
2019-07-11 00:00:00+00:00,11663.635505318818
2019-07-12 00:00:00+00:00,11586.743990319816
2019-07-13 00:00:00+00:00,11463.193276912556
2019-07-14 00:00:00+00:00,10910.37807990408
2019-07-15 00:00:00+00:00,10436.468954061977
2019-07-16 00:00:00+00:00,10418.27400422144
2019-07-17 00:00:00+00:00,9600.580506459157
2019-07-18 00:00:00+00:00,10021.508314330486
2019-07-19 00:00:00+00:00,10473.9022902693
2019-07-20 00:00:00+00:00,10661.523070013038
2019-07-21 00:00:00+00:00,10588.390999401943
2019-07-22 00:00:00+00:00,10466.19253424983
2019-07-23 00:00:00+00:00,10115.29769141561
2019-07-24 00:00:00+00:00,9731.731560592934
2019-07-25 00:00:00+00:00,10010.368457956443
2019-07-26 00:00:00+00:00,9781.115228974351
2019-07-27 00:00:00+00:00,9738.596782735927
2019-07-28 00:00:00+00:00,9516.777434411
2019-07-29 00:00:00+00:00,9556.353548830864
2019-07-30 00:00:00+00:00,9533.064726491351
2019-07-31 00:00:00+00:00,9830.911493431657
2019-08-01 00:00:00+00:00,10065.183360363508
2019-08-02 00:00:00+00:00,10446.422284248642
2019-08-03 00:00:00+00:00,10750.478957775777
2019-08-04 00:00:00+00:00,10777.797119907624
2019-08-05 00:00:00+00:00,11604.992006859977
2019-08-06 00:00:00+00:00,11749.143920922768
2019-08-07 00:00:00+00:00,11683.8890479552
2019-08-08 00:00:00+00:00,11797.919445837324
2019-08-09 00:00:00+00:00,11825.44480168428
2019-08-10 00:00:00+00:00,11608.465513041469
2019-08-11 00:00:00+00:00,11387.295657499162
2019-08-12 00:00:00+00:00,11400.13264646123
2019-08-13 00:00:00+00:00,11167.67086083784
2019-08-14 00:00:00+00:00,10493.815249916504
2019-08-15 00:00:00+00:00,10041.113842656596
2019-08-16 00:00:00+00:00,10240.522209596313
2019-08-17 00:00:00+00:00,10308.718054087416
2019-08-18 00:00:00+00:00,10291.445439773768
2019-08-19 00:00:00+00:00,10606.363980754062
2019-08-20 00:00:00+00:00,10759.003564623696
2019-08-21 00:00:00+00:00,10225.845090688606
2019-08-22 00:00:00+00:00,10053.176544212109
2019-08-23 00:00:00+00:00,10253.653012698514
2019-08-24 00:00:00+00:00,10159.60589090886
2019-08-25 00:00:00+00:00,10113.132261840246
2019-08-26 00:00:00+00:00,10313.320593416212
2019-08-27 00:00:00+00:00,10204.129053185268
2019-08-28 00:00:00+00:00,10085.375713466376
2019-08-29 00:00:00+00:00,9540.843744324691
2019-08-30 00:00:00+00:00,9547.808929838651
2019-08-31 00:00:00+00:00,9604.074733984007
2019-09-01 00:00:00+00:00,9610.927836265151
2019-09-02 00:00:00+00:00,9892.24686721148
2019-09-03 00:00:00+00:00,10464.813684028992
2019-09-04 00:00:00+00:00,10539.774647160271
2019-09-05 00:00:00+00:00,10537.454664509603
2019-09-06 00:00:00+00:00,10637.66237682317
2019-09-07 00:00:00+00:00,10419.509102334372
2019-09-08 00:00:00+00:00,10444.81445023873
2019-09-09 00:00:00+00:00,10303.92088725178
2019-09-10 00:00:00+00:00,10226.536296339484
2019-09-11 00:00:00+00:00,10072.38972967467
2019-09-12 00:00:00+00:00,10206.645905236795
2019-09-13 00:00:00+00:00,10313.878067472724
2019-09-14 00:00:00+00:00,10338.720674380593
2019-09-15 00:00:00+00:00,10316.064967477903
2019-09-16 00:00:00+00:00,10250.78992414295
2019-09-17 00:00:00+00:00,10217.12604966753
2019-09-18 00:00:00+00:00,10188.410390208212
2019-09-19 00:00:00+00:00,9989.29568575283
2019-09-20 00:00:00+00:00,10172.182620551586
2019-09-21 00:00:00+00:00,10050.415575472443
2019-09-22 00:00:00+00:00,9981.011628259845
2019-09-23 00:00:00+00:00,9897.9364820899
2019-09-24 00:00:00+00:00,9683.045413658192
2019-09-25 00:00:00+00:00,8493.34936402926
2019-09-26 00:00:00+00:00,8270.448704571985
2019-09-27 00:00:00+00:00,8041.173995570265
2019-09-28 00:00:00+00:00,8161.361187195704
2019-09-29 00:00:00+00:00,8082.250480412999
2019-09-30 00:00:00+00:00,8076.329307877522
2019-10-01 00:00:00+00:00,8345.495750819438
2019-10-02 00:00:00+00:00,8245.847479559454
2019-10-03 00:00:00+00:00,8242.775042228972
2019-10-04 00:00:00+00:00,8151.54619227485
2019-10-05 00:00:00+00:00,8110.550877480761
2019-10-06 00:00:00+00:00,7990.887282556262
2019-10-07 00:00:00+00:00,8027.288584290516
2019-10-08 00:00:00+00:00,8197.270259705076
2019-10-09 00:00:00+00:00,8314.396181332408
2019-10-10 00:00:00+00:00,8544.182759788288
2019-10-11 00:00:00+00:00,8414.216486768788
2019-10-12 00:00:00+00:00,8333.126266293779
2019-10-13 00:00:00+00:00,8354.601207901047
2019-10-14 00:00:00+00:00,8306.316911433036
2019-10-15 00:00:00+00:00,8271.782635227226
2019-10-16 00:00:00+00:00,8079.373508063301
2019-10-17 00:00:00+00:00,8036.454697967599
2019-10-18 00:00:00+00:00,7972.831586071713
2019-10-19 00:00:00+00:00,7963.376840676831
2019-10-20 00:00:00+00:00,8009.932584440648
2019-10-21 00:00:00+00:00,8216.420865769951
2019-10-22 00:00:00+00:00,8207.470113953495
2019-10-23 00:00:00+00:00,7768.613062649397
2019-10-24 00:00:00+00:00,7449.513132432505
2019-10-25 00:00:00+00:00,7845.188209062642
2019-10-26 00:00:00+00:00,9254.868058716032
2019-10-27 00:00:00+00:00,9360.694206883323
2019-10-28 00:00:00+00:00,9455.58182702273
2019-10-29 00:00:00+00:00,9361.435229350862
2019-10-30 00:00:00+00:00,9196.070257399151
2019-10-31 00:00:00+00:00,9159.126587543306
2019-11-01 00:00:00+00:00,9152.259260911913
2019-11-02 00:00:00+00:00,9265.590229349113
2019-11-03 00:00:00+00:00,9224.560373216798
2019-11-04 00:00:00+00:00,9237.639222979828
2019-11-05 00:00:00+00:00,9333.323849087605
2019-11-06 00:00:00+00:00,9325.373758339896
2019-11-07 00:00:00+00:00,9247.554049674518
2019-11-08 00:00:00+00:00,9011.997882879466
2019-11-09 00:00:00+00:00,8818.535276605404
2019-11-10 00:00:00+00:00,8882.966757933884
2019-11-11 00:00:00+00:00,8818.564867645295
2019-11-12 00:00:00+00:00,8744.724783294369
2019-11-13 00:00:00+00:00,8758.252434146467
2019-11-14 00:00:00+00:00,8675.983201318102
2019-11-15 00:00:00+00:00,8562.989479527505
2019-11-16 00:00:00+00:00,8487.29626196371
2019-11-17 00:00:00+00:00,8523.568115873197
2019-11-18 00:00:00+00:00,8413.072940903332
2019-11-19 00:00:00+00:00,8137.449603456862
2019-11-20 00:00:00+00:00,8109.213627740333
2019-11-21 00:00:00+00:00,7879.829669695507
2019-11-22 00:00:00+00:00,7380.380094357571
2019-11-23 00:00:00+00:00,7242.994198874188
2019-11-24 00:00:00+00:00,7156.9322784017895
2019-11-25 00:00:00+00:00,6962.672674016837
2019-11-26 00:00:00+00:00,7138.064619420399
2019-11-27 00:00:00+00:00,7237.068661850971
2019-11-28 00:00:00+00:00,7502.469799836905
2019-11-29 00:00:00+00:00,7589.045110685537
2019-11-30 00:00:00+00:00,7645.806178816841
2019-12-01 00:00:00+00:00,7364.650503369437
2019-12-02 00:00:00+00:00,7311.995682835968
2019-12-03 00:00:00+00:00,7312.9038669467
2019-12-04 00:00:00+00:00,7268.053078018518
2019-12-05 00:00:00+00:00,7319.495632147983
2019-12-06 00:00:00+00:00,7391.162681062257
2019-12-07 00:00:00+00:00,7515.329107092584
2019-12-08 00:00:00+00:00,7485.17867941454
2019-12-09 00:00:00+00:00,7457.952688733425
2019-12-10 00:00:00+00:00,7310.63556044696
2019-12-11 00:00:00+00:00,7215.481569949799
2019-12-12 00:00:00+00:00,7177.619742013217
2019-12-13 00:00:00+00:00,7229.464430815966
2019-12-14 00:00:00+00:00,7169.893787180088
2019-12-15 00:00:00+00:00,7093.575247395009
2019-12-16 00:00:00+00:00,7049.205624574214
2019-12-17 00:00:00+00:00,6814.532293054447
2019-12-18 00:00:00+00:00,6762.035664906233
2019-12-19 00:00:00+00:00,7144.681126936154
2019-12-20 00:00:00+00:00,7154.652845201185
2019-12-21 00:00:00+00:00,7150.28610833038
2019-12-22 00:00:00+00:00,7216.242091816021
2019-12-23 00:00:00+00:00,7497.079915491288
2019-12-24 00:00:00+00:00,7316.05125557285
2019-12-25 00:00:00+00:00,7223.216207471288
2019-12-26 00:00:00+00:00,7228.985738179617
2019-12-27 00:00:00+00:00,7206.614444647042
2019-12-28 00:00:00+00:00,7306.300746139346
2019-12-29 00:00:00+00:00,7348.004038079974
2019-12-30 00:00:00+00:00,7316.88299747149
2019-12-31 00:00:00+00:00,7222.119330179262
2020-01-01 00:00:00+00:00,7210.970288341825
2020-01-02 00:00:00+00:00,7101.149693418412
2020-01-03 00:00:00+00:00,7217.217663541854
2020-01-04 00:00:00+00:00,7325.967457625945
2020-01-05 00:00:00+00:00,7427.406757276657
2020-01-06 00:00:00+00:00,7519.060464666178
2020-01-07 00:00:00+00:00,7890.595361840727
2020-01-08 00:00:00+00:00,8219.442677281198
2020-01-09 00:00:00+00:00,7904.341714982373
2020-01-10 00:00:00+00:00,7875.57822311692
2020-01-11 00:00:00+00:00,8098.979797185974
2020-01-12 00:00:00+00:00,8099.929328256266
2020-01-13 00:00:00+00:00,8098.139363586611
2020-01-14 00:00:00+00:00,8534.707036692076
2020-01-15 00:00:00+00:00,8742.265460196133
2020-01-16 00:00:00+00:00,8682.352485577683
2020-01-17 00:00:00+00:00,8832.424179696185
2020-01-18 00:00:00+00:00,8882.144646508428
2020-01-19 00:00:00+00:00,8851.683787108945
2020-01-20 00:00:00+00:00,8649.364543150075
2020-01-21 00:00:00+00:00,8641.617679866617
2020-01-22 00:00:00+00:00,8676.791199317622
2020-01-23 00:00:00+00:00,8464.132923055973
2020-01-24 00:00:00+00:00,8394.271149444074
2020-01-25 00:00:00+00:00,8333.573376963986
2020-01-26 00:00:00+00:00,8440.03489050648
2020-01-27 00:00:00+00:00,8714.677587095552
2020-01-28 00:00:00+00:00,9019.078482823928
2020-01-29 00:00:00+00:00,9316.24788650569
2020-01-30 00:00:00+00:00,9370.25760385761
2020-01-31 00:00:00+00:00,9344.618665136708
2020-02-01 00:00:00+00:00,9357.15668749896
2020-02-02 00:00:00+00:00,9366.844762332756
2020-02-03 00:00:00+00:00,9326.793298063822
2020-02-04 00:00:00+00:00,9208.674883565656
2020-02-05 00:00:00+00:00,9385.433058289656
2020-02-06 00:00:00+00:00,9677.041689949829
2020-02-07 00:00:00+00:00,9772.060821348654
2020-02-08 00:00:00+00:00,9796.524952377027
2020-02-09 00:00:00+00:00,10053.434687119056
2020-02-10 00:00:00+00:00,9925.642383310853
2020-02-11 00:00:00+00:00,9923.050069330411
2020-02-12 00:00:00+00:00,10298.696907805588
2020-02-13 00:00:00+00:00,10270.80954867162
2020-02-14 00:00:00+00:00,10242.497575625055
2020-02-15 00:00:00+00:00,10130.91994029995
2020-02-16 00:00:00+00:00,9896.655314340169
2020-02-17 00:00:00+00:00,9724.097241471596
2020-02-18 00:00:00+00:00,9811.838728751987
2020-02-19 00:00:00+00:00,10070.946145619828
2020-02-20 00:00:00+00:00,9590.451836998216
2020-02-21 00:00:00+00:00,9672.063338324126
2020-02-22 00:00:00+00:00,9642.193975674883
2020-02-23 00:00:00+00:00,9827.343098866471
2020-02-24 00:00:00+00:00,9730.255080465207
2020-02-25 00:00:00+00:00,9506.579234318762
2020-02-26 00:00:00+00:00,9078.38971595437
2020-02-27 00:00:00+00:00,8809.777063321697
2020-02-28 00:00:00+00:00,8702.91720210622
2020-02-29 00:00:00+00:00,8690.108788142932
2020-03-01 00:00:00+00:00,8570.270336744414
2020-03-02 00:00:00+00:00,8743.652701342507
2020-03-03 00:00:00+00:00,8797.009906808931
2020-03-04 00:00:00+00:00,8770.445660936231
2020-03-05 00:00:00+00:00,9030.405820441592
2020-03-06 00:00:00+00:00,9084.969237820258
2020-03-07 00:00:00+00:00,9053.114771450126
2020-03-08 00:00:00+00:00,8600.936169180619
2020-03-09 00:00:00+00:00,7913.735450226271
2020-03-10 00:00:00+00:00,7948.314052855086
2020-03-11 00:00:00+00:00,7857.818147602684
2020-03-12 00:00:00+00:00,6807.6469907887
2020-03-13 00:00:00+00:00,5360.918554986475
2020-03-14 00:00:00+00:00,5426.235049018204
2020-03-15 00:00:00+00:00,5319.212757798626
2020-03-16 00:00:00+00:00,5046.848895884382
2020-03-17 00:00:00+00:00,5275.619766937599
2020-03-18 00:00:00+00:00,5281.216298990424
2020-03-19 00:00:00+00:00,5698.497864657459
2020-03-20 00:00:00+00:00,6350.960295563772
2020-03-21 00:00:00+00:00,6180.389283991397
2020-03-22 00:00:00+00:00,6152.982840818343
2020-03-23 00:00:00+00:00,6070.893045942482
2020-03-24 00:00:00+00:00,6608.299520471155
2020-03-25 00:00:00+00:00,6655.087535034642
2020-03-26 00:00:00+00:00,6664.32629624403
2020-03-27 00:00:00+00:00,6690.784892386545
2020-03-28 00:00:00+00:00,6241.166163976643
2020-03-29 00:00:00+00:00,6131.198100069112
2020-03-30 00:00:00+00:00,6245.31805515835
2020-03-31 00:00:00+00:00,6442.613117915687
2020-04-01 00:00:00+00:00,6313.107014568505
2020-04-02 00:00:00+00:00,6696.06518068982
2020-04-03 00:00:00+00:00,6808.334871170184
2020-04-04 00:00:00+00:00,6760.121370312604
2020-04-05 00:00:00+00:00,6791.720804338925
2020-04-06 00:00:00+00:00,7055.17446227589
2020-04-07 00:00:00+00:00,7301.286436674094
2020-04-08 00:00:00+00:00,7286.708561170628
2020-04-09 00:00:00+00:00,7297.244813412904
2020-04-10 00:00:00+00:00,6997.614509541826
2020-04-11 00:00:00+00:00,6872.883005491971
2020-04-12 00:00:00+00:00,6936.155485557193
2020-04-13 00:00:00+00:00,6760.250854234473
2020-04-14 00:00:00+00:00,6869.117574459188
2020-04-15 00:00:00+00:00,6805.277301186522
2020-04-16 00:00:00+00:00,6883.881036365682
2020-04-17 00:00:00+00:00,7057.42002578606
2020-04-18 00:00:00+00:00,7139.052927555143
2020-04-19 00:00:00+00:00,7165.1222990287415
2020-04-20 00:00:00+00:00,7060.977892116527
2020-04-21 00:00:00+00:00,6868.881737003755
2020-04-22 00:00:00+00:00,6979.642676457074
2020-04-23 00:00:00+00:00,7266.688891724112
2020-04-24 00:00:00+00:00,7503.0281814777
2020-04-25 00:00:00+00:00,7536.834956746466
2020-04-26 00:00:00+00:00,7590.85444211591
2020-04-27 00:00:00+00:00,7701.799793181766
2020-04-28 00:00:00+00:00,7723.967248544829
2020-04-29 00:00:00+00:00,8197.255132426088
2020-04-30 00:00:00+00:00,8881.29159556968
2020-05-01 00:00:00+00:00,8775.448310739403
2020-05-02 00:00:00+00:00,8862.217084943279
2020-05-03 00:00:00+00:00,8971.433336596332
2020-05-04 00:00:00+00:00,8772.87469254227
2020-05-05 00:00:00+00:00,8917.869865728508
2020-05-06 00:00:00+00:00,9131.544794204849
2020-05-07 00:00:00+00:00,9441.817523941703
2020-05-08 00:00:00+00:00,9899.498802952146
2020-05-09 00:00:00+00:00,9732.877564625916
2020-05-10 00:00:00+00:00,8746.787924498838
2020-05-11 00:00:00+00:00,8708.65327492438
2020-05-12 00:00:00+00:00,8761.13528806653
2020-05-13 00:00:00+00:00,9016.729174502552
2020-05-14 00:00:00+00:00,9539.851872424324
2020-05-15 00:00:00+00:00,9531.336095608522
2020-05-16 00:00:00+00:00,9403.330728515632
2020-05-17 00:00:00+00:00,9601.190247897195
2020-05-18 00:00:00+00:00,9698.695069339195
2020-05-19 00:00:00+00:00,9662.348425013291
2020-05-20 00:00:00+00:00,9670.633639205802
2020-05-21 00:00:00+00:00,9301.012126452157
2020-05-22 00:00:00+00:00,9122.226186194148
2020-05-23 00:00:00+00:00,9201.460122052018
2020-05-24 00:00:00+00:00,9126.429839747898
2020-05-25 00:00:00+00:00,8811.38779928566
2020-05-26 00:00:00+00:00,8856.350997032538
2020-05-27 00:00:00+00:00,9009.283171529456
2020-05-28 00:00:00+00:00,9296.109038579429
2020-05-29 00:00:00+00:00,9449.904055575513
2020-05-30 00:00:00+00:00,9497.59734642399
2020-05-31 00:00:00+00:00,9545.273048983208
2020-06-01 00:00:00+00:00,9552.449398660869
2020-06-02 00:00:00+00:00,9873.9937389743
2020-06-03 00:00:00+00:00,9551.17001889415
2020-06-04 00:00:00+00:00,9688.399557722236
2020-06-05 00:00:00+00:00,9740.231136934684
2020-06-06 00:00:00+00:00,9639.036191877629
2020-06-07 00:00:00+00:00,9622.2358131277
2020-06-08 00:00:00+00:00,9715.08046385373
2020-06-09 00:00:00+00:00,9713.746943629554
2020-06-10 00:00:00+00:00,9778.904042302183
2020-06-11 00:00:00+00:00,9662.713279777585
2020-06-12 00:00:00+00:00,9418.13854766924
2020-06-13 00:00:00+00:00,9434.245305852224
2020-06-14 00:00:00+00:00,9418.34855505146
2020-06-15 00:00:00+00:00,9252.280597649651
2020-06-16 00:00:00+00:00,9489.302753265669
2020-06-17 00:00:00+00:00,9449.665662747106
2020-06-18 00:00:00+00:00,9419.393111792286
2020-06-19 00:00:00+00:00,9343.02657915056
2020-06-20 00:00:00+00:00,9309.252169162191
2020-06-21 00:00:00+00:00,9359.266679193504
2020-06-22 00:00:00+00:00,9477.938969407482
2020-06-23 00:00:00+00:00,9637.541678621716
2020-06-24 00:00:00+00:00,9457.07281807397
2020-06-25 00:00:00+00:00,9246.559027212632
2020-06-26 00:00:00+00:00,9203.253210321447
2020-06-27 00:00:00+00:00,9123.552172052505
2020-06-28 00:00:00+00:00,9069.844369693412
2020-06-29 00:00:00+00:00,9126.839096246951
2020-06-30 00:00:00+00:00,9155.076229320144
2020-07-01 00:00:00+00:00,9185.041556561458
2020-07-02 00:00:00+00:00,9175.229744193706
2020-07-03 00:00:00+00:00,9097.561849688254
2020-07-04 00:00:00+00:00,9092.647725903716
2020-07-05 00:00:00+00:00,9066.718313330422
2020-07-06 00:00:00+00:00,9209.956050184705
2020-07-07 00:00:00+00:00,9269.985575634624
2020-07-08 00:00:00+00:00,9334.843045669611
2020-07-09 00:00:00+00:00,9334.482426666194
2020-07-10 00:00:00+00:00,9200.299373026886
2020-07-11 00:00:00+00:00,9238.03159486564
2020-07-12 00:00:00+00:00,9247.506909749818
2020-07-13 00:00:00+00:00,9279.344388378526
2020-07-14 00:00:00+00:00,9218.094402796718
2020-07-15 00:00:00+00:00,9226.78776666694
2020-07-16 00:00:00+00:00,9140.89884093674
2020-07-17 00:00:00+00:00,9135.16723775559
2020-07-18 00:00:00+00:00,9158.983674975249
2020-07-19 00:00:00+00:00,9153.593599149
2020-07-20 00:00:00+00:00,9175.324889236434
2020-07-21 00:00:00+00:00,9296.115636222376
2020-07-22 00:00:00+00:00,9355.58492692479
2020-07-23 00:00:00+00:00,9525.910885903328
2020-07-24 00:00:00+00:00,9549.008373371498
2020-07-25 00:00:00+00:00,9606.043825412176
2020-07-26 00:00:00+00:00,9813.875953780178
2020-07-27 00:00:00+00:00,10416.879651772755
2020-07-28 00:00:00+00:00,10970.237717762371
2020-07-29 00:00:00+00:00,11078.190018793524
2020-07-30 00:00:00+00:00,11030.22686100536
2020-07-31 00:00:00+00:00,11182.666717128182
2020-08-01 00:00:00+00:00,11590.163296863777
2020-08-02 00:00:00+00:00,11335.316649389177
2020-08-03 00:00:00+00:00,11241.999034219143
2020-08-04 00:00:00+00:00,11238.779460452208
2020-08-05 00:00:00+00:00,11448.553563525516
2020-08-06 00:00:00+00:00,11744.860359102497
2020-08-07 00:00:00+00:00,11714.618246766971
2020-08-08 00:00:00+00:00,11675.274262993657
2020-08-09 00:00:00+00:00,11663.866933992918
2020-08-10 00:00:00+00:00,11884.249857142977
2020-08-11 00:00:00+00:00,11650.928741030357
2020-08-12 00:00:00+00:00,11463.338440117372
2020-08-13 00:00:00+00:00,11542.133607974894
2020-08-14 00:00:00+00:00,11745.02046373274
2020-08-15 00:00:00+00:00,11860.206220900252
2020-08-16 00:00:00+00:00,11848.165248911677
2020-08-17 00:00:00+00:00,12031.278880582404
2020-08-18 00:00:00+00:00,12150.24668972678
2020-08-19 00:00:00+00:00,11805.0093566039
2020-08-20 00:00:00+00:00,11787.905772176497
2020-08-21 00:00:00+00:00,11748.218816137596
2020-08-22 00:00:00+00:00,11556.629873749687
2020-08-23 00:00:00+00:00,11618.40911187677
2020-08-24 00:00:00+00:00,11727.23980576582
2020-08-25 00:00:00+00:00,11521.68205326121
2020-08-26 00:00:00+00:00,11394.070939052635
2020-08-27 00:00:00+00:00,11348.02239926377
2020-08-28 00:00:00+00:00,11434.42418544254
2020-08-29 00:00:00+00:00,11501.944708987588
2020-08-30 00:00:00+00:00,11601.881056833556
2020-08-31 00:00:00+00:00,11677.81770973612
2020-09-01 00:00:00+00:00,11855.834733161626
2020-09-02 00:00:00+00:00,11571.101433754582
2020-09-03 00:00:00+00:00,11073.359434123213
2020-09-04 00:00:00+00:00,10404.987583157606
2020-09-05 00:00:00+00:00,10287.131317167146
2020-09-06 00:00:00+00:00,10218.38326125495
2020-09-07 00:00:00+00:00,10162.51006286562
2020-09-08 00:00:00+00:00,10157.555399278372
2020-09-09 00:00:00+00:00,10186.582031810163
2020-09-10 00:00:00+00:00,10332.214896349218
2020-09-11 00:00:00+00:00,10301.925473654615
2020-09-12 00:00:00+00:00,10368.915811922689
2020-09-13 00:00:00+00:00,10401.061883665385
2020-09-14 00:00:00+00:00,10500.074340690337
2020-09-15 00:00:00+00:00,10771.903614824285
2020-09-16 00:00:00+00:00,10898.334854963065
2020-09-17 00:00:00+00:00,10898.1526118214
2020-09-18 00:00:00+00:00,10927.469673379455
2020-09-19 00:00:00+00:00,11014.750720046712
2020-09-20 00:00:00+00:00,10929.341881240776
2020-09-21 00:00:00+00:00,10694.908933445657
2020-09-22 00:00:00+00:00,10469.32302046422
2020-09-23 00:00:00+00:00,10444.43263681757
2020-09-24 00:00:00+00:00,10431.62526276365
2020-09-25 00:00:00+00:00,10665.06252007502
2020-09-26 00:00:00+00:00,10710.6789297478
2020-09-27 00:00:00+00:00,10713.643134868447
2020-09-28 00:00:00+00:00,10873.562382457068
2020-09-29 00:00:00+00:00,10727.049712391452
2020-09-30 00:00:00+00:00,10746.91365564934
2020-10-01 00:00:00+00:00,10760.41464750666
2020-10-02 00:00:00+00:00,10531.443875173916
2020-10-03 00:00:00+00:00,10552.6430029671
2020-10-04 00:00:00+00:00,10602.869489484665
2020-10-05 00:00:00+00:00,10700.958414967145
2020-10-06 00:00:00+00:00,10698.007351317274
2020-10-07 00:00:00+00:00,10622.732384579898
2020-10-08 00:00:00+00:00,10727.986958215672
2020-10-09 00:00:00+00:00,10976.094975298782
2020-10-10 00:00:00+00:00,11318.510771241308
2020-10-11 00:00:00+00:00,11355.221394276905
2020-10-12 00:00:00+00:00,11437.700728158014
2020-10-13 00:00:00+00:00,11447.710310092132
2020-10-14 00:00:00+00:00,11403.189751537866
2020-10-15 00:00:00+00:00,11412.882915768849
2020-10-16 00:00:00+00:00,11372.07521399204
2020-10-17 00:00:00+00:00,11343.99677772728
2020-10-18 00:00:00+00:00,11423.7726200134
2020-10-19 00:00:00+00:00,11573.137338172255
2020-10-20 00:00:00+00:00,11836.551334742646
2020-10-21 00:00:00+00:00,12422.59781005591
2020-10-22 00:00:00+00:00,12907.173933578728
2020-10-23 00:00:00+00:00,12918.462026923957
2020-10-24 00:00:00+00:00,13011.227153553857
2020-10-25 00:00:00+00:00,13040.74912607535
2020-10-26 00:00:00+00:00,13047.311329971337
2020-10-27 00:00:00+00:00,13340.493375958977
2020-10-28 00:00:00+00:00,13441.96439010084
2020-10-29 00:00:00+00:00,13310.456876242068
2020-10-30 00:00:00+00:00,13421.776043064638
2020-10-31 00:00:00+00:00,13718.145499146169
2020-11-01 00:00:00+00:00,13736.819635691494
2020-11-02 00:00:00+00:00,13572.969149730772
2020-11-03 00:00:00+00:00,13587.565333062716
2020-11-04 00:00:00+00:00,13875.81470310742
2020-11-05 00:00:00+00:00,14674.640041557788
2020-11-06 00:00:00+00:00,15554.754542500405
2020-11-07 00:00:00+00:00,15350.414147406176
2020-11-08 00:00:00+00:00,15179.006123137347
2020-11-09 00:00:00+00:00,15375.784751174917
2020-11-10 00:00:00+00:00,15312.583776645466
2020-11-11 00:00:00+00:00,15557.348464151246
2020-11-12 00:00:00+00:00,15901.246259217163
2020-11-13 00:00:00+00:00,16275.05129424014
2020-11-14 00:00:00+00:00,16026.420598113718
2020-11-15 00:00:00+00:00,15997.482127768912
2020-11-16 00:00:00+00:00,16349.90290939968
2020-11-17 00:00:00+00:00,17049.748855092184
2020-11-18 00:00:00+00:00,17886.47966862938
2020-11-19 00:00:00+00:00,17833.868982498512
2020-11-20 00:00:00+00:00,18298.9557812546
2020-11-21 00:00:00+00:00,18690.34935633583
2020-11-22 00:00:00+00:00,18377.982804010757
2020-11-23 00:00:00+00:00,18415.790021758028
2020-11-24 00:00:00+00:00,18801.441774007737
2020-11-25 00:00:00+00:00,19014.078463980808
2020-11-26 00:00:00+00:00,17418.35177129781
2020-11-27 00:00:00+00:00,16983.959291906354
2020-11-28 00:00:00+00:00,17299.424250199634
2020-11-29 00:00:00+00:00,17970.338713111592
2020-11-30 00:00:00+00:00,18844.63471738021
2020-12-01 00:00:00+00:00,19278.72500257139
2020-12-02 00:00:00+00:00,18946.77100116312
2020-12-03 00:00:00+00:00,19265.854897206376
2020-12-04 00:00:00+00:00,19135.96855398672
2020-12-05 00:00:00+00:00,18989.63821911185
2020-12-06 00:00:00+00:00,19136.976015175856
2020-12-07 00:00:00+00:00,19198.983551742
2020-12-08 00:00:00+00:00,18951.270067087764
2020-12-09 00:00:00+00:00,18277.759350607
2020-12-10 00:00:00+00:00,18323.738236588604
2020-12-11 00:00:00+00:00,17959.613094090702
2020-12-12 00:00:00+00:00,18454.100352254867
2020-12-13 00:00:00+00:00,19106.463816226085
2020-12-14 00:00:00+00:00,19154.34010523866
2020-12-15 00:00:00+00:00,19336.44655768578
2020-12-16 00:00:00+00:00,20026.9457393584
2020-12-17 00:00:00+00:00,22582.280519940698
2020-12-18 00:00:00+00:00,22848.22723105797
2020-12-19 00:00:00+00:00,23304.950496335336
2020-12-20 00:00:00+00:00,23615.1938320702
2020-12-21 00:00:00+00:00,23315.44097667005
2020-12-22 00:00:00+00:00,23106.107385761297
2020-12-23 00:00:00+00:00,23555.478253322188
2020-12-24 00:00:00+00:00,23269.189783855105
2020-12-25 00:00:00+00:00,24028.25043086807
2020-12-26 00:00:00+00:00,25247.38693157908
2020-12-27 00:00:00+00:00,27105.58376454825
2020-12-28 00:00:00+00:00,26987.64863304404
2020-12-29 00:00:00+00:00,26763.50130429652
2020-12-30 00:00:00+00:00,28189.624084306368
2020-12-31 00:00:00+00:00,28902.762810058804
2021-01-01 00:00:00+00:00,29229.8334164774
2021-01-02 00:00:00+00:00,30697.77352907225
2021-01-03 00:00:00+00:00,33541.18340367208
2021-01-04 00:00:00+00:00,31972.2467414774
2021-01-05 00:00:00+00:00,32103.053555009
2021-01-06 00:00:00+00:00,34927.945645346605
2021-01-07 00:00:00+00:00,38091.52867965294
2021-01-08 00:00:00+00:00,39851.92924550399
2021-01-09 00:00:00+00:00,40380.75931951838
2021-01-10 00:00:00+00:00,39800.27198017296
2021-01-11 00:00:00+00:00,34582.78688977601
2021-01-12 00:00:00+00:00,35060.594028600535
2021-01-13 00:00:00+00:00,34683.09818633999
2021-01-14 00:00:00+00:00,38435.44758994526
2021-01-15 00:00:00+00:00,37449.0929921148
2021-01-16 00:00:00+00:00,36892.09158608075
2021-01-17 00:00:00+00:00,35664.61525388409
2021-01-18 00:00:00+00:00,36065.76460542948
2021-01-19 00:00:00+00:00,36828.16216788609
2021-01-20 00:00:00+00:00,35201.69711654093
2021-01-21 00:00:00+00:00,33060.65318720345
2021-01-22 00:00:00+00:00,31818.639441749405
2021-01-23 00:00:00+00:00,32384.183885403985
2021-01-24 00:00:00+00:00,32224.222972319043
2021-01-25 00:00:00+00:00,33372.43888788057
2021-01-26 00:00:00+00:00,32054.79845289094
2021-01-27 00:00:00+00:00,31163.797601287515
2021-01-28 00:00:00+00:00,31739.263188512883
2021-01-29 00:00:00+00:00,35036.385686007765
2021-01-30 00:00:00+00:00,34048.49315541144
2021-01-31 00:00:00+00:00,33371.55957393086
2021-02-01 00:00:00+00:00,33605.62436254895
2021-02-02 00:00:00+00:00,34529.25027377587
2021-02-03 00:00:00+00:00,36439.01221416287
2021-02-04 00:00:00+00:00,37458.77381077353
2021-02-05 00:00:00+00:00,37558.91429942066
2021-02-06 00:00:00+00:00,39750.383521562
2021-02-07 00:00:00+00:00,38612.1405316751
2021-02-08 00:00:00+00:00,40991.60112688953
2021-02-09 00:00:00+00:00,46639.27296538328
2021-02-10 00:00:00+00:00,45723.08595689972
2021-02-11 00:00:00+00:00,46118.043459675486
2021-02-12 00:00:00+00:00,47467.22473808058
2021-02-13 00:00:00+00:00,47165.39395759345
2021-02-14 00:00:00+00:00,48363.78485938953
2021-02-15 00:00:00+00:00,47831.56570507438
2021-02-16 00:00:00+00:00,48856.15637868907
2021-02-17 00:00:00+00:00,50846.46910359487
2021-02-18 00:00:00+00:00,51943.66461087831
2021-02-19 00:00:00+00:00,53045.0121842171
2021-02-20 00:00:00+00:00,56449.07519810408
2021-02-21 00:00:00+00:00,57150.06359639034
2021-02-22 00:00:00+00:00,55002.11961443509
2021-02-23 00:00:00+00:00,49176.394193733744
2021-02-24 00:00:00+00:00,49897.93102935333
2021-02-25 00:00:00+00:00,50178.27865104392
2021-02-26 00:00:00+00:00,46797.03602496188
2021-02-27 00:00:00+00:00,47301.31776751805
2021-02-28 00:00:00+00:00,44975.89703481605
2021-03-01 00:00:00+00:00,47572.937295312666
2021-03-02 00:00:00+00:00,48683.88421385525
2021-03-03 00:00:00+00:00,50431.01222425467
2021-03-04 00:00:00+00:00,49491.0339146095
2021-03-05 00:00:00+00:00,47920.13957880306
2021-03-06 00:00:00+00:00,48487.45924034724
2021-03-07 00:00:00+00:00,50218.67039963381
2021-03-08 00:00:00+00:00,50839.55288281443
2021-03-09 00:00:00+00:00,53944.03686768774
2021-03-10 00:00:00+00:00,55394.89325348587
2021-03-11 00:00:00+00:00,56342.66113524809
2021-03-12 00:00:00+00:00,56972.00667771976
2021-03-13 00:00:00+00:00,58781.57351327738
2021-03-14 00:00:00+00:00,60543.02460011293
2021-03-15 00:00:00+00:00,57671.585333261326
2021-03-16 00:00:00+00:00,55496.22751406942
2021-03-17 00:00:00+00:00,56247.327795777885
2021-03-18 00:00:00+00:00,58694.30925128975
2021-03-19 00:00:00+00:00,58442.68426931288
2021-03-20 00:00:00+00:00,59020.72218572272
2021-03-21 00:00:00+00:00,57476.98681381177
2021-03-22 00:00:00+00:00,56899.83943529538
2021-03-23 00:00:00+00:00,54754.23168394119
2021-03-24 00:00:00+00:00,55275.27423470088
2021-03-25 00:00:00+00:00,52218.44601406791
2021-03-26 00:00:00+00:00,53261.50767482566
2021-03-27 00:00:00+00:00,55197.31775888918
2021-03-28 00:00:00+00:00,55859.76173182644
2021-03-29 00:00:00+00:00,56927.07062011483
2021-03-30 00:00:00+00:00,58378.03384923749
2021-03-31 00:00:00+00:00,58687.62140550464
2021-04-01 00:00:00+00:00,58853.70280985616
2021-04-02 00:00:00+00:00,59312.02199969452
2021-04-03 00:00:00+00:00,58976.08119935607
2021-04-04 00:00:00+00:00,57735.41774465165
2021-04-05 00:00:00+00:00,58090.74201683056
2021-04-06 00:00:00+00:00,58470.27876853955
2021-04-07 00:00:00+00:00,57074.54216517993
2021-04-08 00:00:00+00:00,57136.02195634466
2021-04-09 00:00:00+00:00,58205.53847204844
2021-04-10 00:00:00+00:00,59802.031979429616
2021-04-11 00:00:00+00:00,59825.6997968877
2021-04-12 00:00:00+00:00,60153.46347007857
2021-04-13 00:00:00+00:00,62119.01614082968
2021-04-14 00:00:00+00:00,63506.12083928135
2021-04-15 00:00:00+00:00,62923.49748160892
2021-04-16 00:00:00+00:00,61742.94773566356
2021-04-17 00:00:00+00:00,61430.33436901956
2021-04-18 00:00:00+00:00,56388.384915296025
2021-04-19 00:00:00+00:00,56399.66806265412
2021-04-20 00:00:00+00:00,55612.05077381715
2021-04-21 00:00:00+00:00,55486.51402157853
2021-04-22 00:00:00+00:00,53889.74718971592
2021-04-23 00:00:00+00:00,50040.50680527092
2021-04-24 00:00:00+00:00,50154.36935833452
2021-04-25 00:00:00+00:00,49645.14329042958
2021-04-26 00:00:00+00:00,52952.27120580073
2021-04-27 00:00:00+00:00,54548.077145955256
2021-04-28 00:00:00+00:00,54778.06205801692
2021-04-29 00:00:00+00:00,53933.60989972801
2021-04-30 00:00:00+00:00,55240.509975923975
2021-05-01 00:00:00+00:00,57787.14470273657
2021-05-02 00:00:00+00:00,56933.62356334296
2021-05-03 00:00:00+00:00,57913.33063358238
2021-05-04 00:00:00+00:00,55361.06766110851
2021-05-05 00:00:00+00:00,55857.03463834173
2021-05-06 00:00:00+00:00,56961.44243755792
2021-05-07 00:00:00+00:00,56831.14639798826
2021-05-08 00:00:00+00:00,58493.920419752045
2021-05-09 00:00:00+00:00,57983.90849460915
2021-05-10 00:00:00+00:00,57870.88936136875
2021-05-11 00:00:00+00:00,55839.25338226127
2021-05-12 00:00:00+00:00,56091.80652117718
2021-05-13 00:00:00+00:00,49873.32560057447
2021-05-14 00:00:00+00:00,50179.98497567296
2021-05-15 00:00:00+00:00,48987.7416560851
2021-05-16 00:00:00+00:00,47730.19335684378
2021-05-17 00:00:00+00:00,44381.240570594295
2021-05-18 00:00:00+00:00,44204.71135929148
2021-05-19 00:00:00+00:00,39550.92810144155
2021-05-20 00:00:00+00:00,40106.43390062442
2021-05-21 00:00:00+00:00,39194.81677537214
2021-05-22 00:00:00+00:00,37551.47324569042
2021-05-23 00:00:00+00:00,35082.194965817005
2021-05-24 00:00:00+00:00,37070.07797912168
2021-05-25 00:00:00+00:00,38156.95079687823
2021-05-26 00:00:00+00:00,39254.22131212457
2021-05-27 00:00:00+00:00,38850.73372251487
2021-05-28 00:00:00+00:00,36711.74436669944
2021-05-29 00:00:00+00:00,35347.07143184336
2021-05-30 00:00:00+00:00,35554.35574848946
2021-05-31 00:00:00+00:00,36151.132550327566
2021-06-01 00:00:00+00:00,36587.41134881774
2021-06-02 00:00:00+00:00,37312.88913873324
2021-06-03 00:00:00+00:00,38583.37619997541
2021-06-04 00:00:00+00:00,37164.345430244015
2021-06-05 00:00:00+00:00,36640.28284702416
2021-06-06 00:00:00+00:00,35988.5291744702
2021-06-07 00:00:00+00:00,35982.004658989
2021-06-08 00:00:00+00:00,32983.495420300795
2021-06-09 00:00:00+00:00,34792.88685690691
2021-06-10 00:00:00+00:00,37144.922800655695
2021-06-11 00:00:00+00:00,37075.41201276983
2021-06-12 00:00:00+00:00,35901.593019397944
2021-06-13 00:00:00+00:00,36417.2446113425
2021-06-14 00:00:00+00:00,39746.70424794185
2021-06-15 00:00:00+00:00,40282.29384501455
2021-06-16 00:00:00+00:00,39556.16442295657
2021-06-17 00:00:00+00:00,38689.45572602807
2021-06-18 00:00:00+00:00,37137.352954514055
2021-06-19 00:00:00+00:00,35852.55814770159
2021-06-20 00:00:00+00:00,35163.819667717755
2021-06-21 00:00:00+00:00,33302.034967350635
2021-06-22 00:00:00+00:00,32084.689549485654
2021-06-23 00:00:00+00:00,33825.92362948124
2021-06-24 00:00:00+00:00,33767.79885961159
2021-06-25 00:00:00+00:00,33496.43077343512
2021-06-26 00:00:00+00:00,31612.9543190191
2021-06-27 00:00:00+00:00,33075.57428065893
2021-06-28 00:00:00+00:00,34536.80773259253
2021-06-29 00:00:00+00:00,35601.15676633517
2021-06-30 00:00:00+00:00,35000.56444109483
2021-07-01 00:00:00+00:00,33820.49456516449
2021-07-02 00:00:00+00:00,33376.29444613538
2021-07-03 00:00:00+00:00,34374.57130443766
2021-07-04 00:00:00+00:00,35336.784370779795
2021-07-05 00:00:00+00:00,34210.94924409491
2021-07-06 00:00:00+00:00,34210.014476022174
2021-07-07 00:00:00+00:00,34614.456981397496
2021-07-08 00:00:00+00:00,32984.43996668403
2021-07-09 00:00:00+00:00,33221.36027515036
2021-07-10 00:00:00+00:00,33803.490820545085
2021-07-11 00:00:00+00:00,33876.2724695186
2021-07-12 00:00:00+00:00,33785.08222705023
2021-07-13 00:00:00+00:00,32940.283122550514
2021-07-14 00:00:00+00:00,32552.717863165115
2021-07-15 00:00:00+00:00,32237.12032044266
2021-07-16 00:00:00+00:00,31790.255339155585
2021-07-17 00:00:00+00:00,31636.65448833629
2021-07-18 00:00:00+00:00,31830.02322941828
2021-07-19 00:00:00+00:00,31261.5899440885
2021-07-20 00:00:00+00:00,29936.71710347192
2021-07-21 00:00:00+00:00,31207.65449500245
2021-07-22 00:00:00+00:00,32194.866850016017
2021-07-23 00:00:00+00:00,32522.38116544714
2021-07-24 00:00:00+00:00,33894.09243722408
2021-07-25 00:00:00+00:00,34367.30304659441
2021-07-26 00:00:00+00:00,38236.021684049374
2021-07-27 00:00:00+00:00,37707.78434286219
2021-07-28 00:00:00+00:00,39803.89830016024
2021-07-29 00:00:00+00:00,39888.17227537144
2021-07-30 00:00:00+00:00,39625.74334738018
2021-07-31 00:00:00+00:00,41647.84764566408
2021-08-01 00:00:00+00:00,41547.29060156882
2021-08-02 00:00:00+00:00,39684.34256105122
2021-08-03 00:00:00+00:00,38581.01886389272
2021-08-04 00:00:00+00:00,38716.75717028139
2021-08-05 00:00:00+00:00,39373.70813634563
2021-08-06 00:00:00+00:00,41285.69807936501
2021-08-07 00:00:00+00:00,43528.285265032864
2021-08-08 00:00:00+00:00,44336.02421498702
2021-08-09 00:00:00+00:00,44858.05740839054
2021-08-10 00:00:00+00:00,45627.27194568026
2021-08-11 00:00:00+00:00,46053.95176322997
2021-08-12 00:00:00+00:00,44962.29804731271
2021-08-13 00:00:00+00:00,46109.23821320572
2021-08-14 00:00:00+00:00,47136.855665841664
2021-08-15 00:00:00+00:00,46450.345441308666
2021-08-16 00:00:00+00:00,46930.71162661095
2021-08-17 00:00:00+00:00,46028.0341109494
2021-08-18 00:00:00+00:00,45163.67827639605
2021-08-19 00:00:00+00:00,45217.993615383086
2021-08-20 00:00:00+00:00,47684.6961955207
2021-08-21 00:00:00+00:00,49043.81815558821
2021-08-22 00:00:00+00:00,48873.05430239629
2021-08-23 00:00:00+00:00,49815.0234690845
2021-08-24 00:00:00+00:00,48964.26836634072
2021-08-25 00:00:00+00:00,48268.49729910817
2021-08-26 00:00:00+00:00,47442.72525578425
2021-08-27 00:00:00+00:00,47760.82626880446
2021-08-28 00:00:00+00:00,48935.39177911709
2021-08-29 00:00:00+00:00,48704.0299648791
2021-08-30 00:00:00+00:00,48198.10569661784
2021-08-31 00:00:00+00:00,47383.72315572647
2021-09-01 00:00:00+00:00,47693.09432880484
2021-09-02 00:00:00+00:00,49623.86384419157
2021-09-03 00:00:00+00:00,49895.78659908954
2021-09-04 00:00:00+00:00,50080.74336062931
2021-09-05 00:00:00+00:00,50291.2647041131
2021-09-06 00:00:00+00:00,51710.81901137025
2021-09-07 00:00:00+00:00,50207.04051736265
2021-09-08 00:00:00+00:00,46432.15851336403
2021-09-09 00:00:00+00:00,46537.55817213185
2021-09-10 00:00:00+00:00,46098.31400354326
2021-09-11 00:00:00+00:00,45525.87478962349
2021-09-12 00:00:00+00:00,45695.18955778849
2021-09-13 00:00:00+00:00,44969.4204723966
2021-09-14 00:00:00+00:00,46093.14995278767
2021-09-15 00:00:00+00:00,47627.717025828526
2021-09-16 00:00:00+00:00,47933.11447503229
2021-09-17 00:00:00+00:00,47695.23591642184
2021-09-18 00:00:00+00:00,48320.498931660026
2021-09-19 00:00:00+00:00,47843.08533605895
2021-09-20 00:00:00+00:00,44815.30826798711
2021-09-21 00:00:00+00:00,42630.54626278884
2021-09-22 00:00:00+00:00,42560.356093888935
2021-09-23 00:00:00+00:00,44198.41482628038
2021-09-24 00:00:00+00:00,43256.30562364372
2021-09-25 00:00:00+00:00,42702.79456930457
2021-09-26 00:00:00+00:00,42871.03418444044
2021-09-27 00:00:00+00:00,43617.99841728612
2021-09-28 00:00:00+00:00,42031.23286757444
2021-09-29 00:00:00+00:00,41930.934599536726
2021-09-30 00:00:00+00:00,43294.77860433753
2021-10-01 00:00:00+00:00,46030.35349731094
2021-10-02 00:00:00+00:00,47934.024928878505
2021-10-03 00:00:00+00:00,48104.29196871308
2021-10-04 00:00:00+00:00,48212.66460064834
2021-10-05 00:00:00+00:00,50106.53407091721
2021-10-06 00:00:00+00:00,52862.631508363374
2021-10-07 00:00:00+00:00,54518.16935238964
2021-10-08 00:00:00+00:00,54529.66962552821
2021-10-09 00:00:00+00:00,54804.7718358819
2021-10-10 00:00:00+00:00,55281.298227891406
2021-10-11 00:00:00+00:00,56786.2591895154
2021-10-12 00:00:00+00:00,56821.29656692608
2021-10-13 00:00:00+00:00,56153.38392570099
2021-10-14 00:00:00+00:00,57780.98655925145
2021-10-15 00:00:00+00:00,60004.56507644878
2021-10-16 00:00:00+00:00,61474.53309664362
2021-10-17 00:00:00+00:00,60998.43308197713
2021-10-18 00:00:00+00:00,61916.81689611398
2021-10-19 00:00:00+00:00,62765.65719071578
2021-10-20 00:00:00+00:00,65075.19136445947
2021-10-21 00:00:00+00:00,64502.795640684
2021-10-22 00:00:00+00:00,62389.47318411438
2021-10-23 00:00:00+00:00,61314.83662787784
2021-10-24 00:00:00+00:00,60884.46154219017
2021-10-25 00:00:00+00:00,62874.6232158982
2021-10-26 00:00:00+00:00,62603.1192325659
2021-10-27 00:00:00+00:00,59707.88182078162
2021-10-28 00:00:00+00:00,60396.5322841449
2021-10-29 00:00:00+00:00,61708.31703193992
2021-10-30 00:00:00+00:00,61762.87137043935
2021-10-31 00:00:00+00:00,61193.22108016518
2021-11-01 00:00:00+00:00,61297.738958532485
2021-11-02 00:00:00+00:00,62522.64312183146
2021-11-03 00:00:00+00:00,62858.661122409634
2021-11-04 00:00:00+00:00,61916.99446626127
2021-11-05 00:00:00+00:00,61643.999936667766
2021-11-06 00:00:00+00:00,61142.951866424
2021-11-07 00:00:00+00:00,62283.84187160903
2021-11-08 00:00:00+00:00,65847.43716870592
2021-11-09 00:00:00+00:00,67695.53936480748
2021-11-10 00:00:00+00:00,67056.1720307551
2021-11-11 00:00:00+00:00,65193.58802981122
2021-11-12 00:00:00+00:00,64461.68989297299
2021-11-13 00:00:00+00:00,64229.05381697326
2021-11-14 00:00:00+00:00,64645.98212575008
2021-11-15 00:00:00+00:00,65323.78886071772
2021-11-16 00:00:00+00:00,61098.24837127156
2021-11-17 00:00:00+00:00,60143.16259815451
2021-11-18 00:00:00+00:00,59319.10028059336
2021-11-19 00:00:00+00:00,57286.66509312992
2021-11-20 00:00:00+00:00,58890.83952296172
2021-11-21 00:00:00+00:00,59397.66695903384
2021-11-22 00:00:00+00:00,57471.209870618535
2021-11-23 00:00:00+00:00,56942.55513280736
2021-11-24 00:00:00+00:00,56810.20862933943
2021-11-25 00:00:00+00:00,58228.28047927032
2021-11-26 00:00:00+00:00,55825.7465313263
2021-11-27 00:00:00+00:00,54717.534023105225
2021-11-28 00:00:00+00:00,54605.265584401
2021-11-29 00:00:00+00:00,57558.24161542734
2021-11-30 00:00:00+00:00,57385.4274374959
2021-12-01 00:00:00+00:00,57421.864748532586
2021-12-02 00:00:00+00:00,56757.00258739094
2021-12-03 00:00:00+00:00,55964.06725922189
2021-12-04 00:00:00+00:00,49226.6730886442
2021-12-05 00:00:00+00:00,49231.86503272187
2021-12-06 00:00:00+00:00,48866.56835195561
2021-12-07 00:00:00+00:00,51011.65628801355
2021-12-08 00:00:00+00:00,50309.815637970976
2021-12-09 00:00:00+00:00,49196.03560791985
2021-12-10 00:00:00+00:00,48270.48379062532
2021-12-11 00:00:00+00:00,48450.33078043126
2021-12-12 00:00:00+00:00,49542.77084331447
2021-12-13 00:00:00+00:00,48347.387618133216
2021-12-14 00:00:00+00:00,47200.102982521
2021-12-15 00:00:00+00:00,48190.26864689336
2021-12-16 00:00:00+00:00,48681.0771889304
2021-12-17 00:00:00+00:00,47176.43849435688
2021-12-18 00:00:00+00:00,46694.405325618565
2021-12-19 00:00:00+00:00,47241.651674566856
2021-12-20 00:00:00+00:00,46514.21593218376
2021-12-21 00:00:00+00:00,48513.98778619594
2021-12-22 00:00:00+00:00,49212.90031450431
2021-12-23 00:00:00+00:00,49230.605241500896
2021-12-24 00:00:00+00:00,51169.930430494576
2021-12-25 00:00:00+00:00,50937.078620901455
2021-12-26 00:00:00+00:00,50250.15448201861
2021-12-27 00:00:00+00:00,51126.16372050734
2021-12-28 00:00:00+00:00,49020.98158965543
2021-12-29 00:00:00+00:00,47745.017722945886
2021-12-30 00:00:00+00:00,47191.82087926285
2021-12-31 00:00:00+00:00,47356.04865268068
2022-01-01 00:00:00+00:00,47174.93576611852
2022-01-02 00:00:00+00:00,47317.13795555589
2022-01-03 00:00:00+00:00,46891.5276916667
2022-01-04 00:00:00+00:00,46498.006785208425
2022-01-05 00:00:00+00:00,45971.163211908686
2022-01-06 00:00:00+00:00,43210.68416459178
2022-01-07 00:00:00+00:00,42056.26265284817
2022-01-08 00:00:00+00:00,41741.48519599958
2022-01-09 00:00:00+00:00,41991.15310354402
2022-01-10 00:00:00+00:00,41690.85731675558
2022-01-11 00:00:00+00:00,42244.41584355766
2022-01-12 00:00:00+00:00,43245.03025529976
2022-01-13 00:00:00+00:00,43475.73416847598
2022-01-14 00:00:00+00:00,42826.15521395046
2022-01-15 00:00:00+00:00,43218.33401365135
2022-01-16 00:00:00+00:00,43142.16732634461
2022-01-17 00:00:00+00:00,42623.9626325473
2022-01-18 00:00:00+00:00,42012.25572292804
2022-01-19 00:00:00+00:00,41963.5204683278
2022-01-20 00:00:00+00:00,42280.649296640935
2022-01-21 00:00:00+00:00,38769.364522487725
2022-01-22 00:00:00+00:00,35585.061809973886
2022-01-23 00:00:00+00:00,35476.53368288671
2022-01-24 00:00:00+00:00,35202.67934694656
2022-01-25 00:00:00+00:00,36549.52208564999
2022-01-26 00:00:00+00:00,37569.52044335337
2022-01-27 00:00:00+00:00,36425.06610191264
2022-01-28 00:00:00+00:00,37075.2011787898
2022-01-29 00:00:00+00:00,37872.49688984053
2022-01-30 00:00:00+00:00,38012.02934193712
2022-01-31 00:00:00+00:00,37615.26451445901
2022-02-01 00:00:00+00:00,38585.02732352469
2022-02-02 00:00:00+00:00,38170.27473615543
2022-02-03 00:00:00+00:00,36879.5862364722
2022-02-04 00:00:00+00:00,38606.84660957859
2022-02-05 00:00:00+00:00,41584.41817677524
2022-02-06 00:00:00+00:00,41635.38658882352
2022-02-07 00:00:00+00:00,43158.85304111595
2022-02-08 00:00:00+00:00,43969.39111572163
2022-02-09 00:00:00+00:00,43982.32335157239
2022-02-10 00:00:00+00:00,44387.6269718816
2022-02-11 00:00:00+00:00,43250.59990114092
2022-02-12 00:00:00+00:00,42412.573756548816
2022-02-13 00:00:00+00:00,42394.849870320926
2022-02-14 00:00:00+00:00,42290.44929650354
2022-02-15 00:00:00+00:00,43884.86323530776
2022-02-16 00:00:00+00:00,44039.050985034926
2022-02-17 00:00:00+00:00,42790.96248855226
2022-02-18 00:00:00+00:00,40494.37781947379
2022-02-19 00:00:00+00:00,40120.13467447759
2022-02-20 00:00:00+00:00,38878.53786485548
2022-02-21 00:00:00+00:00,38642.76304672314
2022-02-22 00:00:00+00:00,37480.180002680405
2022-02-23 00:00:00+00:00,38297.82218483661
2022-02-24 00:00:00+00:00,36185.987975461096
2022-02-25 00:00:00+00:00,38873.18184032386
2022-02-26 00:00:00+00:00,39291.322811899176
2022-02-27 00:00:00+00:00,38829.29305944773
2022-02-28 00:00:00+00:00,39261.69049432671
2022-03-01 00:00:00+00:00,43656.13590008625
2022-03-02 00:00:00+00:00,44090.369369144144
2022-03-03 00:00:00+00:00,43170.80154553427
2022-03-04 00:00:00+00:00,41094.01463710816
2022-03-05 00:00:00+00:00,39208.10286302286
2022-03-06 00:00:00+00:00,39119.86693384751
2022-03-07 00:00:00+00:00,38279.95002381236
2022-03-08 00:00:00+00:00,38647.381855708176
2022-03-09 00:00:00+00:00,41484.77067069069
2022-03-10 00:00:00+00:00,39707.30649163184
2022-03-11 00:00:00+00:00,39007.5286026118
2022-03-12 00:00:00+00:00,39126.98844299885
2022-03-13 00:00:00+00:00,38927.27999653502
2022-03-14 00:00:00+00:00,38703.8055310252
2022-03-15 00:00:00+00:00,39021.762591812025
2022-03-16 00:00:00+00:00,40186.21831915225
2022-03-17 00:00:00+00:00,40941.80548062939
2022-03-18 00:00:00+00:00,40960.097380834304
2022-03-19 00:00:00+00:00,41864.24730975241
2022-03-20 00:00:00+00:00,41664.6506642424
2022-03-21 00:00:00+00:00,41117.12305353032
2022-03-22 00:00:00+00:00,42405.23285754183
2022-03-23 00:00:00+00:00,42268.52061905911
2022-03-24 00:00:00+00:00,43288.7316343236
2022-03-25 00:00:00+00:00,44253.33075115661
2022-03-26 00:00:00+00:00,44366.26505964465
2022-03-27 00:00:00+00:00,44854.321734133904
2022-03-28 00:00:00+00:00,47226.48880470649
2022-03-29 00:00:00+00:00,47497.48644493224
2022-03-30 00:00:00+00:00,47230.59931064044
2022-03-31 00:00:00+00:00,46722.25703964566
2022-04-01 00:00:00+00:00,45502.05794868796
2022-04-02 00:00:00+00:00,46481.15403676822
2022-04-03 00:00:00+00:00,46325.05182915415
2022-04-04 00:00:00+00:00,46071.78134309356
2022-04-05 00:00:00+00:00,46396.57706491516
2022-04-06 00:00:00+00:00,44737.00635992977
2022-04-07 00:00:00+00:00,43472.734492390286
2022-04-08 00:00:00+00:00,43368.87375511459
2022-04-09 00:00:00+00:00,42492.92029089281
2022-04-10 00:00:00+00:00,42789.76583044827
2022-04-11 00:00:00+00:00,41353.320374818126
2022-04-12 00:00:00+00:00,39987.08607055697
2022-04-13 00:00:00+00:00,40488.99225522412
2022-04-14 00:00:00+00:00,40759.67252489921
2022-04-15 00:00:00+00:00,40247.517322614265
2022-04-16 00:00:00+00:00,40430.23077522358
2022-04-17 00:00:00+00:00,40363.300653162085
2022-04-18 00:00:00+00:00,39659.138309711685
2022-04-19 00:00:00+00:00,41034.419084158406
2022-04-20 00:00:00+00:00,41477.76998735979
2022-04-21 00:00:00+00:00,41719.04005775794
2022-04-22 00:00:00+00:00,40163.17658077832
2022-04-23 00:00:00+00:00,39694.55003195772
2022-04-24 00:00:00+00:00,39663.47758801409
2022-04-25 00:00:00+00:00,39236.98787022549
2022-04-26 00:00:00+00:00,39724.059078579805
2022-04-27 00:00:00+00:00,38810.21761156114
2022-04-28 00:00:00+00:00,39586.88519206105
2022-04-29 00:00:00+00:00,39132.28699578648
2022-04-30 00:00:00+00:00,38582.66369913847
2022-05-01 00:00:00+00:00,38107.06498797543
2022-05-02 00:00:00+00:00,38713.21002154964
2022-05-03 00:00:00+00:00,38319.19818125973
2022-05-04 00:00:00+00:00,38822.11794762972
2022-05-05 00:00:00+00:00,38541.64771681337
2022-05-06 00:00:00+00:00,36213.98788100316
2022-05-07 00:00:00+00:00,35924.380615954324
2022-05-08 00:00:00+00:00,34639.004942713866
2022-05-09 00:00:00+00:00,32771.48348068661
2022-05-10 00:00:00+00:00,31324.02268305428
2022-05-11 00:00:00+00:00,30643.54457897039
2022-05-12 00:00:00+00:00,28546.07628615784
2022-05-13 00:00:00+00:00,30228.04839322541
2022-05-14 00:00:00+00:00,29397.861696606127
2022-05-15 00:00:00+00:00,30162.214705644587
2022-05-16 00:00:00+00:00,30061.59636462353
2022-05-17 00:00:00+00:00,30324.95878745454
2022-05-18 00:00:00+00:00,29663.13636875393
2022-05-19 00:00:00+00:00,29556.88933783614
2022-05-20 00:00:00+00:00,29785.703059814477
2022-05-21 00:00:00+00:00,29370.423478881323
2022-05-22 00:00:00+00:00,29805.36068990344
2022-05-23 00:00:00+00:00,30153.41497346245
2022-05-24 00:00:00+00:00,29302.060927153405
2022-05-25 00:00:00+00:00,29768.86308910213
2022-05-26 00:00:00+00:00,29486.05683377192
2022-05-27 00:00:00+00:00,28939.51835601618
2022-05-28 00:00:00+00:00,28906.178531526995
2022-05-29 00:00:00+00:00,29169.5200413123
2022-05-30 00:00:00+00:00,30568.144359691563
2022-05-31 00:00:00+00:00,31716.547259092607
2022-06-01 00:00:00+00:00,31160.385915609502
2022-06-02 00:00:00+00:00,30045.434696906235
2022-06-03 00:00:00+00:00,30027.236890960303
2022-06-04 00:00:00+00:00,29719.668886916857
2022-06-05 00:00:00+00:00,29839.315351397425
2022-06-06 00:00:00+00:00,31227.84156322843
2022-06-07 00:00:00+00:00,30050.612539003603
2022-06-08 00:00:00+00:00,30534.57265628693
2022-06-09 00:00:00+00:00,30270.57748559304
2022-06-10 00:00:00+00:00,29677.220325975475
2022-06-11 00:00:00+00:00,28903.82950029439
2022-06-12 00:00:00+00:00,27693.32279196678
2022-06-13 00:00:00+00:00,24329.65134760458
2022-06-14 00:00:00+00:00,22195.46176820432
2022-06-15 00:00:00+00:00,21403.880782285447
2022-06-16 00:00:00+00:00,21499.99655428474
2022-06-17 00:00:00+00:00,20704.68142887256
2022-06-18 00:00:00+00:00,19381.58448781869
2022-06-19 00:00:00+00:00,19278.532556122384
2022-06-20 00:00:00+00:00,20332.47645704107
2022-06-21 00:00:00+00:00,21020.4579637397
2022-06-22 00:00:00+00:00,20317.484387107408
2022-06-23 00:00:00+00:00,20504.81494610569
2022-06-24 00:00:00+00:00,21088.820185506363
2022-06-25 00:00:00+00:00,21279.07471081446
2022-06-26 00:00:00+00:00,21407.148317643656
2022-06-27 00:00:00+00:00,21075.669339983186
2022-06-28 00:00:00+00:00,20733.99697107162
2022-06-29 00:00:00+00:00,20160.203503228324
2022-06-30 00:00:00+00:00,19388.306413900013
2022-07-01 00:00:00+00:00,19560.600233503526
2022-07-02 00:00:00+00:00,19252.85437935357
2022-07-03 00:00:00+00:00,19185.45060454334
2022-07-04 00:00:00+00:00,19516.57552875988
2022-07-05 00:00:00+00:00,20017.428507906337
2022-07-06 00:00:00+00:00,20185.254863556565
2022-07-07 00:00:00+00:00,20789.40691033182
2022-07-08 00:00:00+00:00,21756.90494796285
2022-07-09 00:00:00+00:00,21638.6635867959
2022-07-10 00:00:00+00:00,21177.68674500965
2022-07-11 00:00:00+00:00,20521.70712052966
2022-07-12 00:00:00+00:00,19794.10719774655
2022-07-13 00:00:00+00:00,19617.342435398292
2022-07-14 00:00:00+00:00,20180.08922659885
2022-07-15 00:00:00+00:00,20771.41640980015
2022-07-16 00:00:00+00:00,20861.75549314105
2022-07-17 00:00:00+00:00,21214.43729040906
2022-07-18 00:00:00+00:00,21783.740754997376
2022-07-19 00:00:00+00:00,22502.29617371736
2022-07-20 00:00:00+00:00,23578.623702461875
2022-07-21 00:00:00+00:00,22940.0395545739
2022-07-22 00:00:00+00:00,23162.58948699289
2022-07-23 00:00:00+00:00,22523.586439124043
2022-07-24 00:00:00+00:00,22647.585821959427
2022-07-25 00:00:00+00:00,21997.62176519202
2022-07-26 00:00:00+00:00,21055.40931127855
2022-07-27 00:00:00+00:00,21623.04662539221
2022-07-28 00:00:00+00:00,23308.751758637503
2022-07-29 00:00:00+00:00,23899.37321569043
2022-07-30 00:00:00+00:00,24060.866486474635
2022-07-31 00:00:00+00:00,23736.811404286826
2022-08-01 00:00:00+00:00,23236.67750100262
2022-08-02 00:00:00+00:00,22997.11781471763
2022-08-03 00:00:00+00:00,23200.792562041504
2022-08-04 00:00:00+00:00,22879.579500120173
2022-08-05 00:00:00+00:00,23071.432737302024
2022-08-06 00:00:00+00:00,23208.993344912484
2022-08-07 00:00:00+00:00,23084.50493605876
2022-08-08 00:00:00+00:00,23796.672348756405
2022-08-09 00:00:00+00:00,23483.35639977041
2022-08-10 00:00:00+00:00,23406.13648332129
2022-08-11 00:00:00+00:00,24390.28128054952
2022-08-12 00:00:00+00:00,24006.153552683423
2022-08-13 00:00:00+00:00,24545.07106571473
2022-08-14 00:00:00+00:00,24535.033693514797
2022-08-15 00:00:00+00:00,24301.673031384213
2022-08-16 00:00:00+00:00,23994.11360549897
2022-08-17 00:00:00+00:00,23731.82853053565
2022-08-18 00:00:00+00:00,23427.073792430383
2022-08-19 00:00:00+00:00,21916.26549306711
2022-08-20 00:00:00+00:00,21198.474710071787
2022-08-21 00:00:00+00:00,21384.5623302091
2022-08-22 00:00:00+00:00,21304.792457601703
2022-08-23 00:00:00+00:00,21401.743416125915
2022-08-24 00:00:00+00:00,21473.44334289388
2022-08-25 00:00:00+00:00,21608.01634496082
2022-08-26 00:00:00+00:00,21226.07822826576
2022-08-27 00:00:00+00:00,20155.192842173365
2022-08-28 00:00:00+00:00,20017.59143623384
2022-08-29 00:00:00+00:00,19974.847966048965
2022-08-30 00:00:00+00:00,20154.64012852465
2022-08-31 00:00:00+00:00,20199.98045097511
2022-09-01 00:00:00+00:00,19960.130760225777
2022-09-02 00:00:00+00:00,20099.745288496837
2022-09-03 00:00:00+00:00,19857.27577846808
2022-09-04 00:00:00+00:00,19809.733132741327
2022-09-05 00:00:00+00:00,19802.5634420988
2022-09-06 00:00:00+00:00,19632.672439653557
2022-09-07 00:00:00+00:00,18898.619910425918
2022-09-08 00:00:00+00:00,19252.33574928947
2022-09-09 00:00:00+00:00,20680.52460466721
2022-09-10 00:00:00+00:00,21374.703708290333
2022-09-11 00:00:00+00:00,21606.86457657791
2022-09-12 00:00:00+00:00,22125.703580730154
2022-09-13 00:00:00+00:00,21576.133313295493
2022-09-14 00:00:00+00:00,20233.242627079493
2022-09-15 00:00:00+00:00,20009.05298293624
2022-09-16 00:00:00+00:00,19713.657885078337
2022-09-17 00:00:00+00:00,19944.8037930681
2022-09-18 00:00:00+00:00,19896.269819626723
2022-09-19 00:00:00+00:00,19028.64110380336
2022-09-20 00:00:00+00:00,19204.936298287543
2022-09-21 00:00:00+00:00,19043.965859370637
2022-09-22 00:00:00+00:00,18975.99571872986
2022-09-23 00:00:00+00:00,19073.964545721286
2022-09-24 00:00:00+00:00,19091.009554828768
2022-09-25 00:00:00+00:00,18996.9478330437
2022-09-26 00:00:00+00:00,19013.769193087952
2022-09-27 00:00:00+00:00,19749.228795000832
2022-09-28 00:00:00+00:00,19112.287843623963
2022-09-29 00:00:00+00:00,19411.69860675131
2022-09-30 00:00:00+00:00,19528.568323571155
2022-10-01 00:00:00+00:00,19333.04134899718
2022-10-02 00:00:00+00:00,19242.76303700624
2022-10-03 00:00:00+00:00,19299.781964059213
2022-10-04 00:00:00+00:00,19936.085301037165
2022-10-05 00:00:00+00:00,20141.622064435596
2022-10-06 00:00:00+00:00,20172.886803387588
2022-10-07 00:00:00+00:00,19822.627618291364
2022-10-08 00:00:00+00:00,19481.477309820933
2022-10-09 00:00:00+00:00,19448.8616851607
2022-10-10 00:00:00+00:00,19337.69630917384
2022-10-11 00:00:00+00:00,19078.263202744216
2022-10-12 00:00:00+00:00,19116.85930064004
2022-10-13 00:00:00+00:00,19032.08213311758
2022-10-14 00:00:00+00:00,19531.06111478737
2022-10-15 00:00:00+00:00,19145.07292056332
2022-10-16 00:00:00+00:00,19163.76075079595
2022-10-17 00:00:00+00:00,19388.482459071583
2022-10-18 00:00:00+00:00,19483.39976213676
2022-10-19 00:00:00+00:00,19222.893853143923
2022-10-20 00:00:00+00:00,19125.428406227464
2022-10-21 00:00:00+00:00,19062.41456904984
2022-10-22 00:00:00+00:00,19174.831175279684
2022-10-23 00:00:00+00:00,19252.06719227375
2022-10-24 00:00:00+00:00,19363.81863395428
2022-10-25 00:00:00+00:00,19577.97218124584
2022-10-26 00:00:00+00:00,20532.22794318574
2022-10-27 00:00:00+00:00,20628.07386292652
2022-10-28 00:00:00+00:00,20383.44776273492
2022-10-29 00:00:00+00:00,20767.012347545064
2022-10-30 00:00:00+00:00,20721.810470348268
2022-10-31 00:00:00+00:00,20506.518709346383
2022-11-01 00:00:00+00:00,20501.46263098544
2022-11-02 00:00:00+00:00,20420.800286739035
2022-11-03 00:00:00+00:00,20254.22818953198
2022-11-04 00:00:00+00:00,20682.140003484783
2022-11-05 00:00:00+00:00,21321.445911977906
2022-11-06 00:00:00+00:00,21224.08660917657
2022-11-07 00:00:00+00:00,20789.90870427215
2022-11-08 00:00:00+00:00,19657.73823181293
2022-11-09 00:00:00+00:00,17627.009858029236
2022-11-10 00:00:00+00:00,16929.26432853959
2022-11-11 00:00:00+00:00,17133.961052974013
2022-11-12 00:00:00+00:00,16858.49475996318
2022-11-13 00:00:00+00:00,16669.24359097605
2022-11-14 00:00:00+00:00,16491.847705284094
2022-11-15 00:00:00+00:00,16829.318656095023
2022-11-16 00:00:00+00:00,16719.21538945442
2022-11-17 00:00:00+00:00,16617.995254653928
2022-11-18 00:00:00+00:00,16746.062033096885
2022-11-19 00:00:00+00:00,16657.227183162617
2022-11-20 00:00:00+00:00,16614.28987678058
2022-11-21 00:00:00+00:00,16063.141359455904
2022-11-22 00:00:00+00:00,15952.634490174509
2022-11-23 00:00:00+00:00,16477.289061816773
2022-11-24 00:00:00+00:00,16616.48552230533
2022-11-25 00:00:00+00:00,16503.870320389597
2022-11-26 00:00:00+00:00,16567.293957517868
2022-11-27 00:00:00+00:00,16549.825901764674
2022-11-28 00:00:00+00:00,16239.385061691246
2022-11-29 00:00:00+00:00,16416.594438733275
2022-11-30 00:00:00+00:00,16915.91297760237
2022-12-01 00:00:00+00:00,17101.74471883394
2022-12-02 00:00:00+00:00,16984.649215001962
2022-12-03 00:00:00+00:00,16995.607298049294
2022-12-04 00:00:00+00:00,17021.862930801097
2022-12-05 00:00:00+00:00,17195.021540870017
2022-12-06 00:00:00+00:00,17000.29816417851
2022-12-07 00:00:00+00:00,16894.80815718743
2022-12-08 00:00:00+00:00,16929.862316399023
2022-12-09 00:00:00+00:00,17196.2772524568
2022-12-10 00:00:00+00:00,17164.446406071544
2022-12-11 00:00:00+00:00,17164.88410019808
2022-12-12 00:00:00+00:00,17003.04624754033
2022-12-13 00:00:00+00:00,17453.087273113175
2022-12-14 00:00:00+00:00,17881.643469033614
2022-12-15 00:00:00+00:00,17587.892030892413
2022-12-16 00:00:00+00:00,17120.27787716642
2022-12-17 00:00:00+00:00,16704.163760491927
2022-12-18 00:00:00+00:00,16737.151639300282
2022-12-19 00:00:00+00:00,16689.20743929555
2022-12-20 00:00:00+00:00,16791.55682900851
2022-12-21 00:00:00+00:00,16836.142931376737
2022-12-22 00:00:00+00:00,16785.778148916354
2022-12-23 00:00:00+00:00,16838.9738085979
2022-12-24 00:00:00+00:00,16837.429466484933
2022-12-25 00:00:00+00:00,16823.533325792505
2022-12-26 00:00:00+00:00,16850.745986845133
2022-12-27 00:00:00+00:00,16809.530592552193
2022-12-28 00:00:00+00:00,16638.733622351407
2022-12-29 00:00:00+00:00,16592.542999721893
2022-12-30 00:00:00+00:00,16551.23757315942
2022-12-31 00:00:00+00:00,16573.358165052243
2023-01-01 00:00:00+00:00,16559.987771017095
2023-01-02 00:00:00+00:00,16686.503010708373
2023-01-03 00:00:00+00:00,16690.377083199997
2023-01-04 00:00:00+00:00,16826.614856651697
2023-01-05 00:00:00+00:00,16833.309516302168
2023-01-06 00:00:00+00:00,16826.645104634837
2023-01-07 00:00:00+00:00,16942.359179756757
2023-01-08 00:00:00+00:00,16949.897131557726
2023-01-09 00:00:00+00:00,17235.032268060455
2023-01-10 00:00:00+00:00,17290.001847992517
2023-01-11 00:00:00+00:00,17447.616962328517
2023-01-12 00:00:00+00:00,18344.162818182987
2023-01-13 00:00:00+00:00,19064.17510687284
2023-01-14 00:00:00+00:00,20808.75495593243
2023-01-15 00:00:00+00:00,20786.44535946133
2023-01-16 00:00:00+00:00,21040.846463111564
2023-01-17 00:00:00+00:00,21192.66751595022
2023-01-18 00:00:00+00:00,21135.73517675431
2023-01-19 00:00:00+00:00,20842.961914485448
2023-01-20 00:00:00+00:00,21262.711818272783
2023-01-21 00:00:00+00:00,22886.41761582365
2023-01-22 00:00:00+00:00,22833.3116163972
2023-01-23 00:00:00+00:00,22837.42718689506
2023-01-24 00:00:00+00:00,22989.457874946307
2023-01-25 00:00:00+00:00,22691.339184657587
2023-01-26 00:00:00+00:00,23081.796374034348
2023-01-27 00:00:00+00:00,22992.31765168031
2023-01-28 00:00:00+00:00,23041.141680149707
2023-01-29 00:00:00+00:00,23432.74513098286
2023-01-30 00:00:00+00:00,23339.25295372472
2023-01-31 00:00:00+00:00,22968.51980215845
2023-02-01 00:00:00+00:00,23164.972998194324
2023-02-02 00:00:00+00:00,23847.64274031691
2023-02-03 00:00:00+00:00,23488.79157662177
2023-02-04 00:00:00+00:00,23392.843704066963
2023-02-05 00:00:00+00:00,23209.348601069025
2023-02-06 00:00:00+00:00,22912.04584763624
2023-02-07 00:00:00+00:00,23017.661454675388
2023-02-08 00:00:00+00:00,23116.687467426087
2023-02-09 00:00:00+00:00,22587.658042184717
2023-02-10 00:00:00+00:00,21786.505357445923
2023-02-11 00:00:00+00:00,21719.1948889078
2023-02-12 00:00:00+00:00,21889.37675621623
2023-02-13 00:00:00+00:00,21693.175621704675
2023-02-14 00:00:00+00:00,21916.865714035768
2023-02-15 00:00:00+00:00,22629.940533748
2023-02-16 00:00:00+00:00,24616.19354841772
2023-02-17 00:00:00+00:00,23995.983072548708
2023-02-18 00:00:00+00:00,24612.204546094614
2023-02-19 00:00:00+00:00,24643.513909693287
2023-02-20 00:00:00+00:00,24664.570973082
2023-02-21 00:00:00+00:00,24699.43413528521
2023-02-22 00:00:00+00:00,24036.03903193385
2023-02-23 00:00:00+00:00,24133.74461189653
2023-02-24 00:00:00+00:00,23669.13657531369
2023-02-25 00:00:00+00:00,23054.93672228316
2023-02-26 00:00:00+00:00,23253.73938047085
2023-02-27 00:00:00+00:00,23460.485532043207
2023-02-28 00:00:00+00:00,23379.49532054036
2023-03-01 00:00:00+00:00,23604.032148913506
2023-03-02 00:00:00+00:00,23437.540401946044
2023-03-03 00:00:00+00:00,22457.68403957032
2023-03-04 00:00:00+00:00,22343.42955493706
2023-03-05 00:00:00+00:00,22432.495889744063
2023-03-06 00:00:00+00:00,22431.82204295643
2023-03-07 00:00:00+00:00,22355.921404127832
2023-03-08 00:00:00+00:00,22081.919795112248
2023-03-09 00:00:00+00:00,21455.31462552316
2023-03-10 00:00:00+00:00,19995.00545969552
2023-03-11 00:00:00+00:00,20258.42187256559
2023-03-12 00:00:00+00:00,20652.88779384437
2023-03-13 00:00:00+00:00,22989.189939003933
2023-03-14 00:00:00+00:00,24844.87076101627
2023-03-15 00:00:00+00:00,24730.817950675104
2023-03-16 00:00:00+00:00,24797.808104227803
2023-03-17 00:00:00+00:00,26395.556930728955
2023-03-18 00:00:00+00:00,27507.411891321022
2023-03-19 00:00:00+00:00,27570.616980650844
2023-03-20 00:00:00+00:00,28059.64898826891
2023-03-21 00:00:00+00:00,28153.01914588153
2023-03-22 00:00:00+00:00,28215.06088195372
2023-03-23 00:00:00+00:00,27944.353577611808
2023-03-24 00:00:00+00:00,28136.62139691641
2023-03-25 00:00:00+00:00,27663.810360546613
2023-03-26 00:00:00+00:00,27837.685307838667
2023-03-27 00:00:00+00:00,27611.21849453589
2023-03-28 00:00:00+00:00,27068.971921925564
2023-03-29 00:00:00+00:00,28079.24720292859
2023-03-30 00:00:00+00:00,28418.55291299448
2023-03-31 00:00:00+00:00,28228.77919191041
2023-04-01 00:00:00+00:00,28490.910901141844
2023-04-02 00:00:00+00:00,28339.352477892746
2023-04-03 00:00:00+00:00,28020.84209334517
2023-04-04 00:00:00+00:00,28091.15978469224
2023-04-05 00:00:00+00:00,28367.216742517958
2023-04-06 00:00:00+00:00,28024.062296181208
2023-04-07 00:00:00+00:00,27955.870255488164
2023-04-08 00:00:00+00:00,28017.12261553108
2023-04-09 00:00:00+00:00,28035.38374735989
2023-04-10 00:00:00+00:00,28593.627033438937
2023-04-11 00:00:00+00:00,30112.54047127729
2023-04-12 00:00:00+00:00,30032.673105306963
2023-04-13 00:00:00+00:00,30247.3380012235
2023-04-14 00:00:00+00:00,30623.3450332619
2023-04-15 00:00:00+00:00,30407.673336176
2023-04-16 00:00:00+00:00,30336.33193986756
2023-04-17 00:00:00+00:00,29728.445817304186
2023-04-18 00:00:00+00:00,29938.80848363646
2023-04-19 00:00:00+00:00,29626.188818797888
2023-04-20 00:00:00+00:00,28687.818719780003
2023-04-21 00:00:00+00:00,27981.24494900672
2023-04-22 00:00:00+00:00,27431.54792423065
2023-04-23 00:00:00+00:00,27599.50604560507
2023-04-24 00:00:00+00:00,27498.567450233168
2023-04-25 00:00:00+00:00,27502.68330988673
2023-04-26 00:00:00+00:00,28842.521607560902
2023-04-27 00:00:00+00:00,29120.281127395167
2023-04-28 00:00:00+00:00,29340.21675571008
2023-04-29 00:00:00+00:00,29317.350076954364
2023-04-30 00:00:00+00:00,29357.88968641457
2023-05-01 00:00:00+00:00,28480.558049390413
2023-05-02 00:00:00+00:00,28262.56373309206
2023-05-03 00:00:00+00:00,28557.74170694057
2023-05-04 00:00:00+00:00,29000.2176142898
2023-05-05 00:00:00+00:00,29266.532725230736
2023-05-06 00:00:00+00:00,29163.48553854833
2023-05-07 00:00:00+00:00,28925.256802964024
2023-05-08 00:00:00+00:00,27981.957034127743
2023-05-09 00:00:00+00:00,27618.269797484667
2023-05-10 00:00:00+00:00,27756.5518223526
2023-05-11 00:00:00+00:00,27310.887671586228
2023-05-12 00:00:00+00:00,26527.090967758664
2023-05-13 00:00:00+00:00,26836.218403900228
2023-05-14 00:00:00+00:00,26875.254631950967
2023-05-15 00:00:00+00:00,27330.30000303278
2023-05-16 00:00:00+00:00,27073.65465283544
2023-05-17 00:00:00+00:00,27005.688858598038
2023-05-18 00:00:00+00:00,27176.47410735562
2023-05-19 00:00:00+00:00,26865.693025325567
2023-05-20 00:00:00+00:00,26929.759473640388
2023-05-21 00:00:00+00:00,27000.25658133644
2023-05-22 00:00:00+00:00,26819.056217907524
2023-05-23 00:00:00+00:00,27226.169853722637
2023-05-24 00:00:00+00:00,26639.49752637088
2023-05-25 00:00:00+00:00,26289.178692498976
2023-05-26 00:00:00+00:00,26567.07754552837
2023-05-27 00:00:00+00:00,26726.53771378793
2023-05-28 00:00:00+00:00,27277.28900341094
2023-05-29 00:00:00+00:00,27868.981379808367
2023-05-30 00:00:00+00:00,27787.90102913672
2023-05-31 00:00:00+00:00,27233.374457006023
2023-06-01 00:00:00+00:00,26908.01411678296
2023-06-02 00:00:00+00:00,27069.25400569745
2023-06-03 00:00:00+00:00,27160.306632120035
2023-06-04 00:00:00+00:00,27165.63751069074
2023-06-05 00:00:00+00:00,26489.64135096304
2023-06-06 00:00:00+00:00,26084.770202842472
2023-06-07 00:00:00+00:00,26710.184982126422
2023-06-08 00:00:00+00:00,26480.027766206465
2023-06-09 00:00:00+00:00,26520.34089694939
2023-06-10 00:00:00+00:00,25860.186279005244
2023-06-11 00:00:00+00:00,25847.152206102328
2023-06-12 00:00:00+00:00,25866.83689177355
2023-06-13 00:00:00+00:00,25987.08072088002
2023-06-14 00:00:00+00:00,25842.033086555948
2023-06-15 00:00:00+00:00,25086.281303588115
2023-06-16 00:00:00+00:00,25736.260712358253
2023-06-17 00:00:00+00:00,26472.81673808458
2023-06-18 00:00:00+00:00,26518.049178226425
2023-06-19 00:00:00+00:00,26500.91424007641
2023-06-20 00:00:00+00:00,27159.35071912175
2023-06-21 00:00:00+00:00,29254.56541201678
2023-06-22 00:00:00+00:00,30113.412254776344
2023-06-23 00:00:00+00:00,30323.616092911223
2023-06-24 00:00:00+00:00,30632.6794860112
2023-06-25 00:00:00+00:00,30632.19014144784
2023-06-26 00:00:00+00:00,30299.5332134402
2023-06-27 00:00:00+00:00,30535.675810720204
2023-06-28 00:00:00+00:00,30322.31541577033
2023-06-29 00:00:00+00:00,30396.739159906505
2023-06-30 00:00:00+00:00,30556.18870794232
2023-07-01 00:00:00+00:00,30508.374394358387
2023-07-02 00:00:00+00:00,30536.077719076824
2023-07-03 00:00:00+00:00,30808.21575076213
2023-07-04 00:00:00+00:00,30999.198994865408
2023-07-05 00:00:00+00:00,30605.39515044705
2023-07-06 00:00:00+00:00,30535.080724045303
2023-07-07 00:00:00+00:00,30192.94309589053
2023-07-08 00:00:00+00:00,30232.32475581834
2023-07-09 00:00:00+00:00,30284.066239390737
2023-07-10 00:00:00+00:00,30266.38164105275
2023-07-11 00:00:00+00:00,30500.670861124567
2023-07-12 00:00:00+00:00,30586.74541694364
2023-07-13 00:00:00+00:00,30701.93257804848
2023-07-14 00:00:00+00:00,31056.56129696497
2023-07-15 00:00:00+00:00,30325.53650777933
2023-07-16 00:00:00+00:00,30304.767910001447
2023-07-17 00:00:00+00:00,30185.741245865476
2023-07-18 00:00:00+00:00,29952.876824247596
2023-07-19 00:00:00+00:00,29995.29803404757
2023-07-20 00:00:00+00:00,29994.29364174052
2023-07-21 00:00:00+00:00,29849.982725893995
2023-07-22 00:00:00+00:00,29887.78918913781
2023-07-23 00:00:00+00:00,29935.70503171792
2023-07-24 00:00:00+00:00,29451.05136033261
2023-07-25 00:00:00+00:00,29173.00383844784
2023-07-26 00:00:00+00:00,29273.482668948767
2023-07-27 00:00:00+00:00,29360.791456263472
2023-07-28 00:00:00+00:00,29262.93263922328
2023-07-29 00:00:00+00:00,29324.89419544271
2023-07-30 00:00:00+00:00,29296.31589242663
2023-07-31 00:00:00+00:00,29335.64693554553
2023-08-01 00:00:00+00:00,29003.15290417398
2023-08-02 00:00:00+00:00,29440.01719112447
2023-08-03 00:00:00+00:00,29175.612103670413
2023-08-04 00:00:00+00:00,29143.71749984067
2023-08-05 00:00:00+00:00,29030.09614042169
2023-08-06 00:00:00+00:00,29032.347517233637
2023-08-07 00:00:00+00:00,29046.16065249169
2023-08-08 00:00:00+00:00,29412.12531539269
2023-08-09 00:00:00+00:00,29710.8382460826
2023-08-10 00:00:00+00:00,29497.815772659316
2023-08-11 00:00:00+00:00,29384.12643489392
2023-08-12 00:00:00+00:00,29403.534540644785
2023-08-13 00:00:00+00:00,29380.91708645484
2023-08-14 00:00:00+00:00,29379.53126662139
2023-08-15 00:00:00+00:00,29319.590075570275
2023-08-16 00:00:00+00:00,29111.019964377305
2023-08-17 00:00:00+00:00,28196.09644680236
2023-08-18 00:00:00+00:00,26328.93135879461
2023-08-19 00:00:00+00:00,26002.241417653608
2023-08-20 00:00:00+00:00,26121.34197731702
2023-08-21 00:00:00+00:00,26068.007570871192
2023-08-22 00:00:00+00:00,25977.99624565021
2023-08-23 00:00:00+00:00,26158.73701631851
2023-08-24 00:00:00+00:00,26289.876727805226
2023-08-25 00:00:00+00:00,26038.353006499467
2023-08-26 00:00:00+00:00,26034.23342612856
2023-08-27 00:00:00+00:00,26054.72530112113
2023-08-28 00:00:00+00:00,26021.2904965871
2023-08-29 00:00:00+00:00,26654.01790275092
2023-08-30 00:00:00+00:00,27365.337158562004
2023-08-31 00:00:00+00:00,26906.244839608706
2023-09-01 00:00:00+00:00,25897.258608518063
2023-09-02 00:00:00+00:00,25812.48985179146
2023-09-03 00:00:00+00:00,25911.38734400603
2023-09-04 00:00:00+00:00,25893.026470288107
2023-09-05 00:00:00+00:00,25729.624016885613
2023-09-06 00:00:00+00:00,25712.85907026644
2023-09-07 00:00:00+00:00,25817.035179342314
2023-09-08 00:00:00+00:00,26027.96648833679
2023-09-09 00:00:00+00:00,25865.45842012464
2023-09-10 00:00:00+00:00,25815.887658406748
2023-09-11 00:00:00+00:00,25508.70350000377
2023-09-12 00:00:00+00:00,25854.52231329996
2023-09-13 00:00:00+00:00,26067.83887434191
2023-09-14 00:00:00+00:00,26433.70529378264
2023-09-15 00:00:00+00:00,26504.76145761741
2023-09-16 00:00:00+00:00,26563.854508432138
2023-09-17 00:00:00+00:00,26532.160580497195
2023-09-18 00:00:00+00:00,26860.9166506906
2023-09-19 00:00:00+00:00,27032.20537643796
2023-09-20 00:00:00+00:00,27128.12347281573
2023-09-21 00:00:00+00:00,26790.51263225582
2023-09-22 00:00:00+00:00,26610.101072688904
2023-09-23 00:00:00+00:00,26575.153341966023
2023-09-24 00:00:00+00:00,26568.840606465263
2023-09-25 00:00:00+00:00,26195.94337644204
2023-09-26 00:00:00+00:00,26240.904070399774
2023-09-27 00:00:00+00:00,26308.982719994336
2023-09-28 00:00:00+00:00,26646.737316992312
2023-09-29 00:00:00+00:00,26963.749191878574
2023-09-30 00:00:00+00:00,26965.5823212226
2023-10-01 00:00:00+00:00,27142.227036360277
2023-10-02 00:00:00+00:00,28054.558251119204
2023-10-03 00:00:00+00:00,27489.546733642
2023-10-04 00:00:00+00:00,27502.622497237346
2023-10-05 00:00:00+00:00,27656.41608297093
2023-10-06 00:00:00+00:00,27695.043058870026
2023-10-07 00:00:00+00:00,27943.640581767275
2023-10-08 00:00:00+00:00,27932.615670986663
2023-10-09 00:00:00+00:00,27682.515934302643
2023-10-10 00:00:00+00:00,27532.59036007464
2023-10-11 00:00:00+00:00,27035.81247578368
2023-10-12 00:00:00+00:00,26768.13433910416
2023-10-13 00:00:00+00:00,26795.715861911067
2023-10-14 00:00:00+00:00,26880.012995760077
2023-10-15 00:00:00+00:00,26931.935956974583
2023-10-16 00:00:00+00:00,27872.664858780758
2023-10-17 00:00:00+00:00,28405.211964950297
2023-10-18 00:00:00+00:00,28409.24359554397
2023-10-19 00:00:00+00:00,28483.25519606583
2023-10-20 00:00:00+00:00,29414.375355945227
2023-10-21 00:00:00+00:00,29809.79199961055
2023-10-22 00:00:00+00:00,29922.062066182887
2023-10-23 00:00:00+00:00,30870.427511164347
2023-10-24 00:00:00+00:00,34081.97279646258
2023-10-25 00:00:00+00:00,34315.72346174024
2023-10-26 00:00:00+00:00,34334.071720263346
2023-10-27 00:00:00+00:00,33971.47382731892
2023-10-28 00:00:00+00:00,34084.86597306274
2023-10-29 00:00:00+00:00,34309.62930259237
2023-10-30 00:00:00+00:00,34459.231300975625
2023-10-31 00:00:00+00:00,34393.42589952298
2023-11-01 00:00:00+00:00,34562.86611372975
2023-11-02 00:00:00+00:00,35186.36058529103
2023-11-03 00:00:00+00:00,34528.09399345451
2023-11-04 00:00:00+00:00,34765.753527175075
2023-11-05 00:00:00+00:00,35052.3549840592
2023-11-06 00:00:00+00:00,35021.74818063397
2023-11-07 00:00:00+00:00,34988.61520792628
2023-11-08 00:00:00+00:00,35403.590402382695
2023-11-09 00:00:00+00:00,36610.33036849668
2023-11-10 00:00:00+00:00,36936.77896666501
2023-11-11 00:00:00+00:00,37099.53564251823
2023-11-12 00:00:00+00:00,37093.51002555009
2023-11-13 00:00:00+00:00,36898.52424944698
2023-11-14 00:00:00+00:00,36242.07129421912
2023-11-15 00:00:00+00:00,36217.57237938389
2023-11-16 00:00:00+00:00,36992.10971217416
2023-11-17 00:00:00+00:00,36351.05885169268
2023-11-18 00:00:00+00:00,36508.24901239124
2023-11-19 00:00:00+00:00,36633.10595182447
2023-11-20 00:00:00+00:00,37323.07374156789
2023-11-21 00:00:00+00:00,37177.577838601246
2023-11-22 00:00:00+00:00,36625.94815809261
2023-11-23 00:00:00+00:00,37316.419506260885
2023-11-24 00:00:00+00:00,37622.7547951794
2023-11-25 00:00:00+00:00,37775.468950680806
2023-11-26 00:00:00+00:00,37613.51464409657
2023-11-27 00:00:00+00:00,37154.51630627381
2023-11-28 00:00:00+00:00,37438.94536509935
2023-11-29 00:00:00+00:00,37965.61844402819
2023-11-30 00:00:00+00:00,37787.8837889998
2023-12-01 00:00:00+00:00,38396.3870144765
2023-12-02 00:00:00+00:00,38897.0218987331
2023-12-03 00:00:00+00:00,39545.10607546367
2023-12-04 00:00:00+00:00,41386.418380769646
2023-12-05 00:00:00+00:00,42364.39048711272
2023-12-06 00:00:00+00:00,43884.945184118325
2023-12-07 00:00:00+00:00,43569.74304740082
2023-12-08 00:00:00+00:00,43637.83420951731
2023-12-09 00:00:00+00:00,44037.04872696558
2023-12-10 00:00:00+00:00,43825.63203508256
2023-12-11 00:00:00+00:00,42017.18145077975
2023-12-12 00:00:00+00:00,41520.69888287647
2023-12-13 00:00:00+00:00,41566.94415166353
2023-12-14 00:00:00+00:00,42859.44683692318
2023-12-15 00:00:00+00:00,42481.42603758607
2023-12-16 00:00:00+00:00,42260.66886094575
2023-12-17 00:00:00+00:00,41925.141137238206
2023-12-18 00:00:00+00:00,41362.76241191032
2023-12-19 00:00:00+00:00,42715.49156466437
2023-12-20 00:00:00+00:00,43145.62406028883
2023-12-21 00:00:00+00:00,43717.589855146914
2023-12-22 00:00:00+00:00,43811.59129931054
2023-12-23 00:00:00+00:00,43713.28484253134
2023-12-24 00:00:00+00:00,43656.43178702964
2023-12-25 00:00:00+00:00,43321.31354877279
2023-12-26 00:00:00+00:00,42728.53498869798
2023-12-27 00:00:00+00:00,42810.253563371385
2023-12-28 00:00:00+00:00,42956.42680743145
2023-12-29 00:00:00+00:00,42436.4489100069
2023-12-30 00:00:00+00:00,42100.084287314
2023-12-31 00:00:00+00:00,42429.77376013616
2024-01-01 00:00:00+00:00,42754.56988697976
2024-01-02 00:00:00+00:00,45238.75222878408
2024-01-03 00:00:00+00:00,43996.32452241811
2024-01-04 00:00:00+00:00,43468.071715984806
2024-01-05 00:00:00+00:00,43778.95784125684
2024-01-06 00:00:00+00:00,43850.62846583957
2024-01-07 00:00:00+00:00,44082.94267447208
2024-01-08 00:00:00+00:00,44791.5593202402
2024-01-09 00:00:00+00:00,46655.55443770224
2024-01-10 00:00:00+00:00,45827.08026340185
2024-01-11 00:00:00+00:00,46597.26086879749
2024-01-12 00:00:00+00:00,45180.53069488189
2024-01-13 00:00:00+00:00,42861.65065969789
2024-01-14 00:00:00+00:00,42782.271803856645
2024-01-15 00:00:00+00:00,42565.62943502979
2024-01-16 00:00:00+00:00,42900.27729265093
2024-01-17 00:00:00+00:00,42711.34491363164
2024-01-18 00:00:00+00:00,42238.36518566275
2024-01-19 00:00:00+00:00,41279.93304437824
2024-01-20 00:00:00+00:00,41592.307017568906
2024-01-21 00:00:00+00:00,41666.67895786728
2024-01-22 00:00:00+00:00,40755.18067572979
2024-01-23 00:00:00+00:00,39377.3102905996
2024-01-24 00:00:00+00:00,39899.23443982456
2024-01-25 00:00:00+00:00,39939.4679073435
2024-01-26 00:00:00+00:00,40871.64525789083
2024-01-27 00:00:00+00:00,41808.17497437742
2024-01-28 00:00:00+00:00,42252.86015314441
2024-01-29 00:00:00+00:00,42431.89288028296
2024-01-30 00:00:00+00:00,43418.39185126319
2024-01-31 00:00:00+00:00,42920.68213862702
2024-02-01 00:00:00+00:00,42421.48831258111
2024-02-02 00:00:00+00:00,43024.25131068908
2024-02-03 00:00:00+00:00,43088.41608642114
2024-02-04 00:00:00+00:00,42880.09776764826
2024-02-05 00:00:00+00:00,42752.22932854234
2024-02-06 00:00:00+00:00,42904.59387881691
2024-02-07 00:00:00+00:00,43205.03009524418
2024-02-08 00:00:00+00:00,44854.17345720267
2024-02-09 00:00:00+00:00,46730.52687447535
2024-02-10 00:00:00+00:00,47346.164168301264
2024-02-11 00:00:00+00:00,48140.073732599856
2024-02-12 00:00:00+00:00,48728.47026902655
2024-02-13 00:00:00+00:00,49630.84967519159
2024-02-14 00:00:00+00:00,50845.33704518669
2024-02-15 00:00:00+00:00,52100.40362613398
2024-02-16 00:00:00+00:00,52028.33322083661
2024-02-17 00:00:00+00:00,51656.5962125749
2024-02-18 00:00:00+00:00,51728.93572902028
2024-02-19 00:00:00+00:00,52115.56940540723
2024-02-20 00:00:00+00:00,51888.10719153224
2024-02-21 00:00:00+00:00,51474.83727185155
2024-02-22 00:00:00+00:00,51589.81123686188
2024-02-23 00:00:00+00:00,51092.48312624098
2024-02-24 00:00:00+00:00,51135.73569690649
2024-02-25 00:00:00+00:00,51626.336929997335
2024-02-26 00:00:00+00:00,52255.83419900204
2024-02-27 00:00:00+00:00,56400.79096349183
2024-02-28 00:00:00+00:00,59233.62781772161
2024-02-29 00:00:00+00:00,62155.0310244268
2024-03-01 00:00:00+00:00,61833.60588236263
2024-03-02 00:00:00+00:00,62043.42596673914
2024-03-03 00:00:00+00:00,62185.9574120768
2024-03-04 00:00:00+00:00,65242.81408606099
2024-03-05 00:00:00+00:00,66316.44216093716
2024-03-06 00:00:00+00:00,65878.21578064722
2024-03-07 00:00:00+00:00,66792.15999770541
2024-03-08 00:00:00+00:00,67797.32680288045
2024-03-09 00:00:00+00:00,68398.10261726101
2024-03-10 00:00:00+00:00,69372.9169659822
2024-03-11 00:00:00+00:00,70862.9456082674
2024-03-12 00:00:00+00:00,71732.22102729748
2024-03-13 00:00:00+00:00,72665.35088222561
2024-03-14 00:00:00+00:00,72187.61101324079
2024-03-15 00:00:00+00:00,68611.40866889992
2024-03-16 00:00:00+00:00,68241.70502745429
2024-03-17 00:00:00+00:00,66937.34439283087
2024-03-18 00:00:00+00:00,67716.64709809139
2024-03-19 00:00:00+00:00,64504.47814351358
2024-03-20 00:00:00+00:00,63689.2753647171
2024-03-21 00:00:00+00:00,66681.84642668704
2024-03-22 00:00:00+00:00,64683.20078785752
2024-03-23 00:00:00+00:00,64560.73588976223
2024-03-24 00:00:00+00:00,65169.75054615943
2024-03-25 00:00:00+00:00,68294.84071424541
2024-03-26 00:00:00+00:00,70332.33628903447
2024-03-27 00:00:00+00:00,69764.20086623615
2024-03-28 00:00:00+00:00,70387.23953642756
2024-03-29 00:00:00+00:00,70041.87896522108
2024-03-30 00:00:00+00:00,70009.91333976157
2024-03-31 00:00:00+00:00,70381.52066039862
2024-04-01 00:00:00+00:00,69711.3220302552
2024-04-02 00:00:00+00:00,66425.45376291116
2024-04-03 00:00:00+00:00,66040.22306351477
2024-04-04 00:00:00+00:00,66887.79384052647
2024-04-05 00:00:00+00:00,67564.38939916603
2024-04-06 00:00:00+00:00,68041.70154208984
2024-04-07 00:00:00+00:00,69384.26160452909
2024-04-08 00:00:00+00:00,71048.94243681572
2024-04-09 00:00:00+00:00,70196.93525230042
2024-04-10 00:00:00+00:00,69171.13927106762
2024-04-11 00:00:00+00:00,70446.04869462574
2024-04-12 00:00:00+00:00,69564.41200278942
2024-04-13 00:00:00+00:00,66603.72097303196
2024-04-14 00:00:00+00:00,64182.5100403951
2024-04-15 00:00:00+00:00,65056.04791184291
2024-04-16 00:00:00+00:00,62984.98462364467
2024-04-17 00:00:00+00:00,62590.96292158063
2024-04-18 00:00:00+00:00,62342.638400153286
2024-04-19 00:00:00+00:00,63831.95219912552
2024-04-20 00:00:00+00:00,64197.33126424878
2024-04-21 00:00:00+00:00,64959.632943347526
2024-04-22 00:00:00+00:00,65990.02379759964
2024-04-23 00:00:00+00:00,66486.61368006935
2024-04-24 00:00:00+00:00,65768.03860795723
2024-04-25 00:00:00+00:00,64166.072501280265
2024-04-26 00:00:00+00:00,64170.80057825606
2024-04-27 00:00:00+00:00,63059.59630321528
2024-04-28 00:00:00+00:00,63688.593373436684
2024-04-29 00:00:00+00:00,62740.45859685215
2024-04-30 00:00:00+00:00,61821.35845396117
2024-05-01 00:00:00+00:00,58339.74156758877
2024-05-02 00:00:00+00:00,58317.39153004363
2024-05-03 00:00:00+00:00,60528.63060193261
2024-05-04 00:00:00+00:00,63442.87294571322
2024-05-05 00:00:00+00:00,63746.9856617618
2024-05-06 00:00:00+00:00,63896.79626441889
2024-05-07 00:00:00+00:00,63509.59567403019
2024-05-08 00:00:00+00:00,62321.12225880102
2024-05-09 00:00:00+00:00,61692.82362103069
2024-05-10 00:00:00+00:00,62169.78557982598
2024-05-11 00:00:00+00:00,60907.4658121026
2024-05-12 00:00:00+00:00,61116.58180575222
2024-05-13 00:00:00+00:00,62307.59519476534
2024-05-14 00:00:00+00:00,61947.96496238993
2024-05-15 00:00:00+00:00,63443.227833497
2024-05-16 00:00:00+00:00,65832.82718797096
2024-05-17 00:00:00+00:00,66265.5365149133
2024-05-18 00:00:00+00:00,66966.22073024047
2024-05-19 00:00:00+00:00,66884.96526986775
2024-05-20 00:00:00+00:00,67506.84620792928
2024-05-21 00:00:00+00:00,70613.885911329
2024-05-22 00:00:00+00:00,69851.81506226205
2024-05-23 00:00:00+00:00,68747.2817307581
2024-05-24 00:00:00+00:00,67923.59418817164
2024-05-25 00:00:00+00:00,68923.77160466522
2024-05-26 00:00:00+00:00,68978.43734696675
2024-05-27 00:00:00+00:00,69100.72885728655
2024-05-28 00:00:00+00:00,68202.74454513456
2024-05-29 00:00:00+00:00,67919.77050763673
2024-05-30 00:00:00+00:00,68165.5598465099
2024-05-31 00:00:00+00:00,67970.86538847857
2024-06-01 00:00:00+00:00,67645.16697461005
2024-06-02 00:00:00+00:00,67813.04684063165
2024-06-03 00:00:00+00:00,68900.24942750209
2024-06-04 00:00:00+00:00,69586.5460267914
2024-06-05 00:00:00+00:00,71039.70928487879
2024-06-06 00:00:00+00:00,70998.84050372703
2024-06-07 00:00:00+00:00,70670.01148727423
2024-06-08 00:00:00+00:00,69382.71106607503
2024-06-09 00:00:00+00:00,69453.40527144838
2024-06-10 00:00:00+00:00,69574.70057904483
2024-06-11 00:00:00+00:00,67514.7463340081
2024-06-12 00:00:00+00:00,68158.83868178735
2024-06-13 00:00:00+00:00,67391.9319072872
2024-06-14 00:00:00+00:00,66490.20265886998
2024-06-15 00:00:00+00:00,66172.8427215911
2024-06-16 00:00:00+00:00,66398.00102091995
2024-06-17 00:00:00+00:00,66155.12943654886
2024-06-18 00:00:00+00:00,65215.09538300129
2024-06-19 00:00:00+00:00,65161.74147911195
2024-06-20 00:00:00+00:00,65266.69339610695
2024-06-21 00:00:00+00:00,64171.35364713648
2024-06-22 00:00:00+00:00,64266.546295535365
2024-06-23 00:00:00+00:00,64202.06290801278
2024-06-24 00:00:00+00:00,61490.160329555576
2024-06-25 00:00:00+00:00,61272.513458779176
2024-06-26 00:00:00+00:00,61449.21749199048
2024-06-27 00:00:00+00:00,61242.83659210339
2024-06-28 00:00:00+00:00,61143.44903999079
2024-06-29 00:00:00+00:00,60837.894364754815
2024-06-30 00:00:00+00:00,61401.99227093003
2024-07-01 00:00:00+00:00,63069.503840336605
2024-07-02 00:00:00+00:00,62478.677555476606
2024-07-03 00:00:00+00:00,60558.7324262453
2024-07-04 00:00:00+00:00,58325.957306313554
2024-07-05 00:00:00+00:00,55743.55847255053
2024-07-06 00:00:00+00:00,57027.00021735722
2024-07-07 00:00:00+00:00,57425.0643675628
2024-07-08 00:00:00+00:00,56195.935056583374
2024-07-09 00:00:00+00:00,57371.78211592144
2024-07-10 00:00:00+00:00,58120.47264105494
2024-07-11 00:00:00+00:00,57927.81086127691
2024-07-12 00:00:00+00:00,57450.21570821669
2024-07-13 00:00:00+00:00,58396.91404443887
2024-07-14 00:00:00+00:00,60018.2291704053
2024-07-15 00:00:00+00:00,62819.482024592064
2024-07-16 00:00:00+00:00,64169.4270022932
2024-07-17 00:00:00+00:00,65045.360538812645
2024-07-18 00:00:00+00:00,64334.81590328813
2024-07-19 00:00:00+00:00,65023.95151050878
2024-07-20 00:00:00+00:00,66777.0734557747
2024-07-21 00:00:00+00:00,67154.3506833694
2024-07-22 00:00:00+00:00,67571.55738680602
2024-07-23 00:00:00+00:00,66646.77607299808
2024-07-24 00:00:00+00:00,66065.09466243735
2024-07-25 00:00:00+00:00,64605.32427053972
2024-07-26 00:00:00+00:00,67286.26921180642
2024-07-27 00:00:00+00:00,68302.13537784493
2024-07-28 00:00:00+00:00,67808.9076613231
2024-07-29 00:00:00+00:00,68604.58964442728
2024-07-30 00:00:00+00:00,66384.82845760796
2024-07-31 00:00:00+00:00,65971.89789321063
2024-08-01 00:00:00+00:00,64144.738560299294
2024-08-02 00:00:00+00:00,63807.83400122376
2024-08-03 00:00:00+00:00,61268.71193314903
2024-08-04 00:00:00+00:00,60005.84604971494
2024-08-05 00:00:00+00:00,53549.309205905454
2024-08-06 00:00:00+00:00,55915.82761766433
2024-08-07 00:00:00+00:00,56372.99583208986
2024-08-08 00:00:00+00:00,58094.341233258594
2024-08-09 00:00:00+00:00,60751.62699338791
2024-08-10 00:00:00+00:00,60746.35389815439
2024-08-11 00:00:00+00:00,60440.42543582601
2024-08-12 00:00:00+00:00,59008.30150590142
2024-08-13 00:00:00+00:00,59719.10394810304
2024-08-14 00:00:00+00:00,60144.105569724845
2024-08-15 00:00:00+00:00,58368.69099346603
2024-08-16 00:00:00+00:00,58458.84572163785
2024-08-17 00:00:00+00:00,59299.71484287202
2024-08-18 00:00:00+00:00,59706.265835638485
2024-08-19 00:00:00+00:00,58633.60795621122
2024-08-20 00:00:00+00:00,60122.42486134975
2024-08-21 00:00:00+00:00,59823.397512250645
2024-08-22 00:00:00+00:00,60725.84290838472
2024-08-23 00:00:00+00:00,61703.073676125954
2024-08-24 00:00:00+00:00,64115.21381680158
2024-08-25 00:00:00+00:00,64160.54293686932
2024-08-26 00:00:00+00:00,63703.61873206187
2024-08-27 00:00:00+00:00,62151.73342703856
2024-08-28 00:00:00+00:00,59338.300684392925
2024-08-29 00:00:00+00:00,59683.51633661423
2024-08-30 00:00:00+00:00,59147.96359486628
2024-08-31 00:00:00+00:00,59084.16895998355
2024-09-01 00:00:00+00:00,58229.481149697385
2024-09-02 00:00:00+00:00,58207.971019845696
2024-09-03 00:00:00+00:00,58649.35588288965
2024-09-04 00:00:00+00:00,57153.84522547051
2024-09-05 00:00:00+00:00,56856.89163151301
2024-09-06 00:00:00+00:00,55324.996213375496
2024-09-07 00:00:00+00:00,54226.69497067121
2024-09-08 00:00:00+00:00,54362.02814100927
2024-09-09 00:00:00+00:00,55683.49830051238
2024-09-10 00:00:00+00:00,57117.663363118656
2024-09-11 00:00:00+00:00,56939.04650114791
2024-09-12 00:00:00+00:00,58027.799536359336
2024-09-13 00:00:00+00:00,58643.557336865655
2024-09-14 00:00:00+00:00,60052.8249240324
2024-09-15 00:00:00+00:00,59991.14358377446
2024-09-16 00:00:00+00:00,58388.84389246089
2024-09-17 00:00:00+00:00,59350.64782314178
2024-09-18 00:00:00+00:00,60130.62238972244
2024-09-19 00:00:00+00:00,62644.01484351805
2024-09-20 00:00:00+00:00,63216.95588943324
2024-09-21 00:00:00+00:00,63098.979419477335
2024-09-22 00:00:00+00:00,62977.96522961281
2024-09-23 00:00:00+00:00,63544.37187408639
2024-09-24 00:00:00+00:00,63550.41638434343
2024-09-25 00:00:00+00:00,63761.37920023081
2024-09-26 00:00:00+00:00,64252.50993874983
2024-09-27 00:00:00+00:00,65634.97465480205
2024-09-28 00:00:00+00:00,65771.01217508952
2024-09-29 00:00:00+00:00,65728.75718428926
2024-09-30 00:00:00+00:00,64089.07473658905
2024-10-01 00:00:00+00:00,62941.932821321774
2024-10-02 00:00:00+00:00,61290.04600694916
2024-10-03 00:00:00+00:00,60773.034676595045
2024-10-04 00:00:00+00:00,61515.99215152817
2024-10-05 00:00:00+00:00,62049.763105753525
2024-10-06 00:00:00+00:00,62261.79855851218
2024-10-07 00:00:00+00:00,63335.3683687672
2024-10-08 00:00:00+00:00,62442.7983360223
2024-10-09 00:00:00+00:00,61868.70693346431
2024-10-10 00:00:00+00:00,60510.6454933169
2024-10-11 00:00:00+00:00,61492.99876397164
2024-10-12 00:00:00+00:00,62897.148165436585
2024-10-13 00:00:00+00:00,62732.762474613286
2024-10-14 00:00:00+00:00,64721.195902781976
2024-10-15 00:00:00+00:00,66088.69196540002
2024-10-16 00:00:00+00:00,67466.25763963547
2024-10-17 00:00:00+00:00,67283.55884610537
2024-10-18 00:00:00+00:00,68072.47653156737
2024-10-19 00:00:00+00:00,68287.37741350361
2024-10-20 00:00:00+00:00,68435.25621594884
2024-10-21 00:00:00+00:00,68154.19467715018
2024-10-22 00:00:00+00:00,67307.70787514275
2024-10-23 00:00:00+00:00,66570.68669610303
2024-10-24 00:00:00+00:00,67473.6657328994
2024-10-25 00:00:00+00:00,67645.15746968288
2024-10-26 00:00:00+00:00,66908.29771680084
2024-10-27 00:00:00+00:00,67347.99392350142
2024-10-28 00:00:00+00:00,68556.24790463231
2024-10-29 00:00:00+00:00,71511.94386433491
2024-10-30 00:00:00+00:00,72227.39181826475
2024-10-31 00:00:00+00:00,71521.59345785735
2024-11-01 00:00:00+00:00,69674.68961653014
2024-11-02 00:00:00+00:00,69500.84809039782
2024-11-03 00:00:00+00:00,68517.33444198224
2024-11-04 00:00:00+00:00,68465.56569661903
2024-11-05 00:00:00+00:00,68957.90106109992
2024-11-06 00:00:00+00:00,74062.19451380645
2024-11-07 00:00:00+00:00,75405.98739476559
2024-11-08 00:00:00+00:00,76182.53920423632
2024-11-09 00:00:00+00:00,76442.82648514054
2024-11-10 00:00:00+00:00,79090.49618863588
2024-11-11 00:00:00+00:00,83055.82394047738
2024-11-12 00:00:00+00:00,88016.37370123039
2024-11-13 00:00:00+00:00,88922.44080005075
2024-11-14 00:00:00+00:00,89828.42031777982
2024-11-15 00:00:00+00:00,89091.64907795464
2024-11-16 00:00:00+00:00,91089.5500360014
2024-11-17 00:00:00+00:00,90384.3773215356
2024-11-18 00:00:00+00:00,90960.30545637892
2024-11-19 00:00:00+00:00,91979.42421897592
2024-11-20 00:00:00+00:00,93388.48498014278
2024-11-21 00:00:00+00:00,97063.86673593364
2024-11-22 00:00:00+00:00,98793.23378657296
2024-11-23 00:00:00+00:00,98450.26725105228
2024-11-24 00:00:00+00:00,97512.98426505824
2024-11-25 00:00:00+00:00,96860.682483783
2024-11-26 00:00:00+00:00,93127.26751844176
2024-11-27 00:00:00+00:00,94181.14677653609
2024-11-28 00:00:00+00:00,95442.96992999777
2024-11-29 00:00:00+00:00,96854.8775630705
2024-11-30 00:00:00+00:00,96791.38405492174
2024-12-01 00:00:00+00:00,96901.71597699323
2024-12-02 00:00:00+00:00,96140.08664307652
2024-12-03 00:00:00+00:00,95467.23686779164
2024-12-04 00:00:00+00:00,96458.6390782606
2024-12-05 00:00:00+00:00,101197.82287216408
2024-12-06 00:00:00+00:00,98945.08131155402
2024-12-07 00:00:00+00:00,99803.44166407367
2024-12-08 00:00:00+00:00,99825.745434176
2024-12-09 00:00:00+00:00,98581.00622986804
2024-12-10 00:00:00+00:00,96961.02746674004
2024-12-11 00:00:00+00:00,98736.85870843334
2024-12-12 00:00:00+00:00,100832.39115573492
2024-12-13 00:00:00+00:00,100486.4096239176
2024-12-14 00:00:00+00:00,101493.17622919832
2024-12-15 00:00:00+00:00,102446.3236848368
2024-12-16 00:00:00+00:00,105272.17261602888
2024-12-17 00:00:00+00:00,106775.7276491326
2024-12-18 00:00:00+00:00,104059.32848566916
2024-12-19 00:00:00+00:00,100325.64297277787
2024-12-20 00:00:00+00:00,96334.71702444366
2024-12-21 00:00:00+00:00,97690.1268921453
2024-12-22 00:00:00+00:00,96247.88426411751
2024-12-23 00:00:00+00:00,94679.96261929402
2024-12-24 00:00:00+00:00,95752.01161570074
2024-12-25 00:00:00+00:00,98356.92505486729
2024-12-26 00:00:00+00:00,96681.84722027332
2024-12-27 00:00:00+00:00,95513.21356616943
2024-12-28 00:00:00+00:00,94528.29175463856
2024-12-29 00:00:00+00:00,94472.144453801
2024-12-30 00:00:00+00:00,93291.30219048473
2024-12-31 00:00:00+00:00,93574.15710317672
2025-01-01 00:00:00+00:00,93829.9525053155
2025-01-02 00:00:00+00:00,96152.44065721724
2025-01-03 00:00:00+00:00,97150.7710832572
2025-01-04 00:00:00+00:00,98024.63474922204
2025-01-05 00:00:00+00:00,98059.3160709743
2025-01-06 00:00:00+00:00,100109.65701792546
2025-01-07 00:00:00+00:00,100009.2460466617
2025-01-08 00:00:00+00:00,95516.75396294706
2025-01-09 00:00:00+00:00,93510.68700847622
2025-01-10 00:00:00+00:00,94219.37914414649
2025-01-11 00:00:00+00:00,94397.3511527658
2025-01-12 00:00:00+00:00,94474.91402105712
2025-01-13 00:00:00+00:00,92925.93124673497
2025-01-14 00:00:00+00:00,95787.05075805724
2025-01-15 00:00:00+00:00,97979.0698785548
2025-01-16 00:00:00+00:00,99550.02726755325
2025-01-17 00:00:00+00:00,102668.25481958291
2025-01-18 00:00:00+00:00,103734.5472716216
2025-01-19 00:00:00+00:00,104739.99351330534
2025-01-20 00:00:00+00:00,104583.87732679084
2025-01-21 00:00:00+00:00,103693.89137855974
2025-01-22 00:00:00+00:00,104959.40432835858
2025-01-23 00:00:00+00:00,103168.6704265488
2025-01-24 00:00:00+00:00,105030.88241639908
2025-01-25 00:00:00+00:00,104702.248186344
2025-01-26 00:00:00+00:00,104854.5198877222
2025-01-27 00:00:00+00:00,100388.4473160333
2025-01-28 00:00:00+00:00,102329.73569460324
2025-01-29 00:00:00+00:00,102459.77415618372
2025-01-30 00:00:00+00:00,105116.15547470348
2025-01-31 00:00:00+00:00,104035.00025756622
2025-02-01 00:00:00+00:00,101974.9547410668
2025-02-02 00:00:00+00:00,99107.35933412488
2025-02-03 00:00:00+00:00,96866.64777808178
2025-02-04 00:00:00+00:00,99368.63468388202
2025-02-05 00:00:00+00:00,97771.20209135518
2025-02-06 00:00:00+00:00,97517.2604968468
2025-02-07 00:00:00+00:00,97338.67380747206
2025-02-08 00:00:00+00:00,96306.15208987617
2025-02-09 00:00:00+00:00,96561.10528506
2025-02-10 00:00:00+00:00,97208.73992662667
2025-02-11 00:00:00+00:00,97226.15040902529
2025-02-12 00:00:00+00:00,96228.92400591074
2025-02-13 00:00:00+00:00,96431.63656132497
2025-02-14 00:00:00+00:00,97133.98352516044
2025-02-15 00:00:00+00:00,97604.75568231556
2025-02-16 00:00:00+00:00,97240.34965349374
2025-02-17 00:00:00+00:00,96083.79954588368
2025-02-18 00:00:00+00:00,95363.12481943234
2025-02-19 00:00:00+00:00,95873.20120105369
2025-02-20 00:00:00+00:00,97415.03660912898
2025-02-21 00:00:00+00:00,97768.37823843186
2025-02-22 00:00:00+00:00,96467.25297301082
2025-02-23 00:00:00+00:00,96080.57547594432
2025-02-24 00:00:00+00:00,95123.00053664892
2025-02-25 00:00:00+00:00,89450.74450434286
2025-02-26 00:00:00+00:00,87329.249198267
2025-02-27 00:00:00+00:00,85150.79521386223
2025-02-28 00:00:00+00:00,82026.0762944313
2025-03-01 00:00:00+00:00,85085.55374903105
2025-03-02 00:00:00+00:00,88198.93037888798
2025-03-03 00:00:00+00:00,90936.3666656728
2025-03-04 00:00:00+00:00,84657.08550940566
2025-03-05 00:00:00+00:00,88660.1698833586
2025-03-06 00:00:00+00:00,90442.20526149264
2025-03-07 00:00:00+00:00,88112.80360999367
2025-03-08 00:00:00+00:00,86215.73809438046
2025-03-09 00:00:00+00:00,84423.22732456491
2025-03-10 00:00:00+00:00,80965.16208189442
2025-03-11 00:00:00+00:00,80892.741365464
2025-03-12 00:00:00+00:00,82503.19772710041
2025-03-13 00:00:00+00:00,82313.75126816415
2025-03-14 00:00:00+00:00,83079.50051715063
2025-03-15 00:00:00+00:00,84232.50774740629
2025-03-16 00:00:00+00:00,83628.6441056899
2025-03-17 00:00:00+00:00,83510.13401042063
2025-03-18 00:00:00+00:00,82553.10822003809
2025-03-19 00:00:00+00:00,83976.480031323
2025-03-20 00:00:00+00:00,85263.84677114685
2025-03-21 00:00:00+00:00,84150.63617995004
2025-03-22 00:00:00+00:00,84165.19648620859
2025-03-23 00:00:00+00:00,84611.7081600447
2025-03-24 00:00:00+00:00,87351.70280582971
2025-03-25 00:00:00+00:00,87315.07768836677
2025-03-26 00:00:00+00:00,87344.60066797632
2025-03-27 00:00:00+00:00,87218.67388337788
2025-03-28 00:00:00+00:00,85214.74541604468
2025-03-29 00:00:00+00:00,83155.58407465422
2025-03-30 00:00:00+00:00,82842.50376931786
2025-03-31 00:00:00+00:00,82333.02401430182
2025-04-01 00:00:00+00:00,84013.93438848642
2025-04-02 00:00:00+00:00,85143.01095594122
2025-04-03 00:00:00+00:00,82787.44456078489
2025-04-04 00:00:00+00:00,83401.89831063004
2025-04-05 00:00:00+00:00,83325.98405618116
2025-04-06 00:00:00+00:00,82001.40927571652
2025-04-07 00:00:00+00:00,77695.17339718214
2025-04-08 00:00:00+00:00,78764.5751467635
2025-04-09 00:00:00+00:00,78227.20253193982
2025-04-10 00:00:00+00:00,81046.76008079464
2025-04-11 00:00:00+00:00,81935.23871072991
2025-04-12 00:00:00+00:00,84059.7553491716
2025-04-13 00:00:00+00:00,84494.03911479721
2025-04-14 00:00:00+00:00,84650.12675580647
2025-04-15 00:00:00+00:00,85035.39996452969
2025-04-16 00:00:00+00:00,83992.83280493198
2025-04-17 00:00:00+00:00,84565.77895855125
2025-04-18 00:00:00+00:00,84633.45187606933
2025-04-19 00:00:00+00:00,85071.920422981
2025-04-20 00:00:00+00:00,84760.03945138013
2025-04-21 00:00:00+00:00,87215.46645955519
2025-04-22 00:00:00+00:00,89583.33284216061
2025-04-23 00:00:00+00:00,93508.02056977352
2025-04-24 00:00:00+00:00,93002.94114796244
2025-04-25 00:00:00+00:00,94246.06118469105
2025-04-26 00:00:00+00:00,94508.89385984534
2025-04-27 00:00:00+00:00,94170.93812100384
2025-04-28 00:00:00+00:00,94328.54524557048
2025-04-29 00:00:00+00:00,94891.34349061675
2025-04-30 00:00:00+00:00,94493.93694257808
2025-05-01 00:00:00+00:00,95793.5336733507
2025-05-02 00:00:00+00:00,96969.2001284528
2025-05-03 00:00:00+00:00,96346.7648095721
2025-05-04 00:00:00+00:00,95639.0960490146
2025-05-05 00:00:00+00:00,94379.85206937086
2025-05-06 00:00:00+00:00,94496.53932456247
2025-05-07 00:00:00+00:00,96804.66210702072
2025-05-08 00:00:00+00:00,99973.9482169294
2025-05-09 00:00:00+00:00,103018.6252303986
2025-05-10 00:00:00+00:00,103400.77893455816
2025-05-11 00:00:00+00:00,104180.8741726982
2025-05-12 00:00:00+00:00,103565.74795160034
2025-05-13 00:00:00+00:00,103314.40320198008
2025-05-14 00:00:00+00:00,103646.73048661312
2025-05-15 00:00:00+00:00,102829.45034557737
2025-05-16 00:00:00+00:00,103837.09821695607
2025-05-17 00:00:00+00:00,103199.50212241527
2025-05-18 00:00:00+00:00,104125.801205951
2025-05-19 00:00:00+00:00,104214.2657997465
2025-05-20 00:00:00+00:00,105705.40613280683
2025-05-21 00:00:00+00:00,107370.43181838056
2025-05-22 00:00:00+00:00,110950.19891476342
2025-05-23 00:00:00+00:00,110035.33154516296
2025-05-24 00:00:00+00:00,108455.14963727808
2025-05-25 00:00:00+00:00,107633.43375111309
2025-05-26 00:00:00+00:00,109567.1648717944
2025-05-27 00:00:00+00:00,109467.05156937391
2025-05-28 00:00:00+00:00,108331.2591188124
2025-05-29 00:00:00+00:00,107535.81697685063
2025-05-30 00:00:00+00:00,105363.14043584552
2025-05-31 00:00:00+00:00,104090.3989976358
2025-06-01 00:00:00+00:00,104606.02079791477
2025-06-02 00:00:00+00:00,104796.06876584636
2025-06-03 00:00:00+00:00,105741.85224954267
2025-06-04 00:00:00+00:00,105305.8094910842
2025-06-05 00:00:00+00:00,104121.5670153622
2025-06-06 00:00:00+00:00,103619.3506645316
2025-06-07 00:00:00+00:00,105204.4827210328
2025-06-08 00:00:00+00:00,105777.23786403876
2025-06-09 00:00:00+00:00,107103.64015194494
2025-06-10 00:00:00+00:00,109462.41090752032
2025-06-11 00:00:00+00:00,109411.2760331442
2025-06-12 00:00:00+00:00,107505.59362208909
2025-06-13 00:00:00+00:00,104901.88871165454
2025-06-14 00:00:00+00:00,105153.56668198536
2025-06-15 00:00:00+00:00,105392.3389786174
2025-06-16 00:00:00+00:00,107045.988078714
2025-06-17 00:00:00+00:00,105784.41055451348
2025-06-18 00:00:00+00:00,104750.96447131236
2025-06-19 00:00:00+00:00,104639.4759990338
2025-06-20 00:00:00+00:00,104611.16215242993
2025-06-21 00:00:00+00:00,103296.19054299704
2025-06-22 00:00:00+00:00,101348.18743453689
2025-06-23 00:00:00+00:00,101987.10778471777
2025-06-24 00:00:00+00:00,105436.11309848164
2025-06-25 00:00:00+00:00,106968.05887638238
2025-06-26 00:00:00+00:00,107482.589531897
2025-06-27 00:00:00+00:00,107085.47122664996
2025-06-28 00:00:00+00:00,107304.46919646546
2025-06-29 00:00:00+00:00,107653.83036545334
2025-06-30 00:00:00+00:00,107791.68838570472
2025-07-01 00:00:00+00:00,106529.69210158376
2025-07-02 00:00:00+00:00,107680.75222996077
2025-07-03 00:00:00+00:00,109444.1557885446
2025-07-04 00:00:00+00:00,108573.49784824502
2025-07-05 00:00:00+00:00,108126.47326337364
2025-07-06 00:00:00+00:00,108411.89328343525
2025-07-07 00:00:00+00:00,108611.31832402962
2025-07-08 00:00:00+00:00,108496.1142667092
2025-07-09 00:00:00+00:00,109322.4618603642
2025-07-10 00:00:00+00:00,112028.84636873566
2025-07-11 00:00:00+00:00,117419.41760070536
2025-07-12 00:00:00+00:00,117601.3099193994
2025-07-13 00:00:00+00:00,118228.57204890808
2025-07-14 00:00:00+00:00,120811.12252922112
2025-07-15 00:00:00+00:00,117391.4338531446
2025-07-16 00:00:00+00:00,118605.97409691736
2025-07-17 00:00:00+00:00,118741.9960737524
2025-07-18 00:00:00+00:00,118959.35497197688
2025-07-19 00:00:00+00:00,118124.08932956668
2025-07-20 00:00:00+00:00,118128.4068489744
2025-07-21 00:00:00+00:00,118109.64499333462
2025-07-22 00:00:00+00:00,118494.95707394906
2025-07-23 00:00:00+00:00,118532.45786675386
2025-07-24 00:00:00+00:00,118627.73622343368
2025-07-25 00:00:00+00:00,116309.81806025184
2025-07-26 00:00:00+00:00,117802.153275637
2025-07-27 00:00:00+00:00,118489.02503553404
2025-07-28 00:00:00+00:00,118680.15688929016
2025-07-29 00:00:00+00:00,118178.14875604944
2025-07-30 00:00:00+00:00,117801.13706169985
2025-07-31 00:00:00+00:00,118012.37733117351
2025-08-01 00:00:00+00:00,114877.79196749348
2025-08-02 00:00:00+00:00,113340.88934532084
2025-08-03 00:00:00+00:00,113769.33902451256
2025-08-04 00:00:00+00:00,114713.22428267048
2025-08-05 00:00:00+00:00,114073.05463497166
2025-08-06 00:00:00+00:00,114433.40336995476
2025-08-07 00:00:00+00:00,115841.69677460914
2025-08-08 00:00:00+00:00,116729.83228715105
2025-08-09 00:00:00+00:00,116780.7839586848
2025-08-10 00:00:00+00:00,118167.43414766714
2025-08-11 00:00:00+00:00,120351.07658695577
2025-08-12 00:00:00+00:00,119143.64695973055
2025-08-13 00:00:00+00:00,120701.340967142
2025-08-14 00:00:00+00:00,120656.43875807298
2025-08-15 00:00:00+00:00,118280.0701237488
2025-08-16 00:00:00+00:00,117658.75035805209
2025-08-17 00:00:00+00:00,117987.93561328696
2025-08-18 00:00:00+00:00,115939.56425527908
2025-08-19 00:00:00+00:00,114708.77708088885
2025-08-20 00:00:00+00:00,113685.01748731433
2025-08-21 00:00:00+00:00,113320.04973773022
2025-08-22 00:00:00+00:00,114236.897243393
2025-08-23 00:00:00+00:00,115508.3978192404
2025-08-24 00:00:00+00:00,114483.36912346318
2025-08-25 00:00:00+00:00,111890.01689361632
2025-08-26 00:00:00+00:00,110245.27255099136
2025-08-27 00:00:00+00:00,111520.21989199378
2025-08-28 00:00:00+00:00,112464.12934794692
2025-08-29 00:00:00+00:00,109905.20782548332
2025-08-30 00:00:00+00:00,108500.04613554476
2025-08-31 00:00:00+00:00,108842.44623889535
2025-09-01 00:00:00+00:00,108596.3179835392
2025-09-02 00:00:00+00:00,110365.40001767346
2025-09-03 00:00:00+00:00,111529.00298383548
2025-09-04 00:00:00+00:00,110689.34672480596
2025-09-05 00:00:00+00:00,111541.8916492214
2025-09-06 00:00:00+00:00,110633.66926390704
2025-09-07 00:00:00+00:00,110941.09216104046
2025-09-08 00:00:00+00:00,111752.37090051672
2025-09-09 00:00:00+00:00,111925.89603083576
2025-09-10 00:00:00+00:00,112674.47384315453
2025-09-11 00:00:00+00:00,114246.97675203346
2025-09-12 00:00:00+00:00,115533.61340075976
2025-09-13 00:00:00+00:00,115880.98591304588
2025-09-14 00:00:00+00:00,115791.32236379688
2025-09-15 00:00:00+00:00,115261.47877388918
2025-09-16 00:00:00+00:00,115798.25361742628
2025-09-17 00:00:00+00:00,116362.27338312304
2025-09-18 00:00:00+00:00,117282.33990493814
2025-09-19 00:00:00+00:00,116399.73967256484
2025-09-20 00:00:00+00:00,115804.83618578814
2025-09-21 00:00:00+00:00,115623.20306772878
2025-09-22 00:00:00+00:00,113208.6348297011
2025-09-23 00:00:00+00:00,112560.8103360081
2025-09-24 00:00:00+00:00,112925.17109123088
2025-09-25 00:00:00+00:00,111264.83226221507
2025-09-26 00:00:00+00:00,109427.98645454604
2025-09-27 00:00:00+00:00,109484.16886859848
2025-09-28 00:00:00+00:00,109875.40867908797
2025-09-29 00:00:00+00:00,112828.4270800872
2025-09-30 00:00:00+00:00,113780.83499883984
2025-10-01 00:00:00+00:00,116028.75300075112
2025-10-02 00:00:00+00:00,119279.50075801018
2025-10-03 00:00:00+00:00,121019.69034071195
2025-10-04 00:00:00+00:00,122144.45414614269
2025-10-05 00:00:00+00:00,123429.65544285056
2025-10-06 00:00:00+00:00,124424.45249306165
2025-10-07 00:00:00+00:00,123418.04331671732
2025-10-08 00:00:00+00:00,122482.0415495328
2025-10-09 00:00:00+00:00,121866.44688051604
2025-10-10 00:00:00+00:00,119737.14393609244
2025-10-11 00:00:00+00:00,111990.71281548154
2025-10-12 00:00:00+00:00,112380.54889336725
2025-10-13 00:00:00+00:00,115107.76605224126
2025-10-14 00:00:00+00:00,112669.95347677992
2025-10-15 00:00:00+00:00,111939.73012025324
2025-10-16 00:00:00+00:00,110224.35534894034
2025-10-17 00:00:00+00:00,106865.05911051316
2025-10-18 00:00:00+00:00,106923.13628488447
2025-10-19 00:00:00+00:00,107821.60678846342
2025-10-20 00:00:00+00:00,110456.66494256856
2025-10-21 00:00:00+00:00,109849.4155840492
2025-10-22 00:00:00+00:00,108078.0906660346
2025-10-23 00:00:00+00:00,109388.9227906197
2025-10-24 00:00:00+00:00,110800.13637317244
2025-10-25 00:00:00+00:00,111419.8836323262
2025-10-26 00:00:00+00:00,112700.84747212572
2025-10-27 00:00:00+00:00,115099.14330297634
2025-10-28 00:00:00+00:00,114269.49604361718
2025-10-29 00:00:00+00:00,112395.125269261
2025-10-30 00:00:00+00:00,109137.7463197962
2025-10-31 00:00:00+00:00,109622.15666626747
2025-11-01 00:00:00+00:00,110032.04089972966
2025-11-02 00:00:00+00:00,110307.0601195314
2025-11-03 00:00:00+00:00,107700.37532576102
2025-11-04 00:00:00+00:00,103867.9117696047
2025-11-05 00:00:00+00:00,102548.85364062486
2025-11-06 00:00:00+00:00,102628.08295183675
2025-11-07 00:00:00+00:00,101663.7446094232
2025-11-08 00:00:00+00:00,102269.21586450643
2025-11-09 00:00:00+00:00,102767.18911539076
2025-11-10 00:00:00+00:00,105832.86236966756
2025-11-11 00:00:00+00:00,104635.59282512116
2025-11-12 00:00:00+00:00,103119.53770304784
2025-11-13 00:00:00+00:00,101555.63542732276
2025-11-14 00:00:00+00:00,96820.76966753392
2025-11-15 00:00:00+00:00,95792.69133761432
2025-11-16 00:00:00+00:00,95206.6742943817
2025-11-17 00:00:00+00:00,94247.92965842148
2025-11-18 00:00:00+00:00,91684.98430457075
2025-11-19 00:00:00+00:00,90963.00201521542
2025-11-20 00:00:00+00:00,90453.80957945234
2025-11-21 00:00:00+00:00,84618.58608785736
2025-11-22 00:00:00+00:00,84378.82727720604
2025-11-23 00:00:00+00:00,86472.87087326591
2025-11-24 00:00:00+00:00,87167.94818519083
2025-11-25 00:00:00+00:00,87439.99720795044
2025-11-26 00:00:00+00:00,87980.28465797637
2025-11-27 00:00:00+00:00,91218.80595634515
2025-11-28 00:00:00+00:00,91353.55025725922
2025-11-29 00:00:00+00:00,90756.23339317266
2025-11-30 00:00:00+00:00,91201.90380027908
2025-12-01 00:00:00+00:00,86214.04133157151
2025-12-02 00:00:00+00:00,88545.99339451523
2025-12-03 00:00:00+00:00,92860.2681178173
2025-12-04 00:00:00+00:00,92872.43390663818
2025-12-05 00:00:00+00:00,90970.59275936492
2025-12-06 00:00:00+00:00,89568.98499409623
2025-12-07 00:00:00+00:00,89716.13749498
2025-12-08 00:00:00+00:00,91050.74099864114
2025-12-09 00:00:00+00:00,91349.8541429422
2025-12-10 00:00:00+00:00,92403.62497729444
2025-12-11 00:00:00+00:00,90573.28326167808
2025-12-12 00:00:00+00:00,91661.09303751396
2025-12-13 00:00:00+00:00,90260.11816968666
2025-12-14 00:00:00+00:00,89536.09690322069
2025-12-15 00:00:00+00:00,88292.01955954584
2025-12-16 00:00:00+00:00,86809.11548181491
2025-12-17 00:00:00+00:00,86887.68359558233
2025-12-18 00:00:00+00:00,86679.14561866873
2025-12-19 00:00:00+00:00,87362.63201419919
2025-12-20 00:00:00+00:00,88174.58899482031
2025-12-21 00:00:00+00:00,88260.19978816884
2025-12-22 00:00:00+00:00,89102.17259775008
2025-12-23 00:00:00+00:00,87767.41297947378
2025-12-24 00:00:00+00:00,87235.94979527596
2025-12-25 00:00:00+00:00,87741.20029603067
2025-12-26 00:00:00+00:00,88058.52998921352
2025-12-27 00:00:00+00:00,87461.26616100363
2025-12-28 00:00:00+00:00,87708.66755698308
2025-12-29 00:00:00+00:00,88186.68780484941
2025-12-30 00:00:00+00:00,87809.02644727379
2025-12-31 00:00:00+00:00,88195.79069958441
2026-01-01 00:00:00+00:00,87842.90866059804
2026-01-02 00:00:00+00:00,89301.36728364228
