date,eth_price
2017-05-01 00:00:00+00:00,76.84617780144701
2017-05-02 00:00:00+00:00,77.34604386935915
2017-05-03 00:00:00+00:00,80.9294915785314
2017-05-04 00:00:00+00:00,94.11226519917764
2017-05-05 00:00:00+00:00,91.16038713753753
2017-05-06 00:00:00+00:00,96.42767965195394
2017-05-07 00:00:00+00:00,89.73967947914684
2017-05-08 00:00:00+00:00,87.94812005196805
2017-05-09 00:00:00+00:00,87.50244390780135
2017-05-10 00:00:00+00:00,88.41058886851773
2017-05-11 00:00:00+00:00,88.45664874349296
2017-05-12 00:00:00+00:00,88.18109149325619
2017-05-13 00:00:00+00:00,89.13893167771396
2017-05-14 00:00:00+00:00,90.05504056395782
2017-05-15 00:00:00+00:00,90.50413159922428
2017-05-16 00:00:00+00:00,87.09148558444505
2017-05-17 00:00:00+00:00,88.21316751381906
2017-05-18 00:00:00+00:00,96.625846229828
2017-05-19 00:00:00+00:00,122.16278299258484
2017-05-20 00:00:00+00:00,123.02820305804212
2017-05-21 00:00:00+00:00,148.65732047983943
2017-05-22 00:00:00+00:00,153.99006380727735
2017-05-23 00:00:00+00:00,171.08002832171815
2017-05-24 00:00:00+00:00,190.4258131714612
2017-05-25 00:00:00+00:00,176.81781507886726
2017-05-26 00:00:00+00:00,162.94448638549966
2017-05-27 00:00:00+00:00,159.05524764233746
2017-05-28 00:00:00+00:00,172.3406699356334
2017-05-29 00:00:00+00:00,196.0785933386944
2017-05-30 00:00:00+00:00,230.79837139121355
2017-05-31 00:00:00+00:00,231.3721267127112
2017-06-01 00:00:00+00:00,221.82807122254025
2017-06-02 00:00:00+00:00,224.31670548594505
2017-06-03 00:00:00+00:00,225.39759443485244
2017-06-04 00:00:00+00:00,247.4275410848339
2017-06-05 00:00:00+00:00,248.93012523209245
2017-06-06 00:00:00+00:00,266.13970806704395
2017-06-07 00:00:00+00:00,256.21892337063565
2017-06-08 00:00:00+00:00,260.3415097477362
2017-06-09 00:00:00+00:00,280.333547997722
2017-06-10 00:00:00+00:00,337.7921754587072
2017-06-11 00:00:00+00:00,341.0796489185503
2017-06-12 00:00:00+00:00,398.4307850845948
2017-06-13 00:00:00+00:00,389.9448221775502
2017-06-14 00:00:00+00:00,347.78135772227546
2017-06-15 00:00:00+00:00,346.36906994261665
2017-06-16 00:00:00+00:00,358.2845168676378
2017-06-17 00:00:00+00:00,372.3570110185702
2017-06-18 00:00:00+00:00,359.4387121135216
2017-06-19 00:00:00+00:00,362.0442891370599
2017-06-20 00:00:00+00:00,358.0532310647092
2017-06-21 00:00:00+00:00,327.8909356942679
2017-06-22 00:00:00+00:00,326.9598139741636
2017-06-23 00:00:00+00:00,331.9138051489657
2017-06-24 00:00:00+00:00,310.05462840596994
2017-06-25 00:00:00+00:00,288.04702626534885
2017-06-26 00:00:00+00:00,258.9194627345456
2017-06-27 00:00:00+00:00,280.8130146788337
2017-06-28 00:00:00+00:00,317.2936774724324
2017-06-29 00:00:00+00:00,300.18215256198584
2017-06-30 00:00:00+00:00,284.69108328848546
2017-07-01 00:00:00+00:00,262.47807335859795
2017-07-02 00:00:00+00:00,286.1336070099866
2017-07-03 00:00:00+00:00,278.5971953381099
2017-07-04 00:00:00+00:00,269.7366305781692
2017-07-05 00:00:00+00:00,265.9369454655199
2017-07-06 00:00:00+00:00,267.4697236476019
2017-07-07 00:00:00+00:00,241.4766205298395
2017-07-08 00:00:00+00:00,246.2149709732745
2017-07-09 00:00:00+00:00,238.75431849081664
2017-07-10 00:00:00+00:00,210.5281972798413
2017-07-11 00:00:00+00:00,194.33493649003967
2017-07-12 00:00:00+00:00,222.13885617231483
2017-07-13 00:00:00+00:00,206.41325042813503
2017-07-14 00:00:00+00:00,197.96945236247697
2017-07-15 00:00:00+00:00,171.77744094493255
2017-07-16 00:00:00+00:00,156.46899162898947
2017-07-17 00:00:00+00:00,188.3527773486568
2017-07-18 00:00:00+00:00,228.50328003667275
2017-07-19 00:00:00+00:00,199.5905155326469
2017-07-20 00:00:00+00:00,223.4613483872583
2017-07-21 00:00:00+00:00,217.08647395834424
2017-07-22 00:00:00+00:00,231.1435289429509
2017-07-23 00:00:00+00:00,226.7185992848529
2017-07-24 00:00:00+00:00,224.9134070934212
2017-07-25 00:00:00+00:00,206.8105047877501
2017-07-26 00:00:00+00:00,200.3285558009793
2017-07-27 00:00:00+00:00,203.18932178158303
2017-07-28 00:00:00+00:00,192.585683905776
2017-07-29 00:00:00+00:00,205.51111919711505
2017-07-30 00:00:00+00:00,197.19896347978235
2017-07-31 00:00:00+00:00,203.28719634179097
2017-08-01 00:00:00+00:00,227.08056705038587
2017-08-02 00:00:00+00:00,219.05792926762416
2017-08-03 00:00:00+00:00,224.86795657659744
2017-08-04 00:00:00+00:00,221.67495953018923
2017-08-05 00:00:00+00:00,253.1556661233005
2017-08-06 00:00:00+00:00,263.2220861638244
2017-08-07 00:00:00+00:00,268.49662903477497
2017-08-08 00:00:00+00:00,295.14709831672786
2017-08-09 00:00:00+00:00,297.0696048197405
2017-08-10 00:00:00+00:00,296.7767240757822
2017-08-11 00:00:00+00:00,306.826433219032
2017-08-12 00:00:00+00:00,308.625531335255
2017-08-13 00:00:00+00:00,297.15980274719976
2017-08-14 00:00:00+00:00,296.3972895244633
2017-08-15 00:00:00+00:00,288.4507671723357
2017-08-16 00:00:00+00:00,300.0393294082391
2017-08-17 00:00:00+00:00,300.5703437604035
2017-08-18 00:00:00+00:00,296.114635373622
2017-08-19 00:00:00+00:00,296.6220895183796
2017-08-20 00:00:00+00:00,295.1715773277133
2017-08-21 00:00:00+00:00,322.2012201364436
2017-08-22 00:00:00+00:00,312.1744705574116
2017-08-23 00:00:00+00:00,316.7889202107443
2017-08-24 00:00:00+00:00,321.7852984049241
2017-08-25 00:00:00+00:00,329.0252809929819
2017-08-26 00:00:00+00:00,329.8657826244216
2017-08-27 00:00:00+00:00,343.3413371281412
2017-08-28 00:00:00+00:00,344.2011314209417
2017-08-29 00:00:00+00:00,366.809589912788
2017-08-30 00:00:00+00:00,378.90633073469184
2017-08-31 00:00:00+00:00,382.9344507545728
2017-09-01 00:00:00+00:00,386.3430570009356
2017-09-02 00:00:00+00:00,346.3987754868897
2017-09-03 00:00:00+00:00,349.92924044114534
2017-09-04 00:00:00+00:00,299.7173318855491
2017-09-05 00:00:00+00:00,318.9728041158723
2017-09-06 00:00:00+00:00,333.20632999273016
2017-09-07 00:00:00+00:00,329.4156625176296
2017-09-08 00:00:00+00:00,304.47510826802426
2017-09-09 00:00:00+00:00,299.6944444705654
2017-09-10 00:00:00+00:00,292.7796567856866
2017-09-11 00:00:00+00:00,296.4753988432914
2017-09-12 00:00:00+00:00,290.58653195906925
2017-09-13 00:00:00+00:00,277.33365793127047
2017-09-14 00:00:00+00:00,214.3117136334975
2017-09-15 00:00:00+00:00,246.9218572871298
2017-09-16 00:00:00+00:00,244.80561175288247
2017-09-17 00:00:00+00:00,249.6665459750284
2017-09-18 00:00:00+00:00,287.96109568877347
2017-09-19 00:00:00+00:00,280.4456323420793
2017-09-20 00:00:00+00:00,279.4176492108516
2017-09-21 00:00:00+00:00,257.465074465559
2017-09-22 00:00:00+00:00,263.46977368373445
2017-09-23 00:00:00+00:00,283.22215899335055
2017-09-24 00:00:00+00:00,280.68104473460187
2017-09-25 00:00:00+00:00,288.0857009417575
2017-09-26 00:00:00+00:00,283.9294530726591
2017-09-27 00:00:00+00:00,302.1518453516756
2017-09-28 00:00:00+00:00,294.3138380117381
2017-09-29 00:00:00+00:00,288.11459689868053
2017-09-30 00:00:00+00:00,297.2689355700251
2017-10-01 00:00:00+00:00,299.6748890236153
2017-10-02 00:00:00+00:00,295.8400297394862
2017-10-03 00:00:00+00:00,292.2107206992577
2017-10-04 00:00:00+00:00,293.0357027858311
2017-10-05 00:00:00+00:00,293.7193461204864
2017-10-06 00:00:00+00:00,307.7089805559562
2017-10-07 00:00:00+00:00,309.5982491240284
2017-10-08 00:00:00+00:00,307.05813687389934
2017-10-09 00:00:00+00:00,295.901045084102
2017-10-10 00:00:00+00:00,299.9170113647283
2017-10-11 00:00:00+00:00,303.2474665353709
2017-10-12 00:00:00+00:00,302.0199976805083
2017-10-13 00:00:00+00:00,337.9526134340301
2017-10-14 00:00:00+00:00,335.33824482981413
2017-10-15 00:00:00+00:00,335.3913549863649
2017-10-16 00:00:00+00:00,331.967214731027
2017-10-17 00:00:00+00:00,317.898212514702
2017-10-18 00:00:00+00:00,314.456554240651
2017-10-19 00:00:00+00:00,308.4746839282341
2017-10-20 00:00:00+00:00,302.35649692557024
2017-10-21 00:00:00+00:00,300.69384596228315
2017-10-22 00:00:00+00:00,295.4882479105146
2017-10-23 00:00:00+00:00,289.4140251237576
2017-10-24 00:00:00+00:00,298.75573430773346
2017-10-25 00:00:00+00:00,298.4839668215046
2017-10-26 00:00:00+00:00,295.7078546189935
2017-10-27 00:00:00+00:00,297.9291296930045
2017-10-28 00:00:00+00:00,296.4649529071602
2017-10-29 00:00:00+00:00,303.74113040048763
2017-10-30 00:00:00+00:00,306.2494615338919
2017-10-31 00:00:00+00:00,303.54211702851427
2017-11-01 00:00:00+00:00,292.33053872865435
2017-11-02 00:00:00+00:00,287.0696687458828
2017-11-03 00:00:00+00:00,305.8432726789198
2017-11-04 00:00:00+00:00,299.9549103522952
2017-11-05 00:00:00+00:00,297.5173231052644
2017-11-06 00:00:00+00:00,301.370794552855
2017-11-07 00:00:00+00:00,295.23511338265723
2017-11-08 00:00:00+00:00,308.9339866357258
2017-11-09 00:00:00+00:00,322.32952048358885
2017-11-10 00:00:00+00:00,301.3549333527746
2017-11-11 00:00:00+00:00,316.2583419604271
2017-11-12 00:00:00+00:00,314.1661277072687
2017-11-13 00:00:00+00:00,315.34395637188766
2017-11-14 00:00:00+00:00,338.937627406501
2017-11-15 00:00:00+00:00,334.286932546348
2017-11-16 00:00:00+00:00,330.021315646911
2017-11-17 00:00:00+00:00,333.351255037181
2017-11-18 00:00:00+00:00,348.74721545667
2017-11-19 00:00:00+00:00,353.43572964676
2017-11-20 00:00:00+00:00,365.786815977961
2017-11-21 00:00:00+00:00,361.055822571048
2017-11-22 00:00:00+00:00,379.409057274538
2017-11-23 00:00:00+00:00,412.557611501513
2017-11-24 00:00:00+00:00,475.002014978137
2017-11-25 00:00:00+00:00,467.446390045639
2017-11-26 00:00:00+00:00,468.998099373249
2017-11-27 00:00:00+00:00,484.362624150733
2017-11-28 00:00:00+00:00,474.182894748523
2017-11-29 00:00:00+00:00,428.345443336342
2017-11-30 00:00:00+00:00,454.160981519821
2017-12-01 00:00:00+00:00,469.863479570669
2017-12-02 00:00:00+00:00,469.857050536754
2017-12-03 00:00:00+00:00,461.880481908051
2017-12-04 00:00:00+00:00,472.252735495896
2017-12-05 00:00:00+00:00,467.016662982671
2017-12-06 00:00:00+00:00,448.328222164605
2017-12-07 00:00:00+00:00,451.825581860168
2017-12-08 00:00:00+00:00,467.881662612901
2017-12-09 00:00:00+00:00,482.035518858509
2017-12-10 00:00:00+00:00,446.691058078548
2017-12-11 00:00:00+00:00,509.000876237775
2017-12-12 00:00:00+00:00,661.841332287634
2017-12-13 00:00:00+00:00,709.883193572531
2017-12-14 00:00:00+00:00,704.621843737326
2017-12-15 00:00:00+00:00,693.09706413276
2017-12-16 00:00:00+00:00,702.244612799479
2017-12-17 00:00:00+00:00,728.700471211578
2017-12-18 00:00:00+00:00,798.115404033608
2017-12-19 00:00:00+00:00,829.989201766042
2017-12-20 00:00:00+00:00,813.403602277568
2017-12-21 00:00:00+00:00,812.885159103535
2017-12-22 00:00:00+00:00,669.276492289395
2017-12-23 00:00:00+00:00,715.719068265809
2017-12-24 00:00:00+00:00,686.208308919806
2017-12-25 00:00:00+00:00,733.902545910265
2017-12-26 00:00:00+00:00,774.110198124999
2017-12-27 00:00:00+00:00,764.967062014162
2017-12-28 00:00:00+00:00,736.840047017461
2017-12-29 00:00:00+00:00,755.343641318154
2017-12-30 00:00:00+00:00,736.909191519636
2017-12-31 00:00:00+00:00,774.696255457107
2018-01-01 00:00:00+00:00,776.080330355968
2018-01-02 00:00:00+00:00,876.890258814416
2018-01-03 00:00:00+00:00,963.0557506903511
2018-01-04 00:00:00+00:00,978.416104183522
2018-01-05 00:00:00+00:00,1004.8949722625624
2018-01-06 00:00:00+00:00,1052.02336010703
2018-01-07 00:00:00+00:00,1137.6549188901813
2018-01-08 00:00:00+00:00,1184.92393027798
2018-01-09 00:00:00+00:00,1361.4396682787146
2018-01-10 00:00:00+00:00,1345.5876017375906
2018-01-11 00:00:00+00:00,1181.6514100305303
2018-01-12 00:00:00+00:00,1315.6187580839762
2018-01-13 00:00:00+00:00,1448.1800861342022
2018-01-14 00:00:00+00:00,1410.000214508519
2018-01-15 00:00:00+00:00,1329.6713965043375
2018-01-16 00:00:00+00:00,1068.6004106894156
2018-01-17 00:00:00+00:00,1022.3652131699664
2018-01-18 00:00:00+00:00,1036.072312788025
2018-01-19 00:00:00+00:00,1046.8985973958734
2018-01-20 00:00:00+00:00,1172.917206223946
2018-01-21 00:00:00+00:00,1053.6332024800397
2018-01-22 00:00:00+00:00,1000.3871327788332
2018-01-23 00:00:00+00:00,991.665320638703
2018-01-24 00:00:00+00:00,1056.8792325682198
2018-01-25 00:00:00+00:00,1059.3154960264808
2018-01-26 00:00:00+00:00,1048.7989058434846
2018-01-27 00:00:00+00:00,1095.7825142892807
2018-01-28 00:00:00+00:00,1237.3241758467964
2018-01-29 00:00:00+00:00,1169.6342569193446
2018-01-30 00:00:00+00:00,1161.9086430994253
2018-01-31 00:00:00+00:00,1058.0960529662957
2018-02-01 00:00:00+00:00,1106.1381723552724
2018-02-02 00:00:00+00:00,1021.2693786534148
2018-02-03 00:00:00+00:00,914.6388425021536
2018-02-04 00:00:00+00:00,941.8032295185238
2018-02-05 00:00:00+00:00,834.8891703333355
2018-02-06 00:00:00+00:00,684.3133397266745
2018-02-07 00:00:00+00:00,785.7389155049871
2018-02-08 00:00:00+00:00,751.8878893661607
2018-02-09 00:00:00+00:00,807.8227505154956
2018-02-10 00:00:00+00:00,871.3268829432668
2018-02-11 00:00:00+00:00,854.3498784217315
2018-02-12 00:00:00+00:00,817.2905243571003
2018-02-13 00:00:00+00:00,862.7487725902944
2018-02-14 00:00:00+00:00,833.7791837295838
2018-02-15 00:00:00+00:00,915.076543018882
2018-02-16 00:00:00+00:00,928.2935214045194
2018-02-17 00:00:00+00:00,934.6767104527536
2018-02-18 00:00:00+00:00,964.2765079107336
2018-02-19 00:00:00+00:00,915.0920469360246
2018-02-20 00:00:00+00:00,928.2902425457684
2018-02-21 00:00:00+00:00,902.9690554385094
2018-02-22 00:00:00+00:00,809.1296597083212
2018-02-23 00:00:00+00:00,812.4468626177468
2018-02-24 00:00:00+00:00,864.6697536212578
2018-02-25 00:00:00+00:00,832.646407106762
2018-02-26 00:00:00+00:00,854.5845937649669
2018-02-27 00:00:00+00:00,871.5146236265358
2018-02-28 00:00:00+00:00,864.6887072652788
2018-03-01 00:00:00+00:00,853.2510742033311
2018-03-02 00:00:00+00:00,854.7839780101021
2018-03-03 00:00:00+00:00,848.6295806095619
2018-03-04 00:00:00+00:00,839.8322441228552
2018-03-05 00:00:00+00:00,846.569711400601
2018-03-06 00:00:00+00:00,827.6634074859818
2018-03-07 00:00:00+00:00,777.4150482642423
2018-03-08 00:00:00+00:00,738.3069197892082
2018-03-09 00:00:00+00:00,686.2412939120853
2018-03-10 00:00:00+00:00,721.8157858890154
2018-03-11 00:00:00+00:00,697.5291979105428
2018-03-12 00:00:00+00:00,711.0293462579082
2018-03-13 00:00:00+00:00,691.7862812105983
2018-03-14 00:00:00+00:00,659.5446556854372
2018-03-15 00:00:00+00:00,602.1603640900513
2018-03-16 00:00:00+00:00,605.861249219968
2018-03-17 00:00:00+00:00,584.5266229053091
2018-03-18 00:00:00+00:00,508.4931793427744
2018-03-19 00:00:00+00:00,539.7092300002967
2018-03-20 00:00:00+00:00,546.3507587175412
2018-03-21 00:00:00+00:00,569.706211593488
2018-03-22 00:00:00+00:00,547.8227922160947
2018-03-23 00:00:00+00:00,522.2126078393947
2018-03-24 00:00:00+00:00,532.9637018125171
2018-03-25 00:00:00+00:00,517.9183793742644
2018-03-26 00:00:00+00:00,496.93004137196
2018-03-27 00:00:00+00:00,462.237242098024
2018-03-28 00:00:00+00:00,449.1819996451986
2018-03-29 00:00:00+00:00,415.8400515885398
2018-03-30 00:00:00+00:00,386.7623736696284
2018-03-31 00:00:00+00:00,401.8970662330876
2018-04-01 00:00:00+00:00,383.0047057686186
2018-04-02 00:00:00+00:00,385.7107462096705
2018-04-03 00:00:00+00:00,401.1758036067932
2018-04-04 00:00:00+00:00,391.964790359802
2018-04-05 00:00:00+00:00,378.9321733914444
2018-04-06 00:00:00+00:00,372.19893788871
2018-04-07 00:00:00+00:00,382.1865578176535
2018-04-08 00:00:00+00:00,391.58261642275255
2018-04-09 00:00:00+00:00,402.6694596672521
2018-04-10 00:00:00+00:00,400.7761225167432
2018-04-11 00:00:00+00:00,416.1156467231273
2018-04-12 00:00:00+00:00,443.73860155594446
2018-04-13 00:00:00+00:00,499.8838856128102
2018-04-14 00:00:00+00:00,495.5494573790425
2018-04-15 00:00:00+00:00,510.3869955332336
2018-04-16 00:00:00+00:00,506.523106489222
2018-04-17 00:00:00+00:00,504.52345161506616
2018-04-18 00:00:00+00:00,507.4187831027186
2018-04-19 00:00:00+00:00,537.1738414620692
2018-04-20 00:00:00+00:00,576.0511027963344
2018-04-21 00:00:00+00:00,600.7618937314495
2018-04-22 00:00:00+00:00,615.0430550454804
2018-04-23 00:00:00+00:00,631.2520075175426
2018-04-24 00:00:00+00:00,682.1143607945326
2018-04-25 00:00:00+00:00,643.3777124980435
2018-04-26 00:00:00+00:00,628.262348604916
2018-04-27 00:00:00+00:00,659.3485402972111
2018-04-28 00:00:00+00:00,668.718949207359
2018-04-29 00:00:00+00:00,675.8627844359144
2018-04-30 00:00:00+00:00,674.7813913903702
2018-05-01 00:00:00+00:00,652.7005657661098
2018-05-02 00:00:00+00:00,669.8208864564092
2018-05-03 00:00:00+00:00,729.3109575265261
2018-05-04 00:00:00+00:00,778.8903565758532
2018-05-05 00:00:00+00:00,800.7933799668303
2018-05-06 00:00:00+00:00,786.8389241038094
2018-05-07 00:00:00+00:00,738.351918164437
2018-05-08 00:00:00+00:00,744.7608040382703
2018-05-09 00:00:00+00:00,733.7790042695948
2018-05-10 00:00:00+00:00,745.1377414440744
2018-05-11 00:00:00+00:00,695.2835572042433
2018-05-12 00:00:00+00:00,667.8648438336911
2018-05-13 00:00:00+00:00,701.4147371826842
2018-05-14 00:00:00+00:00,718.098503051751
2018-05-15 00:00:00+00:00,720.5247307697841
2018-05-16 00:00:00+00:00,691.8638115710547
2018-05-17 00:00:00+00:00,693.0713482083553
2018-05-18 00:00:00+00:00,672.780234912757
2018-05-19 00:00:00+00:00,687.797265521615
2018-05-20 00:00:00+00:00,699.1177373300325
2018-05-21 00:00:00+00:00,696.6193714389209
2018-05-22 00:00:00+00:00,673.8285529475675
2018-05-23 00:00:00+00:00,615.2886451861233
2018-05-24 00:00:00+00:00,585.8663169411865
2018-05-25 00:00:00+00:00,592.6024543234166
2018-05-26 00:00:00+00:00,589.7868870708558
2018-05-27 00:00:00+00:00,570.2011180377319
2018-05-28 00:00:00+00:00,535.1220382972809
2018-05-29 00:00:00+00:00,541.3800294940917
2018-05-30 00:00:00+00:00,559.1858261401098
2018-05-31 00:00:00+00:00,567.4090794402982
2018-06-01 00:00:00+00:00,571.6473599188766
2018-06-02 00:00:00+00:00,580.9287060834739
2018-06-03 00:00:00+00:00,602.5113497003515
2018-06-04 00:00:00+00:00,595.002936131165
2018-06-05 00:00:00+00:00,588.1348666840056
2018-06-06 00:00:00+00:00,596.8329862931394
2018-06-07 00:00:00+00:00,600.2557801335943
2018-06-08 00:00:00+00:00,592.1367243411163
2018-06-09 00:00:00+00:00,590.8904135151478
2018-06-10 00:00:00+00:00,552.5494445257941
2018-06-11 00:00:00+00:00,525.1477367689708
2018-06-12 00:00:00+00:00,520.1953780910914
2018-06-13 00:00:00+00:00,481.49329100018696
2018-06-14 00:00:00+00:00,491.9104467237368
2018-06-15 00:00:00+00:00,499.5493788599583
2018-06-16 00:00:00+00:00,492.51933222501447
2018-06-17 00:00:00+00:00,494.6447626566872
2018-06-18 00:00:00+00:00,496.7978035825868
2018-06-19 00:00:00+00:00,520.8827693635546
2018-06-20 00:00:00+00:00,522.9703955393645
2018-06-21 00:00:00+00:00,526.6737830585307
2018-06-22 00:00:00+00:00,489.2766563977639
2018-06-23 00:00:00+00:00,470.4779879280088
2018-06-24 00:00:00+00:00,450.84221492480407
2018-06-25 00:00:00+00:00,455.7985083838109
2018-06-26 00:00:00+00:00,448.0194474038337
2018-06-27 00:00:00+00:00,432.2311166315714
2018-06-28 00:00:00+00:00,431.95331104213153
2018-06-29 00:00:00+00:00,415.4728907426547
2018-06-30 00:00:00+00:00,446.377493544077
2018-07-01 00:00:00+00:00,447.4706192294295
2018-07-02 00:00:00+00:00,454.7018515199721
2018-07-03 00:00:00+00:00,469.83634421183046
2018-07-04 00:00:00+00:00,463.6768600324652
2018-07-05 00:00:00+00:00,467.5996509450307
2018-07-06 00:00:00+00:00,464.43571580761295
2018-07-07 00:00:00+00:00,465.56509473026335
2018-07-08 00:00:00+00:00,484.4778868750474
2018-07-09 00:00:00+00:00,478.2796084829572
2018-07-10 00:00:00+00:00,447.8375928071564
2018-07-11 00:00:00+00:00,436.2944450467455
2018-07-12 00:00:00+00:00,431.9276962619885
2018-07-13 00:00:00+00:00,433.9354412169221
2018-07-14 00:00:00+00:00,431.7503234626378
2018-07-15 00:00:00+00:00,440.680298356228
2018-07-16 00:00:00+00:00,461.1002883129671
2018-07-17 00:00:00+00:00,477.8140502281836
2018-07-18 00:00:00+00:00,493.0785175613359
2018-07-19 00:00:00+00:00,471.0450671917519
2018-07-20 00:00:00+00:00,456.30405910066776
2018-07-21 00:00:00+00:00,456.9739518342133
2018-07-22 00:00:00+00:00,460.28288677294086
2018-07-23 00:00:00+00:00,457.8609371564936
2018-07-24 00:00:00+00:00,465.1589692285585
2018-07-25 00:00:00+00:00,472.1095550480959
2018-07-26 00:00:00+00:00,472.5201206502914
2018-07-27 00:00:00+00:00,462.7737689026112
2018-07-28 00:00:00+00:00,467.0662644144006
2018-07-29 00:00:00+00:00,465.40096601699776
2018-07-30 00:00:00+00:00,459.5740585901577
2018-07-31 00:00:00+00:00,441.6650827827293
2018-08-01 00:00:00+00:00,421.6037170608572
2018-08-02 00:00:00+00:00,415.6369482262805
2018-08-03 00:00:00+00:00,409.9943979457101
2018-08-04 00:00:00+00:00,412.2872424819428
2018-08-05 00:00:00+00:00,406.3431776726228
2018-08-06 00:00:00+00:00,407.3663960542656
2018-08-07 00:00:00+00:00,403.264290955572
2018-08-08 00:00:00+00:00,366.278025178489
2018-08-09 00:00:00+00:00,361.3650797918288
2018-08-10 00:00:00+00:00,356.2078027217701
2018-08-11 00:00:00+00:00,318.4123158618418
2018-08-12 00:00:00+00:00,321.46850204940336
2018-08-13 00:00:00+00:00,308.70191660707314
2018-08-14 00:00:00+00:00,264.0499420738046
2018-08-15 00:00:00+00:00,286.79204396818807
2018-08-16 00:00:00+00:00,287.7907644350317
2018-08-17 00:00:00+00:00,299.67985013709733
2018-08-18 00:00:00+00:00,302.3750040822243
2018-08-19 00:00:00+00:00,296.6957754244424
2018-08-20 00:00:00+00:00,291.1157633306421
2018-08-21 00:00:00+00:00,277.63351878497696
2018-08-22 00:00:00+00:00,281.4638987308404
2018-08-23 00:00:00+00:00,273.67914085654434
2018-08-24 00:00:00+00:00,276.1462651219035
2018-08-25 00:00:00+00:00,279.52548560297544
2018-08-26 00:00:00+00:00,273.61926171279055
2018-08-27 00:00:00+00:00,276.5529621826728
2018-08-28 00:00:00+00:00,288.2184161053878
2018-08-29 00:00:00+00:00,292.4351616281628
2018-08-30 00:00:00+00:00,282.38627341788805
2018-08-31 00:00:00+00:00,280.98104790434434
2018-09-01 00:00:00+00:00,290.5573784480927
2018-09-02 00:00:00+00:00,294.1072560581682
2018-09-03 00:00:00+00:00,289.8374393423656
2018-09-04 00:00:00+00:00,287.54351622523615
2018-09-05 00:00:00+00:00,265.2062799578561
2018-09-06 00:00:00+00:00,226.51653356399416
2018-09-07 00:00:00+00:00,222.9362260909036
2018-09-08 00:00:00+00:00,212.35629581840715
2018-09-09 00:00:00+00:00,197.1586471332359
2018-09-10 00:00:00+00:00,196.27717793627264
2018-09-11 00:00:00+00:00,190.40308505891645
2018-09-12 00:00:00+00:00,175.8457954205608
2018-09-13 00:00:00+00:00,196.8644020370802
2018-09-14 00:00:00+00:00,213.6238444127757
2018-09-15 00:00:00+00:00,218.7852461564493
2018-09-16 00:00:00+00:00,218.0054815796218
2018-09-17 00:00:00+00:00,213.29538090622395
2018-09-18 00:00:00+00:00,203.3985328389723
2018-09-19 00:00:00+00:00,209.590304030973
2018-09-20 00:00:00+00:00,210.5289830640381
2018-09-21 00:00:00+00:00,230.04646313059456
2018-09-22 00:00:00+00:00,242.0302868190052
2018-09-23 00:00:00+00:00,242.66790777856207
2018-09-24 00:00:00+00:00,236.5002745331576
2018-09-25 00:00:00+00:00,215.0871808736996
2018-09-26 00:00:00+00:00,215.7041466054433
2018-09-27 00:00:00+00:00,218.8004326355548
2018-09-28 00:00:00+00:00,226.20986509853512
2018-09-29 00:00:00+00:00,226.611292452433
2018-09-30 00:00:00+00:00,232.68989160063185
2018-10-01 00:00:00+00:00,230.39691167915032
2018-10-02 00:00:00+00:00,228.6650248840625
2018-10-03 00:00:00+00:00,220.15359246171587
2018-10-04 00:00:00+00:00,223.7233851654659
2018-10-05 00:00:00+00:00,222.7507338114107
2018-10-06 00:00:00+00:00,225.9075004711431
2018-10-07 00:00:00+00:00,224.12807824211808
2018-10-08 00:00:00+00:00,227.03059838558627
2018-10-09 00:00:00+00:00,228.5534531663669
2018-10-10 00:00:00+00:00,225.66182537717933
2018-10-11 00:00:00+00:00,202.03075448490432
2018-10-12 00:00:00+00:00,196.8488604727795
2018-10-13 00:00:00+00:00,200.0792061957383
2018-10-14 00:00:00+00:00,201.5698157025979
2018-10-15 00:00:00+00:00,209.5686477693201
2018-10-16 00:00:00+00:00,211.74328709401885
2018-10-17 00:00:00+00:00,211.55669078829712
2018-10-18 00:00:00+00:00,208.59027877182564
2018-10-19 00:00:00+00:00,204.02116956844728
2018-10-20 00:00:00+00:00,206.26393910864684
2018-10-21 00:00:00+00:00,207.909758102302
2018-10-22 00:00:00+00:00,205.96523918635248
2018-10-23 00:00:00+00:00,203.90823805134423
2018-10-24 00:00:00+00:00,204.6148427224242
2018-10-25 00:00:00+00:00,202.7134446966305
2018-10-26 00:00:00+00:00,202.80348491705152
2018-10-27 00:00:00+00:00,203.2503517131223
2018-10-28 00:00:00+00:00,203.36450208558128
2018-10-29 00:00:00+00:00,200.6979632288493
2018-10-30 00:00:00+00:00,196.90282882331184
2018-10-31 00:00:00+00:00,197.23236120840969
2018-11-01 00:00:00+00:00,198.5718832123306
2018-11-02 00:00:00+00:00,201.1925603697274
2018-11-03 00:00:00+00:00,200.5942736651713
2018-11-04 00:00:00+00:00,203.80300974698628
2018-11-05 00:00:00+00:00,208.6727397407965
2018-11-06 00:00:00+00:00,213.2572204846263
2018-11-07 00:00:00+00:00,219.76317564602155
2018-11-08 00:00:00+00:00,215.69551983736667
2018-11-09 00:00:00+00:00,212.08852692579185
2018-11-10 00:00:00+00:00,212.90034080111607
2018-11-11 00:00:00+00:00,211.83968128843145
2018-11-12 00:00:00+00:00,212.18871905335425
2018-11-13 00:00:00+00:00,209.8350037222864
2018-11-14 00:00:00+00:00,198.1882570983928
2018-11-15 00:00:00+00:00,179.17811066106492
2018-11-16 00:00:00+00:00,178.9978462538656
2018-11-17 00:00:00+00:00,175.1120205421324
2018-11-18 00:00:00+00:00,177.23825417276552
2018-11-19 00:00:00+00:00,160.52286252327764
2018-11-20 00:00:00+00:00,140.38716556001722
2018-11-21 00:00:00+00:00,134.7918196479965
2018-11-22 00:00:00+00:00,133.99238900138553
2018-11-23 00:00:00+00:00,123.43454811539324
2018-11-24 00:00:00+00:00,122.71137804880942
2018-11-25 00:00:00+00:00,110.65290745705548
2018-11-26 00:00:00+00:00,113.37344917212845
2018-11-27 00:00:00+00:00,107.31744259434645
2018-11-28 00:00:00+00:00,117.33161343610398
2018-11-29 00:00:00+00:00,119.1328256838599
2018-11-30 00:00:00+00:00,115.77706403731392
2018-12-01 00:00:00+00:00,115.88939141054392
2018-12-02 00:00:00+00:00,117.54700485310468
2018-12-03 00:00:00+00:00,112.02213640180064
2018-12-04 00:00:00+00:00,110.20518842306944
2018-12-05 00:00:00+00:00,106.55463491909782
2018-12-06 00:00:00+00:00,99.95881673468352
2018-12-07 00:00:00+00:00,87.15380919623618
2018-12-08 00:00:00+00:00,90.57274855780769
2018-12-09 00:00:00+00:00,92.4727766935374
2018-12-10 00:00:00+00:00,91.29145026548387
2018-12-11 00:00:00+00:00,88.53207994643675
2018-12-12 00:00:00+00:00,88.98823331867862
2018-12-13 00:00:00+00:00,88.615018311932
2018-12-14 00:00:00+00:00,85.34066461131134
2018-12-15 00:00:00+00:00,83.6283489305048
2018-12-16 00:00:00+00:00,85.75826516462241
2018-12-17 00:00:00+00:00,88.50175341515758
2018-12-18 00:00:00+00:00,93.61862482507098
2018-12-19 00:00:00+00:00,102.5000717658362
2018-12-20 00:00:00+00:00,106.36616911988278
2018-12-21 00:00:00+00:00,112.14034110731652
2018-12-22 00:00:00+00:00,109.767523991988
2018-12-23 00:00:00+00:00,126.8697421819071
2018-12-24 00:00:00+00:00,144.1429382173511
2018-12-25 00:00:00+00:00,127.5444314029138
2018-12-26 00:00:00+00:00,128.8133007849883
2018-12-27 00:00:00+00:00,123.08969499845972
2018-12-28 00:00:00+00:00,120.86627148925174
2018-12-29 00:00:00+00:00,135.40705607063913
2018-12-30 00:00:00+00:00,135.36346271381333
2018-12-31 00:00:00+00:00,134.5454468424978
2019-01-01 00:00:00+00:00,133.66159053983145
2019-01-02 00:00:00+00:00,145.86862000791038
2019-01-03 00:00:00+00:00,148.94276143255166
2019-01-04 00:00:00+00:00,150.10926761835566
2019-01-05 00:00:00+00:00,156.12007376709397
2019-01-06 00:00:00+00:00,152.55086950636112
2019-01-07 00:00:00+00:00,152.44575683469253
2019-01-08 00:00:00+00:00,148.73698557405254
2019-01-09 00:00:00+00:00,149.61927427198106
2019-01-10 00:00:00+00:00,135.35912152087175
2019-01-11 00:00:00+00:00,125.55234999425464
2019-01-12 00:00:00+00:00,124.98997772702025
2019-01-13 00:00:00+00:00,120.90613411305344
2019-01-14 00:00:00+00:00,119.862606589851
2019-01-15 00:00:00+00:00,125.66809960830103
2019-01-16 00:00:00+00:00,121.1660303268324
2019-01-17 00:00:00+00:00,120.73201994926764
2019-01-18 00:00:00+00:00,120.46441078893292
2019-01-19 00:00:00+00:00,121.92242277646876
2019-01-20 00:00:00+00:00,120.15692491683144
2019-01-21 00:00:00+00:00,116.43644278893778
2019-01-22 00:00:00+00:00,116.745741954952
2019-01-23 00:00:00+00:00,117.47273849035228
2019-01-24 00:00:00+00:00,115.80356183778105
2019-01-25 00:00:00+00:00,115.65175551519704
2019-01-26 00:00:00+00:00,115.79665464340565
2019-01-27 00:00:00+00:00,114.32470361671088
2019-01-28 00:00:00+00:00,106.21227658319695
2019-01-29 00:00:00+00:00,104.65083574614164
2019-01-30 00:00:00+00:00,106.40312746792254
2019-01-31 00:00:00+00:00,107.59091358849264
2019-02-01 00:00:00+00:00,106.05342426022544
2019-02-02 00:00:00+00:00,107.25160063785182
2019-02-03 00:00:00+00:00,108.35397051781882
2019-02-04 00:00:00+00:00,107.51776080621704
2019-02-05 00:00:00+00:00,107.33054869859
2019-02-06 00:00:00+00:00,103.7777207864622
2019-02-07 00:00:00+00:00,104.89130522484236
2019-02-08 00:00:00+00:00,110.07178099071923
2019-02-09 00:00:00+00:00,118.87346442606912
2019-02-10 00:00:00+00:00,118.15679949128932
2019-02-11 00:00:00+00:00,121.0847691020163
2019-02-12 00:00:00+00:00,120.85213820034694
2019-02-13 00:00:00+00:00,122.56863225664688
2019-02-14 00:00:00+00:00,122.02695495252526
2019-02-15 00:00:00+00:00,121.68815349457884
2019-02-16 00:00:00+00:00,122.7030010335751
2019-02-17 00:00:00+00:00,125.91857567462532
2019-02-18 00:00:00+00:00,140.41885759943443
2019-02-19 00:00:00+00:00,146.45234244994936
2019-02-20 00:00:00+00:00,144.7196024927541
2019-02-21 00:00:00+00:00,145.47334795497264
2019-02-22 00:00:00+00:00,146.89898047045486
2019-02-23 00:00:00+00:00,149.75063169635868
2019-02-24 00:00:00+00:00,153.41793603745018
2019-02-25 00:00:00+00:00,137.84466995983266
2019-02-26 00:00:00+00:00,136.4381172528036
2019-02-27 00:00:00+00:00,136.0738477238773
2019-02-28 00:00:00+00:00,136.0708373667575
2019-03-01 00:00:00+00:00,136.0733426954337
2019-03-02 00:00:00+00:00,133.3170361761377
2019-03-03 00:00:00+00:00,132.7656474840902
2019-03-04 00:00:00+00:00,126.6256429688341
2019-03-05 00:00:00+00:00,130.4044554980538
2019-03-06 00:00:00+00:00,136.70136920152717
2019-03-07 00:00:00+00:00,137.45206942173175
2019-03-08 00:00:00+00:00,136.4643257000608
2019-03-09 00:00:00+00:00,136.24266271130242
2019-03-10 00:00:00+00:00,135.67961983843912
2019-03-11 00:00:00+00:00,133.47026733521625
2019-03-12 00:00:00+00:00,132.47282531817214
2019-03-13 00:00:00+00:00,132.13204771511982
2019-03-14 00:00:00+00:00,131.89335241330372
2019-03-15 00:00:00+00:00,134.72514873167057
2019-03-16 00:00:00+00:00,140.4945952594091
2019-03-17 00:00:00+00:00,138.78492285713963
2019-03-18 00:00:00+00:00,138.1188852734902
2019-03-19 00:00:00+00:00,137.9059456124476
2019-03-20 00:00:00+00:00,137.89705058010065
2019-03-21 00:00:00+00:00,137.27816994513606
2019-03-22 00:00:00+00:00,135.907833194776
2019-03-23 00:00:00+00:00,136.77468252384682
2019-03-24 00:00:00+00:00,136.27813507525062
2019-03-25 00:00:00+00:00,135.07634411933552
2019-03-26 00:00:00+00:00,133.70227944246426
2019-03-27 00:00:00+00:00,137.5028647131442
2019-03-28 00:00:00+00:00,138.08211976122715
2019-03-29 00:00:00+00:00,139.933484312466
2019-03-30 00:00:00+00:00,142.4117715725036
2019-03-31 00:00:00+00:00,141.30619882048686
2019-04-01 00:00:00+00:00,141.95250015271031
2019-04-02 00:00:00+00:00,153.60569342787076
2019-04-03 00:00:00+00:00,168.88341734690073
2019-04-04 00:00:00+00:00,159.85072530487716
2019-04-05 00:00:00+00:00,162.4681122916477
2019-04-06 00:00:00+00:00,164.79895587682566
2019-04-07 00:00:00+00:00,167.86939107745857
2019-04-08 00:00:00+00:00,179.25069325432898
2019-04-09 00:00:00+00:00,176.3215809082457
2019-04-10 00:00:00+00:00,178.82730768911438
2019-04-11 00:00:00+00:00,167.86219820877042
2019-04-12 00:00:00+00:00,164.0684582694018
2019-04-13 00:00:00+00:00,164.01971940636386
2019-04-14 00:00:00+00:00,163.6513854362611
2019-04-15 00:00:00+00:00,165.38389208977958
2019-04-16 00:00:00+00:00,163.0809106971678
2019-04-17 00:00:00+00:00,166.1215744992309
2019-04-18 00:00:00+00:00,171.97677576172714
2019-04-19 00:00:00+00:00,172.3622915377721
2019-04-20 00:00:00+00:00,173.62146616992248
2019-04-21 00:00:00+00:00,169.95357639137666
2019-04-22 00:00:00+00:00,170.5943371077665
2019-04-23 00:00:00+00:00,173.4114694494757
2019-04-24 00:00:00+00:00,165.78214208822905
2019-04-25 00:00:00+00:00,163.61977043259347
2019-04-26 00:00:00+00:00,155.5588978571511
2019-04-27 00:00:00+00:00,157.5318590183306
2019-04-28 00:00:00+00:00,157.89114513789755
2019-04-29 00:00:00+00:00,155.34788048256846
2019-04-30 00:00:00+00:00,157.20780893904112
2019-05-01 00:00:00+00:00,160.08304118503642
2019-05-02 00:00:00+00:00,159.7839050442462
2019-05-03 00:00:00+00:00,164.84272549149264
2019-05-04 00:00:00+00:00,163.92680354427958
2019-05-05 00:00:00+00:00,162.4297365367925
2019-05-06 00:00:00+00:00,166.07183605815865
2019-05-07 00:00:00+00:00,175.443335173459
2019-05-08 00:00:00+00:00,169.29232199393985
2019-05-09 00:00:00+00:00,169.83617120067925
2019-05-10 00:00:00+00:00,173.0012314438553
2019-05-11 00:00:00+00:00,186.05661556634013
2019-05-12 00:00:00+00:00,191.2972321966896
2019-05-13 00:00:00+00:00,193.49801740313453
2019-05-14 00:00:00+00:00,206.45147550803668
2019-05-15 00:00:00+00:00,231.6899570195033
2019-05-16 00:00:00+00:00,260.71484445752293
2019-05-17 00:00:00+00:00,239.33891368817112
2019-05-18 00:00:00+00:00,238.66031991984485
2019-05-19 00:00:00+00:00,252.47448108997008
2019-05-20 00:00:00+00:00,249.4336438861212
2019-05-21 00:00:00+00:00,252.6883329918836
2019-05-22 00:00:00+00:00,253.5760789958221
2019-05-23 00:00:00+00:00,241.11473466373016
2019-05-24 00:00:00+00:00,248.8555385171504
2019-05-25 00:00:00+00:00,251.21560122541712
2019-05-26 00:00:00+00:00,251.5756485287129
2019-05-27 00:00:00+00:00,267.6018300717409
2019-05-28 00:00:00+00:00,270.4338830682566
2019-05-29 00:00:00+00:00,269.18390530663856
2019-05-30 00:00:00+00:00,275.87576533212865
2019-05-31 00:00:00+00:00,257.8128766295804
2019-06-01 00:00:00+00:00,268.2306078963404
2019-06-02 00:00:00+00:00,268.46907941531856
2019-06-03 00:00:00+00:00,263.5543534662003
2019-06-04 00:00:00+00:00,245.72030152078813
2019-06-05 00:00:00+00:00,244.06798725411576
2019-06-06 00:00:00+00:00,244.5483999574488
2019-06-07 00:00:00+00:00,248.93518869427453
2019-06-08 00:00:00+00:00,247.20954292183444
2019-06-09 00:00:00+00:00,238.8481066961234
2019-06-10 00:00:00+00:00,239.36949417673
2019-06-11 00:00:00+00:00,244.00921373633847
2019-06-12 00:00:00+00:00,250.41847946366585
2019-06-13 00:00:00+00:00,259.3159116963163
2019-06-14 00:00:00+00:00,256.49342898962726
2019-06-15 00:00:00+00:00,265.66363930773605
2019-06-16 00:00:00+00:00,270.6772409544612
2019-06-17 00:00:00+00:00,271.01644173250247
2019-06-18 00:00:00+00:00,267.8565919784642
2019-06-19 00:00:00+00:00,267.38104969045975
2019-06-20 00:00:00+00:00,269.4695634459772
2019-06-21 00:00:00+00:00,286.46732619661213
2019-06-22 00:00:00+00:00,306.3800610424358
2019-06-23 00:00:00+00:00,312.3731351112135
2019-06-24 00:00:00+00:00,308.2883919661196
2019-06-25 00:00:00+00:00,312.438077066876
2019-06-26 00:00:00+00:00,337.48378321572443
2019-06-27 00:00:00+00:00,314.9534262016955
2019-06-28 00:00:00+00:00,304.9416967435715
2019-06-29 00:00:00+00:00,306.09819502307045
2019-06-30 00:00:00+00:00,308.1469272601422
2019-07-01 00:00:00+00:00,292.41574305068866
2019-07-02 00:00:00+00:00,285.6587949866375
2019-07-03 00:00:00+00:00,295.71490583049285
2019-07-04 00:00:00+00:00,296.75297854127683
2019-07-05 00:00:00+00:00,288.7858752509593
2019-07-06 00:00:00+00:00,292.4044135302898
2019-07-07 00:00:00+00:00,294.4458216969511
2019-07-08 00:00:00+00:00,307.36782165540336
2019-07-09 00:00:00+00:00,311.4212383506492
2019-07-10 00:00:00+00:00,302.00447597094575
2019-07-11 00:00:00+00:00,274.88064672946774
2019-07-12 00:00:00+00:00,273.68980935884343
2019-07-13 00:00:00+00:00,270.4600149298041
2019-07-14 00:00:00+00:00,251.3712951723734
2019-07-15 00:00:00+00:00,226.2698044433901
2019-07-16 00:00:00+00:00,219.2603838379828
2019-07-17 00:00:00+00:00,205.7357663085237
2019-07-18 00:00:00+00:00,217.97288996578743
2019-07-19 00:00:00+00:00,220.4718995329372
2019-07-20 00:00:00+00:00,227.57977634907613
2019-07-21 00:00:00+00:00,224.7099832796682
2019-07-22 00:00:00+00:00,221.19039355410928
2019-07-23 00:00:00+00:00,214.3407007493771
2019-07-24 00:00:00+00:00,209.33118726145736
2019-07-25 00:00:00+00:00,221.181231381602
2019-07-26 00:00:00+00:00,216.8107285906559
2019-07-27 00:00:00+00:00,213.5747025129768
2019-07-28 00:00:00+00:00,208.7033094549944
2019-07-29 00:00:00+00:00,210.94738406260504
2019-07-30 00:00:00+00:00,209.18673287666925
2019-07-31 00:00:00+00:00,213.79974998960688
2019-08-01 00:00:00+00:00,214.41635671674285
2019-08-02 00:00:00+00:00,217.80734256856496
2019-08-03 00:00:00+00:00,221.5033217656424
2019-08-04 00:00:00+00:00,219.77157117119395
2019-08-05 00:00:00+00:00,229.8352756509695
2019-08-06 00:00:00+00:00,229.16367042559625
2019-08-07 00:00:00+00:00,225.6618775387092
2019-08-08 00:00:00+00:00,222.9378876675985
2019-08-09 00:00:00+00:00,213.2901434077725
2019-08-10 00:00:00+00:00,208.6241096519828
2019-08-11 00:00:00+00:00,211.4049232151248
2019-08-12 00:00:00+00:00,212.40253976460008
2019-08-13 00:00:00+00:00,208.9066369391041
2019-08-14 00:00:00+00:00,202.0564856461345
2019-08-15 00:00:00+00:00,184.56985186596285
2019-08-16 00:00:00+00:00,185.1154729323097
2019-08-17 00:00:00+00:00,184.75105771840552
2019-08-18 00:00:00+00:00,190.2584228253179
2019-08-19 00:00:00+00:00,198.8422661053679
2019-08-20 00:00:00+00:00,198.20939840691688
2019-08-21 00:00:00+00:00,187.7505873930245
2019-08-22 00:00:00+00:00,188.4256775490516
2019-08-23 00:00:00+00:00,192.48961389573628
2019-08-24 00:00:00+00:00,190.05099769284573
2019-08-25 00:00:00+00:00,188.6750086874806
2019-08-26 00:00:00+00:00,189.1298765679252
2019-08-27 00:00:00+00:00,186.852020149303
2019-08-28 00:00:00+00:00,183.183889309055
2019-08-29 00:00:00+00:00,169.51227948672738
2019-08-30 00:00:00+00:00,168.81134650043796
2019-08-31 00:00:00+00:00,168.76396004282088
2019-09-01 00:00:00+00:00,170.9967337106111
2019-09-02 00:00:00+00:00,173.16084254601864
2019-09-03 00:00:00+00:00,178.69520104590515
2019-09-04 00:00:00+00:00,177.16936911153434
2019-09-05 00:00:00+00:00,173.08531160410334
2019-09-06 00:00:00+00:00,174.03165520457253
2019-09-07 00:00:00+00:00,172.86260946372406
2019-09-08 00:00:00+00:00,180.53046571545497
2019-09-09 00:00:00+00:00,180.2352177482484
2019-09-10 00:00:00+00:00,180.87034516973165
2019-09-11 00:00:00+00:00,178.3256303820419
2019-09-12 00:00:00+00:00,178.7385545946824
2019-09-13 00:00:00+00:00,179.57380023447286
2019-09-14 00:00:00+00:00,183.1282080358459
2019-09-15 00:00:00+00:00,188.3315824946502
2019-09-16 00:00:00+00:00,193.00398297062347
2019-09-17 00:00:00+00:00,202.02355705396704
2019-09-18 00:00:00+00:00,212.4668492381064
2019-09-19 00:00:00+00:00,211.0236586677269
2019-09-20 00:00:00+00:00,217.3648623056993
2019-09-21 00:00:00+00:00,216.86270565360064
2019-09-22 00:00:00+00:00,210.34360754628293
2019-09-23 00:00:00+00:00,207.9807358830832
2019-09-24 00:00:00+00:00,197.22421773886936
2019-09-25 00:00:00+00:00,168.41362124287062
2019-09-26 00:00:00+00:00,166.79646901968627
2019-09-27 00:00:00+00:00,166.53888712115946
2019-09-28 00:00:00+00:00,173.54232999415424
2019-09-29 00:00:00+00:00,169.95433590201768
2019-09-30 00:00:00+00:00,173.01964449778447
2019-10-01 00:00:00+00:00,179.55760546480744
2019-10-02 00:00:00+00:00,176.32063719212752
2019-10-03 00:00:00+00:00,176.38133505683945
2019-10-04 00:00:00+00:00,174.93079219266392
2019-10-05 00:00:00+00:00,175.11868718102468
2019-10-06 00:00:00+00:00,173.25261604013795
2019-10-07 00:00:00+00:00,175.1658065993089
2019-10-08 00:00:00+00:00,180.51110560660592
2019-10-09 00:00:00+00:00,185.29850975801853
2019-10-10 00:00:00+00:00,191.6659769562756
2019-10-11 00:00:00+00:00,186.1185041186303
2019-10-12 00:00:00+00:00,182.55946224022463
2019-10-13 00:00:00+00:00,182.20953431472745
2019-10-14 00:00:00+00:00,183.58318420640992
2019-10-15 00:00:00+00:00,183.14961025925163
2019-10-16 00:00:00+00:00,176.94058102704682
2019-10-17 00:00:00+00:00,175.81499834739955
2019-10-18 00:00:00+00:00,173.8643396175353
2019-10-19 00:00:00+00:00,172.90292870143898
2019-10-20 00:00:00+00:00,172.39788680978089
2019-10-21 00:00:00+00:00,174.52660335385283
2019-10-22 00:00:00+00:00,173.5283915255426
2019-10-23 00:00:00+00:00,164.44021764565937
2019-10-24 00:00:00+00:00,161.30954909456864
2019-10-25 00:00:00+00:00,168.64089392386617
2019-10-26 00:00:00+00:00,182.15514224863
2019-10-27 00:00:00+00:00,181.71098234003296
2019-10-28 00:00:00+00:00,183.46358089874457
2019-10-29 00:00:00+00:00,186.29944246441195
2019-10-30 00:00:00+00:00,185.0916551654592
2019-10-31 00:00:00+00:00,182.23013920515825
2019-11-01 00:00:00+00:00,181.6025402609836
2019-11-02 00:00:00+00:00,183.1434336193488
2019-11-03 00:00:00+00:00,182.20009700604243
2019-11-04 00:00:00+00:00,183.75670496974024
2019-11-05 00:00:00+00:00,187.1801541828664
2019-11-06 00:00:00+00:00,190.3533775871277
2019-11-07 00:00:00+00:00,187.79074372072407
2019-11-08 00:00:00+00:00,185.00700917370784
2019-11-09 00:00:00+00:00,184.5654408584849
2019-11-10 00:00:00+00:00,187.2205271899068
2019-11-11 00:00:00+00:00,187.02808403984287
2019-11-12 00:00:00+00:00,185.59387406380384
2019-11-13 00:00:00+00:00,186.68606025456376
2019-11-14 00:00:00+00:00,185.47978762434687
2019-11-15 00:00:00+00:00,181.98735248802063
2019-11-16 00:00:00+00:00,181.6457314238834
2019-11-17 00:00:00+00:00,183.56062053905248
2019-11-18 00:00:00+00:00,181.84195321297992
2019-11-19 00:00:00+00:00,175.80990855538474
2019-11-20 00:00:00+00:00,175.6248735619605
2019-11-21 00:00:00+00:00,168.168716349003
2019-11-22 00:00:00+00:00,153.85037531749086
2019-11-23 00:00:00+00:00,150.43067815285633
2019-11-24 00:00:00+00:00,148.0472254881141
2019-11-25 00:00:00+00:00,142.25935860482767
2019-11-26 00:00:00+00:00,146.50318939303548
2019-11-27 00:00:00+00:00,148.53779473185483
2019-11-28 00:00:00+00:00,152.32998314712657
2019-11-29 00:00:00+00:00,153.56029804938453
2019-11-30 00:00:00+00:00,152.81750389639407
2019-12-01 00:00:00+00:00,148.95834728858216
2019-12-02 00:00:00+00:00,148.87965761434018
2019-12-03 00:00:00+00:00,148.16166555036648
2019-12-04 00:00:00+00:00,146.34922918840482
2019-12-05 00:00:00+00:00,146.48936343556136
2019-12-06 00:00:00+00:00,147.40927550508846
2019-12-07 00:00:00+00:00,148.0451635566084
2019-12-08 00:00:00+00:00,148.54482982076885
2019-12-09 00:00:00+00:00,148.95943648913726
2019-12-10 00:00:00+00:00,146.40526034536563
2019-12-11 00:00:00+00:00,144.63045785513006
2019-12-12 00:00:00+00:00,143.19095266924276
2019-12-13 00:00:00+00:00,144.4278408577699
2019-12-14 00:00:00+00:00,143.1072504893977
2019-12-15 00:00:00+00:00,142.09257239864596
2019-12-16 00:00:00+00:00,139.3887573838174
2019-12-17 00:00:00+00:00,129.32400483869287
2019-12-18 00:00:00+00:00,124.84626003520272
2019-12-19 00:00:00+00:00,127.8192468613136
2019-12-20 00:00:00+00:00,127.49360156143946
2019-12-21 00:00:00+00:00,127.27485252468408
2019-12-22 00:00:00+00:00,129.2369009553067
2019-12-23 00:00:00+00:00,131.80599667084093
2019-12-24 00:00:00+00:00,128.0348946219935
2019-12-25 00:00:00+00:00,125.36277683018648
2019-12-26 00:00:00+00:00,125.88758459706774
2019-12-27 00:00:00+00:00,125.27286013881768
2019-12-28 00:00:00+00:00,127.6427087831858
2019-12-29 00:00:00+00:00,130.35733007288056
2019-12-30 00:00:00+00:00,133.04252421430303
2019-12-31 00:00:00+00:00,130.8098227268182
2020-01-01 00:00:00+00:00,130.80304899681812
2020-01-02 00:00:00+00:00,128.9737973548971
2020-01-03 00:00:00+00:00,130.9143654689265
2020-01-04 00:00:00+00:00,133.5431557752585
2020-01-05 00:00:00+00:00,135.93778346914007
2020-01-06 00:00:00+00:00,139.96956878012392
2020-01-07 00:00:00+00:00,142.47857427206915
2020-01-08 00:00:00+00:00,142.31847032947627
2020-01-09 00:00:00+00:00,138.32667307322598
2020-01-10 00:00:00+00:00,138.84032734923423
2020-01-11 00:00:00+00:00,143.6959432961279
2020-01-12 00:00:00+00:00,143.9265447182128
2020-01-13 00:00:00+00:00,143.38859135305543
2020-01-14 00:00:00+00:00,153.47143547916951
2020-01-15 00:00:00+00:00,164.64303735026263
2020-01-16 00:00:00+00:00,162.1915061263737
2020-01-17 00:00:00+00:00,168.32204665818173
2020-01-18 00:00:00+00:00,171.86739820622583
2020-01-19 00:00:00+00:00,170.10816766289926
2020-01-20 00:00:00+00:00,165.54618511233895
2020-01-21 00:00:00+00:00,167.26955977768537
2020-01-22 00:00:00+00:00,168.14110869987763
2020-01-23 00:00:00+00:00,163.20958045121253
2020-01-24 00:00:00+00:00,160.6671084676382
2020-01-25 00:00:00+00:00,160.02368339148788
2020-01-26 00:00:00+00:00,162.9690290744618
2020-01-27 00:00:00+00:00,168.4737386269896
2020-01-28 00:00:00+00:00,171.58735653976456
2020-01-29 00:00:00+00:00,176.03624617604828
2020-01-30 00:00:00+00:00,176.80150831547908
2020-01-31 00:00:00+00:00,180.8179408521603
2020-02-01 00:00:00+00:00,181.77852238868115
2020-02-02 00:00:00+00:00,187.53567072919017
2020-02-03 00:00:00+00:00,189.6210100694486
2020-02-04 00:00:00+00:00,187.5881565432852
2020-02-05 00:00:00+00:00,195.22703673602973
2020-02-06 00:00:00+00:00,209.25879585969687
2020-02-07 00:00:00+00:00,219.3133950762952
2020-02-08 00:00:00+00:00,222.7851900313308
2020-02-09 00:00:00+00:00,226.9752178835908
2020-02-10 00:00:00+00:00,222.8094266105704
2020-02-11 00:00:00+00:00,225.42022198365007
2020-02-12 00:00:00+00:00,254.4029723418915
2020-02-13 00:00:00+00:00,267.5714581877314
2020-02-14 00:00:00+00:00,271.52526149345687
2020-02-15 00:00:00+00:00,276.8863339604274
2020-02-16 00:00:00+00:00,262.81748170048587
2020-02-17 00:00:00+00:00,253.6370257442817
2020-02-18 00:00:00+00:00,271.4850027603938
2020-02-19 00:00:00+00:00,277.7711365979251
2020-02-20 00:00:00+00:00,257.72630833548425
2020-02-21 00:00:00+00:00,262.0472246833776
2020-02-22 00:00:00+00:00,261.4391634128665
2020-02-23 00:00:00+00:00,268.7736433487508
2020-02-24 00:00:00+00:00,267.4757568118853
2020-02-25 00:00:00+00:00,256.8530919272376
2020-02-26 00:00:00+00:00,234.99810317242896
2020-02-27 00:00:00+00:00,226.62086696681408
2020-02-28 00:00:00+00:00,225.1139411188668
2020-02-29 00:00:00+00:00,226.6395390906231
2020-03-01 00:00:00+00:00,219.9175507466399
2020-03-02 00:00:00+00:00,225.2653005032108
2020-03-03 00:00:00+00:00,227.265401099226
2020-03-04 00:00:00+00:00,224.5968658261501
2020-03-05 00:00:00+00:00,230.1726546222404
2020-03-06 00:00:00+00:00,235.23724199562147
2020-03-07 00:00:00+00:00,242.90859661047787
2020-03-08 00:00:00+00:00,224.35993615717825
2020-03-09 00:00:00+00:00,200.98503997903825
2020-03-10 00:00:00+00:00,201.7584203442286
2020-03-11 00:00:00+00:00,196.08640199484896
2020-03-12 00:00:00+00:00,156.69555665033712
2020-03-13 00:00:00+00:00,123.32135287327333
2020-03-14 00:00:00+00:00,129.6793486186487
2020-03-15 00:00:00+00:00,123.70917112326212
2020-03-16 00:00:00+00:00,113.47625631233072
2020-03-17 00:00:00+00:00,116.49580002170327
2020-03-18 00:00:00+00:00,115.20531796498432
2020-03-19 00:00:00+00:00,125.53247856551748
2020-03-20 00:00:00+00:00,138.63042120012776
2020-03-21 00:00:00+00:00,131.8922400686316
2020-03-22 00:00:00+00:00,130.49422344993022
2020-03-23 00:00:00+00:00,126.94510231678072
2020-03-24 00:00:00+00:00,137.09493767954908
2020-03-25 00:00:00+00:00,137.02652110365324
2020-03-26 00:00:00+00:00,135.59424961054825
2020-03-27 00:00:00+00:00,137.11512804524827
2020-03-28 00:00:00+00:00,128.93958684196792
2020-03-29 00:00:00+00:00,128.79586221959218
2020-03-30 00:00:00+00:00,130.592752528111
2020-03-31 00:00:00+00:00,132.63981070955074
2020-04-01 00:00:00+00:00,131.89536146919068
2020-04-02 00:00:00+00:00,138.38882402760095
2020-04-03 00:00:00+00:00,142.35169625149578
2020-04-04 00:00:00+00:00,141.91747367025485
2020-04-05 00:00:00+00:00,143.247463482514
2020-04-06 00:00:00+00:00,154.50802283102664
2020-04-07 00:00:00+00:00,170.42913593223935
2020-04-08 00:00:00+00:00,169.30215774766697
2020-04-09 00:00:00+00:00,170.58295635543584
2020-04-10 00:00:00+00:00,160.46967352148732
2020-04-11 00:00:00+00:00,158.27820381464983
2020-04-12 00:00:00+00:00,159.64768716789658
2020-04-13 00:00:00+00:00,154.09730813495352
2020-04-14 00:00:00+00:00,158.269322850395
2020-04-15 00:00:00+00:00,157.99396944293355
2020-04-16 00:00:00+00:00,164.5666849732378
2020-04-17 00:00:00+00:00,170.5372795634254
2020-04-18 00:00:00+00:00,177.54357918286087
2020-04-19 00:00:00+00:00,182.93438954759
2020-04-20 00:00:00+00:00,179.11438172145054
2020-04-21 00:00:00+00:00,171.66093760576052
2020-04-22 00:00:00+00:00,176.81020921780382
2020-04-23 00:00:00+00:00,185.0679590159189
2020-04-24 00:00:00+00:00,187.4680987859078
2020-04-25 00:00:00+00:00,192.4116227279375
2020-04-26 00:00:00+00:00,195.2679875662765
2020-04-27 00:00:00+00:00,195.22188875046527
2020-04-28 00:00:00+00:00,195.5512370843365
2020-04-29 00:00:00+00:00,207.10980120911765
2020-04-30 00:00:00+00:00,214.23423633691684
2020-05-01 00:00:00+00:00,211.1527088482869
2020-05-02 00:00:00+00:00,212.84090079707
2020-05-03 00:00:00+00:00,212.76618395788407
2020-05-04 00:00:00+00:00,203.39170743378824
2020-05-05 00:00:00+00:00,205.92633558230872
2020-05-06 00:00:00+00:00,206.76234257509748
2020-05-07 00:00:00+00:00,206.5116342509088
2020-05-08 00:00:00+00:00,211.9671643995613
2020-05-09 00:00:00+00:00,212.02229920421743
2020-05-10 00:00:00+00:00,189.51316121590787
2020-05-11 00:00:00+00:00,187.18570609942245
2020-05-12 00:00:00+00:00,189.12502225023243
2020-05-13 00:00:00+00:00,193.2646047358448
2020-05-14 00:00:00+00:00,200.65125316717936
2020-05-15 00:00:00+00:00,199.02479323616228
2020-05-16 00:00:00+00:00,199.779147232175
2020-05-17 00:00:00+00:00,204.08004563418112
2020-05-18 00:00:00+00:00,212.4101300716213
2020-05-19 00:00:00+00:00,212.31625251337016
2020-05-20 00:00:00+00:00,212.0639800424292
2020-05-21 00:00:00+00:00,204.5978246754596
2020-05-22 00:00:00+00:00,202.7136640357148
2020-05-23 00:00:00+00:00,207.6743611780228
2020-05-24 00:00:00+00:00,207.12220371397325
2020-05-25 00:00:00+00:00,202.82965576451912
2020-05-26 00:00:00+00:00,202.0422906849421
2020-05-27 00:00:00+00:00,204.31610216833005
2020-05-28 00:00:00+00:00,209.6936235359996
2020-05-29 00:00:00+00:00,220.33583830193376
2020-05-30 00:00:00+00:00,231.96941264566428
2020-05-31 00:00:00+00:00,237.64530829012347
2020-06-01 00:00:00+00:00,238.11157637935264
2020-06-02 00:00:00+00:00,243.69409937510304
2020-06-03 00:00:00+00:00,238.6457406525032
2020-06-04 00:00:00+00:00,243.20019659415672
2020-06-05 00:00:00+00:00,242.8896619348179
2020-06-06 00:00:00+00:00,241.2767507274428
2020-06-07 00:00:00+00:00,240.5845510915024
2020-06-08 00:00:00+00:00,243.2118125139901
2020-06-09 00:00:00+00:00,243.5199958955005
2020-06-10 00:00:00+00:00,244.32027356858268
2020-06-11 00:00:00+00:00,242.1286018322384
2020-06-12 00:00:00+00:00,235.4018631544224
2020-06-13 00:00:00+00:00,236.8036677214945
2020-06-14 00:00:00+00:00,235.8351687929029
2020-06-15 00:00:00+00:00,227.096045433333
2020-06-16 00:00:00+00:00,233.0712647256552
2020-06-17 00:00:00+00:00,232.9709173482228
2020-06-18 00:00:00+00:00,232.44602890641428
2020-06-19 00:00:00+00:00,229.4584294620104
2020-06-20 00:00:00+00:00,228.65395074264413
2020-06-21 00:00:00+00:00,229.8001027045245
2020-06-22 00:00:00+00:00,237.58082307241352
2020-06-23 00:00:00+00:00,242.9485977526376
2020-06-24 00:00:00+00:00,239.9260192419784
2020-06-25 00:00:00+00:00,233.0552695804596
2020-06-26 00:00:00+00:00,230.9891212043604
2020-06-27 00:00:00+00:00,227.41094173897463
2020-06-28 00:00:00+00:00,222.84062791618527
2020-06-29 00:00:00+00:00,224.87716218670167
2020-06-30 00:00:00+00:00,226.3663934182105
2020-07-01 00:00:00+00:00,228.02850529487668
2020-07-02 00:00:00+00:00,228.6087596781992
2020-07-03 00:00:00+00:00,226.7989419678013
2020-07-04 00:00:00+00:00,226.72748756081853
2020-07-05 00:00:00+00:00,226.4408393571317
2020-07-06 00:00:00+00:00,234.07642856498043
2020-07-07 00:00:00+00:00,238.3536011040719
2020-07-08 00:00:00+00:00,242.96937019832933
2020-07-09 00:00:00+00:00,243.93779901074825
2020-07-10 00:00:00+00:00,239.37856592878188
2020-07-11 00:00:00+00:00,239.55549031858143
2020-07-12 00:00:00+00:00,239.4864550737291
2020-07-13 00:00:00+00:00,242.1822961059484
2020-07-14 00:00:00+00:00,239.49494206825293
2020-07-15 00:00:00+00:00,239.1863013170823
2020-07-16 00:00:00+00:00,234.40456103236872
2020-07-17 00:00:00+00:00,233.0655131459923
2020-07-18 00:00:00+00:00,234.2922294666413
2020-07-19 00:00:00+00:00,234.87585940634509
2020-07-20 00:00:00+00:00,237.8809082077192
2020-07-21 00:00:00+00:00,241.47534353693425
2020-07-22 00:00:00+00:00,244.98759098097733
2020-07-23 00:00:00+00:00,267.5238473883862
2020-07-24 00:00:00+00:00,275.7567913901592
2020-07-25 00:00:00+00:00,287.6208809321552
2020-07-26 00:00:00+00:00,307.70171892761886
2020-07-27 00:00:00+00:00,322.5710489664329
2020-07-28 00:00:00+00:00,317.64614908202594
2020-07-29 00:00:00+00:00,320.2564565235587
2020-07-30 00:00:00+00:00,321.6841340574229
2020-07-31 00:00:00+00:00,339.90475647566217
2020-08-01 00:00:00+00:00,360.7946541428123
2020-08-02 00:00:00+00:00,378.9761839200367
2020-08-03 00:00:00+00:00,386.39250546354725
2020-08-04 00:00:00+00:00,390.8815099539886
2020-08-05 00:00:00+00:00,394.2468936154232
2020-08-06 00:00:00+00:00,396.67258005421326
2020-08-07 00:00:00+00:00,389.19071978822217
2020-08-08 00:00:00+00:00,385.6526700603294
2020-08-09 00:00:00+00:00,391.4190217761764
2020-08-10 00:00:00+00:00,394.6926240165915
2020-08-11 00:00:00+00:00,388.2251788121848
2020-08-12 00:00:00+00:00,381.055696826221
2020-08-13 00:00:00+00:00,394.63864660242206
2020-08-14 00:00:00+00:00,429.3533807476804
2020-08-15 00:00:00+00:00,435.8586238027219
2020-08-16 00:00:00+00:00,427.9041639287793
2020-08-17 00:00:00+00:00,430.7452715947565
2020-08-18 00:00:00+00:00,427.3038326664578
2020-08-19 00:00:00+00:00,411.6296528120413
2020-08-20 00:00:00+00:00,410.79168322814417
2020-08-21 00:00:00+00:00,406.44585075800734
2020-08-22 00:00:00+00:00,389.1809494068868
2020-08-23 00:00:00+00:00,390.7289337487369
2020-08-24 00:00:00+00:00,400.005870474864
2020-08-25 00:00:00+00:00,391.7310921226344
2020-08-26 00:00:00+00:00,384.680865195282
2020-08-27 00:00:00+00:00,383.4141782311448
2020-08-28 00:00:00+00:00,390.6920667558154
2020-08-29 00:00:00+00:00,399.2593193061545
2020-08-30 00:00:00+00:00,411.1496288006458
2020-08-31 00:00:00+00:00,429.3540019852549
2020-09-01 00:00:00+00:00,463.1524063015316
2020-09-02 00:00:00+00:00,452.8826594468548
2020-09-03 00:00:00+00:00,421.9043120932081
2020-09-04 00:00:00+00:00,388.70058513257567
2020-09-05 00:00:00+00:00,361.69528520178136
2020-09-06 00:00:00+00:00,343.70278160454313
2020-09-07 00:00:00+00:00,345.32617150722086
2020-09-08 00:00:00+00:00,342.5554299027998
2020-09-09 00:00:00+00:00,345.64190167318503
2020-09-10 00:00:00+00:00,366.6962053440173
2020-09-11 00:00:00+00:00,365.975321066484
2020-09-12 00:00:00+00:00,373.2228708165799
2020-09-13 00:00:00+00:00,374.8905985830388
2020-09-14 00:00:00+00:00,370.1252120781058
2020-09-15 00:00:00+00:00,372.01583522777474
2020-09-16 00:00:00+00:00,364.8439281805626
2020-09-17 00:00:00+00:00,381.48350914561496
2020-09-18 00:00:00+00:00,384.5863802934496
2020-09-19 00:00:00+00:00,383.2958447562863
2020-09-20 00:00:00+00:00,376.8981187248103
2020-09-21 00:00:00+00:00,357.38543626664614
2020-09-22 00:00:00+00:00,342.4267617812866
2020-09-23 00:00:00+00:00,337.1861905754388
2020-09-24 00:00:00+00:00,334.1712040390866
2020-09-25 00:00:00+00:00,346.5300936559031
2020-09-26 00:00:00+00:00,352.0343247687356
2020-09-27 00:00:00+00:00,354.6411432985352
2020-09-28 00:00:00+00:00,360.3823142790604
2020-09-29 00:00:00+00:00,355.5486334920779
2020-09-30 00:00:00+00:00,356.29190940482044
2020-10-01 00:00:00+00:00,360.28748785868885
2020-10-02 00:00:00+00:00,344.90073663962767
2020-10-03 00:00:00+00:00,347.3239765105371
2020-10-04 00:00:00+00:00,348.38273872510536
2020-10-05 00:00:00+00:00,352.22384918786673
2020-10-06 00:00:00+00:00,348.4584937446751
2020-10-07 00:00:00+00:00,339.8896884862415
2020-10-08 00:00:00+00:00,343.4843393451169
2020-10-09 00:00:00+00:00,356.702194944097
2020-10-10 00:00:00+00:00,373.0781473603072
2020-10-11 00:00:00+00:00,372.9546867917516
2020-10-12 00:00:00+00:00,378.7233113544658
2020-10-13 00:00:00+00:00,382.0969892020045
2020-10-14 00:00:00+00:00,380.1294924215472
2020-10-15 00:00:00+00:00,376.8911772824161
2020-10-16 00:00:00+00:00,369.8862776712875
2020-10-17 00:00:00+00:00,367.4692558951052
2020-10-18 00:00:00+00:00,373.02645014684
2020-10-19 00:00:00+00:00,377.6190519824338
2020-10-20 00:00:00+00:00,373.623298383144
2020-10-21 00:00:00+00:00,383.4902010441724
2020-10-22 00:00:00+00:00,405.4227430186939
2020-10-23 00:00:00+00:00,412.3386567324725
2020-10-24 00:00:00+00:00,412.0337614342309
2020-10-25 00:00:00+00:00,409.1423395781214
2020-10-26 00:00:00+00:00,401.1340358393539
2020-10-27 00:00:00+00:00,399.3030592006186
2020-10-28 00:00:00+00:00,394.42023167053
2020-10-29 00:00:00+00:00,388.7577574764791
2020-10-30 00:00:00+00:00,382.3774275481112
2020-10-31 00:00:00+00:00,386.372433285151
2020-11-01 00:00:00+00:00,387.9351158595551
2020-11-02 00:00:00+00:00,390.0620527386163
2020-11-03 00:00:00+00:00,380.3884541004698
2020-11-04 00:00:00+00:00,388.7261506790839
2020-11-05 00:00:00+00:00,406.85400445114254
2020-11-06 00:00:00+00:00,437.62208515204776
2020-11-07 00:00:00+00:00,453.26991876729977
2020-11-08 00:00:00+00:00,445.3623820014975
2020-11-09 00:00:00+00:00,449.00998300291775
2020-11-10 00:00:00+00:00,447.9563685707255
2020-11-11 00:00:00+00:00,462.65139495796114
2020-11-12 00:00:00+00:00,459.6749638815456
2020-11-13 00:00:00+00:00,466.5546220353201
2020-11-14 00:00:00+00:00,463.62836076511286
2020-11-15 00:00:00+00:00,455.3982526059597
2020-11-16 00:00:00+00:00,455.6854433192095
2020-11-17 00:00:00+00:00,470.2129013555173
2020-11-18 00:00:00+00:00,477.98357557841
2020-11-19 00:00:00+00:00,474.4583505360234
2020-11-20 00:00:00+00:00,497.04320050715256
2020-11-21 00:00:00+00:00,522.7305993689941
2020-11-22 00:00:00+00:00,545.9008666121794
2020-11-23 00:00:00+00:00,585.9416292237077
2020-11-24 00:00:00+00:00,607.6084844322447
2020-11-25 00:00:00+00:00,591.2853112277911
2020-11-26 00:00:00+00:00,520.2356363478762
2020-11-27 00:00:00+00:00,514.4441774425372
2020-11-28 00:00:00+00:00,525.1784552422159
2020-11-29 00:00:00+00:00,549.0061889358786
2020-11-30 00:00:00+00:00,592.0771422302272
2020-12-01 00:00:00+00:00,601.9436732179375
2020-12-02 00:00:00+00:00,592.7284327347054
2020-12-03 00:00:00+00:00,605.2229051151887
2020-12-04 00:00:00+00:00,597.8609950057316
2020-12-05 00:00:00+00:00,586.9405781947327
2020-12-06 00:00:00+00:00,595.6903934025777
2020-12-07 00:00:00+00:00,594.1483675201721
2020-12-08 00:00:00+00:00,579.5039207165843
2020-12-09 00:00:00+00:00,558.8914442877735
2020-12-10 00:00:00+00:00,562.5943676499743
2020-12-11 00:00:00+00:00,546.6029970418741
2020-12-12 00:00:00+00:00,558.5394817858323
2020-12-13 00:00:00+00:00,580.6680235875725
2020-12-14 00:00:00+00:00,584.8312220246554
2020-12-15 00:00:00+00:00,586.928769870302
2020-12-16 00:00:00+00:00,602.3507251061308
2020-12-17 00:00:00+00:00,650.7913866611136
2020-12-18 00:00:00+00:00,646.0761127402458
2020-12-19 00:00:00+00:00,656.1264581386309
2020-12-20 00:00:00+00:00,649.2045552063663
2020-12-21 00:00:00+00:00,625.5669664202716
2020-12-22 00:00:00+00:00,615.1952842891294
2020-12-23 00:00:00+00:00,613.1952178394216
2020-12-24 00:00:00+00:00,588.6543006990539
2020-12-25 00:00:00+00:00,617.2845060616029
2020-12-26 00:00:00+00:00,632.029917132124
2020-12-27 00:00:00+00:00,663.1417294371853
2020-12-28 00:00:00+00:00,724.5192841062599
2020-12-29 00:00:00+00:00,720.9863564560775
2020-12-30 00:00:00+00:00,737.5876613599116
2020-12-31 00:00:00+00:00,741.0201548313703
2021-01-01 00:00:00+00:00,736.3532734849783
2021-01-02 00:00:00+00:00,749.9927358477848
2021-01-03 00:00:00+00:00,856.0622580099316
2021-01-04 00:00:00+00:00,1013.1452939847678
2021-01-05 00:00:00+00:00,1055.6165356261952
2021-01-06 00:00:00+00:00,1138.850245937546
2021-01-07 00:00:00+00:00,1223.3577476212583
2021-01-08 00:00:00+00:00,1203.0050118055008
2021-01-09 00:00:00+00:00,1223.725914711392
2021-01-10 00:00:00+00:00,1305.427343422721
2021-01-11 00:00:00+00:00,1081.5698725100065
2021-01-12 00:00:00+00:00,1093.5676156787983
2021-01-13 00:00:00+00:00,1069.13456412165
2021-01-14 00:00:00+00:00,1168.224806483697
2021-01-15 00:00:00+00:00,1193.5851605898372
2021-01-16 00:00:00+00:00,1216.5255581023523
2021-01-17 00:00:00+00:00,1225.7149999616113
2021-01-18 00:00:00+00:00,1226.2489098107174
2021-01-19 00:00:00+00:00,1365.5153158803478
2021-01-20 00:00:00+00:00,1335.4878262160516
2021-01-21 00:00:00+00:00,1257.7342954872108
2021-01-22 00:00:00+00:00,1195.108161068289
2021-01-23 00:00:00+00:00,1242.8862657132065
2021-01-24 00:00:00+00:00,1313.8633770542156
2021-01-25 00:00:00+00:00,1402.860808593871
2021-01-26 00:00:00+00:00,1327.4562476873275
2021-01-27 00:00:00+00:00,1281.4522353121204
2021-01-28 00:00:00+00:00,1309.158107411599
2021-01-29 00:00:00+00:00,1357.7941764095792
2021-01-30 00:00:00+00:00,1358.5300887984026
2021-01-31 00:00:00+00:00,1334.8242347165617
2021-02-01 00:00:00+00:00,1318.8385897031878
2021-02-02 00:00:00+00:00,1430.406187115561
2021-02-03 00:00:00+00:00,1565.8340745712403
2021-02-04 00:00:00+00:00,1642.6993872117955
2021-02-05 00:00:00+00:00,1672.1202170038698
2021-02-06 00:00:00+00:00,1691.0445271465114
2021-02-07 00:00:00+00:00,1606.6743380594971
2021-02-08 00:00:00+00:00,1657.3727455710352
2021-02-09 00:00:00+00:00,1749.046136804351
2021-02-10 00:00:00+00:00,1764.69426684242
2021-02-11 00:00:00+00:00,1758.8345141621287
2021-02-12 00:00:00+00:00,1788.2056148220693
2021-02-13 00:00:00+00:00,1818.32799140333
2021-02-14 00:00:00+00:00,1818.2704109788192
2021-02-15 00:00:00+00:00,1778.5607312015634
2021-02-16 00:00:00+00:00,1783.9124332989716
2021-02-17 00:00:00+00:00,1801.880861972201
2021-02-18 00:00:00+00:00,1909.2899218109244
2021-02-19 00:00:00+00:00,1936.8579230398493
2021-02-20 00:00:00+00:00,2000.5296453027368
2021-02-21 00:00:00+00:00,1950.3766905712955
2021-02-22 00:00:00+00:00,1822.0368737119888
2021-02-23 00:00:00+00:00,1578.3789580542418
2021-02-24 00:00:00+00:00,1636.316426046572
2021-02-25 00:00:00+00:00,1613.7255614839255
2021-02-26 00:00:00+00:00,1485.6915395255976
2021-02-27 00:00:00+00:00,1490.7023568849545
2021-02-28 00:00:00+00:00,1388.329813782759
2021-03-01 00:00:00+00:00,1494.536634367528
2021-03-02 00:00:00+00:00,1542.6812420447516
2021-03-03 00:00:00+00:00,1579.807005866464
2021-03-04 00:00:00+00:00,1564.0931152166522
2021-03-05 00:00:00+00:00,1498.0299432863364
2021-03-06 00:00:00+00:00,1576.5177465102315
2021-03-07 00:00:00+00:00,1667.465406464781
2021-03-08 00:00:00+00:00,1734.8554011584508
2021-03-09 00:00:00+00:00,1832.343322835164
2021-03-10 00:00:00+00:00,1827.207048570408
2021-03-11 00:00:00+00:00,1794.3426029775644
2021-03-12 00:00:00+00:00,1786.013967673328
2021-03-13 00:00:00+00:00,1838.084307645977
2021-03-14 00:00:00+00:00,1887.554891509673
2021-03-15 00:00:00+00:00,1812.884247155492
2021-03-16 00:00:00+00:00,1786.13879875731
2021-03-17 00:00:00+00:00,1791.321845498642
2021-03-18 00:00:00+00:00,1815.8601240207825
2021-03-19 00:00:00+00:00,1810.4359869193904
2021-03-20 00:00:00+00:00,1842.2994543948053
2021-03-21 00:00:00+00:00,1792.9579579350357
2021-03-22 00:00:00+00:00,1770.8007176616732
2021-03-23 00:00:00+00:00,1694.057043570497
2021-03-24 00:00:00+00:00,1683.598914377986
2021-03-25 00:00:00+00:00,1594.3878134724366
2021-03-26 00:00:00+00:00,1640.0316018045778
2021-03-27 00:00:00+00:00,1699.238444997437
2021-03-28 00:00:00+00:00,1702.1688959694511
2021-03-29 00:00:00+00:00,1755.8058884681486
2021-03-30 00:00:00+00:00,1827.783021295464
2021-03-31 00:00:00+00:00,1847.054208065867
2021-04-01 00:00:00+00:00,1939.3419405497664
2021-04-02 00:00:00+00:00,2023.3694601012585
2021-04-03 00:00:00+00:00,2092.2295539562056
2021-04-04 00:00:00+00:00,2049.374900708918
2021-04-05 00:00:00+00:00,2069.203156495237
2021-04-06 00:00:00+00:00,2113.478390618037
2021-04-07 00:00:00+00:00,2038.4773602334203
2021-04-08 00:00:00+00:00,2025.9093245149888
2021-04-09 00:00:00+00:00,2076.143903931329
2021-04-10 00:00:00+00:00,2138.591806278709
2021-04-11 00:00:00+00:00,2141.14727040218
2021-04-12 00:00:00+00:00,2148.943134558334
2021-04-13 00:00:00+00:00,2222.35428213729
2021-04-14 00:00:00+00:00,2357.3021669040368
2021-04-15 00:00:00+00:00,2460.323643365425
2021-04-16 00:00:00+00:00,2437.1783897186574
2021-04-17 00:00:00+00:00,2428.200628744169
2021-04-18 00:00:00+00:00,2192.335985442613
2021-04-19 00:00:00+00:00,2213.597473162691
2021-04-20 00:00:00+00:00,2191.765312769214
2021-04-21 00:00:00+00:00,2351.5892426834203
2021-04-22 00:00:00+00:00,2485.2890098007624
2021-04-23 00:00:00+00:00,2289.527210415815
2021-04-24 00:00:00+00:00,2269.9461852097243
2021-04-25 00:00:00+00:00,2256.909205936085
2021-04-26 00:00:00+00:00,2472.0603497760544
2021-04-27 00:00:00+00:00,2574.4136944847714
2021-04-28 00:00:00+00:00,2677.844904297776
2021-04-29 00:00:00+00:00,2739.715356014808
2021-04-30 00:00:00+00:00,2763.092418410245
2021-05-01 00:00:00+00:00,2865.042488314541
2021-05-02 00:00:00+00:00,2934.199047152388
2021-05-03 00:00:00+00:00,3163.949213641641
2021-05-04 00:00:00+00:00,3359.508993069101
2021-05-05 00:00:00+00:00,3371.7850054500395
2021-05-06 00:00:00+00:00,3490.5178390133938
2021-05-07 00:00:00+00:00,3483.220114579888
2021-05-08 00:00:00+00:00,3644.1938015095625
2021-05-09 00:00:00+00:00,3906.329486758059
2021-05-10 00:00:00+00:00,4073.826059745288
2021-05-11 00:00:00+00:00,3991.154448967941
2021-05-12 00:00:00+00:00,4224.24299564463
2021-05-13 00:00:00+00:00,3834.448369237016
2021-05-14 00:00:00+00:00,3963.7745510787454
2021-05-15 00:00:00+00:00,3918.3622859692273
2021-05-16 00:00:00+00:00,3707.3308825359823
2021-05-17 00:00:00+00:00,3393.1743035937347
2021-05-18 00:00:00+00:00,3426.6430244414387
2021-05-19 00:00:00+00:00,2866.1932919022424
2021-05-20 00:00:00+00:00,2704.412936482392
2021-05-21 00:00:00+00:00,2628.1842726758755
2021-05-22 00:00:00+00:00,2352.9789716940927
2021-05-23 00:00:00+00:00,2106.435401104108
2021-05-24 00:00:00+00:00,2358.953002813056
2021-05-25 00:00:00+00:00,2588.9400089811847
2021-05-26 00:00:00+00:00,2793.026059560727
2021-05-27 00:00:00+00:00,2776.5798956231047
2021-05-28 00:00:00+00:00,2565.242334336887
2021-05-29 00:00:00+00:00,2410.6049365594977
2021-05-30 00:00:00+00:00,2387.9218117639307
2021-05-31 00:00:00+00:00,2502.426168446964
2021-06-01 00:00:00+00:00,2614.19474251684
2021-06-02 00:00:00+00:00,2694.1466151800764
2021-06-03 00:00:00+00:00,2801.76740749081
2021-06-04 00:00:00+00:00,2692.2420220779272
2021-06-05 00:00:00+00:00,2691.308123517633
2021-06-06 00:00:00+00:00,2694.52517506861
2021-06-07 00:00:00+00:00,2754.13124127724
2021-06-08 00:00:00+00:00,2506.669133835628
2021-06-09 00:00:00+00:00,2528.44343257711
2021-06-10 00:00:00+00:00,2538.873664450742
2021-06-11 00:00:00+00:00,2438.663511516196
2021-06-12 00:00:00+00:00,2370.268759598491
2021-06-13 00:00:00+00:00,2395.943874360816
2021-06-14 00:00:00+00:00,2526.6878661230026
2021-06-15 00:00:00+00:00,2584.0669086757043
2021-06-16 00:00:00+00:00,2480.1300002425533
2021-06-17 00:00:00+00:00,2400.8946878232136
2021-06-18 00:00:00+00:00,2289.6269335310058
2021-06-19 00:00:00+00:00,2232.477827030008
2021-06-20 00:00:00+00:00,2172.8124003450057
2021-06-21 00:00:00+00:00,2030.095336688695
2021-06-22 00:00:00+00:00,1902.3387927654203
2021-06-23 00:00:00+00:00,1985.533755495239
2021-06-24 00:00:00+00:00,1962.606139682701
2021-06-25 00:00:00+00:00,1905.0668393410929
2021-06-26 00:00:00+00:00,1795.2844538654683
2021-06-27 00:00:00+00:00,1854.0793976238467
2021-06-28 00:00:00+00:00,2038.998958610932
2021-06-29 00:00:00+00:00,2173.875545222611
2021-06-30 00:00:00+00:00,2163.634470662913
2021-07-01 00:00:00+00:00,2154.166895620141
2021-07-02 00:00:00+00:00,2085.101860738672
2021-07-03 00:00:00+00:00,2196.684269774333
2021-07-04 00:00:00+00:00,2309.218889654669
2021-07-05 00:00:00+00:00,2257.497486508895
2021-07-06 00:00:00+00:00,2297.4648803361
2021-07-07 00:00:00+00:00,2362.5412387781616
2021-07-08 00:00:00+00:00,2196.209043069433
2021-07-09 00:00:00+00:00,2130.1920776314405
2021-07-10 00:00:00+00:00,2126.1260755479752
2021-07-11 00:00:00+00:00,2129.470066283224
2021-07-12 00:00:00+00:00,2106.57971587939
2021-07-13 00:00:00+00:00,2001.748305234375
2021-07-14 00:00:00+00:00,1953.020243208272
2021-07-15 00:00:00+00:00,1950.0959752512429
2021-07-16 00:00:00+00:00,1910.9498807160755
2021-07-17 00:00:00+00:00,1890.827089030416
2021-07-18 00:00:00+00:00,1943.1334060802824
2021-07-19 00:00:00+00:00,1860.7386914325173
2021-07-20 00:00:00+00:00,1774.8970034296024
2021-07-21 00:00:00+00:00,1896.0189239530143
2021-07-22 00:00:00+00:00,2001.9529422187643
2021-07-23 00:00:00+00:00,2055.5054850810425
2021-07-24 00:00:00+00:00,2149.7644412406366
2021-07-25 00:00:00+00:00,2158.4332340359674
2021-07-26 00:00:00+00:00,2321.2178837862057
2021-07-27 00:00:00+00:00,2237.929261124738
2021-07-28 00:00:00+00:00,2297.187301532213
2021-07-29 00:00:00+00:00,2307.560570588306
2021-07-30 00:00:00+00:00,2383.674563482779
2021-07-31 00:00:00+00:00,2462.5780204324938
2021-08-01 00:00:00+00:00,2597.8353009137736
2021-08-02 00:00:00+00:00,2598.1122268364584
2021-08-03 00:00:00+00:00,2517.115956062492
2021-08-04 00:00:00+00:00,2581.782817425528
2021-08-05 00:00:00+00:00,2718.6362636969275
2021-08-06 00:00:00+00:00,2815.305159730902
2021-08-07 00:00:00+00:00,3020.6142004464814
2021-08-08 00:00:00+00:00,3087.161951099761
2021-08-09 00:00:00+00:00,3053.434152942875
2021-08-10 00:00:00+00:00,3133.291137948601
2021-08-11 00:00:00+00:00,3207.065280586996
2021-08-12 00:00:00+00:00,3111.96807820693
2021-08-13 00:00:00+00:00,3195.2269434174905
2021-08-14 00:00:00+00:00,3275.003996195845
2021-08-15 00:00:00+00:00,3209.308952287833
2021-08-16 00:00:00+00:00,3254.5106568203664
2021-08-17 00:00:00+00:00,3171.257093705166
2021-08-18 00:00:00+00:00,3048.2624046146
2021-08-19 00:00:00+00:00,3042.914856091255
2021-08-20 00:00:00+00:00,3230.6091656603144
2021-08-21 00:00:00+00:00,3269.478400481123
2021-08-22 00:00:00+00:00,3221.16781964327
2021-08-23 00:00:00+00:00,3318.540603835864
2021-08-24 00:00:00+00:00,3276.1750527641507
2021-08-25 00:00:00+00:00,3189.0147989557754
2021-08-26 00:00:00+00:00,3137.0357770171454
2021-08-27 00:00:00+00:00,3172.1331968732807
2021-08-28 00:00:00+00:00,3247.6555887601844
2021-08-29 00:00:00+00:00,3216.302903647728
2021-08-30 00:00:00+00:00,3228.51961023378
2021-08-31 00:00:00+00:00,3338.4782428194007
2021-09-01 00:00:00+00:00,3570.3021865860715
2021-09-02 00:00:00+00:00,3772.5635252635216
2021-09-03 00:00:00+00:00,3885.031975029214
2021-09-04 00:00:00+00:00,3910.2245181901385
2021-09-05 00:00:00+00:00,3909.8081584560327
2021-09-06 00:00:00+00:00,3932.922323021623
2021-09-07 00:00:00+00:00,3707.910687035533
2021-09-08 00:00:00+00:00,3443.4527782262708
2021-09-09 00:00:00+00:00,3500.692224721754
2021-09-10 00:00:00+00:00,3376.776504569056
2021-09-11 00:00:00+00:00,3292.938414762413
2021-09-12 00:00:00+00:00,3370.927638407184
2021-09-13 00:00:00+00:00,3271.960271695952
2021-09-14 00:00:00+00:00,3343.5956831042936
2021-09-15 00:00:00+00:00,3459.211359930688
2021-09-16 00:00:00+00:00,3596.6942930223795
2021-09-17 00:00:00+00:00,3493.2001603506183
2021-09-18 00:00:00+00:00,3467.864349089481
2021-09-19 00:00:00+00:00,3392.009996214574
2021-09-20 00:00:00+00:00,3133.563152675994
2021-09-21 00:00:00+00:00,2976.7574588623106
2021-09-22 00:00:00+00:00,2942.72422978177
2021-09-23 00:00:00+00:00,3118.9438788893262
2021-09-24 00:00:00+00:00,2981.9337418583823
2021-09-25 00:00:00+00:00,2922.4487299826706
2021-09-26 00:00:00+00:00,2960.258168200828
2021-09-27 00:00:00+00:00,3076.134071133968
2021-09-28 00:00:00+00:00,2903.138158826197
2021-09-29 00:00:00+00:00,2883.41196887069
2021-09-30 00:00:00+00:00,2991.040648973589
2021-10-01 00:00:00+00:00,3161.689992925841
2021-10-02 00:00:00+00:00,3347.704584476068
2021-10-03 00:00:00+00:00,3420.076768550507
2021-10-04 00:00:00+00:00,3373.695331812571
2021-10-05 00:00:00+00:00,3439.6651466826183
2021-10-06 00:00:00+00:00,3516.9986129463614
2021-10-07 00:00:00+00:00,3579.7056644224403
2021-10-08 00:00:00+00:00,3611.1925749528377
2021-10-09 00:00:00+00:00,3594.8328472390217
2021-10-10 00:00:00+00:00,3551.494013003948
2021-10-11 00:00:00+00:00,3546.532099632617
2021-10-12 00:00:00+00:00,3495.6534463126663
2021-10-13 00:00:00+00:00,3504.997773631604
2021-10-14 00:00:00+00:00,3709.5753701054778
2021-10-15 00:00:00+00:00,3828.381991746193
2021-10-16 00:00:00+00:00,3886.356314613624
2021-10-17 00:00:00+00:00,3849.172897412978
2021-10-18 00:00:00+00:00,3807.545378107637
2021-10-19 00:00:00+00:00,3810.0129419436
2021-10-20 00:00:00+00:00,3965.316790644932
2021-10-21 00:00:00+00:00,4168.290112561703
2021-10-22 00:00:00+00:00,4075.976847016428
2021-10-23 00:00:00+00:00,4054.7712917544936
2021-10-24 00:00:00+00:00,4086.0359958978847
2021-10-25 00:00:00+00:00,4169.265623239893
2021-10-26 00:00:00+00:00,4219.090498734652
2021-10-27 00:00:00+00:00,4083.883719510304
2021-10-28 00:00:00+00:00,4130.704652291893
2021-10-29 00:00:00+00:00,4373.72475632332
2021-10-30 00:00:00+00:00,4339.949492701758
2021-10-31 00:00:00+00:00,4291.463682389593
2021-11-01 00:00:00+00:00,4304.763096249181
2021-11-02 00:00:00+00:00,4425.181680815444
2021-11-03 00:00:00+00:00,4576.508550086559
2021-11-04 00:00:00+00:00,4533.200676507756
2021-11-05 00:00:00+00:00,4513.88901842749
2021-11-06 00:00:00+00:00,4470.402633183838
2021-11-07 00:00:00+00:00,4594.465611119008
2021-11-08 00:00:00+00:00,4747.509478135856
2021-11-09 00:00:00+00:00,4803.8739679049895
2021-11-10 00:00:00+00:00,4746.1029615563975
2021-11-11 00:00:00+00:00,4711.402375969233
2021-11-12 00:00:00+00:00,4689.508070409177
2021-11-13 00:00:00+00:00,4656.047838517964
2021-11-14 00:00:00+00:00,4619.083855085496
2021-11-15 00:00:00+00:00,4680.827992363621
2021-11-16 00:00:00+00:00,4327.962596799264
2021-11-17 00:00:00+00:00,4219.119540318815
2021-11-18 00:00:00+00:00,4195.67763704293
2021-11-19 00:00:00+00:00,4158.619578858541
2021-11-20 00:00:00+00:00,4330.048527585536
2021-11-21 00:00:00+00:00,4376.489407208011
2021-11-22 00:00:00+00:00,4188.573945364541
2021-11-23 00:00:00+00:00,4219.256535658422
2021-11-24 00:00:00+00:00,4270.644580948448
2021-11-25 00:00:00+00:00,4394.977318627458
2021-11-26 00:00:00+00:00,4220.159893528981
2021-11-27 00:00:00+00:00,4123.764469655557
2021-11-28 00:00:00+00:00,4089.9763528173903
2021-11-29 00:00:00+00:00,4354.616635037772
2021-11-30 00:00:00+00:00,4537.590345252823
2021-12-01 00:00:00+00:00,4694.980853530037
2021-12-02 00:00:00+00:00,4544.651127447266
2021-12-03 00:00:00+00:00,4472.383522446925
2021-12-04 00:00:00+00:00,4027.935448232242
2021-12-05 00:00:00+00:00,4171.401970305503
2021-12-06 00:00:00+00:00,4135.528910487176
2021-12-07 00:00:00+00:00,4354.005587853457
2021-12-08 00:00:00+00:00,4353.928357581367
2021-12-09 00:00:00+00:00,4297.422776710039
2021-12-10 00:00:00+00:00,4088.09333327664
2021-12-11 00:00:00+00:00,4019.300915299132
2021-12-12 00:00:00+00:00,4066.856099598144
2021-12-13 00:00:00+00:00,3942.263048506972
2021-12-14 00:00:00+00:00,3797.2995916482737
2021-12-15 00:00:00+00:00,3866.418390113613
2021-12-16 00:00:00+00:00,4041.452468896497
2021-12-17 00:00:00+00:00,3894.6145309935137
2021-12-18 00:00:00+00:00,3924.5672016082185
2021-12-19 00:00:00+00:00,3951.269817867093
2021-12-20 00:00:00+00:00,3865.130397868886
2021-12-21 00:00:00+00:00,4010.600982165462
2021-12-22 00:00:00+00:00,4034.8083846264376
2021-12-23 00:00:00+00:00,4002.996066795129
2021-12-24 00:00:00+00:00,4102.779307333663
2021-12-25 00:00:00+00:00,4073.0150776699206
2021-12-26 00:00:00+00:00,4063.135640782245
2021-12-27 00:00:00+00:00,4080.936970033304
2021-12-28 00:00:00+00:00,3906.88155736376
2021-12-29 00:00:00+00:00,3789.560340350026
2021-12-30 00:00:00+00:00,3710.207365313589
2021-12-31 00:00:00+00:00,3741.891394666589
2022-01-01 00:00:00+00:00,3732.02786886509
2022-01-02 00:00:00+00:00,3773.565885969088
2022-01-03 00:00:00+00:00,3795.340000454028
2022-01-04 00:00:00+00:00,3796.499404618866
2022-01-05 00:00:00+00:00,3770.67393164196
2022-01-06 00:00:00+00:00,3438.832994665263
2022-01-07 00:00:00+00:00,3239.114632606676
2022-01-08 00:00:00+00:00,3176.437322032591
2022-01-09 00:00:00+00:00,3140.681523542799
2022-01-10 00:00:00+00:00,3107.743559506936
2022-01-11 00:00:00+00:00,3149.641514412022
2022-01-12 00:00:00+00:00,3302.8012719133458
2022-01-13 00:00:00+00:00,3333.9287848767603
2022-01-14 00:00:00+00:00,3280.4959861927623
2022-01-15 00:00:00+00:00,3330.451203922414
2022-01-16 00:00:00+00:00,3335.0004686046086
2022-01-17 00:00:00+00:00,3265.2196532674066
2022-01-18 00:00:00+00:00,3169.448871350133
2022-01-19 00:00:00+00:00,3122.895337782109
2022-01-20 00:00:00+00:00,3158.541876330342
2022-01-21 00:00:00+00:00,2829.888038078851
2022-01-22 00:00:00+00:00,2473.4517189679204
2022-01-23 00:00:00+00:00,2458.42073618647
2022-01-24 00:00:00+00:00,2375.716568655236
2022-01-25 00:00:00+00:00,2425.0013611115937
2022-01-26 00:00:00+00:00,2521.486214105825
2022-01-27 00:00:00+00:00,2426.87240241888
2022-01-28 00:00:00+00:00,2439.2285868842987
2022-01-29 00:00:00+00:00,2566.261800735329
2022-01-30 00:00:00+00:00,2601.246133600265
2022-01-31 00:00:00+00:00,2580.6077908779057
2022-02-01 00:00:00+00:00,2752.7917838004937
2022-02-02 00:00:00+00:00,2743.821402404595
2022-02-03 00:00:00+00:00,2647.2402888693846
2022-02-04 00:00:00+00:00,2826.0329394047417
2022-02-05 00:00:00+00:00,3016.4134184630093
2022-02-06 00:00:00+00:00,3012.426551444121
2022-02-07 00:00:00+00:00,3100.3063553045067
2022-02-08 00:00:00+00:00,3118.601742513321
2022-02-09 00:00:00+00:00,3157.8822757175526
2022-02-10 00:00:00+00:00,3191.981375227784
2022-02-11 00:00:00+00:00,3056.7600908661525
2022-02-12 00:00:00+00:00,2931.528934056758
2022-02-13 00:00:00+00:00,2916.367919704207
2022-02-14 00:00:00+00:00,2897.186455878107
2022-02-15 00:00:00+00:00,3071.610494545832
2022-02-16 00:00:00+00:00,3128.735102885202
2022-02-17 00:00:00+00:00,3033.2105146168137
2022-02-18 00:00:00+00:00,2867.950407062414
2022-02-19 00:00:00+00:00,2777.742972771673
2022-02-20 00:00:00+00:00,2665.134147834633
2022-02-21 00:00:00+00:00,2690.280359962188
2022-02-22 00:00:00+00:00,2585.0517761392143
2022-02-23 00:00:00+00:00,2673.4666787924866
2022-02-24 00:00:00+00:00,2466.2310920299246
2022-02-25 00:00:00+00:00,2662.7199992083983
2022-02-26 00:00:00+00:00,2793.5711936232988
2022-02-27 00:00:00+00:00,2739.512411735024
2022-02-28 00:00:00+00:00,2696.8210558919263
2022-03-01 00:00:00+00:00,2937.552652128403
2022-03-02 00:00:00+00:00,2972.6492983578155
2022-03-03 00:00:00+00:00,2885.58029329796
2022-03-04 00:00:00+00:00,2709.964104621384
2022-03-05 00:00:00+00:00,2646.046576068932
2022-03-06 00:00:00+00:00,2640.2531821271714
2022-03-07 00:00:00+00:00,2542.815359077424
2022-03-08 00:00:00+00:00,2558.6006600234005
2022-03-09 00:00:00+00:00,2709.2765646787907
2022-03-10 00:00:00+00:00,2618.6187934296827
2022-03-11 00:00:00+00:00,2585.0370258700727
2022-03-12 00:00:00+00:00,2586.267114747935
2022-03-13 00:00:00+00:00,2575.236482849606
2022-03-14 00:00:00+00:00,2559.794457385042
2022-03-15 00:00:00+00:00,2570.628011604538
2022-03-16 00:00:00+00:00,2680.174064135467
2022-03-17 00:00:00+00:00,2787.424207572265
2022-03-18 00:00:00+00:00,2844.885105036464
2022-03-19 00:00:00+00:00,2951.169749027889
2022-03-20 00:00:00+00:00,2898.8842122268074
2022-03-21 00:00:00+00:00,2894.494696536221
2022-03-22 00:00:00+00:00,2990.619708770997
2022-03-23 00:00:00+00:00,2971.360077896545
2022-03-24 00:00:00+00:00,3061.3610958933364
2022-03-25 00:00:00+00:00,3129.9072471564177
2022-03-26 00:00:00+00:00,3119.3747892806805
2022-03-27 00:00:00+00:00,3163.897620700473
2022-03-28 00:00:00+00:00,3341.902220576759
2022-03-29 00:00:00+00:00,3404.636048205819
2022-03-30 00:00:00+00:00,3389.8039767741734
2022-03-31 00:00:00+00:00,3368.467604447124
2022-04-01 00:00:00+00:00,3337.6732598108338
2022-04-02 00:00:00+00:00,3480.5857402952656
2022-04-03 00:00:00+00:00,3486.905768262081
2022-04-04 00:00:00+00:00,3486.3957727561883
2022-04-05 00:00:00+00:00,3494.037834178805
2022-04-06 00:00:00+00:00,3303.485612193179
2022-04-07 00:00:00+00:00,3214.4777726622974
2022-04-08 00:00:00+00:00,3258.869758539426
2022-04-09 00:00:00+00:00,3220.478118843256
2022-04-10 00:00:00+00:00,3260.6298584976844
2022-04-11 00:00:00+00:00,3099.611131676556
2022-04-12 00:00:00+00:00,3016.671106947115
2022-04-13 00:00:00+00:00,3066.782775027896
2022-04-14 00:00:00+00:00,3074.1031040094126
2022-04-15 00:00:00+00:00,3030.0787219476865
2022-04-16 00:00:00+00:00,3040.978049790782
2022-04-17 00:00:00+00:00,3052.250519335412
2022-04-18 00:00:00+00:00,2959.837465191904
2022-04-19 00:00:00+00:00,3070.9945197448874
2022-04-20 00:00:00+00:00,3094.879381111719
2022-04-21 00:00:00+00:00,3088.450381412671
2022-04-22 00:00:00+00:00,2987.635917402086
2022-04-23 00:00:00+00:00,2961.2280163344417
2022-04-24 00:00:00+00:00,2945.552174563541
2022-04-25 00:00:00+00:00,2892.8789337402827
2022-04-26 00:00:00+00:00,2946.5030998855
2022-04-27 00:00:00+00:00,2864.87344174632
2022-04-28 00:00:00+00:00,2913.3438727510893
2022-04-29 00:00:00+00:00,2875.364866028123
2022-04-30 00:00:00+00:00,2819.312618698209
2022-05-01 00:00:00+00:00,2779.891428105632
2022-05-02 00:00:00+00:00,2834.8108953812566
2022-05-03 00:00:00+00:00,2827.7519980922752
2022-05-04 00:00:00+00:00,2852.2293959213725
2022-05-05 00:00:00+00:00,2866.8152291227107
2022-05-06 00:00:00+00:00,2715.057907348335
2022-05-07 00:00:00+00:00,2680.7476292603883
2022-05-08 00:00:00+00:00,2560.189202139225
2022-05-09 00:00:00+00:00,2403.5052790443447
2022-05-10 00:00:00+00:00,2356.838284029801
2022-05-11 00:00:00+00:00,2284.9538344691755
2022-05-12 00:00:00+00:00,1961.6965449289137
2022-05-13 00:00:00+00:00,2075.475180552943
2022-05-14 00:00:00+00:00,2017.92082339002
2022-05-15 00:00:00+00:00,2066.646137509936
2022-05-16 00:00:00+00:00,2045.65252839426
2022-05-17 00:00:00+00:00,2070.181011435817
2022-05-18 00:00:00+00:00,2014.9281978848
2022-05-19 00:00:00+00:00,1969.780211011856
2022-05-20 00:00:00+00:00,1998.333681016666
2022-05-21 00:00:00+00:00,1972.8912679733328
2022-05-22 00:00:00+00:00,2002.3030639616784
2022-05-23 00:00:00+00:00,2043.618983657688
2022-05-24 00:00:00+00:00,1969.820365862788
2022-05-25 00:00:00+00:00,1974.557561519071
2022-05-26 00:00:00+00:00,1878.9117191929708
2022-05-27 00:00:00+00:00,1765.8750913577924
2022-05-28 00:00:00+00:00,1770.971352629698
2022-05-29 00:00:00+00:00,1794.645594184046
2022-05-30 00:00:00+00:00,1901.4718431392084
2022-05-31 00:00:00+00:00,1970.2749436942704
2022-06-01 00:00:00+00:00,1904.692948726468
2022-06-02 00:00:00+00:00,1822.535701843372
2022-06-03 00:00:00+00:00,1791.149752414228
2022-06-04 00:00:00+00:00,1773.1338977955097
2022-06-05 00:00:00+00:00,1800.2802856706896
2022-06-06 00:00:00+00:00,1876.0036373380287
2022-06-07 00:00:00+00:00,1782.1619192805222
2022-06-08 00:00:00+00:00,1807.0162675685929
2022-06-09 00:00:00+00:00,1799.4056358114178
2022-06-10 00:00:00+00:00,1745.2756030182654
2022-06-11 00:00:00+00:00,1601.242891717333
2022-06-12 00:00:00+00:00,1484.306705394565
2022-06-13 00:00:00+00:00,1274.802688089131
2022-06-14 00:00:00+00:00,1194.5779609910749
2022-06-15 00:00:00+00:00,1142.9464407517205
2022-06-16 00:00:00+00:00,1147.7319650858678
2022-06-17 00:00:00+00:00,1087.7668575370328
2022-06-18 00:00:00+00:00,1009.881320447561
2022-06-19 00:00:00+00:00,1026.4238864850831
2022-06-20 00:00:00+00:00,1108.2764977863096
2022-06-21 00:00:00+00:00,1146.2719862213442
2022-06-22 00:00:00+00:00,1087.8337103525894
2022-06-23 00:00:00+00:00,1100.6421080366017
2022-06-24 00:00:00+00:00,1180.9953971873338
2022-06-25 00:00:00+00:00,1216.2639986262006
2022-06-26 00:00:00+00:00,1236.4771681099835
2022-06-27 00:00:00+00:00,1210.0463208784863
2022-06-28 00:00:00+00:00,1191.9693583244466
2022-06-29 00:00:00+00:00,1124.237729097542
2022-06-30 00:00:00+00:00,1048.9441271549815
2022-07-01 00:00:00+00:00,1066.2411330761574
2022-07-02 00:00:00+00:00,1054.623006985237
2022-07-03 00:00:00+00:00,1062.3296898917447
2022-07-04 00:00:00+00:00,1088.8964711090646
2022-07-05 00:00:00+00:00,1133.5789697469147
2022-07-06 00:00:00+00:00,1142.0477000618596
2022-07-07 00:00:00+00:00,1199.961518023406
2022-07-08 00:00:00+00:00,1234.567670817033
2022-07-09 00:00:00+00:00,1219.0511506368914
2022-07-10 00:00:00+00:00,1184.338786667883
2022-07-11 00:00:00+00:00,1145.4519750067748
2022-07-12 00:00:00+00:00,1072.4238642233024
2022-07-13 00:00:00+00:00,1065.8694063188177
2022-07-14 00:00:00+00:00,1125.283798633482
2022-07-15 00:00:00+00:00,1218.270560429262
2022-07-16 00:00:00+00:00,1253.8624648246796
2022-07-17 00:00:00+00:00,1353.0771686030685
2022-07-18 00:00:00+00:00,1451.3960429977867
2022-07-19 00:00:00+00:00,1546.0696830967092
2022-07-20 00:00:00+00:00,1561.1384320979362
2022-07-21 00:00:00+00:00,1520.5051657575025
2022-07-22 00:00:00+00:00,1584.2978587220414
2022-07-23 00:00:00+00:00,1543.1064872437505
2022-07-24 00:00:00+00:00,1593.1438737731175
2022-07-25 00:00:00+00:00,1528.6919741299314
2022-07-26 00:00:00+00:00,1405.2732589620837
2022-07-27 00:00:00+00:00,1491.8430655664336
2022-07-28 00:00:00+00:00,1667.987492913772
2022-07-29 00:00:00+00:00,1717.3668107895292
2022-07-30 00:00:00+00:00,1714.499155720506
2022-07-31 00:00:00+00:00,1703.7535740670403
2022-08-01 00:00:00+00:00,1666.9718306480806
2022-08-02 00:00:00+00:00,1612.6074375972687
2022-08-03 00:00:00+00:00,1642.810729555079
2022-08-04 00:00:00+00:00,1621.6166459613685
2022-08-05 00:00:00+00:00,1668.8298638438046
2022-08-06 00:00:00+00:00,1720.1974012939752
2022-08-07 00:00:00+00:00,1695.6299190921266
2022-08-08 00:00:00+00:00,1756.0099342774918
2022-08-09 00:00:00+00:00,1730.4117419778752
2022-08-10 00:00:00+00:00,1754.821722392044
2022-08-11 00:00:00+00:00,1892.8047767443693
2022-08-12 00:00:00+00:00,1898.465080582473
2022-08-13 00:00:00+00:00,1986.4050625366976
2022-08-14 00:00:00+00:00,1978.330025761184
2022-08-15 00:00:00+00:00,1925.643964176407
2022-08-16 00:00:00+00:00,1886.905104246063
2022-08-17 00:00:00+00:00,1873.415920109683
2022-08-18 00:00:00+00:00,1857.9849368234304
2022-08-19 00:00:00+00:00,1742.249877656939
2022-08-20 00:00:00+00:00,1621.293935759316
2022-08-21 00:00:00+00:00,1608.4162189066476
2022-08-22 00:00:00+00:00,1583.1805386011667
2022-08-23 00:00:00+00:00,1626.0250806798176
2022-08-24 00:00:00+00:00,1650.5233016074071
2022-08-25 00:00:00+00:00,1695.6765795239928
2022-08-26 00:00:00+00:00,1635.990712720867
2022-08-27 00:00:00+00:00,1494.423250559416
2022-08-28 00:00:00+00:00,1487.091575301499
2022-08-29 00:00:00+00:00,1483.1498484147644
2022-08-30 00:00:00+00:00,1552.943671558973
2022-08-31 00:00:00+00:00,1576.5953943168388
2022-09-01 00:00:00+00:00,1556.5647768061635
2022-09-02 00:00:00+00:00,1593.7110787240165
2022-09-03 00:00:00+00:00,1558.7358119037665
2022-09-04 00:00:00+00:00,1559.635342131725
2022-09-05 00:00:00+00:00,1579.6493792752124
2022-09-06 00:00:00+00:00,1636.5815233348003
2022-09-07 00:00:00+00:00,1546.4586155060606
2022-09-08 00:00:00+00:00,1630.237519020704
2022-09-09 00:00:00+00:00,1698.3644928933834
2022-09-10 00:00:00+00:00,1728.5964083038127
2022-09-11 00:00:00+00:00,1764.3824276086757
2022-09-12 00:00:00+00:00,1737.155500848727
2022-09-13 00:00:00+00:00,1663.428511804572
2022-09-14 00:00:00+00:00,1600.2037695707795
2022-09-15 00:00:00+00:00,1566.672324476105
2022-09-16 00:00:00+00:00,1456.0467041152108
2022-09-17 00:00:00+00:00,1443.4218221898936
2022-09-18 00:00:00+00:00,1424.248561562609
2022-09-19 00:00:00+00:00,1330.210599649521
2022-09-20 00:00:00+00:00,1354.7841091545426
2022-09-21 00:00:00+00:00,1332.7776088665237
2022-09-22 00:00:00+00:00,1284.6963570239109
2022-09-23 00:00:00+00:00,1313.6747647030595
2022-09-24 00:00:00+00:00,1330.4061880007082
2022-09-25 00:00:00+00:00,1315.3977534084709
2022-09-26 00:00:00+00:00,1311.982423619703
2022-09-27 00:00:00+00:00,1362.0213537247762
2022-09-28 00:00:00+00:00,1310.6757183857103
2022-09-29 00:00:00+00:00,1332.5418051919185
2022-09-30 00:00:00+00:00,1337.007549651309
2022-10-01 00:00:00+00:00,1323.3570031223946
2022-10-02 00:00:00+00:00,1303.4266968019156
2022-10-03 00:00:00+00:00,1302.6657166654009
2022-10-04 00:00:00+00:00,1344.5306714244791
2022-10-05 00:00:00+00:00,1348.1674516587989
2022-10-06 00:00:00+00:00,1365.4051098087064
2022-10-07 00:00:00+00:00,1346.8329704906218
2022-10-08 00:00:00+00:00,1325.5759055024623
2022-10-09 00:00:00+00:00,1319.1302376838328
2022-10-10 00:00:00+00:00,1314.0490413647867
2022-10-11 00:00:00+00:00,1283.1163697672894
2022-10-12 00:00:00+00:00,1294.2254579844964
2022-10-13 00:00:00+00:00,1273.437067743628
2022-10-14 00:00:00+00:00,1315.7791323412305
2022-10-15 00:00:00+00:00,1288.6777758301532
2022-10-16 00:00:00+00:00,1287.4497573096278
2022-10-17 00:00:00+00:00,1316.241468186807
2022-10-18 00:00:00+00:00,1322.5785478893847
2022-10-19 00:00:00+00:00,1299.958173707649
2022-10-20 00:00:00+00:00,1289.765123284624
2022-10-21 00:00:00+00:00,1287.9603661761937
2022-10-22 00:00:00+00:00,1306.141277570595
2022-10-23 00:00:00+00:00,1316.550823961601
2022-10-24 00:00:00+00:00,1346.0324983193088
2022-10-25 00:00:00+00:00,1386.8719091955998
2022-10-26 00:00:00+00:00,1526.5768668549206
2022-10-27 00:00:00+00:00,1551.2570510783455
2022-10-28 00:00:00+00:00,1526.0159359497254
2022-10-29 00:00:00+00:00,1605.342334425448
2022-10-30 00:00:00+00:00,1603.9822305531395
2022-10-31 00:00:00+00:00,1582.95952703288
2022-11-01 00:00:00+00:00,1583.5846432085436
2022-11-02 00:00:00+00:00,1562.29163122953
2022-11-03 00:00:00+00:00,1542.3363208486455
2022-11-04 00:00:00+00:00,1594.5790992810432
2022-11-05 00:00:00+00:00,1640.934984777473
2022-11-06 00:00:00+00:00,1619.091742183915
2022-11-07 00:00:00+00:00,1580.2441736765425
2022-11-08 00:00:00+00:00,1468.132880170481
2022-11-09 00:00:00+00:00,1237.4717075492242
2022-11-10 00:00:00+00:00,1228.1231532607935
2022-11-11 00:00:00+00:00,1268.6458017217285
2022-11-12 00:00:00+00:00,1267.4327888203131
2022-11-13 00:00:00+00:00,1243.3599044149066
2022-11-14 00:00:00+00:00,1232.0933076516778
2022-11-15 00:00:00+00:00,1258.9670551180884
2022-11-16 00:00:00+00:00,1231.8263477027317
2022-11-17 00:00:00+00:00,1205.8702503548484
2022-11-18 00:00:00+00:00,1214.056595356853
2022-11-19 00:00:00+00:00,1210.4838584325985
2022-11-20 00:00:00+00:00,1194.533806394768
2022-11-21 00:00:00+00:00,1122.9467093024232
2022-11-22 00:00:00+00:00,1110.4612716171264
2022-11-23 00:00:00+00:00,1162.7001198550583
2022-11-24 00:00:00+00:00,1199.5148593307076
2022-11-25 00:00:00+00:00,1190.6025928244028
2022-11-26 00:00:00+00:00,1214.9631767975486
2022-11-27 00:00:00+00:00,1215.3322163575758
2022-11-28 00:00:00+00:00,1174.4778264565946
2022-11-29 00:00:00+00:00,1205.571990621005
2022-11-30 00:00:00+00:00,1272.9441725504412
2022-12-01 00:00:00+00:00,1284.2998240943143
2022-12-02 00:00:00+00:00,1281.8637759235237
2022-12-03 00:00:00+00:00,1276.29415849718
2022-12-04 00:00:00+00:00,1262.2127749212905
2022-12-05 00:00:00+00:00,1282.9392697394092
2022-12-06 00:00:00+00:00,1257.9117976028265
2022-12-07 00:00:00+00:00,1241.8306438497116
2022-12-08 00:00:00+00:00,1246.582434256402
2022-12-09 00:00:00+00:00,1277.7078030346336
2022-12-10 00:00:00+00:00,1268.2728749408
2022-12-11 00:00:00+00:00,1272.7311945757915
2022-12-12 00:00:00+00:00,1253.7564967100786
2022-12-13 00:00:00+00:00,1294.4429181128423
2022-12-14 00:00:00+00:00,1324.5021435381282
2022-12-15 00:00:00+00:00,1282.6514611630894
2022-12-16 00:00:00+00:00,1230.7625983426876
2022-12-17 00:00:00+00:00,1178.2761904339536
2022-12-18 00:00:00+00:00,1183.7529344878972
2022-12-19 00:00:00+00:00,1180.7642775979496
2022-12-20 00:00:00+00:00,1207.0495311017123
2022-12-21 00:00:00+00:00,1212.8545690795977
2022-12-22 00:00:00+00:00,1209.2878411712431
2022-12-23 00:00:00+00:00,1220.8486888752684
2022-12-24 00:00:00+00:00,1219.7467059714284
2022-12-25 00:00:00+00:00,1217.1600384079595
2022-12-26 00:00:00+00:00,1218.8362599988034
2022-12-27 00:00:00+00:00,1217.577579584701
2022-12-28 00:00:00+00:00,1196.799529411102
2022-12-29 00:00:00+00:00,1196.9240120716072
2022-12-30 00:00:00+00:00,1195.238231912516
2022-12-31 00:00:00+00:00,1198.8070297454626
2023-01-01 00:00:00+00:00,1197.2154555125956
2023-01-02 00:00:00+00:00,1211.167918820006
2023-01-03 00:00:00+00:00,1213.685262179764
2023-01-04 00:00:00+00:00,1247.5529277919773
2023-01-05 00:00:00+00:00,1251.7403373496566
2023-01-06 00:00:00+00:00,1255.1818818254217
2023-01-07 00:00:00+00:00,1265.586280762738
2023-01-08 00:00:00+00:00,1265.0759908116536
2023-01-09 00:00:00+00:00,1317.308097836354
2023-01-10 00:00:00+00:00,1330.509031489935
2023-01-11 00:00:00+00:00,1335.2015566396856
2023-01-12 00:00:00+00:00,1404.8450279041456
2023-01-13 00:00:00+00:00,1416.4831733896642
2023-01-14 00:00:00+00:00,1536.122363042164
2023-01-15 00:00:00+00:00,1537.4910185312438
2023-01-16 00:00:00+00:00,1562.322499175243
2023-01-17 00:00:00+00:00,1571.422027339437
2023-01-18 00:00:00+00:00,1565.8997326013086
2023-01-19 00:00:00+00:00,1531.1049501474502
2023-01-20 00:00:00+00:00,1570.6402366822929
2023-01-21 00:00:00+00:00,1653.7879470406704
2023-01-22 00:00:00+00:00,1631.6655221228689
2023-01-23 00:00:00+00:00,1631.9601955614835
2023-01-24 00:00:00+00:00,1624.837614948234
2023-01-25 00:00:00+00:00,1554.9720966107575
2023-01-26 00:00:00+00:00,1608.7264287697103
2023-01-27 00:00:00+00:00,1584.84727625133
2023-01-28 00:00:00+00:00,1586.3602581724454
2023-01-29 00:00:00+00:00,1610.372471874327
2023-01-30 00:00:00+00:00,1603.1735079957975
2023-01-31 00:00:00+00:00,1578.8789548542584
2023-02-01 00:00:00+00:00,1589.5538524955073
2023-02-02 00:00:00+00:00,1673.2190967107704
2023-02-03 00:00:00+00:00,1650.3200478632134
2023-02-04 00:00:00+00:00,1667.2123221502727
2023-02-05 00:00:00+00:00,1651.8858736113318
2023-02-06 00:00:00+00:00,1634.0515959312197
2023-02-07 00:00:00+00:00,1642.7201039274894
2023-02-08 00:00:00+00:00,1667.8771499649852
2023-02-09 00:00:00+00:00,1622.3644201327654
2023-02-10 00:00:00+00:00,1538.4937774447026
2023-02-11 00:00:00+00:00,1521.926504421998
2023-02-12 00:00:00+00:00,1534.8711282406157
2023-02-13 00:00:00+00:00,1498.1439391399026
2023-02-14 00:00:00+00:00,1523.0688990852589
2023-02-15 00:00:00+00:00,1576.7452501088412
2023-02-16 00:00:00+00:00,1690.380441751153
2023-02-17 00:00:00+00:00,1670.725154894498
2023-02-18 00:00:00+00:00,1694.513146055412
2023-02-19 00:00:00+00:00,1694.1351393721416
2023-02-20 00:00:00+00:00,1697.0673147719335
2023-02-21 00:00:00+00:00,1683.9792090833896
2023-02-22 00:00:00+00:00,1634.7545996287206
2023-02-23 00:00:00+00:00,1656.1554201696788
2023-02-24 00:00:00+00:00,1633.674661300689
2023-02-25 00:00:00+00:00,1597.4001943096976
2023-02-26 00:00:00+00:00,1607.6029425839588
2023-02-27 00:00:00+00:00,1637.284810895162
2023-02-28 00:00:00+00:00,1629.2514754869117
2023-03-01 00:00:00+00:00,1646.6127675273228
2023-03-02 00:00:00+00:00,1643.22676426359
2023-03-03 00:00:00+00:00,1574.1812744553783
2023-03-04 00:00:00+00:00,1568.397739401086
2023-03-05 00:00:00+00:00,1569.9158206935217
2023-03-06 00:00:00+00:00,1566.995100982999
2023-03-07 00:00:00+00:00,1565.7268852608668
2023-03-08 00:00:00+00:00,1557.3348027840884
2023-03-09 00:00:00+00:00,1520.5487509531802
2023-03-10 00:00:00+00:00,1414.7456964520754
2023-03-11 00:00:00+00:00,1447.727246255862
2023-03-12 00:00:00+00:00,1486.4200343750342
2023-03-13 00:00:00+00:00,1627.1804411883834
2023-03-14 00:00:00+00:00,1705.0221533980691
2023-03-15 00:00:00+00:00,1682.5780243101262
2023-03-16 00:00:00+00:00,1663.3302659970998
2023-03-17 00:00:00+00:00,1730.1209788924832
2023-03-18 00:00:00+00:00,1812.4989531504773
2023-03-19 00:00:00+00:00,1798.750583535714
2023-03-20 00:00:00+00:00,1777.99679909236
2023-03-21 00:00:00+00:00,1781.9709361409114
2023-03-22 00:00:00+00:00,1794.0284386894482
2023-03-23 00:00:00+00:00,1783.305621770193
2023-03-24 00:00:00+00:00,1793.6858260125946
2023-03-25 00:00:00+00:00,1758.2123789216196
2023-03-26 00:00:00+00:00,1770.3420574880608
2023-03-27 00:00:00+00:00,1746.7314091352807
2023-03-28 00:00:00+00:00,1738.2710451741991
2023-03-29 00:00:00+00:00,1799.956628253436
2023-03-30 00:00:00+00:00,1795.2524865329376
2023-03-31 00:00:00+00:00,1811.9727448322608
2023-04-01 00:00:00+00:00,1825.085339293454
2023-04-02 00:00:00+00:00,1812.0884838563863
2023-04-03 00:00:00+00:00,1798.9202608482738
2023-04-04 00:00:00+00:00,1842.225513825252
2023-04-05 00:00:00+00:00,1907.656714782668
2023-04-06 00:00:00+00:00,1880.353101230768
2023-04-07 00:00:00+00:00,1862.8505473164944
2023-04-08 00:00:00+00:00,1866.102545301802
2023-04-09 00:00:00+00:00,1848.5285552050084
2023-04-10 00:00:00+00:00,1868.8408808409288
2023-04-11 00:00:00+00:00,1913.4588858210263
2023-04-12 00:00:00+00:00,1890.4133595197973
2023-04-13 00:00:00+00:00,1968.7518376994387
2023-04-14 00:00:00+00:00,2099.062291805431
2023-04-15 00:00:00+00:00,2097.9782973860024
2023-04-16 00:00:00+00:00,2100.6023043907976
2023-04-17 00:00:00+00:00,2087.6901878050635
2023-04-18 00:00:00+00:00,2092.7173705230352
2023-04-19 00:00:00+00:00,2021.7175937919053
2023-04-20 00:00:00+00:00,1949.3721845458
2023-04-21 00:00:00+00:00,1907.937082593996
2023-04-22 00:00:00+00:00,1862.2121553088425
2023-04-23 00:00:00+00:00,1864.933112893617
2023-04-24 00:00:00+00:00,1849.2612578542155
2023-04-25 00:00:00+00:00,1832.1954071823395
2023-04-26 00:00:00+00:00,1895.203279481425
2023-04-27 00:00:00+00:00,1899.5887990319527
2023-04-28 00:00:00+00:00,1903.109467484509
2023-04-29 00:00:00+00:00,1902.209518155596
2023-04-30 00:00:00+00:00,1906.1909121190813
2023-05-01 00:00:00+00:00,1844.2042545675893
2023-05-02 00:00:00+00:00,1844.315743693665
2023-05-03 00:00:00+00:00,1867.9342486945989
2023-05-04 00:00:00+00:00,1893.7858101346112
2023-05-05 00:00:00+00:00,1929.8480764735173
2023-05-06 00:00:00+00:00,1933.050262152934
2023-05-07 00:00:00+00:00,1909.580501305987
2023-05-08 00:00:00+00:00,1858.6756745944967
2023-05-09 00:00:00+00:00,1845.0202082493868
2023-05-10 00:00:00+00:00,1851.23881271409
2023-05-11 00:00:00+00:00,1815.6678660629168
2023-05-12 00:00:00+00:00,1775.5459706189413
2023-05-13 00:00:00+00:00,1802.411363141392
2023-05-14 00:00:00+00:00,1803.4547692875856
2023-05-15 00:00:00+00:00,1825.281496618767
2023-05-16 00:00:00+00:00,1817.7982917949955
2023-05-17 00:00:00+00:00,1813.80575541863
2023-05-18 00:00:00+00:00,1815.7063310167343
2023-05-19 00:00:00+00:00,1809.033428248008
2023-05-20 00:00:00+00:00,1814.9137851415248
2023-05-21 00:00:00+00:00,1813.6024555362608
2023-05-22 00:00:00+00:00,1812.2957293132404
2023-05-23 00:00:00+00:00,1850.101324192144
2023-05-24 00:00:00+00:00,1814.3967175351152
2023-05-25 00:00:00+00:00,1792.6592588712747
2023-05-26 00:00:00+00:00,1818.07500437892
2023-05-27 00:00:00+00:00,1828.3865282468496
2023-05-28 00:00:00+00:00,1848.800095595696
2023-05-29 00:00:00+00:00,1899.1500829764764
2023-05-30 00:00:00+00:00,1903.052830173788
2023-05-31 00:00:00+00:00,1873.6815803336324
2023-06-01 00:00:00+00:00,1864.0745895542389
2023-06-02 00:00:00+00:00,1889.342659620184
2023-06-03 00:00:00+00:00,1899.7608966692549
2023-06-04 00:00:00+00:00,1900.240750558028
2023-06-05 00:00:00+00:00,1853.544814474624
2023-06-06 00:00:00+00:00,1834.5506074194057
2023-06-07 00:00:00+00:00,1862.545858372233
2023-06-08 00:00:00+00:00,1844.2178142327248
2023-06-09 00:00:00+00:00,1840.881844895388
2023-06-10 00:00:00+00:00,1765.8000336509256
2023-06-11 00:00:00+00:00,1753.4608917821126
2023-06-12 00:00:00+00:00,1740.595398519522
2023-06-13 00:00:00+00:00,1742.9354542268177
2023-06-14 00:00:00+00:00,1730.148150631832
2023-06-15 00:00:00+00:00,1647.1536232925284
2023-06-16 00:00:00+00:00,1679.236589554126
2023-06-17 00:00:00+00:00,1731.6085917111066
2023-06-18 00:00:00+00:00,1731.4668762656866
2023-06-19 00:00:00+00:00,1724.9491613198825
2023-06-20 00:00:00+00:00,1742.782214545399
2023-06-21 00:00:00+00:00,1834.98941550436
2023-06-22 00:00:00+00:00,1898.9487868278256
2023-06-23 00:00:00+00:00,1887.39499241753
2023-06-24 00:00:00+00:00,1887.6816657055424
2023-06-25 00:00:00+00:00,1900.2418253422447
2023-06-26 00:00:00+00:00,1876.5310404580723
2023-06-27 00:00:00+00:00,1880.4585776605752
2023-06-28 00:00:00+00:00,1857.001283306412
2023-06-29 00:00:00+00:00,1849.1357361502523
2023-06-30 00:00:00+00:00,1887.65407909426
2023-07-01 00:00:00+00:00,1922.156353478102
2023-07-02 00:00:00+00:00,1917.9556060382256
2023-07-03 00:00:00+00:00,1956.397495490116
2023-07-04 00:00:00+00:00,1952.689221479567
2023-07-05 00:00:00+00:00,1921.4291628296469
2023-07-06 00:00:00+00:00,1904.701383509925
2023-07-07 00:00:00+00:00,1861.941515122666
2023-07-08 00:00:00+00:00,1861.1705453601624
2023-07-09 00:00:00+00:00,1868.2278381278104
2023-07-10 00:00:00+00:00,1867.9160362115945
2023-07-11 00:00:00+00:00,1875.6802082917984
2023-07-12 00:00:00+00:00,1883.3195006458548
2023-07-13 00:00:00+00:00,1909.732676785817
2023-07-14 00:00:00+00:00,1983.528085616845
2023-07-15 00:00:00+00:00,1935.504565366402
2023-07-16 00:00:00+00:00,1931.7326108016289
2023-07-17 00:00:00+00:00,1915.025020037917
2023-07-18 00:00:00+00:00,1901.130950995476
2023-07-19 00:00:00+00:00,1906.8936746909287
2023-07-20 00:00:00+00:00,1900.1664091096643
2023-07-21 00:00:00+00:00,1892.972541524359
2023-07-22 00:00:00+00:00,1889.681409560168
2023-07-23 00:00:00+00:00,1877.146662303608
2023-07-24 00:00:00+00:00,1859.807075316051
2023-07-25 00:00:00+00:00,1855.0191059936308
2023-07-26 00:00:00+00:00,1859.6845424796927
2023-07-27 00:00:00+00:00,1871.373030257572
2023-07-28 00:00:00+00:00,1868.0303856826488
2023-07-29 00:00:00+00:00,1874.8027357549809
2023-07-30 00:00:00+00:00,1873.838724945569
2023-07-31 00:00:00+00:00,1864.3640650779696
2023-08-01 00:00:00+00:00,1837.989361783974
2023-08-02 00:00:00+00:00,1852.2417266128205
2023-08-03 00:00:00+00:00,1838.687134430874
2023-08-04 00:00:00+00:00,1834.790483621636
2023-08-05 00:00:00+00:00,1830.666105105328
2023-08-06 00:00:00+00:00,1830.7611563695843
2023-08-07 00:00:00+00:00,1828.223804544877
2023-08-08 00:00:00+00:00,1839.184277122072
2023-08-09 00:00:00+00:00,1856.569436685931
2023-08-10 00:00:00+00:00,1851.5802472700857
2023-08-11 00:00:00+00:00,1846.2538380173376
2023-08-12 00:00:00+00:00,1848.7152411158568
2023-08-13 00:00:00+00:00,1848.8142272748737
2023-08-14 00:00:00+00:00,1845.347244343792
2023-08-15 00:00:00+00:00,1838.609331882828
2023-08-16 00:00:00+00:00,1821.8910620247127
2023-08-17 00:00:00+00:00,1765.001235133116
2023-08-18 00:00:00+00:00,1675.8334900005818
2023-08-19 00:00:00+00:00,1666.086529328731
2023-08-20 00:00:00+00:00,1672.2997873749564
2023-08-21 00:00:00+00:00,1672.3410821932991
2023-08-22 00:00:00+00:00,1651.880065061467
2023-08-23 00:00:00+00:00,1652.4726664290504
2023-08-24 00:00:00+00:00,1664.1665064428746
2023-08-25 00:00:00+00:00,1651.7762005838922
2023-08-26 00:00:00+00:00,1649.8355346736128
2023-08-27 00:00:00+00:00,1650.9142630249482
2023-08-28 00:00:00+00:00,1646.4778827921052
2023-08-29 00:00:00+00:00,1678.290591503547
2023-08-30 00:00:00+00:00,1713.0248249772856
2023-08-31 00:00:00+00:00,1688.7360549641614
2023-09-01 00:00:00+00:00,1638.5719647482986
2023-09-02 00:00:00+00:00,1633.230000499828
2023-09-03 00:00:00+00:00,1635.046531480308
2023-09-04 00:00:00+00:00,1632.542047642222
2023-09-05 00:00:00+00:00,1628.902391113302
2023-09-06 00:00:00+00:00,1630.1470809902687
2023-09-07 00:00:00+00:00,1634.7630774687802
2023-09-08 00:00:00+00:00,1637.7749808201218
2023-09-09 00:00:00+00:00,1634.0769249629664
2023-09-10 00:00:00+00:00,1623.1116994992544
2023-09-11 00:00:00+00:00,1585.0412003006693
2023-09-12 00:00:00+00:00,1587.8133887095637
2023-09-13 00:00:00+00:00,1597.636225076544
2023-09-14 00:00:00+00:00,1624.7635453908265
2023-09-15 00:00:00+00:00,1626.7059408784223
2023-09-16 00:00:00+00:00,1637.8401035705522
2023-09-17 00:00:00+00:00,1628.1393210956594
2023-09-18 00:00:00+00:00,1639.408435199868
2023-09-19 00:00:00+00:00,1641.8615699189304
2023-09-20 00:00:00+00:00,1632.2111113837846
2023-09-21 00:00:00+00:00,1602.4328115669812
2023-09-22 00:00:00+00:00,1592.894549602104
2023-09-23 00:00:00+00:00,1592.8901551555598
2023-09-24 00:00:00+00:00,1592.6945203254784
2023-09-25 00:00:00+00:00,1580.5532774515232
2023-09-26 00:00:00+00:00,1588.8352718973415
2023-09-27 00:00:00+00:00,1599.2869108615278
2023-09-28 00:00:00+00:00,1628.4543367996375
2023-09-29 00:00:00+00:00,1664.9475965226604
2023-09-30 00:00:00+00:00,1675.0566154532296
2023-10-01 00:00:00+00:00,1681.2387767029531
2023-10-02 00:00:00+00:00,1709.008167620357
2023-10-03 00:00:00+00:00,1659.09597852029
2023-10-04 00:00:00+00:00,1642.7444795142403
2023-10-05 00:00:00+00:00,1633.6524533497347
2023-10-06 00:00:00+00:00,1632.5905108248678
2023-10-07 00:00:00+00:00,1639.9237854635078
2023-10-08 00:00:00+00:00,1631.9217981942386
2023-10-09 00:00:00+00:00,1602.6757382484222
2023-10-10 00:00:00+00:00,1577.6108356628276
2023-10-11 00:00:00+00:00,1564.5609137695456
2023-10-12 00:00:00+00:00,1549.293791555493
2023-10-13 00:00:00+00:00,1544.3959326124616
2023-10-14 00:00:00+00:00,1551.7098705722108
2023-10-15 00:00:00+00:00,1556.1527468092218
2023-10-16 00:00:00+00:00,1578.5389934227042
2023-10-17 00:00:00+00:00,1581.398112994277
2023-10-18 00:00:00+00:00,1570.3620495888729
2023-10-19 00:00:00+00:00,1557.7273256049143
2023-10-20 00:00:00+00:00,1597.8660572822716
2023-10-21 00:00:00+00:00,1613.8924213281416
2023-10-22 00:00:00+00:00,1634.4541908613403
2023-10-23 00:00:00+00:00,1689.2048263491188
2023-10-24 00:00:00+00:00,1803.174903980476
2023-10-25 00:00:00+00:00,1788.9805238268073
2023-10-26 00:00:00+00:00,1803.6883868658017
2023-10-27 00:00:00+00:00,1783.7702266294782
2023-10-28 00:00:00+00:00,1785.7149842422225
2023-10-29 00:00:00+00:00,1788.440703753732
2023-10-30 00:00:00+00:00,1803.001424006476
2023-10-31 00:00:00+00:00,1803.2998424617035
2023-11-01 00:00:00+00:00,1811.170139033116
2023-11-02 00:00:00+00:00,1828.6431828562809
2023-11-03 00:00:00+00:00,1802.404743308647
2023-11-04 00:00:00+00:00,1836.685357080236
2023-11-05 00:00:00+00:00,1879.6388558134224
2023-11-06 00:00:00+00:00,1892.4941660034667
2023-11-07 00:00:00+00:00,1885.4431873389465
2023-11-08 00:00:00+00:00,1888.166865538394
2023-11-09 00:00:00+00:00,1957.4713682582817
2023-11-10 00:00:00+00:00,2101.280085298535
2023-11-11 00:00:00+00:00,2062.085439236077
2023-11-12 00:00:00+00:00,2051.391936911136
2023-11-13 00:00:00+00:00,2062.581004464006
2023-11-14 00:00:00+00:00,2034.1658365427008
2023-11-15 00:00:00+00:00,2005.173278863159
2023-11-16 00:00:00+00:00,2028.472654950825
2023-11-17 00:00:00+00:00,1960.9887472787805
2023-11-18 00:00:00+00:00,1949.410324460677
2023-11-19 00:00:00+00:00,1963.5772773702736
2023-11-20 00:00:00+00:00,2022.7271032113165
2023-11-21 00:00:00+00:00,2003.380566724128
2023-11-22 00:00:00+00:00,2014.816377594484
2023-11-23 00:00:00+00:00,2062.6366663247536
2023-11-24 00:00:00+00:00,2086.827983439655
2023-11-25 00:00:00+00:00,2081.9602676356603
2023-11-26 00:00:00+00:00,2075.613935372754
2023-11-27 00:00:00+00:00,2032.2366815452583
2023-11-28 00:00:00+00:00,2033.7430377921453
2023-11-29 00:00:00+00:00,2046.953739121579
2023-11-30 00:00:00+00:00,2035.786728686775
2023-12-01 00:00:00+00:00,2088.3166089616125
2023-12-02 00:00:00+00:00,2111.383666222226
2023-12-03 00:00:00+00:00,2164.6107148523192
2023-12-04 00:00:00+00:00,2231.333015294024
2023-12-05 00:00:00+00:00,2236.2508856726686
2023-12-06 00:00:00+00:00,2269.6585353381447
2023-12-07 00:00:00+00:00,2280.5645937748864
2023-12-08 00:00:00+00:00,2361.256632157442
2023-12-09 00:00:00+00:00,2360.059371950561
2023-12-10 00:00:00+00:00,2349.937816073318
2023-12-11 00:00:00+00:00,2241.071214396032
2023-12-12 00:00:00+00:00,2212.2595482924226
2023-12-13 00:00:00+00:00,2197.581686147317
2023-12-14 00:00:00+00:00,2278.6411859272484
2023-12-15 00:00:00+00:00,2263.9303167277817
2023-12-16 00:00:00+00:00,2242.965532269741
2023-12-17 00:00:00+00:00,2220.021086690548
2023-12-18 00:00:00+00:00,2170.828419254822
2023-12-19 00:00:00+00:00,2213.534922477412
2023-12-20 00:00:00+00:00,2208.391274913491
2023-12-21 00:00:00+00:00,2221.5073042085537
2023-12-22 00:00:00+00:00,2291.8865778901013
2023-12-23 00:00:00+00:00,2293.7634492649263
2023-12-24 00:00:00+00:00,2294.051144920267
2023-12-25 00:00:00+00:00,2277.371228020585
2023-12-26 00:00:00+00:00,2238.9761750024727
2023-12-27 00:00:00+00:00,2284.208358833396
2023-12-28 00:00:00+00:00,2384.573879144648
2023-12-29 00:00:00+00:00,2338.1751490776114
2023-12-30 00:00:00+00:00,2297.6184272564856
2023-12-31 00:00:00+00:00,2295.1998730972305
2024-01-01 00:00:00+00:00,2302.880339344182
2024-01-02 00:00:00+00:00,2380.469122450789
2024-01-03 00:00:00+00:00,2297.308237369882
2024-01-04 00:00:00+00:00,2245.172794911228
2024-01-05 00:00:00+00:00,2245.6632316796754
2024-01-06 00:00:00+00:00,2244.452247909805
2024-01-07 00:00:00+00:00,2242.0264347213683
2024-01-08 00:00:00+00:00,2253.6130718374056
2024-01-09 00:00:00+00:00,2293.493436253588
2024-01-10 00:00:00+00:00,2408.951586752408
2024-01-11 00:00:00+00:00,2609.966386828828
2024-01-12 00:00:00+00:00,2606.8158022510693
2024-01-13 00:00:00+00:00,2549.4990223641857
2024-01-14 00:00:00+00:00,2540.58101853987
2024-01-15 00:00:00+00:00,2518.597474403693
2024-01-16 00:00:00+00:00,2544.386261821703
2024-01-17 00:00:00+00:00,2551.1013220769687
2024-01-18 00:00:00+00:00,2506.804335651978
2024-01-19 00:00:00+00:00,2472.967305862701
2024-01-20 00:00:00+00:00,2471.3946029116446
2024-01-21 00:00:00+00:00,2471.277743547
2024-01-22 00:00:00+00:00,2390.7832200692505
2024-01-23 00:00:00+00:00,2257.4715125593016
2024-01-24 00:00:00+00:00,2228.370714928793
2024-01-25 00:00:00+00:00,2215.1552626600246
2024-01-26 00:00:00+00:00,2238.477211959928
2024-01-27 00:00:00+00:00,2267.387956000693
2024-01-28 00:00:00+00:00,2276.0256572138123
2024-01-29 00:00:00+00:00,2274.018181951268
2024-01-30 00:00:00+00:00,2329.64463573974
2024-01-31 00:00:00+00:00,2321.654567444702
2024-02-01 00:00:00+00:00,2277.7830384793547
2024-02-02 00:00:00+00:00,2303.4610609471306
2024-02-03 00:00:00+00:00,2309.4802529047697
2024-02-04 00:00:00+00:00,2298.0786897436906
2024-02-05 00:00:00+00:00,2300.641380958896
2024-02-06 00:00:00+00:00,2334.072430544247
2024-02-07 00:00:00+00:00,2381.7962130993624
2024-02-08 00:00:00+00:00,2427.480365783751
2024-02-09 00:00:00+00:00,2473.957784747518
2024-02-10 00:00:00+00:00,2495.889513721629
2024-02-11 00:00:00+00:00,2514.900383355539
2024-02-12 00:00:00+00:00,2535.20591454726
2024-02-13 00:00:00+00:00,2647.0465587460976
2024-02-14 00:00:00+00:00,2710.340851089941
2024-02-15 00:00:00+00:00,2806.332366294963
2024-02-16 00:00:00+00:00,2814.5936098141706
2024-02-17 00:00:00+00:00,2780.149634303721
2024-02-18 00:00:00+00:00,2807.110772325235
2024-02-19 00:00:00+00:00,2910.476079542295
2024-02-20 00:00:00+00:00,2937.482509433773
2024-02-21 00:00:00+00:00,2940.9127946371104
2024-02-22 00:00:00+00:00,2971.237362935281
2024-02-23 00:00:00+00:00,2946.140693695536
2024-02-24 00:00:00+00:00,2957.8380907244955
2024-02-25 00:00:00+00:00,3041.901665812671
2024-02-26 00:00:00+00:00,3114.775258728511
2024-02-27 00:00:00+00:00,3234.523608649783
2024-02-28 00:00:00+00:00,3309.641944997765
2024-02-29 00:00:00+00:00,3433.7271949438723
2024-03-01 00:00:00+00:00,3403.632439228913
2024-03-02 00:00:00+00:00,3425.518570224916
2024-03-03 00:00:00+00:00,3434.897108330138
2024-03-04 00:00:00+00:00,3521.7582597823985
2024-03-05 00:00:00+00:00,3658.041031052411
2024-03-06 00:00:00+00:00,3759.61243839761
2024-03-07 00:00:00+00:00,3820.239617578969
2024-03-08 00:00:00+00:00,3929.8697665164486
2024-03-09 00:00:00+00:00,3916.9761049390327
2024-03-10 00:00:00+00:00,3923.931555514355
2024-03-11 00:00:00+00:00,3974.926625786391
2024-03-12 00:00:00+00:00,4005.537401193897
2024-03-13 00:00:00+00:00,4014.103556584225
2024-03-14 00:00:00+00:00,3925.426822548765
2024-03-15 00:00:00+00:00,3723.474081174334
2024-03-16 00:00:00+00:00,3680.186457080886
2024-03-17 00:00:00+00:00,3574.242145240221
2024-03-18 00:00:00+00:00,3563.1328361925093
2024-03-19 00:00:00+00:00,3328.4875796904885
2024-03-20 00:00:00+00:00,3277.6082384114347
2024-03-21 00:00:00+00:00,3508.2776114023777
2024-03-22 00:00:00+00:00,3412.9814437508776
2024-03-23 00:00:00+00:00,3364.778666934444
2024-03-24 00:00:00+00:00,3371.4061193094185
2024-03-25 00:00:00+00:00,3514.4919443620606
2024-03-26 00:00:00+00:00,3611.600061617311
2024-03-27 00:00:00+00:00,3559.351878901021
2024-03-28 00:00:00+00:00,3553.9065981044428
2024-03-29 00:00:00+00:00,3533.749067905747
2024-03-30 00:00:00+00:00,3520.703370288461
2024-03-31 00:00:00+00:00,3597.120625640684
2024-04-01 00:00:00+00:00,3535.9961089256976
2024-04-02 00:00:00+00:00,3334.579379769584
2024-04-03 00:00:00+00:00,3316.404847688585
2024-04-04 00:00:00+00:00,3336.470274472995
2024-04-05 00:00:00+00:00,3300.6270056004
2024-04-06 00:00:00+00:00,3339.083555708847
2024-04-07 00:00:00+00:00,3390.203941825907
2024-04-08 00:00:00+00:00,3572.825648681196
2024-04-09 00:00:00+00:00,3603.828920419709
2024-04-10 00:00:00+00:00,3508.3593698384448
2024-04-11 00:00:00+00:00,3539.708803327841
2024-04-12 00:00:00+00:00,3438.003189292634
2024-04-13 00:00:00+00:00,3204.1436570931696
2024-04-14 00:00:00+00:00,3051.334799853998
2024-04-15 00:00:00+00:00,3165.972006374529
2024-04-16 00:00:00+00:00,3070.988237880067
2024-04-17 00:00:00+00:00,3043.710654647223
2024-04-18 00:00:00+00:00,3026.392453442939
2024-04-19 00:00:00+00:00,3063.0104241377417
2024-04-20 00:00:00+00:00,3083.716590275756
2024-04-21 00:00:00+00:00,3160.265851466607
2024-04-22 00:00:00+00:00,3192.1937000420644
2024-04-23 00:00:00+00:00,3201.0459586370744
2024-04-24 00:00:00+00:00,3214.7873363384133
2024-04-25 00:00:00+00:00,3144.449377406088
2024-04-26 00:00:00+00:00,3139.740978415572
2024-04-27 00:00:00+00:00,3154.413700534149
2024-04-28 00:00:00+00:00,3303.238219013709
2024-04-29 00:00:00+00:00,3191.8597319221785
2024-04-30 00:00:00+00:00,3071.3783507239464
2024-05-01 00:00:00+00:00,2937.904274364545
2024-05-02 00:00:00+00:00,2959.9252401637564
2024-05-03 00:00:00+00:00,3029.4534106134784
2024-05-04 00:00:00+00:00,3120.4132289743616
2024-05-05 00:00:00+00:00,3125.6849588568075
2024-05-06 00:00:00+00:00,3125.229951961815
2024-05-07 00:00:00+00:00,3071.4718337067447
2024-05-08 00:00:00+00:00,3004.980722757486
2024-05-09 00:00:00+00:00,2996.745834800953
2024-05-10 00:00:00+00:00,2985.6175229335463
2024-05-11 00:00:00+00:00,2915.8678843970924
2024-05-12 00:00:00+00:00,2924.260517225866
2024-05-13 00:00:00+00:00,2939.789540150908
2024-05-14 00:00:00+00:00,2911.610309355155
2024-05-15 00:00:00+00:00,2940.61452836767
2024-05-16 00:00:00+00:00,2985.198120726184
2024-05-17 00:00:00+00:00,3030.737504982108
2024-05-18 00:00:00+00:00,3112.887229104301
2024-05-19 00:00:00+00:00,3096.599022087624
2024-05-20 00:00:00+00:00,3175.412293170266
2024-05-21 00:00:00+00:00,3718.697068321455
2024-05-22 00:00:00+00:00,3749.021937988201
2024-05-23 00:00:00+00:00,3793.8438322201855
2024-05-24 00:00:00+00:00,3730.5025359823353
2024-05-25 00:00:00+00:00,3743.496475189437
2024-05-26 00:00:00+00:00,3803.457431076705
2024-05-27 00:00:00+00:00,3904.162252635789
2024-05-28 00:00:00+00:00,3854.633922549896
2024-05-29 00:00:00+00:00,3803.279170884824
2024-05-30 00:00:00+00:00,3762.4813506655705
2024-05-31 00:00:00+00:00,3764.044643239161
2024-06-01 00:00:00+00:00,3788.807537200788
2024-06-02 00:00:00+00:00,3794.134088812063
2024-06-03 00:00:00+00:00,3796.577195073818
2024-06-04 00:00:00+00:00,3782.743167480625
2024-06-05 00:00:00+00:00,3818.903659416975
2024-06-06 00:00:00+00:00,3840.639306964092
2024-06-07 00:00:00+00:00,3779.504223146309
2024-06-08 00:00:00+00:00,3685.710548612036
2024-06-09 00:00:00+00:00,3690.632169140175
2024-06-10 00:00:00+00:00,3680.132815979425
2024-06-11 00:00:00+00:00,3535.0592718367448
2024-06-12 00:00:00+00:00,3551.1919060784053
2024-06-13 00:00:00+00:00,3496.9338778233123
2024-06-14 00:00:00+00:00,3477.306801058834
2024-06-15 00:00:00+00:00,3534.6919979346226
2024-06-16 00:00:00+00:00,3574.085838500333
2024-06-17 00:00:00+00:00,3546.859641956912
2024-06-18 00:00:00+00:00,3433.8867681669544
2024-06-19 00:00:00+00:00,3541.6721064719063
2024-06-20 00:00:00+00:00,3551.4402572803897
2024-06-21 00:00:00+00:00,3502.156229301139
2024-06-22 00:00:00+00:00,3498.8993752648566
2024-06-23 00:00:00+00:00,3486.2776110436425
2024-06-24 00:00:00+00:00,3341.66337527232
2024-06-25 00:00:00+00:00,3380.483824429178
2024-06-26 00:00:00+00:00,3383.846886629816
2024-06-27 00:00:00+00:00,3410.425862850137
2024-06-28 00:00:00+00:00,3421.18809159672
2024-06-29 00:00:00+00:00,3384.232031665661
2024-06-30 00:00:00+00:00,3388.968302586624
2024-07-01 00:00:00+00:00,3471.123074367813
2024-07-02 00:00:00+00:00,3433.706699605604
2024-07-03 00:00:00+00:00,3328.0732702555088
2024-07-04 00:00:00+00:00,3176.139882624131
2024-07-05 00:00:00+00:00,2957.064105214344
2024-07-06 00:00:00+00:00,3011.9386168640194
2024-07-07 00:00:00+00:00,3008.5410556079355
2024-07-08 00:00:00+00:00,2971.879745591913
2024-07-09 00:00:00+00:00,3062.848566679273
2024-07-10 00:00:00+00:00,3096.301510577414
2024-07-11 00:00:00+00:00,3121.362002658599
2024-07-12 00:00:00+00:00,3100.9927423679696
2024-07-13 00:00:00+00:00,3148.359596449542
2024-07-14 00:00:00+00:00,3197.835795650841
2024-07-15 00:00:00+00:00,3358.3514608134305
2024-07-16 00:00:00+00:00,3440.009892117121
2024-07-17 00:00:00+00:00,3455.3252541356355
2024-07-18 00:00:00+00:00,3429.274110077539
2024-07-19 00:00:00+00:00,3446.36254326704
2024-07-20 00:00:00+00:00,3502.440519359858
2024-07-21 00:00:00+00:00,3501.9713518428503
2024-07-22 00:00:00+00:00,3489.1657419001003
2024-07-23 00:00:00+00:00,3473.095174072146
2024-07-24 00:00:00+00:00,3427.4393214974475
2024-07-25 00:00:00+00:00,3171.0688629215515
2024-07-26 00:00:00+00:00,3248.63056942348
2024-07-27 00:00:00+00:00,3270.143231265023
2024-07-28 00:00:00+00:00,3251.9221034573125
2024-07-29 00:00:00+00:00,3337.0824674119663
2024-07-30 00:00:00+00:00,3312.6787064004097
2024-07-31 00:00:00+00:00,3293.6143383895
2024-08-01 00:00:00+00:00,3169.768525072596
2024-08-02 00:00:00+00:00,3104.1736347539736
2024-08-03 00:00:00+00:00,2954.4714323594376
2024-08-04 00:00:00+00:00,2849.885219058992
2024-08-05 00:00:00+00:00,2377.2525129714527
2024-08-06 00:00:00+00:00,2497.078518260588
2024-08-07 00:00:00+00:00,2444.014819499557
2024-08-08 00:00:00+00:00,2486.038357809064
2024-08-09 00:00:00+00:00,2634.2059278076244
2024-08-10 00:00:00+00:00,2612.6207111066487
2024-08-11 00:00:00+00:00,2630.826632513234
2024-08-12 00:00:00+00:00,2619.633276756994
2024-08-13 00:00:00+00:00,2677.383193306078
2024-08-14 00:00:00+00:00,2698.1514270427824
2024-08-15 00:00:00+00:00,2620.4653033396007
2024-08-16 00:00:00+00:00,2599.639273930713
2024-08-17 00:00:00+00:00,2605.8283056441005
2024-08-18 00:00:00+00:00,2639.1954159226066
2024-08-19 00:00:00+00:00,2608.954468474522
2024-08-20 00:00:00+00:00,2629.962107580864
2024-08-21 00:00:00+00:00,2600.563274127028
2024-08-22 00:00:00+00:00,2622.0882525539205
2024-08-23 00:00:00+00:00,2683.138311701207
2024-08-24 00:00:00+00:00,2767.0810646145183
2024-08-25 00:00:00+00:00,2764.178420438882
2024-08-26 00:00:00+00:00,2724.4328976774004
2024-08-27 00:00:00+00:00,2620.461986494445
2024-08-28 00:00:00+00:00,2494.691709794993
2024-08-29 00:00:00+00:00,2544.083604819762
2024-08-30 00:00:00+00:00,2511.1408733346807
2024-08-31 00:00:00+00:00,2517.909118165428
2024-09-01 00:00:00+00:00,2477.3574427071208
2024-09-02 00:00:00+00:00,2491.823020528794
2024-09-03 00:00:00+00:00,2492.315077872152
2024-09-04 00:00:00+00:00,2412.31590910674
2024-09-05 00:00:00+00:00,2400.2698505616904
2024-09-06 00:00:00+00:00,2323.295560109168
2024-09-07 00:00:00+00:00,2270.811570726728
2024-09-08 00:00:00+00:00,2283.875215394992
2024-09-09 00:00:00+00:00,2319.0619038938826
2024-09-10 00:00:00+00:00,2353.1369914571187
2024-09-11 00:00:00+00:00,2339.304260640036
2024-09-12 00:00:00+00:00,2351.8164741951628
2024-09-13 00:00:00+00:00,2378.893883291074
2024-09-14 00:00:00+00:00,2420.141635347084
2024-09-15 00:00:00+00:00,2400.4724077414803
2024-09-16 00:00:00+00:00,2292.552842006125
2024-09-17 00:00:00+00:00,2321.3649167115705
2024-09-18 00:00:00+00:00,2319.316567479304
2024-09-19 00:00:00+00:00,2433.9446504486773
2024-09-20 00:00:00+00:00,2530.503543427955
2024-09-21 00:00:00+00:00,2559.225038903885
2024-09-22 00:00:00+00:00,2583.733198998056
2024-09-23 00:00:00+00:00,2651.1674045645177
2024-09-24 00:00:00+00:00,2637.991500137378
2024-09-25 00:00:00+00:00,2614.136638006976
2024-09-26 00:00:00+00:00,2621.6568773697995
2024-09-27 00:00:00+00:00,2667.4763006719613
2024-09-28 00:00:00+00:00,2678.997511634904
2024-09-29 00:00:00+00:00,2660.9991451024507
2024-09-30 00:00:00+00:00,2619.673451621829
2024-10-01 00:00:00+00:00,2577.362919616066
2024-10-02 00:00:00+00:00,2447.0508505011585
2024-10-03 00:00:00+00:00,2359.389055159883
2024-10-04 00:00:00+00:00,2390.3167055637346
2024-10-05 00:00:00+00:00,2412.378195338584
2024-10-06 00:00:00+00:00,2427.4498192981023
2024-10-07 00:00:00+00:00,2469.491227071552
2024-10-08 00:00:00+00:00,2435.0618970991973
2024-10-09 00:00:00+00:00,2428.3577621979025
2024-10-10 00:00:00+00:00,2383.3500745251627
2024-10-11 00:00:00+00:00,2422.842458479077
2024-10-12 00:00:00+00:00,2457.512659268015
2024-10-13 00:00:00+00:00,2461.5238487862944
2024-10-14 00:00:00+00:00,2556.9268302550613
2024-10-15 00:00:00+00:00,2605.2485513631486
2024-10-16 00:00:00+00:00,2615.434019545543
2024-10-17 00:00:00+00:00,2614.619476809528
2024-10-18 00:00:00+00:00,2632.955357854976
2024-10-19 00:00:00+00:00,2643.039125907688
2024-10-20 00:00:00+00:00,2669.8124486690167
2024-10-21 00:00:00+00:00,2703.728901372859
2024-10-22 00:00:00+00:00,2634.961684442425
2024-10-23 00:00:00+00:00,2564.507787436624
2024-10-24 00:00:00+00:00,2533.278002424098
2024-10-25 00:00:00+00:00,2510.637005464902
2024-10-26 00:00:00+00:00,2463.270499073696
2024-10-27 00:00:00+00:00,2482.976081632742
2024-10-28 00:00:00+00:00,2511.4661825532107
2024-10-29 00:00:00+00:00,2621.4314895858365
2024-10-30 00:00:00+00:00,2665.356285474249
2024-10-31 00:00:00+00:00,2601.6824105940373
2024-11-01 00:00:00+00:00,2515.005012496202
2024-11-02 00:00:00+00:00,2497.900311792493
2024-11-03 00:00:00+00:00,2453.267870058929
2024-11-04 00:00:00+00:00,2448.2768859201683
2024-11-05 00:00:00+00:00,2432.158870842042
2024-11-06 00:00:00+00:00,2615.311759008019
2024-11-07 00:00:00+00:00,2830.790801657049
2024-11-08 00:00:00+00:00,2923.573021604682
2024-11-09 00:00:00+00:00,3034.675097159545
2024-11-10 00:00:00+00:00,3179.828053804289
2024-11-11 00:00:00+00:00,3223.1689990386017
2024-11-12 00:00:00+00:00,3303.7936055617824
2024-11-13 00:00:00+00:00,3210.9346213854114
2024-11-14 00:00:00+00:00,3170.1684844914835
2024-11-15 00:00:00+00:00,3068.6917964541094
2024-11-16 00:00:00+00:00,3140.7597815927943
2024-11-17 00:00:00+00:00,3104.3402934535097
2024-11-18 00:00:00+00:00,3120.33778623669
2024-11-19 00:00:00+00:00,3129.6013090967263
2024-11-20 00:00:00+00:00,3098.503508930004
2024-11-21 00:00:00+00:00,3219.8397009983587
2024-11-22 00:00:00+00:00,3333.225892142589
2024-11-23 00:00:00+00:00,3386.4011866151814
2024-11-24 00:00:00+00:00,3373.371215215497
2024-11-25 00:00:00+00:00,3433.115532329445
2024-11-26 00:00:00+00:00,3360.6411455375164
2024-11-27 00:00:00+00:00,3476.9773514268786
2024-11-28 00:00:00+00:00,3596.380459838471
2024-11-29 00:00:00+00:00,3586.0520765937404
2024-11-30 00:00:00+00:00,3669.5814170135
2024-12-01 00:00:00+00:00,3705.350208953622
2024-12-02 00:00:00+00:00,3647.345836312172
2024-12-03 00:00:00+00:00,3608.0187307118463
2024-12-04 00:00:00+00:00,3740.919458670112
2024-12-05 00:00:00+00:00,3874.403565948261
2024-12-06 00:00:00+00:00,3934.1737350031294
2024-12-07 00:00:00+00:00,4000.5837784314754
2024-12-08 00:00:00+00:00,3984.799421281237
2024-12-09 00:00:00+00:00,3874.195296388632
2024-12-10 00:00:00+00:00,3685.7149341473214
2024-12-11 00:00:00+00:00,3720.775965270674
2024-12-12 00:00:00+00:00,3905.533150422923
2024-12-13 00:00:00+00:00,3908.919762542588
2024-12-14 00:00:00+00:00,3891.600256206349
2024-12-15 00:00:00+00:00,3882.965421599958
2024-12-16 00:00:00+00:00,3975.3932889143766
2024-12-17 00:00:00+00:00,3984.080283330028
2024-12-18 00:00:00+00:00,3835.925724525672
2024-12-19 00:00:00+00:00,3604.208597556828
2024-12-20 00:00:00+00:00,3363.5105508293327
2024-12-21 00:00:00+00:00,3429.059505241108
2024-12-22 00:00:00+00:00,3330.6247280355924
2024-12-23 00:00:00+00:00,3326.399192769873
2024-12-24 00:00:00+00:00,3432.7215608278334
2024-12-25 00:00:00+00:00,3479.502019699253
2024-12-26 00:00:00+00:00,3385.087134906387
2024-12-27 00:00:00+00:00,3360.2427961290136
2024-12-28 00:00:00+00:00,3357.078014620347
2024-12-29 00:00:00+00:00,3375.600070449009
2024-12-30 00:00:00+00:00,3382.1359454639605
2024-12-31 00:00:00+00:00,3364.07492012351
2025-01-01 00:00:00+00:00,3341.74432459036
2025-01-02 00:00:00+00:00,3433.246926657004
2025-01-03 00:00:00+00:00,3503.6123043230605
2025-01-04 00:00:00+00:00,3613.667857663065
2025-01-05 00:00:00+00:00,3631.309585356221
2025-01-06 00:00:00+00:00,3664.6588743585694
2025-01-07 00:00:00+00:00,3581.5380748646035
2025-01-08 00:00:00+00:00,3341.7237352417123
2025-01-09 00:00:00+00:00,3289.092277260675
2025-01-10 00:00:00+00:00,3270.296211046498
2025-01-11 00:00:00+00:00,3262.134773812917
2025-01-12 00:00:00+00:00,3269.115381899455
2025-01-13 00:00:00+00:00,3131.203490193464
2025-01-14 00:00:00+00:00,3190.5332569154866
2025-01-15 00:00:00+00:00,3284.7566862458084
2025-01-16 00:00:00+00:00,3351.9928874598786
2025-01-17 00:00:00+00:00,3402.936975126717
2025-01-18 00:00:00+00:00,3324.233403798967
2025-01-19 00:00:00+00:00,3302.480098432632
2025-01-20 00:00:00+00:00,3309.211954446171
2025-01-21 00:00:00+00:00,3283.954860021015
2025-01-22 00:00:00+00:00,3298.9955817484315
2025-01-23 00:00:00+00:00,3232.2265436066814
2025-01-24 00:00:00+00:00,3363.3022686155896
2025-01-25 00:00:00+00:00,3312.3373469157427
2025-01-26 00:00:00+00:00,3322.114079378812
2025-01-27 00:00:00+00:00,3123.582655941684
2025-01-28 00:00:00+00:00,3169.385916230289
2025-01-29 00:00:00+00:00,3121.8342520205656
2025-01-30 00:00:00+00:00,3216.6774255648
2025-01-31 00:00:00+00:00,3297.597534311326
2025-02-01 00:00:00+00:00,3253.678051667197
2025-02-02 00:00:00+00:00,3055.750717340712
2025-02-03 00:00:00+00:00,2644.460718924183
2025-02-04 00:00:00+00:00,2771.7728259332
2025-02-05 00:00:00+00:00,2761.0631639713115
2025-02-06 00:00:00+00:00,2772.9643773463827
2025-02-07 00:00:00+00:00,2703.557267759268
2025-02-08 00:00:00+00:00,2625.193051469352
2025-02-09 00:00:00+00:00,2644.961347230428
2025-02-10 00:00:00+00:00,2647.6441402816886
2025-02-11 00:00:00+00:00,2669.376998985668
2025-02-12 00:00:00+00:00,2630.38317618372
2025-02-13 00:00:00+00:00,2680.210338925236
2025-02-14 00:00:00+00:00,2712.0882781024934
2025-02-15 00:00:00+00:00,2706.698009467216
2025-02-16 00:00:00+00:00,2695.366240977456
2025-02-17 00:00:00+00:00,2718.9387194583846
2025-02-18 00:00:00+00:00,2678.6793020100813
2025-02-19 00:00:00+00:00,2701.784962611968
2025-02-20 00:00:00+00:00,2734.5966262949355
2025-02-21 00:00:00+00:00,2735.7865919167725
2025-02-22 00:00:00+00:00,2723.3322415609514
2025-02-23 00:00:00+00:00,2792.266654818597
2025-02-24 00:00:00+00:00,2693.9216107935454
2025-02-25 00:00:00+00:00,2452.447131640521
2025-02-26 00:00:00+00:00,2430.309617123416
2025-02-27 00:00:00+00:00,2325.5564059322905
2025-02-28 00:00:00+00:00,2179.8801067820496
2025-03-01 00:00:00+00:00,2218.378226023023
2025-03-02 00:00:00+00:00,2301.7445025968213
2025-03-03 00:00:00+00:00,2331.7041264560567
2025-03-04 00:00:00+00:00,2104.9015345132493
2025-03-05 00:00:00+00:00,2200.771746074872
2025-03-06 00:00:00+00:00,2253.5948622380542
2025-03-07 00:00:00+00:00,2175.8499261680427
2025-03-08 00:00:00+00:00,2165.866314281529
2025-03-09 00:00:00+00:00,2124.8707332709487
2025-03-10 00:00:00+00:00,2016.3407571261464
2025-03-11 00:00:00+00:00,1899.9159502745813
2025-03-12 00:00:00+00:00,1892.3779958872728
2025-03-13 00:00:00+00:00,1875.814103899512
2025-03-14 00:00:00+00:00,1905.070220529148
2025-03-15 00:00:00+00:00,1928.5825759468723
2025-03-16 00:00:00+00:00,1907.297767192388
2025-03-17 00:00:00+00:00,1912.595948879681
2025-03-18 00:00:00+00:00,1901.091975358819
2025-03-19 00:00:00+00:00,1986.7692465378288
2025-03-20 00:00:00+00:00,1998.4768544774963
2025-03-21 00:00:00+00:00,1970.6151747263823
2025-03-22 00:00:00+00:00,1987.1979215550973
2025-03-23 00:00:00+00:00,2000.8414301314183
2025-03-24 00:00:00+00:00,2063.905803852545
2025-03-25 00:00:00+00:00,2065.21514430206
2025-03-26 00:00:00+00:00,2042.1923790318788
2025-03-27 00:00:00+00:00,2017.181783941524
2025-03-28 00:00:00+00:00,1917.574201596076
2025-03-29 00:00:00+00:00,1859.8172667963672
2025-03-30 00:00:00+00:00,1825.0341274791608
2025-03-31 00:00:00+00:00,1815.418835550017
2025-04-01 00:00:00+00:00,1874.303688515668
2025-04-02 00:00:00+00:00,1877.2581744262443
2025-04-03 00:00:00+00:00,1801.478272519192
2025-04-04 00:00:00+00:00,1805.7064447353723
2025-04-05 00:00:00+00:00,1802.550717482049
2025-04-06 00:00:00+00:00,1744.3422984258088
2025-04-07 00:00:00+00:00,1536.5824591981936
2025-04-08 00:00:00+00:00,1541.943739693225
2025-04-09 00:00:00+00:00,1510.3610582617414
2025-04-10 00:00:00+00:00,1576.956872511931
2025-04-11 00:00:00+00:00,1554.9713250240327
2025-04-12 00:00:00+00:00,1605.0292155959426
2025-04-13 00:00:00+00:00,1609.9764845477805
2025-04-14 00:00:00+00:00,1637.7636122702895
2025-04-15 00:00:00+00:00,1626.1146951314206
2025-04-16 00:00:00+00:00,1583.0352675490797
2025-04-17 00:00:00+00:00,1591.9428422453718
2025-04-18 00:00:00+00:00,1587.1593212956996
2025-04-19 00:00:00+00:00,1602.8576415413172
2025-04-20 00:00:00+00:00,1592.3720660956571
2025-04-21 00:00:00+00:00,1615.624733754472
2025-04-22 00:00:00+00:00,1641.7208568185913
2025-04-23 00:00:00+00:00,1790.6908105822197
2025-04-24 00:00:00+00:00,1765.524396992961
2025-04-25 00:00:00+00:00,1782.0395231525206
2025-04-26 00:00:00+00:00,1802.1864257861043
2025-04-27 00:00:00+00:00,1805.6413524347872
2025-04-28 00:00:00+00:00,1790.946758596426
2025-04-29 00:00:00+00:00,1813.5797676952504
2025-04-30 00:00:00+00:00,1792.1695405321968
2025-05-01 00:00:00+00:00,1829.941587913181
2025-05-02 00:00:00+00:00,1840.06712244664
2025-05-03 00:00:00+00:00,1832.605332686986
2025-05-04 00:00:00+00:00,1832.2692120056413
2025-05-05 00:00:00+00:00,1811.25402699488
2025-05-06 00:00:00+00:00,1790.1414452775855
2025-05-07 00:00:00+00:00,1822.361562244028
2025-05-08 00:00:00+00:00,1977.452098413392
2025-05-09 00:00:00+00:00,2298.1184615742545
2025-05-10 00:00:00+00:00,2414.1056134099217
2025-05-11 00:00:00+00:00,2514.097085248932
2025-05-12 00:00:00+00:00,2514.311681086781
2025-05-13 00:00:00+00:00,2534.142929734882
2025-05-14 00:00:00+00:00,2625.445285904297
2025-05-15 00:00:00+00:00,2561.0037178707703
2025-05-16 00:00:00+00:00,2583.8529763063293
2025-05-17 00:00:00+00:00,2485.0306391454264
2025-05-18 00:00:00+00:00,2492.313469401861
2025-05-19 00:00:00+00:00,2442.36027440876
2025-05-20 00:00:00+00:00,2516.7941126710093
2025-05-21 00:00:00+00:00,2538.281122139096
2025-05-22 00:00:00+00:00,2634.9025236004304
2025-05-23 00:00:00+00:00,2621.8743133364856
2025-05-24 00:00:00+00:00,2549.5669064847384
2025-05-25 00:00:00+00:00,2510.3602117225614
2025-05-26 00:00:00+00:00,2559.5369272923017
2025-05-27 00:00:00+00:00,2623.916865846821
2025-05-28 00:00:00+00:00,2644.1207424961017
2025-05-29 00:00:00+00:00,2695.422003483521
2025-05-30 00:00:00+00:00,2602.5221713310348
2025-05-31 00:00:00+00:00,2527.4276715181018
2025-06-01 00:00:00+00:00,2516.5616029361304
2025-06-02 00:00:00+00:00,2519.586710119753
2025-06-03 00:00:00+00:00,2616.0205785687526
2025-06-04 00:00:00+00:00,2626.868496647128
2025-06-05 00:00:00+00:00,2580.135146033736
2025-06-06 00:00:00+00:00,2472.4616037636806
2025-06-07 00:00:00+00:00,2501.2236206133293
2025-06-08 00:00:00+00:00,2518.350400356058
2025-06-09 00:00:00+00:00,2536.252792396503
2025-06-10 00:00:00+00:00,2722.7482774338737
2025-06-11 00:00:00+00:00,2801.7436993203646
2025-06-12 00:00:00+00:00,2738.148971970968
2025-06-13 00:00:00+00:00,2536.1345742063827
2025-06-14 00:00:00+00:00,2534.9386029240777
2025-06-15 00:00:00+00:00,2533.371666056154
2025-06-16 00:00:00+00:00,2612.0601143078725
2025-06-17 00:00:00+00:00,2546.5281816923293
2025-06-18 00:00:00+00:00,2515.793135300008
2025-06-19 00:00:00+00:00,2517.5064942715912
2025-06-20 00:00:00+00:00,2498.654053869976
2025-06-21 00:00:00+00:00,2409.8863817072693
2025-06-22 00:00:00+00:00,2241.137405158109
2025-06-23 00:00:00+00:00,2269.862095340576
2025-06-24 00:00:00+00:00,2423.9358222112533
2025-06-25 00:00:00+00:00,2433.497288477052
2025-06-26 00:00:00+00:00,2451.129485260828
2025-06-27 00:00:00+00:00,2431.7708085245213
2025-06-28 00:00:00+00:00,2428.451784613297
2025-06-29 00:00:00+00:00,2442.9460114303324
2025-06-30 00:00:00+00:00,2484.3615417823926
2025-07-01 00:00:00+00:00,2447.704212336453
2025-07-02 00:00:00+00:00,2482.870251345006
2025-07-03 00:00:00+00:00,2587.241163612496
2025-07-04 00:00:00+00:00,2538.903449270098
2025-07-05 00:00:00+00:00,2514.68984784208
2025-07-06 00:00:00+00:00,2532.398076053686
2025-07-07 00:00:00+00:00,2555.963196747816
2025-07-08 00:00:00+00:00,2569.7748398013823
2025-07-09 00:00:00+00:00,2653.758768751253
2025-07-10 00:00:00+00:00,2803.374041802215
2025-07-11 00:00:00+00:00,2980.3574148047974
2025-07-12 00:00:00+00:00,2948.882402355905
2025-07-13 00:00:00+00:00,2968.7025358347914
2025-07-14 00:00:00+00:00,3022.8090353099874
2025-07-15 00:00:00+00:00,3011.479434842296
2025-07-16 00:00:00+00:00,3214.3859774446496
2025-07-17 00:00:00+00:00,3412.0348807456453
2025-07-18 00:00:00+00:00,3592.6049568794915
2025-07-19 00:00:00+00:00,3564.680299995847
2025-07-20 00:00:00+00:00,3707.1301141370623
2025-07-21 00:00:00+00:00,3776.107418482714
2025-07-22 00:00:00+00:00,3705.538563283229
2025-07-23 00:00:00+00:00,3660.864833814685
2025-07-24 00:00:00+00:00,3661.335534278995
2025-07-25 00:00:00+00:00,3666.578679469765
2025-07-26 00:00:00+00:00,3741.672874639712
2025-07-27 00:00:00+00:00,3801.661442882913
2025-07-28 00:00:00+00:00,3848.659038973316
2025-07-29 00:00:00+00:00,3799.317606514622
2025-07-30 00:00:00+00:00,3788.376309489463
2025-07-31 00:00:00+00:00,3814.5683882198114
2025-08-01 00:00:00+00:00,3619.021778449529
2025-08-02 00:00:00+00:00,3477.3509835127097
2025-08-03 00:00:00+00:00,3465.9162062423675
2025-08-04 00:00:00+00:00,3601.269716430289
2025-08-05 00:00:00+00:00,3630.426624505088
2025-08-06 00:00:00+00:00,3630.185279137013
2025-08-07 00:00:00+00:00,3773.333428400277
2025-08-08 00:00:00+00:00,3951.3064311469097
2025-08-09 00:00:00+00:00,4170.49853584532
2025-08-10 00:00:00+00:00,4228.330354731214
2025-08-11 00:00:00+00:00,4271.691554134082
2025-08-12 00:00:00+00:00,4376.886407331153
2025-08-13 00:00:00+00:00,4669.688803950862
2025-08-14 00:00:00+00:00,4664.42595076064
2025-08-15 00:00:00+00:00,4551.495374984178
2025-08-16 00:00:00+00:00,4427.507180899115
2025-08-17 00:00:00+00:00,4496.503017262606
2025-08-18 00:00:00+00:00,4335.98223358099
2025-08-19 00:00:00+00:00,4233.106701244081
2025-08-20 00:00:00+00:00,4224.152249584839
2025-08-21 00:00:00+00:00,4277.224248712047
2025-08-22 00:00:00+00:00,4466.442580424205
2025-08-23 00:00:00+00:00,4742.189387086413
2025-08-24 00:00:00+00:00,4789.224199907053
2025-08-25 00:00:00+00:00,4608.990400431638
2025-08-26 00:00:00+00:00,4472.71308572591
2025-08-27 00:00:00+00:00,4595.703844626346
2025-08-28 00:00:00+00:00,4536.584613499023
2025-08-29 00:00:00+00:00,4387.656554322307
2025-08-30 00:00:00+00:00,4362.049912593546
2025-08-31 00:00:00+00:00,4460.9564282211
2025-09-01 00:00:00+00:00,4380.185571609702
2025-09-02 00:00:00+00:00,4341.8481698088735
2025-09-03 00:00:00+00:00,4389.190443953777
2025-09-04 00:00:00+00:00,4370.514640735648
2025-09-05 00:00:00+00:00,4344.529408732605
2025-09-06 00:00:00+00:00,4296.159811711639
2025-09-07 00:00:00+00:00,4295.30954754829
2025-09-08 00:00:00+00:00,4312.820447941672
2025-09-09 00:00:00+00:00,4318.00718111178
2025-09-10 00:00:00+00:00,4338.986871695805
2025-09-11 00:00:00+00:00,4416.313187072233
2025-09-12 00:00:00+00:00,4557.157897402331
2025-09-13 00:00:00+00:00,4694.759508780508
2025-09-14 00:00:00+00:00,4642.054941796914
2025-09-15 00:00:00+00:00,4555.411269861846
2025-09-16 00:00:00+00:00,4500.918121481996
2025-09-17 00:00:00+00:00,4510.206870522182
2025-09-18 00:00:00+00:00,4597.218533485809
2025-09-19 00:00:00+00:00,4520.950528439316
2025-09-20 00:00:00+00:00,4478.523768912279
2025-09-21 00:00:00+00:00,4477.867022093279
2025-09-22 00:00:00+00:00,4220.37722256785
2025-09-23 00:00:00+00:00,4184.227595733032
2025-09-24 00:00:00+00:00,4171.61217184801
2025-09-25 00:00:00+00:00,3996.695101648369
2025-09-26 00:00:00+00:00,3958.4130512212832
2025-09-27 00:00:00+00:00,4013.678130648807
2025-09-28 00:00:00+00:00,4020.993068283539
2025-09-29 00:00:00+00:00,4146.470927642386
2025-09-30 00:00:00+00:00,4166.380742726488
2025-10-01 00:00:00+00:00,4248.490415674933
2025-10-02 00:00:00+00:00,4412.005547474172
2025-10-03 00:00:00+00:00,4495.258311805073
2025-10-04 00:00:00+00:00,4485.671846446495
2025-10-05 00:00:00+00:00,4533.675140612335
2025-10-06 00:00:00+00:00,4602.295398778034
2025-10-07 00:00:00+00:00,4623.289376189229
2025-10-08 00:00:00+00:00,4482.760617549001
2025-10-09 00:00:00+00:00,4387.83086986094
2025-10-10 00:00:00+00:00,4234.334998899046
2025-10-11 00:00:00+00:00,3804.054700002993
2025-10-12 00:00:00+00:00,3914.145090373555
2025-10-13 00:00:00+00:00,4174.709943208661
2025-10-14 00:00:00+00:00,4078.1405530411776
2025-10-15 00:00:00+00:00,4065.8327264951818
2025-10-16 00:00:00+00:00,3978.1193292375096
2025-10-17 00:00:00+00:00,3830.801584931696
2025-10-18 00:00:00+00:00,3874.105169232519
2025-10-19 00:00:00+00:00,3936.398257803181
2025-10-20 00:00:00+00:00,4008.812308342351
2025-10-21 00:00:00+00:00,3938.277221486076
2025-10-22 00:00:00+00:00,3835.107711347069
2025-10-23 00:00:00+00:00,3858.888281543116
2025-10-24 00:00:00+00:00,3924.750038115597
2025-10-25 00:00:00+00:00,3939.025474946277
2025-10-26 00:00:00+00:00,4014.088281151842
2025-10-27 00:00:00+00:00,4181.177735336861
2025-10-28 00:00:00+00:00,4096.773418119202
2025-10-29 00:00:00+00:00,3986.704308507928
2025-10-30 00:00:00+00:00,3846.653211943089
2025-10-31 00:00:00+00:00,3845.657434265769
2025-11-01 00:00:00+00:00,3867.407762206307
2025-11-02 00:00:00+00:00,3872.751186498839
2025-11-03 00:00:00+00:00,3706.545230236344
2025-11-04 00:00:00+00:00,3468.7981262602075
2025-11-05 00:00:00+00:00,3355.7656536240447
2025-11-06 00:00:00+00:00,3367.375317084321
2025-11-07 00:00:00+00:00,3339.504497951036
2025-11-08 00:00:00+00:00,3419.91449452623
2025-11-09 00:00:00+00:00,3459.0125375753905
2025-11-10 00:00:00+00:00,3585.690547110349
2025-11-11 00:00:00+00:00,3529.39482776489
2025-11-12 00:00:00+00:00,3454.8006521103084
2025-11-13 00:00:00+00:00,3397.7616402510826
2025-11-14 00:00:00+00:00,3184.0579340413674
2025-11-15 00:00:00+00:00,3168.772535417267
2025-11-16 00:00:00+00:00,3153.0555686734547
2025-11-17 00:00:00+00:00,3124.144131203502
2025-11-18 00:00:00+00:00,3063.535553886188
2025-11-19 00:00:00+00:00,3031.100409876064
2025-11-20 00:00:00+00:00,2969.3699810791454
2025-11-21 00:00:00+00:00,2761.911872504505
2025-11-22 00:00:00+00:00,2745.62979473441
2025-11-23 00:00:00+00:00,2814.7634063096343
2025-11-24 00:00:00+00:00,2857.3158908772043
2025-11-25 00:00:00+00:00,2919.088482780641
2025-11-26 00:00:00+00:00,2956.3001742168804
2025-11-27 00:00:00+00:00,3025.117561467081
2025-11-28 00:00:00+00:00,3035.4015833520243
2025-11-29 00:00:00+00:00,3008.023449398123
2025-11-30 00:00:00+00:00,3016.2696393536694
2025-12-01 00:00:00+00:00,2814.249262100317
2025-12-02 00:00:00+00:00,2878.553233551704
2025-12-03 00:00:00+00:00,3078.234943829877
2025-12-04 00:00:00+00:00,3177.1969787525845
2025-12-05 00:00:00+00:00,3109.295642464306
2025-12-06 00:00:00+00:00,3036.5301273200766
2025-12-07 00:00:00+00:00,3053.092787339445
2025-12-08 00:00:00+00:00,3122.3551922762285
2025-12-09 00:00:00+00:00,3189.2757579705776
2025-12-10 00:00:00+00:00,3333.2962523632555
2025-12-11 00:00:00+00:00,3211.0466372482283
2025-12-12 00:00:00+00:00,3188.57142610956
2025-12-13 00:00:00+00:00,3102.8902204301085
2025-12-14 00:00:00+00:00,3101.584708566429
2025-12-15 00:00:00+00:00,3065.19613036542
2025-12-16 00:00:00+00:00,2941.8694657715646
2025-12-17 00:00:00+00:00,2906.573710974167
2025-12-18 00:00:00+00:00,2853.067688889751
2025-12-19 00:00:00+00:00,2935.880471346268
2025-12-20 00:00:00+00:00,2979.4783675973763
2025-12-21 00:00:00+00:00,2980.317995521674
2025-12-22 00:00:00+00:00,3025.604874188969
2025-12-23 00:00:00+00:00,2965.955825097481
2025-12-24 00:00:00+00:00,2937.674069322183
2025-12-25 00:00:00+00:00,2939.767005457756
2025-12-26 00:00:00+00:00,2943.7355374230083
2025-12-27 00:00:00+00:00,2928.3056512547555
2025-12-28 00:00:00+00:00,2939.624750443633
2025-12-29 00:00:00+00:00,2965.8136549769497
2025-12-30 00:00:00+00:00,2961.4816919669306
2025-12-31 00:00:00+00:00,2975.439967213896
2026-01-01 00:00:00+00:00,2981.1346317180987
2026-01-02 00:00:00+00:00,3059.631657872701
