block_date,deposit_tx_count,deposit_withdrawal_ratio,exchange_volume_ratio,mega_whale_ratio,mega_whale_tx_count,mega_whale_volume_eth,net_flow_ma7,non_exchange_ratio,non_exchange_tx_count,non_exchange_volume_eth,std_whale_tx_size_eth,whale_exchange_deposits_eth,whale_exchange_withdrawals_eth,whale_net_exchange_flow_eth,whale_tx_count,whale_volume_eth,withdrawal_tx_count,btc_price,eth_price,block_fullness_delta_1d,eth_burned_delta_1d,eth_burned_zscore_90d,exchange_flow_share,median_gas_delta_1d,median_gas_delta_7d,net_exchange_flow_ratio,smart_contract_ratio_delta_1d,tx_per_active_delta_1d,tx_per_active_zscore_90d,whale_exchange_asymmetry,whale_exchange_flow_ratio,whale_tx_zscore_90d,whale_volume_ratio,whale_volume_ratio_delta_1d,whale_volume_ratio_delta_3d,eth_ret_lag1,eth_ret_lag3,eth_ret_lag7,eth_vol7,eth_vol30,eth_rsi,btc_ret_lag1,btc_ret_lag3,btc_ret_lag7,btc_vol7,btc_vol30,btc_rsi,eth_btc_ratio,eth_btc_ratio_ma7,eth_btc_corr_30d,whale_accumulation,exchange_outflow_strength,whale_distribution,exchange_inflow_pressure,whale_panic_index,whale_conviction_index,whale_momentum_chase,whale_contrarian,return_t1,direction_t1,return_t2,direction_t2,return_t3,direction_t3
2022-12-29 00:00:00+00:00,10,0.9177,0.1426,1.0,65,352262.5464,2154.6261,0.8574,49,302034.4767,6295.940755,24036.7218,26191.3479,2154.6261,65,352262.5464,6,16592.542999721893,1196.9240120716072,,,0.0,0.181396,,,-0.051837,,,0.0,-0.295462,-0.046984,,0.841315,,,,,,,,,,,,,,,0.07213626097528684,,,0,0.051837,0,0.181396,0,0,0,0,-0.0014094198187370574,0,0.0015719778462192555,1,0.00024346404741580814,1
2022-12-30 00:00:00+00:00,7,0.8646,0.4002,1.0,63,540201.1765,15700.1293,0.5998,51,324034.4048,12098.678706,100233.3212,115933.4505,15700.1293,63,540201.1765,5,16551.23757315942,1195.238231912516,,,0.0,0.344926,,,0.024874,,,0.0,0.092171,0.029914,,0.865708,0.024392999999999998,,,,,,,,,,,,,,0.07221443270506814,,,0,-0.0,0,0.344926,0,0,0,0,0.002981397664956313,1,0.0016528838661528655,1,0.013239593483138207,1
2022-12-31 00:00:00+00:00,4,0.8874,0.2393,1.0,53,512851.0006,11509.4267,0.7607,44,390151.1569,10833.311838,57690.5598,65009.2839,7318.7241,53,512851.0006,5,16573.358165052243,1198.8070297454626,0.000785,-123.1345,-0.7071,0.279982,-0.3938,,0.023626,-0.000395,0.0603,0.7071,0.107344,0.028088,,0.871155,0.00544699999999998,,-0.0014094198187370574,,,,,,-0.00249250068838782,,,,,,0.07233338094830727,,,0,-0.0,0,0.279982,0,0,0,1,-0.0013285137988034473,0,0.010258195818181895,1,0.012334481742485123,1
2023-01-01 00:00:00+00:00,11,2.2272,0.1636,0.9474,47,161862.822,4129.1107,0.8364,38,142900.8025,4839.287611,19294.4627,8662.9414,-10631.5214,56,170858.2066,7,16559.987771017095,1197.2154555125956,0.00163,-177.0204,-1.0542,0.194337,-1.6728,,-0.061218,0.003665,0.0485,0.9618,-0.331564,-0.054801,,0.780642,-0.09051300000000007,-0.06067300000000009,0.002981397664956313,,,,,,0.0013355994051019362,,,,,,0.07229567268207372,,,0,0.061218,0,0.194337,0,0,0,0,0.011586709616985342,1,0.01366299554128857,1,0.04118556820171192,1
2023-01-02 00:00:00+00:00,15,2.3125,0.1737,1.0,56,219263.8432,-675.856,0.8263,33,181178.1641,9060.425991,26588.2177,11497.4615,-15090.7562,56,219263.8432,8,16686.503010708373,1211.167918820006,-0.00245,171.7023,0.0769,0.216071,1.3268,,-0.070759,-0.00515,0.046,1.1125,-0.343191,-0.064643,,0.803439,0.022797000000000067,-0.06226900000000002,-0.0013285137988034473,-0.0014094198187370574,,,,,-0.0008070657751671083,-0.00249250068838782,,,,,0.07258368742946038,,,0,0.070759,0,0.216071,0,0,0,1,0.002076285924303229,1,0.029598858584726575,1,0.0329497366383229,1
2023-01-03 00:00:00+00:00,13,1.4213,0.2683,1.0,61,161135.5881,-2045.0412,0.7317,39,117906.9922,1796.244303,25375.1889,17853.407,-7521.7819,61,161135.5881,9,16690.377083199997,1213.685262179764,-0.00013,229.1332,1.2642,0.211951,2.695,,-0.065206,0.010429,0.0085,0.9652,-0.326647,-0.059209,,0.778853,-0.024585999999999997,-0.092302,0.011586709616985342,0.002981397664956313,,,,,0.007610779207342578,0.0013355994051019362,,,,,0.07271766576211278,,,0,0.065206,0,0.211951,0,0,0,0,0.027522572660423347,1,0.030873450714019677,1,0.0336190856694651,1
2023-01-04 00:00:00+00:00,21,1.2376,0.2348,1.0,88,931915.2472,-5576.1228,0.7652,57,713141.7044,18880.999487,121002.5368,97771.0059,-23231.5309,88,931915.2472,10,16826.614856651697,1247.5529277919773,-0.000644,164.5248,1.4942,0.280144,0.1049,,-0.03603,-0.013084,-0.1236,-0.7342,-0.114314,-0.029968,,0.875828,0.09697500000000003,0.0951860000000001,0.002076285924303229,-0.0013285137988034473,,,,,0.0002321410807793655,-0.0008070657751671083,,,,,0.07414164633944834,0.07263182097739393,,0,0.03603,0,0.280144,0,0,1,0,0.00335087805359633,1,0.006096513009041756,1,0.014351503035911855,1
2023-01-05 00:00:00+00:00,12,0.5439,0.408,1.0,65,459065.2462,3123.9144,0.592,46,271783.2337,11067.327368,65978.9373,121303.0753,55324.138,65,459065.2462,7,16833.309516302168,1251.7403373496566,-0.000442,115.7821,1.4792,0.308819,2.5733,,0.01764,-0.061797,-0.3745,-2.124,0.116315,0.03247,,0.852707,-0.023121000000000058,0.04926799999999998,0.027522572660423347,0.011586709616985342,,0.010275054162147542,,,0.008129519738201998,0.007610779207342578,,0.004147776788926919,,,0.07436091733104606,0.07294962902821667,,0,-0.0,0,0.308819,0,0,0,0,0.0027456349554454257,1,0.011000624982315526,1,0.01059733927822752,1
2023-01-06 00:00:00+00:00,18,3.3699,0.3746,1.0,69,353556.2273,-9378.6019,0.6254,42,221130.5627,7182.064324,102121.5746,30304.0899,-71817.4847,69,353556.2273,9,16826.645104634837,1255.1818818254217,0.000283,-68.6236,1.0251,0.333537,-1.7805,2.853,-0.064085,0.054946,0.4205,0.3207,-0.191612,-0.059695,,0.838967,-0.013739999999999974,0.060114,0.00335087805359633,0.002076285924303229,-0.0014094198187370574,0.0098605719030226,,,0.00039778222105127636,0.0002321410807793655,-0.00249250068838782,0.0038277764079261206,,,0.07459489839003536,0.07328969555464056,,0,0.064085,0,0.333537,0,0,0,0,0.0082549900268701,1,0.007851704322782095,1,0.048309846692947696,1
2023-01-07 00:00:00+00:00,9,0.8774,0.163,0.9362,36,136832.5446,-10201.8211,0.837,32,122337.933,4273.904774,11135.3383,12691.5276,1556.1893,46,146164.7989,5,16942.359179756757,1265.586280762738,0.001376,-503.8674,-0.9344,0.147055,-3.968,-0.7213,-0.014037,-0.018205,-0.1632,-0.6491,-0.055032,-0.006282,,0.733179,-0.105788,-0.14264900000000003,0.0027456349554454257,0.027522572660423347,0.002981397664956313,0.009703402560229547,,,-0.0003959845953130818,0.008129519738201998,0.0013355994051019362,0.0041378223050271,,,0.07469953076398585,0.07362771695688035,,0,0.014037,0,0.147055,0,0,0,0,-0.0004032857040880045,0,0.040054856666077596,1,0.05002612158740624,1
2023-01-08 00:00:00+00:00,13,1.22,0.3398,1.0,40,381524.3172,-10518.8734,0.6602,23,251870.7063,19138.03894,71252.2493,58401.3617,-12850.8876,40,381524.3172,4,16949.897131557726,1265.0759908116536,0.000262,294.9782,0.2679,0.344346,4.2243,5.1759,0.036386,-0.104949,-0.5938,-2.3752,0.125713,0.040844,,0.851776,0.11859699999999995,-0.0009310000000000151,0.0082549900268701,0.00335087805359633,-0.0013285137988034473,0.009564530354368899,,,0.006853298193160439,0.00039778222105127636,-0.0008070657751671083,0.003961812554664018,,,0.0746362046325523,0.07396207866409157,,0,-0.0,0,0.344346,0,0,1,0,0.0404581423701656,1,0.05042940729149425,1,0.05395006704927158,1
2023-01-09 00:00:00+00:00,28,0.9557,0.3354,1.0,92,472933.0961,-7850.0855,0.6646,54,314296.3044,7025.761471,77523.0161,81113.7756,3590.7595,92,472933.0961,10,17235.032268060455,1317.308097836354,-0.002223,460.1325,1.7648,0.286164,0.8561,4.7051,-0.057636,0.123836,0.5931,-0.1129,-0.191558,-0.050285,,0.84559,-0.006186000000000025,0.0066229999999999345,-0.0004032857040880045,0.0027456349554454257,0.011586709616985342,0.01569295704609001,,,0.0004448185364833574,-0.0003959845953130818,0.007610779207342578,0.006357099394356854,,,0.0764320064707716,0.07451183852713604,,0,0.057636,0,0.286164,0,0,0,0,0.009971264921328648,1,0.013491924679105977,1,0.06433666174479392,1
2023-01-10 00:00:00+00:00,11,0.5744,0.2938,1.0,68,433276.1389,-1859.3927,0.7062,49,305971.3036,7827.768935,46445.884,80858.9513,34413.0673,68,433276.1389,8,17290.001847992517,1330.509031489935,0.000348,-156.4321,1.0705,0.255769,0.8256,2.8357,0.011819,-0.000128,0.1045,0.2931,0.069673,0.016374,,0.854739,0.009149000000000074,0.12156,0.0404581423701656,0.0082549900268701,0.002076285924303229,0.015134579139435504,,,0.01668230733391563,0.006853298193160439,0.0002321410807793655,0.006110588729535816,,,0.0769525095015774,0.07511681620420242,,0,-0.0,0,0.255769,0,0,1,0,0.0035206597577773294,1,0.05436539682346528,1,0.06261556175844331,1
2023-01-11 00:00:00+00:00,14,4.8454,0.3622,1.0,71,417282.5145,-12745.5846,0.6378,50,266130.9695,7587.256864,125293.2096,25858.3354,-99434.8741,71,417282.5145,7,17447.616962328517,1335.2015566396856,-0.00018,26.1936,1.0656,0.329111,-0.342,2.3887,-0.092985,0.003987,-0.0106,0.2392,-0.288956,-0.088594,,0.835757,-0.018982000000000054,-0.016019000000000005,0.009971264921328648,-0.0004032857040880045,0.027522572660423347,0.014006903837237404,,97.2829103598061,0.003184334370040462,0.0004448185364833574,0.008129519738201998,0.006199962807158461,,93.58865185602818,0.07652629923745717,0.07545748090391798,,0,0.092985,0,0.329111,0,0,0,0,0.05084473706568795,1,0.059094902000665986,1,0.1401790357790396,1
2023-01-12 00:00:00+00:00,29,1.1505,0.3882,1.0,102,816527.5059,-23817.4733,0.6118,59,499537.6913,15226.178854,169584.4486,147405.3659,-22179.0827,102,816527.5059,14,18344.162818182987,1404.8450279041456,-0.000274,-14.829,0.9412,0.328484,-0.5714,-0.7559,-0.011797,0.00181,-0.0373,0.0739,-0.015208,-0.004679,,0.86351,0.027753000000000028,0.017920000000000047,0.0035206597577773294,0.0404581423701656,0.00335087805359633,0.020443105430100278,,98.11286517349855,0.00907466898199591,0.01668230733391563,0.00039778222105127636,0.017670929627722026,,96.57022579660452,0.0765826732911269,0.07577487461250094,,0,0.011797,0,0.328484,0,0,1,0,0.008250164934978035,1,0.08933429871335166,1,0.09022488279770415,1
2023-01-13 00:00:00+00:00,13,0.8727,0.1796,1.0,83,843533.3499,-12087.3735,0.8204,59,692050.4529,23863.733456,70594.8418,80888.0552,10293.2135,83,843533.3499,11,19064.17510687284,1416.4831733896642,0.000122,363.9498,1.8767,0.207317,2.0042,3.0288,-0.014945,-0.016703,0.0854,0.4435,-0.057304,-0.010947,,0.891813,0.028302999999999967,0.03707399999999994,0.05084473706568795,0.009971264921328648,0.0027456349554454257,0.01992586952132975,,99.0006644646848,0.050108345784547106,0.003184334370040462,-0.0003959845953130818,0.019080185387659796,,99.16313022543396,0.07430078487261726,0.07573285839572694,,0,0.014945,0,0.207317,0,0,1,0,0.08108413377837362,1,0.08197471786272614,1,0.0979963344344939,1
2023-01-14 00:00:00+00:00,31,1.9532,0.3812,1.0,107,938904.42,-28812.5102,0.6188,69,580990.483,18418.185649,236716.8522,121197.0848,-115519.7674,107,938904.42,7,20808.75495593243,1536.122363042164,-0.000114,-144.7124,1.2847,0.331205,-1.9513,5.0455,-0.041908,-0.001083,-0.0989,-0.018,-0.113229,-0.03498,,0.874581,-0.017231999999999914,0.03882400000000008,0.008250164934978035,0.0035206597577773294,0.0082549900268701,0.030592345853896193,,99.31113172128526,0.038499503621904546,0.00907466898199591,0.006853298193160439,0.03160978669220502,,99.47689633883158,0.07382096460337365,0.07560734894421091,,0,0.041908,0,0.331205,0,0,0,0,0.0008905840843525156,1,0.016912200656120313,1,0.022719664322601755,1
2023-01-15 00:00:00+00:00,12,1.8288,0.3981,1.0,58,192130.8082,-30177.7697,0.6019,34,115651.6828,4414.443074,49443.4148,27035.7106,-22407.7042,58,192130.8082,12,20786.44535946133,1537.4910185312438,0.000692,-456.0626,-0.144,0.252201,-2.7858,-1.9646,-0.047687,-0.001705,0.0162,0.0584,-0.192639,-0.043973,,0.801684,-0.0728970000000001,-0.06182600000000005,0.08108413377837362,0.05084473706568795,-0.0004032857040880045,0.03039771125663929,,99.83930226674958,0.08756288452604817,0.050108345784547106,0.0004448185364833574,0.03184551312922433,,99.36213135833974,0.07396603853825477,0.07551161093073981,,0,0.047687,0,0.252201,0,0,0,0,0.016021616571767785,1,0.021829080238249268,1,0.018308688729886245,1
2023-01-16 00:00:00+00:00,15,0.5321,0.2956,1.0,73,626820.0516,-22609.0123,0.7044,37,441559.2232,24297.760662,64344.3833,120916.4451,56572.0618,73,626820.0516,21,21040.846463111564,1562.322499175243,-0.000542,306.7123,0.8109,0.282617,2.1718,-0.6489,-0.002952,0.020811,-0.0324,-0.1004,0.019325,0.005062,,0.865974,0.06429000000000007,-0.025838999999999945,0.0008905840843525156,0.008250164934978035,0.0404581423701656,0.03011160016443572,,99.84209276628235,-0.0010727006212840069,0.038499503621904546,0.01668230733391563,0.0321842462277365,,99.37450208663299,0.07425188439610919,0.07520016492007377,,0,0.002952,0,0.282617,0,0,1,0,0.00580746366648147,1,0.0022870721581184895,1,-0.020183831257796415,0
2023-01-17 00:00:00+00:00,16,1.8844,0.3982,1.0,67,741508.0959,-40460.3882,0.6018,38,446208.1729,24425.193165,192923.2435,102376.6796,-90546.5639,67,741508.0959,13,21192.66751595022,1571.422027339437,-0.000119,74.6871,0.9983,0.387047,2.1335,0.6591,-0.029069,0.006982,0.0221,0.0129,-0.069717,-0.025825,,0.873063,0.007089000000000012,-0.0015180000000000193,0.016021616571767785,0.08108413377837362,0.009971264921328648,0.030482262835443173,,99.84436648509212,0.012164509326176392,0.08756288452604817,0.003184334370040462,0.031690920546393525,,99.39250295801985,0.07414932670258423,0.07479971023450331,,0,0.029069,0,0.387047,0,0,1,0,-0.003520391508362995,0,-0.025991294924277857,0,-0.0004976290140581603,0
2023-01-18 00:00:00+00:00,23,1.2062,0.3019,1.0,100,614012.0468,-28730.5339,0.6981,69,428655.5667,11082.426045,101341.1873,84015.2928,-17325.8945,100,614012.0468,8,21135.73517675431,1565.8997326013086,-9.3e-05,351.0671,1.8785,0.261315,-0.4989,0.5021,-0.040817,0.045849,-0.1053,-0.528,-0.146147,-0.035273,,0.849484,-0.023579000000000017,0.047800000000000065,0.00580746366648147,0.0008905840843525156,0.0035206597577773294,0.031365364376041927,,98.33122970565596,0.0071896317646090455,-0.0010727006212840069,0.00907466898199591,0.03320422731666741,,98.24022332750269,0.07408778164118607,0.07445135057789316,,0,0.040817,0,0.261315,0,0,0,0,-0.022470903415914876,0,0.0030227624943048627,1,0.054607814434445796,1
2023-01-19 00:00:00+00:00,12,3.8649,0.4776,1.0,67,620880.0636,-50506.8359,0.5224,52,324369.4057,18433.053192,235561.9271,60948.7308,-174613.1963,67,620880.0636,3,20842.961914485448,1531.1049501474502,0.00026,-557.7113,0.194,0.457943,-2.9995,-1.926,-0.060185,-0.045756,0.162,0.338,-0.13074,-0.057674,,0.864507,0.015023000000000009,-0.001466999999999996,-0.003520391508362995,0.016021616571767785,0.05084473706568795,0.03264234664236445,,89.61840408788221,-0.00269003174727413,0.012164509326176392,0.050108345784547106,0.0346946270937335,,92.7532455808455,0.07345908688166639,0.07400512394797022,0.8904276567461198,0,0.060185,0,0.457943,0,0,0,1,0.025493665910219725,1,0.0770787178503607,1,0.06361162146749513,1
2023-01-20 00:00:00+00:00,12,1.1799,0.4456,1.0,73,607671.3479,-55169.1226,0.5544,55,336874.3483,12044.203715,146569.8965,124227.1031,-22342.7934,73,607671.3479,6,21262.711818272783,1570.6402366822929,0.000719,14.1766,0.2322,0.429965,0.8915,-3.0387,0.014266,0.000386,-0.0024,0.3169,0.044574,0.018309,,0.863702,-0.0008050000000000557,-0.009361000000000064,-0.022470903415914876,0.00580746366648147,0.008250164934978035,0.032935582181683666,,90.47099499594687,-0.013948885013061872,0.0071896317646090455,0.038499503621904546,0.03357989809684598,,93.42588529121812,0.07386829347574159,0.07394333946270226,0.8952925712926194,0,-0.0,0,0.429965,0,0,0,0,0.051585051940140965,1,0.03811795555727544,1,0.0382985359699243,1
2023-01-21 00:00:00+00:00,12,1.1424,0.306,1.0,69,406517.9161,-39847.5572,0.694,44,282119.5288,11624.235372,66333.5986,58064.7887,-8268.8099,69,406517.9161,13,22886.41761582365,1653.7879470406704,-0.000268,-402.119,-0.9923,0.295225,-2.5737,-3.6611,-0.040994,0.01443,-0.0363,0.1094,-0.12339,-0.033751,,0.848887,-0.014815000000000023,-0.0005970000000000697,0.025493665910219725,-0.003520391508362995,0.08108413377837362,0.023598301173710014,,91.75998635588114,0.019938586530030934,-0.00269003174727413,0.08756288452604817,0.028640208311427932,,94.7310356475702,0.07226067333042296,0.0737204407094236,0.8955540321114055,0,0.040994,0,0.295225,0,0,0,0,-0.013467096382865536,0,-0.01328651597021663,0,-0.017660500714296364,0
2023-01-22 00:00:00+00:00,16,3.3335,0.3244,1.0,52,216365.8454,-42045.8973,0.6756,30,146175.7084,5125.63174,53993.1111,16197.0259,-37796.0851,52,216365.8454,6,22833.3116163972,1631.6655221228689,0.001823,-172.1074,-1.4329,0.284136,-1.1948,-2.0701,-0.0742,-0.010935,0.0258,0.2528,-0.262819,-0.0686,,0.830182,-0.01870499999999997,-0.03432500000000005,0.051585051940140965,-0.022470903415914876,0.0008905840843525156,0.02515011755357383,,88.16434787869025,0.07358869765261362,-0.013948885013061872,-0.0010727006212840069,0.028750630120223743,,94.0730593959587,0.07145987185455513,0.0733624168974665,0.9007471651341764,0,0.0742,0,0.284136,0,0,0,0,0.0001805804126488914,1,-0.0041934043314308,0,-0.04814368468881207,0
2023-01-23 00:00:00+00:00,16,1.7205,0.4604,1.0,56,521484.5143,-59212.4563,0.5396,36,281374.4943,15806.287628,151851.9355,88258.0845,-63593.8511,56,521484.5143,4,22837.42718689506,1631.9601955614835,-0.000628,321.7126,-0.4336,0.392324,1.1096,-3.1324,-0.022412,0.0273,0.0523,0.5466,-0.050241,-0.01886,,0.878349,0.04816700000000007,0.014647000000000077,-0.013467096382865536,0.025493665910219725,0.016021616571767785,0.025072332600175953,,86.53794840106914,-0.0023231118907317077,0.019938586530030934,0.012164509326176392,0.02919109334259528,,93.7688637544074,0.07145989704558144,0.07296356156167683,0.8984133162947152,0,0.022412,0,0.392324,0,0,0,1,-0.004373984744079705,0,-0.048324265101460935,0,-0.01433903834043436,0
2023-01-24 00:00:00+00:00,11,0.7699,0.397,1.0,73,557362.859,-42167.3603,0.603,53,336115.4625,9882.102565,96239.1441,125008.2523,28769.1082,73,557362.859,9,22989.457874946307,1624.837614948234,-0.001013,394.7784,0.776,0.345346,2.4491,-2.8168,0.038338,-0.012587,0.0654,0.9051,0.127252,0.041811,,0.872035,-0.006314000000000042,0.023148000000000057,0.0001805804126488914,0.051585051940140965,0.00580746366648147,0.02539417107024868,,84.75454086005175,0.0001802278928188854,0.07358869765261362,0.0071896317646090455,0.029206140234472898,,93.83502760909847,0.07067750896026855,0.07246758759848888,0.899623756808663,0,-0.0,0,0.345346,0,0,0,0,-0.043950280357381244,0,-0.009965053596354627,0,-0.024919834516470993,0
2023-01-25 00:00:00+00:00,9,0.9598,0.2136,1.0,78,675540.0794,-39269.7102,0.7864,62,531233.7413,8654.952471,70674.3409,73631.9972,2957.6563,78,675540.0794,7,22691.339184657587,1554.9720966107575,0.00016,-196.5321,0.1538,0.258682,-0.3893,-2.7072,-0.034366,0.004526,-0.044,0.6244,-0.129562,-0.031515,,0.886529,0.014494000000000007,0.056347000000000036,-0.004373984744079705,-0.013467096382865536,-0.003520391508362995,0.031467004759772446,,73.23215156274262,0.0066350242042350635,-0.0023231118907317077,-0.00269003174727413,0.030295005184892698,,89.94172078939397,0.0685271188252357,0.07167320719621026,0.8961955854632117,0,0.034366,0,0.258682,0,0,0,1,0.0339852267610266,1,0.019030445840910272,1,0.019984645160563044,1
2023-01-26 00:00:00+00:00,17,3.7271,0.2719,1.0,67,230198.9157,-19484.0137,0.7281,46,167600.8394,3588.769988,49355.6987,13242.3776,-36113.3212,67,230198.9157,4,23081.796374034348,1608.7264287697103,-0.000768,27.8701,0.2389,0.268026,0.4436,0.736,-0.085567,-0.0188,-0.0298,0.4342,-0.326201,-0.080222,,0.828166,-0.058363000000000054,-0.05018300000000009,-0.043950280357381244,0.0001805804126488914,-0.022470903415914876,0.03227155811033951,,71.78142778036273,-0.013052439620653748,0.0001802278928188854,-0.013948885013061872,0.02839201418825001,,88.81839592665189,0.06969676028246363,0.07113573196775272,0.8786668881709169,0,0.085567,0,0.268026,0,0,0,0,-0.014954780920116343,0,-0.014000581600463535,0,0.0010226733001264532,1
2023-01-27 00:00:00+00:00,19,1.0428,0.6832,1.0,61,503561.8345,-17322.2247,0.3168,31,159526.4513,13462.242383,175622.8266,168412.5566,-7210.2699,61,503561.8345,11,22992.31765168031,1584.84727625133,0.000469,13.6199,0.2782,0.532733,-1.6714,-1.8269,0.076327,0.00452,-0.0765,-0.037,0.153129,0.079106,,0.873633,0.045467000000000035,0.0015979999999999883,0.0339852267610266,-0.004373984744079705,0.025493665910219725,0.03204223596522753,,67.67084902437895,0.017060953138936887,0.0066350242042350635,0.019938586530030934,0.02906187528857086,,85.85057212197495,0.06892942678771259,0.07043017958374857,0.8705128420764751,1,-0.0,1,0.532733,0,0,1,0,0.000954199319652795,1,0.01597745422024282,1,0.011497060308816155,1
2023-01-28 00:00:00+00:00,17,2.7065,0.3833,1.0,69,215053.4021,-21562.8487,0.6167,39,132619.5125,3531.256581,60193.5339,22240.3557,-37953.1782,69,215053.4021,13,23041.141680149707,1586.3602581724454,0.00117,-555.9911,-1.4831,0.224886,-2.542,-1.7952,-0.075983,-0.003195,0.0803,0.4582,-0.355554,-0.071763,,0.811934,-0.06169899999999995,-0.07459499999999997,-0.014954780920116343,-0.043950280357381244,0.051585051940140965,0.02332442278069178,0.02418222023718107,56.77049460354313,-0.0038841261189302575,-0.013052439620653748,0.07358869765261362,0.009345194122166136,0.023017190795716326,78.9756832753271,0.06884903014763018,0.06994280198620674,0.8715379425165128,0,0.075983,0,0.224886,0,0,0,0,0.015023254900590012,1,0.010542860989163383,1,-0.004727173364294509,0
2023-01-29 00:00:00+00:00,20,3.1444,0.2994,1.0,56,207544.5202,-20756.101,0.7006,31,145411.6831,3939.453171,47140.844,14991.993,-32148.851,56,207544.5202,5,23432.74513098286,1610.372471874327,-0.000314,394.2132,-0.1992,0.281652,2.9708,2.3705,-0.117545,0.01366,-0.0076,0.4021,-0.436925,-0.112772,,0.82633,0.014395999999999964,-0.0018359999999999488,0.000954199319652795,0.0339852267610266,-0.013467096382865536,0.02426036361319601,0.02411519223568144,59.196929383754195,0.002121241700524877,0.017060953138936887,-0.0023231118907317077,0.010902414663093307,0.02289845106798811,81.26676199511516,0.06872316763882208,0.06955184424110201,0.8721320904973875,0,0.117545,0,0.281652,0,0,1,0,-0.004480393911426643,0,-0.019750428264884497,0,-0.01301212028662043,0
2023-01-30 00:00:00+00:00,11,1.3619,0.2731,1.0,74,759748.6329,-16213.9594,0.7269,51,552226.5117,24537.309367,119660.4907,87861.6305,-31798.8602,74,759748.6329,12,23339.25295372472,1603.1735079957975,-0.001372,-96.0453,-0.5063,0.305328,-0.0904,1.1705,0.003151,-0.013527,-0.0624,-0.001,0.021855,0.00634,,0.88854,0.06220999999999999,0.014907000000000004,0.015023254900590012,-0.014954780920116343,0.0001805804126488914,0.024258456376262498,0.024227629043540557,55.371884074736094,0.01685302204757727,-0.0038841261189302575,0.0001802278928188854,0.011236591619194002,0.0230012755640234,78.25380713894775,0.06869000953777085,0.06915614602570051,0.8714470168443903,1,-0.0,1,0.305328,0,0,1,0,-0.015270034353457867,0,-0.008531726375193761,0,0.04276426648899557,1
2023-01-31 00:00:00+00:00,17,1.0316,0.4442,1.0,67,520764.0709,-20837.4547,0.5558,43,289465.3174,10829.351324,117447.0561,113851.6974,-3595.3587,67,520764.0709,7,22968.51980215845,1578.8789548542584,0.000293,669.5252,1.6309,0.368325,3.8741,2.5956,0.022847,-0.002293,-0.0125,-0.0821,0.075493,0.026354,,0.858431,-0.03010899999999994,0.04649700000000001,-0.004480393911426643,0.000954199319652795,-0.004373984744079705,0.024740364384197834,0.02457742179640523,50.94792262339625,-0.003997789515311444,0.002121241700524877,0.0066350242042350635,0.013148523725462683,0.023443069574649755,70.92436422019132,0.06874099717587741,0.0688795014850732,0.8729355097399906,0,-0.0,1,0.368325,0,0,0,0,0.006738307978264091,1,0.058034300842453465,1,0.044254164540297104,1
2023-02-01 00:00:00+00:00,12,2.0885,0.115,1.0,72,544102.1563,-24409.0469,0.885,55,481556.7511,22195.201019,42294.4473,20250.9579,-22043.4894,72,544102.1563,5,23164.972998194324,1589.5538524955073,-0.000391,127.8704,1.8996,0.176793,-1.7937,1.1911,-0.053416,0.013036,0.0123,0.0002,-0.30828,-0.048213,,0.856718,-0.0017130000000000756,0.03038799999999997,-0.015270034353457867,0.015023254900590012,-0.043950280357381244,0.01748707205875431,0.024577289647812722,52.963852519943124,-0.016012045078187463,0.01685302204757727,-0.013052439620653748,0.012101136955078919,0.02343926345256127,73.13734222415447,0.06861885194597078,0.06889260621660678,0.8767789400477128,0,0.053416,0,0.176793,0,0,0,0,0.05129599286418936,1,0.03751585656203304,1,0.047699582531700147,1
2023-02-02 00:00:00+00:00,22,1.7846,0.2316,1.0,83,605349.3786,-24892.4541,0.7684,46,465173.2355,12466.883435,89836.6571,50339.486,-39497.1711,83,605349.3786,15,23847.64274031691,1673.2190967107704,-0.000275,188.0518,2.2529,0.26801,6.7926,7.5401,-0.096422,0.004806,0.0077,0.0518,-0.364443,-0.090372,,0.867037,0.010318999999999967,-0.02150300000000005,0.006738307978264091,-0.004480393911426643,0.0339852267610266,0.02294729750994921,0.025711517617648217,65.75134152825578,0.008516779094569878,-0.003997789515311444,0.017060953138936887,0.014943578134135596,0.023575487504861683,81.58160056836424,0.07016287164861038,0.06895919355462775,0.877755891017655,1,0.096422,0,0.26801,0,0,1,0,-0.013780136302156333,0,-0.0035964103324891833,0,-0.012831784865142293,0
2023-02-03 00:00:00+00:00,11,0.932,0.5201,1.0,69,631552.0258,-22211.7306,0.4799,45,303100.0518,16001.747454,158448.5898,170003.3841,11554.7943,69,631552.0258,13,23488.79157662177,1650.3200478632134,-0.000234,122.1612,2.3532,0.443091,1.2789,10.4904,0.064992,0.005197,0.1059,0.7629,0.161048,0.068626,,0.873156,0.006119000000000097,0.014724999999999988,0.05129599286418936,-0.015270034353457867,-0.014954780920116343,0.02277545671502562,0.02588504998510121,59.1627221802546,0.029044022327171317,-0.016012045078187463,-0.0038841261189302575,0.01654121878785818,0.024081850277044566,73.88516853571664,0.07025989576687144,0.06914926055165045,0.8707529678233331,1,-0.0,1,0.443091,0,0,1,0,0.010183725969667136,1,0.0009483514370140673,1,-0.009906665108418389,0
2023-02-04 00:00:00+00:00,15,1.4234,0.1422,1.0,56,423201.8365,-18292.1999,0.8578,33,363007.2845,25052.584687,35355.5075,24839.0444,-10516.4631,56,423201.8365,8,23392.843704066963,1667.2123221502727,0.000426,-633.2748,0.636,0.184829,-5.3472,7.6852,-0.04265,-0.025311,-0.1168,-0.0447,-0.238813,-0.039442,,0.8478,-0.025356000000000045,-0.008917999999999981,-0.013780136302156333,0.006738307978264091,0.000954199319652795,0.02271639634035635,0.02586071012915709,51.76798693908562,-0.015162022380698519,0.008516779094569878,0.002121241700524877,0.01676474806891219,0.024164609069826187,57.87647939914434,0.07127018601250346,0.06949513996091806,0.8851034978451723,0,0.04265,0,0.184829,0,0,0,0,-0.009235374532653082,0,-0.020090391078085496,0,-0.01479949564065789,0
2023-02-05 00:00:00+00:00,11,0.3965,0.2976,1.0,52,301244.5343,-8164.2153,0.7024,30,211589.8182,13471.729746,25453.8374,64200.8787,38747.0412,52,301244.5343,11,23209.348601069025,1651.8858736113318,9.1e-05,-276.2381,-0.1124,0.23115,-3.6018,1.1126,0.036934,0.007652,-0.0636,-0.4833,0.198658,0.041587,,0.824653,-0.02314700000000003,-0.04238399999999998,0.010183725969667136,0.05129599286418936,0.015023254900590012,0.023152681706208555,0.026061210411422616,52.7441972600218,-0.004093202207728732,0.029044022327171317,0.01685302204757727,0.015726869744349687,0.02432395632056439,55.65260077804254,0.07117329753646105,0.06984515851772363,0.8787041447110195,0,-0.0,1,0.23115,0,0,0,0,-0.010855016545432429,0,-0.005564121108004781,0,0.009634061182038139,1
2023-02-06 00:00:00+00:00,16,4.4058,0.4099,1.0,66,356948.1525,-16791.0561,0.5901,43,210626.2949,7336.405011,119254.302,27067.5556,-92186.7464,66,356948.1525,7,22912.04584763624,1634.0515959312197,0.000151,425.6743,1.0305,0.337586,2.9642,4.1672,-0.068675,0.008964,0.0771,0.0624,-0.202551,-0.064188,,0.837773,0.01312000000000002,-0.03538300000000005,-0.009235374532653082,-0.013780136302156333,-0.004480393911426643,0.023645255954893196,0.026316256407443065,50.272396812567195,-0.007874996527700186,-0.015162022380698519,-0.003997789515311444,0.016322742540522916,0.024696485451817796,51.037549758584284,0.07131844998903926,0.07022065001076197,0.8811203009011688,0,0.068675,0,0.337586,0,0,0,1,0.0052908954374276335,1,0.020489077727470596,1,-0.0071779686138677724,0
2023-02-07 00:00:00+00:00,31,0.5624,0.5213,1.0,96,395957.2858,-8020.0112,0.4787,52,189561.5126,7265.276087,74296.9088,132098.8644,57801.9556,96,395957.2858,13,23017.661454675388,1642.7201039274894,-0.000649,768.4621,2.7725,0.281599,7.5321,7.8252,0.027003,0.004569,0.1055,0.8035,0.124674,0.032086,,0.80699,-0.030783000000000005,-0.04081000000000001,-0.010855016545432429,0.010183725969667136,-0.015270034353457867,0.022274588408822394,0.026270190371256878,52.31900322472425,-0.012892362641706526,-0.004093202207728732,-0.016012045078187463,0.015337638913542262,0.024652311967583995,50.39508243481205,0.07136781063368265,0.07059590907616271,0.8836344314588717,0,-0.0,1,0.281599,0,0,0,0,0.015198182290042949,1,-0.012468864051295377,0,-0.06554959662205695,0
2023-02-08 00:00:00+00:00,10,0.6414,0.1912,1.0,74,640397.545,-1049.2233,0.8088,56,517963.9681,18050.077139,47840.7753,74592.8016,26752.0263,74,640397.545,8,23116.687467426087,1667.8771499649852,-0.000404,220.3602,2.9046,0.213638,3.1753,12.7943,-0.014646,-0.010167,-0.0091,0.7238,-0.058033,-0.011426,,0.862039,0.055049000000000015,0.03738600000000003,0.0052908954374276335,-0.009235374532653082,0.006738307978264091,0.022570220915876488,0.025614055074386265,66.91087131257578,0.0045990187788478975,-0.007874996527700186,0.008516779094569878,0.015040963135695884,0.024643747569918748,56.34250815327543,0.07215035252413238,0.07110040915875723,0.8830986818587154,1,0.014646,1,0.213638,0,0,1,0,-0.02766704634133834,0,-0.08074777891209987,0,-0.09157468066653188,0
2023-02-09 00:00:00+00:00,26,4.2086,0.4859,1.0,98,558576.9365,-19292.0241,0.5141,53,287162.5154,8694.96967,219305.5989,52108.8221,-167196.7768,98,558576.9365,19,22587.65804218472,1622.3644201327654,0.000628,192.5379,2.9224,0.388424,-1.1671,4.8346,-0.046487,-0.018882,0.014,0.8089,-0.121856,-0.044385,,0.825936,-0.036102999999999996,-0.011836999999999986,0.015198182290042949,-0.010855016545432429,0.05129599286418936,0.01519362341726015,0.026416564582586496,52.100703250344225,0.004292947322192869,-0.012892362641706526,0.029044022327171317,0.010242838994018247,0.025346101381394735,42.90446741965345,0.0718252603746186,0.0713378932624727,0.8921272175933265,0,0.046487,0,0.388424,0,0,0,0,-0.05308073257076155,0,-0.0639076343251935,0,-0.05543818181158877,0
2023-02-10 00:00:00+00:00,5,1.2341,0.6966,1.0,94,1241565.9902,-33887.1927,0.3034,30,376706.9897,27090.156796,477735.1932,387123.8073,-90611.3859,94,1241565.9902,59,21786.505357445923,1538.4937774447026,-0.000232,-1056.5539,0.7916,0.475761,-7.6528,-4.0972,-0.054664,-0.019325,-0.1033,0.0555,-0.113657,-0.052725,,0.912655,0.08671899999999999,0.10566500000000001,-0.02766704634133834,0.0052908954374276335,-0.013780136302156333,0.023963613083537585,0.028577750807801155,43.791305567964244,-0.023151105128032146,0.0045990187788478975,-0.015162022380698519,0.014810552358129588,0.026645318098805968,35.41890911962369,0.07061682230366952,0.07138888276772956,0.9003445671777205,1,0.054664,0,0.475761,0,0,0,1,-0.010826901754431965,0,-0.0023574492408271978,0,-0.026576903189709365,0
2023-02-11 00:00:00+00:00,10,1.3166,0.3313,1.0,47,393801.8932,-34932.1108,0.6687,34,263331.8145,20735.320597,74150.4843,56319.5944,-17830.8899,47,393801.8932,3,21719.1948889078,1521.926504421998,0.001281,-772.6409,-0.7486,0.325601,-6.5048,-5.2548,0.02067,-0.004949,-0.0315,-0.1748,0.074873,0.023089,,0.865476,-0.04717899999999997,0.0034370000000000234,-0.05308073257076155,0.015198182290042949,0.010183725969667136,0.02226646582578804,0.02733690348993923,41.67116356951176,-0.036112894958623534,0.004292947322192869,-0.004093202207728732,0.014889949481392911,0.025448599091374324,34.090990264034346,0.07007287849326589,0.0712178388364099,0.9095381423152101,0,-0.0,1,0.325601,0,0,0,0,0.008469452513604753,1,-0.01575000143527737,0,0.0007503424902011342,1
2023-02-12 00:00:00+00:00,12,1.0922,0.2331,1.0,46,180770.1707,-40732.5404,0.7669,27,138636.2237,6207.522508,21994.9564,20138.9906,-1855.9658,46,180770.1707,7,21889.37675621623,1534.8711282406157,0.000249,-84.7783,-0.9013,0.230123,-0.9761,-2.6291,-0.006468,0.018819,0.0094,-0.1037,-0.018863,-0.003856,,0.801734,-0.06374200000000008,-0.024202000000000057,-0.010826901754431965,-0.02766704634133834,-0.009235374532653082,0.02372638520537681,0.027338476748761473,40.09393781637169,-0.003094331173361867,-0.023151105128032146,-0.007874996527700186,0.016465166619332856,0.02468714264402956,30.715104141698774,0.07011945316372414,0.07106728964030463,0.9005791233671875,0,0.006468,1,0.230123,0,0,0,0,-0.024219453948882134,0,-0.007719110023403586,0,0.02691633212922629,1
2023-02-13 00:00:00+00:00,25,0.9829,0.512,1.0,95,768294.2369,-27078.9657,0.488,57,374899.5881,13927.31575,195003.1861,198391.4628,3388.2767,95,768294.2369,13,21693.175621704675,1498.1439391399026,-0.001091,757.4482,0.6231,0.44192,7.1776,1.5842,0.05615,0.030543,-0.0276,-0.3084,0.13737,0.05811,,0.87463,0.07289600000000007,-0.038024999999999975,0.008469452513604753,-0.05308073257076155,-0.010855016545432429,0.02429108255593831,0.023400709862149347,37.074545740696536,0.007805012859577484,-0.036112894958623534,-0.012892362641706526,0.01635216379053357,0.0191786571109955,29.86867542098088,0.06906060990171325,0.07074474105640093,0.9195854767207637,1,-0.0,1,0.44192,0,0,1,0,0.016500343925478535,1,0.05113578607810846,1,0.12072664904072784,1
2023-02-14 00:00:00+00:00,30,0.907,0.4223,1.0,96,602358.4215,-33563.3457,0.5777,55,347957.6317,14735.253356,120994.7471,133406.0426,12411.2956,96,602358.4215,11,21916.865714035768,1523.0688990852589,0.000821,3023.2864,4.7469,0.295687,-0.2738,-6.2218,0.007281,0.016487,0.0224,-0.1363,0.030099,0.008325,,0.847169,-0.02746100000000007,-0.018307000000000073,-0.024219453948882134,-0.010826901754431965,0.0052908954374276335,0.025963968720352126,0.023612972387742976,43.16709413068077,-0.009003715902634457,-0.003094331173361867,0.0045990187788478975,0.01718657988753815,0.01924002012905387,36.6777135153294,0.0694930068449464,0.07047691194372431,0.8852105027873791,0,-0.0,1,0.295687,0,0,0,0,0.03463544215262991,1,0.10422630511524934,1,0.09253044472049642,1
2023-02-15 00:00:00+00:00,24,4.422,0.3622,1.0,103,664610.7469,-59089.1566,0.6378,64,423885.6049,13361.193607,196326.8959,44398.2461,-151928.6498,103,664610.7469,15,22629.940533748,1576.7452501088412,-0.00197,-1586.9232,2.2708,0.350035,14.0567,4.6597,-0.085475,0.018128,0.1099,0.6997,-0.243577,-0.079599,,0.818276,-0.028892999999999947,0.016542000000000057,0.016500343925478535,0.008469452513604753,0.015198182290042949,0.029942758639238166,0.024291810128250182,48.610997047622305,0.010258740751950548,0.007805012859577484,0.004292947322192869,0.022573330933661047,0.019938771669390898,44.14059211875269,0.06967518309460174,0.07012331631093423,0.886002044931199,0,0.085475,0,0.350035,0,0,0,0,0.06959086296261942,1,0.057895002567866546,1,0.07203271600794633,1
2023-02-16 00:00:00+00:00,36,1.3686,0.5183,1.0,120,632771.6593,-42494.8678,0.4817,69,304829.9497,11280.841117,189489.2326,138452.4771,-51036.7555,120,632771.6593,15,24616.19354841772,1690.380441751153,0.00015,124.6105,2.2814,0.38829,0.6365,6.4632,-0.004449,-0.029905,-0.0118,0.6002,0.004231,0.001536,,0.807355,-0.010920999999999959,-0.06727499999999997,0.03463544215262991,-0.024219453948882134,-0.02766704634133834,0.040139155818912906,0.02738433051188801,51.64832555971458,0.03201736752232469,-0.009003715902634457,-0.023151105128032146,0.037875744108707345,0.02490296276626157,56.23193929081865,0.06866944876860571,0.06967248608150381,0.8933625870985247,0,0.004449,1,0.38829,0,0,0,0,-0.011695860394752889,0,0.002441853045326948,1,0.0022187512932424305,1
2023-02-17 00:00:00+00:00,22,1.5563,0.4706,1.0,84,275587.8288,-33582.4013,0.5294,41,145887.0116,4431.988569,78962.4688,50738.3483,-28224.1205,84,275587.8288,21,23995.983072548708,1670.725154894498,0.000225,-430.3385,1.6468,0.312734,-8.057,6.0591,-0.039144,-0.019833,-0.0134,0.4897,-0.111261,-0.031503,,0.784929,-0.022426000000000057,-0.06223999999999996,0.06959086296261942,0.016500343925478535,-0.05308073257076155,0.03228998088002559,0.027486102821073756,51.9984625194147,0.08413066881664748,0.010258740751950548,-0.036112894958623534,0.035772646159504914,0.02548767925801803,54.033139454098375,0.0696252014282257,0.06953082595644042,0.9111432755912816,0,0.039144,0,0.312734,0,0,0,0,0.014137713440079823,1,0.013914611687995354,1,0.01564389572228382,1
2023-02-18 00:00:00+00:00,15,0.5985,0.3625,1.0,65,305183.1282,-27065.6027,0.6375,38,194563.0606,10604.205466,41416.6838,69203.3838,27786.7,65,305183.1282,12,24612.204546094614,1694.513146055412,0.000679,-889.3323,0.4866,0.246869,-5.1847,7.3792,0.017042,0.010441,-0.0439,0.1434,0.102168,0.022651,,0.785064,0.00013499999999999623,-0.03321200000000002,-0.011695860394752889,0.03463544215262991,-0.010826901754431965,0.030717406753814964,0.02716565253364527,52.60795345872243,-0.025518056334175858,0.03201736752232469,-0.003094331173361867,0.0351440354388209,0.025531128016230194,58.87993810615711,0.06884849111674932,0.06935591347408089,0.9056044112201073,0,-0.0,1,0.246869,0,0,0,1,-0.00022310175208448265,0,0.0015061822822040314,1,-0.0062359005143819615,0
2023-02-19 00:00:00+00:00,23,11.8738,0.5575,0.9483,57,250554.1535,-44573.1253,0.4425,39,116910.2678,8641.281343,135849.7587,11441.1347,-124408.624,71,264201.1611,9,24643.513909693287,1694.1351393721416,9.2e-05,-229.2587,0.1849,0.430825,-1.6677,6.6876,-0.055243,0.004126,0.1013,0.9307,-0.122519,-0.049296,,0.74913,-0.03593400000000002,-0.05822500000000008,0.014137713440079823,0.06959086296261942,0.008469452513604753,0.031213409089891283,0.026847680599976217,54.17584805660624,0.02535599530898555,0.08413066881664748,0.007805012859577484,0.03554023934155416,0.025395245178747045,60.72590840956738,0.06874568073288323,0.06915966026967504,0.9026608871859239,0,0.055243,0,0.430825,0,0,0,0,0.0017292840342885002,1,-0.006012798762297444,0,-0.035679667242123625,0
2023-02-20 00:00:00+00:00,18,1.3559,0.3061,1.0,87,439960.009,-47964.1233,0.6939,63,305276.4617,10553.156105,77516.128,57167.4193,-20348.7086,87,439960.009,6,24664.570973082,1697.0673147719335,2.2e-05,672.6962,1.0516,0.227776,5.1547,4.6647,-0.031868,0.006082,-0.0427,0.5842,-0.134911,-0.027407,,0.789454,0.040324000000000026,0.004525000000000001,-0.00022310175208448265,-0.011695860394752889,-0.024219453948882134,0.027184346413783724,0.025198405291949597,56.45133976473107,0.0012712987972606827,-0.025518056334175858,-0.009003715902634457,0.03452206953822232,0.021835777039671343,63.77843388060392,0.06880587205932144,0.06912326914933335,0.9021049521914615,0,0.031868,0,0.227776,0,0,0,1,-0.007742082796585958,0,-0.03740895127641209,0,-0.024402748071859215,0
2023-02-21 00:00:00+00:00,12,1.1228,0.3193,1.0,92,405197.337,-50806.1468,0.6807,75,275799.465,6092.222716,68440.3705,60957.5015,-7482.869,92,405197.337,5,24699.43413528521,1683.9792090833896,-0.000118,132.3304,1.1981,0.248444,1.8288,6.7674,-0.027374,-0.00939,-0.0661,0.0554,-0.099223,-0.022367,,0.813721,0.02426700000000004,0.028657000000000044,0.0017292840342885002,0.014137713440079823,0.016500343925478535,0.028870982713195763,0.02510766757591871,54.19423730570362,0.0008541019071762371,0.02535599530898555,0.010258740751950548,0.03502539320588078,0.021818003075813257,63.34169447443206,0.06817885785803021,0.06893553357977392,0.8993122223924684,0,0.027374,0,0.248444,0,0,1,0,-0.029666868479826147,0,-0.01666066527527322,0,-0.03032769867140559,0
2023-02-22 00:00:00+00:00,22,4.193,0.2749,1.0,89,734136.2311,-46830.8076,0.7251,58,532302.7636,24080.427828,162967.3717,38866.0959,-124101.2758,89,734136.2311,9,24036.03903193385,1634.7545996287206,0.000463,359.3166,1.6138,0.264275,2.2304,-5.0589,-0.064384,-0.001349,0.0033,0.0813,-0.250626,-0.061436,,0.84363,0.029908999999999963,0.09450000000000003,-0.007742082796585958,-0.00022310175208448265,0.03463544215262991,0.03145414005962875,0.025727112079096157,46.76661656609375,0.0014124934929034872,0.0012712987972606827,0.03201736752232469,0.03785621421558551,0.02248712567403503,56.78934025430262,0.0680126454053771,0.06869802819559896,0.8994936296354011,1,0.064384,0,0.264275,0,0,0,1,0.013006203204552912,1,-0.000660830191579408,0,-0.02311527197171614,0
2023-02-23 00:00:00+00:00,19,1.0492,0.5878,1.0,80,454855.3191,-40456.9124,0.4122,49,187495.1883,9826.472102,136889.8097,130470.321,-6419.4886,80,454855.3191,12,24133.74461189653,1656.1554201696788,-0.000717,236.7926,1.8421,0.408548,2.8949,-2.8005,-0.005644,0.010323,-0.1644,-1.2301,-0.006003,-0.002334,,0.839818,-0.0038120000000000376,0.050363999999999964,-0.029666868479826147,0.0017292840342885002,0.06959086296261942,0.015216010149546318,0.025819414521922154,53.487750206005764,-0.027226003503783725,0.0008541019071762371,0.08413066881664748,0.018258249875944214,0.02247255667354117,62.34671772958977,0.068624055106363,0.06869154338670715,0.9046081958057012,0,0.005644,1,0.408548,0,0,0,0,-0.013667033396132334,0,-0.03612147517626902,0,-0.029754690306930405,0
2023-02-24 00:00:00+00:00,20,10.8128,0.4275,1.0,87,514111.1941,-62509.123,0.5725,60,294307.0163,13807.107644,201196.8865,18607.2913,-182589.5951,87,514111.1941,7,23669.13657531369,1633.674661300689,0.000587,-742.7236,0.89,0.300621,-6.2826,-1.0262,-0.16583,0.006814,-0.0743,-1.7644,-0.575612,-0.161746,,0.846154,0.006336000000000008,0.032432999999999934,0.013006203204552912,-0.007742082796585958,-0.011695860394752889,0.015422285982506919,0.02457828574004991,61.71915509699859,0.0040567221426651414,0.0014124934929034872,-0.025518056334175858,0.01710744885333373,0.022645920424039057,66.4810677996505,0.06902130359096285,0.06860527226709817,0.9051553432087505,1,0.16583,0,0.300621,0,0,1,0,-0.0224544417801367,0,-0.016087656910798036,0,0.0022073957754965984,1
2023-02-25 00:00:00+00:00,10,5.1985,0.1019,0.9694,57,314542.8699,-69676.7938,0.8981,53,291422.9858,11039.825128,27719.0873,5332.0918,-22386.9955,67,324474.1648,4,23054.93672228316,1597.4001943096976,0.000662,-975.3886,-0.3405,0.134415,-7.8103,-3.6518,-0.047816,0.000676,-0.0269,-1.897,-0.386894,-0.044161,,0.826792,-0.01936199999999999,-0.01683800000000002,-0.013667033396132334,-0.029666868479826147,0.014137713440079823,0.014751634533591934,0.024174277229231694,59.038767724195445,-0.01943910724272922,-0.027226003503783725,0.02535599530898555,0.014264640592273276,0.022993081577926212,60.865716616559844,0.06928668742628867,0.0686678717398895,0.9221166949178675,0,0.047816,0,0.134415,0,0,0,0,0.00636678486933865,1,0.02466183755563333,1,0.01974326271096258,1
2023-02-26 00:00:00+00:00,15,1.4687,0.3869,1.0,56,410613.7578,-56213.5046,0.6131,35,251735.7147,12465.23919,94521.8212,64356.2219,-30165.5993,56,410613.7578,6,23253.73938047085,1607.6029425839588,0.000336,-54.248,-0.4056,0.344338,-0.6262,-2.6104,0.009124,-0.008216,-0.0269,-2.0125,0.033272,0.010876,,0.849197,0.022405000000000008,0.009379000000000026,-0.0224544417801367,0.013006203204552912,-0.00022310175208448265,0.015551352197432776,0.024039661603085155,58.71453446194513,-0.02629202425193775,0.0040567221426651414,0.0012712987972606827,0.015394493738522612,0.023033850800072888,60.97669022947274,0.06913309366209158,0.06872321644406212,0.9283172864132633,1,-0.0,1,0.344338,0,0,0,1,0.018295052686294666,1,0.013376477841623966,1,0.023976095713441607,1
2023-02-27 00:00:00+00:00,14,0.7121,0.4619,1.0,79,735700.9306,-45142.5187,0.5381,55,395861.1895,15973.487354,141345.7744,198493.9666,57148.1922,79,735700.9306,10,23460.485532043207,1637.284810895162,-0.000879,250.6357,-0.0831,0.399292,1.4194,-6.3457,0.070909,-0.023133,0.1037,-1.2048,0.194571,0.074508,,0.876016,0.026819000000000037,0.029862000000000055,0.00636678486933865,-0.013667033396132334,0.0017292840342885002,0.018219626834919386,0.024259053467880612,67.09828826087988,0.008586031656576107,-0.01943910724272922,0.0008541019071762371,0.01644721630445579,0.023084147716475382,64.22598855132321,0.06978904203235255,0.06886366929735228,0.9313327933386253,1,-0.0,1,0.399292,0,0,1,0,-0.004918574844670714,0,0.005681043027146976,1,0.00362258125317366,1
2023-02-28 00:00:00+00:00,11,1.4254,0.1635,1.0,91,348665.9505,-45502.0673,0.8365,72,291647.5855,4969.861196,33509.037,23509.328,-9999.7089,91,348665.9505,8,23379.49532054036,1629.2514754869117,-0.00057,122.2468,0.0746,0.173282,0.9077,-7.2668,-0.02625,0.000897,0.1897,0.2183,-0.15046,-0.022279,,0.802635,-0.07338100000000003,-0.024156999999999984,0.018295052686294666,-0.0224544417801367,-0.007742082796585958,0.018183203052654282,0.024135960944833897,63.580293879053784,0.008851586507018915,-0.02629202425193775,0.0014124934929034872,0.016124460683272286,0.02288808143446648,62.03169694446729,0.06968719611562836,0.06907914619129488,0.929907367866275,0,0.02625,0,0.173282,0,0,0,0,0.010599617871817676,1,0.008541156097844409,1,-0.03438538047459717,0
2023-03-01 00:00:00+00:00,18,2.6991,0.1204,1.0,81,455708.4835,-31374.5707,0.8796,56,400826.4309,26265.399547,40045.426,14836.6265,-25208.7995,81,455708.4835,7,23604.032148913506,1646.6127675273228,0.000293,694.2334,0.9658,0.169757,4.1323,-5.3649,-0.045056,-0.014708,-0.0379,-0.0683,-0.273111,-0.040287,,0.821803,0.019167999999999963,-0.02739400000000003,-0.004918574844670714,0.00636678486933865,-0.029666868479826147,0.015080216848413541,0.024188037863314766,59.67398816504637,-0.003458169313552119,0.008586031656576107,-0.027226003503783725,0.014685610249815764,0.022941733494450355,58.56543274739494,0.0697598087114585,0.0693287409493065,0.9291549147506595,0,0.045056,0,0.169757,0,0,0,1,-0.002058461773973281,0,-0.044984998346414805,0,-0.04866575963095378,0
2023-03-02 00:00:00+00:00,26,1.544,0.5207,1.0,84,385121.8464,-36584.3276,0.4793,45,184571.193,9409.26437,121719.2204,78831.433,-42887.7874,84,385121.8464,13,23437.540401946044,1643.22676426359,-0.000263,-367.0131,0.4816,0.355144,-2.0804,-10.3402,-0.005785,0.007171,-0.1082,-0.8813,0.00153,0.000505,,0.811694,-0.010108999999999924,-0.06432199999999999,0.010599617871817676,0.018295052686294666,0.013006203204552912,0.014131772681799958,0.024003212153975433,40.9646222357925,0.009558181342103783,0.008851586507018915,0.0040567221426651414,0.014446659743041991,0.022779082981198996,35.48000439667537,0.0701108877502842,0.06954114561272381,0.9294891465836528,0,0.005785,1,0.355144,0,0,0,0,-0.04292653657244154,0,-0.046607297856980465,0,-0.04563984742108767,0
2023-03-03 00:00:00+00:00,20,0.8633,0.4345,1.0,90,541068.7871,-8036.1521,0.5655,58,305965.5862,10203.690758,108927.7836,126175.4173,17247.6338,90,541068.7871,12,22457.68403957032,1574.1812744553783,-3.9e-05,210.8335,0.7495,0.339363,1.2545,-2.8031,0.047628,-0.000689,0.1017,-0.1032,0.158275,0.050285,,0.842668,0.030973999999999946,0.040032999999999985,-0.002058461773973281,-0.004918574844670714,-0.013667033396132334,0.021080490228647438,0.025295357234113587,34.1520077778093,-0.007078523659734828,-0.003458169313552119,-0.01943910724272922,0.020109064082697588,0.024054941232729363,32.20389897702,0.07009544135012673,0.06969459386403294,0.9277696835030214,1,-0.0,1,0.339363,0,0,0,1,-0.0036807612845389352,0,-0.0027133108486460914,0,-0.004575474376684889,0
2023-03-04 00:00:00+00:00,5,1.4403,0.2495,1.0,52,228490.3629,-6307.3383,0.7505,39,171485.6285,5155.424847,33645.0168,23359.7176,-10285.2993,52,228490.3629,8,22343.42955493706,1568.397739401086,0.000343,-661.1085,-0.1217,0.198504,-3.6284,1.3788,-0.007899,-0.000738,0.0535,0.3063,-0.027052,-0.00466,,0.79219,-0.05047800000000002,-0.029613,-0.04292653657244154,0.010599617871817676,-0.0224544417801367,0.019682059777133918,0.023342798470191207,28.193530409239713,-0.042706198441929535,0.009558181342103783,-0.02629202425193775,0.01832551347460165,0.02338108535489214,20.851294614206125,0.07019503140933567,0.06982435729018252,0.9352763271585944,0,0.007899,1,0.198504,0,0,0,0,0.00096745043589283,1,-0.0008947130921459193,0,-0.001704370506357735,0
2023-03-05 00:00:00+00:00,6,0.7326,0.2796,1.0,51,126820.422,-1216.123,0.7204,35,91361.1601,2297.078114,14993.1768,20466.0851,5472.9083,51,126820.422,10,22432.495889744063,1569.9158206935217,-0.000101,261.0118,0.2235,0.199749,1.7115,3.7165,-0.000807,-0.001381,0.015,0.4186,0.014362,0.002473,,0.768153,-0.024036999999999975,-0.04354100000000005,-0.0036807612845389352,-0.002058461773973281,0.00636678486933865,0.01937468315963916,0.023244651764410665,28.618954856891165,-0.0051005309093618695,-0.007078523659734828,0.008586031656576107,0.017854746939430545,0.023275297375460156,22.122111190238797,0.06998400126359873,0.06994591551896924,0.9415339393344309,0,0.000807,1,0.199749,0,0,0,0,-0.0018621635280387631,0,-0.0026718209422505303,0,-0.008046100104170617,0
2023-03-06 00:00:00+00:00,14,1.1836,0.4707,1.0,75,522362.5624,-12332.7141,0.5293,57,276504.191,11348.98758,133263.1585,112595.213,-20667.9455,75,522362.5624,4,22431.82204295643,1566.995100982999,-0.000436,853.0216,1.3371,0.397004,9.7987,12.0959,0.044929,0.004921,0.0063,0.4635,0.130689,0.049384,,0.856329,0.08817600000000003,0.013661000000000034,0.00096745043589283,-0.04292653657244154,0.018295052686294666,0.01696252210584271,0.02313671007313833,27.627263831439237,0.003978318768117106,-0.042706198441929535,0.008851586507018915,0.01698966687663683,0.02327171190449342,21.72169030398284,0.06985589926588393,0.06995546655233087,0.940807917798668,1,-0.0,1,0.397004,0,0,1,0,-0.0008096574142117811,0,-0.0061839365761318195,0,-0.03008854693210479,0
2023-03-07 00:00:00+00:00,16,0.5863,0.3569,1.0,78,318989.8465,-6662.7603,0.6431,52,205145.6101,6611.521017,42077.1346,71767.1019,29689.9673,78,318989.8465,10,22355.921404127832,1565.7268852608668,-0.00022,-193.8801,1.0621,0.240325,-3.3235,7.8647,0.01234,0.00927,0.0343,0.7246,0.07645,0.016535,,0.804714,-0.051614999999999966,0.01252400000000009,-0.0018621635280387631,-0.0036807612845389352,-0.004918574844670714,0.01708765457379008,0.023097792589296343,28.745458493039067,-3.0039319384796047e-05,-0.0051005309093618695,-0.003458169313552119,0.016991676236286335,0.0232430566828637,20.636628756854478,0.07003633878278748,0.07000534407621074,0.9473704300052483,0,-0.0,1,0.240325,0,0,0,0,-0.005374279161920052,0,-0.029278889517892974,0,-0.10140038446603741,0
2023-03-08 00:00:00+00:00,19,3.668,0.2512,1.0,73,474031.0585,-12782.2609,0.7488,47,354977.8492,11701.008993,93549.2563,25503.953,-68045.3033,73,474031.0585,7,22081.919795112248,1557.3348027840884,0.000271,84.7832,1.1547,0.224641,-0.7361,2.9963,-0.073517,0.008401,-0.0393,0.4113,-0.334895,-0.069053,,0.851564,0.04684999999999995,0.08341100000000001,-0.0008096574142117811,0.00096745043589283,0.010599617871817676,0.01554828481667939,0.023045199556632326,33.49622911797131,-0.0033893518917117887,0.003978318768117106,0.009558181342103783,0.015516511250923183,0.023233601178844678,22.621434525362872,0.07052533553395111,0.07011470505085256,0.9469126896869462,1,0.073517,0,0.224641,0,0,0,1,-0.023904610355972935,0,-0.09602610530411733,0,-0.07298099005086976,0
2023-03-09 00:00:00+00:00,22,1.4125,0.5419,1.0,95,535592.3716,-13745.4103,0.4581,51,245350.2711,7954.131293,169935.9671,120306.1334,-49629.8337,95,535592.3716,22,21455.31462552316,1520.5487509531802,-0.000516,324.9625,1.5464,0.38208,2.2821,7.3588,-0.00308,0.005124,-0.0622,-0.0821,0.002814,0.001017,,0.84802,-0.0035439999999999916,-0.00830900000000001,-0.005374279161920052,-0.0018621635280387631,-0.002058461773973281,0.01633792051717772,0.023358366571667115,22.94632662785763,-0.012332060879632735,-3.0039319384796047e-05,-0.007078523659734828,0.017041056126107644,0.023738840189071,17.247425591184182,0.07087049421052727,0.0702232202594587,0.9452139753322929,0,0.00308,1,0.38208,0,0,0,0,-0.0721214949481444,0,-0.049076379694896796,0,-0.022700722628666174,0
2023-03-10 00:00:00+00:00,26,1.0201,0.4103,1.0,112,745497.3024,-16645.014,0.5897,71,439619.48,8802.367244,154463.707,151414.1153,-3049.5917,112,745497.3024,15,19995.00545969552,1414.7456964520754,0.000454,-513.8807,0.8615,0.336398,-1.2426,4.8617,0.021796,-0.002488,0.047,0.2914,0.074617,0.023393,,0.850598,0.002577999999999969,0.045883999999999925,-0.023904610355972935,-0.0008096574142117811,-0.04292653657244154,0.026430441862911408,0.026319829601705272,16.746290313342456,-0.02878678209736497,-0.0033893518917117887,-0.042706198441929535,0.02606287344559274,0.02675301492606375,13.429774312710748,0.07075495424613998,0.07031743638746059,0.9463922237862599,1,-0.0,1,0.336398,0,0,0,1,0.023045115253247598,1,0.049420772319478265,1,0.1398989311994714,1
2023-03-11 00:00:00+00:00,30,2.2577,0.5329,1.0,184,2091390.9372,-76644.0803,0.4671,138,976906.4839,31346.067754,772381.6083,342102.8451,-430278.7632,184,2091390.9372,16,20258.42187256559,1447.727246255862,-0.000797,6104.6385,6.0715,0.512988,30.6305,39.1207,0.032719,0.029289,0.1626,1.561,0.074695,0.036158,,0.846103,-0.004494999999999916,-0.005460999999999938,-0.0721214949481444,-0.005374279161920052,-0.0036807612845389352,0.03006190941445401,0.026474219714284392,27.323960469506332,-0.07048986742245614,-0.012332060879632735,-0.0051005309093618695,0.028217210758759787,0.026715632463567198,20.264659442126757,0.0714629824259118,0.07049857224697147,0.9609329298786059,0,-0.0,1,0.512988,0,0,0,0,0.026375657066230653,1,0.11685381594622384,1,0.16358319347136624,1
2023-03-12 00:00:00+00:00,19,2.2038,0.3354,1.0,99,858632.0776,-92882.647,0.6646,72,570676.2769,16405.691814,198076.4297,89879.371,-108197.0587,99,858632.0776,8,20652.88779384437,1486.4200343750342,0.001203,-6880.447,-0.1937,0.340535,-40.8895,-3.4803,-0.035861,-0.048067,-0.2426,-0.3672,-0.102456,-0.032778,,0.865617,0.01951399999999992,0.017596999999999974,0.023045115253247598,-0.023904610355972935,0.00096745043589283,0.0331813612165183,0.025323150386133694,33.46124863014036,0.013088086681945324,-0.02878678209736497,0.003978318768117106,0.030354217669472973,0.026304202236485972,24.003938680692727,0.07197153488714854,0.0707825056217643,0.958806141713495,1,0.035861,0,0.340535,0,0,1,0,0.09047815887999316,1,0.1372075364051356,1,0.12395658805298591,1
2023-03-13 00:00:00+00:00,30,1.6413,0.3833,1.0,142,955960.9603,-102638.8977,0.6167,101,589562.5925,7153.21809,227680.0343,138718.3336,-88961.7007,142,955960.9603,11,22989.189939003933,1627.1804411883834,-0.000963,774.504,0.5121,0.322664,5.2651,-8.014,-0.040018,-0.040017,-0.2507,-2.2732,-0.110521,-0.033099,,0.867842,0.0022250000000000325,0.017244000000000037,0.026375657066230653,-0.0721214949481444,-0.0018621635280387631,0.05002100715397237,0.030261009701427796,48.998691302017654,0.019284552334174976,-0.07048986742245614,-3.0039319384796047e-05,0.05462506780432843,0.03297259146821365,46.89179631642414,0.07078024260557679,0.07091455467029185,0.9633788680786792,1,0.040018,0,0.322664,0,0,1,0,0.046729377525142446,1,0.033478429172992784,1,0.021973050682421967,1
2023-03-14 00:00:00+00:00,34,1.4902,0.4878,1.0,139,965056.7598,-120118.3143,0.5122,84,494349.4293,6906.123514,281686.6396,189020.691,-92665.9486,139,965056.7598,21,24844.87076101627,1705.0221533980691,0.000813,-63.6832,0.4498,0.383279,1.394,-3.2965,-0.009636,0.033449,0.1952,-0.7486,-0.006893,-0.002468,,0.850284,-0.017557999999999963,0.00418099999999999,0.09047815887999316,0.023045115253247598,-0.0008096574142117811,0.052218806167462065,0.03132074026155665,56.47664455924887,0.10716894842337576,0.013088086681945324,-0.0033893518917117887,0.061117500288780775,0.03575134530419175,57.58725908554941,0.06862672661084616,0.07071318150287166,0.9748240047787551,0,0.009636,1,0.383279,0,0,0,0,-0.013250948352149674,0,-0.024756326842720437,0,0.014613232213936574,1
2023-03-15 00:00:00+00:00,30,2.1147,0.5779,1.0,107,905618.9974,-137155.5445,0.4221,61,382243.0963,7995.072119,355340.9079,168034.9932,-187305.9147,107,905618.9974,16,24730.817950675104,1682.5780243101262,-0.0003,-323.6681,0.1489,0.436064,-2.1273,-4.6877,-0.054632,-0.009699,-0.014,-0.8478,-0.122166,-0.051279,,0.883108,0.032823999999999964,0.017491000000000034,0.046729377525142446,0.026375657066230653,-0.005374279161920052,0.052742246516641965,0.031048790263607174,53.05539888474559,0.07762722043889986,0.019284552334174976,-0.012332060879632735,0.06060731801810644,0.035704190637605784,55.8929900913216,0.06803568032670732,0.07035751647326541,0.9685417823821352,1,0.054632,0,0.436064,0,0,1,0,-0.011505378490570779,0,0.02786418056608629,1,0.07437937468010736,1
2023-03-16 00:00:00+00:00,22,1.3642,0.5085,1.0,87,488407.1097,-135531.603,0.4915,53,240040.8593,7276.413254,143314.2468,105052.0036,-38262.2432,87,488407.1097,12,24797.808104227803,1663.3302659970998,0.000358,-333.098,-0.1607,0.361316,-1.2739,-8.2437,-0.004485,0.024183,0.1172,0.0665,-0.000429,-0.000146,,0.840587,-0.04252100000000003,-0.02725500000000003,-0.013250948352149674,0.09047815887999316,-0.023904610355972935,0.051567787555503314,0.03107694951189105,51.674775414190016,-0.004601167004236812,0.10716894842337576,-0.02878678209736497,0.05781736656422506,0.035687849941109254,57.20903827564527,0.06707569713443814,0.06981540260525268,0.9714585384769087,0,0.004485,1,0.361316,0,0,0,0,0.03936955905665705,1,0.08588475317067817,1,0.07827052662748425,1
2023-03-17 00:00:00+00:00,20,2.5147,0.3068,1.0,111,635778.2694,-147104.396,0.6932,84,440725.1773,5463.655774,139556.1176,55496.9745,-84059.143,111,635778.2694,7,26395.556930728955,1730.1209788924832,-0.000328,61.4599,-0.1024,0.295819,-0.6551,-7.6561,-0.060225,-0.017552,-0.123,-0.89,-0.202518,-0.055237,,0.844975,0.0043880000000000585,-0.005309000000000008,-0.011505378490570779,0.046729377525142446,-0.0721214949481444,0.03575182282877517,0.031254971964937234,63.13806591976078,0.002705110144955273,0.07762722043889986,-0.07048986742245614,0.042747036933398826,0.036919025627599376,69.65377558305268,0.06554591681595949,0.06907125440094118,0.969285469471857,1,0.060225,0,0.295819,0,0,0,1,0.046515194114021115,1,0.03890096757082725,1,0.027296000744226147,1
2023-03-18 00:00:00+00:00,21,1.2815,0.5836,1.0,94,689556.2779,-92728.1842,0.4164,63,287130.7948,9331.019584,226035.3817,176390.1014,-49645.2803,94,689556.2779,10,27507.411891321022,1812.4989531504773,0.000256,-723.9754,-0.7784,0.460074,-6.7722,-45.0589,0.015668,0.000964,0.0251,-0.686,0.052215,0.022988,,0.865213,0.020237999999999978,-0.017894999999999994,0.03936955905665705,-0.013250948352149674,0.023045115253247598,0.036225170953574394,0.029812723429537624,67.9777188861146,0.062440431539212964,-0.004601167004236812,0.013088086681945324,0.04112221593759983,0.03450660817931703,73.24817598220811,0.06589129360157457,0.06827529885460729,0.968551832395813,1,-0.0,1,0.460074,0,0,1,0,-0.007614226543193882,0,-0.019219193369794926,0,-0.01698651094399718,0
2023-03-19 00:00:00+00:00,12,0.4542,0.3566,1.0,63,276773.6076,-71978.3915,0.6434,42,178064.0125,5022.022229,30829.0526,67880.5425,37051.4898,63,276773.6076,9,27570.616980650844,1798.750583535714,0.000884,2.0392,-0.7687,0.292394,-0.2528,-4.4222,0.02891,0.004472,0.0385,-0.3796,0.125549,0.033949,,0.837274,-0.027939000000000047,-0.0033130000000000104,0.046515194114021115,-0.011505378490570779,0.026375657066230653,0.03927063788168162,0.029755789614091685,66.63630817209796,0.04125979376829379,0.002705110144955273,0.019284552334174976,0.04324959104751549,0.03406528865128963,73.14710077325677,0.06524157891707985,0.06731387657316891,0.9617892840691804,0,-0.0,1,0.292394,0,0,0,0,-0.011604966826601056,0,-0.009372284400803255,0,-0.002628688007930575,0
2023-03-20 00:00:00+00:00,20,2.2714,0.4075,1.0,94,560613.0547,-71953.287,0.5925,61,332164.655,6584.29471,158617.1845,69831.2152,-88785.9693,94,560613.0547,13,28059.64898826891,1777.99679909236,-0.001032,296.199,-0.4838,0.323668,2.7889,-6.8984,-0.068377,-0.002315,-0.0698,-0.9232,-0.209561,-0.064138,,0.869748,0.032474,0.024772999999999934,-0.007614226543193882,0.03936955905665705,0.09047815887999316,0.029652073530902524,0.029778624317484008,65.08573120886714,0.002295111802978231,0.062440431539212964,0.10716894842337576,0.032391375139831445,0.03393148582244329,74.171446910146,0.06336489810815878,0.06625454164496633,0.9625232283715416,1,0.068377,0,0.323668,0,0,0,1,0.002232682425797787,1,0.008976278818670523,1,0.002981396120206219,1
2023-03-21 00:00:00+00:00,24,1.6127,0.5157,1.0,86,492623.0908,-67225.6228,0.4843,51,238594.2862,6664.735823,156800.5519,97228.2527,-59572.2992,86,492623.0908,11,28153.01914588153,1781.9709361409114,0.000108,-200.0784,-0.6687,0.383436,-2.4051,-10.6975,-0.059776,-0.005336,-0.0129,-1.0126,-0.15017,-0.05455,,0.854334,-0.015413999999999928,-0.010878999999999972,-0.011604966826601056,0.046515194114021115,0.046729377525142446,0.025628320978661533,0.02977680654848489,65.39671165714424,0.017581961787138205,0.04125979376829379,0.07762722043889986,0.024909286594726198,0.03392709405502195,74.89975963894216,0.0632959089363456,0.06549299626289483,0.9508727919793235,0,0.059776,0,0.383436,0,0,0,0,0.0067435963928727215,1,0.0007487136944084732,1,0.00655260421645215,1
2023-03-22 00:00:00+00:00,23,0.7171,0.5079,1.0,100,1680053.9234,-20386.3582,0.4921,63,826807.9077,46866.758036,356338.5389,496907.4768,140568.9378,100,1680053.9234,14,28215.06088195372,1794.0284386894482,-0.000398,118.583,-0.5508,0.440384,0.0334,-8.5368,0.075673,0.007515,-0.0154,-1.1196,0.18216,0.078151,,0.919462,0.06512799999999996,0.08218800000000004,0.002232682425797787,-0.007614226543193882,-0.013250948352149674,0.024157369730394524,0.02979113392135139,66.78419286096458,0.003322035640029926,0.002295111802978231,-0.004601167004236812,0.024003291202102678,0.03392307805013513,77.06143927002512,0.06358407115247106,0.06485705209514678,0.950832559673507,1,-0.0,1,0.440384,0,0,1,0,-0.005994882698464262,0,-0.00019099217642053103,0,-0.020166016534208055,0
2023-03-23 00:00:00+00:00,28,0.6384,0.6528,1.0,96,756375.9473,648.0369,0.3472,52,262591.1069,8517.254104,192403.1591,301381.6813,108978.5221,96,756375.9473,16,27944.353577611808,1783.305621770193,0.000254,289.1082,-0.2711,0.434327,4.2983,-2.9646,0.054916,0.007521,-0.0172,-1.2372,0.14111,0.058543,,0.869892,-0.04957,0.000144000000000033,0.0067435963928727215,-0.011604966826601056,-0.011505378490570779,0.023451083209586082,0.02977343371892178,69.74787547923042,0.0022013082969942793,0.017581961787138205,0.002705110144955273,0.025773791890576388,0.03401747009564782,80.46332837164339,0.06381631326046937,0.06439142582743695,0.9500994588074787,0,-0.0,1,0.434327,0,0,0,0,0.005803890522043717,1,-0.014171133835743751,0,-0.007295952191855835,0
2023-03-24 00:00:00+00:00,18,1.1563,0.5136,1.0,81,707705.9318,8893.6734,0.4864,51,344249.4914,8711.255354,194898.0637,168558.3767,-26339.687,81,707705.9318,12,28136.62139691641,1793.6858260125946,-0.00037,54.1988,-0.2174,0.395726,0.2708,-2.0387,0.018311,0.00289,0.0913,-0.5119,0.051989,0.019776,,0.885264,0.015372000000000052,0.030930000000000013,-0.005994882698464262,0.002232682425797787,0.03936955905665705,0.0195380816668528,0.029174484743028903,85.1835777581132,-0.009640748703057839,0.003322035640029926,0.062440431539212964,0.016277399532594976,0.033499887872682044,96.1515955921581,0.06374915455233622,0.0641347455040622,0.9508186321982597,1,-0.0,1,0.395726,0,0,0,1,-0.01997502435778748,0,-0.01309984271389951,0,-0.026526348170102722,0
2023-03-25 00:00:00+00:00,11,0.7117,0.1722,1.0,57,411663.4441,17691.0768,0.8278,43,340789.296,9449.363939,29468.8024,41405.3458,11936.5435,57,411663.4441,3,27663.810360546613,1758.2123789216196,0.000195,-581.3869,-0.7755,0.175863,-4.9233,-0.1898,0.013493,0.001985,0.0046,-0.4719,0.087279,0.013811,,0.851771,-0.033493000000000106,-0.06769100000000006,0.005803890522043717,0.0067435963928727215,0.046515194114021115,0.009828848563312847,0.02940850658073947,79.07038307945132,0.006856819900022072,0.0022013082969942793,0.04125979376829379,0.011201489721253009,0.03374428713871457,91.65922845103509,0.06355640658342335,0.0638011902157549,0.949368934573448,0,-0.0,1,0.175863,0,0,0,0,0.006875181643887958,1,-0.006551323812315197,0,-0.011406632060957083,0
2023-03-26 00:00:00+00:00,10,0.4097,0.4081,1.0,51,231964.6274,18060.961,0.5919,37,137296.9379,6827.357981,27513.5051,67154.1844,39640.6793,51,231964.6274,4,27837.685307838667,1770.3420574880608,-4.3e-05,-0.6868,-0.769,0.259705,0.9428,1.0058,0.031927,0.009996,0.039,-0.1601,0.147112,0.034718,,0.808961,-0.042809999999999904,-0.06093099999999996,-0.01997502435778748,-0.005994882698464262,-0.007614226543193882,0.010526357744484802,0.029270126336956557,77.77344482352497,-0.016946906583877906,-0.009640748703057839,0.002295111802978231,0.011388201210837067,0.03343910994188566,91.35835837044503,0.06359516022654224,0.06356598754567809,0.952394340676636,0,-0.0,1,0.259705,0,0,0,0,-0.013426505456203169,0,-0.018281813704845,0,0.01658978846413117,1
2023-03-27 00:00:00+00:00,16,1.5462,0.3988,1.0,83,618412.1567,23186.5332,0.6012,60,371793.5581,8159.96462,149762.7812,96855.8174,-52906.9638,83,618412.1567,7,27611.21849453589,1746.7314091352807,-5.1e-05,1051.4435,0.2567,0.336872,5.6139,3.8308,0.009203,-0.002526,-0.0125,-0.2592,0.031393,0.009973,,0.862788,0.05382699999999996,-0.02247600000000005,0.006875181643887958,0.005803890522043717,-0.011604966826601056,0.010814048634520155,0.02904839404928158,64.91691743107421,0.006265615512834322,0.006856819900022072,0.017581961787138205,0.009237101793681477,0.03300760403724957,84.97310516220986,0.06326165610840208,0.06355123868856999,0.9520691754146621,1,-0.0,1,0.336872,0,0,1,0,-0.004855308248641845,0,0.030016293920334378,1,0.027399397792815715,1
2023-03-28 00:00:00+00:00,21,1.3278,0.3674,1.0,78,519564.0467,27856.2635,0.6326,50,328653.9783,10319.524128,108897.1277,82012.9407,-26884.1871,78,519564.0467,7,27068.971921925564,1738.2710451741991,-6e-06,-56.7988,0.1998,0.321412,3.4564,9.6923,0.014488,0.022652,-0.1477,-1.4256,0.050354,0.015217,-0.040263964139635705,0.85598,-0.006808000000000036,0.004209000000000018,-0.013426505456203169,-0.01997502435778748,0.002232682425797787,0.010623447419365698,0.029075506517834707,54.932605494251284,-0.008168532000443882,-0.016946906583877906,0.003322035640029926,0.010886612287003798,0.03333735121310769,71.00161116991335,0.06421636736658695,0.06368273275003303,0.9508928192049866,0,-0.0,1,0.321412,0,0,0,0,0.03487160216897621,1,0.0322547060414576,1,0.041525198996277685,1
2023-03-29 00:00:00+00:00,26,1.4209,0.4915,1.0,103,473937.5026,1989.3752,0.5085,65,240977.4881,7109.89518,136729.6477,96230.3668,-40499.2809,103,473937.5026,12,28079.24720292859,1799.956628253436,-0.000244,346.2573,0.5379,0.352281,2.6574,12.3163,0.01721,-0.017711,-0.0562,-1.8301,0.053358,0.017796,1.028728346856807,0.811627,-0.044352999999999976,0.002665999999999946,-0.004855308248641845,0.006875181643887958,0.0067435963928727215,0.017954630143156482,0.02953780006605038,65.51038056276091,-0.01983403292894841,0.006265615512834322,0.0022013082969942793,0.019433162538218553,0.03382873030898819,76.88432517985973,0.06410273805580177,0.06375682802193743,0.9471241166190963,0,-0.0,1,0.352281,0,0,0,0,-0.0026168961275186203,0,0.006653596827301517,1,0.013864178000806245,1
2023-03-30 00:00:00+00:00,21,1.7906,0.4314,1.0,81,320241.3076,-19169.8621,0.5686,55,182102.6369,4564.420428,88637.4047,49501.266,-39136.1387,81,320241.3076,5,28418.55291299448,1795.2524865329376,-2.6e-05,221.7817,0.7408,0.307752,2.1998,10.2177,-0.055038,-0.03844,0.0431,-1.4534,-0.177443,-0.050479,0.06347993743272255,0.83098,0.019353000000000065,-0.03180799999999995,0.03487160216897621,-0.013426505456203169,-0.005994882698464262,0.017796572357686405,0.029519083064969597,68.30313455981018,0.03664264538365405,-0.008168532000443882,-0.009640748703057839,0.019493988072943016,0.0337976259096181,77.76070211220302,0.06317184735018834,0.06366476146332585,0.951340871147697,0,0.055038,0,0.307752,0,0,1,0,0.009270492954820122,1,0.016481074128324908,1,0.009334365509316994,1
2023-03-31 00:00:00+00:00,10,1.007,0.3308,1.0,76,710459.9304,-15524.2378,0.6692,60,475449.8102,7892.889065,117915.2187,117094.9015,-820.3171,76,710459.9304,6,28228.77919191041,1811.9727448322608,0.000357,-541.1084,0.1915,0.291199,-5.4262,4.5208,-0.0314,0.012004,0.0748,-0.8508,-0.105698,-0.029451,-0.16697617829546083,0.902088,0.07110799999999995,0.04610800000000004,-0.0026168961275186203,-0.004855308248641845,0.005803890522043717,0.0180010871479689,0.029508642895838627,62.955356356072215,0.012011433676749301,-0.01983403292894841,0.006856819900022072,0.019650668190262503,0.03387725612399215,67.69548937463139,0.0641888454514364,0.0637275744489116,0.9489400692878146,1,0.0314,0,0.291199,0,0,0,1,0.00721058117350477,1,6.387255449691147e-05,1,-0.007229536191578361,0
2023-04-01 00:00:00+00:00,13,1.9156,0.4348,1.0,54,298208.0251,-23046.0226,0.5652,39,168549.3641,7040.985391,85187.3054,44471.3556,-40715.9498,54,298208.0251,2,28490.910901141844,1825.085339293454,-9.2e-05,-614.0747,-0.4326,0.338413,-4.7987,4.6454,-0.046735,0.013334,0.0126,-0.7347,-0.137085,-0.043549,-1.1314875586650863,0.828405,-0.07368300000000005,0.01677799999999996,0.009270492954820122,0.03487160216897621,-0.01997502435778748,0.015345238251822678,0.029500320047954248,52.48757104317925,-0.006700207193795749,0.03664264538365405,-0.016946906583877906,0.018223944556137205,0.033791524399338704,61.137378576072834,0.06405851134862484,0.06379930370108323,0.9434944266468291,0,0.046735,0,0.338413,0,0,0,0,-0.007146708619007873,0,-0.01444011736508309,0,0.009347611928236023,1
2023-04-02 00:00:00+00:00,13,4.4153,0.2042,1.0,52,201635.4526,-32418.4316,0.7958,35,160463.5715,3936.619263,33569.0323,7602.8488,-25966.1835,52,201635.4526,4,28339.352477892746,1812.0884838563863,0.001518,-126.0752,-0.5667,0.193087,-1.4642,2.2385,-0.053964,0.003459,0.0576,-0.267,-0.304664,-0.051462,-1.2146186816633728,0.796138,-0.032266999999999935,-0.03484200000000004,0.00721058117350477,-0.0026168961275186203,0.006875181643887958,0.01601107833329956,0.02825569044609111,52.66458307131178,0.009243124392072402,0.012011433676749301,0.006265615512834322,0.0185304999186838,0.0325818671770678,58.553945041368436,0.06394248017028543,0.06384892083590368,0.944068760971012,0,0.053964,0,0.193087,0,0,0,0,-0.007293408746075231,0,0.016494320547243937,1,0.05139559938288288,1
2023-04-03 00:00:00+00:00,10,0.4159,0.4188,1.0,74,628545.636,-9344.5789,0.5812,49,365294.3713,7659.242889,77320.6299,185930.6348,108610.0049,74,628545.636,15,28020.84209334517,1798.9202608482738,-0.00127,873.9008,0.3035,0.322128,4.8462,1.4708,0.066303,-0.010124,0.0249,-0.0523,0.225638,0.069076,-0.25831733640303683,0.878974,0.08283600000000002,-0.023113999999999968,-0.007146708619007873,0.009270492954820122,-0.013426505456203169,0.015082193508449809,0.02830026526449633,54.35511226317076,-0.005333735004597932,-0.006700207193795749,-0.008168532000443882,0.01886750154794575,0.03268575746007692,49.552025161393466,0.06419936470344371,0.06398287920662392,0.9397211782541547,1,-0.0,1,0.322128,0,0,0,1,0.023787729293319154,1,0.05868900812895815,1,0.04427294917674131,1
2023-04-04 00:00:00+00:00,16,2.564,0.4448,1.0,85,466944.1728,-18524.8543,0.5552,58,259241.3905,5288.231167,149424.4486,58278.3336,-91146.115,85,466944.1728,11,28091.15978469224,1842.225513825252,6e-06,121.8731,0.4155,0.358941,3.6458,1.6602,-0.055114,0.015993,-0.0627,-0.5435,-0.14817,-0.050054,0.22667501620413172,0.851394,-0.02758000000000005,0.022989000000000037,-0.007293408746075231,0.00721058117350477,-0.004855308248641845,0.016067473746583443,0.02850600694159359,60.66720741156745,-0.011302791903198257,0.009243124392072402,-0.01983403292894841,0.016245468044599073,0.03269240378699289,49.28421307809122,0.06558025827147011,0.06417772076446436,0.9397332019720523,0,0.055114,0,0.358941,0,0,0,0,0.03490127883563898,1,0.020485219883422195,1,0.011133507759859575,1
2023-04-05 00:00:00+00:00,13,15.1827,0.5201,1.0,88,1062711.7811,-81946.7245,0.4799,70,509943.2291,49029.430031,518610.4621,34158.09,-484452.3721,88,1062711.7811,5,28367.21674251796,1907.656714782668,-0.000654,532.114,0.935,0.638455,6.2752,5.2779,-0.038575,-0.003913,-0.0286,-0.8147,-0.056677,-0.035339,0.34794445254180534,0.893246,0.041852,0.09710799999999997,0.023787729293319154,-0.007146708619007873,0.03487160216897621,0.01607565594541541,0.028972480296461295,66.68537477037574,0.0025063346807529963,-0.005333735004597932,0.03664264538365405,0.009290196286612321,0.032663555057042847,51.66785225733749,0.06724863888121223,0.06462713516809444,0.9287422961102627,1,0.038575,0,0.638455,0,0,1,0,-0.0144160589522168,0,-0.023767771075779365,0,-0.022023582436786374,0
2023-04-06 00:00:00+00:00,11,4.7431,0.1707,1.0,72,442000.9735,-83379.5598,0.8293,57,366564.5897,5274.101769,62301.185,13135.1988,-49165.9862,72,442000.9735,4,28024.062296181208,1880.353101230768,0.000622,-610.3503,0.3085,0.219573,-5.4033,-2.3252,-0.030077,-0.013865,0.0383,-0.483,-0.135486,-0.027154,-0.3584467597791893,0.848071,-0.045174999999999965,-0.030903000000000014,0.03490127883563898,-0.007293408746075231,-0.0026168961275186203,0.017923710780228336,0.02919740748112284,63.76738389579522,0.009779209917623488,-0.011302791903198257,0.012011433676749301,0.00920737021957953,0.03280655016284227,50.86966042212206,0.06709780621230636,0.0651879864341113,0.9146424439616598,0,0.030077,0,0.219573,0,0,0,0,-0.00935171212356258,0,-0.0076075234845695335,0,-0.01706963196312266,0
2023-04-07 00:00:00+00:00,7,4.8639,0.1067,1.0,57,228509.4021,-85557.2401,0.8933,49,204130.323,3852.715306,20221.579,4157.5,-16064.079,57,228509.4021,1,27955.870255488164,1862.8505473164944,0.000617,-507.8904,-0.2174,0.17202,-6.1525,-3.0515,-0.032138,-0.010877,-0.1165,-1.4241,-0.196996,-0.029348,-1.0320367420875503,0.811265,-0.036806000000000005,-0.04012899999999997,-0.0144160589522168,0.023787729293319154,0.009270492954820122,0.018823509925548303,0.029260287024758226,59.6519218131746,-0.012170629500397052,0.0025063346807529963,-0.006700207193795749,0.008982660978998972,0.03264930486989415,47.97768407853414,0.06663539822913538,0.06553749397378258,0.9156202212809321,0,0.032138,0,0.17202,0,0,0,0,0.0017441886389930328,1,-0.00771791983956004,0,0.0032105219765255592,1
2023-04-08 00:00:00+00:00,5,0.1835,0.4671,1.0,45,193554.8488,-70831.3855,0.5329,33,103153.4536,5265.861927,14018.1814,76383.2138,62365.0325,45,193554.8488,7,28017.12261553108,1866.102545301802,0.000944,-317.3687,-0.5459,0.250689,-2.1635,-0.4163,0.103137,0.006855,0.0951,-0.8257,0.456952,0.105084,-1.5736312722097048,0.80571,-0.005554999999999977,-0.08753599999999995,-0.00935171212356258,0.03490127883563898,0.00721058117350477,0.01877932249838971,0.028727104399183905,66.750644329203,-0.002436304272429561,0.009779209917623488,0.009243124392072402,0.007924579759642869,0.03193225089000718,54.38874179781204,0.06660578857114122,0.06590139071985636,0.9154316389930782,0,-0.0,1,0.250689,0,0,0,0,-0.009462108478553086,0,0.001466333337532568,1,0.025060483752612127,1
2023-04-09 00:00:00+00:00,16,10.448,0.5436,0.9672,46,142778.3059,-76583.039,0.4564,30,67379.1101,4425.096277,73237.4557,7009.6976,-66227.7581,51,147626.2634,5,28035.38374735989,1848.5285552050084,0.000145,-42.4389,-0.5866,0.346539,-0.0567,0.9912,-0.06073,0.03277,0.1122,0.2703,-0.176024,-0.056607,-1.2759599570842706,0.78612,-0.019589999999999996,-0.06195099999999998,0.0017441886389930328,-0.0144160589522168,-0.007146708619007873,0.019010395834792367,0.024798406733410615,61.98116638397648,0.0021886406765747723,-0.012170629500397052,-0.005333735004597932,0.007877487297323507,0.028264584399745555,52.546149485619885,0.06593555386517887,0.06618611553341255,0.912107619129402,0,0.06073,0,0.346539,0,0,0,0,0.01092844181608564,1,0.03452259223116526,1,0.022405566852510137,1
2023-04-10 00:00:00+00:00,13,0.6478,0.4123,1.0,70,347360.303,-87725.7487,0.5877,48,204129.3303,5409.927581,56309.9678,86921.0049,30611.0372,70,347360.303,9,28593.627033438937,1868.8408808409288,-0.000703,372.4604,-0.2106,0.293931,2.3311,-1.5239,0.041164,-0.03906,-0.2149,-1.7879,0.172428,0.046919,-0.4369928396819053,0.838753,0.05263299999999993,0.027487999999999957,-0.009462108478553086,-0.00935171212356258,-0.007293408746075231,0.018634727504893627,0.02465860719999379,68.99624290027504,0.0006515723795344815,-0.002436304272429561,-0.011302791903198257,0.00992834477253058,0.028305195421117833,61.61386363526633,0.06535865067608963,0.06635172781521911,0.8846852095482978,0,-0.0,1,0.293931,0,0,0,1,0.0235941504150796,1,0.011477125036424535,1,0.052081368163516016,1
2023-04-11 00:00:00+00:00,13,1.3006,0.2834,1.0,79,342430.391,-76516.4342,0.7166,59,245387.7303,3707.770934,54861.787,42180.8737,-12680.9133,79,342430.391,7,30112.54047127729,1913.4588858210263,-0.000961,281.6792,0.0707,0.255998,1.2061,-3.9636,-0.012758,-0.038608,0.0143,-1.6042,-0.028043,-0.00654,-0.04280240919959476,0.836322,-0.002430999999999961,0.030611999999999973,0.01092844181608564,0.0017441886389930328,0.023787729293319154,0.01860309083463043,0.024594263919601598,74.42111832518225,0.019716444362036366,0.0021886406765747723,0.0025063346807529963,0.020947344119479145,0.029219809365067424,79.20221609322968,0.06354358868014376,0.06606077501645821,0.8881254176215605,0,0.012758,0,0.255998,0,0,0,0,-0.01211702537865508,0,0.028487217748436457,1,0.09257817801692225,1
2023-04-12 00:00:00+00:00,23,0.3354,0.5964,1.0,82,888719.7968,30370.895,0.4036,45,358684.8459,33816.964228,133138.0094,396896.9415,263758.9321,82,888719.7968,14,30032.673105306963,1890.4133595197973,0.000162,-395.8149,-0.3375,0.453313,-1.2555,-11.4942,0.155077,0.032762,0.0356,-1.2369,0.362188,0.158979,0.10041098988227308,0.894308,0.05798599999999998,0.10818799999999995,0.0235941504150796,-0.009462108478553086,0.03490127883563898,0.014136298817751249,0.019367969231289143,64.10283089759785,0.05175784994600061,0.0006515723795344815,0.009779209917623488,0.021482376451594044,0.023223677953412316,72.65182366941508,0.06294522478539379,0.06544600157419843,0.8851831917999042,1,-0.0,1,0.453313,0,0,1,0,0.04060424312709152,1,0.10469520339557736,1,0.10417865159175475,1
2023-04-13 00:00:00+00:00,14,0.9241,0.3371,1.0,105,652352.5263,38633.8503,0.6629,72,432466.8703,6504.597169,105605.4776,114280.1785,8674.7009,105,652352.5263,19,30247.3380012235,1968.7518376994387,-7.9e-05,655.6189,0.3286,0.306868,8.0605,1.9696,0.002095,0.023015,-0.2169,-3.0814,0.017229,0.004898,1.105794555854545,0.842579,-0.051729000000000025,0.003825999999999996,-0.01211702537865508,0.01092844181608564,-0.0144160589522168,0.01979128535095416,0.018940448969301027,71.77569206155576,-0.002655819413233114,0.019716444362036366,-0.012170629500397052,0.01959549147535117,0.019258763395541716,71.72047369875963,0.06508843315797916,0.06515894828072312,0.814311997801967,0,-0.0,1,0.306868,0,0,0,0,0.06409096026848583,1,0.06357440846466328,1,0.06482435819544845,1
2023-04-14 00:00:00+00:00,21,1.1684,0.4069,1.0,126,740254.0336,37587.66,0.5931,84,439039.3365,5359.660653,162301.054,138913.6431,-23387.4109,126,740254.0336,21,30623.3450332619,2099.062291805431,-0.000859,-2.4913,0.3186,0.331191,-2.7996,5.3225,0.00742,-0.024793,0.0531,-2.4816,0.028589,0.008846,1.994836923129253,0.839983,-0.0025959999999999317,0.0036610000000000253,0.04060424312709152,0.0235941504150796,-0.00935171212356258,0.027796368660305992,0.021491446621516343,77.57834681636494,0.007122288115652964,0.05175784994600061,-0.002436304272429561,0.018693657612675812,0.01916855245922322,77.28222434808859,0.06854451365536686,0.06543167905589904,0.7256575293781409,0,-0.0,1,0.331191,1,0,0,0,-0.0005165518038225757,0,0.000733397926962651,1,-0.005432435771124413,0
2023-04-15 00:00:00+00:00,8,0.7061,0.349,1.0,71,257035.0005,30885.7112,0.651,50,167322.7998,4019.13663,37130.4049,52581.7957,15451.3907,71,257035.0005,13,30407.673336176,2097.9782973860024,0.00217,-546.255,-0.2485,0.282374,-4.0784,3.4076,0.022896,0.005162,-0.1033,-3.1453,0.096618,0.025264,-0.4087914747552922,0.828965,-0.011018000000000083,-0.06534300000000004,0.06409096026848583,-0.01211702537865508,0.0017441886389930328,0.02801617279551094,0.021250908407763155,76.80226356865454,0.012354447029395406,-0.002655819413233114,0.0021886406765747723,0.019877373967708337,0.01932860686919804,72.13963047203795,0.068995028793934,0.06577299908772657,0.6507851826364398,0,-0.0,1,0.282374,0,0,0,0,0.0012499497307852127,1,-0.004915883967301795,0,-0.002510766728765854,0
2023-04-16 00:00:00+00:00,7,0.7989,0.2987,1.0,73,390988.674,42211.7107,0.7013,55,274208.6513,8320.341545,51862.8922,64917.1304,13054.2381,73,390988.674,11,30336.33193986756,2100.6023043907976,0.002077,216.673,-0.0311,0.253572,0.8879,4.3522,0.037217,-0.006867,0.2248,-1.2796,0.175612,0.040776,-0.32129746113346985,0.826464,-0.0025009999999999755,-0.01611499999999999,-0.0005165518038225757,0.04060424312709152,-0.009462108478553086,0.02660392006230935,0.020417678333085477,79.07686164406178,-0.007067638738725674,0.007122288115652964,0.0006515723795344815,0.020185227194577514,0.016275557122841452,73.63432051267965,0.06924378031446238,0.06624560286619566,0.6553977699535586,0,-0.0,1,0.253572,0,0,0,0,-0.006165833698087022,0,-0.003760716459551025,0,-0.03827667114706814,0
2023-04-17 00:00:00+00:00,11,1.4679,0.2594,1.0,83,495811.7639,34355.4884,0.7406,68,367210.8279,5919.215926,76491.7274,52109.2085,-24382.5189,83,495811.7639,4,29728.445817304186,2087.6901878050635,-0.003643,729.8118,0.7064,0.243011,7.37,9.391,-0.010093,0.015597,0.3019,1.1477,-0.028789,-0.006367,0.10859856126328599,0.843222,0.01675800000000005,0.003238999999999992,0.0012499497307852127,0.06409096026848583,0.01092844181608564,0.028130070764791706,0.019075952558671238,79.42939006530631,-0.002348920812382878,0.012354447029395406,0.019716444362036366,0.022869494826487483,0.015350754818464459,69.33222566849517,0.07022533907877118,0.06694084406657873,0.6250862471967382,0,0.010093,0,0.243011,0,0,1,0,0.002405117238535983,1,-0.03211083744898108,0,-0.06855091743005835,0
2023-04-18 00:00:00+00:00,7,0.4619,0.344,1.0,86,571199.5477,46499.6139,0.656,64,374681.8486,6504.895102,62094.867,134422.8321,72327.9651,86,571199.5477,15,29938.80848363646,2092.7173705230352,-0.000893,1787.68,2.4294,0.286404,16.202,24.3869,0.068469,0.010905,0.0914,1.824,0.262228,0.06985,0.24784557228593113,0.840615,-0.002607000000000026,0.01165000000000005,-0.006165833698087022,-0.0005165518038225757,0.0235941504150796,0.028293659473863454,0.018939934211332107,77.52976627153154,-0.020241709058893807,-0.007067638738725674,0.05175784994600061,0.01095859963942588,0.01537216726948672,70.21694829024536,0.06989982155324731,0.06784887733416496,0.5609538898130173,0,-0.0,1,0.286404,0,0,0,0,-0.03451595468751707,0,-0.07095603466859429,0,-0.09244080185918169,0
2023-04-19 00:00:00+00:00,10,1.2004,0.6599,1.0,140,1129426.5093,-877.1912,0.3401,47,384076.3648,18271.327746,406614.4239,338735.7206,-67878.7033,140,1129426.5093,83,29626.188818797888,2021.7175937919053,-8.4e-05,2160.4134,4.0781,0.460823,23.053,48.6954,0.008074,0.007072,0.1588,2.9089,0.020268,0.009055,2.4993409233579293,0.888163,0.047548000000000035,0.06169900000000006,0.002405117238535983,0.0012499497307852127,-0.01211702537865508,0.03252983446212671,0.020063085831125153,62.56082961538345,0.007051222329372844,-0.002348920812382878,-0.002655819413233114,0.011560927300746624,0.015292364310229746,63.719352330867316,0.06824089342565455,0.06860540142563078,0.5623600766682976,1,-0.0,0,0.460823,1,0,1,0,-0.036440079981077234,0,-0.05792484717166457,0,-0.08218233223168722,0
2023-04-20 00:00:00+00:00,21,1.8924,0.2938,1.0,114,959503.4875,-14540.3946,0.7062,83,677638.9955,7264.339559,184416.1076,97448.3844,-86967.7232,114,959503.4875,10,28687.818719780003,1949.3721845458,-0.000201,-595.5701,3.284,0.245161,-10.6178,30.0172,-0.039642,-0.003197,-0.086,2.1845,-0.159588,-0.036572,1.3616230994169367,0.870825,-0.017338000000000076,0.027602999999999933,-0.03451595468751707,-0.006165833698087022,0.04060424312709152,0.03331299326005988,0.021397333542574313,57.11882534897226,-0.010496853839116619,-0.020241709058893807,0.007122288115652964,0.01534800676888117,0.0164979838229639,56.56541214125437,0.06795121663264432,0.06901437049344009,0.6178871537319253,0,0.039642,0,0.245161,0,0,0,0,-0.021484767190587353,0,-0.04574225225060995,0,-0.04428217604087864,0
2023-04-21 00:00:00+00:00,15,1.5425,0.2648,1.0,111,946116.5238,-18835.5343,0.7352,87,695611.9886,8405.338063,151978.962,98525.5731,-53453.3889,111,946116.5238,9,27981.24494900672,1907.937082593996,0.000904,-2689.3046,0.9973,0.236066,-21.8025,11.0142,-0.013949,0.002126,-0.2519,0.3341,-0.055493,-0.012216,1.2076096723569218,0.847462,-0.02336299999999991,0.0068470000000000475,-0.036440079981077234,0.002405117238535983,0.06409096026848583,0.016953042637545674,0.02184274389541171,54.50678144408241,-0.032186129737983946,0.007051222329372844,0.012354447029395406,0.013662232314352684,0.017140274367140367,50.22593560848435,0.0681862828502105,0.06896319466413203,0.6680847936821521,0,0.013949,0,0.236066,0,0,0,0,-0.02425748506002261,0,-0.022797408850291242,0,-0.03123635764078445,0
2023-04-22 00:00:00+00:00,11,1.6083,0.3094,1.0,64,334819.1166,-24493.9569,0.6906,41,231241.012,4770.162969,63867.8358,39710.2689,-24157.5669,64,334819.1166,12,27431.54792423065,1862.2121553088425,0.002733,-235.0573,0.781,0.245801,-3.6892,11.4034,-0.015968,-0.010524,0.0853,0.9504,-0.063662,-0.014395,-0.7662665124721215,0.821016,-0.02644600000000008,-0.06714700000000007,-0.021484767190587353,-0.03451595468751707,-0.0005165518038225757,0.016250650042199596,0.022323929009872352,49.637472514800216,-0.024938135323112825,-0.010496853839116619,-0.007067638738725674,0.013607911717797211,0.0174311107371602,45.165010592776746,0.06788578466124129,0.0688047312166045,0.6846780727314348,0,0.015968,0,0.245801,0,0,0,0,0.0014600762097313543,1,-0.006978872580761797,0,-0.016250187969749617,0
2023-04-23 00:00:00+00:00,13,2.4461,0.4526,1.0,55,389305.9055,-36920.8466,0.5474,36,213116.4389,10819.119456,125061.7284,51127.7382,-73933.9902,55,389305.9055,6,27599.50604560507,1864.933112893617,-0.001153,412.0585,1.1042,0.341217,5.3873,15.9027,-0.065462,0.005166,0.1495,1.9911,-0.197001,-0.063635,-1.1434235260270598,0.84003,0.019014000000000086,-0.030794999999999906,-0.02425748506002261,-0.036440079981077234,0.0012499497307852127,0.016290190056388477,0.022308752111175268,51.578676243065715,-0.019840727337908134,-0.032186129737983946,-0.002348920812382878,0.015173175166841222,0.017420520314419555,46.50049570385429,0.0675712496380198,0.068565798262827,0.6971256584408534,0,0.065462,0,0.341217,0,0,0,1,-0.008438948790493166,0,-0.01771026417948093,0,0.016100916222939608,1
2023-04-24 00:00:00+00:00,11,1.0091,0.3236,1.0,76,490221.2158,-33540.3206,0.6764,59,331591.9872,6011.867106,79674.0326,78955.196,-718.8366,76,490221.2158,6,27498.567450233168,1849.2612578542155,-0.000332,275.4413,1.3049,0.260241,1.418,9.9508,-0.005591,-0.003328,-0.0761,1.439,-0.010346,-0.0025,-0.2628750706591657,0.852034,0.012003999999999904,0.0045719999999999095,0.0014600762097313543,-0.021484767190587353,-0.006165833698087022,0.016059248307639787,0.022027062595242616,48.101228182116074,0.006104140508868413,-0.024938135323112825,-0.020241709058893807,0.015240387383186742,0.017158666131751085,40.60530692490106,0.06724936712434215,0.06814065941219427,0.695132491585502,1,0.005591,0,0.260241,0,0,1,0,-0.009271315388987778,0,0.024539865013432815,1,0.02685120192580163,1
2023-04-25 00:00:00+00:00,15,9.5395,0.3854,1.0,92,543646.4255,-68125.7915,0.6146,71,334114.7581,7583.624313,189650.9993,19880.6681,-169770.3313,92,543646.4255,6,27502.68330988673,1832.1954071823395,-9.4e-05,-595.8378,0.7885,0.30351,-4.8452,-11.0964,-0.094426,0.006475,-0.1443,0.4144,-0.331366,-0.093438,0.4026524408924464,0.85206,2.6000000000081513e-05,0.03104400000000007,-0.008438948790493166,-0.02425748506002261,0.002405117238535983,0.01416282635937698,0.02209298500781317,41.750076864947204,-0.0036639650677270375,-0.019840727337908134,0.007051222329372844,0.014043781113066473,0.01711547971932903,20.984133434739576,0.06661878721207169,0.06767194022059776,0.6853392183885534,1,0.094426,0,0.30351,0,0,0,1,0.03381118040242058,1,0.03612251731478945,1,0.037974186425374916,1
2023-04-26 00:00:00+00:00,12,1.6975,0.3567,1.0,96,739137.4039,-68169.1469,0.6433,73,475458.7405,9870.604927,165930.4273,97748.2361,-68182.1912,96,739137.4039,11,28842.521607560902,1895.203279481425,0.000113,209.6367,0.943,0.316315,0.778,-33.3714,-0.017072,-0.004045,0.0071,0.4697,-0.052476,-0.015587,0.5574315939199266,0.871195,0.019135000000000013,0.031164999999999998,-0.009271315388987778,0.0014600762097313543,-0.03451595468751707,0.022670985381878797,0.022693835527920758,50.44441134262498,0.00014966422051729042,0.006104140508868413,-0.010496853839116619,0.026652667774948326,0.019147879986010124,39.948156541786496,0.06570865423169547,0.06731019176431789,0.6813079198134586,1,0.017072,0,0.316315,0,0,0,1,0.0023113369123688586,1,0.0041630060229543775,1,0.0036900105400066462,1
2023-04-27 00:00:00+00:00,18,2.4842,0.4197,1.0,82,778058.3177,-75618.9303,0.5803,56,451478.9365,12501.915544,232847.7942,93731.5871,-139116.2071,82,778058.3177,8,29120.281127395167,1899.5887990319527,0.00082,-375.3427,0.6146,0.339961,-2.0577,-24.8114,-0.072056,-0.023762,-0.0492,0.1164,-0.22034,-0.071101,-0.04081028749599062,0.883342,0.012146999999999908,0.031308,0.03381118040242058,-0.008438948790493166,-0.036440079981077234,0.019417588293147305,0.022649026986030076,42.74361227294593,0.04756716815865534,-0.0036639650677270375,-0.032186129737983946,0.023765459329968996,0.018769612467326422,40.6742967278348,0.06523250207378312,0.06692180397019486,0.7012772262669598,1,0.072056,0,0.339961,0,0,1,0,0.001851669110585505,1,0.0013786736276378295,1,0.0034695227842936167,1
2023-04-28 00:00:00+00:00,11,2.616,0.4394,1.0,73,485498.3943,-81601.6997,0.5606,50,272175.8758,6412.510955,154327.6467,58994.8718,-95332.7749,73,485498.3943,12,29340.21675571008,1903.109467484509,-0.001052,103.4594,0.6837,0.340454,0.6968,-2.312,-0.012603,-0.00541,0.0424,0.4267,-0.042407,-0.013626,-0.4230509487746783,0.849326,-0.034015999999999935,-0.002734000000000014,0.0023113369123688586,-0.009271315388987778,-0.021484767190587353,0.017789418626388803,0.021832268611821217,23.395193287933154,0.009584134405961864,0.00014966422051729042,-0.024938135323112825,0.020551430219059426,0.017659735104282738,39.232627834224985,0.0648635108366789,0.06644712225397606,0.7029066899703756,0,0.012603,0,0.340454,0,0,0,0,-0.0004729954829476894,0,0.0016178536737081535,1,-0.03144122417906358,0
2023-04-29 00:00:00+00:00,10,0.8374,0.3489,1.0,54,239695.4757,-77093.651,0.6511,37,156077.1742,5238.256152,38109.7635,45508.5379,7398.7744,54,239695.4757,7,29317.350076954364,1902.209518155596,0.001832,-224.064,0.4807,0.242672,-1.8908,-0.5136,0.014557,0.005013,-0.0253,0.2505,0.074372,0.016336,-1.223642429860832,0.804635,-0.044691000000000036,-0.06656000000000006,0.001851669110585505,0.03381118040242058,-0.02425748506002261,0.014416313397364868,0.021820623104440943,23.400727266131597,0.007524283025733207,0.04756716815865534,-0.019840727337908134,0.01746874335464359,0.01755038085022275,40.51430833381725,0.06488340566806122,0.06601821096923606,0.6740241771474804,0,-0.0,1,0.242672,0,0,0,0,0.002090849156655829,1,-0.03096822869611585,0,-0.03090777673914545,0
2023-04-30 00:00:00+00:00,14,1.6019,0.4857,1.0,59,282103.5752,-71059.3073,0.5143,38,145089.6176,6596.434464,84353.7709,52660.1868,-31693.5841,59,282103.5752,7,29357.88968641457,1906.1909121190813,-0.002496,795.5304,1.1278,0.356931,4.3484,-1.5525,0.022524,0.021721,0.22,1.7915,0.069245,0.023249,-1.0006360645798102,0.797665,-0.006970000000000032,-0.085677,-0.0004729954829476894,0.0023113369123688586,0.0014600762097313543,0.014406790451146626,0.021776655352782722,23.74894391903773,-0.000779666840914159,0.009584134405961864,0.006104140508868413,0.017711153839595744,0.01748942802781695,41.44044473441196,0.06492942553024086,0.06564080752526764,0.6833884532935582,0,-0.0,1,0.356931,0,0,0,0,-0.03305907785277169,0,-0.03299862589580124,0,-0.020273823556500824,0
2023-05-01 00:00:00+00:00,19,11.2866,0.6093,1.0,92,1651024.6418,-191273.4325,0.3907,64,645056.9433,61231.562318,924092.706,81874.9925,-842217.7135,92,1651024.6418,9,28480.558049390413,1844.2042545675893,-0.001396,2500.773,3.0317,0.656835,30.0639,27.0934,-0.139996,0.012159,0.1933,2.9707,-0.216289,-0.139625,0.37448129968121746,0.903361,0.10569600000000001,0.054034999999999944,0.002090849156655829,0.001851669110585505,-0.008438948790493166,0.019724565665027685,0.022648285978548108,20.7344370505095,0.0013818304304989391,0.007524283025733207,-0.0036639650677270375,0.022942903176934027,0.0183423842544157,39.364813889070675,0.06475309407102935,0.06528419708908009,0.6924783422103897,1,0.139996,0,0.656835,0,0,1,0,6.045195697043947e-05,1,0.012785254296270906,1,0.026530013619535445,1
2023-05-02 00:00:00+00:00,11,3.3625,0.1988,1.0,94,563115.615,-175682.6282,0.8012,76,451149.3793,6321.030778,86300.4682,25665.7675,-60634.7008,94,563115.615,7,28262.56373309206,1844.315743693665,6.5e-05,1688.8361,3.9352,0.22009,16.4985,48.4371,-0.03191,-0.006407,-0.0471,2.5298,-0.152895,-0.030595,0.44839263110495325,0.819291,-0.08406999999999998,0.014656000000000002,-0.03305907785277169,-0.0004729954829476894,-0.009271315388987778,0.019335882405741973,0.02260423405970047,19.847429971150206,-0.030339643214661496,-0.000779666840914159,0.00014966422051729042,0.02340597940792996,0.01837088827643375,35.75516474891539,0.06525649127627417,0.06508958338396616,0.7180999836465987,0,0.03191,0,0.22009,0,0,0,0,0.012724802339300453,1,0.026469561662565044,1,0.04533294488912905,1
2023-05-03 00:00:00+00:00,9,0.7266,0.2227,1.0,94,451416.988,-163667.9554,0.7773,78,350863.9678,5296.560185,42316.2511,58236.7691,15920.5179,94,451416.988,7,28557.74170694057,1867.9342486945989,5.6e-05,-820.4791,3.1126,0.207736,-10.5161,37.1429,0.014588,0.001384,-0.1733,1.3776,0.100827,0.018365,0.4427560553574477,0.799457,-0.01983400000000002,0.0017920000000000158,6.045195697043947e-05,0.002090849156655829,0.03381118040242058,0.014365390339253348,0.022658966316614498,28.92926482341825,-0.00768358814025282,0.0013818304304989391,0.04756716815865534,0.014285220202833258,0.018341241423249548,40.91423522124239,0.06540903226394204,0.06504678024571567,0.7153010818845231,0,-0.0,1,0.207736,0,0,0,0,0.013744759323264577,1,0.032608142549828634,1,0.03426606162105183,1
2023-05-04 00:00:00+00:00,11,1.7171,0.3894,1.0,83,677333.7209,-153738.2519,0.6106,62,413575.3815,15562.788586,166683.3108,97075.0286,-69608.2822,83,677333.7209,10,29000.2176142898,1893.7858101346112,0.000451,160.1037,3.016,0.293309,2.0258,41.2264,-0.031995,-0.004816,0.0551,1.7013,-0.114473,-0.031665,-0.02620938042130487,0.845687,0.04622999999999999,-0.057674,0.012724802339300453,-0.03305907785277169,0.0023113369123688586,0.0155479477932677,0.022387142016493045,41.23560487302563,0.01038996981680602,-0.030339643214661496,0.009584134405961864,0.015168913226712474,0.018536029103777885,52.92213650228895,0.0653024689442831,0.06505677551292995,0.7167481680630511,1,0.031995,0,0.293309,0,0,1,0,0.018863383226564043,1,0.020521302297787293,1,0.008305685372830638,1
2023-05-05 00:00:00+00:00,32,0.6588,0.6827,1.0,125,740613.6061,-125261.244,0.3173,61,234976.3215,15342.184262,200815.5021,304821.7825,104006.2804,125,740613.6061,32,29266.532725230736,1929.8480764735173,-0.00095,6536.5384,5.7111,0.447138,63.3089,103.8385,0.099999,0.003617,-0.0415,1.4077,0.239273,0.101627,1.6955498966533553,0.806977,-0.03870999999999991,-0.012313999999999936,0.013744759323264577,6.045195697043947e-05,0.001851669110585505,0.017206388690305267,0.021729534465913993,53.51520806762635,0.015375271440144311,-0.00768358814025282,0.007524283025733207,0.015324595632809244,0.018526047068388587,63.245856749184185,0.06594044106939226,0.06521062268903186,0.7299780967012837,0,-0.0,1,0.447138,0,1,0,0,0.0016579190712232377,1,-0.010557697853733367,0,-0.03757705174088477,0
2023-05-06 00:00:00+00:00,30,3.4457,0.515,0.9845,127,944187.8716,-165130.1967,0.485,92,465158.4624,22947.591628,382769.4748,111085.5798,-271683.895,142,959013.517,20,29163.48553854833,1933.050262152934,-0.000324,-327.0164,4.738,0.48618,-8.9946,96.7347,0.008669,0.004919,0.2615,2.868,0.022041,0.010295,2.3146658748883753,0.82731,0.020332999999999934,0.027853000000000017,0.018863383226564043,0.012724802339300453,-0.0004729954829476894,0.01717430550200684,0.021549403672921356,63.3508861847591,0.00914130147649242,0.01038996981680602,-0.000779666840914159,0.0153722711566859,0.018380143386801214,69.98008056305187,0.06628323831860995,0.0654105987819674,0.7394891695582437,0,-0.0,1,0.48618,0,1,1,0,-0.012215616924956619,0,-0.039234970812107965,0,-0.046608971623379125,0
2023-05-07 00:00:00+00:00,12,0.7218,0.3544,0.9862,85,280023.3053,-158279.3499,0.6456,67,183297.4124,4655.286419,42189.315,58451.6589,16262.3439,89,283938.3863,10,28925.256802964024,1909.580501305987,0.000752,-2722.3416,3.2617,0.234019,-22.1853,70.201,0.028963,-0.012767,-0.0057,2.6868,0.148419,0.03035,0.13767669770332042,0.721343,-0.10596700000000003,-0.12434400000000001,0.0016579190712232377,0.013744759323264577,0.002090849156655829,0.01803280156543051,0.021602759793277176,57.85605329262857,-0.003527203878417006,0.015375271440144311,0.0013818304304989391,0.015576033431143565,0.018450879660363417,65.10439854125251,0.06601775445984316,0.06556607434333915,0.7336566242657582,0,-0.0,1,0.234019,0,0,0,0,-0.027019353887151362,0,-0.034393354698422474,0,-0.031028541628413526,0
2023-05-08 00:00:00+00:00,21,1.2086,0.4608,1.0,114,689153.3627,-42246.6504,0.5392,77,371598.0287,9508.661808,173772.0755,143783.2584,-29988.8171,114,689153.3627,16,27981.957034127743,1858.6756745944967,-0.000437,-180.8729,2.9851,0.352059,-8.5776,31.5595,0.049603,0.013147,-0.174,1.6585,0.157337,0.051985,1.147708062692885,0.802205,0.08086199999999999,-0.0047720000000001095,-0.012215616924956619,0.018863383226564043,-0.03305907785277169,0.01622733018003479,0.02219088978656431,51.500989978170004,-0.008202280221517977,0.00914130147649242,-0.030339643214661496,0.01643866029110458,0.019481002263161653,54.71479470571235,0.06642407721259785,0.06580478622070608,0.7364770498658929,0,-0.0,1,0.352059,0,0,0,1,-0.0073740008112711235,0,-0.004009187741262125,0,-0.02341086090952389,0
2023-05-09 00:00:00+00:00,19,1.1354,0.5518,1.0,99,615780.4301,-36661.9846,0.4482,68,276010.1708,14015.603598,180656.1498,159114.1095,-21542.0403,99,615780.4301,12,27618.269797484667,1845.0202082493868,0.000501,-1765.7561,2.1916,0.385457,-15.2004,-0.1393,0.031652,-0.006769,-0.0489,1.3627,0.092226,0.033755,0.5248117516422999,0.812596,0.010391000000000039,-0.014714000000000005,-0.027019353887151362,0.0016579190712232377,6.045195697043947e-05,0.016548095361662157,0.022163877322585082,52.08520078321383,-0.033155240448522916,-0.003527203878417006,-0.00768358814025282,0.01684281081678406,0.019624985426991953,51.06049715606362,0.06680433719339732,0.06602590706600939,0.7524309635990791,0,-0.0,1,0.385457,0,0,0,1,0.003364813070008985,1,-0.016036860098252725,0,-0.03838226570055503,0
2023-05-10 00:00:00+00:00,9,0.9755,0.195,1.0,121,1064944.1079,-38567.9974,0.805,101,857228.0497,14930.049771,102568.8149,105147.2433,2578.4285,121,1064944.1079,11,27756.5518223526,1851.23881271409,-1.5e-05,296.6961,2.2156,0.213337,-1.0206,9.3562,0.024878,0.000409,0.0562,1.6463,0.134654,0.026466,1.397096580212717,0.847058,0.03446199999999999,0.12571500000000002,-0.0073740008112711235,-0.012215616924956619,0.012724802339300453,0.01571063224177735,0.022077381576949988,41.42208705617157,-0.013082407911775897,-0.008202280221517977,0.01038996981680602,0.016224290066788855,0.019283127123141376,37.63259694030169,0.06669556163036328,0.06620969697549814,0.7558954565143828,1,-0.0,1,0.213337,0,0,0,1,-0.019401673168261725,0,-0.04174707877056398,0,-0.026729628916793962,0
2023-05-11 00:00:00+00:00,28,2.5304,0.2171,1.0,148,703412.1829,-38079.2634,0.7829,114,550726.7587,5151.688624,109436.2841,43249.1401,-66187.1441,148,703412.1829,6,27310.887671586228,1815.6678660629168,-0.000218,355.7446,2.2534,0.195359,9.3869,16.7173,-0.024704,-0.003455,0.0963,2.1019,-0.129422,-0.022505,2.3829265901169125,0.809609,-0.037448999999999955,0.007404000000000077,0.003364813070008985,-0.027019353887151362,0.013744759323264577,0.01541897592778559,0.021866291603378843,35.32044477005536,0.0049944111156162915,-0.033155240448522916,0.015375271440144311,0.01417776969402875,0.016689861456130686,30.171852554511702,0.0664814665819854,0.0663781252094556,0.7555364109776532,0,0.024704,0,0.195359,0,1,0,0,-0.022345405602302266,0,-0.007327955748532195,0,-0.006749228676036856,0
2023-05-12 00:00:00+00:00,12,1.4898,0.3594,1.0,111,891906.1222,-61946.415,0.6406,90,571315.9071,10431.448121,191826.998,128763.217,-63063.781,111,891906.1222,9,26527.090967758664,1775.5459706189413,0.000452,-3447.4672,0.9683,0.303864,-29.4775,-76.0691,-0.003226,-0.003481,-0.2749,0.6099,-0.00364,-0.001047,0.9187364378069879,0.852647,0.04303800000000002,0.04005100000000006,-0.019401673168261725,-0.0073740008112711235,0.018863383226564043,0.011771379643031253,0.022111896142680457,30.108057599299016,-0.016186475537175286,-0.013082407911775897,0.00914130147649242,0.01357201445375,0.01734360880127387,22.514826184325088,0.06693330877392326,0.06651996345296003,0.7803956653478186,1,0.003226,1,0.303864,0,0,0,1,0.015017449853770057,1,0.015596176926265448,1,0.027626255149923055,1
2023-05-13 00:00:00+00:00,11,1.1051,0.3656,1.0,67,230917.5605,-23736.6033,0.6344,52,146503.4341,4162.910174,44314.6696,40099.4568,-4215.2128,67,230917.5605,4,26836.218403900228,1802.411363141392,0.000918,-2376.7321,0.0882,0.237537,-23.5194,-90.5939,-0.010292,0.012232,-0.1759,-0.3335,-0.037348,-0.007933,-0.8342127858166146,0.759582,-0.09306500000000006,-0.087476,-0.022345405602302266,0.003364813070008985,0.0016579190712232377,0.014981959496380558,0.02086674260617581,35.738639827250125,-0.029118927025199824,0.0049944111156162915,-0.003527203878417006,0.016425222745562903,0.017462273419984287,27.22881623953728,0.06716338852270778,0.06664569919640258,0.7902847052139775,0,0.010292,0,0.237537,0,0,0,0,0.0005787270724953769,1,0.012608805296153035,1,0.008500624425580021,1
2023-05-14 00:00:00+00:00,14,27.4619,0.5424,0.9513,45,196861.0481,-40968.3179,0.4576,39,94696.4203,7821.858364,108303.4331,3943.7746,-104359.6586,56,206943.628,3,26875.254631950967,1803.4547692875856,0.000367,-151.6632,0.0255,0.350392,-1.1708,-69.5794,-0.099296,0.01386,-0.0111,-0.3903,-0.300409,-0.098251,-1.2449864554906873,0.765067,0.005485000000000073,-0.04454199999999997,0.015017449853770057,-0.019401673168261725,-0.012215616924956619,0.015439528898091848,0.016621199971115764,35.22019373324626,0.011585896665670725,-0.016186475537175286,-0.008202280221517977,0.017174012447656112,0.01722224030745862,27.255687302213317,0.06710465794595773,0.06680097112299037,0.8120741800808936,0,0.099296,0,0.350392,0,0,1,0,0.012030078223657644,1,0.00792189735308468,1,0.005723123514864545,1
2023-05-15 00:00:00+00:00,8,1.4012,0.4255,1.0,77,534462.1498,-42111.7443,0.5745,61,307053.395,7696.544275,132700.7783,94707.9764,-37992.8019,77,534462.1498,8,27330.30000303278,1825.281496618767,-0.001016,1773.4039,0.6759,0.272646,9.9711,-51.0307,-0.028968,-0.009812,0.1492,0.4065,-0.107948,-0.027654,-0.40623611337429844,0.849277,0.0842099999999999,-0.003370000000000095,0.0005787270724953769,-0.022345405602302266,-0.027019353887151362,0.014520472194845894,0.016895044902268497,46.90091207919984,0.0014535529456701456,-0.029118927025199824,-0.033155240448522916,0.016557652708855577,0.017638313696147784,38.59192711372435,0.06678600294970125,0.06685267479971943,0.9012701382238919,1,0.028968,0,0.272646,0,0,1,0,-0.004108180870572977,0,-0.006306954708793061,0,-0.005259664755456096,0
2023-05-16 00:00:00+00:00,4,0.828,0.2231,1.0,82,447174.7587,-37693.9048,0.7769,73,347431.9436,6594.417545,45179.9895,54562.8256,9382.8362,82,447174.7587,5,27073.65465283544,1817.7982917949955,4e-05,-113.3154,0.6249,0.24063,6.2411,-29.5892,0.012062,-0.015213,0.0962,0.9163,0.063957,0.014259,-0.19977864060290051,0.831038,-0.018238999999999894,0.07145600000000008,0.012030078223657644,0.015017449853770057,-0.0073740008112711235,0.014393049493266342,0.0168589010508397,45.75164964919611,0.016790015858918716,0.011585896665670725,-0.013082407911775897,0.016255559113746397,0.017669001346445473,38.22146923229021,0.06714270072158937,0.066901012446604,0.9078275480234076,0,-0.0,1,0.24063,0,0,0,0,-0.002198773838220098,0,-0.0011514838848830813,0,-0.004833353894953441,0
2023-05-17 00:00:00+00:00,6,0.4203,0.2616,1.0,81,456161.5485,-31105.3021,0.7384,69,336843.3786,6454.959832,35309.7611,84008.4087,48698.6475,81,456161.5485,6,27005.68885859804,1813.80575541863,0.000196,-415.1555,0.4662,0.217276,-4.449,-33.0176,0.028092,-0.015639,-0.0461,0.6667,0.153001,0.030356,-0.2243388256055018,0.823112,-0.0079260000000001,0.0580449999999999,-0.004108180870572977,0.0005787270724953769,0.003364813070008985,0.014191675318864044,0.016863537750712185,40.80607441499752,-0.00943487493259049,0.0014535529456701456,0.0049944111156162915,0.015895790269406067,0.017394221587574383,33.99402302234398,0.06716383962341152,0.06696790930275376,0.9068608097900238,0,-0.0,1,0.217276,0,0,0,0,0.001047289953337003,1,-0.0026345800567333043,0,0.0006107001353765208,1
2023-05-18 00:00:00+00:00,12,1.4608,0.3442,1.0,82,358539.6902,-24950.9781,0.6558,62,235136.0982,6045.632785,73255.2339,50148.3581,-23106.8758,82,358539.6902,8,27176.47410735562,1815.7063310167343,-0.000564,35.0685,0.471,0.26048,-4.2409,-46.6454,-0.006288,0.009888,0.1056,1.213,-0.010994,-0.002625,-0.1834454571943234,0.79544,-0.02767199999999992,-0.05383699999999991,-0.002198773838220098,0.012030078223657644,-0.019401673168261725,0.012197726340889432,0.016845657226129344,35.70079360158081,-0.0025135597293971827,0.016790015858918716,-0.016186475537175286,0.015263037529541794,0.017379564861420484,30.37599022337156,0.0668116961694193,0.06701508495810146,0.9184494417462469,0,0.006288,1,0.26048,0,0,0,0,-0.003681870010070321,0,-0.000436589817960444,0,-0.0011593809399363581,0
2023-05-19 00:00:00+00:00,9,2.02,0.4067,1.0,63,483407.9505,-25427.9359,0.5933,46,286809.5539,11957.11845,131500.4414,65097.9552,-66402.4862,63,483407.9505,8,26865.693025325567,1809.033428248008,0.000166,-752.0179,0.1877,0.306701,-3.9899,-21.1578,-0.033034,-0.002246,-0.0962,0.6946,-0.106123,-0.030812,-0.9413383073047011,0.834652,0.039211999999999914,0.003613999999999895,0.001047289953337003,-0.004108180870572977,-0.022345405602302266,0.007714403582929843,0.015878738334870354,25.519526515519928,0.006304134239836323,-0.00943487493259049,-0.029118927025199824,0.010508974003606734,0.017395018344140936,24.50275782122685,0.0673361906779282,0.06707263951581645,0.9180513302609269,1,0.033034,0,0.306701,0,0,1,0,0.0032452801921098633,1,0.002522489070134001,1,0.0018017152298466406,1
2023-05-20 00:00:00+00:00,3,1.6599,0.0927,1.0,59,258271.654,-25674.1867,0.9073,53,234332.6907,4251.814237,14938.9655,8999.9977,-5938.9678,59,258271.654,3,26929.759473640388,1814.9137851415248,0.001084,-1238.403,-0.271,0.151534,-10.6517,-8.2901,0.002176,-0.047201,-0.3518,-1.1415,0.034601,0.004532,-1.0907537499723579,0.786978,-0.047673999999999994,-0.036134,-0.003681870010070321,-0.002198773838220098,0.015017449853770057,0.005554699154224921,0.014664208753403647,26.404273367509305,-0.011501556081307866,-0.0025135597293971827,0.011585896665670725,0.009620497237638484,0.01653659587777627,26.099886821522546,0.06739435556110383,0.06710563480701588,0.9451016195174874,0,-0.0,1,0.151534,0,0,0,0,-0.000722791121975876,0,-0.0014435649622631845,0,0.01920244213485575,1
2023-05-21 00:00:00+00:00,7,0.1357,0.3208,1.0,62,289800.2899,-660.3277,0.6792,47,196842.7842,6846.995502,11110.0756,81847.4301,70737.3545,62,289800.2899,8,27000.25658133644,1813.6024555362608,-0.000173,36.1385,-0.2593,0.223971,-1.3586,-8.4779,0.088937,0.029611,0.1388,-0.4005,0.44464,0.090688,-0.9554377122820162,0.784025,-0.0029529999999999834,-0.011415000000000064,0.0032452801921098633,0.001047289953337003,0.0005787270724953769,0.005592317984516811,0.014214627175573157,28.888884676167933,0.0023818548084414584,0.006304134239836323,0.0014535529456701456,0.00964969317156377,0.015980692480099645,28.627750506440947,0.06716982300049285,0.0671149441005209,0.9409290546945558,0,-0.0,1,0.223971,0,0,0,0,-0.0007207738402873224,0,0.019925233256831664,1,0.00043785126382542283,1
2023-05-22 00:00:00+00:00,12,3.5489,0.4388,1.0,85,377326.8892,-8485.5197,0.5612,61,211766.9714,6237.420205,129164.5319,36395.3859,-92769.146,85,377326.8892,12,26819.056217907524,1812.2957293132404,-0.00102,1277.1265,0.2041,0.3389,9.6342,-8.8148,-0.030416,0.012105,0.2632,0.9719,-0.086413,-0.027445,-0.04264243298695601,0.78726,0.003234999999999988,-0.04739199999999999,-0.000722791121975876,-0.003681870010070321,0.012030078223657644,0.002603078084278443,0.013560600788373645,36.81625909118874,0.0026143937275479403,-0.011501556081307866,0.016790015858918716,0.0067610859152506635,0.01562848781591814,34.243294007734235,0.06757492562706739,0.06722764734014465,0.9365487223364479,0,0.030416,0,0.3389,0,0,0,1,0.020646007097118974,1,0.0011586251041127843,1,-0.01089426343395521,0
2023-05-23 00:00:00+00:00,17,1.088,0.1988,1.0,100,652020.9631,-10606.5897,0.8012,73,522405.7406,10627.717439,67539.9382,62075.2843,-5464.6539,100,652020.9631,10,27226.16985372264,1850.101324192144,-0.0002,681.7828,0.4469,0.192955,10.444,-4.6119,-0.013014,-0.004056,0.05,1.2119,-0.060137,-0.010515,0.5451178740343874,0.810485,0.02322500000000005,0.023507000000000056,-0.0007207738402873224,0.0032452801921098633,-0.004108180870572977,0.008296538165325844,0.01411701801704057,51.2602868252061,-0.006733681226175306,0.0023818548084414584,-0.00943487493259049,0.008743296297764097,0.015848175822945686,44.769190314023476,0.0679530515725178,0.06734341174742013,0.9328107028419518,0,0.013014,0,0.192955,0,0,0,1,-0.019487381993006203,0,-0.031540270531074145,0,-0.01746215598569306,0
2023-05-24 00:00:00+00:00,15,0.6464,0.423,1.0,99,483591.6932,-11287.4768,0.577,75,279010.7385,7664.980138,80324.2585,124256.6962,43932.4377,99,483591.6932,9,26639.49752637088,1814.3967175351152,2e-05,-981.5364,0.0838,0.308812,-12.6828,-12.8458,0.040846,0.013419,-0.1016,0.6684,0.152134,0.04378,0.4967491077204457,0.791665,-0.01882000000000006,0.00763999999999998,0.020646007097118974,-0.000722791121975876,-0.002198773838220098,0.011777289405940927,0.014477101677525698,41.97406807444386,0.01506594998409186,0.0026143937275479403,-0.0025135597293971827,0.012279804532661644,0.016313187710430294,36.6171481248971,0.06810926954380479,0.06747847316461918,0.9327846525135121,0,-0.0,1,0.308812,0,0,0,0,-0.012052888538067958,0,0.0020252260073131793,1,0.007680873961542615,1
2023-05-25 00:00:00+00:00,16,3.0207,0.4091,1.0,86,318685.5258,-17345.9733,0.5909,58,188322.8315,5137.128863,97939.5229,32423.1714,-65516.3516,86,318685.5258,12,26289.178692498976,1792.6592588712747,0.000143,-699.6793,-0.1761,0.281534,-4.5996,-13.2044,-0.03881,-0.011774,-0.0715,0.2825,-0.142295,-0.036697,-0.015783757657392993,0.753188,-0.03847699999999998,-0.03407199999999999,-0.019487381993006203,-0.0007207738402873224,0.001047289953337003,0.012603607213861523,0.014543081255188139,44.59071889793519,-0.02178365385796201,-0.006733681226175306,0.006304134239836323,0.012311729213781594,0.016461442487461845,37.33452911999172,0.06819000623183294,0.06767537460210683,0.9387124613041264,0,0.03881,0,0.281534,0,0,0,0,0.014078114545381123,1,0.019733762499610612,1,0.030836694791983203,1
2023-05-26 00:00:00+00:00,19,0.403,0.2653,1.0,106,817382.6944,5323.706,0.7347,65,600491.2778,9867.369617,62303.0737,154588.3429,92285.2692,106,817382.6944,22,26567.07754552837,1818.07500437892,-7e-05,-574.2569,-0.3925,0.223372,-3.984,-13.1985,0.049021,0.003273,-0.0052,0.2404,0.251975,0.052016,0.7563652647565332,0.835682,0.08249400000000007,0.025197000000000025,-0.012052888538067958,0.020646007097118974,-0.003681870010070321,0.013889468695737754,0.013322077316689124,60.79695019658493,-0.013237585918322952,0.01506594998409186,-0.011501556081307866,0.013085106923241373,0.013832872770641996,50.57091225555228,0.0684333834334341,0.06783211642432195,0.9473930998890118,1,-0.0,1,0.223372,0,0,0,1,0.005655647954229474,1,0.016758580246602116,1,0.04362820990529041,1
2023-05-27 00:00:00+00:00,8,1.3771,0.2904,1.0,58,329121.9836,4006.0548,0.7096,43,233551.675,6403.84699,55366.4176,40203.891,-15162.5266,58,329121.9836,7,26726.53771378793,1828.3865282468496,0.001361,-619.651,-0.6239,0.250646,-5.7926,-8.3394,0.01097,-0.008656,-0.129,-0.4581,0.056313,0.01307,-1.139904543745345,0.792198,-0.04348400000000008,0.0005330000000000057,0.014078114545381123,-0.019487381993006203,0.0032452801921098633,0.013992230760552005,0.01336798685147136,57.136129741190736,0.010515365009838816,-0.02178365385796201,0.0023818548084414584,0.013336093560301732,0.013737569834397967,48.378880183408135,0.0684109010986337,0.06797733721539766,0.9423517089659856,0,-0.0,1,0.250646,0,0,0,0,0.011102932292372629,1,0.03797256195106098,1,0.0400254500567651,1
2023-05-28 00:00:00+00:00,13,1.9511,0.6533,1.0,63,332431.4607,-16097.8263,0.3467,37,115268.0707,10833.800174,143576.6016,73586.7884,-69989.8132,63,332431.4607,13,27277.28900341094,1848.800095595696,-0.000445,361.293,-0.4937,0.394713,3.3828,-3.5981,-0.031096,-0.008418,0.214,0.6692,-0.076417,-0.028815,-0.9312524122303582,0.803841,0.01164300000000007,0.05065300000000006,0.005655647954229474,-0.012052888538067958,-0.000722791121975876,0.01444806988467912,0.013548055890552418,61.208311210286126,0.005984230694525166,-0.013237585918322952,0.0026143937275479403,0.015650560933048348,0.014264057787580314,55.11106329255609,0.067778000055816,0.06806421965187238,0.9486852797832862,0,0.031096,0,0.394713,0,0,1,0,0.026869629658688336,1,0.02892251776439251,1,0.01336842325111565,1
2023-05-29 00:00:00+00:00,12,2.5393,0.4691,1.0,76,522401.1683,-18071.4085,0.5309,54,277336.4391,10361.466,175824.4752,69240.254,-106584.2212,76,522401.1683,10,27868.981379808367,1899.1500829764764,-0.001051,795.9341,-0.2051,0.354685,7.2562,-5.9761,-0.069854,0.001203,-0.0119,0.5979,-0.197731,-0.066764,-0.4130712932653524,0.832205,0.028363999999999945,-0.0034770000000000634,0.011102932292372629,0.014078114545381123,-0.0007207738402873224,0.016900033689067645,0.014470603720473232,65.79088108267706,0.0203974576716271,0.010515365009838816,-0.006733681226175306,0.016778160555141076,0.01491580778160477,56.509222861485306,0.06814565832508139,0.06814575289444581,0.9463868403923894,1,0.069854,0,0.354685,0,0,1,0,0.0020528881057041578,1,-0.013501206407572644,0,-0.018641730025544843,0
2023-05-30 00:00:00+00:00,13,1.0954,0.3069,1.0,81,387661.5742,-18064.9552,0.6931,61,268673.7424,5140.49717,62203.6562,56784.1756,-5419.4806,81,387661.5742,7,27787.90102913672,1903.052830173788,2.8e-05,1029.4957,0.17,0.276885,11.8835,-4.5365,0.014837,0.044287,-0.0279,0.4415,0.074561,0.019157,-0.21657860619409589,0.814909,-0.017295999999999978,0.022711000000000037,0.026869629658688336,0.005655647954229474,0.020646007097118974,0.015763448813099944,0.014470411388414843,68.54664407541186,0.021459840512396453,0.005984230694525166,0.01506594998409186,0.016439966576884114,0.014905928333824712,59.07892774682442,0.06848494343557512,0.06822173744631115,0.9502032480512227,0,-0.0,1,0.276885,0,0,0,0,-0.01555409451327682,0,-0.02069461813124896,0,-0.007230380016671839,0
2023-05-31 00:00:00+00:00,9,1.0274,0.1641,1.0,92,829417.3219,-24603.7451,0.8359,76,693307.666,8551.389844,68974.3738,67135.2821,-1839.0917,92,829417.3219,7,27233.374457006023,1873.6815803336324,0.000112,-767.9192,-0.12,0.193089,-11.0828,-2.9365,0.014881,-0.021823,-0.1114,-0.1607,0.092658,0.016546,0.21216956246227947,0.866213,0.051304000000000016,0.06237199999999998,0.0020528881057041578,0.011102932292372629,-0.019487381993006203,0.0148277176080448,0.013407572758117409,61.86041475529203,-0.0029135806577580783,0.0203974576716271,-0.02178365385796201,0.016039355230406845,0.014339596266612074,52.60653189501514,0.0688009333287602,0.06832054655844763,0.9493796012136301,1,-0.0,1,0.193089,0,0,1,0,-0.005140523617972158,0,0.008323714496605019,1,0.013822779459068292,1
2023-06-01 00:00:00+00:00,1,0.9407,0.0384,1.0,96,1048418.6587,-15068.6664,0.9616,93,1008190.8956,28202.760927,19499.2818,20728.4813,1229.1995,96,1048418.6587,2,26908.01411678296,1864.0745895542389,0.000292,77.8786,-0.0957,0.116624,2.6447,4.3078,-0.010834,-0.007061,0.2187,0.9925,-0.073435,-0.007589,0.3664700810106197,0.884049,0.017835999999999963,0.051844,-0.01555409451327682,0.026869629658688336,-0.012052888538067958,0.01372342813335763,0.013447400877252233,59.32204135153172,-0.02015748793800926,0.021459840512396453,-0.013237585918322952,0.015837199650790373,0.01442572884586283,47.02351465410334,0.06927581431554199,0.06847566199897749,0.9462321095329015,1,0.010834,0,0.116624,0,0,0,1,0.01346423811457716,1,0.018963303077040493,1,0.01921585764720691,1
2023-06-02 00:00:00+00:00,5,0.6854,0.2392,1.0,100,664136.1306,-24015.9439,0.7608,84,505267.5995,6065.84858,64607.1023,94261.4288,29654.3264,100,664136.1306,11,27069.25400569745,1889.342659620184,4.5e-05,-751.1453,-0.3801,0.271462,-9.3641,-1.0723,0.034222,-0.041432,-0.3407,-0.8102,0.154022,0.039236,0.5072197808173439,0.866374,-0.017674999999999996,0.05146499999999998,-0.005140523617972158,0.0020528881057041578,0.014078114545381123,0.01366190024084442,0.013471511055730254,64.4026006996161,-0.012019058451219936,-0.0029135806577580783,0.010515365009838816,0.015584515558864101,0.014320929906925324,52.34076302901307,0.06979662827880373,0.06867041126260173,0.9477555361161745,0,-0.0,1,0.271462,0,0,0,0,0.005499064962463314,1,0.005751619532629789,1,-0.019129047818670194,0
2023-06-03 00:00:00+00:00,8,0.6154,0.4591,1.0,59,246640.8409,-17998.6733,0.5409,42,133400.2531,4548.756961,43141.1099,70099.4779,26958.368,59,246640.8409,9,27160.306632120035,1899.7608966692549,0.000959,-882.8612,-0.7083,0.315925,-6.2595,-1.5392,0.086692,0.025706,0.0528,-0.5215,0.301733,0.089435,-1.1261279052866529,0.784558,-0.081816,-0.08165500000000003,0.01346423811457716,-0.01555409451327682,0.005655647954229474,0.013661717658908144,0.01327206822301765,64.92681148498532,0.0059743804797950046,-0.02015748793800926,0.005984230694525166,0.015523066820491095,0.013988616810189824,52.6275716847262,0.06994622418668056,0.06888974313232273,0.944245461208961,0,-0.0,1,0.315925,0,0,0,0,0.0002525545701664577,1,-0.024628112781133468,0,-0.03492848347049754,0
2023-06-04 00:00:00+00:00,13,0.4949,0.38,0.9599,53,167452.9436,-4800.523,0.62,41,108160.9052,4447.62008,21944.6801,44341.9184,22397.2383,60,174447.5037,6,27165.63751069074,1900.240750558028,0.000651,-215.0246,-0.7811,0.235423,-1.8182,-6.7401,0.026858,0.010413,0.039,-0.3086,0.139637,0.029612,-1.0740471653907853,0.755214,-0.029343999999999926,-0.12883499999999992,0.005499064962463314,-0.005140523617972158,0.011102932292372629,0.01353108233505441,0.012791276147924748,65.29244006329523,0.0033580471947190255,-0.012019058451219936,0.0203974576716271,0.013319163543536633,0.013833343892723289,51.91070346657405,0.06995016221541678,0.06920005201226567,0.9428840852261731,0,-0.0,1,0.235423,0,0,0,0,-0.024880667351299943,0,-0.03518103804066396,0,-0.020036296051986167,0
2023-06-05 00:00:00+00:00,15,5.4367,0.4105,1.0,106,1736889.7722,-59780.2521,0.5895,85,1023912.684,34946.29597,602209.7064,110767.3817,-491442.3246,106,1736889.7722,6,26489.64135096304,1853.544814474624,-0.001744,1391.4457,-0.2656,0.467694,5.653,-8.3432,-0.038308,-0.032592,-0.1,-0.8225,-0.081688,-0.037251,0.733537926154435,0.917441,0.1622269999999999,0.051066999999999974,0.0002525545701664577,0.01346423811457716,0.026869629658688336,0.013030764105823616,0.013532023722690734,56.36696515226066,0.0001962553498859234,0.0059743804797950046,0.021459840512396453,0.01206360164331177,0.014442218436672316,46.53349382953647,0.06997243903444686,0.06946102068503217,0.9468892477621546,1,0.038308,0,0.467694,0,0,1,0,-0.010300370689364036,0,0.004844371299313812,1,-0.005044682938586504,0
2023-06-06 00:00:00+00:00,14,1.0378,0.423,1.0,95,1214538.5916,-60366.8925,0.577,66,700769.505,13041.584656,261647.5248,252121.5618,-9525.963,95,1214538.5916,15,26084.770202842472,1834.5506074194057,0.00018,-858.0007,-0.5815,0.378754,-2.0372,-22.264,0.027809,0.032426,0.127,-0.1478,0.076283,0.027751,0.28968643444316666,0.89262,-0.024820999999999982,0.10806199999999999,-0.024880667351299943,0.005499064962463314,0.0020528881057041578,0.012994215019376242,0.013483669534949293,47.463547311660314,-0.025199083661736173,0.0033580471947190255,-0.0029135806577580783,0.012237357929475692,0.014587211432931785,38.01023179917444,0.07033033425839778,0.06972464794543541,0.9519973507695653,0,-0.0,1,0.378754,0,0,0,0,0.01514474198867783,1,0.0052556877507775705,1,0.0034451694163045526,1
2023-06-07 00:00:00+00:00,10,1.0439,0.1722,1.0,95,1081355.2178,-60676.0033,0.8278,70,895142.3863,10370.567952,95107.8495,91104.9821,-4002.8674,95,1081355.2178,15,26710.184982126422,1862.545858372233,0.000993,-357.9785,-0.7074,0.221286,-2.491,-13.6722,0.013409,-0.000663,-0.0781,-0.5549,0.051649,0.010657,0.28968643444316666,0.889151,-0.0034689999999999444,0.13393699999999997,-0.010300370689364036,0.0002525545701664577,-0.01555409451327682,0.014067968888151513,0.012899080618308361,58.081311762945916,-0.015402137273535206,0.0001962553498859234,-0.02015748793800926,0.01618282625458924,0.014283981459212964,50.73403111778757,0.06973167200521402,0.06985761061350025,0.9555521121711211,0,-0.0,1,0.221286,0,0,0,0,-0.009889054237900277,0,-0.01169957257237324,0,-0.05334042837089817,0
2023-06-08 00:00:00+00:00,11,1.7106,0.2222,1.0,89,760172.942,-67177.9884,0.7778,70,591249.956,9386.566307,106603.8413,62319.1447,-44284.6967,89,760172.942,8,26480.027766206465,1844.2178142327248,0.00049,9.9622,-0.6995,0.251253,0.4918,-15.8251,0.009325,0.005569,0.1529,0.2505,0.033404,0.007746,0.06275061533106233,0.853578,-0.03557300000000008,-0.063863,0.01514474198867783,-0.024880667351299943,-0.005140523617972158,0.014419352202064336,0.01295716758575343,58.86736867105396,0.023693325789771354,-0.025199083661736173,-0.012019058451219936,0.015910018130319576,0.014183228657604656,52.05582035664332,0.06964561482017388,0.06991043925701909,0.9460117893892023,0,-0.0,1,0.251253,0,0,0,0,-0.0018105183344729798,0,-0.04345137413299785,0,-0.05046375127318797,0
2023-06-09 00:00:00+00:00,14,1.2459,0.5266,1.0,71,360583.6663,-74384.7552,0.4734,46,170701.656,6066.77009,105337.5256,84544.4847,-20793.0409,71,360583.6663,11,26520.34089694939,1840.881844895388,7e-06,-300.8796,-0.7939,0.3642,-1.8969,-8.3579,0.026729,-0.016312,-0.2479,-1.0338,0.080437,0.027575,-0.6595218574020005,0.817334,-0.03624399999999994,-0.07528599999999996,-0.009889054237900277,-0.010300370689364036,0.01346423811457716,0.012841526820268193,0.01294507054303276,54.22257382304742,-0.008654173032558691,-0.015402137273535206,0.0059743804797950046,0.015610682221556385,0.014143328207880288,49.47261078628633,0.06941395859308667,0.06985577215905951,0.9456981783463481,0,-0.0,1,0.3642,0,0,0,0,-0.04164085579852489,0,-0.04865323293871495,0,-0.056017482588548446,0
2023-06-10 00:00:00+00:00,21,1.1721,0.2909,1.0,90,688342.5015,-80501.9822,0.7091,57,488135.0742,9128.634872,108034.8243,92172.603,-15862.2213,90,688342.5015,12,25860.186279005244,1765.8000336509256,-0.000286,301.1538,-0.6809,0.273691,0.8489,-1.2495,0.007785,0.019562,-0.0721,-1.3864,0.034873,0.008904,0.17131568159804678,0.866009,0.048675000000000024,-0.023141999999999996,-0.0018105183344729798,0.01514474198867783,0.005499064962463314,0.018374469310506323,0.014612704279681298,40.51480634209079,0.0015212399284777122,0.023693325789771354,0.0033580471947190255,0.017332663309007186,0.014555813178402313,41.149127947985725,0.06828257208203103,0.06961810757268101,0.944078739324915,1,-0.0,1,0.273691,0,0,0,1,-0.007012377140190084,0,-0.014376626790023517,0,-0.013033130114843446,0
2023-06-11 00:00:00+00:00,20,4.7013,0.6759,0.9798,56,242480.2202,-99215.0844,0.3241,34,80200.1816,10700.150411,137934.2142,29339.7376,-108594.4766,61,247474.1334,7,25847.152206102328,1753.4608917821126,0.002218,-692.8607,-0.9315,0.386717,-3.628,-3.0594,-0.14559,0.041657,-0.1863,-2.3099,-0.394403,-0.144326,-1.0826838729614805,0.81074,-0.05526900000000001,-0.04283799999999993,-0.04164085579852489,-0.009889054237900277,0.0002525545701664577,0.017867629185967047,0.014096820427111193,35.25294425568944,-0.025207442887247883,-0.008654173032558691,0.0001962553498859234,0.017286106260319397,0.01361217665179318,33.804294968265125,0.06783961644208267,0.06931660103363327,0.9250625010308543,0,0.14559,0,0.386717,0,0,0,0,-0.007364249649833454,0,-0.0060207529746533215,0,-0.013384446355708707,0
2023-06-12 00:00:00+00:00,12,1.9131,0.4413,1.0,86,660869.3718,-42067.807,0.5587,67,369246.545,8764.812099,191517.1049,100105.7219,-91411.3829,86,660869.3718,7,25866.83689177355,1740.595398519522,-0.001735,26.6757,-0.9125,0.31641,-1.2288,-9.9412,-0.065342,-0.043262,0.3344,-0.5944,-0.217175,-0.065089,0.06593091560592627,0.866076,0.05533599999999994,0.04874199999999995,-0.007012377140190084,-0.0018105183344729798,-0.024880667351299943,0.016877934654251067,0.013841746443083966,22.757547916031854,-0.0005041479047596553,0.0015212399284777122,-0.025199083661736173,0.015444477940569681,0.013412747273954832,24.39140990283525,0.06729061639048278,0.06893348351306698,0.916256916110816,1,0.065342,0,0.31641,0,0,0,1,0.0013434966751801121,1,-0.006020196705875212,0,-0.05517851629068114,0
2023-06-13 00:00:00+00:00,18,5.746,0.4218,1.0,85,586845.1943,-65583.6611,0.5782,58,339325.6362,8595.614576,210828.2501,36691.3079,-174136.9422,85,586845.1943,9,25987.08072088002,1742.9354542268177,0.000355,-60.3834,-0.9274,0.374444,-0.8907,-8.7946,-0.062886,-0.001779,0.0249,-0.4688,-0.172714,-0.061567,0.03109640881934504,0.850481,-0.015594999999999914,-0.015527999999999986,-0.007364249649833454,-0.04164085579852489,-0.010300370689364036,0.017294955670609315,0.013845768962558926,22.41356655250101,0.0007612905894641638,-0.025207442887247883,-0.015402137273535206,0.014687463326371513,0.01344724087319537,27.254711318507447,0.06706930543477356,0.06846762225254922,0.907721870579224,0,0.062886,0,0.374444,0,0,0,0,-0.0073636933810553445,0,-0.056522012965861214,0,-0.037231455268019895,0
2023-06-14 00:00:00+00:00,14,6.4393,0.5855,1.0,93,995738.0946,-125903.8277,0.4145,72,412767.0555,26521.158665,504607.5364,78363.5028,-426244.0336,93,995738.0946,7,25842.033086555948,1730.148150631832,-0.001058,567.9992,-0.7152,0.418298,3.8022,-2.5014,-0.230903,-0.026803,-0.0734,-0.8327,-0.566258,-0.229403,0.40081262516253313,0.878143,0.027661999999999964,0.06740299999999999,0.0013434966751801121,-0.007012377140190084,0.01514474198867783,0.014246206987424473,0.013661279847959156,23.62844620853801,0.004637799810364538,-0.0005041479047596553,0.023693325789771354,0.010085649020328562,0.013033882692808486,30.244621296898544,0.06695093009272261,0.0680703734079076,0.9069733100746873,1,0.230903,0,0.418298,0,0,1,0,-0.04915831958480589,0,-0.029867761886964512,0,0.0008437572450166256,1
2023-06-15 00:00:00+00:00,15,0.6338,0.3371,1.0,109,648608.6678,-112576.3096,0.6629,77,429931.7169,9040.957624,84834.5103,133842.4406,49007.9304,109,648608.6678,17,25086.281303588115,1647.1536232925284,-0.001188,-307.9963,-0.826,0.274941,-0.3639,-3.3572,0.044012,-0.010663,-0.0879,-1.2656,0.176633,0.045503,1.148983498745345,0.846952,-0.03119099999999997,-0.01912399999999992,-0.0073636933810553445,-0.007364249649833454,-0.009889054237900277,0.02036688703980288,0.016171002916528152,18.298138109660115,-0.0055971635377252225,0.0007612905894641638,-0.008654173032558691,0.013872807443258743,0.013932469229945205,26.692566374160535,0.06565953731280748,0.06750093376399811,0.9052966965433685,0,-0.0,1,0.274941,0,0,0,0,0.019290557697841357,1,0.05000207682982256,1,0.04992023313521664,1
2023-06-16 00:00:00+00:00,14,3.89,0.5298,1.0,81,634546.4186,-137988.6592,0.4702,58,298374.6356,13425.180463,267425.6355,68746.1474,-198679.4881,81,634546.4186,9,25736.260712358253,1679.236589554126,0.000582,54.1514,-0.8075,0.364086,-1.6278,-3.0881,-0.142178,-0.009789,0.082,-0.8433,-0.406124,-0.14202,-0.1510353982892526,0.871634,0.02468199999999998,0.021152999999999977,-0.04915831958480589,0.0013434966751801121,-0.0018105183344729798,0.02406727672423256,0.016688485326812677,20.666985673331098,-0.029681220531123906,0.004637799810364538,0.0015212399284777122,0.018689212587151175,0.01484841320224994,35.14715526918319,0.06524788539882083,0.06690578045053157,0.9097997167169869,1,0.142178,0,0.364086,0,0,0,1,0.03071151913198118,1,0.030629675437375322,1,0.02685829919088142,1
2023-06-17 00:00:00+00:00,11,1.6416,0.3377,1.0,55,360893.1672,-139951.2671,0.6623,37,239016.2206,6457.616163,75738.7116,46138.2349,-29600.4767,55,360893.1672,7,26472.81673808458,1731.6085917111066,0.001338,-262.5691,-0.9046,0.274897,-1.8737,-5.8107,-0.012204,0.012615,-0.0689,-1.1733,-0.041511,-0.010762,-1.3547182218677603,0.836447,-0.03518699999999997,-0.041695999999999955,0.019290557697841357,-0.0073636933810553445,-0.04164085579852489,0.025287284327602636,0.017754921111132076,29.510961857185862,0.02557978503644609,-0.0055971635377252225,-0.025207442887247883,0.01960817611204095,0.01576180639063607,43.42113607499729,0.06541081777746616,0.06649552983559373,0.9127492177052032,0,0.012204,1,0.274897,0,0,0,0,-8.184369460587616e-05,0,-0.0038532199410997157,0,0.006432011813945683,1
2023-06-18 00:00:00+00:00,7,2.2256,0.4913,0.9038,32,175929.909,-129628.1324,0.5087,37,99029.7591,5874.103439,65978.4225,29645.8891,-36332.5334,52,194654.0708,8,26518.049178226425,1731.4668762656866,0.001454,-231.9838,-0.9863,0.334893,-0.5983,-2.781,-0.015409,-0.070017,0.1041,-0.6502,-0.047157,-0.014801,-1.456361469222878,0.776691,-0.05975600000000003,-0.07026100000000002,0.03071151913198118,-0.04915831958480589,-0.007012377140190084,0.025230173907050225,0.017752396434975146,29.421500323082924,0.028217502902838396,-0.029681220531123906,-0.0005041479047596553,0.019553567885171756,0.015638717646315827,43.856483559720765,0.0652939009437907,0.06613185619298059,0.9243118208794031,0,0.015409,0,0.334893,0,0,0,0,-0.0037713762464938604,0,0.006513855508551601,1,0.058069758775483954,1
2023-06-19 00:00:00+00:00,13,0.5421,0.451,1.0,74,356841.3656,-109742.8346,0.549,46,195890.0637,5252.409165,56582.8001,104368.5018,47785.7016,74,356841.3656,15,26500.91424007641,1724.9491613198825,-0.001139,354.5646,-0.855,0.318761,2.4023,0.85,0.065259,0.02244,-0.0174,-0.7368,0.223944,0.067249,-0.4383476172367256,0.823608,0.046916999999999986,-0.04802600000000001,-8.184369460587616e-05,0.019290557697841357,-0.007364249649833454,0.025134553001547013,0.017734469046665795,32.452825952198424,0.0017071791655172582,0.02557978503644609,0.0007612905894641638,0.019595549742285424,0.01562968514928659,50.123818326568134,0.06509017559519897,0.06581750750794005,0.9292297925893551,0,-0.0,1,0.318761,0,0,0,1,0.01028523175504544,1,0.061841135021977856,1,0.0961028846209981,1
2023-06-20 00:00:00+00:00,18,1.5062,0.4108,1.0,90,553608.5893,-91429.2011,0.5892,55,326166.0714,6757.532802,136692.0129,90750.505,-45941.5079,90,553608.5893,17,27159.35071912175,1742.782214545399,-0.000778,9.0917,-0.8507,0.315628,-1.3422,0.3985,-0.031782,0.013425,0.3283,0.8916,-0.097699,-0.029153,0.30241339108163634,0.842781,0.019172999999999996,0.006333999999999951,-0.0037713762464938604,0.03071151913198118,0.0013434966751801121,0.025515035610903628,0.017868644148829486,37.47564697279871,-0.0006463701906579516,0.028217502902838396,0.004637799810364538,0.02117545882574032,0.016281199884751654,61.15490141888113,0.06416877312602248,0.06540314574954703,0.9290309330365151,1,0.031782,0,0.315628,0,0,0,1,0.05155590326693239,1,0.08581765286595269,1,0.07971475733173512,1
2023-06-21 00:00:00+00:00,19,1.1256,0.3835,1.0,104,731849.4898,-32906.4626,0.6165,65,451212.2217,7615.068129,148611.0663,132026.2018,-16584.8644,104,731849.4898,20,29254.56541201678,1834.98941550436,-0.00067,245.6486,-0.7588,0.313189,2.1414,-1.2623,-0.014227,0.020366,-0.2239,-0.2391,-0.037585,-0.011195,0.9401025486886789,0.876492,0.033711000000000046,0.09980100000000003,0.01028523175504544,-8.184369460587616e-05,-0.0073636933810553445,0.03166343395995013,0.020311863124898414,46.91113170545835,0.02454216460606779,0.0017071791655172582,-0.0055971635377252225,0.03230591853781452,0.021102221408079963,69.64632952751347,0.06272489061658079,0.06479942582438392,0.9194498904123545,1,0.014227,1,0.313189,0,0,1,0,0.034261749599020286,1,0.028158854064802764,1,0.028310730868653336,1
2023-06-22 00:00:00+00:00,12,1.1296,0.2751,1.0,86,739658.2707,-41676.4338,0.7249,60,536159.256,7896.503451,107940.4412,95558.5734,-12381.8678,86,739658.2707,14,30113.412254776344,1898.9487868278256,-1.8e-05,-446.3659,-0.9191,0.260235,-2.1717,-3.0701,-0.01356,0.011374,0.0874,0.1941,-0.040374,-0.00992,0.11120106832352657,0.877762,0.0012699999999999934,0.054154000000000035,0.05155590326693239,-0.0037713762464938604,-0.04915831958480589,0.019901522746309394,0.020922448002525688,55.50442997869935,0.07431424733170662,-0.0006463701906579516,-0.029681220531123906,0.024665123592893735,0.021525670384767465,75.5268149870016,0.06305990071007744,0.06442804916685105,0.9283735727459449,1,0.01356,1,0.260235,0,0,1,0,-0.006102895534217542,0,-0.005951018730366908,0,0.000680691597943768,1
2023-06-23 00:00:00+00:00,19,1.1198,0.4775,1.0,86,407144.9771,-14863.4511,0.5225,48,212724.779,5146.800374,102704.4035,91715.7945,-10988.609,86,407144.9771,19,30323.616092911223,1887.39499241753,0.000698,192.9665,-0.8487,0.337473,0.6535,-0.7887,0.011227,0.04668,-0.1466,-0.5429,0.045268,0.014351,0.09722894261969547,0.820112,-0.05765000000000009,-0.02266900000000005,0.034261749599020286,0.01028523175504544,0.019290557697841357,0.022291628776151134,0.020613837428610324,54.62185475030143,0.02893501840845103,0.02454216460606779,0.02557978503644609,0.025711894164129206,0.021001224768295686,76.04378414138554,0.06224175199404229,0.06399860153759698,0.9316962473598587,0,-0.0,1,0.337473,0,0,0,0,0.00015187680385061284,1,0.006783587132161352,1,-0.005772686303429468,0
2023-06-24 00:00:00+00:00,6,0.9588,0.3929,1.0,59,344706.3174,-10227.3899,0.6071,39,209262.8429,6486.532616,66295.7613,69147.7131,2851.9518,59,344706.3174,14,30632.6794860112,1887.6816657055424,0.001731,-410.3239,-0.9978,0.330191,-2.8604,-1.7754,0.017478,-0.082145,0.225,0.5802,0.065741,0.020448,-1.1634801543303408,0.820611,0.0004990000000000272,-0.05588100000000007,-0.006102895534217542,0.05155590326693239,0.03071151913198118,0.022080310571587422,0.020460786848275087,64.60803036661845,0.006956155571998339,0.07431424733170662,0.028217502902838396,0.02605666099594408,0.020759701019752365,84.9604452413244,0.061623132464385826,0.06345750363572836,0.9254733984693742,0,-0.0,1,0.330191,0,0,0,1,0.006631710328310718,1,-0.00592456310728004,0,-0.0038337728563305547,0
2023-06-25 00:00:00+00:00,14,0.2615,0.6301,1.0,60,355248.0694,13683.1065,0.3699,34,131389.1378,15457.444644,46408.9953,177449.9363,131040.941,60,355248.0694,12,30632.19014144784,1900.2418253422447,-7e-06,-180.8573,-1.053,0.411015,-0.8333,-2.0104,0.162753,0.029951,-0.0578,0.2832,0.420194,0.165024,-1.097447927172769,0.833301,0.012689999999999979,-0.044461000000000084,0.00015187680385061284,0.034261749599020286,-8.184369460587616e-05,0.02159182051964717,0.02035058945002098,67.62355990934955,0.01014057821624569,0.02893501840845103,0.0017071791655172582,0.0262748743085531,0.020753958713152724,85.13202092676319,0.062034148278906874,0.0629918246836021,0.9228707380307478,0,-0.0,1,0.411015,0,0,1,0,-0.012556273435590778,0,-0.01046548318464123,0,-0.0230181811347133,0
2023-06-26 00:00:00+00:00,10,1.5723,0.3623,1.0,75,769269.7186,-2002.579,0.6377,47,490552.9764,11674.856192,170365.4195,108351.3227,-62014.0968,75,769269.7186,18,30299.5332134402,1876.5310404580723,-0.001105,115.1955,-1.001,0.314501,0.659,-3.7537,-0.020512,0.048528,-0.1185,-0.3221,-0.065871,-0.019826,-0.4020857304500702,0.878999,0.045698000000000016,0.05888700000000002,0.006631710328310718,-0.006102895534217542,-0.0037713762464938604,0.022960509491684516,0.02049266821835604,66.11840075023306,-1.597471981396084e-05,0.006956155571998339,-0.0006463701906579516,0.02789641740692122,0.020947729898862025,81.39672334029986,0.061932671610455195,0.06254075268578155,0.9203954525457686,1,0.020512,0,0.314501,0,0,1,0,0.0020907902509495267,1,-0.01046190769912248,0,-0.014706520849773318,0
2023-06-27 00:00:00+00:00,13,3.0111,0.2167,1.0,90,617449.7815,-5022.7508,0.7833,73,483653.2444,8568.694881,100439.6238,33356.9133,-67082.7104,90,617449.7815,4,30535.675810720204,1880.4585776605752,-0.001104,399.7195,-0.8468,0.236744,1.326,-1.0856,-0.034944,-0.022737,0.1318,0.3285,-0.153328,-0.033572,0.2990446998789067,0.817668,-0.061331000000000024,-0.002943000000000029,-0.012556273435590778,0.00015187680385061284,0.01028523175504544,0.023271232116950747,0.02040329478693637,66.22659739384798,-0.010919114537624211,0.01014057821624569,0.02454216460606779,0.02807477279314444,0.020736434530135975,81.62473367589716,0.061582346803682006,0.06217126321116149,0.9219732727497576,0,0.034944,0,0.236744,0,0,0,0,-0.012552697950072028,0,-0.016797311100722804,0,0.003819158732900299,1
2023-06-28 00:00:00+00:00,9,0.5742,0.2835,1.0,72,835164.5,6496.2161,0.7165,56,598384.6358,13533.443051,86365.9799,150413.8843,64047.9043,72,835164.5,7,30322.31541577033,1857.001283306412,-0.000453,149.1451,-0.7845,0.281313,3.3284,0.1014,0.063503,0.009278,-0.076,-0.0717,0.246027,0.065781,-0.5307686923137072,0.875382,0.05771400000000004,0.042081000000000035,0.0020907902509495267,0.006631710328310718,0.05155590326693239,0.016095571502372535,0.01991442984268242,64.78994952405057,0.007763391861321762,-1.597471981396084e-05,0.07431424733170662,0.013124605900639885,0.02054918051125462,81.17444679971328,0.06124206736338494,0.0619594313178478,0.9219673946300346,1,-0.0,1,0.281313,0,0,1,0,-0.004244613150650798,0,0.01637185668297237,1,0.03448468316904391,1
2023-06-29 00:00:00+00:00,8,1.5463,0.2815,1.0,72,542212.7939,3586.5375,0.7185,54,389557.569,7799.334074,92702.4215,59952.8034,-32749.6182,72,542212.7939,10,30396.739159906505,1849.1357361502523,-0.000674,1352.1809,-0.2957,0.262021,10.7302,13.0032,-0.026054,0.006176,0.1639,0.7538,-0.100795,-0.024871,-0.528228904456679,0.845883,-0.029498999999999942,-0.03311599999999992,-0.012552697950072028,-0.012556273435590778,0.034261749599020286,0.007279220760120754,0.01991707712689564,79.76741180977206,-0.007011774947030722,-0.010919114537624211,0.02893501840845103,0.007888422456963423,0.020520957021175044,91.88779180691435,0.060833358684383956,0.06164135388560587,0.9227364483907783,0,0.026054,0,0.262021,0,0,0,0,0.020616469833623145,1,0.03872929631969475,1,0.03654146994392,1
2023-06-30 00:00:00+00:00,18,1.3986,0.3228,1.0,112,773356.8161,-769.677,0.6772,81,523752.3054,6300.931139,145543.3108,104061.2,-41482.1108,112,773356.8161,13,30556.18870794232,1887.65407909426,-0.000123,-312.0354,-0.4132,0.303376,-1.7662,10.5836,-0.036345,-0.021484,-0.147,-0.0103,-0.114488,-0.033116,1.2948960614592504,0.879883,0.03399999999999992,0.06221500000000002,-0.004244613150650798,0.0020907902509495267,-0.006102895534217542,0.011594949750878847,0.020097017030083132,79.90455180798344,0.002451414368245406,0.007763391861321762,0.006956155571998339,0.00770861737182875,0.020051532389570692,91.09744444374765,0.06177648976894855,0.06157488785344962,0.9254373202408182,1,0.036345,0,0.303376,0,0,0,1,0.018112826486071584,1,0.01592500011029689,1,0.035769939402155296,1
2023-07-01 00:00:00+00:00,5,0.4441,0.4089,1.0,53,164592.4113,2523.6399,0.5911,36,97298.5463,2695.170615,20694.3475,46599.5176,25905.1701,53,164592.4113,12,30508.374394358387,1922.156353478102,0.001377,-1274.2013,-0.8749,0.294833,-11.0386,2.4053,0.044997,0.001572,0.0018,-0.0057,0.188016,0.05044,-1.4406717260987343,0.76605,-0.11383299999999996,-0.10933199999999998,0.020616469833623145,-0.012552697950072028,0.00015187680385061284,0.013465505822235919,0.02032912024494841,78.52119725949137,0.0052319032843364515,-0.007011774947030722,0.01014057821624569,0.006609781436426162,0.019856364141222414,88.93572137116908,0.06300422069795851,0.06177218617253143,0.9112275971076611,0,-0.0,1,0.294833,0,0,0,0,-0.0021878263757747155,0,0.017657112916083753,1,0.015759853841831477,1
2023-07-02 00:00:00+00:00,14,1.9953,0.3957,1.0,49,209257.4636,-20127.056,0.6043,31,126457.2455,4619.128,55157.0742,27643.1438,-27513.9305,49,209257.4636,4,30536.077719076824,1917.9556060382256,0.00084,-263.839,-0.9609,0.301605,-2.0104,1.2283,-0.004841,0.024079,0.0081,0.0323,-0.009279,-0.002596,-1.5918619087793164,0.78235,0.01629999999999998,-0.06353300000000006,0.018112826486071584,-0.004244613150650798,0.006631710328310718,0.013436388103626953,0.02019924217473933,77.62792652457347,-0.0015660252338372445,0.002451414368245406,-1.597471981396084e-05,0.006632118671587391,0.01986217449821055,88.88695516939993,0.06280949451605633,0.061882949920695644,0.8934410049458338,0,0.004841,1,0.301605,0,0,1,0,0.01984493929185845,1,0.017947680217606232,1,0.0018094345569656944,1
2023-07-03 00:00:00+00:00,11,0.3829,0.461,1.0,80,502071.8793,3485.5536,0.539,55,270633.5971,12008.6227,64082.0559,167356.2263,103274.1704,80,502071.8793,14,30808.21575076213,1956.397495490116,-0.001222,608.2054,-0.735,0.33395,4.4195,4.9888,0.075461,-0.008119,0.0585,0.3243,0.248793,0.078444,-0.1708036653372527,0.838349,0.05599900000000002,-0.04153399999999996,-0.0021878263757747155,0.020616469833623145,-0.012556273435590778,0.013438170650248575,0.020489373631286112,81.28971537956751,0.0009076443693468337,0.0052319032843364515,-0.010919114537624211,0.0055560295830972325,0.019881373684612357,89.70990770989346,0.06350246023065191,0.06210720543786661,0.8976875967653993,0,-0.0,1,0.33395,0,0,0,1,-0.0018972590742522342,0,-0.01803550473489271,0,-0.026779527291330804,0
2023-07-04 00:00:00+00:00,15,1.4476,0.4434,1.0,71,262214.7415,10031.7092,0.5566,48,145952.6211,4166.296234,68760.8705,47501.2498,-21259.6208,71,262214.7415,8,30999.198994865408,1952.689221479567,0.002501,907.7569,-0.4041,0.287654,-0.979,2.6839,-0.032422,0.008836,-0.0919,-0.1593,-0.109166,-0.02859,-0.5729732806718912,0.78036,-0.05798899999999996,0.014310000000000045,0.01984493929185845,0.018112826486071584,0.0020907902509495267,0.013711032886999817,0.020495761188539144,79.49172170539597,0.008872538961963083,-0.0015660252338372445,0.007763391861321762,0.00532779673629052,0.019869825044904445,88.60665897244233,0.06299160251860067,0.06230852768285498,0.8921279628210702,0,0.032422,0,0.287654,0,0,0,0,-0.016138245660640496,0,-0.024882268217078528,0,-0.0475877417924866,0
2023-07-05 00:00:00+00:00,9,2.7742,0.3864,1.0,65,335976.0123,-7836.7706,0.6136,52,206146.0572,5224.9377,95430.7047,34399.2503,-61031.4544,65,335976.0123,4,30605.39515044705,1921.4291628296469,0.003861,2188.9215,0.3777,0.29897,34.2277,33.5832,-0.08969,-0.004046,0.0666,0.1777,-0.288742,-0.077394,-0.841404335522889,0.805085,0.024724999999999997,0.02273500000000006,-0.0018972590742522342,-0.0021878263757747155,-0.012552697950072028,0.014535036988791758,0.02017611224944151,64.62306969330811,0.006179965712027277,0.0009076443693468337,-0.007011774947030722,0.007126180542421717,0.019354733017497842,70.5677395070814,0.06278073370346865,0.0625283371600098,0.8916761557969942,0,0.08969,0,0.29897,0,0,0,1,-0.008744022556438054,0,-0.03144949613184606,0,-0.03186364953953252,0
2023-07-06 00:00:00+00:00,14,1.1839,0.4007,1.0,70,376710.1694,-4974.1005,0.5993,44,225753.9666,5847.990747,81833.5652,69122.6376,-12710.9276,70,376710.1694,12,30535.080724045303,1904.701383509925,-0.004427,-1057.4735,-0.0109,0.32614,-17.6709,5.1821,0.00446,0.011353,0.2278,1.3323,0.026637,0.008123,-0.6239718664376567,0.828243,0.0231579999999999,-0.01010600000000006,-0.016138245660640496,0.01984493929185845,-0.004244613150650798,0.015094138400329967,0.020147505328902283,51.146857398898355,-0.012785059752712215,0.008872538961963083,0.002451414368245406,0.007226865782625708,0.01902789134554105,58.36658992029243,0.06237747988038033,0.062748925902295,0.8880539235599969,0,-0.0,1,0.32614,0,0,0,1,-0.022705473575408027,0,-0.023119626983094423,0,-0.019334940840225547,0
2023-07-07 00:00:00+00:00,11,1.4696,0.273,1.0,71,529594.0641,-2974.9579,0.727,49,385030.3825,9272.390747,86025.8971,58537.7845,-27488.1126,71,529594.0641,11,30192.94309589053,1861.941515122666,-0.003255,-879.6367,-0.3344,0.272077,-6.5907,0.3575,0.01247,0.022369,0.0659,1.6282,0.060275,0.015271,-0.6009513283477455,0.83525,0.0070070000000000965,0.054889999999999994,-0.008744022556438054,-0.0018972590742522342,0.020616469833623145,0.016103052838858163,0.020430579024044406,45.42758114475844,-0.002300095195385518,0.006179965712027277,0.0052319032843364515,0.008118648414459789,0.018929780034185013,47.529788784656354,0.06166810268244732,0.06273344203279482,0.8899815720925467,0,-0.0,1,0.272077,0,0,0,1,-0.00041415340768641447,0,0.003370532735182525,1,0.003203621648550391,1
2023-07-08 00:00:00+00:00,9,1.1015,0.2923,1.0,51,280854.1252,-7242.0738,0.7077,32,198749.6043,8105.150388,43034.581,39069.9399,-3964.6411,51,280854.1252,10,30232.32475581834,1861.1705453601624,0.000781,-1308.4967,-0.8079,0.245651,-10.2623,1.1339,0.010964,-0.041175,-0.0983,1.1012,0.059799,0.013413,-1.5326588141582032,0.789084,-0.04616600000000004,-0.016001000000000043,-0.022705473575408027,-0.016138245660640496,0.018112826486071584,0.013578854367170505,0.020345667062749904,45.24536544242883,-0.01126798557422201,-0.012785059752712215,-0.0015660252338372445,0.008199082914617928,0.01878544642370848,41.62872445132714,0.061562270198952274,0.06252744910436535,0.8907036894463016,0,-0.0,1,0.245651,0,0,0,0,0.0037846861428689187,1,0.0036177750562368474,1,0.0077657561447239416,1
2023-07-09 00:00:00+00:00,10,1.715,0.3866,0.9053,23,170760.5768,-6055.1712,0.6134,32,115692.2706,6399.168425,46067.4048,26861.7924,-19205.6124,47,188621.4678,5,30284.066239390737,1868.2278381278104,0.000591,-193.6898,-0.8731,0.283515,-1.6951,1.4492,-0.01685,0.02932,-0.0761,0.6957,-0.053664,-0.013877,-1.68340201397043,0.758495,-0.030588999999999977,-0.06974799999999992,-0.00041415340768641447,-0.008744022556438054,-0.0021878263757747155,0.013938986050593063,0.0203512500609125,44.176837982237224,0.0013034833573421219,-0.002300095195385518,0.0009076443693468337,0.008240568282568646,0.01878447453530512,42.880491678091865,0.061690125208410454,0.062367539203273085,0.8897567023854072,0,0.01685,0,0.283515,0,0,0,0,-0.00016691108663209232,0,0.0039810700018550645,1,0.008045610285249711,1
2023-07-10 00:00:00+00:00,10,1.3815,0.2321,1.0,71,315065.4113,-22482.4552,0.7679,56,241927.0439,4680.765742,42427.5924,30710.7751,-11716.8173,71,315065.4113,5,30266.38164105275,1867.9160362115945,-0.00013,445.1469,-0.7086,0.22897,2.4906,-0.4797,-0.028752,-0.027765,-0.2235,-0.4653,-0.119083,-0.024714,-0.5758485587297973,0.807317,0.04882199999999992,-0.027933000000000097,0.0037846861428689187,-0.022705473575408027,0.01984493929185845,0.009700232862690153,0.018734983150666573,48.276606497662506,0.001709999401140376,-0.01126798557422201,0.008872538961963083,0.006998743295387153,0.017965199723881737,49.21732886661539,0.06171586872736674,0.06211231184566092,0.8881530510893585,0,0.028752,0,0.22897,0,0,1,0,0.004147981088487136,1,0.008212521371881845,1,0.022139882163677,1
2023-07-11 00:00:00+00:00,8,1.1099,0.2589,1.0,68,308538.7989,-20039.8516,0.7411,53,228662.6913,4887.722845,42018.7518,37857.3558,-4161.396,68,308538.7989,7,30500.670861124567,1875.6802082917984,-0.00068,34.2972,-0.6953,0.238802,1.0082,1.5074,0.000446,0.004824,0.0294,-0.3239,0.01959,0.004261,-0.7043332489750762,0.806258,-0.0010589999999999211,0.017174000000000023,-0.00016691108663209232,-0.00041415340768641447,-0.0018972590742522342,0.01043144513667235,0.018663111387911564,49.061545838370485,-0.00058412776320815,0.0013034833573421219,0.006179965712027277,0.007332472739611768,0.01793714332412619,49.17932873546208,0.06149635910738265,0.061898705644058354,0.8777184168093667,0,-0.0,1,0.238802,0,0,0,0,0.004064540283394688,1,0.017991901075189904,1,0.05590574910727218,1
2023-07-12 00:00:00+00:00,13,1.0782,0.2906,1.0,77,397643.5976,-11942.4444,0.7094,53,282075.8021,4837.753239,59958.6996,55609.0959,-4349.6038,77,397643.5976,11,30586.74541694364,1883.3195006458548,0.00036,567.0066,-0.4894,0.256055,1.0063,-31.7139,0.010606,0.024319,0.1367,0.3696,0.054423,0.012874,-0.2799132602208874,0.820199,0.013940999999999981,0.06170399999999998,0.004147981088487136,0.0037846861428689187,-0.016138245660640496,0.009856574133231063,0.018576622725326508,55.53747636783674,0.007711099069214624,0.001709999401140376,-0.012785059752712215,0.005839118860353702,0.01792225869762832,56.609004267407684,0.06157305966925736,0.06172618078202817,0.8774776832816198,0,-0.0,1,0.256055,0,0,1,0,0.013927360791795195,1,0.051841208823877535,1,0.02733213811231338,1
2023-07-13 00:00:00+00:00,30,1.5082,0.4789,1.0,110,735717.5432,-20324.2897,0.5211,61,383413.521,5263.623639,211843.9335,140460.0887,-71383.8448,110,735717.5432,19,30701.93257804848,1909.732676785817,-0.000353,541.3966,-0.2953,0.369682,3.0926,-10.9505,-0.036704,-0.040426,0.0429,0.5833,-0.090412,-0.03175,1.262204759870195,0.860476,0.04027700000000001,0.05315900000000007,0.004064540283394688,-0.00016691108663209232,-0.008744022556438054,0.011230651534655928,0.018688379088470677,61.78949720030561,0.0028180799918338336,-0.00058412776320815,-0.002300095195385518,0.005905098586213641,0.017924581924308628,57.45577065460058,0.06220236045177343,0.061701163720798605,0.8769705594544104,1,0.036704,0,0.369682,0,0,1,0,0.037913848032082316,1,0.013404777320518223,1,0.011454053540687235,1
2023-07-14 00:00:00+00:00,16,1.0996,0.3708,1.0,104,553933.4796,-17789.6438,0.6292,71,348522.1217,5539.654479,107578.4748,97832.8831,-9745.5917,104,553933.4796,17,31056.56129696497,1983.528085616845,-0.000129,-846.5941,-0.6009,0.319577,-1.1895,-5.5492,0.0251,0.005536,-0.2338,-0.7527,0.093668,0.028249,0.962144171063516,0.843349,-0.017127000000000003,0.037090999999999985,0.013927360791795195,0.004147981088487136,-0.022705473575408027,0.013589450093021257,0.01962356249757964,66.07993014551803,0.0037588442268778575,0.007711099069214624,-0.01126798557422201,0.004178691018640097,0.01782907728986827,61.08735818480894,0.06386824563898795,0.06201546985744726,0.8693994433165156,0,-0.0,1,0.319577,0,0,0,0,-0.024509070711564107,0,-0.026459794491395038,0,-0.03514643265612217,0
2023-07-15 00:00:00+00:00,10,0.9841,0.3472,1.0,52,292877.9555,-17106.852,0.6528,30,191201.6742,9042.085978,50430.6897,51245.5916,814.9018,52,292877.9555,12,30325.53650777933,1935.504565366402,0.001421,-1083.7325,-0.9831,0.277687,-8.3956,-3.6825,0.009076,0.030367,0.0364,-0.5627,0.043497,0.011234,-1.426496527206464,0.80613,-0.037219,-0.014068999999999998,0.037913848032082316,0.004064540283394688,-0.00041415340768641447,0.01853422183088218,0.01772078032849979,52.15660658485886,0.011484496930874753,0.0028180799918338336,0.0013034833573421219,0.011421666972714645,0.017451263173724516,46.8529536131221,0.063824248084445,0.0623386095553748,0.8387846113535988,0,-0.0,1,0.277687,0,0,0,0,-0.0019507237798309497,0,-0.010637361944558017,0,-0.01791910333082717,0
2023-07-16 00:00:00+00:00,11,1.6385,0.4829,0.9893,42,184282.8571,-17473.0628,0.5171,26,96311.4951,6061.072605,55862.1598,34093.0718,-21769.088,44,186266.7267,7,30304.767910001447,1931.7326108016289,-0.00035,186.1062,-0.9048,0.321914,1.6972,-0.2902,-0.011639,-0.007123,0.2502,0.8734,-0.016922,-0.004967,-1.7432853341819512,0.750134,-0.055996000000000046,-0.11034200000000005,-0.024509070711564107,0.013927360791795195,0.0037846861428689187,0.01875305088550486,0.017569406728680657,52.2337960690689,-0.023819953364081124,0.0037588442268778575,0.001709999401140376,0.011413144653564978,0.017107277153774275,46.0097923862841,0.0637435210372986,0.06263195181664453,0.8310078230419228,0,0.011639,0,0.321914,0,0,0,0,-0.008686638164727088,0,-0.015968379550996177,0,-0.012941756216853242,0
2023-07-17 00:00:00+00:00,18,2.4904,0.4007,1.0,75,401871.5915,-25622.8984,0.5993,49,240825.5056,5009.719823,114905.8763,46140.2097,-68765.6665,75,401871.5915,8,30185.74124586548,1915.025020037917,-0.00109,620.7951,-0.6694,0.306718,5.4275,2.6466,-0.035699,0.00602,0.1141,1.5058,-0.108774,-0.031033,-0.3379476007983831,0.819096,0.06896200000000008,-0.02425299999999997,-0.0019507237798309497,0.037913848032082316,-0.00016691108663209232,0.01939282624035845,0.01701954094086892,42.82993902782567,-0.0006850897019114753,0.011484496930874753,-0.00058412776320815,0.011516330350391336,0.016632093585852922,38.70328583190084,0.06344137798173886,0.06287845313869769,0.8280396633952446,0,0.035699,0,0.306718,0,0,0,1,-0.00728174138626911,0,-0.004255118052126112,0,-0.0077892217621191575,0
2023-07-18 00:00:00+00:00,16,2.3434,0.4499,1.0,70,594293.3152,-40376.9439,0.5501,41,326900.87,10609.758921,187416.0799,79976.3653,-107439.7147,70,594293.3152,13,29952.8768242476,1901.130950995476,-0.000101,877.4188,-0.3412,0.351878,11.2964,12.9349,-0.062058,-0.000326,-0.2172,0.2851,-0.177001,-0.059695,-0.5490017077238005,0.867669,0.04857299999999998,0.06153900000000001,-0.008686638164727088,-0.024509070711564107,0.004147981088487136,0.019811544444355216,0.01712015671246792,41.33664764511555,-0.003935388192743953,-0.023819953364081124,0.007711099069214624,0.011183045457514737,0.01677328819845215,31.320454653276443,0.06347072977833178,0.06316050609169042,0.8170969459463413,1,0.062058,0,0.351878,0,0,0,1,0.003026623334142977,1,-0.0005074803758500042,0,-0.0043005796027102555,0
2023-07-19 00:00:00+00:00,9,1.0547,0.3362,1.0,73,490612.2671,-40383.1834,0.6638,53,325685.662,5679.943374,84659.9426,80266.6625,-4393.2801,73,490612.2671,11,29995.29803404757,1906.8936746909287,-7.8e-05,-488.7521,-0.5025,0.269878,-8.6439,3.2847,0.00713,0.002179,-0.0083,0.2483,0.038506,0.009751,-0.3918055952520437,0.847362,-0.020307000000000075,0.09722799999999998,-0.00728174138626911,-0.0019507237798309497,0.004064540283394688,0.019796744549957637,0.01707077036383817,47.31336912138415,-0.007744294528507236,-0.0006850897019114753,0.0028180799918338336,0.01108211315836512,0.016757556998025277,37.49930510049422,0.06357308643929524,0.06344622420169585,0.8195645326758235,0,-0.0,1,0.269878,0,0,0,0,-0.003534103709993002,0,-0.007327202936853189,0,-0.009067321296722221,0
2023-07-20 00:00:00+00:00,10,1.6128,0.352,1.0,74,372865.345,-34582.9553,0.648,56,241617.8996,4899.813697,81014.8468,50232.5986,-30782.2481,74,372865.345,8,29994.29364174052,1900.1664091096643,0.000134,117.6659,-0.4539,0.279901,0.9305,1.1226,-0.03352,0.010155,0.1462,1.0763,-0.118656,-0.030918,-0.32837461842684,0.815476,-0.03188599999999997,-0.0036200000000000676,0.003026623334142977,-0.008686638164727088,0.013927360791795195,0.01909838070181069,0.017063419163453393,49.12434427922335,0.0014152629994472108,-0.003935388192743953,0.0037588442268778575,0.010797685461430319,0.016320220807378234,38.585219981188104,0.06335093040715463,0.06361030562389315,0.8187720311327963,0,0.03352,0,0.279901,0,0,0,0,-0.003793099226860208,0,-0.005533217586729176,0,-0.012188574977616074,0
2023-07-21 00:00:00+00:00,5,1.9533,0.1145,1.0,67,569451.7208,-36198.1682,0.8855,60,504234.6159,9424.43363,43134.5933,22082.5116,-21052.0817,67,569451.7208,2,29849.982725893995,1892.972541524359,8.2e-05,214.4658,-0.3724,0.156153,0.2669,2.5791,-0.02352,-0.02094,-0.0674,0.6786,-0.133296,-0.018481,-0.666606483268387,0.852484,0.03700800000000004,-0.015185000000000004,-0.003534103709993002,-0.00728174138626911,0.037913848032082316,0.008728113217649738,0.014404182815311016,57.05135994874206,-3.348555237945474e-05,-0.007744294528507236,0.011484496930874753,0.008604940122156882,0.009358470262660372,42.04752737857027,0.06341620224397183,0.06354572799603371,0.8256684710064451,1,0.02352,0,0.156153,0,0,0,1,-0.001740118359868988,0,-0.008395475750755822,0,-0.017675607455078027,0
2023-07-22 00:00:00+00:00,4,0.3752,0.208,1.0,50,247967.4002,-32966.8949,0.792,39,196391.7232,4097.217878,14070.9312,37504.7459,23433.8147,50,247967.4002,7,29887.78918913781,1889.681409560168,-0.000256,-1027.7323,-0.7316,0.186276,-6.7933,4.1813,0.042301,0.033602,0.017,0.7804,0.273121,0.045586,-1.4751067409224252,0.797212,-0.05527199999999999,-0.05014999999999992,-0.003793099226860208,0.003026623334142977,-0.024509070711564107,0.003858808497398847,0.01296887132553216,56.4131271565668,-0.004822890486161906,0.0014152629994472108,-0.023819953364081124,0.003478385059487154,0.007692050789897962,42.01706459981362,0.06322586784863095,0.06346024510520312,0.7981622726143627,0,-0.0,1,0.186276,0,0,0,0,-0.006655357390886855,0,-0.015935489095208994,0,-0.018513252758980935,0
2023-07-23 00:00:00+00:00,15,1.262,0.3608,1.0,47,196650.0814,-31030.9251,0.6392,25,125698.3341,4631.471359,39584.5233,31367.2241,-8217.2992,47,196650.0814,7,29935.70503171792,1877.146662303608,0.000794,114.5774,-0.6786,0.259672,-0.8286,1.6555,-0.007332,-0.009652,0.0181,0.8793,-0.021927,-0.005213,-1.580814407884854,0.763154,-0.03405800000000003,-0.05232199999999998,-0.001740118359868988,-0.003534103709993002,-0.0019507237798309497,0.003967842125546869,0.012977985565029403,51.961557708819875,0.001265747518843591,-3.348555237945474e-05,-0.0006850897019114753,0.003729286612886892,0.007580373085227184,41.929628415822656,0.06270594463416532,0.06331201990475552,0.741905481624205,0,0.007332,0,0.259672,0,0,0,0,-0.009280131704322158,0,-0.011857895368094038,0,-0.009346018577579968,0
2023-07-24 00:00:00+00:00,18,2.0634,0.4533,1.0,72,385441.3224,-29871.7079,0.5467,42,210722.0368,4914.448811,117685.2157,57034.0699,-60651.1458,72,385441.3224,12,29451.05136033261,1859.807075316051,-0.000464,1276.0186,-0.2178,0.306674,13.4097,9.6377,-0.044148,-0.01785,0.027,1.0145,-0.139366,-0.039962,-0.3909311242060774,0.825766,0.062612,-0.02671800000000002,-0.006655357390886855,-0.003793099226860208,-0.008686638164727088,0.004086866223078802,0.013083450861120295,48.3332358990361,0.0016019075264861163,-0.004822890486161906,-0.003935388192743953,0.00669690437624626,0.007843137545255991,34.380958823563546,0.06314908940130438,0.06327026439326487,0.7630610413321942,1,0.044148,0,0.306674,0,0,0,1,-0.0025777636637718984,0,-6.588687325776799e-05,0,0.006199642825903963,1
2023-07-25 00:00:00+00:00,3,1.3495,0.1402,1.0,67,502385.8786,-16020.1931,0.8598,59,431933.3429,7801.666959,40465.8236,29986.7122,-10479.1114,67,502385.8786,5,29173.00383844784,1855.0191059936308,-0.000127,-252.7916,-0.3039,0.181355,-2.1247,-3.7835,-0.007844,-0.00439,0.06,1.3274,-0.036005,-0.005949,-0.6124626005161882,0.843803,0.01803699999999997,0.04659099999999994,-0.009280131704322158,-0.001740118359868988,-0.00728174138626911,0.0038729268128204334,0.013018326976045609,45.70487021903087,-0.016322306884868385,0.001265747518843591,-0.007744294528507236,0.006908986860795268,0.007978605725476514,25.051504177462036,0.0635868392664061,0.06328685146298978,0.7761650720954102,1,0.007844,0,0.181355,0,0,0,1,0.0025118767905141113,1,0.008777406489675902,1,0.006989610366373448,1
2023-07-26 00:00:00+00:00,8,1.9293,0.1968,1.0,67,584956.7796,-20610.1502,0.8032,54,469829.5916,10000.474051,75825.0838,39302.1041,-36522.9797,67,584956.7796,5,29273.482668948767,1859.6845424796927,0.000163,-317.5476,-0.4132,0.223883,-2.0972,2.7633,-0.013695,-0.016514,-0.0755,0.8799,-0.055767,-0.011588,-0.6033639075456566,0.850225,0.006422000000000039,0.08707100000000001,-0.0025777636637718984,-0.006655357390886855,0.003026623334142977,0.0037304476144807875,0.012838660753592692,45.043098604238594,-0.009485853746035744,0.0016019075264861163,0.0014152629994472108,0.007198240862205428,0.007831252584143562,25.569088400833834,0.06352795680345592,0.06328040437215558,0.7684232426246859,1,0.013695,0,0.223883,0,0,0,1,0.0062655296991617725,1,0.004477733575859378,1,0.008096573766427554,1
2023-07-27 00:00:00+00:00,9,0.8999,0.3918,1.0,62,216254.3907,-15574.6546,0.6082,44,131519.0981,3762.176713,40134.5358,44600.7567,4466.2209,62,216254.3907,9,29360.791456263472,1871.373030257572,-0.000106,471.2684,-0.2414,0.248121,-0.3062,1.5266,-0.014765,0.007133,-0.0079,0.8199,-0.050261,-0.01134,-0.830701695868905,0.779087,-0.07113800000000003,-0.046679000000000026,0.0025118767905141113,-0.009280131704322158,-0.003534103709993002,0.005271545675933136,0.012888004920914783,41.526165861918415,0.003438322318214637,-0.016322306884868385,-3.348555237945474e-05,0.007521297626008206,0.007690953208049475,24.91637811344026,0.06373714526889418,0.06333557792383267,0.7596658716852455,0,0.014765,0,0.248121,0,0,0,0,-0.0017877961233024136,0,0.0018310440672658227,1,0.0013167186292269728,1
2023-07-28 00:00:00+00:00,12,2.1585,0.3954,1.0,67,401080.1625,-20877.165,0.6046,48,242488.3563,6746.572435,108380.7304,50211.0758,-58169.6546,67,401080.1625,7,29262.93263922328,1868.0303856826488,-0.000127,662.7334,-0.0047,0.296184,2.177,3.4367,-0.048284,0.012478,-0.0638,0.4492,-0.165581,-0.045824,-0.6061673463485945,0.81521,0.036123000000000016,-0.02859299999999998,0.0062655296991617725,-0.0025777636637718984,-0.003793099226860208,0.005223626259468111,0.012679277818979805,14.119555709941466,0.002978082466120024,-0.009485853746035744,-0.004822890486161906,0.007483800202020442,0.007625979382808763,13.227472514322855,0.06383606211698649,0.06339555790569192,0.7728057656770985,0,0.048284,0,0.296184,0,0,1,0,0.0036188401905682174,1,0.0031045147525294273,1,-0.001964595024597792,0
2023-07-29 00:00:00+00:00,4,5.377,0.2543,0.9873,45,155815.1033,-28160.1826,0.7457,40,117679.4364,4410.564621,33840.9873,6293.6793,-27547.308,47,157814.103,3,29324.89419544271,1874.8027357549809,0.000255,-1645.4823,-0.5843,0.197821,-7.3185,2.9116,-0.042516,0.010603,0.0198,0.5639,-0.231515,-0.03956,-1.5338404553283866,0.734176,-0.08103399999999994,-0.11604899999999996,-0.0017877961233024136,0.0025118767905141113,-0.001740118359868988,0.005627189082855206,0.012665555148106567,24.593821056197882,-0.0033385428661693423,0.003438322318214637,0.001265747518843591,0.007567835934844694,0.007620695159425039,21.652558437497134,0.06393212276436237,0.06349645146508211,0.767722410632249,0,0.042516,0,0.197821,0,0,0,0,-0.000514325438038809,0,-0.005583435215165968,0,-0.01983121030395118,0
2023-07-30 00:00:00+00:00,12,0.6113,0.3977,0.9282,55,201043.0901,-24017.3758,0.6023,53,130449.0595,3876.174589,32677.846,53460.1938,20782.3479,73,216587.0993,8,29296.31589242663,1873.838724945569,0.000513,-187.179,-0.6347,0.27054,-3.8885,-0.1483,0.068554,-0.000306,-0.1177,-0.0816,0.277414,0.06835,-0.3039534160965314,0.746383,0.012206999999999968,-0.032703999999999955,0.0036188401905682174,0.0062655296991617725,-0.006655357390886855,0.005073533205503374,0.012079954426900847,25.170355223716086,0.002115169060470864,0.002978082466120024,0.0016019075264861163,0.007383201622333268,0.007523787263034331,21.54700263314028,0.0639615824674383,0.06367582829840682,0.778924501415514,0,-0.0,1,0.27054,0,0,1,0,-0.005069109777127178,0,-0.01931688486591233,0,-0.011592471216373884,0
2023-07-31 00:00:00+00:00,12,1.8557,0.1984,1.0,73,464171.5741,-19295.364,0.8016,57,372069.6292,9269.332462,59849.5038,32252.441,-27597.0628,73,464171.5741,4,29335.64693554553,1864.3640650779696,-4e-05,441.7028,-0.4587,0.196462,4.5037,-9.0543,-0.03263,-0.013492,-0.1889,-1.1487,-0.167224,-0.02997,-0.2936219257943894,0.843087,0.09670400000000001,0.02787700000000004,-0.000514325438038809,-0.0017877961233024136,-0.009280131704322158,0.003949858638115301,0.011596951348956603,26.74961521590089,-0.000975015876924203,-0.0033385428661693423,-0.016322306884868385,0.004597838507880564,0.007540331652655141,24.888340453136777,0.06355285326327506,0.06373350885011692,0.776300160000749,1,0.03263,0,0.196462,0,0,0,1,-0.01424777508878517,0,-0.006523361439246669,0,-0.013868208022715742,0
2023-08-01 00:00:00+00:00,12,1.391,0.3176,1.0,77,449211.3461,-21131.4989,0.6824,56,306524.2837,5619.390698,83009.5593,59677.5032,-23332.0561,77,449211.3461,9,29003.15290417398,1837.989361783974,-0.000721,-94.0903,-0.4765,0.292629,0.8349,-6.0947,-0.016579,-0.027397,0.4222,1.2892,-0.048957,-0.013496,-0.0965644992846226,0.849248,0.006160999999999972,0.11507199999999995,-0.005069109777127178,0.0036188401905682174,-0.0025777636637718984,0.006815017462701307,0.011845280518722804,23.866117056169784,0.0013416248449266775,0.002115169060470864,-0.009485853746035744,0.005230110588419506,0.007747622338765642,23.385759395833063,0.06337205364729365,0.0637028251902437,0.803698288100997,1,0.016579,0,0.292629,0,0,0,1,0.007724413649538485,1,0.00037956706606946753,1,-0.0017419388614954784,0
2023-08-02 00:00:00+00:00,18,2.3355,0.4318,1.0,82,429045.5358,-26510.959,0.5682,55,243775.8256,5345.317605,129724.4551,55545.2551,-74179.2,82,429045.5358,9,29440.01719112447,1852.2417266128205,-9.6e-05,107.0084,-0.42,0.324202,0.3353,-3.6622,-0.054329,0.023463,-0.0942,0.7497,-0.166523,-0.050698,0.14013564380072313,0.821826,-0.027422000000000057,0.07544299999999993,-0.01424777508878517,-0.000514325438038809,0.0025118767905141113,0.007548484781697373,0.011288604605005817,29.02566362655456,-0.011398850592111234,-0.000975015876924203,0.003438322318214637,0.007917158668183015,0.008105281234630946,37.386099955701376,0.06291578277920407,0.06361537175820772,0.8150813419181169,0,0.054329,0,0.324202,0,0,0,0,-0.007344846583469035,0,-0.009466352511033924,0,-0.011716757150712699,0
2023-08-03 00:00:00+00:00,11,2.1814,0.3609,1.0,66,303491.8176,-32959.0141,0.6391,49,193973.3036,5336.637189,75094.3397,34424.1744,-40670.1653,66,303491.8176,6,29175.612103670413,1838.687134430874,0.000195,-159.5149,-0.4762,0.267491,-3.9578,-7.3138,-0.04331,-0.01007,-0.1056,0.146,-0.160269,-0.03953,-0.5997752536837111,0.80003,-0.021795999999999927,-0.04305700000000001,0.007724413649538485,-0.005069109777127178,0.0062655296991617725,0.007240050446951399,0.01133355517093365,27.51318104912987,0.014950332887778696,0.0013416248449266775,0.002978082466120024,0.008636061832283657,0.008082827742275683,33.340233051108726,0.06302137305285738,0.06351311858448819,0.7910343545189429,0,0.04331,0,0.267491,0,0,0,0,-0.002121505927564906,0,-0.004371910567243625,0,-0.004319990232636546,0
2023-08-04 00:00:00+00:00,7,0.9254,0.3863,1.0,63,303940.1915,-23999.42,0.6137,48,186513.0304,5045.194276,56439.8285,60987.3326,4547.5042,63,303940.1915,8,29143.71749984067,1834.790483621636,0.000227,-319.285,-0.6272,0.269124,-1.4392,-10.93,0.009631,-0.014999,-0.0744,-0.265,0.049822,0.012482,-0.741595574779078,0.822823,0.022792999999999952,-0.026425000000000032,-0.007344846583469035,-0.01424777508878517,-0.0017877961233024136,0.007235544194570277,0.011015280952068631,28.156775235058035,-0.009021719428470864,-0.011398850592111234,-0.0033385428661693423,0.00857202739488823,0.007823633886312225,34.90752529244088,0.0629566383777796,0.06338748662174434,0.804862842177989,1,-0.0,1,0.269124,0,0,0,1,-0.0022504046396787363,0,-0.002198484305071601,0,-0.0035854002167440176,0
2023-08-05 00:00:00+00:00,5,0.9002,0.0837,1.0,50,176048.568,-19953.5036,0.9163,42,161305.6486,5001.448497,6984.4064,7758.5131,774.1067,50,176048.568,3,29030.09614042169,1830.666105105328,8e-06,-347.4963,-0.8082,0.143791,-2.2054,-5.8169,-0.015626,-0.033286,0.5261,2.8279,-0.115934,-0.013905,-1.3721244385519034,0.747671,-0.075152,-0.07415499999999997,-0.002121505927564906,0.007724413649538485,0.0036188401905682174,0.006721330478990629,0.010932284933885572,27.957135380162256,-0.001093791963193803,0.014950332887778696,0.002115169060470864,0.008558233208604736,0.007833858050543473,32.23880547635508,0.0630609728693353,0.06326303663674047,0.7924535761122568,0,0.015626,0,0.143791,0,0,0,0,5.192033460711819e-05,1,-0.0013349955770652416,0,0.004642253185892029,1
2023-08-06 00:00:00+00:00,7,1.8283,0.3232,0.9899,46,196749.8525,-25610.0221,0.6768,38,134508.6704,4423.636275,41527.2314,22713.9502,-18813.2811,48,198749.8521,3,29032.34751723364,1830.7611563695843,0.001314,-172.6177,-0.9342,0.259233,-1.252,-3.1804,-0.00657,0.041084,-0.2568,1.3153,-0.019149,-0.004514,-1.4482543854916394,0.759331,0.011660000000000004,-0.04069900000000004,-0.0022504046396787363,-0.007344846583469035,-0.000514325438038809,0.006765160043808745,0.010159554618427828,30.860854705052915,-0.003906276614442299,-0.009021719428470864,-0.000975015876924203,0.008577059887682608,0.007626378197467956,30.954769482465252,0.06305935664633533,0.06313414723372576,0.7962795699966642,0,0.00657,1,0.259233,0,0,0,1,-0.0013869159116723772,0,0.0045903328512849504,1,0.013998583047312406,1
2023-08-07 00:00:00+00:00,19,4.3408,0.3688,1.0,70,338746.714,-32831.8593,0.6312,48,213812.2237,5375.421062,101542.207,23392.2833,-78149.9237,70,338746.714,3,29046.16065249169,1828.223804544877,-0.001304,937.5209,-0.3818,0.28468,7.2187,-0.4655,-0.074143,0.001251,0.0333,1.4938,-0.260442,-0.068649,-0.3094589292179412,0.814259,0.05492799999999998,-0.008564000000000016,5.192033460711819e-05,-0.002121505927564906,-0.005069109777127178,0.006749852401438327,0.010160615688237144,35.09921495857148,7.755019152673643e-05,-0.001093791963193803,0.0013416248449266775,0.00853888683257099,0.007618101907979568,39.28484197038332,0.06294201242008365,0.063046884256127,0.7861991350035986,1,0.074143,0,0.28468,0,0,1,0,0.00597724876295731,1,0.015385498958984823,1,0.012694565284951557,1
2023-08-08 00:00:00+00:00,17,1.1939,0.4432,1.0,75,320330.0565,-31291.6649,0.5568,47,178346.8723,3888.729551,77266.9398,64716.2444,-12550.6954,75,320330.0565,11,29412.12531539269,1839.184277122072,-5.6e-05,77.7715,-0.3166,0.302573,3.2559,1.9555,0.004597,-0.025237,0.0312,1.661,0.028074,0.007878,-0.02656268872237147,0.8069,-0.007359000000000004,0.059228999999999976,-0.0013869159116723772,-0.0022504046396787363,-0.01424777508878517,0.00517641832217887,0.010201013048402327,42.95835557162862,0.00047567115457347164,-0.003906276614442299,-0.011398850592111234,0.008663618124974353,0.008012541655169373,56.03508667133921,0.06253149874074364,0.06292680498376271,0.786131897086556,0,-0.0,1,0.302573,0,0,0,0,0.009408250196027496,1,0.006717316521994286,1,0.003836488007987944,1
2023-08-09 00:00:00+00:00,6,1.1868,0.1669,1.0,68,404862.2758,-21518.9452,0.8331,56,337304.627,6432.063625,36663.9054,30893.7434,-5770.162,68,404862.2758,6,29710.8382460826,1856.569436685931,-0.000332,-213.6862,-0.4792,0.186908,-4.2829,-2.6627,-0.016294,0.009469,-0.3572,-0.3921,-0.081807,-0.013839,-0.3848522920328471,0.826183,0.01928300000000005,0.06685200000000002,0.00597724876295731,5.192033460711819e-05,0.007724413649538485,0.005611041684375729,0.01036105475322981,48.76309158075917,0.012520703876015005,7.755019152673643e-05,0.014950332887778696,0.007582624207352229,0.008264175640729995,59.97993206654564,0.062487952083638075,0.06286568631296757,0.7769313914691051,1,0.016294,0,0.186908,0,0,1,0,-0.002690933674033227,0,-0.005571762188039512,0,-0.004239462290588745,0
2023-08-10 00:00:00+00:00,10,1.5654,0.2417,1.0,73,337998.4445,-18280.9353,0.7583,57,256307.4749,6081.823128,49847.5325,31843.4371,-18004.0955,73,337998.4445,6,29497.81577265932,1851.5802472700857,9e-05,32.1919,-0.4379,0.212666,1.2029,2.498,-0.026465,0.029645,0.1546,0.5176,-0.126338,-0.024189,-0.07104144971939119,0.779705,-0.04647800000000002,-0.034553999999999974,0.009408250196027496,-0.0013869159116723772,-0.007344846583469035,0.0047609487576107225,0.010337228667999708,41.71815607636318,0.010104888336405504,0.00047567115457347164,-0.009021719428470864,0.007189225790342201,0.00819398554290349,52.96504389522102,0.06277007970828342,0.06282978726374272,0.7845153856563705,0,0.026465,0,0.212666,0,0,0,0,-0.0028808285140063017,0,-0.0015485286165554772,0,-0.0014949868341914226,0
2023-08-11 00:00:00+00:00,6,1.0243,0.3168,1.0,64,325139.7244,-19106.8857,0.6832,51,222130.9091,4302.892877,52121.4822,50887.3331,-1234.149,64,325139.7244,7,29384.12643489392,1846.2538380173376,-3.5e-05,-380.0088,-0.7537,0.251518,-3.2566,0.6806,0.007835,0.003168,-0.0651,0.1237,0.043423,0.010063,-0.6062076386753568,0.792028,0.012322999999999973,-0.014871999999999996,-0.002690933674033227,0.00597724876295731,-0.002121505927564906,0.0048516626795733694,0.010310813798690087,41.01971576957174,-0.007195684350780054,0.012520703876015005,-0.001093791963193803,0.007432098072449479,0.0081741726254284,52.614531008342304,0.06283167349242325,0.06281193513726324,0.7835854914416178,0,-0.0,1,0.251518,0,0,0,1,0.0013322998974508071,1,0.0013858416798149195,1,-0.0004911655791320772,0
2023-08-12 00:00:00+00:00,7,0.6747,0.3288,0.9687,39,314812.0343,-16251.7889,0.6712,36,218115.2552,11767.170698,43052.6608,63812.4452,20759.7844,50,324980.3612,7,29403.534540644785,1848.7152411158568,0.000858,-475.665,-1.1496,0.288804,-4.1582,-1.2723,0.069894,-0.012336,0.0905,0.6435,0.264242,0.071554,-1.4306785098397266,0.7856,-0.006427999999999989,-0.040583000000000036,-0.0028808285140063017,0.009408250196027496,-0.0022504046396787363,0.004649969417526591,0.009946233004689702,38.87909470374826,-0.003861607643399388,0.010104888336405504,-0.003906276614442299,0.0071051122940753155,0.00812700236655104,51.72593688446663,0.06287391192920566,0.06278521214581614,0.782384795328167,0,-0.0,1,0.288804,0,0,0,0,5.354178236409509e-05,1,-0.001823465476582844,0,-0.005481445604620076,0
2023-08-13 00:00:00+00:00,10,11.3377,0.2417,0.9597,38,153713.008,-18198.3593,0.7583,32,121453.2339,4965.053189,35577.2343,3137.9607,-32439.2736,45,160168.429,3,29380.91708645484,1848.8142272748737,0.000645,-10.2629,-1.161,0.188053,-0.3977,-0.418,-0.082337,0.012625,-0.0587,0.2924,-0.482818,-0.079188,-1.6792440102373738,0.735102,-0.05049799999999993,-0.04460299999999995,0.0013322998974508071,-0.002690933674033227,5.192033460711819e-05,0.00464989101952202,0.00669971958583948,39.2511610782249,0.0006602782330139765,-0.007195684350780054,7.755019152673643e-05,0.007146942742016119,0.007754397407718146,51.863316920531595,0.06292568138137568,0.06276611567939334,0.7851988084225219,0,0.082337,0,0.188053,0,0,0,0,-0.0018770072589469563,0,-0.00553498738698413,0,-0.01466946863536081,0
2023-08-14 00:00:00+00:00,6,1.3317,0.2187,1.0,67,325111.7673,-8478.871,0.7813,54,254011.2643,6622.666833,40607.0046,30493.4984,-10113.5062,67,325111.7673,7,29379.53126662139,1845.347244343792,-0.000861,734.3213,-0.4672,0.235423,6.5135,-1.1232,0.021839,-0.016315,-0.0303,0.1183,0.12109,0.025797,-0.38395946053274443,0.785442,0.05033999999999994,-0.006585999999999981,5.354178236409509e-05,-0.0028808285140063017,-0.0013869159116723772,0.00470227348441141,0.0052311209269209485,41.36233508078038,-0.0007695046795527853,-0.003861607643399388,0.00047567115457347164,0.007164641169481144,0.006553406453338515,50.982347776776194,0.06281064281104866,0.06274734859238833,0.8774012345573934,0,-0.0,1,0.235423,0,0,1,0,-0.003657980128037192,0,-0.012792461376413813,0,-0.04451607792279665,0
2023-08-15 00:00:00+00:00,3,0.5014,0.2478,1.0,70,267393.9827,-3541.6522,0.7522,61,201124.0274,5705.29245,22130.0593,44139.896,22009.8367,70,267393.9827,6,29319.590075570275,1838.609331882828,-0.000719,498.3731,0.0492,0.19486,2.5284,-1.8506,0.006986,0.003122,0.0205,0.2407,0.070277,0.011904,-0.20157000280937423,0.765428,-0.020013999999999976,-0.020171999999999968,-0.0018770072589469563,0.0013322998974508071,0.00597724876295731,0.0045225982271619525,0.005244449791640997,50.34584058320837,-4.716845676123175e-05,0.0006602782330139765,0.012520703876015005,0.005363169939145336,0.006555439226177838,58.13109257158267,0.06270924413144499,0.06277274079105996,0.8226299772610886,0,-0.0,1,0.19486,0,0,0,0,-0.009134481248376639,0,-0.04085809779475942,0,-0.09269884048917733,0
2023-08-16 00:00:00+00:00,15,1.1896,0.258,1.0,78,450334.2671,-4154.5278,0.742,57,334164.6999,7469.579245,63114.9292,53054.6381,-10060.2911,78,450334.2671,6,29111.019964377305,1821.8910620247127,4.5e-05,465.2122,0.5752,0.239362,5.5988,8.0311,-0.021207,-0.015613,0.1816,1.3089,-0.079048,-0.017293,0.26946644027244504,0.81494,0.049512,0.07983799999999996,-0.003657980128037192,5.354178236409509e-05,0.009408250196027496,0.0033384508275826536,0.00526577303474271,33.53373708436939,-0.002042320583867281,-0.0007695046795527853,0.010104888336405504,0.0032515413488610778,0.006628877271064775,40.46266483163096,0.06258424006627497,0.06278649621715095,0.8223866352812043,1,0.021207,0,0.239362,0,0,0,1,-0.031723616546382796,0,-0.08356435924080065,0,-0.0893975259550438,0
2023-08-17 00:00:00+00:00,13,1.1472,0.2691,1.0,105,834104.8054,-3780.7836,0.7309,84,609626.7358,8541.212415,119932.9778,104545.0918,-15387.8861,105,834104.8054,8,28196.09644680236,1765.001235133116,0.000156,887.6243,1.5546,0.270978,-0.3396,6.4886,0.002219,0.027849,-0.0974,0.7273,0.016262,0.00415,1.7939130035440618,0.860985,0.046045,0.07554300000000003,-0.009134481248376639,-0.0018770072589469563,-0.002690933674033227,0.01146878370117663,0.007557447637036494,22.567340558817094,-0.007139100443920504,-4.716845676123175e-05,-0.007195684350780054,0.011545696478117309,0.008622568665611159,29.133243375663085,0.06259736125045352,0.06276182215174668,0.8348859724430692,1,-0.0,1,0.270978,1,0,0,1,-0.051840742694417866,0,-0.05767390940866096,0,-0.053951592917492214,0
2023-08-18 00:00:00+00:00,17,1.1432,0.5223,1.0,99,639482.5297,-6792.5815,0.4777,62,305461.5532,7138.518779,178168.8555,155852.121,-22316.7345,99,639482.5297,20,26328.93135879461,1675.8334900005818,-0.000422,-1437.591,0.0084,0.364211,-4.2647,5.4805,0.023266,-0.016923,-0.1279,-0.0465,0.070564,0.024631,1.412270129559017,0.869337,0.008352000000000026,0.10390900000000003,-0.031723616546382796,-0.003657980128037192,-0.0028808285140063017,0.020232143805700847,0.011689256154018442,13.538085682337368,-0.03193325093496047,-0.002042320583867281,-0.003861607643399388,0.025975527797335692,0.014859857591330015,15.972680159998163,0.06364988639923685,0.06287870970986291,0.9061091623716242,1,-0.0,1,0.364211,0,0,0,1,-0.005833166714243113,0,-0.002110850223074306,0,-0.0020861570975907024,0
2023-08-19 00:00:00+00:00,7,1.3272,0.3992,1.0,55,280178.959,-12004.8714,0.6008,41,168321.2747,4823.745925,63791.9646,48065.7197,-15726.2449,55,280178.959,7,26002.241417653608,1666.086529328731,0.000502,-1108.6771,-1.1722,0.324341,-9.2228,0.4159,0.030708,0.015298,-0.1982,-1.2272,0.104708,0.031989,-1.095758995436457,0.809659,-0.05967800000000001,-0.00528099999999998,-0.051840742694417866,-0.009134481248376639,0.0013322998974508071,0.01950503887672338,0.011691560630267352,13.15870246791495,-0.06851515825489923,-0.007139100443920504,0.0006602782330139765,0.025055874531491187,0.014909080280303041,15.10442470358997,0.06407472735014225,0.0630502547699967,0.9624774046928213,0,-0.0,1,0.324341,0,0,0,0,0.0037223164911687934,1,0.0037470096166524526,1,-0.008563408146924799,0
2023-08-20 00:00:00+00:00,12,0.864,0.3222,1.0,52,297455.2845,-6371.9679,0.6778,34,201612.7887,7279.356716,44425.7225,51416.7732,6991.0507,52,297455.2845,6,26121.34197731702,1672.2997873749564,0.00112,47.1448,-1.1122,0.275835,-0.4132,0.4005,0.029235,-9.7e-05,0.2036,-0.0029,0.121396,0.031125,-1.2375462722464727,0.805858,-0.0038010000000000543,-0.05512700000000004,-0.005833166714243113,-0.031723616546382796,5.354178236409509e-05,0.02001515384357419,0.011784761539588996,15.582239462329937,-0.012485643558396913,-0.03193325093496047,-0.0007695046795527853,0.025724632259263445,0.015006042228165387,17.45399141954273,0.06402043925718405,0.06320664875225504,0.9607238044166552,0,-0.0,1,0.275835,0,0,0,0,2.469312548364519e-05,1,-0.01228572463809355,0,-0.011927045391601955,0
2023-08-21 00:00:00+00:00,10,1.3837,0.2314,1.0,71,462154.3479,-7386.3864,0.7686,54,355210.3943,7025.187313,62079.1947,44864.759,-17214.4357,71,462154.3479,7,26068.007570871192,1672.3410821932991,-0.00091,828.6011,-0.1568,0.234964,5.9106,-0.2025,-0.00922,-0.004969,0.1269,0.761,-0.034795,-0.007574,-0.1458091318086191,0.842755,0.03689700000000007,-0.026581999999999995,0.0037223164911687934,-0.051840742694417866,-0.0018770072589469563,0.020224245726134755,0.011801503948980746,15.764294783694396,0.004569937797208107,-0.06851515825489923,-4.716845676123175e-05,0.025518165116921027,0.014974722849433443,16.996739333047742,0.06415300738449992,0.06339841511989094,0.9612608422724395,1,0.00922,0,0.234964,0,0,1,0,-0.012310417763577209,0,-0.011951738517085558,0,-0.004900089024114726,0
2023-08-22 00:00:00+00:00,24,3.1429,0.6266,1.0,87,535927.4563,-35345.9865,0.3734,51,200095.8858,15084.55212,254769.4674,81062.1031,-173707.3643,87,535927.4563,12,25977.99624565021,1651.880065061467,-0.000514,926.8601,0.9957,0.499803,4.8126,2.0817,-0.000171,0.008786,0.0573,1.0902,0.001469,0.000704,0.7855294549817197,0.827726,-0.01502900000000007,0.018066999999999944,2.469312548364519e-05,-0.005833166714243113,-0.003657980128037192,0.01974093865585448,0.011889015812856115,10.653580435039572,-0.0020438815763897983,-0.012485643558396913,-0.002042320583867281,0.025384260244845285,0.014931379581565313,9.904648624635499,0.06358766278357823,0.06352390349876712,0.9612261147261713,0,0.000171,1,0.499803,0,0,0,0,0.0003586792464916363,1,0.007410328739462525,1,-6.287850142816e-05,0
2023-08-23 00:00:00+00:00,14,0.6145,0.3248,1.0,75,602831.7665,-27228.9292,0.6752,43,407019.2387,7548.103143,74526.7088,121285.8189,46759.1101,75,602831.7665,18,26158.73701631851,1652.4726664290504,-5.8e-05,-937.2398,-0.1395,0.302714,-5.3328,-8.8499,0.044408,-0.031172,-0.0131,0.9943,0.158393,0.045626,0.09920716035829207,0.845758,0.018032000000000048,0.03990000000000005,-0.012310417763577209,0.0037223164911687934,-0.009134481248376639,0.020544755347811906,0.011878945070503204,4.309086707398464,-0.0034589174331385113,0.004569937797208107,-0.007139100443920504,0.026837497392828695,0.01491228360071289,8.020516975402614,0.06317096522657781,0.06360772137881038,0.9580666509733204,1,-0.0,1,0.302714,0,0,0,1,0.007051649492970875,1,-0.00042155774791975426,0,-0.001597144878929887,0
2023-08-24 00:00:00+00:00,20,1.656,0.4832,1.0,72,267120.0378,-29584.3842,0.5168,39,138055.4731,3244.227795,80470.3178,48594.2468,-31876.071,72,267120.0378,13,26289.876727805226,1664.1665064428746,-0.00013,-275.5413,-0.4695,0.31452,-0.5577,-9.068,-0.019839,-0.009085,-0.0188,0.8677,-0.061814,-0.01811,-0.053937370142626576,0.775933,-0.06982500000000003,-0.06682200000000005,0.0003586792464916363,2.469312548364519e-05,-0.031723616546382796,0.020175777422261287,0.012045947331047588,9.516725856726211,0.006933364766076149,-0.0020438815763897983,-0.03193325093496047,0.02664685969003452,0.014961362551278813,11.484134864675312,0.06330065841209463,0.06370819240190197,0.9578099959124698,0,0.019839,0,0.31452,0,0,0,0,-0.007473207240890643,0,-0.00864879437190072,0,-0.007995168101595208,0
2023-08-25 00:00:00+00:00,9,1.439,0.2532,1.0,69,328089.0469,-28532.868,0.7468,54,245002.2678,5841.82059,49021.4499,34065.3292,-14956.1206,69,328089.0469,6,26038.353006499467,1651.7762005838922,0.000209,266.3013,-0.1315,0.245081,2.9434,-1.8599,0.009372,0.025886,0.0414,1.0877,0.046784,0.010587,-0.2397572562602106,0.805607,0.029673999999999978,-0.022119,0.007051649492970875,-0.012310417763577209,-0.051840742694417866,0.006773277602202307,0.012008594676136675,9.196297735772603,0.005000703561432712,-0.0034589174331385113,-0.06851515825489923,0.007536780823386299,0.01494334321889555,11.058562725445256,0.06343627802309885,0.06367767691959654,0.9608126682841225,1,-0.0,1,0.245081,0,0,1,0,-0.0011755871310100907,0,-0.000521960860704524,0,-0.0032128042384462806,0
2023-08-26 00:00:00+00:00,6,3.6932,0.2837,0.8106,22,100555.2858,-29171.8726,0.7163,41,88852.6087,4440.651701,27699.2768,7499.9993,-20199.2775,49,124051.8849,2,26034.23342612856,1649.8355346736128,0.000794,-1022.1013,-1.3793,0.173085,-8.947,-1.5841,-0.041669,-0.024079,-0.3622,-1.0265,-0.280153,-0.0413,-1.406198316624746,0.694284,-0.11132299999999995,-0.151474,-0.007473207240890643,0.0003586792464916363,-0.005833166714243113,0.006567123053290377,0.011866282370920881,8.228948725566468,-0.00961338305047472,0.006933364766076149,-0.012485643558396913,0.005807045391698839,0.014904458207289676,10.667666133876153,0.06337177314457815,0.06357725489023024,0.9605424167558478,0,0.041669,0,0.173085,0,0,0,0,0.0006536262703055528,1,-0.0020372171074361477,0,0.01710016335894446,1
2023-08-27 00:00:00+00:00,6,0.6237,0.5056,0.9835,39,298558.7946,-25089.7025,0.4944,29,150076.4873,10059.370074,58957.9237,94524.1648,35566.2412,44,303558.5758,9,26054.72530112113,1650.9142630249482,0.001429,-25.3203,-1.3838,0.374727,-0.3678,-1.5387,0.095982,-0.000386,0.0911,-0.4832,0.272663,0.097151,-1.6537309093322305,0.797402,0.10311800000000004,0.02146900000000007,-0.0011755871310100907,0.007051649492970875,0.0037223164911687934,0.006263584932853134,0.011891739839537617,8.631400655873108,-0.00015822453470134052,0.005000703561432712,0.004569937797208107,0.005497724779723199,0.014929859216132312,11.174981189599393,0.06336333405725486,0.06348338271881178,0.9627647754448181,0,-0.0,1,0.374727,0,0,0,1,-0.0026908433777417143,0,0.016446537088638948,1,0.036931478083372146,1
2023-08-28 00:00:00+00:00,14,7.5458,0.217,1.0,66,296720.2183,-29675.1577,0.783,48,232340.6224,6371.534878,56846.1087,7533.4872,-49312.6216,66,296720.2183,4,26021.2904965871,1646.4778827921052,-0.001696,1448.002,0.4812,0.218163,12.8346,5.3853,-0.04241,0.017182,0.3932,1.7697,-0.199983,-0.039584,-0.3687196326796299,0.786138,-0.011264000000000052,-0.01946899999999996,0.0006536262703055528,-0.007473207240890643,2.469312548364519e-05,0.006212832204352728,0.011805661060336174,8.580369096662992,0.0007868030596275928,-0.00961338305047472,-0.0020438815763897983,0.005466460402989495,0.014895723389750311,11.086355849645926,0.06327425932269017,0.06335784728141039,0.9632104027783445,0,0.04241,0,0.218163,0,0,0,0,0.01913738046638065,1,0.0396223214611139,1,0.02534196276829399,1
2023-08-29 00:00:00+00:00,24,1.8108,0.3655,1.0,91,438790.6124,-11469.4921,0.6345,57,278400.4998,5652.895105,103328.909,57061.2036,-46267.7054,91,438790.6124,10,26654.01790275092,1678.290591503547,-0.000373,589.5107,1.293,0.279353,-1.4026,-0.8299,-0.039216,-0.007286,-0.164,0.8093,-0.136602,-0.035545,1.083092822988999,0.819567,0.03342900000000004,0.12528300000000003,-0.0026908433777417143,-0.0011755871310100907,-0.012310417763577209,0.008612495934509632,0.012546568658203135,20.2104501990014,-0.0012840770790914836,-0.00015822453470134052,-0.0034589174331385113,0.010413924723979248,0.01574495584772542,23.217913123555917,0.0629657636468509,0.0632690045475922,0.9639590261448426,1,0.039216,0,0.279353,0,0,0,1,0.02048494099473324,1,0.006204582301913387,1,-0.02395066104000434,0
2023-08-30 00:00:00+00:00,16,1.6765,0.4831,1.0,75,319863.6346,-23728.9056,0.5169,48,165341.1354,4382.060249,96789.6417,57732.8574,-39056.7842,75,319863.6346,11,27365.337158562004,1713.0248249772856,-1e-06,-944.3761,0.0514,0.308807,-3.0705,1.4324,-0.037925,0.001577,-0.2168,-0.4234,-0.12183,-0.035123,0.16952029673772928,0.792233,-0.02733400000000008,-0.00516900000000009,0.01913738046638065,0.0006536262703055528,0.0003586792464916363,0.010919993618330069,0.013293769547466605,31.270071962810732,0.02402483664191791,0.0007868030596275928,0.006933364766076149,0.013540469477678547,0.016627499524229858,34.31623463194609,0.06259834531003826,0.06318720170237226,0.9679794024437659,0,0.037925,0,0.308807,0,0,0,0,-0.014280358692819867,0,-0.04443560203473754,0,-0.047701061895751205,0
2023-08-31 00:00:00+00:00,18,2.7577,0.401,1.0,89,569645.9925,-34438.5242,0.599,61,341233.8402,9551.101225,167627.7767,60784.3756,-106843.4011,89,569645.9925,10,26906.244839608706,1688.7360549641614,-5e-06,-97.942,-0.0687,0.311587,-1.6579,0.3322,-0.073865,0.011471,0.1204,0.2548,-0.243153,-0.071484,1.0078899193739475,0.835095,0.04286200000000007,0.04895700000000003,0.02048494099473324,-0.0026908433777417143,0.007051649492970875,0.013064035921970491,0.013294736537362578,34.979680166167114,0.026337240485717294,-0.0012840770790914836,0.005000703561432712,0.016202234802739038,0.01676145776276107,37.145197815730555,0.0627637213974271,0.06311049641456261,0.973872408694047,1,0.073865,0,0.311587,0,0,1,0,-0.030155243341917687,0,-0.0334207032029313,0,-0.03230908908474984,0
2023-09-01 00:00:00+00:00,13,1.1887,0.322,1.0,80,387890.9429,-33840.3294,0.678,57,262984.8564,5874.185726,67837.4216,57068.6648,-10768.7569,80,387890.9429,10,25897.258608518063,1638.5719647482986,0.00065,-444.128,-0.6807,0.266663,-4.7433,-7.3545,-0.003444,-0.0081,-0.1128,-0.4074,-0.006671,-0.001651,0.46182269495125694,0.810327,-0.024768000000000012,-0.009240000000000026,-0.014280358692819867,0.01913738046638065,-0.007473207240890643,0.017790384939591217,0.014036553826755236,41.03104875506274,-0.016918735478791212,0.02402483664191791,-0.00961338305047472,0.022420337674841063,0.0176406073903302,44.55624612313144,0.06327202386623824,0.06308703153501109,0.9758510944817028,0,0.003444,1,0.266663,0,0,0,0,-0.0032654598610136237,0,-0.0021538457428321115,0,-0.003686770875769435,0
2023-09-02 00:00:00+00:00,11,0.9866,0.4473,1.0,53,242460.9126,-30850.1385,0.5527,33,134010.4828,4478.549559,53859.1858,54591.244,732.0582,53,242460.9126,9,25812.48985179146,1633.230000499828,0.001089,-619.2496,-1.5118,0.295146,-2.5182,-0.9257,0.009499,-0.039356,-0.2628,-1.8911,0.042572,0.011691,-1.1318319362420468,0.773733,-0.036594000000000015,-0.01849999999999996,-0.030155243341917687,0.02048494099473324,-0.0011755871310100907,0.01780847941824183,0.014023645853601274,41.88910320564522,-0.038221291963912024,0.026337240485717294,-0.00015822453470134052,0.022437017477529294,0.017618455699145486,47.43242498163603,0.06327285782492917,0.06307290077506124,0.9791915378151159,0,-0.0,1,0.295146,0,0,0,0,0.0011116141181814981,1,-0.0004213110147557699,0,-0.0026532411354019485,0
2023-09-03 00:00:00+00:00,12,1.1036,0.532,0.96,40,138128.3145,-36469.6648,0.468,27,67336.1448,3502.533803,40156.074,36385.6313,-3770.4427,46,143877.85,7,25911.38734400603,1635.046531480308,-0.000528,-7.8357,-1.4955,0.307202,-0.0411,-0.599,0.05154,-0.015864,-0.0507,-2.1344,0.187931,0.053153,-1.521354049761463,0.710145,-0.06358799999999998,-0.12495,-0.0032654598610136237,-0.014280358692819867,0.0006536262703055528,0.01781831379633923,0.014050577442996976,40.626678457370936,-0.003278640302289414,-0.016918735478791212,0.0007868030596275928,0.022511582166120352,0.017670025754909384,47.15608003435261,0.06310146615358811,0.06303549107453742,0.9791704802247088,0,-0.0,1,0.307202,0,0,0,0,-0.001532925132937282,0,-0.003764855253583405,0,-0.003001019081019559,0
2023-09-04 00:00:00+00:00,4,1.8368,0.7516,1.0,55,646796.5451,-49908.708,0.2484,13,160696.288,27746.629416,314743.0906,171357.1666,-143385.924,55,646796.5451,38,25893.026470288107,1632.542047642222,0.000101,415.7654,-0.8972,0.492978,2.9053,-10.5282,-0.119273,0.064987,0.5118,0.73,-0.246313,-0.118098,-0.9631953203387386,0.861655,0.15150999999999992,0.05132799999999993,0.0011116141181814981,-0.030155243341917687,-0.0026908433777417143,0.017809485787416122,0.014053990123637712,40.1028228036948,0.003824060302309034,-0.038221291963912024,-0.0012840770790914836,0.022510519734771174,0.017679742724493526,47.60399942753511,0.06304948745622849,0.06300338080790004,0.9791669710369568,1,0.119273,0,0.492978,0,0,1,0,-0.0022319301206461368,0,-0.0014680939480822346,0,0.001359548670000657,1
2023-09-05 00:00:00+00:00,11,1.7574,0.2621,1.0,64,392189.6696,-47333.0701,0.7379,48,289384.6698,7203.921061,65521.6197,37283.3801,-28238.2396,64,392189.6696,5,25729.624016885613,1628.902391113302,0.000172,156.7908,-0.6677,0.238114,0.1265,-8.9991,-0.023938,-0.019245,-0.143,-0.0842,-0.097506,-0.02133,-0.40626810078284675,0.804428,-0.05722699999999992,0.030695000000000028,-0.001532925132937282,-0.0032654598610136237,0.01913738046638065,0.015409284678964944,0.01403848128311104,43.72435793852947,-0.0007088536722976505,-0.003278640302289414,0.02402483664191791,0.01970081337141719,0.01766983821449366,46.6508123335746,0.06330844127548464,0.06305233475484771,0.9794063942032448,0,0.023938,0,0.238114,0,0,0,0,0.0007638361725638883,1,0.0035914787906468357,1,0.005432193335818436,1
2023-09-06 00:00:00+00:00,13,0.9666,0.4332,1.0,63,329953.7306,-41406.3276,0.5668,38,187027.8505,4716.547083,70247.7337,72678.1464,2430.4127,63,329953.7306,12,25712.85907026644,1630.1470809902687,-0.001724,194.5131,-0.3906,0.297665,3.1192,-2.8094,0.002156,-0.021401,-0.0473,-0.3491,0.012903,0.00359,-0.4521255232334743,0.801102,-0.003326000000000051,0.09095699999999995,-0.0022319301206461368,0.0011116141181814981,0.02048494099473324,0.01141464507668997,0.014057206148452003,43.9279178917292,-0.006330670648977857,0.003824060302309034,0.026337240485717294,0.014487171821461618,0.01766113117267485,43.73191130287326,0.06339812607129795,0.06316658914931338,0.978322372071905,0,-0.0,1,0.297665,0,0,0,0,0.0028276426180829334,1,0.004668357163254588,1,0.0024078285461914205,1
2023-09-07 00:00:00+00:00,14,1.7636,0.5006,1.0,59,374115.5053,-33535.3845,0.4994,37,186828.1633,6917.662041,119517.0706,67770.2714,-51746.7992,59,374115.5053,8,25817.035179342314,1634.7630774687802,0.000682,-46.0419,-0.4507,0.359269,-1.5998,-2.7512,-0.039662,0.017813,0.0811,0.092,-0.110297,-0.037665,-0.6865308469088255,0.814151,0.013048999999999977,-0.04750399999999999,0.0007638361725638883,-0.001532925132937282,-0.014280358692819867,0.011448565513574933,0.013993107937804342,41.73049017904622,-0.0006517938562296094,-0.0007088536722976505,-0.016918735478791212,0.014717572925659285,0.017453234127659586,43.33634173334916,0.06332110043281994,0.06324621472579807,0.9781273136159554,1,0.039662,0,0.359269,0,0,1,0,0.0018407145451716416,1,-0.0004198140718914712,0,-0.007152778079582469,0
2023-09-08 00:00:00+00:00,12,1.8389,0.2807,1.0,62,349404.9432,-36136.6255,0.7193,45,251342.7011,5668.074727,63519.8431,34542.399,-28977.4441,62,349404.9432,5,26027.96648833679,1637.7749808201218,-8.3e-05,-313.3678,-0.8683,0.233102,-3.4416,-1.4496,-0.023475,0.01077,0.0342,0.2682,-0.10227,-0.021977,-0.48813889430686536,0.800389,-0.013761999999999941,-0.004039000000000015,0.0028276426180829334,-0.0022319301206461368,-0.030155243341917687,0.002279024326122735,0.01381144770427957,45.83337321550663,0.004043332613821013,-0.006330670648977857,-0.038221291963912024,0.004921327002398169,0.017400669954341842,49.85190889538343,0.06292366257479291,0.06319644882702018,0.9788519631018475,0,0.023475,0,0.233102,0,0,0,0,-0.0022605286170631262,0,-0.00899349262475407,0,-0.03272820077551057,0
2023-09-09 00:00:00+00:00,7,3.614,0.2883,0.9321,33,153260.7577,-40077.5405,0.7117,36,117029.968,4940.773456,37127.6043,10273.2578,-26854.3464,46,164430.83,3,25865.45842012464,1634.0769249629664,0.001005,-572.3313,-1.6261,0.196563,-2.4495,-1.3809,-0.046689,-0.020065,-0.0545,-0.0903,-0.26022,-0.044454,-1.4447130685594751,0.70118,-0.09920899999999999,-0.09992199999999996,0.0018407145451716416,0.0007638361725638883,-0.0032654598610136237,0.0020658287641964483,0.013813270960747439,45.351699919880566,0.008137041799486044,-0.0006517938562296094,-0.003278640302289414,0.005428552003520266,0.017396356973092025,47.69054346469514,0.06317602798377513,0.0631826159925696,0.9773320734970566,0,0.046689,0,0.196563,0,0,0,0,-0.006732964007690957,0,-0.03046767215844741,0,-0.028720230517777914,0
2023-09-10 00:00:00+00:00,12,1.0624,0.5274,1.0,50,199880.1248,-39994.746,0.4726,27,94467.4402,3545.587294,54301.7829,51110.9017,-3190.8812,50,199880.1248,11,25815.887658406748,1623.1116994992544,0.00105,-92.4156,-1.714,0.313089,-0.7429,-2.0827,0.017992,0.016469,0.0191,0.0135,0.063285,0.01857,-1.174717254869794,0.782317,0.08113700000000001,-0.03183399999999992,-0.0022605286170631262,0.0028276426180829334,0.0011116141181814981,0.0032164654054381452,0.01381882146120101,42.231665054190024,-0.006263167240449831,0.004043332613821013,0.003824060302309034,0.005236477704289445,0.017401971838830854,46.75605557527062,0.06287258919685841,0.06314991928446535,0.9775282743300273,0,-0.0,1,0.313089,0,0,0,1,-0.023734708150756463,0,-0.021987266510086916,0,-0.015819931475444825,0
2023-09-11 00:00:00+00:00,6,1.0672,0.1509,1.0,88,750407.404,-20036.6459,0.8491,75,637148.4994,4822.721514,58469.0641,54789.8405,-3679.2237,88,750407.404,7,25508.70350000377,1585.0412003006693,-0.00128,1237.8816,-0.0602,0.18799,5.7869,0.7988,-0.004457,-0.026755,-0.218,-1.3492,-0.014415,-0.002514,1.1232010915002977,0.876716,0.09439900000000001,0.07632700000000003,-0.006732964007690957,0.0018407145451716416,-0.001532925132937282,0.009184868913400037,0.01421896076476744,35.41426894963726,-0.0019183237543436737,0.008137041799486044,-0.0007088536722976505,0.006798454419179864,0.017430207394624617,43.48241749028128,0.06213727013999105,0.06301960252500285,0.975854175285112,1,0.004457,1,0.18799,0,0,0,1,0.001747441640669535,1,0.00791477667531168,1,0.0247518937933373,1
2023-09-12 00:00:00+00:00,0,,0.0,1.0,78,1396354.7271,-16002.6117,1.0,78,1396354.7271,5406.148953,0.0,0.0,0.0,78,1396354.7271,0,25854.52231329996,1587.8133887095637,-0.000238,-623.1734,-0.8839,0.073828,-1.4743,-0.802,-0.0003,-0.035882,-0.2122,-2.601,0.009795,0.000674,0.5340274651113902,0.955328,0.0786119999999999,0.25414799999999993,-0.023734708150756463,-0.0022605286170631262,-0.0022319301206461368,0.00944768865147061,0.014243593560736591,25.47234776872574,-0.01197039545781645,-0.006263167240449831,-0.006330670648977857,0.00863289058074844,0.017733063419630025,39.281864255752495,0.061413371690598524,0.06274887829859056,0.962198448813358,1,0.0003,1,0.073828,0,0,0,1,0.006167335034642131,1,0.023004452152667804,1,0.024199232375494772,1
2023-09-13 00:00:00+00:00,14,0.6066,0.3433,1.0,88,470815.2658,-10695.893,0.6567,65,309195.625,7832.547121,61021.0985,100598.5423,39577.4438,88,470815.2658,9,26067.83887434191,1597.636225076544,0.000278,350.8712,-0.4129,0.27667,9.1431,5.2219,0.000287,-0.162558,-0.6559,-5.4681,0.125442,0.029565,1.1901412547530708,0.848002,-0.10732599999999992,0.065685,0.001747441640669535,-0.006732964007690957,0.0007638361725638883,0.010068744659216915,0.014380890908572176,14.656044510762385,0.01346582241937,-0.0019183237543436737,-0.0006517938562296094,0.009043831823927822,0.017864493460134464,30.40530890375686,0.06128763618563976,0.06244737974349653,0.9583019641791071,0,-0.0,1,0.27667,0,0,0,0,0.01683711711802566,1,0.01803189734085268,1,0.02485318625097758,1
2023-09-14 00:00:00+00:00,18,1.2758,0.4354,1.0,73,295020.7316,-5527.2068,0.5646,45,166560.3372,3309.413343,72013.1951,56447.1994,-15565.9957,73,295020.7316,10,26433.70529378264,1624.7635453908265,-0.001066,-43.0544,-0.4678,0.324995,-7.4472,-0.6256,-0.017993,0.203679,0.8964,-0.9115,-0.050347,-0.015431,0.2557566172843544,0.804077,-0.04392499999999999,-0.07263900000000001,0.006167335034642131,-0.023734708150756463,0.0028276426180829334,0.012492448077176518,0.014914172948896165,30.921714893258155,0.008216797400853635,-0.01197039545781645,0.004043332613821013,0.010131695923144165,0.01816024994271546,42.67635556470031,0.061465599594657666,0.06218230819518764,0.9588911174138994,0,0.017993,0,0.324995,0,0,0,0,0.0011947802228270072,1,0.008016069132951963,1,0.002075547322046886,1
2023-09-15 00:00:00+00:00,11,2.2275,0.3071,1.0,63,411284.8836,-8251.1168,0.6929,45,284961.3982,8358.722518,87184.1499,39139.3355,-48044.8144,63,411284.8836,7,26504.76145761741,1626.7059408784223,0.000284,-182.467,-0.7102,0.242685,-1.6384,1.1776,-0.041035,0.022639,0.193,0.0581,-0.173098,-0.038807,-0.38009415279064,0.809946,0.005869000000000013,-0.1453819999999999,0.01683711711802566,0.001747441640669535,0.0018407145451716416,0.012471399808718137,0.014913684988033827,44.97014772200565,0.013937584041456607,0.01346582241937,0.008137041799486044,0.009911521475732356,0.018180064185536023,63.570767016983424,0.061374102290247576,0.06196094244025259,0.9572595858717725,0,0.041035,0,0.242685,0,0,1,0,0.006821288910124938,1,0.0008807670992199241,1,0.007778391632414265,1
2023-09-16 00:00:00+00:00,12,5.1226,0.2473,1.0,42,269644.1461,-10828.4481,0.7527,27,202968.0643,9425.701191,55785.8736,10890.2082,-44895.6654,42,269644.1461,3,26563.854508432138,1637.8401035705522,0.001182,-667.3585,-1.5794,0.228992,-4.2149,-0.5878,-0.04899,-0.00729,-0.0658,-0.296,-0.228437,-0.047852,-1.6820445222459377,0.774161,-0.03578500000000007,-0.07384100000000005,0.0011947802228270072,0.006167335034642131,-0.0022605286170631262,0.012783119329126163,0.014058902043524956,51.85919092005797,0.002684482980601981,0.008216797400853635,-0.006263167240449831,0.009136280570983594,0.01736510112073083,67.00235441646383,0.06165671864565642,0.06174389824909277,0.9576182633060305,0,0.04899,0,0.228992,0,0,0,0,-0.005940521810905031,0,0.000957102722289372,1,0.0024523379039601803,1
2023-09-17 00:00:00+00:00,7,0.9025,0.3774,0.971,36,133864.6292,-9991.5699,0.6226,25,85831.0417,3996.906057,24680.1603,27347.4262,2667.2659,40,137858.6282,8,26532.160580497195,1628.1393210956594,0.000786,-139.9521,-1.722,0.241035,-0.8111,-0.6559,0.019438,0.003936,-0.0256,-0.4435,0.098034,0.021204,-1.7530340340694837,0.714631,-0.05952999999999997,-0.08944600000000003,0.006821288910124938,0.01683711711802566,-0.006732964007690957,0.012713479139328082,0.010567247962585064,47.37490583095914,0.0022270441451236697,0.013937584041456607,-0.0019183237543436737,0.009064445261015231,0.011989242065984437,64.48031315064468,0.06136474698907273,0.061528492219409106,0.9516221596145621,0,-0.0,1,0.241035,0,0,0,0,0.006897624533194386,1,0.008392859714865256,1,0.002497763654172757,1
2023-09-18 00:00:00+00:00,20,1.128,0.4956,1.0,73,272440.3035,-10626.1719,0.5044,41,137406.9611,3303.712389,71577.39,63455.9525,-8121.4375,73,272440.3035,12,26860.9166506906,1639.408435199868,-0.001263,732.6806,-0.7615,0.317918,4.3746,-2.0682,0.000806,-0.008659,0.0652,-0.0933,0.009201,0.002727,0.2887607271082367,0.786982,0.07235099999999994,-0.022964000000000095,-0.005940521810905031,0.0011947802228270072,-0.023734708150756463,0.006987127779135146,0.010620391936461887,52.440234344383995,-0.001193834665224915,0.002684482980601981,-0.01197039545781645,0.006153620039373071,0.01193525892318141,69.65541725573729,0.06103322744042387,0.06137077183375666,0.9114131760970698,0,-0.0,1,0.317918,0,0,0,1,0.0014952351816708534,1,-0.004399860879021583,0,-0.02281248484611381,0
2023-09-19 00:00:00+00:00,9,1.2597,0.2531,1.0,70,428708.325,-12408.0081,0.7469,53,320190.7638,8348.607926,60495.2074,48022.3538,-12472.8536,70,428708.325,8,27032.20537643796,1641.8615699189304,-0.000295,-345.6348,-1.1884,0.233478,-1.5149,-2.1088,-0.019056,0.006289,-0.0097,-0.1519,-0.078686,-0.016891,0.12976245230262642,0.806076,0.019094000000000055,0.03191500000000003,0.006897624533194386,0.006821288910124938,0.001747441640669535,0.007006223552576769,0.010597343749117825,54.647038633014105,0.01231471351514953,0.0022270441451236697,0.01346582241937,0.005537405983758427,0.011957695307791812,76.44325431599299,0.06073724089674251,0.061274181720348646,0.9169914523045404,1,0.019056,0,0.233478,0,0,1,0,-0.005895096060692454,0,-0.024307720027784616,0,-0.03027786907200556,0
2023-09-20 00:00:00+00:00,15,1.0595,0.4162,1.0,75,380676.2823,-18716.0548,0.5838,46,222230.3397,4468.888081,81512.4129,76933.5298,-4578.8831,75,380676.2823,14,27128.12347281573,1632.2111113837846,-0.000235,221.9097,-0.8973,0.30293,1.0632,-10.1887,0.00643,-0.007749,0.0075,-0.1144,0.030869,0.00877,0.4595731882047077,0.798457,-0.007619000000000042,0.08382599999999996,0.0014952351816708534,-0.005940521810905031,0.006167335034642131,0.008018876390501663,0.010640101677799378,50.69992132099807,0.006356629420316875,-0.001193834665224915,0.008216797400853635,0.005558475397404525,0.011949854866664946,77.82750511226524,0.0601667532595601,0.06111405558805156,0.9161729854759169,0,-0.0,1,0.30293,0,0,0,0,-0.01841262396709218,0,-0.024382773011313058,0,-0.02438553179569531,0
2023-09-21 00:00:00+00:00,19,2.0846,0.5181,1.0,68,294339.2598,-24152.5483,0.4819,39,141840.4959,4962.672128,103060.1068,49438.6571,-53621.4497,68,294339.2598,10,26790.51263225582,1602.4328115669812,0.000251,453.5371,-0.3147,0.334107,0.1613,-2.5802,-0.042682,-0.059512,-0.4484,-2.411,-0.112065,-0.034693,0.023014333881559004,0.802781,0.0043239999999999945,0.015799000000000007,-0.005895096060692454,0.006897624533194386,0.01683711711802566,0.008939390101771865,0.010922133807955257,40.57591652454744,0.0035420093894087622,0.01231471351514953,0.013937584041456607,0.007630458929588871,0.012187311188260523,67.66726334375858,0.059813443421670456,0.06087803327762481,0.9105016518637612,1,0.042682,0,0.334107,0,0,0,1,-0.005970149044220897,0,-0.005972907828603083,0,-0.0060957328985710504,0
2023-09-22 00:00:00+00:00,10,1.4182,0.3458,1.0,69,303406.9518,-19880.9065,0.6542,51,198485.1436,4794.281711,61532.5652,43389.243,-18143.3222,69,303406.9518,8,26610.101072688904,1592.894549602104,0.000654,-1002.4997,-1.5816,0.257932,-3.699,-4.6407,-0.012819,0.073744,0.3752,-0.4663,-0.043449,-0.01034,0.0806908369818878,0.774742,-0.028038999999999925,-0.03133399999999997,-0.01841262396709218,0.0014952351816708534,0.0011947802228270072,0.00892586911399213,0.010955794290379016,37.382425497534555,-0.012523137720103394,0.006356629420316875,0.002684482980601981,0.008278760784501243,0.01221479047374488,60.698993767209274,0.05986052233514289,0.06066180756975271,0.9181328608599937,0,0.012819,1,0.257932,0,0,0,0,-2.7587843822036225e-06,0,-0.00012558385435010875,0,-0.007777871286262405,0
2023-09-23 00:00:00+00:00,10,6.7276,0.5472,0.9392,34,164115.5435,-23592.0682,0.4528,30,79111.4368,10927.463226,83247.8087,12374.0112,-70873.7975,45,174733.2567,5,26575.153341966023,1592.8901551555598,0.002377,-167.2671,-1.768,0.410366,-1.6435,-2.0694,-0.005119,-0.002521,-0.0951,-0.9432,-0.00863,-0.003349,-1.4491854871730867,0.722087,-0.05265500000000001,-0.07636999999999994,-0.005970149044220897,-0.005895096060692454,0.006821288910124938,0.007998872694601436,0.01084721432296215,38.16500491059021,-0.006756935303092287,0.0035420093894087622,0.0022270441451236697,0.008268578970754392,0.012190195424188116,63.75113971505589,0.059939076725482335,0.06041643015258498,0.920362953068261,0,0.005119,1,0.410366,0,0,0,0,-0.00012282506996792248,0,-0.007775112501880155,0,-0.002548859445265635,0
2023-09-24 00:00:00+00:00,8,1.0739,0.5398,1.0,39,185290.6917,-24482.0936,0.4602,21,85276.8827,5541.318638,51788.3604,48225.4486,-3562.9118,39,185290.6917,10,26568.840606465263,1592.6945203254784,-0.00104,-43.5789,-1.7895,0.341969,-0.2026,-1.4608,0.015133,0.004211,0.1056,-0.4059,0.050787,0.016235,-1.7779625331239033,0.742146,0.020058999999999938,-0.060634999999999994,-2.7587843822036225e-06,-0.01841262396709218,-0.005940521810905031,0.008062652019364153,0.010789547234934076,40.65687782334924,-0.0013141889095892175,-0.012523137720103394,-0.001193834665224915,0.00825228014975213,0.012045013464584826,64.85873360892613,0.05994595488438107,0.06021374556620046,0.9209024386806549,0,-0.0,1,0.341969,0,0,0,1,-0.0076522874319122506,0,-0.0024260343752976667,0,0.004130600413172574,1
2023-09-25 00:00:00+00:00,21,1.5007,0.3875,1.0,63,213399.7607,-25687.0017,0.6125,35,130715.5234,5158.619274,49620.0157,33064.2216,-16555.7941,63,213399.7607,7,26195.94337644204,1580.5532774515232,-0.001753,537.9265,-1.1062,0.244271,4.0297,-1.8058,-0.026222,-0.011438,0.0786,-0.0023,-0.106117,-0.023326,-0.24813420181334334,0.760262,0.01811600000000002,-0.014480000000000048,-0.00012282506996792248,-0.005970149044220897,0.006897624533194386,0.006822450063535787,0.010853357445898848,48.33517029867881,-0.00023757098634993634,-0.006756935303092287,0.01231471351514953,0.007823433395803681,0.012344801663891609,63.43954980804126,0.06033580294240946,0.06011411349505554,0.9202478674098695,0,0.026222,0,0.244271,0,0,0,1,0.0052262530566145665,1,0.011782887845084869,1,0.02985634396001692,1
2023-09-26 00:00:00+00:00,13,2.4338,0.2177,1.0,58,307901.9733,-27904.3704,0.7823,42,240858.8722,8673.480452,47518.7678,19524.3333,-27994.4345,58,307901.9733,3,26240.90407039977,1588.8352718973415,-0.000443,221.8601,-0.8225,0.196831,2.1541,1.8632,-0.054814,-0.00781,-0.0115,-0.0661,-0.295963,-0.052534,-0.5565933257859484,0.790885,0.030622999999999956,0.06879799999999991,-0.0076522874319122506,-2.7587843822036225e-06,0.0014952351816708534,0.007542523728418705,0.010915558505126655,50.36292885002379,-0.014134557564697196,-0.0013141889095892175,0.006356629420316875,0.006993416123932132,0.012347468749322636,58.510124727329625,0.06054803857499625,0.06008708459194894,0.9163872146018307,0,0.054814,0,0.196831,0,0,0,1,0.006556634788470286,1,0.0246300909034024,1,0.046792434976587194,1
2023-09-27 00:00:00+00:00,17,1.5479,0.5893,1.0,63,237157.018,-31543.3878,0.4107,37,97403.7909,3580.890345,84902.6162,54850.611,-30052.0052,63,237157.018,9,26308.982719994336,1599.2869108615278,-3.8e-05,-287.7955,-1.1529,0.367965,-3.1756,-2.3757,-0.022626,-0.001844,-0.007,-0.0972,-0.062086,-0.021478,-0.23163753198641415,0.778896,-0.011988999999999916,0.03675000000000006,0.0052262530566145665,-0.00012282506996792248,-0.005895096060692454,0.008604469062896481,0.011004482735457644,50.57998761707074,0.0017148515658330025,-0.00023757098634993634,0.0035420093894087622,0.006824136613713611,0.01235127251495174,55.647162803946564,0.06078862599450109,0.06017592355408336,0.9131917270636034,0,0.022626,0,0.367965,0,0,0,0,0.018073456114932097,1,0.040235800188116955,1,0.04628911578737459,1
2023-09-28 00:00:00+00:00,15,0.9052,0.3983,1.0,76,314257.8844,-22993.721,0.6017,45,189094.6659,3048.069671,59468.5,65694.7184,6226.2184,76,314257.8844,16,26646.737316992312,1628.4543367996375,-5.9e-05,-56.7894,-1.1958,0.33813,-0.5859,-3.1229,0.004437,0.021944,-0.0666,-0.4396,0.020535,0.006542,0.6529543757399391,0.812547,0.033650999999999986,0.052285000000000026,0.006556634788470286,-0.0076522874319122506,-0.01841262396709218,0.008699616603291981,0.010938969705951491,51.256908163619066,0.002591011773341279,-0.014134557564697196,-0.012523137720103394,0.008321315270313543,0.011764384550594925,54.99506980866537,0.06111271025144198,0.06036153310119358,0.9093630087938792,1,-0.0,1,0.33813,0,0,1,0,0.022162344073184844,1,0.028215659672442526,1,0.03189958347475789,1
2023-09-29 00:00:00+00:00,9,1.2336,0.4647,1.0,66,379257.873,-23035.6571,0.5353,43,203001.4793,3680.650646,97346.6345,78909.7592,-18436.8753,66,379257.873,14,26963.74919187857,1664.9475965226604,0.000439,-194.3004,-1.4107,0.336077,-1.1992,-0.6231,0.013182,0.002382,-0.001,-0.4441,0.046544,0.014818,-0.02536945478886446,0.837192,0.024645000000000028,0.0463070000000001,0.018073456114932097,0.0052262530566145665,-0.005970149044220897,0.01054425565802259,0.011056258249213642,60.44536593459842,0.01275628682915849,0.0017148515658330025,-0.006756935303092287,0.009026946044146661,0.010911173533933848,59.5927259178749,0.061747629555319386,0.06063111984693308,0.8960961312291016,1,-0.0,1,0.336077,0,0,1,0,0.006053315599257668,1,0.009737239401573087,1,0.026119533925909152,1
2023-09-30 00:00:00+00:00,7,2.5436,0.4594,1.0,45,319769.5538,-22052.2979,0.5406,32,172867.436,10943.786806,105446.2005,41455.9173,-63990.2832,45,319769.5538,6,26965.5823212226,1675.0566154532296,6.7e-05,-151.8562,-1.5704,0.323264,-0.7885,0.2319,-0.071889,0.001709,0.1102,0.1185,-0.226985,-0.069919,-1.4270406060609593,0.830626,-0.006566000000000072,0.05172999999999994,0.022162344073184844,0.006556634788470286,-2.7587843822036225e-06,0.010181199660346588,0.010831795343389867,60.170365089221264,0.011826625368831022,0.002591011773341279,-0.0013141889095892175,0.008960147063675742,0.010460833587697938,58.59373985338245,0.06211831791724066,0.060942440017184275,0.8726914379268877,0,0.071889,0,0.323264,0,0,0,0,0.0036839238023154055,1,0.02006621832665153,1,-0.009574102204460592,0
2023-10-01 00:00:00+00:00,10,1.0981,0.3285,1.0,56,303552.6832,-22209.0985,0.6715,38,203848.3768,6174.855895,52182.411,47521.8953,-4660.5157,56,303552.6832,8,27142.22703636028,1681.2387767029531,0.001004,-38.9957,-1.5772,0.264768,-0.544,-0.1096,-0.010387,-0.004247,-0.0211,0.0093,-0.03144,-0.007809,-0.6748521233762577,0.829781,-0.0008449999999999847,0.01723399999999997,0.006053315599257668,0.018073456114932097,-0.00012282506996792248,0.009821082243156575,0.009260441160150278,64.8298069014682,6.798264667107506e-05,0.01275628682915849,-0.00023757098634993634,0.009032736849225148,0.007615505087643154,62.26616600721991,0.06194181392892821,0.06122756273783386,0.8601737866326838,0,0.010387,1,0.264768,0,0,0,0,0.016382294524336108,1,-0.013258026006775954,0,-0.023162582503364053,0
2023-10-02 00:00:00+00:00,12,1.3191,0.3145,1.0,87,623272.698,-23697.5156,0.6855,63,427250.272,6859.00793,111498.57,84523.8561,-26974.7139,87,623272.698,12,28054.558251119204,1709.008167620357,-0.001526,882.6486,-0.5093,0.283776,7.0473,2.9081,-0.013215,-0.002448,0.1575,0.8046,-0.036709,-0.009827,1.3771985317523197,0.864231,0.03444999999999998,0.027038999999999924,0.0036839238023154055,0.022162344073184844,-0.0076522874319122506,0.007466480966779848,0.009645608539011998,67.6642018857559,0.006529384383030278,0.011826625368831022,-0.014134557564697196,0.011377181542865399,0.009480207437288227,69.16858986088661,0.06091730806533652,0.06131063489825201,0.8102838138130716,1,0.013215,1,0.283776,0,0,1,0,-0.029640320531112076,0,-0.03954487702770011,0,-0.04509490633680904,0
2023-10-03 00:00:00+00:00,8,1.9504,0.3464,1.0,65,366287.6704,-25537.8171,0.6536,50,239394.2697,3570.313696,83884.9729,43008.4278,-40876.5451,65,366287.6704,7,27489.546733642,1659.09597852029,0.000455,-501.5797,-1.1427,0.263179,-4.096,-3.342,-0.052175,0.00359,-0.0929,0.3212,-0.201445,-0.049545,-0.08257293123996746,0.82428,-0.03995099999999996,-0.006345999999999963,0.016382294524336108,0.006053315599257668,0.0052262530566145665,0.017274548120702515,0.01119862360936373,53.580145685063435,0.03306041487667937,6.798264667107506e-05,0.0017148515658330025,0.016073545829007264,0.010373043006084742,56.58431317952556,0.06035370443157837,0.061282872877763746,0.792802148431485,0,0.052175,0,0.263179,0,0,0,0,-0.009904556496588054,0,-0.015454585805696927,0,-0.016104839062379427,0
2023-10-04 00:00:00+00:00,7,1.2332,0.4266,1.0,82,542196.7812,-24694.6507,0.5734,68,310897.231,13401.430399,127724.6951,103574.8551,-24149.84,82,542196.7812,7,27502.622497237346,1642.7444795142403,-0.000128,-209.3316,-1.4128,0.38698,-1.5251,-1.6914,0.052646,4.2e-05,-0.079,-0.0735,0.146342,0.054428,1.0306741032317175,0.844179,0.019899,0.014398000000000022,-0.029640320531112076,0.0036839238023154055,0.006556634788470286,0.0183047163696238,0.011353913910485755,52.14646905928054,-0.02034530963009245,0.006529384383030278,0.002591011773341279,0.016181903193033503,0.010364743189975318,55.51354698716353,0.059730466782913334,0.06113170727610835,0.8306671340222498,1,-0.0,1,0.38698,0,0,0,1,-0.0055500293091088875,0,-0.00620028256579133,0,-0.0017185377974615673,0
2023-10-05 00:00:00+00:00,9,1.2166,0.2633,1.0,85,520020.0753,-27495.458,0.7367,65,383084.9582,6188.859859,75157.2751,61777.842,-13379.4331,85,520020.0753,11,27656.41608297093,1633.6524533497347,0.000911,-68.4466,-1.4743,0.265022,-0.9256,-2.0311,-0.013229,-0.000175,-0.0188,-0.1555,-0.044453,-0.010982,1.2088184589514446,0.815673,-0.02850600000000003,-0.04855799999999999,-0.009904556496588054,0.016382294524336108,0.018073456114932097,0.01739618583277623,0.011394587193693125,57.04304712294338,0.0004755500292002677,0.03306041487667937,0.01275628682915849,0.015932960031026053,0.010261796272457857,63.549163258468795,0.05906956448907473,0.06083982931005588,0.8230257691723005,0,0.013229,1,0.265022,0,0,0,0,-0.0006502532566824567,0,0.0038314915116473636,1,-0.0010599393455570753,0
2023-10-06 00:00:00+00:00,12,1.0948,0.3166,1.0,70,397763.7577,-25675.7624,0.6834,46,271835.937,6561.931002,65813.4131,60114.4075,-5699.0056,70,397763.7577,12,27695.043058870026,1632.5905108248678,-0.000185,-84.7074,-1.5494,0.275752,-0.3635,-1.1954,0.000343,0.002424,-0.0387,-0.3451,0.010282,0.002652,0.2143138905693601,0.817771,0.0020980000000000443,-0.006508999999999987,-0.0055500293091088875,-0.029640320531112076,0.022162344073184844,0.014557039510544828,0.01139465867046146,59.347924650140165,0.00557638378852103,-0.02034530963009245,0.011826625368831022,0.01570843646942879,0.010247548979667785,67.83631759098236,0.05894883453889378,0.060440001450566515,0.8166475002129736,1,-0.0,1,0.275752,0,0,0,1,0.004481744768329806,1,-0.0004096860888745755,0,-0.018493454856025278,0
2023-10-07 00:00:00+00:00,4,0.934,0.3665,1.0,50,273042.0695,-16046.3649,0.6335,38,172970.569,5981.034961,48328.0007,51743.4998,3415.4991,50,273042.0695,8,27943.640581767275,1639.9237854635078,0.000144,-202.0692,-1.7686,0.272417,-1.4878,-1.8946,0.009225,-0.018139,-0.0454,-0.5711,0.044843,0.011439,-1.107442639583247,0.790582,-0.02718900000000002,-0.053597000000000006,-0.0006502532566824567,-0.009904556496588054,0.006053315599257668,0.014409040366168697,0.011412550935107508,60.68739602061941,0.0013956987862045911,0.0004755500292002677,6.798264667107506e-05,0.01571274290725846,0.010312096974381723,70.98364429070016,0.05868683361657352,0.05994978940761407,0.8186318126228265,0,-0.0,1,0.272417,0,0,0,0,-0.004891430857204396,0,-0.02297519962435504,0,-0.03873819518770939,0
2023-10-08 00:00:00+00:00,11,1.5295,0.5127,1.0,47,328156.3405,-20412.0362,0.4873,23,159897.8764,7366.837284,101739.3394,66519.1246,-35220.2148,47,328156.3405,13,27932.615670986663,1631.9217981942386,0.000472,17.1928,-1.6959,0.373711,0.0643,-1.2864,-0.03071,0.02491,0.1401,0.1535,-0.078814,-0.028109,-1.2764472744559743,0.823966,0.03338399999999997,0.008292999999999995,0.004481744768329806,-0.0055500293091088875,0.0036839238023154055,0.014104591117779003,0.011443391378790446,58.633626679157345,0.008936199095837706,0.00557638378852103,0.006529384383030278,0.01582455266229766,0.010272797304327341,70.89059443083056,0.058423522430421725,0.05944717633639885,0.8192666670840401,1,0.03071,0,0.373711,0,0,1,0,-0.01808376876715066,0,-0.03384676433050495,0,-0.04215311927609053,0
2023-10-09 00:00:00+00:00,20,1.9551,0.4925,1.0,73,335011.5852,-24177.4007,0.5075,43,170002.9586,4444.880667,109170.4459,55838.1806,-53332.2653,73,335011.5852,10,27682.515934302643,1602.6757382484222,-0.001095,203.2268,-1.4008,0.322622,1.6532,-6.6805,-0.035121,0.004791,0.0078,0.1868,-0.106085,-0.032048,0.42047839462938913,0.817677,-0.006288999999999989,-9.40000000000385e-05,-0.004891430857204396,-0.0006502532566824567,0.016382294524336108,0.01147021573036247,0.011900992562099028,54.59216864183263,-0.0003946188117476225,0.0013956987862045911,0.03306041487667937,0.00985431023097233,0.010363487443223754,74.06871223143972,0.05789487278005953,0.05901539986707357,0.8212688623814399,0,0.035121,0,0.322622,0,0,0,0,-0.015762995563354306,0,-0.024069350508939824,0,-0.03387536009925172,0
2023-10-10 00:00:00+00:00,13,3.0082,0.4848,1.0,91,673233.7795,-41699.5114,0.5152,64,346840.3108,13424.58761,244962.3942,81431.0745,-163531.3198,91,673233.7795,14,27532.59036007464,1577.6108356628276,0.000373,-67.4083,-1.4501,0.420938,-0.3793,-2.9638,-0.048925,-0.017306,0.0351,0.369,-0.114162,-0.046112,1.5685911817214226,0.846152,0.028475000000000028,0.05557000000000001,-0.01808376876715066,0.004481744768329806,-0.029640320531112076,0.008026102887536142,0.012171356029632454,47.81017703222103,-0.008994006321236687,0.008936199095837706,-0.02034530963009245,0.006100758960778582,0.010431966629042623,70.29521579544115,0.05729976057576265,0.05857912217338561,0.8342153895084918,1,0.048925,0,0.420938,0,1,0,1,-0.008306354945585532,0,-0.018112364535897367,0,-0.02127872152176759,0
2023-10-11 00:00:00+00:00,15,0.8148,0.5843,1.0,69,486979.5806,-34100.9663,0.4157,43,202454.5069,13339.296883,127742.5491,156782.5247,29039.9756,69,486979.5806,11,27035.81247578368,1564.5609137695456,-0.000512,39.7425,-1.3754,0.385272,0.1878,-1.2509,0.022688,-0.014197,-0.1259,-0.2852,0.068132,0.025174,0.1849741205915513,0.854172,0.008020000000000027,0.030206000000000066,-0.015762995563354306,-0.004891430857204396,-0.009904556496588054,0.007958609508417305,0.011481747916422574,43.29185879549311,-0.005430613205382051,-0.0003946188117476225,0.0004755500292002677,0.009247575019872945,0.010779400992459009,60.16885556843591,0.05786994251313669,0.058313332991988945,0.8347165224564175,1,-0.0,1,0.385272,0,0,0,1,-0.00980600959031185,0,-0.012972366576182016,0,-0.00824775312314848,0
2023-10-12 00:00:00+00:00,12,1.3533,0.4519,1.0,68,265798.6282,-34765.8131,0.5481,47,145686.6966,3375.237969,69072.6461,51039.2855,-18033.3606,68,265798.6282,9,26768.13433910416,1549.293791555493,0.000265,51.2059,-1.2795,0.290608,-0.1856,-0.511,-0.023432,0.014743,0.0344,-0.1128,-0.077721,-0.021081,0.1500157207382754,0.803095,-0.05107700000000004,-0.014581999999999984,-0.008306354945585532,-0.01808376876715066,-0.0055500293091088875,0.007994878843992925,0.011599232142272467,33.96231059168997,-0.018208031872981284,-0.008994006321236687,0.00557638378852103,0.008856583893074014,0.010763660332732912,51.73237659804341,0.057878288114095844,0.058143150652706255,0.8093331365667146,0,0.023432,0,0.290608,0,0,0,0,-0.0031663569858701797,0,0.001558256467163413,1,0.004417378513753409,1
2023-10-13 00:00:00+00:00,8,1.3896,0.258,1.0,62,364211.0844,-36139.9766,0.742,47,270258.3193,7005.022062,54635.4579,39317.3072,-15318.1506,62,364211.0844,7,26795.715861911067,1544.3959326124616,0.000456,-25.6126,-1.2934,0.239719,-0.3083,-0.4558,-0.005108,-0.018622,0.0569,0.1785,-0.019032,-0.004247,-0.28111383004799784,0.82498,0.021885000000000043,-0.02117199999999997,-0.00980600959031185,-0.015762995563354306,-0.0006502532566824567,0.007682148240976029,0.011530361354105338,22.440983782403947,-0.009950212243404347,-0.005430613205382051,0.0013956987862045911,0.008815853600255033,0.010680786466830041,47.40381154469531,0.05763592734642154,0.05795559248235307,0.8236470319368859,1,0.005108,1,0.239719,0,0,0,1,0.004724613453033579,1,0.00758373549962363,1,0.02186687977590339,1
2023-10-14 00:00:00+00:00,12,1.4557,0.6342,1.0,46,136518.3769,-38923.1698,0.3658,27,49937.1721,3613.863082,51324.0289,35257.1758,-16066.8531,46,136518.3769,7,26880.01299576008,1551.7098705722108,0.00148,-287.0075,-1.615,0.308333,-1.7505,-0.7185,-0.011273,0.031499,-0.01,0.1318,-0.033369,-0.009505,-1.416762845311676,0.729889,-0.09509100000000004,-0.12428300000000003,-0.0031663569858701797,-0.008306354945585532,0.004481744768329806,0.007747833711003361,0.01108292058013791,21.677825377778348,0.0010298559622266364,-0.018208031872981284,0.008936199095837706,0.007492978946738384,0.010405308795009673,48.71288702087488,0.057727273823006325,0.057818512511843466,0.8206452204795208,0,0.011273,1,0.308333,0,0,0,0,0.0028591220465900373,1,0.017142266322869852,1,0.018951872182423227,1
2023-10-15 00:00:00+00:00,9,1.4474,0.5421,0.9666,45,144087.5686,-36001.7203,0.4579,31,68265.2293,3631.865007,47786.4988,33016.4304,-14770.0684,50,149068.1585,10,26931.935956974583,1556.1527468092218,-0.000474,40.9729,-1.5232,0.276897,0.3294,-0.4534,-0.032033,-0.009552,-0.0822,-0.289,-0.117954,-0.029938,-1.1084936901931983,0.736033,0.006144000000000038,-0.06706199999999995,0.004724613453033579,-0.00980600959031185,-0.004891430857204396,0.008739585771342543,0.011101199051535365,21.196487637369756,0.0031409802883949163,-0.009950212243404347,-0.0003946188117476225,0.007804241626362467,0.010400902050438693,46.72832946744385,0.057780946356595794,0.05772671592986834,0.8090219398489078,0,0.032033,0,0.276897,0,0,1,0,0.0142831442762798,1,0.016092750135833233,1,0.009089610340650991,1
2023-10-16 00:00:00+00:00,16,1.1407,0.4682,1.0,79,351569.6049,-29928.1587,0.5318,49,186957.7351,3630.605982,87714.6018,76897.2679,-10817.334,79,351569.6049,14,27872.66485878076,1578.5389934227042,-0.001951,588.9625,-0.7859,0.319864,3.6199,1.5133,-0.007894,0.000332,0.1145,0.3212,-0.017409,-0.005249,0.9250483149146769,0.830846,0.09481299999999993,0.005865999999999927,0.0028591220465900373,-0.0031663569858701797,-0.01808376876715066,0.010208325336611666,0.011373807978380356,19.94435280113072,0.0019297935993353318,0.0010298559622266364,-0.008994006321236687,0.016566971226618606,0.012095084993735097,47.29289968294312,0.05663394589001471,0.0575465835170048,0.8081114591680186,1,0.007894,1,0.319864,0,0,1,0,0.001809605859553418,1,-0.005193533935628769,0,-0.013271815070735469,0
2023-10-17 00:00:00+00:00,12,0.8904,0.3698,1.0,74,385000.3329,-5386.9948,0.6302,53,242624.1178,3659.416454,67059.6938,75316.5212,8256.8274,74,385000.3329,9,28405.211964950297,1581.398112994277,2.8e-05,-259.1801,-1.0813,0.274356,-1.0467,0.846,0.019146,-0.000606,-0.0289,0.1657,0.083674,0.021368,0.5730369943310226,0.816276,-0.014569999999999972,0.08638699999999999,0.0142831442762798,0.004724613453033579,-0.015762995563354306,0.008287915735105929,0.011351103134167118,27.00252566041125,0.03433366166153372,0.0031409802883949163,-0.005430613205382051,0.017526683996487137,0.012486146157662697,63.79983833697044,0.05567281507864094,0.057314162731701694,0.8062726789136958,0,-0.0,1,0.274356,0,0,0,0,-0.007003139795182201,0,-0.015081420930288844,0,0.010359687454912671,1
2023-10-18 00:00:00+00:00,12,1.1148,0.1755,1.0,69,476029.288,-10183.5734,0.8245,49,392485.7469,10423.402363,44039.8079,39503.7332,-4536.0747,69,476029.288,8,28409.24359554397,1570.3620495888729,-0.000107,81.9282,-0.9588,0.200332,0.4503,1.1085,0.002504,-0.004397,0.0746,0.5695,0.026475,0.004862,0.22645319592135812,0.841517,0.025240999999999958,0.10548399999999991,0.001809605859553418,0.0028591220465900373,-0.008306354945585532,0.008073106516238585,0.011302441803883618,27.775327824178632,0.0189261938331427,0.0019297935993353318,-0.018208031872981284,0.014719058871290928,0.01234559548204471,63.69782339141994,0.05527644705877303,0.05694366338107831,0.7909199755449888,1,-0.0,1,0.200332,0,0,1,0,-0.008078281135106658,0,0.017362827250094914,1,0.027342716565426202,1
2023-10-19 00:00:00+00:00,17,1.5735,0.3897,1.0,69,301626.3989,-11349.4783,0.6103,43,184081.3691,4170.215174,71869.8624,45675.1675,-26194.6949,69,301626.3989,9,28483.25519606583,1557.7273256049143,-0.000217,-27.6735,-0.9724,0.279768,0.4025,1.6967,-0.022873,0.014326,0.0696,0.9344,-0.080209,-0.020741,0.22483627890266725,0.797431,-0.04408599999999996,-0.03341499999999997,-0.007003139795182201,0.0142831442762798,-0.00980600959031185,0.007723316652230113,0.011351918559808256,27.099500949058452,0.0001419227047295775,0.03433366166153372,-0.009950212243404347,0.012957948921711709,0.012317522411267334,62.76220032720377,0.054689231089713054,0.05648808380616648,0.7856277575750257,0,0.022873,0,0.279768,0,0,0,0,0.02544110838520156,1,0.035420997700532905,1,0.04808100392322958,1
2023-10-20 00:00:00+00:00,15,0.9526,0.4221,1.0,77,494058.0528,-8438.6367,0.5779,45,285514.781,5358.966309,101742.7656,106800.5062,5057.7406,77,494058.0528,17,29414.375355945227,1597.8660572822716,-0.000151,421.9225,-0.4396,0.348067,3.7804,5.7854,0.027031,-0.055123,-0.1692,0.0373,0.087541,0.029201,0.7686741961200724,0.861804,0.06437300000000001,0.04552800000000001,-0.008078281135106658,0.001809605859553418,-0.0031663569858701797,0.011788678071867073,0.012355053344880613,41.64747934326201,0.0026018067001809873,0.0189261938331427,0.0010298559622266364,0.015000602834373964,0.013512449667756441,70.60062641863178,0.054322624157283395,0.05601475477914675,0.7792459165719618,1,-0.0,1,0.348067,0,0,0,1,0.00997988931533133,1,0.02263989553802806,1,0.05558887639518107,1
2023-10-21 00:00:00+00:00,7,1.0113,0.3287,1.0,55,309380.496,-6225.0336,0.6713,38,207686.668,7251.533192,51132.7295,50561.0986,-571.6309,55,309380.496,10,29809.79199961055,1613.8924213281416,0.000491,-520.1727,-1.0642,0.275437,-5.0112,2.5247,0.00434,0.006978,0.112,0.6379,0.025811,0.006647,-0.79444347066272,0.810885,-0.05091900000000005,-0.030631999999999993,0.02544110838520156,-0.007003139795182201,0.004724613453033579,0.011944753516309506,0.01203547826128282,44.03824373199458,0.03216713490201976,0.0001419227047295775,0.0031409802883949163,0.014327093816441976,0.013332078178608101,71.46292068063208,0.054139674015478756,0.055502240520928524,0.8189184373038911,0,-0.0,1,0.275437,0,0,0,0,0.012660006222696717,1,0.04560898707984978,1,0.11090003254155051,1
2023-10-22 00:00:00+00:00,16,1.4936,0.4867,1.0,51,174295.2131,-6514.0968,0.5133,26,89462.1955,2579.780739,50813.2642,34019.7534,-16793.5108,51,174295.2131,9,29922.062066182887,1634.4541908613403,0.00028,-13.0762,-1.0632,0.310116,0.0429,2.2382,-0.008215,0.002127,-0.0411,0.4238,-0.019239,-0.005558,-1.0561589232060966,0.775775,-0.035109999999999975,-0.02165600000000001,0.00997988931533133,-0.008078281135106658,0.0028591220465900373,0.012140946828310076,0.0121838538514576,50.54611628013639,0.013353417599260786,0.0026018067001809873,0.0019297935993353318,0.014067991772492934,0.013188954133889586,72.34282148761719,0.054623715011558535,0.05505120747163749,0.8133450657036602,0,0.008215,1,0.310116,0,0,0,0,0.03294898085715305,1,0.09824002631885384,1,0.09033699744491655,1
2023-10-23 00:00:00+00:00,26,2.025,0.502,1.0,106,613209.039,-19871.1663,0.498,58,305351.5186,7724.838301,206087.1706,101770.3498,-104316.8208,106,613209.039,22,30870.427511164347,1689.2048263491188,0.000181,1354.6875,0.6594,0.36995,9.4371,8.0553,-0.040543,0.006226,0.037,0.6324,-0.104809,-0.036605,2.6807734044480305,0.840588,0.06481300000000001,-0.021216000000000013,0.012660006222696717,0.02544110838520156,0.0142831442762798,0.015569495732017498,0.013516022989403855,66.7644780398959,0.003759139927491475,0.03216713490201976,0.03433366166153372,0.01338554946806363,0.014052666482910738,80.93441992527062,0.0547191912304491,0.054777671091699544,0.7975466394272307,1,0.040543,0,0.36995,1,0,1,0,0.06529104546170077,1,0.05738801658776353,1,0.06557577091281377,1
2023-10-24 00:00:00+00:00,32,1.4107,0.5437,1.0,119,742709.847,-30878.9487,0.4563,69,338897.3758,8224.137271,236305.0603,167507.4109,-68797.6494,119,742709.847,18,34081.97279646258,1803.174903980476,-0.001225,616.3313,1.4411,0.392621,8.4552,17.5572,-0.021315,-0.005348,-0.0474,0.3821,-0.047824,-0.017588,3.296890927942993,0.840053,-0.0005349999999999522,0.029168000000000083,0.03294898085715305,0.00997988931533133,0.001809605859553418,0.025525916991860385,0.017774503320917772,82.38003672860926,0.031202617120589797,0.013353417599260786,0.0189261938331427,0.03478603446210224,0.022130383393609614,89.55998741141276,0.0529069990974123,0.0543825545229526,0.8264553602717162,0,0.021315,0,0.392621,1,0,0,0,-0.007903028873937233,0,0.0002847254511130458,1,-0.010819717585211809,0
2023-10-25 00:00:00+00:00,15,0.7745,0.4547,1.0,87,510076.1691,-26019.9178,0.5453,63,278163.7156,9062.431359,101217.6558,130694.7978,29477.1419,87,510076.1691,9,34315.72346174024,1788.9805238268073,0.000232,-193.6529,1.2189,0.338077,-4.9642,12.1427,0.027507,-0.004256,0.0547,0.6798,0.09433,0.029971,1.2414252325795465,0.829263,-0.010790000000000077,0.05348799999999998,0.06529104546170077,0.012660006222696717,-0.007003139795182201,0.025679031689850237,0.01778029631829227,82.54136383450631,0.09896990032952754,0.003759139927491475,0.0001419227047295775,0.034039900685311895,0.021724767484756397,96.14842928435142,0.052132968311782844,0.05393348613052542,0.9009038357662916,0,-0.0,1,0.338077,0,0,0,0,0.008187754325050265,1,-0.0029166887112745347,0,-0.0018270314132154083,0
2023-10-26 00:00:00+00:00,19,0.5578,0.2831,1.0,90,480644.8752,-16759.9534,0.7169,64,344566.0111,8037.083726,48726.9043,87351.9598,38625.0556,90,480644.8752,7,34334.071720263346,1803.6883868658017,-0.000236,-33.3109,1.2412,0.254068,1.7976,13.5377,0.007511,-0.011407,0.0014,0.6831,0.040248,0.009493,1.3980971366704342,0.835258,0.005994999999999973,-0.005330000000000057,-0.007903028873937233,0.03294898085715305,-0.008078281135106658,0.023504301536289608,0.017794813426582477,87.20206025494898,0.006835071591557874,0.031202617120589797,0.0026018067001809873,0.0342947065838962,0.021739479540297087,99.99999943758397,0.05253348340276512,0.05362552217524715,0.8954038577036568,1,-0.0,1,0.254068,0,0,0,1,-0.011104443036324813,0,-0.010014785738265631,0,-0.00848954717684591,0
2023-10-27 00:00:00+00:00,12,1.0503,0.4269,1.0,80,369180.5431,-18034.7198,0.5731,52,211578.8447,5157.187821,80733.6613,76868.037,-3865.6243,80,369180.5431,16,33971.47382731892,1783.7702266294782,0.000154,-637.0668,0.3928,0.307858,-4.7201,5.0372,0.017392,0.008484,0.0347,0.8645,0.065247,0.018815,0.7584931450733647,0.822521,-0.012736999999999998,-0.017532000000000103,0.008187754325050265,0.06529104546170077,0.02544110838520156,0.02623855835124822,0.018005996538133794,83.94110073169938,0.0005345466482852975,0.09896990032952754,0.03216713490201976,0.03687135221212993,0.022005048031880994,95.89303808294191,0.05250788457682455,0.05336627366375303,0.891728161790989,0,-0.0,1,0.307858,0,0,0,0,0.001089657298059168,1,0.0026148958594789445,1,0.010723504888795365,1
2023-10-28 00:00:00+00:00,3,5.2686,0.2477,1.0,45,263422.4131,-24301.1073,0.7523,40,198166.018,7944.443905,54846.3693,10410.0258,-44436.3435,45,263422.4131,2,34084.86597306274,1785.7149842422225,-0.000115,-524.4439,-0.3026,0.262129,-4.6158,5.4326,-0.044149,-0.003236,-0.0304,0.6895,-0.173278,-0.041948,-1.3951565157330315,0.797337,-0.025183999999999984,-0.03192600000000001,-0.011104443036324813,-0.007903028873937233,0.00997988931533133,0.026772592185146382,0.017802357103898245,83.66131921212612,-0.010617038370149547,0.006835071591557874,0.013353417599260786,0.03738945726247548,0.02200975837140982,95.89607538747661,0.05239025981951851,0.05311635735004443,0.8973714824558828,0,0.044149,0,0.262129,0,0,0,0,0.0015252385614197628,1,0.009633847590736239,1,0.009799345941461044,1
2023-10-29 00:00:00+00:00,9,5.5979,0.2497,1.0,52,204397.6341,-26984.0607,0.7503,39,153349.4675,8185.101658,43311.1755,7736.991,-35574.1845,52,204397.6341,4,34309.62930259237,1788.440703753732,0.000424,28.1767,-0.2512,0.210196,0.1108,5.5005,-0.068644,-0.034362,0.1866,1.6487,-0.357681,-0.066726,-0.9435467045066691,0.770598,-0.026738999999999957,-0.06465999999999994,0.001089657298059168,0.008187754325050265,0.012660006222696717,0.0272238474165552,0.01743419794160394,83.55618975395555,0.0033323052930667005,0.0005345466482852975,0.003759139927491475,0.03721119483982367,0.022000858742765753,95.9684271517566,0.05212649451792825,0.052759611565240096,0.9027557260712215,0,0.068644,0,0.210196,0,0,0,0,0.008108609029316462,1,0.008274107380041322,1,0.012628997059630472,1
2023-10-30 00:00:00+00:00,13,1.0353,0.6787,1.0,100,536819.3766,-12984.8964,0.3213,40,172467.5742,8263.124017,185337.2363,179014.5661,-6322.6703,100,536819.3766,47,34459.231300975625,1803.001424006476,0.000174,846.5522,0.8962,0.372503,9.5057,5.5692,-0.019431,0.022727,-0.1267,0.9747,-0.046218,-0.0163,1.956614853527707,0.837015,0.06641699999999995,0.014494000000000007,0.0015252385614197628,-0.011104443036324813,0.03294898085715305,0.025748121390373687,0.01745313801076101,83.05137949500565,0.006572579788732151,-0.010617038370149547,0.031202617120589797,0.03719344086027779,0.021961264697537983,95.45044871683676,0.052322740697800435,0.05241726148914743,0.915881423900039,1,0.019431,0,0.372503,1,0,1,0,0.00016549835072484728,1,0.004520388030314052,1,0.014121527705647098,1
2023-10-31 00:00:00+00:00,14,1.5437,0.3512,1.0,90,399361.105,-7439.3582,0.6488,63,259108.9194,4210.450526,85115.5338,55136.6518,-29978.8821,90,399361.105,13,34393.42589952298,1803.2998424617035,-0.000635,253.8451,1.2374,0.280452,1.868,-1.0181,-0.014673,0.015097,-0.0222,0.851,-0.040003,-0.010285,1.3397350898134601,0.808589,-0.02842599999999995,0.01125200000000004,0.008108609029316462,0.001089657298059168,0.06529104546170077,0.0073268432427332705,0.017456406107527998,82.91169420899767,0.004350871399302728,0.0033323052930667005,0.09896990032952754,0.006120873509255534,0.02203700031297783,94.20913593665024,0.05243152711014794,0.052349336919538234,0.9172435098985499,0,0.014673,0,0.280452,0,0,0,0,0.00435488967958919,1,0.013956029354922291,1,-0.0004964905749493473,0
2023-11-01 00:00:00+00:00,18,2.4384,0.3508,1.0,94,640004.2669,-25065.8455,0.6492,67,415522.4159,5854.119495,159195.0602,65286.7908,-93908.2694,94,640004.2669,9,34562.86611372975,1811.170139033116,0.000338,198.5398,1.4879,0.325982,-1.0356,2.9106,-0.032262,-0.010463,0.0235,0.9607,-0.092279,-0.028392,1.539938055585352,0.856771,0.04818199999999995,0.08617299999999994,0.00016549835072484728,0.0015252385614197628,-0.007903028873937233,0.006543382276782357,0.01725969869936294,86.23960058024684,-0.0019114853126883107,0.006572579788732151,0.006835071591557874,0.005869255493796595,0.02152167311255452,94.33412086551313,0.05240219758029982,0.052387798243612095,0.916081132583005,1,0.032262,0,0.325982,0,1,1,0,0.009601139675333088,1,-0.004851380254538497,0,0.013989388664105974,1
2023-11-02 00:00:00+00:00,22,1.2105,0.456,1.0,90,639867.0987,-34552.568,0.544,57,348072.8427,6847.611284,159788.129,132006.127,-27782.0021,90,639867.0987,11,35186.36058529103,1828.6431828562809,-0.000238,-28.5466,1.4241,0.347983,2.0102,3.1232,0.007036,0.031714,-0.0598,0.6309,0.029041,0.009585,1.274189883347988,0.853914,-0.0028569999999999984,0.016898999999999997,0.00435488967958919,0.008108609029316462,0.008187754325050265,0.006791836601087712,0.016241105647315526,90.41775072896061,0.004914433484790189,0.004350871399302728,0.0005345466482852975,0.008636299318410237,0.020974254367266788,94.70026745732459,0.051970228021272234,0.05230733318911311,0.9142845593978338,0,-0.0,1,0.347983,0,0,0,0,-0.014452519929871599,0,0.004388248988772929,1,0.027505398692201734,1
2023-11-03 00:00:00+00:00,12,1.4711,0.2555,1.0,82,565374.1086,-37935.1529,0.7445,62,420899.1282,6410.861927,86009.3494,58465.631,-27543.7184,82,565374.1086,8,34528.09399345451,1802.404743308647,-0.000193,-405.1346,0.8724,0.276923,-4.3595,3.4838,-0.010516,-0.015207,0.0804,1.1004,-0.03371,-0.00869,0.786459519710806,0.841949,-0.011965000000000003,0.033359999999999945,0.009601139675333088,0.00016549835072484728,-0.011104443036324813,0.007893918828262972,0.01638861993826909,82.14254644351251,0.017878652111799682,-0.0019114853126883107,-0.010617038370149547,0.011102573832193591,0.021511992356116703,85.92052625006617,0.05220110741271525,0.05226350787995463,0.9131420285749601,0,0.010516,1,0.276923,0,0,0,0,0.018840768918644512,1,0.041957918622073376,1,0.04877388183667701,1
2023-11-04 00:00:00+00:00,11,1.174,0.3404,1.0,58,225781.3957,-32465.6377,0.6596,38,148930.1433,4722.911616,41500.495,35350.7574,-6149.7375,58,225781.3957,9,34765.753527175075,1836.685357080236,0.000352,-616.1644,0.0544,0.236424,-5.4223,2.6773,-0.021417,-0.00269,0.0291,1.2532,-0.086045,-0.018365,-0.636068391228132,0.773979,-0.06796999999999997,-0.08279199999999998,-0.014452519929871599,0.00435488967958919,0.001089657298059168,0.010246529449771733,0.016549339396210568,82.94889541130718,-0.018885212829934744,0.004914433484790189,0.0033323052930667005,0.011235328274806241,0.021509140431522706,85.49845270543939,0.0528303048471125,0.052326371455325205,0.9189739735918654,0,0.021417,0,0.236424,0,0,0,0,0.02311714970342885,1,0.029933112918032537,1,0.026200395198316653,1
2023-11-05 00:00:00+00:00,15,2.0697,0.4672,1.0,63,267815.6757,-33612.6204,0.5328,41,142687.1764,3107.790024,84365.7812,40762.7181,-43603.063,63,267815.6757,7,35052.3549840592,1879.6388558134224,-0.000112,293.3323,0.4508,0.341305,3.784,6.3505,-0.025355,-0.009782,0.0454,1.4906,-0.067326,-0.021512,-0.3352614728936663,0.81046,0.036480999999999986,-0.04345399999999999,0.018840768918644512,0.009601139675333088,0.0015252385614197628,0.01239490224514302,0.016889166341430527,83.81156521471604,0.006859496884652751,0.017878652111799682,0.006572579788732151,0.011342871117103555,0.02147703613946868,85.79041008804893,0.05362375385814242,0.05254026564678437,0.907285141080354,0,0.025355,0,0.341305,0,0,1,0,0.006815963214603673,1,0.0030832454948878435,1,0.0045267855714991485,1
2023-11-06 00:00:00+00:00,13,0.8937,0.3585,1.0,82,493632.0999,-31290.514,0.6415,56,316677.4706,5503.9681,83511.2774,93443.3518,9932.0744,82,493632.0999,13,35021.74818063397,1892.4941660034667,0.000155,1179.7462,1.978,0.295368,10.9482,7.793,0.032771,-0.010203,0.0002,1.4885,0.128745,0.035624,0.7821426875244,0.851197,0.04073700000000002,0.009248000000000034,0.02311714970342885,-0.014452519929871599,0.008108609029316462,0.012387086112723877,0.0168935164546981,81.46853229850845,0.008209992302382488,-0.018885212829934744,0.004350871399302728,0.011415389994379986,0.021534575787239312,83.07307186203812,0.05403768413393944,0.0527852575662328,0.8882144819994074,1,-0.0,1,0.295368,0,0,1,0,-0.0037327177197158433,0,-0.0022891776431044827,0,0.03375789845617227,1
2023-11-07 00:00:00+00:00,17,2.7665,0.4884,1.0,85,735488.1265,-51074.8243,0.5116,50,376279.336,11957.192468,263838.9222,95369.8682,-168469.0539,85,735488.1265,18,34988.61520792628,1885.4431873389465,-0.000116,-242.2085,1.6326,0.431164,-3.3678,2.5572,-0.026769,0.039864,-0.1787,0.513,-0.056191,-0.023282,0.9432186814609551,0.865366,0.014168999999999987,0.091387,0.006815963214603673,0.018840768918644512,0.00016549835072484728,0.01282139400286946,0.016871965105932977,68.74545812876809,-0.0008735553931994807,0.006859496884652751,-0.0019114853126883107,0.01136156939603096,0.021541810059184083,64.15748587275021,0.053887333812280176,0.05299322995225169,0.8839548840318995,1,0.026769,0,0.431164,0,0,1,0,0.001443540076611347,1,0.037490616175888156,1,0.10838381753633597,1
2023-11-08 00:00:00+00:00,8,1.7014,0.3095,1.0,76,589926.4196,-44430.8638,0.6905,53,407371.2707,9323.725042,114977.8473,67577.3016,-47400.5457,76,589926.4196,15,35403.590402382695,1888.166865538394,-4.6e-05,448.1215,2.1473,0.243506,2.6924,6.2852,-0.026738,-0.011724,0.0486,0.7678,-0.110319,-0.024893,0.41263681818129444,0.851342,-0.014023999999999925,0.040882000000000085,-0.0037327177197158433,0.02311714970342885,0.00435488967958919,0.01294404398886471,0.016325983878130335,73.97395550429923,-0.0009465163035201226,0.008209992302382488,0.004914433484790189,0.01189477882718836,0.021325942342350416,65.97587722088076,0.05333263785051921,0.05312614999085446,0.8843635204117408,0,0.026738,0,0.243506,0,0,0,0,0.03604707609927679,1,0.10694027745972466,1,0.08811137387680072,1
2023-11-09 00:00:00+00:00,26,1.2584,0.429,1.0,139,737610.1682,-45633.7601,0.571,86,421191.7486,5269.295991,176310.3478,140108.0717,-36202.2762,139,737610.1682,27,36610.33036849668,1957.4713682582817,0.000155,1928.891,4.0877,0.352263,11.1939,15.4688,-0.012546,-0.006294,-0.1119,0.1633,-0.023607,-0.007675,3.7274605822318714,0.830395,-0.02094700000000005,-0.020801999999999987,0.001443540076611347,0.006815963214603673,0.009601139675333088,0.01731091329145049,0.016738162878556506,79.13828608855918,0.011790509991866248,-0.0008735553931994807,0.017878652111799682,0.015865839480477838,0.0216505555762322,74.56463767408547,0.05346773297469866,0.05334007926991537,0.8829988799507061,0,0.012546,0,0.352263,1,0,0,0,0.07089320136044786,1,0.05206429777752397,1,0.04686503426576185,1
2023-11-10 00:00:00+00:00,25,1.9472,0.5297,1.0,119,1055708.7676,-67373.8045,0.4703,75,496513.7812,13291.172868,369459.5079,189735.4785,-179724.0294,119,1055708.7676,19,36936.77896666501,2101.280085298535,3e-06,-1165.6546,2.6193,0.442467,-2.4617,17.3666,-0.022902,-0.00882,-0.0452,-0.0745,-0.04929,-0.020857,2.5286988149029597,0.864576,0.03418100000000002,-0.0007899999999999574,0.03604707609927679,-0.0037327177197158433,-0.014452519929871599,0.02554193543457883,0.020114731692845993,90.91591819568457,0.03351721229470941,-0.0009465163035201226,-0.018885212829934744,0.01160253300941101,0.021010605784209702,82.45675983588598,0.05688855780291277,0.0540097150399436,0.8880820000400764,1,0.022902,0,0.442467,1,0,1,0,-0.0188289035829239,0,-0.024028167094685964,0,-0.018588610101219236,0
2023-11-11 00:00:00+00:00,14,0.7965,0.5119,1.0,76,326246.9481,-63792.6881,0.4881,46,159252.605,5533.219955,74038.133,92956.2102,18918.0772,76,326246.9481,16,37099.53564251823,2062.085439236077,0.000348,-1053.9077,1.4305,0.363329,-8.8792,13.9097,0.041212,-0.010359,0.1999,0.9866,0.133176,0.045247,0.26831148280703926,0.81196,-0.052615999999999996,-0.03938200000000003,0.07089320136044786,0.001443540076611347,0.018840768918644512,0.02989553407346488,0.020482575938880476,83.01536490449772,0.008877323527263323,0.011790509991866248,0.006859496884652751,0.011737229350315915,0.020692265176032364,82.60041198290108,0.05558251346070237,0.05440288769902786,0.717413796295207,0,-0.0,1,0.363329,0,0,0,0,-0.005199263511762078,0,0.00024029348170470557,1,-0.013631993339048146,0
2023-11-12 00:00:00+00:00,8,0.4938,0.4597,1.0,59,413943.5059,-48352.6502,0.5403,23,223648.8185,6937.2475,62908.7425,127385.9449,64477.2025,59,413943.5059,28,37093.51002555009,2051.391936911136,-9.4e-05,-154.5679,1.2446,0.330813,-1.2214,8.9043,0.066995,-0.005697,0.0395,1.1749,0.220675,0.069347,-0.622104551094566,0.853194,0.04123399999999999,0.022799000000000014,-0.0188289035829239,0.03604707609927679,0.02311714970342885,0.030759955185030285,0.020529339882142787,80.95073578323101,0.004396678546109981,0.03351721229470941,0.008209992302382488,0.012278733862185037,0.020712970488676912,81.56640285233647,0.05530325751049531,0.05464281679222114,0.6972059950517854,1,-0.0,1,0.330813,0,0,0,1,0.00543955699346677,1,-0.008432729827286028,0,-0.022788075956238624,0
2023-11-13 00:00:00+00:00,22,1.4124,0.5394,1.0,88,422036.5046,-55330.9972,0.4606,48,194396.9954,3655.500692,133277.9322,94361.577,-38916.3553,88,422036.5046,18,36898.52424944698,2062.581004464006,-0.000713,1998.3327,3.1811,0.365999,12.2099,10.166,-0.000951,-0.003559,0.1393,1.8565,0.010116,0.003472,0.8893839340383696,0.832197,-0.020997000000000043,-0.03237900000000005,-0.005199263511762078,0.07089320136044786,0.006815963214603673,0.03080664421692974,0.020524064124194764,80.71850187834498,-0.00016243077574547052,0.008877323527263323,-0.0008735553931994807,0.012909686576480152,0.02087706300003374,77.46905478741907,0.055898739757726745,0.05490868188133361,0.6979638937381609,0,0.000951,1,0.365999,0,0,0,0,-0.01387228682075281,0,-0.02822763294970535,0,-0.016674990202078625,0
2023-11-14 00:00:00+00:00,13,0.5036,0.5124,1.0,81,480881.6269,-19642.2547,0.4876,45,234475.8517,5290.972885,82526.8159,163878.9594,81352.1436,81,480881.6269,23,36242.07129421912,2034.1658365427008,0.000386,-1077.9508,2.0503,0.362893,-5.7529,7.781,0.081268,0.023824,-0.1153,1.248,0.245099,0.08359,0.5205342615960632,0.833201,0.0010040000000000049,0.021240999999999954,0.00543955699346677,-0.0188289035829239,-0.0037327177197158433,0.03190465115890148,0.020933609987014722,75.89153232974618,-0.005270465378330547,0.004396678546109981,-0.0009465163035201226,0.01598756005291588,0.021467620638159872,68.62731319034495,0.05612719593284299,0.05522866218427115,0.6949525687782554,1,-0.0,1,0.362893,0,0,1,0,-0.014355346128952557,0,-0.0028027033813257766,0,-0.03663701758521559,0
2023-11-15 00:00:00+00:00,20,2.1142,0.5515,1.0,90,573395.5637,-29034.4624,0.4485,53,257144.259,10547.607695,214698.6521,101552.6526,-113145.9996,90,573395.5637,17,36217.57237938389,2005.173278863159,-0.000173,-228.8838,1.8431,0.375888,-1.826,3.2627,-0.060959,-0.008362,-0.0724,0.8647,-0.162845,-0.057832,1.0128406896933568,0.845344,0.012143000000000015,-0.007850000000000024,-0.01387228682075281,-0.005199263511762078,0.001443540076611347,0.033212669554998256,0.021330258963269393,70.9688414603517,-0.017950922547566726,-0.00016243077574547052,0.011790509991866248,0.015802019786053827,0.021040752118563846,67.1556150634924,0.05536465166297459,0.055518949871764776,0.7084749300911818,1,0.060959,0,0.375888,0,0,0,1,0.011552642747626766,1,-0.022281671456262996,0,-0.028203551265620408,0
2023-11-16 00:00:00+00:00,35,1.7535,0.5101,1.0,106,489744.8815,-33628.9121,0.4899,55,239926.8853,3708.351443,159090.71,90727.2862,-68363.4238,106,489744.8815,16,36992.10971217416,2028.472654950825,0.000246,46.8363,1.8484,0.344839,0.0537,-7.8775,-0.009452,-0.003024,-0.0263,0.7164,-0.023823,-0.00767,1.84386251859268,0.827866,-0.017477999999999994,-0.004330999999999974,-0.014355346128952557,0.00543955699346677,0.03604707609927679,0.03105806913510827,0.021307319607802293,71.20047062657277,-0.0006762085631861122,-0.005270465378330547,0.03351721229470941,0.01211758028352837,0.02108199592119534,67.92781284310183,0.05483527894823613,0.05571431358227013,0.7157012578051428,0,0.009452,0,0.344839,1,0,0,0,-0.03383431420388978,0,-0.039756194013247134,0,-0.03251517193409405,0
2023-11-17 00:00:00+00:00,24,1.5933,0.4523,1.0,95,512052.3264,-15523.8178,0.5477,61,280442.9401,5511.37756,142298.878,89310.5084,-52988.3696,95,512052.3264,10,36351.05885169268,1960.9887472787805,0.000125,-727.4942,1.1015,0.320925,-6.3071,-11.7229,-0.041274,-0.002353,0.0595,1.0011,-0.128357,-0.038597,1.2356732504173273,0.835351,0.007484999999999964,0.0021499999999999853,0.011552642747626766,-0.01387228682075281,0.07089320136044786,0.015306942141752083,0.02250143642036708,65.97268493476437,0.021160212984613715,-0.017950922547566726,0.008877323527263323,0.013457824133199472,0.021571543529674764,68.6179942611496,0.05394584942571672,0.05529392667124212,0.7232540645578355,1,0.041274,0,0.320925,0,0,1,0,-0.005921879809357371,0,0.0013191422697957714,1,0.030997843067102283,1
2023-11-18 00:00:00+00:00,18,1.0516,0.4943,1.0,63,377009.4892,-18896.1085,0.5057,34,190667.725,5175.680372,95514.8608,90826.9035,-4687.9573,63,377009.4892,11,36508.24901239124,1949.410324460677,-7.8e-05,-649.9522,0.4502,0.340125,-5.6911,-8.5347,0.003405,-0.051201,0.2958,2.4178,0.015375,0.004963,-0.4491409804772712,0.840179,0.0048280000000000545,-0.005164999999999975,-0.03383431420388978,-0.014355346128952557,-0.0188289035829239,0.01481761902094501,0.022453664457194464,61.86287694661065,-0.017481305980341748,-0.0006762085631861122,0.004396678546109981,0.013451092635218495,0.021558430229330548,68.02921955844863,0.05339643442771054,0.05498162966652901,0.7374715399511924,1,-0.0,1,0.340125,0,0,0,1,0.007241022079153128,1,0.036919722876459685,1,0.0273091078690208,1
2023-11-19 00:00:00+00:00,14,0.8232,0.4116,1.0,62,403780.8316,-25805.371,0.5884,40,237579.0673,6981.580622,75044.6996,91157.0647,16112.3651,62,403780.8316,8,36633.10595182447,1963.5772773702736,0.000197,-162.2229,0.2928,0.320033,-2.3631,-9.6764,0.05695,0.075662,-0.4285,0.2757,0.196467,0.059153,-0.4958196127193154,0.820487,-0.019692000000000043,-0.007379000000000024,-0.005921879809357371,0.011552642747626766,-0.005199263511762078,0.015918466495433232,0.02219594255031766,59.288356521105264,0.004314902493371984,0.021160212984613715,-0.00016243077574547052,0.013612564799232452,0.02109371017606657,66.8572814430718,0.053601168297128236,0.054738474064619416,0.7369924769291952,0,-0.0,1,0.320033,0,0,0,0,0.029678700797306546,1,0.020068085789867705,1,0.025760112290660726,1
2023-11-20 00:00:00+00:00,20,1.6937,0.4646,1.0,91,487643.1229,-28581.6151,0.5354,58,261071.3868,4800.948298,142460.9002,84110.8359,-58350.0643,91,487643.1229,13,37323.07374156789,2022.7271032113165,0.00014,2074.2449,2.291,0.339629,15.39,-6.4963,-0.045423,-0.050146,0.0089,0.3245,-0.133948,-0.042587,1.0238675637369823,0.826289,0.005802000000000085,-0.009061999999999903,0.007241022079153128,-0.03383431420388978,0.00543955699346677,0.02077932351760637,0.022579184924075887,62.895463892846294,0.003414130371934687,-0.017481305980341748,-0.005270465378330547,0.015469289192145099,0.02116819407087452,71.41140595399048,0.05419508364228162,0.05449509461955583,0.7291621049081731,0,0.045423,0,0.339629,0,0,1,0,-0.009610615007438856,0,-0.003918588506645785,0,0.019538447483691712,1
2023-11-21 00:00:00+00:00,25,1.6683,0.6496,1.0,105,414264.5523,-49832.2359,0.3504,61,145137.995,5723.96489,168264.3796,100862.1777,-67402.2019,105,414264.5523,19,37177.577838601246,2003.380566724128,-0.000179,60.992,2.2639,0.395648,3.0414,2.298,-0.014971,0.097756,0.0496,0.5739,-0.046406,-0.016941,1.7117451192337245,0.780918,-0.04537100000000005,-0.05926100000000001,0.029678700797306546,-0.005921879809357371,-0.01387228682075281,0.020460402001685928,0.022769888893987223,61.494678097698674,0.018659368600307435,0.004314902493371984,-0.017950922547566726,0.013258491924365158,0.021260865625991568,70.0171770999877,0.053886796375530156,0.05417503753993972,0.7313243680739294,0,0.014971,0,0.395648,1,0,0,0,0.005692026500793057,1,0.029149062491130605,1,0.04080916481262726,1
2023-11-22 00:00:00+00:00,18,0.9512,0.3318,1.0,112,620488.0473,-32932.5243,0.6682,79,414639.065,4533.054014,100348.5002,105500.4822,5151.9821,112,620488.0473,15,36625.94815809261,2014.816377594484,-5.7e-05,-107.74,2.0873,0.305613,-0.8678,3.2561,0.021259,-0.054823,-0.0383,0.3836,0.069349,0.019544,2.0026068216551898,0.8354,0.05448200000000003,0.014913000000000065,-0.009610615007438856,0.007241022079153128,-0.014355346128952557,0.019866326979951592,0.02222719812880916,62.104706314328425,-0.003905901085565394,0.003414130371934687,-0.0006762085631861122,0.015014228135338608,0.021136315190147355,60.968271018723016,0.055010627135104066,0.05412446260738678,0.7369118749295451,1,-0.0,1,0.305613,0,1,0,1,0.023457035990337532,1,0.03511713831183423,1,0.032781822760609786,1
2023-11-23 00:00:00+00:00,14,2.424,0.4295,1.0,90,639451.7584,-39483.22,0.5705,69,364818.8386,11569.31765,194425.6071,80207.3128,-114218.2943,90,639451.7584,7,37316.419506260885,2062.6366663247536,-8.9e-05,-695.0152,1.4214,0.411719,-3.9341,-0.7317,0.003599,-0.021067,-0.0023,0.377,0.007738,0.003033,0.8785903430961309,0.838838,0.003437999999999941,0.012548999999999921,0.005692026500793057,0.029678700797306546,0.011552642747626766,0.02140183763419337,0.019518323292662888,60.23793564826732,-0.014948878002677309,0.018659368600307435,0.021160212984613715,0.01449536698275473,0.012048123146653872,56.82760299202064,0.05527423835447792,0.05418717109399275,0.7120283758026547,1,-0.0,1,0.411719,0,0,1,0,0.011660102321496689,1,0.009324786770272282,1,0.0062718828979057804,1
2023-11-24 00:00:00+00:00,18,0.9019,0.4367,1.0,90,576261.7085,-30059.652,0.5633,55,324624.5893,7301.193488,119330.2562,132306.863,12976.6068,90,576261.7085,17,37622.7547951794,2086.827983439655,0.000245,-464.4752,0.9778,0.336666,-2.6321,2.9433,0.013397,0.029599,-0.0623,0.0512,0.043131,0.013671,0.8589437428179623,0.837366,-0.0014719999999999178,0.056448000000000054,0.023457035990337532,-0.009610615007438856,-0.03383431420388978,0.01429832522670769,0.019416837247012354,48.24248929074908,0.018676475752164447,-0.003905901085565394,-0.017481305980341748,0.011999389744071293,0.012065226162274359,56.609960996387755,0.05546717657440226,0.05440450354380498,0.6269110520069042,0,-0.0,1,0.336666,0,0,0,0,-0.002335315551224417,0,-0.005388219423590877,0,-0.02650820174170759,0
2023-11-25 00:00:00+00:00,7,0.6491,0.2573,0.9888,64,257011.3845,-27357.5035,0.7427,55,193056.8787,5884.719237,26319.8467,40546.9291,14227.0823,67,259923.6545,5,37775.468950680806,2081.9602676356603,9.2e-05,-656.7994,0.3722,0.207173,-7.89,0.7444,0.025925,0.022951,0.0195,0.1411,0.138751,0.024982,-0.3159010605180099,0.757235,-0.08013100000000006,-0.07816500000000004,0.011660102321496689,0.005692026500793057,-0.005921879809357371,0.013732354465829629,0.019454768984726402,52.666683107416375,0.008175617040832727,-0.014948878002677309,0.004314902493371984,0.01200199502907836,0.012056854404316806,56.50189684276895,0.055114081319648005,0.05464988167122461,0.6415617826501415,0,-0.0,1,0.207173,0,0,0,0,-0.0030529038723664703,0,-0.02417288619048314,0,-0.023431930052093746,0
2023-11-26 00:00:00+00:00,12,2.5193,0.4551,1.0,61,226652.0751,-36021.0654,0.5449,44,123497.9355,4234.606618,73843.354,29310.7856,-44532.5684,61,226652.0751,5,37613.51464409657,2075.613935372754,-3.5e-05,192.83,0.5501,0.318827,2.6608,5.7683,-0.009384,-0.007821,0.0566,0.4425,-0.030738,-0.008986,-0.6179100571099967,0.759167,0.0019320000000000448,-0.07967099999999994,-0.002335315551224417,0.023457035990337532,0.007241022079153128,0.014529802789381752,0.019282822519204757,53.30280723434111,0.004050874324238631,0.018676475752164447,0.003414130371934687,0.012501792885736386,0.011861007302095376,54.86824094563046,0.055182663864636244,0.05487580960944004,0.640993492997781,0,0.009384,0,0.318827,0,0,0,1,-0.02111998231811668,0,-0.020379026179727245,0,-0.013904275320430651,0
2023-11-27 00:00:00+00:00,24,1.8076,0.3894,1.0,89,603070.6137,-37334.5943,0.6106,57,368248.5686,6528.884375,151183.4061,83638.6391,-67544.767,89,603070.6137,8,37154.51630627381,2032.2366815452583,-0.000426,861.4055,1.3313,0.30269,8.0287,-1.5931,-0.051969,-0.021835,0.1564,1.2267,-0.182016,-0.051528,0.808656135338866,0.836777,0.07760999999999996,-0.0005890000000000617,-0.0030529038723664703,0.011660102321496689,0.029678700797306546,0.014540967514689803,0.019857919959180185,46.16796083926624,-0.0042965045554595235,0.008175617040832727,0.018659368600307435,0.011811509016935685,0.012201373732905911,52.30475466615835,0.05469689511748806,0.05494749696304096,0.6329118435867983,1,0.051969,0,0.30269,0,0,0,1,0.0007409561383894259,1,0.00721570699768606,1,0.001745342976037705,1
2023-11-28 00:00:00+00:00,13,2.1531,0.3966,1.0,84,501217.4183,-38090.9775,0.6034,63,302435.5369,6780.808108,135739.3828,63042.4986,-72696.8841,84,501217.4183,8,37438.94536509935,2033.7430377921453,-6.3e-05,792.569,1.9887,0.293163,2.8389,-1.7957,-0.051227,-0.042938,0.1155,1.759,-0.185533,-0.050332,0.5480040263147972,0.818952,-0.01782499999999998,0.06171700000000002,-0.02111998231811668,-0.002335315551224417,-0.009610615007438856,0.013830181471762404,0.019862229091185027,49.942338852849446,-0.012278084582209432,0.004050874324238631,-0.003905901085565394,0.0120822746142731,0.01221389500581822,61.63173889118358,0.05432158993687904,0.055009610328947946,0.6541330020498666,0,0.051227,0,0.293163,0,0,0,0,0.006474750859296624,1,0.0010043868376483104,1,0.026480334959671063,1
2023-11-29 00:00:00+00:00,17,1.8531,0.3368,1.0,90,448553.7643,-45279.5399,0.6632,64,297494.8369,6234.747084,98113.4411,52945.4863,-45167.9549,90,448553.7643,9,37965.61844402819,2046.953739121579,0.000192,-199.3541,1.7638,0.289708,-0.1107,-1.0386,-0.017056,-0.00095,-0.0253,1.5905,-0.054932,-0.014512,0.8521108007477871,0.799374,-0.019577999999999984,0.04020699999999999,0.0007409561383894259,-0.0030529038723664703,0.005692026500793057,0.013866718670838543,0.019853619897690605,55.9818866784662,0.007626149288160099,-0.0042965045554595235,-0.014948878002677309,0.010568940433838141,0.012378177858286767,65.4083398845958,0.05391598564736551,0.054853232973556716,0.6523777087671974,0,0.017056,0,0.289708,0,0,0,0,-0.005470364021648324,0,0.02000558410037447,1,0.030990791480113522,1
2023-11-30 00:00:00+00:00,7,0.8841,0.2356,1.0,84,661946.7461,-27592.4023,0.7644,67,506014.4463,12120.050077,73170.3153,82761.9845,9591.6692,84,661946.7461,10,37787.8837889998,2035.786728686775,0.000106,754.1028,2.3198,0.234758,4.9784,7.8739,0.004057,0.015994,-0.1315,0.922,0.024057,0.005192,0.5443694521512136,0.841249,0.041874999999999996,0.0044720000000000315,0.006474750859296624,-0.02111998231811668,0.023457035990337532,0.010365454041457833,0.019919959304213777,51.08221153803895,0.013969489833743196,-0.012278084582209432,0.018676475752164447,0.009176663826265257,0.012428322379618734,57.79685492881084,0.053874060269006124,0.05465320753277503,0.6466976770831703,1,-0.0,1,0.234758,0,0,1,0,0.025475948122022782,1,0.03646115550176188,1,0.06135819385693468,1
2023-12-01 00:00:00+00:00,10,2.4166,0.2699,1.0,88,672337.1752,-40195.1613,0.7301,72,490862.2144,8954.161671,128358.8335,53116.1273,-75242.7062,88,672337.1752,6,38396.3870144765,2088.3166089616125,-0.000538,-103.3159,2.1472,0.291381,-2.7002,7.8058,-0.058167,-0.002687,-0.1032,0.3967,-0.203193,-0.055578,0.7299087410538175,0.855502,0.01425299999999996,0.03654999999999997,-0.005470364021648324,0.0007409561383894259,0.011660102321496689,0.014036708787333365,0.020300992888459966,69.91668510958044,-0.004692455818396533,0.007626149288160099,0.008175617040832727,0.010463868081040214,0.012645015984436887,70.27653685466213,0.05438836232623291,0.05449909121160799,0.6496641515705839,1,0.058167,0,0.291381,0,0,0,1,0.010985207379739084,1,0.03588224573491193,1,0.06624088041793685,1
2023-12-02 00:00:00+00:00,15,1.0159,0.5365,0.9801,65,196191.8533,-42348.624,0.4635,46,92788.5081,3868.64611,54114.1421,53266.9857,-847.1564,69,200169.6359,8,38897.0218987331,2111.383666222226,0.000555,-1054.2244,1.2473,0.28912,-3.8073,11.8885,-0.011055,-0.051434,0.4148,2.4126,-0.024498,-0.006388,-0.25344142556277605,0.752012,-0.10348999999999997,-0.047362000000000015,0.025475948122022782,0.006474750859296624,-0.002335315551224417,0.014544954885540275,0.020313975188814185,74.48437103608255,0.015974850441662077,0.013969489833743196,0.004050874324238631,0.01114493489669505,0.012482935897798676,72.06450469979092,0.05428137073627724,0.054380132556840745,0.6623865681547776,0,0.011055,0,0.28912,0,0,0,0,0.024897038355172832,1,0.0552556730381978,1,0.057457253343817585,1
2023-12-03 00:00:00+00:00,18,1.2257,0.5587,1.0,72,277169.8229,-38229.9999,0.4413,44,122304.7748,4704.054377,85283.6242,69581.424,-15702.2002,72,277169.8229,10,39545.10607546367,2164.6107148523192,0.000308,-135.9671,1.1122,0.360819,-1.4452,7.7825,0.0068,0.083358,-0.4955,-0.0561,0.034549,0.01151,-0.10928304024468395,0.776558,0.024545999999999957,-0.06469100000000005,0.010985207379739084,-0.005470364021648324,-0.0030529038723664703,0.016614293496224578,0.0202988821804862,76.97815456549631,0.01295432281807431,-0.004692455818396533,-0.0042965045554595235,0.011283255353991942,0.011972407193921376,74.40120042102038,0.05473776478742039,0.054316575545809896,0.6691163773786843,0,-0.0,1,0.360819,0,0,1,0,0.03035863468302496,1,0.03256021498864479,1,0.047388858312485016,1
2023-12-04 00:00:00+00:00,16,1.4349,0.285,1.0,108,685213.7704,-33563.6712,0.715,76,489911.8822,11775.764112,115091.1769,80210.7114,-34880.4655,108,685213.7704,16,41386.418380769646,2231.333015294024,-0.000468,1531.9115,2.2637,0.286795,14.4147,14.1685,-0.019576,-0.008993,-0.0328,-0.222,-0.054714,-0.014295,1.702902618428335,0.826128,0.04957,-0.02937400000000001,0.024897038355172832,0.025475948122022782,-0.02111998231811668,0.013758159573780702,0.020653909057063515,77.06447925881419,0.01652425654614991,0.015974850441662077,-0.012278084582209432,0.015168072839654713,0.014119706688280106,78.14533073420269,0.05391461988242068,0.05420482194080028,0.6684877513270508,1,0.019576,0,0.286795,0,1,1,0,0.002201580305619816,1,0.017030223629460092,1,0.021823869572308613,1
2023-12-05 00:00:00+00:00,19,1.711,0.3906,1.0,98,555420.3738,-31306.9018,0.6094,60,338475.2633,7089.160653,136922.3044,80022.806,-56899.4984,98,555420.3738,19,42364.39048711272,2236.2508856726686,0.0002,1008.1983,2.8803,0.313699,7.861,19.1906,-0.044069,-0.012325,0.1753,0.6396,-0.137929,-0.039816,1.1664403314620224,0.811462,-0.014665999999999957,0.05945,0.03035863468302496,0.010985207379739084,0.0007409561383894259,0.013544440123681053,0.020424961827480912,81.61325470932772,0.04551082220615063,0.01295432281807431,0.007626149288160099,0.014986832646831767,0.014474748538330409,82.16264621050746,0.052786098418031946,0.0539854660095364,0.6693599441770974,0,0.044069,0,0.313699,0,0,0,0,0.014828643323840264,1,0.019622289266688832,1,0.054393196684825056,1
2023-12-06 00:00:00+00:00,19,1.7697,0.3981,1.0,92,595811.6567,-34270.7333,0.6019,58,358623.381,6435.361479,151551.5256,85636.7501,-65914.7755,92,595811.6567,15,43884.945184118325,2269.6585353381447,0.000407,1.485,2.7251,0.317248,2.8126,22.114,-0.047854,0.013713,-0.1352,-0.0386,-0.149274,-0.043788,0.8434486745751554,0.829938,0.018475999999999937,0.05337999999999998,0.002201580305619816,0.024897038355172832,0.006474750859296624,0.013179172531276978,0.02049111330388828,82.53095412668111,0.02335539379396301,0.01652425654614991,0.013969489833743196,0.01622369647436578,0.015333968554734482,90.47808698988253,0.051718386016339817,0.053671523205104155,0.6480673088137072,1,0.047854,0,0.317248,0,0,1,0,0.004793645942848555,1,0.03956455336098483,1,0.03905738111006888,1
2023-12-07 00:00:00+00:00,13,1.1467,0.3667,1.0,95,479846.7852,-37358.8806,0.6333,66,303903.8662,5564.647039,93984.1404,81958.7786,-12025.3617,95,479846.7852,16,43569.74304740082,2280.5645937748864,-0.000451,-756.951,2.0984,0.315035,-10.6575,6.4781,-0.008604,-0.006236,-0.0584,-0.3277,-0.014563,-0.004214,0.9741488304576693,0.809048,-0.020889999999999964,-0.017079999999999984,0.014828643323840264,0.03035863468302496,-0.005470364021648324,0.010933748562971751,0.02040960447566302,80.54773402294738,0.03526316459639128,0.04551082220615063,-0.004692455818396533,0.01689398246961691,0.015494965144251527,86.56060943098538,0.05234285158151592,0.05345277910689128,0.6382404802406488,0,0.008604,1,0.315035,0,0,0,0,0.03477090741813626,1,0.03426373516722036,1,0.02996582540054509,1
2023-12-08 00:00:00+00:00,18,0.8693,0.4763,1.0,99,471867.7755,-24365.291,0.5237,61,247103.0045,3753.058551,104526.1751,120238.5958,15712.4207,99,471867.7755,20,43637.83420951731,2361.256632157442,4.6e-05,-749.9212,1.5297,0.337322,-4.9722,4.2061,0.017718,-0.000246,-0.0535,-0.5914,0.068869,0.021576,1.1527005120432545,0.8162,0.007152000000000047,0.00473800000000002,0.004793645942848555,0.002201580305619816,0.025475948122022782,0.012671493980615182,0.021031331698324676,82.94529898690175,-0.0072083843173339265,0.02335539379396301,0.015974850441662077,0.01833172873094762,0.015505542271649719,86.12756955145971,0.05411030760189417,0.05341305700341431,0.6273172692499723,0,-0.0,1,0.337322,0,0,1,0,-0.0005071722509159113,0,-0.004805082017591133,0,-0.052239976309776996,0
2023-12-09 00:00:00+00:00,20,3.2614,0.4788,1.0,77,257559.9319,-33593.3351,0.5212,50,134236.7778,4759.436364,94383.3097,28939.8445,-65443.4652,77,257559.9319,7,44037.04872696558,2360.059371950561,0.000118,-889.0211,0.8905,0.339636,-8.7387,-0.7253,-0.067038,0.009211,-0.0026,-0.5995,-0.201941,-0.062991,0.019960976696789357,0.772494,-0.04370600000000002,-0.05744399999999994,0.03477090741813626,0.014828643323840264,0.010985207379739084,0.014302975239694421,0.02036595122495862,83.76196066956878,0.001561588524650966,0.03526316459639128,0.01295432281807431,0.018574110738252828,0.01468308987782108,86.4610459041197,0.05359258715503807,0.053314659348951576,0.5945944340179967,0,0.067038,0,0.339636,0,0,0,0,-0.004297909766675235,0,-0.05173280405886105,0,-0.06467236307114381,0
2023-12-10 00:00:00+00:00,16,1.0019,0.4299,1.0,63,273354.142,-31366.0239,0.5701,38,155839.029,5454.10989,58813.0672,58702.0458,-111.0215,63,273354.142,9,43825.63203508256,2349.937816073318,0.000189,-328.0001,0.6521,0.3098,-6.6011,-5.8812,0.015254,-0.01076,0.0812,-0.2099,0.064456,0.018313,-0.6838844690143044,0.767267,-0.005226999999999982,-0.04178099999999996,-0.0005071722509159113,0.004793645942848555,0.024897038355172832,0.015454540276988836,0.01636871024701172,83.20406100750827,0.009106764972679234,-0.0072083843173339265,0.01652425654614991,0.02046003859156679,0.014807819358142892,86.24946830947894,0.05362016945225537,0.05315500287249942,0.5554905959972376,0,-0.0,1,0.3098,0,0,0,0,-0.04743489429218583,0,-0.06037445330446854,0,-0.06703134436602244,0
2023-12-11 00:00:00+00:00,26,1.5966,0.4651,1.0,105,602376.4515,-35580.0102,0.5349,59,322189.3705,4388.792917,172282.7254,107904.3556,-64378.3698,105,602376.4515,20,42017.18145077975,2241.071214396032,0.000586,613.0683,1.0554,0.34027,11.0626,-9.2333,-0.020222,0.040518,0.0462,-0.0049,-0.051397,-0.016313,1.4378339213775926,0.832305,0.06503799999999993,0.016104999999999925,-0.004297909766675235,0.03477090741813626,0.03035863468302496,0.02490923499160114,0.01843128970239388,72.9361392893629,-0.004812443646759087,0.001561588524650966,0.04551082220615063,0.02480783591874463,0.017194333774538766,75.54904790733423,0.05333701921489648,0.053072488491424534,0.6718483416673995,1,0.020222,0,0.34027,0,0,0,1,-0.012939559012282723,0,-0.019596450073836577,0,0.01662532195207135,1
2023-12-12 00:00:00+00:00,27,2.2158,0.4075,1.0,97,441385.4512,-37166.7111,0.5925,63,261510.9579,4376.030982,123940.4489,55934.0444,-68006.4045,97,441385.4512,7,41520.69888287647,2212.2595482924226,-1e-06,643.6317,1.4633,0.301424,5.488,-11.6063,-0.046329,-0.006841,-0.0328,-0.3116,-0.162425,-0.044978,1.0230700946543796,0.809372,-0.02293299999999998,0.036877999999999966,-0.04743489429218583,-0.0005071722509159113,0.002201580305619816,0.025401750642383508,0.01860016224530184,68.66080831802549,-0.04214023570290778,0.009106764972679234,0.02335539379396301,0.023321178479953922,0.0174273665275597,71.12187356020274,0.053280884180992895,0.05314317217184753,0.7721470483116282,0,0.046329,0,0.301424,0,0,0,0,-0.0066568910615538695,0,0.02956488096435411,1,0.023087967780675945,1
2023-12-13 00:00:00+00:00,19,2.2281,0.4062,1.0,90,512630.8763,-39067.1507,0.5938,61,304407.8817,6087.831681,143720.4238,64502.5708,-79217.8529,90,512630.8763,10,41566.94415166353,2197.581686147317,-9.2e-05,510.0575,1.7575,0.326787,6.3106,-8.1083,-0.065024,-0.036131,0.1239,0.5077,-0.20437,-0.062124,0.6586756155639184,0.819297,0.009925000000000073,0.05203000000000002,-0.012939559012282723,-0.004297909766675235,0.014828643323840264,0.024371287440139274,0.01866561017679455,65.7355992604416,-0.011886545638305587,-0.004812443646759087,0.03526316459639128,0.016623947743711346,0.017352133257665544,69.52230683639216,0.05286849276504655,0.05330747313594849,0.7777323795145957,1,0.065024,0,0.326787,0,0,0,1,0.03622177202590796,1,0.029744858842229847,1,0.020441366426411634,1
2023-12-14 00:00:00+00:00,13,0.7472,0.416,1.0,93,320736.7899,-34591.4225,0.584,66,187311.7872,2863.747736,57060.1333,76364.8694,19304.7361,93,320736.7899,14,42859.44683692318,2278.6411859272484,-0.000603,-251.282,1.5463,0.296524,-3.3917,-0.8425,0.006823,-0.004241,-0.0403,0.2229,0.041829,0.011201,0.7923679301554484,0.779782,-0.03951500000000008,-0.052522999999999986,-0.0066568910615538695,-0.04743489429218583,0.004793645942848555,0.02887177371502446,0.019411998999654474,71.97937265335746,0.0011131685019205204,-0.04214023570290778,-0.0072083843173339265,0.022082799657949095,0.017501517522888654,74.40340375387176,0.05316543618953596,0.053424985222808495,0.7840327622842379,0,-0.0,1,0.296524,0,0,0,0,-0.00647691318367813,0,-0.015780405599496294,0,-0.026062599872118133,0
2023-12-15 00:00:00+00:00,18,1.8772,0.2833,1.0,95,613300.7558,-44403.6772,0.7167,67,439552.7338,7407.029331,113360.6922,60387.3298,-52973.3623,95,613300.7558,10,42481.42603758607,2263.9303167277817,0.000315,1234.333,2.2709,0.263693,1.3919,5.5216,-0.028248,-0.00516,0.0583,0.6077,-0.102266,-0.024478,0.875416826775731,0.814931,0.035148999999999986,0.005558999999999981,0.03622177202590796,-0.012939559012282723,0.03477090741813626,0.0244315779248572,0.019210396661107656,67.00800994376772,0.030620844026992493,-0.011886545638305587,0.001561588524650966,0.02212650990010779,0.017665545585828696,70.14681102100866,0.053292239171178854,0.05330811830413488,0.7959109049606728,1,0.028248,0,0.263693,0,0,1,0,-0.009303492415818177,0,-0.01958568668843997,0,-0.04199352631095937,0
2023-12-16 00:00:00+00:00,20,1.5191,0.3793,1.0,70,280531.2635,-38187.1704,0.6207,43,174116.3099,4902.013285,64171.4358,42243.5179,-21927.9179,70,280531.2635,7,42260.66886094575,2242.965532269741,0.000972,-570.9703,1.8436,0.275852,0.1706,14.4309,-0.023322,0.029076,-0.0113,0.5145,-0.082061,-0.020144,-0.42598958084295385,0.756575,-0.05835599999999996,-0.06272200000000006,-0.00647691318367813,-0.0066568910615538695,-0.0005071722509159113,0.02432718016006378,0.01930650201205178,62.82524310668111,-0.008859137690843328,0.0011131685019205204,0.009106764972679234,0.021379752763258757,0.017505396527430946,67.05353729311909,0.053074539346501616,0.05323411147434396,0.8005286339826663,0,0.023322,0,0.275852,0,0,0,0,-0.010282194272621805,0,-0.03269003389514116,0,-0.013208138515636597,0
2023-12-17 00:00:00+00:00,14,0.662,0.5705,1.0,71,601205.7247,-28205.8981,0.4295,45,258204.4779,15715.021967,136621.6812,206379.5657,69757.8845,71,601205.7247,12,41925.141137238206,2220.021086690548,-0.001057,-1283.1563,1.0027,0.400406,-11.9771,9.0549,0.054918,0.003442,-0.0762,-0.0223,0.151976,0.057635,-0.3726008020025157,0.827151,0.07057599999999997,0.047368999999999994,-0.009303492415818177,0.03622177202590796,-0.004297909766675235,0.0243104840937483,0.018188797465231457,55.716667694687665,-0.005210106648400413,0.030620844026992493,-0.004812443646759087,0.02138674767736155,0.017177809695615408,62.45498773065456,0.052952024166680975,0.05313866214783334,0.804164665440268,1,-0.0,1,0.400406,0,0,0,1,-0.02240783962251937,0,-0.002925944243014761,0,-0.0052523737916843755,0
2023-12-18 00:00:00+00:00,22,0.3877,0.6483,1.0,99,851549.9199,15793.4867,0.3517,57,299467.6525,30009.457395,154232.4716,397849.7958,243617.3243,99,851549.9199,20,41362.76241191032,2170.828419254822,-0.000266,2077.8345,2.2323,0.43072,18.2337,16.226,0.130584,0.000702,0.0314,0.1859,0.323013,0.132438,1.0628332404175576,0.846079,0.018928000000000056,0.031148000000000065,-0.010282194272621805,-0.00647691318367813,-0.04743489429218583,0.01877600531183494,0.01874371604332724,43.550610547670196,-0.007971165219352646,-0.008859137690843328,-0.04214023570290778,0.015256189291958587,0.017498658780007316,49.858905684807,0.05248267506015838,0.05301661298287075,0.7977497044875561,1,-0.0,1,0.43072,0,0,0,1,0.019481895379504597,1,0.01715546583083503,1,0.02307707662504375,1
2023-12-19 00:00:00+00:00,20,1.8685,0.2633,1.0,131,927956.0585,14941.6532,0.7367,101,683649.6179,8126.148816,159137.8399,85168.6006,-73969.2393,131,927956.0585,10,42715.49156466437,2213.534922477412,0.000255,-503.9634,1.8583,0.253584,-1.5478,9.1902,-0.042766,-0.005065,-0.1382,-0.7788,-0.184806,-0.042556,2.584347006265839,0.808931,-0.03714800000000007,0.05235599999999996,-0.02240783962251937,-0.009303492415818177,-0.012939559012282723,0.020298472577944458,0.01895803345482651,47.78432338587338,-0.01350465669940443,-0.005210106648400413,-0.011886545638305587,0.019196515385890896,0.018229213689843173,51.951744201120256,0.051820424894946523,0.05280797594200698,0.8093990370813748,0,0.042766,0,0.253584,1,0,0,0,-0.0023264295486695803,0,0.003595181245539189,1,0.03478456143635457,1
2023-12-20 00:00:00+00:00,26,2.3913,0.3415,1.0,117,816945.3971,9905.4124,0.6585,79,537920.7138,5758.663332,196748.111,82276.5723,-114471.5387,117,816945.3971,12,43145.62406028883,2208.391274913491,0.000132,50.4239,1.8294,0.294911,4.6042,7.4838,-0.074067,0.022115,-0.0536,-1.2893,-0.261122,-0.071413,1.827645141416704,0.829388,0.02045700000000006,0.0022370000000000445,0.019481895379504597,-0.010282194272621805,-0.0066568910615538695,0.02012408978288965,0.01835371766284091,43.7207697397509,0.03218063712166547,-0.007971165219352646,0.0011131685019205204,0.019264233116992508,0.018075539599599063,45.437491364010306,0.05118459456809877,0.05256741905672872,0.8117200632516121,1,0.074067,0,0.294911,1,0,1,0,0.005921610794208755,1,0.037110990985024184,1,0.037929575686654456,1
2023-12-21 00:00:00+00:00,27,1.8137,0.4049,1.0,116,646766.1026,-3671.1351,0.5951,76,384905.0973,6035.046167,168796.0507,93064.9547,-75731.096,116,646766.1026,13,43717.589855146914,2221.5073042085537,-0.001176,-1465.9552,0.9309,0.317252,-18.3705,-7.4951,-0.064473,-0.023241,-0.0718,-1.8173,-0.19814,-0.058138,1.7259072044447419,0.818073,-0.011314999999999964,-0.028005999999999975,-0.0023264295486695803,-0.02240783962251937,0.03622177202590796,0.013318186898462552,0.018206323176415358,44.010598272817006,0.010019345563054857,-0.01350465669940443,0.030620844026992493,0.016354499761229657,0.018059731190810464,50.88146813267785,0.05081495369642417,0.05223163584342704,0.8052535559707953,0,0.064473,0,0.317252,0,1,0,0,0.031189380190815415,1,0.032007964892445735,1,0.032133382190730655,1
2023-12-22 00:00:00+00:00,26,2.6796,0.8393,1.0,121,1005762.3245,-51151.316,0.1607,34,161596.8275,22264.023261,614750.0628,229415.4342,-385334.6286,121,1005762.3245,61,43811.59129931054,2291.8865778901013,0.000234,-840.5914,0.4119,0.597109,-6.5102,-15.3972,-0.138642,-0.006943,-0.0306,-2.0531,-0.233194,-0.135353,1.9169246749090365,0.866184,0.048110999999999904,0.057253,0.005921610794208755,0.019481895379504597,-0.00647691318367813,0.018554744981474337,0.018896877215721267,43.079851139361935,0.013169534851509238,0.03218063712166547,-0.008859137690843328,0.015552567086105898,0.017660757154891137,51.03088105092061,0.052312333561053935,0.05209164932769491,0.8026844206210462,1,0.138642,0,0.597109,1,0,1,0,0.0008185847016303079,1,0.0009440019999152783,1,-0.00635350392317477,0
2023-12-23 00:00:00+00:00,17,1.0735,0.5299,1.0,74,355769.8168,-48973.2606,0.4701,46,167250.3377,6713.952738,97600.5046,90918.9745,-6681.5301,74,355769.8168,11,43713.28484253134,2293.7634492649263,0.000396,-1196.8436,-0.3237,0.341431,-10.3008,-25.8687,0.001808,0.014251,0.1174,-1.1698,0.013119,0.004167,-0.36292465367663174,0.799294,-0.06689,-0.030094000000000065,0.031189380190815415,-0.0023264295486695803,-0.009303492415818177,0.01793347083568807,0.01855419039711056,43.397069663327045,0.0021478889454433115,0.010019345563054857,-0.005210106648400413,0.015285246841281496,0.017554533534532794,48.01507474002852,0.052472914298885696,0.052005702892321204,0.7847188977110352,0,-0.0,1,0.341431,0,0,0,0,0.00012541729828495642,1,-0.007172088624805043,0,-0.024175199593317168,0
2023-12-24 00:00:00+00:00,19,1.2771,0.4469,0.9862,84,286042.3922,-61191.7587,0.5531,54,160419.7224,4612.687854,72696.58,56924.9776,-15771.6024,88,290041.28,15,43656.43178702964,2294.051144920267,-9.7e-05,-76.9639,-0.3783,0.320877,-0.7613,-14.6529,0.007062,0.025197,0.0146,-1.052,0.03847,0.011234,0.3113391720673613,0.771529,-0.02776499999999993,-0.04654400000000003,0.0008185847016303079,0.005921610794208755,-0.010282194272621805,0.017038586330910002,0.018499558773881774,44.31213434286454,-0.0022463670319074792,0.013169534851509238,-0.007971165219352646,0.014544359941288321,0.017585760380477596,48.939460802975255,0.05254783890977162,0.05194796214133416,0.7796266271039561,0,-0.0,1,0.320877,0,0,0,0,-0.007297505923090013,0,-0.02430061689160209,0,-0.004299800499942056,0
2023-12-25 00:00:00+00:00,15,1.5658,0.426,0.9896,75,285198.1403,-99862.2655,0.574,50,165414.9813,4311.689241,74929.6894,47853.466,-27076.2235,78,288198.1366,13,43321.31354877279,2277.371228020585,-1.7e-05,48.4728,-0.3549,0.299891,-3.3781,-36.2647,-0.023139,-0.028358,-0.0157,-1.1623,-0.074979,-0.020503,-0.1935159974615502,0.768628,-0.0029010000000000424,-0.09755599999999998,0.00012541729828495642,0.031189380190815415,-0.02240783962251937,0.013655210760723466,0.0185723887419958,54.68587986092819,-0.0013014363722216617,0.0021478889454433115,-0.01350465669940443,0.013381513609980968,0.017737020349381374,60.33081138110222,0.05256930230097094,0.051960337461450234,0.7800369674062192,0,0.023139,0,0.299891,0,0,0,0,-0.017003110968512092,0,0.002997705423147992,1,0.045998633733646835,1
2023-12-26 00:00:00+00:00,20,0.5927,0.4324,1.0,89,818142.6644,-76371.178,0.5676,59,464401.2975,20694.08686,131636.4969,222104.87,90468.373,89,818142.6644,10,42728.53498869798,2238.9761750024727,-2.4e-05,-338.6565,-0.5694,0.356145,-0.4112,-35.128,0.050373,0.021215,-0.0363,-1.4187,0.156014,0.052824,0.339442801433801,0.863167,0.09453900000000004,0.06387300000000007,-0.007297505923090013,0.0008185847016303079,0.019481895379504597,0.014931195082225946,0.018900654091349216,53.419769288044115,-0.007705876836727665,-0.0022463670319074792,0.03218063712166547,0.00943726393000389,0.017983145050279734,59.569273226985274,0.05240002203667172,0.052043137053125264,0.7834843198035689,1,-0.0,1,0.356145,0,0,0,1,0.02000081639166007,1,0.06300174470215897,1,0.04335207765625236,1
2023-12-27 00:00:00+00:00,26,1.4692,0.5071,1.0,110,574131.305,-67922.0764,0.4929,63,282964.0002,3664.422019,173247.5659,117919.7389,-55327.827,110,574131.305,21,42810.253563371385,2284.208358833396,3.2e-05,949.506,0.0033,0.36761,9.6725,-30.0597,-0.039936,-0.0284,0.0004,-1.4135,-0.107493,-0.037141,1.3536103158959218,0.832997,-0.03017000000000003,0.06146799999999997,-0.017003110968512092,0.00012541729828495642,-0.0023264295486695803,0.016269334470137727,0.018615649590743657,60.2357860161215,-0.013777779908874235,-0.0013014363722216617,0.010019345563054857,0.008455269736182125,0.017718091725311497,59.783340255967886,0.05335657158517213,0.052353419484135744,0.7906673618483182,0,0.039936,0,0.36761,0,0,0,0,0.04300092831049888,1,0.02335126126459233,1,0.005853607017530384,1
2023-12-28 00:00:00+00:00,26,1.8567,0.4876,1.0,116,625536.3182,-70171.6997,0.5124,74,320504.1105,5723.779448,198255.3337,106776.8741,-91478.4596,116,625536.3182,16,42956.42680743145,2384.573879144648,-0.000165,259.8603,0.1505,0.348812,1.6393,-10.0499,-0.021295,0.00446,-0.0897,-2.0467,-0.06041,-0.019784,1.6044503796078087,0.841613,0.008616000000000068,0.07298500000000008,0.02000081639166007,-0.007297505923090013,0.005921610794208755,0.021787402428813912,0.019921772652114558,61.61369016070065,0.001910679375227723,-0.007705876836727665,0.013169534851509238,0.006215017102736303,0.017710993553313705,50.915698647801264,0.05551145792070669,0.05302434865903325,0.7676159688487458,1,0.021295,0,0.348812,1,0,1,0,-0.019649667045906562,0,-0.03714732129296846,0,-0.03820051095763496,0
2023-12-29 00:00:00+00:00,20,1.8925,0.3212,1.0,101,648838.5165,-24309.6504,0.6788,72,440443.8731,4983.803504,136347.4633,72047.1802,-64300.2832,101,648838.5165,9,42436.4489100069,2338.1751490776114,-0.000292,-657.8717,-0.2739,0.294698,-6.1679,-9.7075,-0.019089,0.012622,0.1742,-0.7597,-0.06228,-0.017216,0.8555609151979304,0.854908,0.013294999999999946,-0.008259000000000016,0.04300092831049888,-0.017003110968512092,0.031189380190815415,0.02206486709532412,0.02043327090603018,57.72677693494675,0.003408628734545181,-0.013777779908874235,0.0021478889454433115,0.006760761198034371,0.0178757477464177,49.58206918834628,0.055098275400848835,0.05342234035043252,0.7140288603110833,1,0.019089,0,0.294698,0,0,1,0,-0.01749765424706191,0,-0.01855084391172836,0,-0.01521011341759328,0
2023-12-30 00:00:00+00:00,8,0.9257,0.2612,1.0,69,382929.4836,-22803.5375,0.7388,51,282904.7617,5826.343577,48081.7308,51942.9911,3861.2603,69,382929.4836,10,42100.084287314,2297.6184272564856,0.000496,-489.968,-0.5958,0.247844,-6.5802,-5.9869,0.004546,-0.013379,-0.1065,-1.5168,0.025736,0.005843,-0.7439338037278014,0.81814,-0.03676800000000002,-0.014857000000000009,-0.019649667045906562,0.02000081639166007,0.0008185847016303079,0.02339288384797237,0.020749836611125953,55.54698000346965,-0.012178634808343343,0.001910679375227723,-0.0022463670319074792,0.006780211297151929,0.017938513017814746,48.52985693376176,0.05457515029129825,0.053722659777920026,0.7260388361160401,0,-0.0,1,0.247844,0,0,0,0,-0.0010531896646664642,0,0.002287540829468665,1,0.035424458473969626,1
2023-12-31 00:00:00+00:00,11,1.1846,0.4457,1.0,63,295686.1106,-22141.6154,0.5543,40,163899.2505,5432.082731,71462.5041,60324.356,-11138.1481,63,295686.1106,12,42429.77376013616,2295.1998730972305,0.000262,-551.422,-0.9429,0.355367,-2.1483,-7.3739,0.029471,0.011918,0.0616,-1.0466,0.094286,0.031338,-1.0243832730788305,0.805564,-0.012576000000000032,-0.03604900000000011,-0.01749765424706191,0.04300092831049888,0.00012541729828495642,0.023398086076910855,0.020366238712248876,58.014291874645565,-0.007957894299176422,0.003408628734545181,-0.0013014363722216617,0.008375912321190719,0.017805686124672485,54.62634621015263,0.05409408699825849,0.053943552361989576,0.7283369926999402,0,-0.0,1,0.355367,0,0,0,0,0.0033407304941351153,1,0.036477648138636125,1,0.0009181755894853844,1
2024-01-01 00:00:00+00:00,12,1.6777,0.316,1.0,70,351074.3194,-22284.88,0.684,51,240125.8262,4952.416228,69513.7843,41434.7088,-28079.0755,70,351074.3194,7,42754.56988697976,2302.880339344182,0.000181,-206.4584,-1.0748,0.283955,-2.4543,-6.45,-0.040791,-0.027095,-0.2589,-2.7624,-0.14096,-0.03725,-0.6809528181036076,0.837251,0.03168700000000002,-0.017657000000000034,-0.0010531896646664642,-0.019649667045906562,-0.007297505923090013,0.023184191516986093,0.020312562036899278,65.64643311033424,0.007800584366567593,-0.012178634808343343,-0.007705876836727665,0.00922832482229222,0.017732792704928863,63.406297993082305,0.053862788128421525,0.05412833605162537,0.7196447198963849,1,0.040791,0,0.283955,0,0,0,1,0.033136917644500996,1,-0.002422554904649696,0,-0.025378173876315625,0
2024-01-02 00:00:00+00:00,19,1.6492,0.2939,1.0,94,582052.4273,-41197.1412,0.7061,64,410992.3038,9235.81827,106488.7892,64571.3342,-41917.455,94,582052.4273,11,45238.75222878408,2380.469122450789,-0.000728,719.9277,-0.6293,0.27407,7.6047,1.5658,-0.036287,0.033037,0.1796,-1.4954,-0.123241,-0.031173,0.5065374292294333,0.845614,0.00836300000000001,0.027474,0.0033407304941351153,-0.01749765424706191,-0.017003110968512092,0.02420492979616425,0.02067285731810899,67.96455039089741,0.007625760483772579,-0.007957894299176422,-0.013777779908874235,0.022620484637712192,0.02011239415465015,69.42497707944881,0.05262013219135976,0.054159780359437956,0.7172408537397397,1,0.036287,0,0.27407,0,0,1,0,-0.035559472549150706,0,-0.05851509152081659,0,-0.05829667483069767,0
2024-01-03 00:00:00+00:00,17,1.0342,0.4015,1.0,99,551364.5017,-33824.2046,0.5985,65,330016.5396,4543.881286,112532.6167,108815.3455,-3717.2712,99,551364.5017,17,43996.32452241811,2297.308237369882,0.000851,1639.2712,0.402,0.30824,7.2048,-0.9019,-0.033998,0.006684,0.1326,-0.5902,-0.109253,-0.031105,0.7450317343081309,0.830768,-0.014846000000000026,0.025204000000000004,0.033136917644500996,-0.0010531896646664642,0.02000081639166007,0.02861085599469295,0.021180151224988796,58.37746686069671,0.056477982107136886,0.007800584366567593,0.001910679375227723,0.026460181776808735,0.01939914467340382,55.896788627526526,0.052215912631504026,0.053996829080342514,0.7297992380489999,0,0.033998,0,0.30824,0,0,0,0,-0.022955618971665894,0,-0.022737202281546933,0,-0.02327660212760288,0
2024-01-04 00:00:00+00:00,16,2.0934,0.3291,1.0,87,500295.5732,-29068.6625,0.6709,65,335671.759,5448.503028,111406.7395,53217.0747,-58189.6648,87,500295.5732,6,43468.071715984806,2245.172794911228,-0.00123,-1262.789,-0.4268,0.263844,-4.3559,-6.897,-0.036735,0.006962,0.011,-0.5237,-0.140875,-0.034275,0.14133604780057824,0.831808,0.001040000000000041,-0.005442999999999976,-0.035559472549150706,0.0033407304941351153,0.04300092831049888,0.022640913662211753,0.0216231460974979,52.09725614192657,-0.02784797287004492,0.007625760483772579,0.003408628734545181,0.027147145030717353,0.01913340187261058,48.25987741930474,0.05165107874075756,0.053445346340349774,0.7364470229222659,1,0.036735,0,0.263844,0,0,0,1,0.00021841669011894726,1,-0.0003209831559369546,0,-0.0014023717443743277,0
2024-01-05 00:00:00+00:00,14,1.9934,0.3332,1.0,83,592654.1557,-29246.4387,0.6668,61,395155.5988,5084.314702,131521.6367,65976.9202,-65544.7166,83,592654.1557,8,43778.95784125684,2245.6632316796754,0.000842,-328.9129,-0.6584,0.285209,-4.1356,-4.8648,-0.035727,-0.009177,-0.0716,-1.0268,-0.12593,-0.033705,-0.07690317148624912,0.853693,0.021885000000000043,0.008079000000000058,-0.022955618971665894,0.033136917644500996,-0.019649667045906562,0.022267910676489176,0.02144453550674866,45.40408957263327,-0.012079411791469659,0.056477982107136886,-0.012178634808343343,0.026475533788199262,0.018047519473803054,49.78012474540653,0.051295493141305104,0.05290209173184353,0.7548702260647916,1,0.035727,0,0.285209,0,0,0,1,-0.0005393998460559157,0,-0.0016207884344932439,0,0.003533834285588428,1
2024-01-06 00:00:00+00:00,16,1.5319,0.4042,0.9735,65,220701.9756,-32547.9848,0.5958,48,135070.5014,3184.627781,55440.5091,36190.9464,-19249.5627,71,226701.9569,7,43850.62846583957,2244.452247909805,0.001041,-209.4424,-0.8132,0.286149,-0.8457,0.8697,-0.037734,-0.011128,-0.0888,-1.6058,-0.131334,-0.034249,-0.7092556574412509,0.759379,-0.09431400000000001,-0.07138899999999992,0.00021841669011894726,-0.035559472549150706,-0.01749765424706191,0.02169408386726992,0.021422482581995056,45.09158304018192,0.0071266023069033865,-0.02784797287004492,-0.007957894299176422,0.025969697150619458,0.017999242450554644,50.92901129597895,0.05118403832360747,0.05241764716503056,0.760731526102603,0,0.037734,0,0.286149,0,0,0,0,-0.001081388588437342,0,0.0040732341316443745,1,0.02161466930386155,1
2024-01-07 00:00:00+00:00,12,1.1102,0.4784,0.9773,57,172279.457,-31585.9668,0.5216,42,91952.0782,2907.887814,44362.4512,39958.4295,-4404.0217,61,176272.9588,7,44082.94267447208,2242.0264347213683,0.000869,1288.4113,0.0274,0.299917,13.9454,16.9634,0.001664,0.050169,-0.1886,-2.7428,0.008005,0.00219,-1.2091447073325832,0.728711,-0.03066800000000003,-0.103097,-0.0005393998460559157,-0.022955618971665894,-0.0010531896646664642,0.02169359008522992,0.020358779079751553,44.841293908866675,0.0016357635265435199,-0.012079411791469659,0.007800584366567593,0.025955122835295448,0.018021666417527425,52.812881090253384,0.050859273421864824,0.05195553093983147,0.7669507875090591,0,-0.0,1,0.299917,0,0,0,0,0.005154622720081703,1,0.022696057892298924,1,0.07181151133942607,1
2024-01-08 00:00:00+00:00,21,1.4567,0.326,1.0,107,572137.0901,-32527.977,0.674,74,385631.4486,6625.535246,110589.3941,75916.2474,-34673.1468,107,572137.0901,12,44791.5593202402,2253.6130718374056,-0.001679,-575.5572,-0.3779,0.32296,-6.0758,13.3418,-0.017501,-0.035682,0.2133,-1.3207,-0.044106,-0.013251,1.1255294297003884,0.838972,0.11026100000000005,-0.014720999999999984,-0.001081388588437342,0.00021841669011894726,0.0033407304941351153,0.021797394837205282,0.02039668528733003,47.618652335040764,0.005283869314604576,0.0071266023069033865,0.007625760483772579,0.02625958615966121,0.018179007586848726,59.21663291521877,0.050313342648445225,0.05144846729983486,0.8017040148842228,1,0.017501,1,0.32296,0,0,0,1,0.017541435172217207,1,0.06665688861934438,1,0.14680260465399042,1
2024-01-09 00:00:00+00:00,21,1.4279,0.4084,1.0,106,540218.7142,-32094.4928,0.5916,68,319590.6128,5100.598426,129755.5837,90872.5177,-38883.066,106,540218.7142,17,46655.55443770224,2293.493436253588,0.000156,-343.3148,-0.6295,0.325296,-6.2939,-0.5568,-0.029433,-0.014154,-0.0006,-1.3126,-0.085459,-0.025999,1.0511101250382229,0.832393,-0.0065790000000000015,0.07301400000000002,0.005154622720081703,-0.0005393998460559157,0.033136917644500996,0.017931804475081678,0.02068253057302779,55.449519050769105,0.015946793435251648,0.0016357635265435199,0.056477982107136886,0.0215392270605676,0.019566102615228672,71.1304532888848,0.04915799338138872,0.05095387604126756,0.8021625380851641,0,0.029433,0,0.325296,0,0,0,0,0.049115453447127165,1,0.1292611694817732,1,0.1280533042320428,1
2024-01-10 00:00:00+00:00,31,1.1836,0.4746,1.0,131,725370.1,-35698.134,0.5254,78,381125.8738,4388.301347,186593.493,157650.7332,-28942.7597,131,725370.1,22,45827.08026340185,2408.951586752408,0.000502,1880.2643,0.6501,0.354637,13.5768,5.8152,-0.03067,-0.021634,-0.3068,-3.0848,-0.083154,-0.027515,2.226211673721893,0.841874,0.009480999999999962,0.11316300000000001,0.017541435172217207,-0.001081388588437342,-0.035559472549150706,0.022186247266605494,0.020689214725041993,60.641024261160254,0.040772272754659264,0.005283869314604576,-0.02784797287004492,0.01926802269621225,0.01812479982946723,65.1963440600187,0.0525661153384941,0.051003904999409,0.796269278428401,1,0.03067,0,0.354637,1,0,1,0,0.08014571603464604,1,0.07893785078491564,1,0.05670525144383586,1
2024-01-11 00:00:00+00:00,33,1.125,0.4377,1.0,142,899279.0735,-30693.9151,0.5623,90,505652.0376,7187.297822,208393.5842,185233.4517,-23160.1324,142,899279.0735,19,46597.26086879749,2609.966386828828,-0.001563,-690.5627,0.1511,0.334476,-3.2058,6.9653,-0.026865,0.020667,0.1066,-2.3355,-0.080059,-0.024837,2.63696325787536,0.838521,-0.0033530000000000504,-0.0004510000000000902,0.049115453447127165,0.005154622720081703,-0.022955618971665894,0.0314466068298844,0.024866578531215114,65.73521711107335,-0.017916797879897355,0.015946793435251648,-0.012079411791469659,0.017825604525782128,0.018071534548242875,67.14068449804458,0.05601115469378408,0.05162677299269851,0.5706937144650414,0,0.026865,0,0.334476,1,0,0,0,-0.0012078652497304002,0,-0.023440464590810166,0,-0.02694454031365102,0
2024-01-12 00:00:00+00:00,30,1.6439,0.6663,1.0,123,731077.9713,-38278.8076,0.3337,71,243937.7107,12312.3493,302889.6121,184250.6485,-118638.9636,123,731077.9713,22,45180.53069488189,2606.8158022510693,0.000697,-807.0607,-0.4439,0.48638,-6.4407,4.6602,-0.00068,-0.005912,0.0791,-1.8163,0.001917,0.00089,1.6971575561638568,0.84453,0.006009000000000042,0.012136999999999953,0.08014571603464604,0.017541435172217207,0.00021841669011894726,0.03161172668863318,0.024794433137787616,70.24940591313819,0.016666571250144497,0.040772272754659264,0.0071266023069033865,0.023655477141864535,0.01914983661428477,62.23735274358848,0.05769776853343542,0.05254138376300283,0.5341780004614103,1,0.00068,1,0.48638,1,0,1,0,-0.022232599341079764,0,-0.02573667506392061,0,-0.03442728858104651,0
2024-01-13 00:00:00+00:00,15,0.9186,0.5101,1.0,75,324691.1305,-34525.28,0.4899,48,159081.36,5383.565516,79292.32,86317.4504,7025.1304,75,324691.1305,12,42861.65065969789,2549.4990223641857,-0.000209,-789.9342,-1.0371,0.353577,-5.2236,0.2824,0.015316,0.010363,0.5638,1.4153,0.05178,0.017202,-0.6337189290591251,0.809739,-0.034791000000000016,-0.032135000000000025,-0.0012078652497304002,0.049115453447127165,-0.0005393998460559157,0.03499258174494185,0.02460867471363441,69.0322526710291,-0.030875502558941004,-0.017916797879897355,0.0016357635265435199,0.03214147742538394,0.02093081795765393,52.98056149929478,0.059482054076872924,0.053726814584897906,0.5205152794314317,0,-0.0,1,0.353577,0,0,0,0,-0.0035040757228408416,0,-0.012194689239966734,0,-0.002007411621641038,0
2024-01-14 00:00:00+00:00,13,1.7601,0.4461,1.0,58,284884.8676,-38895.4783,0.5539,35,157803.1812,5073.354845,81038.5483,46043.1381,-34995.4103,58,284884.8676,10,42782.271803856645,2540.58101853987,0.000246,1547.788,0.0779,0.326052,21.1165,7.4534,-0.04045,-0.232111,2.9647,8.3434,-0.12702,-0.03835,-1.4375621564255854,0.807592,-0.00214700000000001,-0.030928999999999984,-0.022232599341079764,0.08014571603464604,-0.001081388588437342,0.03522632921188895,0.024572056378818565,68.41865274790013,-0.05268875507626954,0.016666571250144497,0.005283869314604576,0.03193787411361743,0.020867535460389955,51.40324646260723,0.059383967036337866,0.054944627958394054,0.5157433213006923,0,0.04045,0,0.326052,0,0,0,0,-0.008690613517125892,0,0.001496664101199821,1,0.004132354614456447,1
2024-01-15 00:00:00+00:00,18,1.4211,0.3863,1.0,93,478012.6896,-38530.1993,0.6137,58,293351.1616,5621.022434,108388.8607,76272.6672,-32116.1934,93,478012.6896,17,42565.62943502979,2518.597474403693,6.6e-05,-969.1952,-0.6603,0.317119,-15.8927,-2.3635,0.000793,0.280312,-3.168,0.0162,0.005147,0.001536,0.2449595172745416,0.835672,0.028079999999999994,-0.008858000000000033,-0.0035040757228408416,-0.0012078652497304002,0.005154622720081703,0.036426777672810336,0.024561001715567108,65.92791744374261,-0.0018536955405111923,-0.030875502558941004,0.015946793435251648,0.030682793029800513,0.020866349219708556,49.24225799938474,0.05916974582151931,0.05620982841169035,0.5128454817417626,1,-0.0,1,0.317119,0,0,0,1,0.010187277618325713,1,0.012822968131582357,1,-0.004693419887965247,0
2024-01-16 00:00:00+00:00,20,1.1115,0.4686,1.0,92,399485.571,-34387.2683,0.5314,59,212290.5778,4922.071612,98538.7711,88656.222,-9882.5491,92,399485.571,13,42900.27729265093,2544.386261821703,-0.000411,1095.6244,0.1439,0.326715,9.7168,13.6472,-0.008807,-0.018608,0.3816,1.0019,-0.02318,-0.007057,0.18497519576331842,0.814342,-0.02132999999999996,0.004603000000000024,-0.008690613517125892,-0.022232599341079764,0.017541435172217207,0.03647692634455454,0.024438498829938433,62.89870718758767,-0.0050766997424286885,-0.05268875507626954,0.040772272754659264,0.023849509140169232,0.020851379372943825,39.10604079786484,0.05930931971522645,0.05766001788795288,0.5127682422515744,0,0.008807,1,0.326715,0,0,0,0,0.0026356905132566438,1,-0.014880697506290943,0,-0.02847069841331238,0
2024-01-17 00:00:00+00:00,15,1.2928,0.3704,1.0,93,472951.3959,-33448.4614,0.6296,66,297766.8518,4033.912575,98777.8276,76406.7166,-22371.111,93,472951.3959,12,42711.34491363164,2551.1013220769687,0.000632,350.4829,0.3938,0.300186,3.0602,3.1306,-0.012795,0.017092,-0.2082,0.4541,-0.039348,-0.010957,0.22171351096234967,0.819475,0.005132999999999943,0.011882999999999977,0.010187277618325713,-0.0035040757228408416,0.049115453447127165,0.03328669774770747,0.023908022358318244,73.26427960829817,0.007831182764918388,-0.0018536955405111923,-0.017916797879897355,0.023836097151262527,0.02070235365451722,43.26841921242956,0.059728892340797396,0.05868327174542477,0.5103679419782515,0,0.012795,1,0.300186,0,0,1,0,-0.017516388019547587,0,-0.031106388926569008,0,-0.031742549075487216,0
2024-01-18 00:00:00+00:00,17,0.6501,0.4057,1.0,106,722953.068,-21256.9482,0.5943,69,429674.6704,7614.929699,115548.9691,177729.4285,62180.4594,106,722953.068,20,42238.36518566275,2506.804335651978,-0.000703,-199.1003,0.2232,0.318952,-1.5979,4.7385,0.041017,-0.011939,-0.1568,0.0411,0.145756,0.043379,0.83987252740463,0.835013,0.015538000000000052,-0.0006589999999999652,0.0026356905132566438,-0.008690613517125892,0.08014571603464604,0.011319320365070894,0.0241089514794081,75.07753722231026,-0.004413715821857707,-0.0050766997424286885,0.016666571250144497,0.020758355101285063,0.019954734128304143,43.45469270515043,0.05934899053580983,0.059160105437142736,0.4988095099287591,1,-0.0,1,0.318952,0,0,1,0,-0.013590000907021421,0,-0.014226161055939612,0,-0.014273446959788919,0
2024-01-19 00:00:00+00:00,17,1.2668,0.324,1.0,105,487249.0398,-6963.3147,0.676,72,329376.9897,4372.370658,88227.7894,69644.2607,-18583.5288,105,487249.0398,16,41279.93304437824,2472.967305862701,-0.000197,-513.1848,-0.2029,0.26103,-6.3321,4.847,-0.036889,-0.028116,-0.1803,-0.4246,-0.147543,-0.034847,0.7734025421965042,0.801187,-0.03382600000000002,-0.013155000000000028,-0.017516388019547587,0.010187277618325713,-0.0012078652497304002,0.011455830130114154,0.024300189937828467,70.67787968600393,-0.011135638131293637,0.007831182764918388,-0.030875502558941004,0.019884387906508354,0.020268073472855398,37.49694412271021,0.05990725089607395,0.05947574577466253,0.4979412685123151,0,0.036889,0,0.26103,0,0,0,0,-0.0006361601489181908,0,-0.0006834460527674781,0,-0.03379774861515617,0
2024-01-20 00:00:00+00:00,14,2.0462,0.5308,0.9772,58,214374.8106,-13680.1549,0.4692,43,102927.3905,5154.167583,78218.035,38225.2837,-39992.7512,63,219370.7092,6,41592.307017568906,2471.3946029116446,0.000635,-1386.8736,-1.338,0.307578,-11.1114,-1.0408,-0.06241,-0.024478,-0.0819,-0.631,-0.211507,-0.060037,-1.3222101616725737,0.760279,-0.040907999999999944,-0.059195999999999915,-0.013590000907021421,0.0026356905132566438,-0.022232599341079764,0.009592964317304956,0.024309677966781216,70.64855866941627,-0.02295243647305661,-0.004413715821857707,-0.05268875507626954,0.010712614844931996,0.020153543616951135,39.02817040123888,0.05941951240809289,0.059466811250551095,0.5182676276499758,0,0.06241,0,0.307578,0,0,0,0,-4.728590384928732e-05,0,-0.033161588466237964,0,-0.09053722065931331,0
2024-01-21 00:00:00+00:00,10,7.8299,0.3038,0.9936,58,310760.5547,-19179.3778,0.6962,44,217750.395,11746.465661,84249.9649,10759.9944,-73489.9705,60,312760.3544,6,41666.67895786728,2471.277743547,0.000266,-346.4239,-1.5952,0.242059,-3.06,-25.2172,-0.065724,-0.002623,0.0362,-0.53,-0.286539,-0.063622,-1.4350342247760925,0.79761,0.037331,-0.037402999999999964,-0.0006361601489181908,-0.017516388019547587,-0.0035040757228408416,0.009737355559718455,0.02374762055908636,70.96318499422085,0.0075387235187095065,-0.011135638131293637,-0.0018536955405111923,0.010936862556141912,0.02015129633368042,38.130149915342486,0.05931064834915013,0.05945633715238142,0.5159111429883129,0,0.065724,0,0.242059,0,0,0,1,-0.033114302562388676,0,-0.09048993475546402,0,-0.10346462463331058,0
2024-01-22 00:00:00+00:00,14,1.2693,0.3184,1.0,99,670714.7658,-18212.0329,0.6816,69,457166.0302,6130.759695,119446.7573,94101.9783,-25344.779,99,670714.7658,16,40755.18067572979,2390.7832200692505,-5.2e-05,532.9268,-1.1509,0.29163,3.4013,-5.9232,-0.01104,0.024357,0.0246,-0.4616,-0.03082,-0.008431,0.5138098820003628,0.855586,0.057975999999999916,0.054398999999999975,-4.728590384928732e-05,-0.013590000907021421,-0.008690613517125892,0.014785752334176366,0.024623033389374358,61.35554562418061,0.001786520919222532,-0.02295243647305661,-0.0050766997424286885,0.012980841817731167,0.020494487138575317,30.61860203770368,0.05866206897944121,0.05938381188922741,0.51967366086476,1,0.01104,1,0.29163,0,0,0,1,-0.057375632193075336,0,-0.07035032207092187,0,-0.07629852235157895,0
2024-01-23 00:00:00+00:00,25,1.9802,0.2812,1.0,110,1453079.6057,-35998.0452,0.7188,72,1044486.8733,39519.058955,271488.6837,137104.0486,-134384.6351,110,1453079.6057,13,39377.3102905996,2257.4715125593016,-2.5e-05,-296.4422,-1.3656,0.305982,-1.5701,-17.21,-0.012102,0.021118,-0.0494,-0.5818,-0.042547,-0.012391,1.0456036094419339,0.884382,0.028796000000000044,0.12410299999999996,-0.033114302562388676,-0.0006361601489181908,0.010187277618325713,0.02176552327924436,0.026860470494099915,47.36152719676305,-0.022118778870081384,0.0075387235187095065,0.007831182764918388,0.015019554755152596,0.02131116871690421,14.256376352669733,0.05732924610389703,0.059100944230466065,0.5409757497786519,1,0.012102,1,0.305982,0,0,0,1,-0.012974689877846541,0,-0.01892289015850359,0,-0.00844956861013867,0
2024-01-24 00:00:00+00:00,10,0.6091,0.3817,1.0,85,432106.366,-27079.5284,0.6183,58,267188.8907,4469.931778,62429.4844,102487.9909,40058.5065,85,432106.366,17,39899.23443982456,2228.370714928793,-0.000148,-308.2213,-1.5776,0.292919,-3.0072,-23.2774,0.052062,-0.005041,0.0112,-0.5454,0.191456,0.052086,-0.19635618745617137,0.828941,-0.05544099999999996,0.031331,-0.057375632193075336,-4.728590384928732e-05,0.0026356905132566438,0.020146902745705242,0.026929660852184574,35.23432255690675,-0.03439319528136488,0.001786520919222532,-0.004413715821857707,0.0177655667943798,0.02150688810084483,20.211015639833775,0.05584996169010683,0.058546811280367414,0.586632936471794,0,-0.0,1,0.292919,0,0,0,0,-0.00594820028065705,0,0.004525121267707892,1,0.0173577914464884,1
2024-01-25 00:00:00+00:00,11,4.9215,0.1136,1.0,102,2275962.2494,-60421.078,0.8864,86,2017434.1273,44749.078105,214869.255,43658.867,-171210.388,102,2275962.2494,5,39939.4679073435,2215.1552626600246,0.000241,1286.2754,-0.5808,0.169255,13.2022,-8.4773,-0.051481,0.007397,-0.0659,-0.7046,-0.32006,-0.05134,0.6369888408789072,0.927456,0.09851499999999991,0.07186999999999999,-0.012974689877846541,-0.033114302562388676,-0.017516388019547587,0.020784081962301845,0.026774424502565692,6.7610013580387545,0.013167367268413433,-0.022118778870081384,-0.011135638131293637,0.018193143870301343,0.021414508414216986,14.44920284512422,0.05546281357075199,0.057991643142502006,0.5660199683110086,1,0.051481,0,0.169255,0,0,0,1,0.010473321548364943,1,0.02330599172714547,1,0.027108292092058665,1
2024-01-26 00:00:00+00:00,23,1.234,0.3158,1.0,106,648571.1736,-60831.473,0.6842,54,443764.8368,10915.541045,113131.3151,91675.0217,-21456.2933,106,648571.1736,29,40871.64525789083,2238.477211959928,-0.000634,-530.1757,-1.008,0.248107,-5.405,-7.5502,-0.014453,0.008373,-0.0367,-0.7868,-0.060859,-0.013891,0.8219501900184566,0.836439,-0.0910169999999999,-0.04794299999999996,-0.00594820028065705,-0.057375632193075336,-0.013590000907021421,0.023397016915619254,0.026580432643585002,11.711018984797349,0.0010078688591343287,-0.03439319528136488,-0.02295243647305661,0.020102791120992128,0.021899299410300627,26.025745517679425,0.054768463511455034,0.05725753065898502,0.5594487272578168,0,0.014453,1,0.248107,0,0,0,0,0.012832670178780528,1,0.01663497054369374,1,0.01575257227951841,1
2024-01-27 00:00:00+00:00,18,3.2637,0.6254,1.0,58,249239.7396,-66941.6444,0.3746,24,93354.5851,7072.324933,119324.5529,36560.6016,-82763.9512,58,249239.7396,16,41808.17497437742,2267.387956000693,0.00021,-675.7342,-1.5377,0.324949,-7.274,-3.7127,-0.094388,0.002957,-0.17,-1.1963,-0.312069,-0.094818,-1.6369455131086572,0.766118,-0.07032100000000008,-0.06282300000000007,0.010473321548364943,-0.012974689877846541,-0.0006361601489181908,0.025186809523510923,0.025416291593216057,19.062767477508544,0.023071547048716105,0.013167367268413433,0.0075387235187095065,0.021952417391032986,0.02232715905330145,43.048817763513426,0.05423312444014324,0.05651661809213506,0.5626822844111468,0,0.094388,0,0.324949,0,0,0,0,0.0038023003649132157,1,0.002919902100737906,1,0.027087250319160042,1
2024-01-28 00:00:00+00:00,14,1.2793,0.5371,0.9638,64,186289.5128,-58260.388,0.4629,46,89475.6808,2665.417283,58261.4769,45540.301,-12721.1759,71,193277.4587,11,42252.86015314441,2276.0256572138123,0.000385,-109.4817,-1.5964,0.307852,-0.4703,-1.123,0.039778,-0.01924,0.1419,-0.819,0.133684,0.037601,-0.950559731443746,0.729221,-0.03689699999999996,-0.19823499999999994,0.012832670178780528,-0.00594820028065705,-4.728590384928732e-05,0.02553869546995919,0.025204302735224674,21.035879380120107,0.022655341310615817,0.0010078688591343287,0.001786520919222532,0.022271606364853005,0.022317476537902496,46.68358399363111,0.05386678319442555,0.05573892307003155,0.5850704890544154,0,-0.0,1,0.307852,0,0,0,0,-0.0008823982641753094,0,0.023284949954246847,1,0.019849317970459725,1
2024-01-29 00:00:00+00:00,17,3.2374,0.2135,1.0,89,596832.0312,-64253.5475,0.7865,64,469379.2686,5633.78509,97374.8288,30077.9337,-67296.8951,89,596832.0312,8,42431.89288028296,2274.018181951268,0.000549,202.5524,-1.4151,0.227635,1.4881,-3.0362,-0.048497,-0.006372,0.0051,-0.7923,-0.220437,-0.046491,-0.030644815933412582,0.854445,0.125224,0.018005999999999966,0.0038023003649132157,0.010473321548364943,-0.033114302562388676,0.023899475850095366,0.025008756325967406,21.938285683206573,0.010580153485932548,0.023071547048716105,-0.022118778870081384,0.019580829788806996,0.022281231482539587,49.15806225730734,0.05359219274914666,0.055014655037132335,0.5805946449569569,1,0.048497,0,0.227635,0,0,1,0,0.024167348218422157,1,0.02073171623463505,1,0.001654227504365547,1
2024-01-30 00:00:00+00:00,17,0.9106,0.27,1.0,93,686907.3668,-43815.6458,0.73,56,501472.7209,9347.44896,88376.9848,97057.6612,8680.6764,93,686907.3668,20,43418.39185126319,2329.64463573974,-0.001222,1362.0075,-0.3647,0.245758,11.3334,9.8673,0.012736,-0.000918,0.0692,-0.6058,0.073808,0.016762,0.17424140068388783,0.83638,-0.018064999999999998,0.07026200000000005,-0.0008823982641753094,0.012832670178780528,-0.057375632193075336,0.012489362769218599,0.025404864841938605,27.506287599929195,0.004228222612746772,0.022655341310615817,-0.03439319528136488,0.00926065073559667,0.022628086221982882,52.97101792193069,0.05365570985955258,0.05448986414508312,0.5776466169902521,0,-0.0,1,0.245758,0,0,0,0,-0.0034356319837871036,0,-0.022513120714056586,0,-0.0113029381439327,0
2024-01-31 00:00:00+00:00,16,1.5587,0.3154,1.0,123,1154846.5173,-60902.1526,0.6846,91,790558.3846,14803.161272,221917.587,142370.5458,-79547.0412,123,1154846.5173,16,42920.68213862702,2321.654567444702,0.000602,-203.042,-0.5199,0.268225,-0.7034,12.1711,-0.026332,0.006082,0.0687,-0.4251,-0.096843,-0.024422,1.6612571930159812,0.868389,0.032008999999999954,0.13916799999999996,0.024167348218422157,0.0038023003649132157,-0.012974689877846541,0.010650479471886942,0.02540882911669977,26.05518092131328,0.022982856656587464,0.010580153485932548,0.013167367268413433,0.013393496942856745,0.02269804308261396,51.168846094819884,0.05409174439367308,0.05423869024559259,0.5928857106355143,1,0.026332,0,0.268225,0,1,1,0,-0.019077488730269484,0,-0.00786730616014557,0,-0.005257606636883969,0
2024-02-01 00:00:00+00:00,13,0.9017,0.3355,1.0,102,544755.3448,-35093.4381,0.6645,73,362016.0728,5640.108344,86644.3291,96094.9429,9450.6138,102,544755.3448,16,42421.48831258111,2277.7830384793547,0.000505,314.0994,-0.2833,0.284198,1.6811,0.65,0.024013,-0.001964,0.01,-0.3915,0.091269,0.02405,0.5936919802333467,0.819979,-0.04840999999999995,-0.034466,-0.0034356319837871036,-0.0008823982641753094,-0.00594820028065705,0.013774226188692085,0.024862331229306756,25.85012300677589,-0.011529315819609474,0.004228222612746772,0.0010078688591343287,0.015567631258745641,0.020129427405382986,51.03144194233364,0.05369408592399205,0.05398601486748402,0.5924323398927872,0,-0.0,1,0.284198,0,0,0,0,0.01121018257012391,1,0.013819882093385537,1,0.008870803166825002,1
2024-02-02 00:00:00+00:00,16,2.6476,0.4137,1.0,86,422394.5226,-43302.7977,0.5863,60,247670.3332,6711.244052,126823.0001,47901.1893,-78921.8108,86,422394.5226,10,43024.25131068908,2303.4610609471306,0.000538,-697.4481,-0.8305,0.274018,-4.5722,1.4829,-0.045936,0.011842,-0.057,-0.5249,-0.183641,-0.046556,-0.2287766677605064,0.808407,-0.011572000000000027,-0.027973000000000026,-0.019077488730269484,0.024167348218422157,0.010473321548364943,0.013834777165789661,0.024105869748094946,31.88416346812096,-0.011698777210773163,0.022982856656587464,0.023071547048716105,0.014513121767861618,0.019735620153628144,60.30217038082963,0.05353866693259231,0.053810329641932206,0.5627021802269973,0,0.045936,0,0.274018,0,0,0,0,0.0026096995232616268,1,-0.0023393794032988864,0,-0.0012248556049032511,0
2024-02-03 00:00:00+00:00,13,3.9772,0.4031,0.9758,60,120295.3744,-35726.0787,0.5969,45,73585.0235,2086.457618,39711.8107,9984.8924,-29726.9184,63,123281.7266,5,43088.41608642114,2309.4802529047697,0.000488,-307.3294,-1.0673,0.224978,-4.4529,4.3039,-0.04327,-0.009884,0.0251,-0.4505,-0.214172,-0.042021,-1.4009739505928025,0.714992,-0.09341500000000003,-0.153397,0.01121018257012391,-0.0034356319837871036,0.012832670178780528,0.013286556268517477,0.023711775781055558,32.88463907385598,0.014108907000608281,-0.011529315819609474,0.022655341310615817,0.012904337191452625,0.01962205733563039,59.06968760816143,0.0535986342192926,0.053719688181810686,0.5386236244897441,0,0.04327,0,0.224978,0,0,0,0,-0.004949078926560513,0,-0.0038345551281648554,0,0.010592065703000173,1
2024-02-04 00:00:00+00:00,20,1.1034,0.6513,1.0,59,233402.2177,-34976.7969,0.3487,27,81380.5118,3880.437074,79748.9545,72272.7514,-7476.2031,59,233402.2177,12,42880.09776764826,2298.0786897436906,8.4e-05,-252.556,-1.2391,0.355383,-1.379,3.3952,0.043621,-0.001254,-0.1233,-0.7467,0.133434,0.04448,-1.5710034903446237,0.784404,0.06941200000000003,-0.03557500000000002,0.0026096995232616268,-0.019077488730269484,0.0038023003649132157,0.013566396528023342,0.023735965190658206,32.090005833124806,0.0014902520046486286,-0.011698777210773163,0.010580153485932548,0.012971927441196036,0.01958768733241992,57.25343633274787,0.053593130831840634,0.0536805949871557,0.5309465867530514,0,-0.0,1,0.355383,0,0,1,0,0.0011145237983956578,1,0.015541144629560709,1,0.03578149286963909,1
2024-02-05 00:00:00+00:00,10,0.8502,0.2112,1.0,87,869157.2858,-23239.2432,0.7888,67,685562.5947,9002.748236,84364.3551,99230.336,14865.9809,87,869157.2858,10,42752.22932854234,2300.641380958896,-0.000372,344.2526,-0.9615,0.216957,2.1369,4.044,0.007259,0.006417,-0.0254,-0.7978,0.039204,0.007975,-0.16379051571070866,0.87268,0.08827600000000002,0.06427300000000002,-0.004949078926560513,0.01121018257012391,-0.0008823982641753094,0.013531906481863722,0.023734741943952378,38.7526008631255,-0.004846395899479417,0.014108907000608281,0.004228222612746772,0.013061430833063322,0.019586928877821663,63.381614184939515,0.053813366392637146,0.053712191221940056,0.5335705328470738,1,-0.0,1,0.216957,0,0,0,1,0.014426620831165051,1,0.034666969071243454,1,0.05366588755801107,1
2024-02-06 00:00:00+00:00,22,1.4644,0.4856,1.0,95,605411.9423,-32393.5003,0.5144,49,311427.7909,7468.090293,174691.6376,119292.5138,-55399.1237,95,605411.9423,24,42904.59387881691,2334.072430544247,-0.000414,1787.0226,0.4024,0.378062,13.2346,5.9452,-0.017594,-0.043063,0.103,-0.5291,-0.048022,-0.017214,0.22867837817612052,0.834234,-0.03844599999999998,0.11924200000000007,0.0011145237983956578,0.0026096995232616268,0.024167348218422157,0.011117409205146114,0.0238603543601164,63.04460249147023,-0.002986454729872127,0.0014902520046486286,0.022982856656587464,0.009091085079899494,0.019570829662185988,79.00024997678496,0.054401457269046376,0.05381872656615345,0.5338046684741882,0,0.017594,0,0.378062,0,0,0,0,0.020240348240078403,1,0.03923926672684604,1,0.05820464408450963,1
2024-02-07 00:00:00+00:00,17,1.5435,0.5249,1.0,111,1062170.5526,-38047.8464,0.4751,78,504633.0254,21095.275199,338332.4954,219205.0319,-119127.4634,111,1062170.5526,16,43205.03009524418,2381.7962130993624,0.000337,446.7032,0.7615,0.485205,2.6166,9.2652,0.043044,-0.017078,0.1212,-0.222,0.093243,0.043504,1.081946818815655,0.849479,0.015244999999999953,0.065075,0.014426620831165051,-0.004949078926560513,-0.0034356319837871036,0.013206849554084212,0.02410124477708111,74.62983905006244,0.003557561564070753,-0.004846395899479417,-0.011529315819609474,0.008422888135496716,0.01937205159966455,78.08313764494349,0.05512775266788993,0.05396672774818444,0.5367824656725605,1,-0.0,1,0.485205,0,0,1,0,0.018998918486767633,1,0.03796429584443124,1,0.04679026977331391,1
2024-02-08 00:00:00+00:00,12,1.2352,0.2466,1.0,112,630632.8618,-41735.6178,0.7534,94,475102.2036,6855.539543,85947.222,69583.4361,-16363.7859,112,630632.8618,6,44854.17345720267,2427.480365783751,-0.000252,1712.1943,2.0267,0.246984,22.3538,29.9378,-0.000698,0.013906,0.0645,-0.0606,-0.000466,-0.000105,1.1440600426803857,0.820274,-0.029205000000000036,-0.052406000000000064,0.020240348240078403,0.0011145237983956578,-0.019077488730269484,0.009645290864824097,0.024135423191185102,80.87673905993188,0.006978022238413107,-0.002986454729872127,-0.011698777210773163,0.014457257969709049,0.019132511712437704,82.56702517246487,0.054119386863742264,0.05402748502529161,0.5434583028317538,0,0.000698,1,0.246984,0,0,0,0,0.018965377357663613,1,0.027791351286546292,1,0.03537936085847317,1
2024-02-09 00:00:00+00:00,22,2.5548,0.3888,1.0,110,869691.2733,-51588.4552,0.6112,78,531566.0761,9522.689399,243008.4349,95116.7623,-147891.6725,110,869691.2733,10,46730.52687447535,2473.957784747518,-0.001234,1198.2004,2.7706,0.322586,9.288,43.798,-0.052232,-0.000588,-0.1434,-0.4122,-0.167555,-0.050996,1.017082058438271,0.848229,0.027955000000000063,0.01399499999999998,0.018998918486767633,0.014426620831165051,0.01121018257012391,0.01034874266745553,0.022685420791451208,81.91300424019147,0.037459711986211515,0.003557561564070753,0.014108907000608281,0.019162345685332708,0.020352872993632483,84.15928448957125,0.052940934977962276,0.053942094746058745,0.5498200648402349,1,0.052232,0,0.322586,0,0,1,0,0.008825973928882682,1,0.016413983500809578,1,0.02445565209985567,1
2024-02-10 00:00:00+00:00,8,1.0961,0.2208,1.0,66,281096.5239,-47748.0923,0.7792,49,219038.1721,4686.302499,32451.3649,29606.9869,-2844.378,66,281096.5239,9,47346.164168301264,2495.889513721629,0.001676,-3395.4592,0.3083,0.211019,-31.3772,16.8737,-0.018043,-0.024446,-0.0221,-0.4574,-0.079597,-0.014776,-1.284382468477902,0.771529,-0.07669999999999999,-0.07794999999999996,0.018965377357663613,0.020240348240078403,0.0026096995232616268,0.00984312328740775,0.017156317660766546,81.43843775924395,0.04098099366661843,0.006978022238413107,0.0014902520046486286,0.018615467714251925,0.020266074838428697,83.34674869183075,0.052715770275486275,0.05381597132551499,0.6667969035629189,0,0.018043,0,0.211019,0,0,0,0,0.007588009571926897,1,0.015629678170973008,1,0.05879932814922783,1
2024-02-11 00:00:00+00:00,8,2.2971,0.2765,0.9293,53,139444.4767,-49011.4206,0.7235,52,108569.0518,2318.417833,28900.8397,12581.338,-16319.5017,64,150051.2295,4,48140.073732599856,2514.900383355539,0.000386,-818.8131,-0.2696,0.220102,-8.0595,10.1932,-0.037446,0.011575,-0.0028,-0.4511,-0.182558,-0.034625,-1.3607211398647916,0.735499,-0.036030000000000006,-0.08477499999999993,0.008825973928882682,0.018998918486767633,-0.004949078926560513,0.007233100574934488,0.017236273879667478,81.88746298647024,0.013088174662934783,0.037459711986211515,-0.004846395899479417,0.016773870410256585,0.019571455812964395,83.86987434271623,0.05224130725941285,0.05362285367231102,0.7685224330520516,0,0.037446,0,0.220102,0,0,0,0,0.008041668599046113,1,0.05121131857730095,1,0.07484120852901639,1
2024-02-12 00:00:00+00:00,19,2.0173,0.2494,1.0,110,525173.6428,-57443.8489,0.7506,82,394193.9542,5978.604438,87570.3528,43409.3358,-44161.017,110,525173.6428,9,48728.47026902655,2535.20591454726,0.000633,1350.561,0.7098,0.236971,3.4071,11.4633,-0.034374,0.015018,0.052,-0.3106,-0.139715,-0.029853,1.001144534081464,0.817636,0.08213700000000002,-0.03059299999999998,0.007588009571926897,0.018965377357663613,0.0011145237983956578,0.0056573681604387745,0.016843972431976932,83.21903166351485,0.016629157804899045,0.04098099366661843,-0.002986454729872127,0.014684290451693444,0.016676755200422427,84.50710417588637,0.052027200947424815,0.053367687180137825,0.8065254883074727,0,0.034374,0,0.236971,0,0,1,0,0.04316964997825484,1,0.06679953992997029,1,0.10160356073341469,1
2024-02-13 00:00:00+00:00,19,0.9621,0.4589,1.0,110,517539.5839,-48873.5095,0.5411,70,280021.6165,4197.506647,116462.3575,121055.6099,4593.2523,110,517539.5839,21,49630.84967519159,2647.0465587460976,-0.000914,-1058.8327,-0.0569,0.331367,0.6805,-1.0908,0.001605,-0.01396,-0.1493,-0.6743,0.017308,0.005355,0.9842268026221058,0.828059,0.01042299999999996,0.05652999999999997,0.008041668599046113,0.008825973928882682,0.014426620831165051,0.012464594952523353,0.018591879715650957,84.9648377576425,0.012148500404692689,0.013088174662934783,0.003557561564070753,0.013124968092867433,0.01682790971609358,84.14055270700581,0.053334701623479294,0.05321529351648539,0.8303902924205397,1,-0.0,1,0.331367,0,0,1,0,0.023629889951715454,1,0.05843391075515984,1,0.061373372866106154,1
2024-02-14 00:00:00+00:00,23,5.1133,0.5071,1.0,92,966552.2073,-78966.1644,0.4929,56,476429.9851,26954.973929,409949.1351,80173.0871,-329776.048,92,966552.2073,13,50845.33704518669,2710.340851089941,0.000306,-470.2089,-0.3912,0.388772,-5.1617,-8.8691,-0.179108,0.022263,-0.027,-0.7286,-0.47308,-0.176045,0.06919569389202786,0.869282,0.04122300000000001,0.13378299999999999,0.04316964997825484,0.007588009571926897,0.020240348240078403,0.012631948034774399,0.018922393282048946,88.15534964752618,0.018349145259036685,0.016629157804899045,0.006978022238413107,0.011629847661099887,0.017072636923939285,90.63221615852704,0.05330559316936454,0.05295498501669604,0.8071089640694955,1,0.179108,0,0.388772,0,0,1,0,0.0348040208034444,1,0.037743482914390704,1,0.025430349250625265,1
2024-02-15 00:00:00+00:00,18,1.3052,0.333,1.0,113,499457.2415,-79773.7332,0.667,79,333139.5225,4941.395334,94167.2434,72150.4756,-22016.7678,113,499457.2415,16,52100.40362613398,2806.332366294963,-0.001032,933.5086,0.2817,0.2889,5.096,-26.1268,-0.012204,-0.015806,0.0844,-0.5051,-0.036819,-0.009688,1.1317254477490832,0.814316,-0.05496599999999996,-0.0033199999999999896,0.023629889951715454,0.008041668599046113,0.018998918486767633,0.014074502171532038,0.019783813916729523,97.73574114833676,0.02417580845080125,0.012148500404692689,0.037459711986211515,0.009889147238439864,0.017400713924819133,96.45866133072221,0.05386392755098128,0.05291849082915876,0.8131997528130307,0,0.012204,1,0.2889,0,0,0,0,0.0029394621109463167,1,-0.009373671552819127,0,0.000277336392669884,1
2024-02-16 00:00:00+00:00,19,1.202,0.5162,1.0,96,412161.2736,-61434.2261,0.4838,57,199420.6846,3148.403775,116127.8559,96612.7331,-19515.1228,96,412161.2736,20,52028.33322083661,2814.5936098141706,-0.000153,-830.671,-0.3274,0.351458,-3.8971,-39.3119,0.023848,0.019178,0.0511,-0.3616,0.081128,0.026516,0.2469508104370159,0.813098,-0.0012180000000000524,-0.014961000000000002,0.0348040208034444,0.04316964997825484,0.018965377357663613,0.01562507569107591,0.019783557766675355,97.64669329678233,0.02438427777513538,0.018349145259036685,0.04098099366661843,0.008808560846605466,0.01734403344859798,95.57844913083414,0.0540973241996337,0.05308368928939754,0.8201198609838395,0,-0.0,1,0.351458,0,0,0,0,-0.01231313366376543,0,-0.0026621257182764257,0,0.03349878381257429,1
2024-02-17 00:00:00+00:00,12,1.0383,0.5397,1.0,63,215406.9579,-61340.3427,0.4603,38,99151.2908,3182.07051,59221.4306,57034.2365,-2187.1941,63,215406.9579,13,51656.5962125749,2780.149634303721,0.00089,-815.5216,-0.9201,0.333404,-6.8274,-14.7621,-0.001184,0.022822,0.0146,-0.3186,0.00672,0.002067,-1.4605670546398308,0.764653,-0.04844499999999996,-0.10462899999999997,0.0029394621109463167,0.023629889951715454,0.008825973928882682,0.019381499264254767,0.019617090007981314,92.15377725129936,-0.0013842560466571904,0.02417580845080125,0.013088174662934783,0.012306028553333707,0.01721905423920353,92.34719022681286,0.05381983789375077,0.05324141323486389,0.8223756338249573,0,0.001184,1,0.333404,0,0,0,0,0.009651007945489018,1,0.045811917476339725,1,0.05504817367411426,1
2024-02-18 00:00:00+00:00,10,1.0421,0.4662,1.0,65,254294.6645,-59357.9468,0.5338,40,135736.5597,4586.0952,60500.4175,58057.6874,-2442.7301,65,254294.6645,15,51728.93572902028,2807.110772325235,0.000285,274.689,-0.7044,0.344992,2.8653,-3.8373,0.031529,-0.007846,0.0142,-0.2769,0.109185,0.03515,-1.3286311549136085,0.788691,0.024038000000000004,-0.02562500000000001,-0.01231313366376543,0.0348040208034444,0.007588009571926897,0.019258053260442998,0.01937841731180176,94.52039899745236,-0.007170542586699676,0.02438427777513538,0.016629157804899045,0.012780631175699128,0.016323213921830202,94.52221556498512,0.054265774711278796,0.05353062287084474,0.8195847055782703,0,-0.0,1,0.344992,0,0,0,1,0.03616090953085072,1,0.045397165728625254,1,0.04656424804114769,1
2024-02-19 00:00:00+00:00,21,0.9505,0.4506,1.0,96,611418.9939,-52050.3175,0.5494,53,335942.0102,6464.941565,134242.2978,141234.6859,6992.3881,96,611418.9939,22,52115.56940540723,2910.476079542295,-0.000999,1202.7157,0.1779,0.360393,12.2611,5.0168,0.026541,-0.012744,-0.0522,-0.4005,0.090954,0.030837,0.2646943504673562,0.838312,0.049620999999999915,0.02521399999999996,0.009651007945489018,0.0029394621109463167,0.008041668599046113,0.020298182258647747,0.02020697888534879,95.25971187310061,0.0013994129912065975,-0.0013842560466571904,0.012148500404692689,0.012789116929606869,0.016323219233730705,96.02383425410642,0.055846575461963956,0.05407624780149319,0.814467425242944,1,-0.0,1,0.360393,0,0,1,0,0.009236256197774543,1,0.010403338510296976,1,0.02066181754984253,1
2024-02-20 00:00:00+00:00,24,1.8761,0.3624,1.0,123,779115.7423,-64992.3476,0.6376,80,496797.375,6889.640976,184159.6628,98158.7044,-86000.9584,123,779115.7423,19,51888.10719153224,2937.482509433773,0.000318,405.6185,0.4767,0.311039,2.6451,6.9814,-0.020214,0.003481,-0.0089,-0.4151,-0.058008,-0.016826,1.630574774818825,0.847693,0.009381000000000084,0.08304,0.03616090953085072,-0.01231313366376543,0.04316964997825484,0.01764294511967034,0.020190950151446008,95.1630612737546,0.007446430842595954,-0.007170542586699676,0.018349145259036685,0.01307883563920488,0.01643617570142495,94.01351492545888,0.056611864807301134,0.0545444139706106,0.7808414550396443,1,0.020214,0,0.311039,1,0,1,0,0.0011670823125224461,1,0.011425561352067995,1,0.00294314921697055,1
2024-02-21 00:00:00+00:00,22,1.1567,0.3237,1.0,116,624731.1051,-19980.069,0.6763,79,422514.358,5021.701982,108453.4224,93763.3248,-14690.0976,116,624731.1051,15,51474.83727185155,2940.9127946371104,-0.000415,278.4559,0.6727,0.305667,0.5597,12.7028,0.016366,-0.013151,0.0535,-0.2735,0.067841,0.019132,1.248368395184753,0.829695,-0.01799800000000007,0.04100399999999993,0.009236256197774543,0.009651007945489018,0.023629889951715454,0.01782652983876046,0.018839823061319653,94.77130075277198,-0.004374125684526964,0.0013994129912065975,0.02417580845080125,0.011304730729802105,0.015752169262090023,90.35636079921179,0.05713301781034121,0.055091188919321556,0.7683369022190535,0,-0.0,1,0.305667,0,0,0,0,0.010258479039545564,1,0.00177606690444811,1,0.005738619197384196,1
2024-02-22 00:00:00+00:00,19,1.2995,0.398,1.0,97,485507.944,-20429.7556,0.602,66,292272.5088,4708.962404,109200.0048,84035.4304,-25164.5744,97,485507.944,12,51589.81123686188,2971.237362935281,0.001041,862.8462,1.2736,0.330271,5.9704,13.5771,0.001708,0.010387,0.0237,-0.2097,0.012428,0.003811,0.2857597495478545,0.827894,-0.0018009999999999415,-0.010417999999999927,0.0011670823125224461,0.03616090953085072,0.0348040208034444,0.014646615307524188,0.01440812284362364,94.56975304272932,-0.007996523783548176,0.007446430842595954,0.02438427777513538,0.00555187050392916,0.013649587458898944,88.48722092442944,0.05759349165465208,0.05562398379127453,0.7325475116587798,0,-0.0,1,0.330271,0,0,0,0,-0.008482412135097438,0,-0.00451985984216136,0,0.023504381239945332,1
2024-02-23 00:00:00+00:00,21,0.8874,0.422,1.0,94,393248.006,-16227.9587,0.578,62,227300.161,5045.92592,78025.1946,87922.6504,9897.4558,94,393248.006,11,51092.48312624098,2946.140693695536,-0.000996,-727.194,0.732,0.304167,-4.6746,12.7996,0.018858,-0.0078,-0.0432,-0.3134,0.078752,0.021997,0.12037102186097959,0.797552,-0.03034199999999998,-0.05014099999999999,0.010258479039545564,0.009236256197774543,0.0029394621109463167,0.015906779554244802,0.014191891411000355,90.38436046141257,0.002231104736053055,-0.004374125684526964,-0.0013842560466571904,0.006372441330740334,0.014041380009106416,79.65479780528186,0.05766289899075985,0.056133351618578256,0.6123179723559629,0,-0.0,1,0.304167,0,0,0,0,0.003962552292936092,1,0.031986793375042774,1,0.055660927121673434,1
2024-02-24 00:00:00+00:00,12,1.0464,0.3407,1.0,67,286623.4751,-16231.8729,0.6593,47,188971.6223,4531.016568,49933.2234,47718.6295,-2214.5939,67,286623.4751,8,51135.73569690649,2957.8380907244955,0.001065,-1382.4397,-0.27,0.264924,-11.4359,8.1911,-0.000838,0.011147,-0.0779,-0.5007,0.002952,0.000717,-1.262372157365291,0.787561,-0.009991000000000083,-0.042134000000000005,-0.008482412135097438,0.0011670823125224461,-0.01231313366376543,0.01373552133304752,0.013937596634028599,90.16314993129099,-0.009686811198943912,-0.007996523783548176,-0.007170542586699676,0.0061283656627447065,0.014044283202341946,77.85287776563152,0.05784287740096859,0.056708071548180805,0.6778922618994464,0,0.000838,1,0.264924,0,0,0,0,0.028024241082106698,1,0.05169837482873735,1,0.0894230287587183,1
2024-02-25 00:00:00+00:00,25,0.9513,0.5428,1.0,78,363872.5559,-15179.1412,0.4572,41,166359.1291,5942.762847,96293.5176,101219.9092,4926.3916,78,363872.5559,12,51626.336929997335,3041.901665812671,0.000241,53.7726,-0.2278,0.344186,1.1024,6.4282,0.017776,-0.004577,-0.0666,-0.6539,0.061876,0.019992,-0.6921193860722108,0.812231,0.02467000000000008,-0.015662999999999982,0.003962552292936092,0.010258479039545564,0.009651007945489018,0.015549660998001267,0.014336514990035236,91.03024568799779,0.0008461963583900153,0.002231104736053055,0.0013994129912065975,0.007401160880314304,0.013766003321658714,76.6570766791025,0.05892150880155092,0.05737317641821967,0.677648216082168,1,-0.0,1,0.344186,0,0,1,0,0.023674133746630664,1,0.06139878767661161,1,0.08435714201183278,1
2024-02-26 00:00:00+00:00,31,1.5589,0.384,1.0,127,605340.4716,-23430.5781,0.616,79,372890.1816,3665.622306,141608.9798,90841.3102,-50767.6696,127,605340.4716,17,52255.83419900204,3114.775258728511,-0.00063,1220.4793,0.6544,0.301601,7.8405,2.0075,-0.007985,-0.002089,0.0446,-0.5261,-0.016227,-0.004517,1.7514405443053063,0.828221,0.01598999999999995,0.030668999999999946,0.028024241082106698,-0.008482412135097438,0.03616090953085072,0.012701113962023227,0.014539768344691437,91.59684988362451,0.009548366395108858,-0.009686811198943912,0.007446430842595954,0.008362908425909551,0.013505523861835032,76.65193062401954,0.05960626801720822,0.05791027535468314,0.6755387230570152,1,0.007985,1,0.301601,0,1,1,0,0.03772465392998096,1,0.060683008265202135,1,0.0974893154060513,1
2024-02-27 00:00:00+00:00,33,1.4699,0.5668,1.0,144,800972.7119,-23484.0575,0.4332,81,346993.9531,9744.088877,270177.0366,183801.7221,-86375.3145,144,800972.7119,30,56400.79096349183,3234.523608649783,0.000128,860.6282,1.2582,0.432018,11.044,10.4064,0.032152,-0.005428,0.0048,-0.4991,0.087942,0.035362,2.481882056070015,0.787581,-0.04064000000000001,2.0000000000020002e-05,0.023674133746630664,0.003962552292936092,0.009236256197774543,0.016520796756262127,0.015293663213924762,91.40780120109923,0.01211959602754984,0.0008461963583900153,-0.004374125684526964,0.029536839707792834,0.018459909966634797,83.81118186352043,0.05734890510211969,0.058015566825371505,0.6830317263129976,0,-0.0,1,0.432018,1,0,0,0,0.02295835433522119,1,0.05976466147607033,1,0.05096157032016565,1
2024-02-28 00:00:00+00:00,31,1.4011,0.3821,1.0,151,838076.5016,-29028.837,0.6179,101,517815.6201,6091.574014,186882.2177,133378.6638,-53503.5539,151,838076.5016,19,59233.62781772161,3309.641944997765,-0.000336,1258.5903,2.1062,0.310927,7.9202,17.7669,-0.009028,0.002737,-0.0322,-0.5678,-0.019723,-0.005523,2.6716331638861437,0.793598,0.00601700000000005,-0.01863300000000001,0.03772465392998096,0.028024241082106698,0.0011670823125224461,0.01578901024662486,0.015235800679221444,91.38389481066184,0.07633163865853515,0.009548366395108858,-0.007996523783548176,0.030956525365631135,0.0197719919675496,85.69022494240672,0.0558743751975222,0.05783576073782594,0.6969939097924898,0,0.009028,0,0.310927,1,0,1,0,0.03680630714084916,1,0.028003215984944464,1,0.0344128577971036,1
2024-02-29 00:00:00+00:00,33,1.7033,0.3766,1.0,150,544368.0037,-33053.5249,0.6234,104,339360.8171,2958.671005,129172.2882,75834.8984,-53337.3898,150,544368.0037,13,62155.0310244268,3433.7271949438723,0.000163,979.1105,2.6719,0.271466,14.2258,26.0223,-0.027806,0.020351,0.0816,-0.3509,-0.105729,-0.024673,2.5003846927868154,0.750482,-0.04311600000000004,-0.077739,0.02295835433522119,0.023674133746630664,0.010258479039545564,0.017071368563601478,0.015735812555568815,91.45478559601803,0.049006235498201905,0.01211959602754984,0.002231104736053055,0.03141066082621478,0.02079942247834424,87.12058291815835,0.05524455765446283,0.057500198737798894,0.6920351808869238,0,0.027806,0,0.271466,1,0,0,0,-0.008803091155904675,0,-0.0023934493437455543,0,0.0003406543569493092,1
2024-03-01 00:00:00+00:00,22,1.3143,0.3288,1.0,120,546886.5211,-37955.5983,0.6712,86,367092.8125,4275.864341,102105.3834,77688.3252,-24417.0582,120,546886.5211,12,61833.60588236263,3403.632439228913,0.000545,-1585.9858,1.5597,0.265982,-16.6271,14.0698,-0.022411,0.009399,-0.0446,-0.4483,-0.072573,-0.017182,1.1332556594079062,0.803035,0.05255300000000007,0.015454000000000079,0.03680630714084916,0.03772465392998096,-0.008482412135097438,0.0171628134583652,0.015957272764993546,88.12361460582144,0.0481423463104051,0.07633163865853515,-0.009686811198943912,0.030578539128931992,0.020583503758394312,85.7494681899141,0.055045025931437105,0.05712621687218137,0.7160308587128523,0,0.022411,0,0.265982,0,0,1,0,0.006409641812159142,1,0.009143745512853992,1,0.0341171447125704,1
2024-03-02 00:00:00+00:00,13,0.9688,0.4151,1.0,85,359205.4634,-37302.0778,0.5849,52,210082.6759,6239.140651,73381.3689,75741.4186,2360.0496,85,359205.4634,20,62043.42596673914,3425.518570224916,0.000313,-618.9073,1.1257,0.316313,-4.591,20.9147,0.026025,0.001417,0.0278,-0.3693,0.108923,0.031197,-0.44029039331875747,0.776178,-0.02685700000000002,-0.01741999999999999,-0.008803091155904675,0.02295835433522119,0.003962552292936092,0.01678777455305892,0.014843845580368943,92.895953099458,-0.0051847632189907485,0.049006235498201905,0.0008461963583900153,0.030225738793298047,0.020160195690759882,88.53929406758945,0.05521162825633295,0.05675032413723342,0.7123781853830969,0,-0.0,1,0.316313,0,0,0,0,0.0027341037006948705,1,0.027707502900411265,1,0.06567489908703292,1
2024-03-03 00:00:00+00:00,24,1.1926,0.5048,0.9719,89,309185.4919,-40021.0136,0.4952,62,157527.9396,3334.136853,87344.5565,73238.3973,-14106.1592,98,318110.8933,12,62185.9574120768,3434.897108330138,0.000191,276.5444,1.3017,0.312716,0.9442,20.7566,-0.007754,-0.008732,-0.0478,-0.4849,-0.007266,-0.002022,0.14903955934437815,0.742966,-0.03321200000000002,-0.007515999999999967,0.006409641812159142,0.03680630714084916,0.028024241082106698,0.017712624203608748,0.014971055832175237,92.68809543974314,0.0033875575140039894,0.0481423463104051,0.009548366395108858,0.031061410202125116,0.020246377898682173,88.58229578921336,0.05523589651548993,0.05622380809636756,0.6992923219012089,0,0.007754,1,0.312716,0,0,0,0,0.024973399199716414,1,0.06294079538633807,1,0.09032890587608416,1
2024-03-04 00:00:00+00:00,23,0.9163,0.4502,1.0,131,543527.7651,-31241.7635,0.5498,84,298820.6546,3498.104804,117010.0147,127697.0957,10687.0811,131,543527.7651,24,65242.81408606099,3521.7582597823985,-0.000793,3060.6222,3.1655,0.311633,26.757,39.6731,0.007421,-0.001717,0.1095,-0.1934,0.05418,0.015078,1.5945877672569235,0.785444,0.042478000000000016,-0.017591000000000023,0.0027341037006948705,-0.008803091155904675,0.023674133746630664,0.01779645397605567,0.014976189592665968,92.32487756646745,0.00229465049252808,-0.0051847632189907485,0.01211959602754984,0.031235264568798292,0.02115146713198603,90.24054050828228,0.05397925134156369,0.05541994857127548,0.7032406735997665,0,-0.0,1,0.311633,1,0,1,0,0.03796739618662167,1,0.06535550667636776,1,0.08135277724753327,1
2024-03-05 00:00:00+00:00,41,2.282,0.3781,1.0,169,939732.8566,-38729.4891,0.6219,112,584421.0857,4686.288595,247050.582,108261.1888,-138789.3932,169,939732.8566,16,66316.44216093716,3658.041031052411,-7e-05,1331.9466,3.7122,0.329231,6.6463,35.2753,-0.051749,0.001457,-0.0278,-0.2591,-0.149483,-0.044201,3.064823740293014,0.807982,0.022537999999999947,0.03180399999999994,0.024973399199716414,0.006409641812159142,0.03772465392998096,0.017842509478697057,0.015146106031849519,93.19323205042379,0.04798670201169714,0.0033875575140039894,0.07633163865853515,0.024443825205624242,0.020858035534948704,92.14382631079987,0.05516039328791273,0.05510730402638877,0.7018681952755697,0,0.051749,0,0.329231,1,0,1,0,0.027388110489746115,1,0.043385381060911624,1,0.07167852033588215,1
2024-03-06 00:00:00+00:00,30,0.4687,0.5017,1.0,148,987340.4991,-5487.0869,0.4983,95,492028.1318,16571.003297,158059.553,337252.8143,179193.2612,148,987340.4991,23,65878.21578064722,3759.61243839761,-0.000652,-1570.8961,2.6681,0.366628,-5.841,21.5142,0.064033,-0.002728,-0.001,-0.2571,0.203761,0.069046,2.1045191769837537,0.820685,0.01270300000000002,0.07771899999999998,0.03796739618662167,0.0027341037006948705,0.02295835433522119,0.018141194065606724,0.015045175232059992,93.83028256724614,0.016321951651111957,0.00229465049252808,0.049006235498201905,0.02366289263920513,0.020973860540869325,92.57843165215617,0.05706912966367945,0.05527798323583981,0.6681993307412194,1,-0.0,1,0.366628,1,0,1,0,0.015997270571165526,1,0.04429040984613605,1,0.041004077122667015,1
2024-03-07 00:00:00+00:00,24,1.0738,0.3879,1.0,123,680148.25,791.8572,0.6121,73,416340.8612,4623.52425,136596.0847,127211.304,-9384.7807,123,680148.25,26,66792.15999770541,3820.239617578969,0.000327,-912.4198,2.0817,0.324935,-10.0342,-2.7458,0.017986,0.002691,-0.042,-0.3612,0.075439,0.022551,1.06514198456895,0.819298,-0.001387000000000027,0.03385399999999994,0.027388110489746115,0.024973399199716414,0.03680630714084916,0.016185726840460525,0.015040908221471073,93.95412314115735,-0.006630040765463428,0.04798670201169714,0.0481423463104051,0.018739066633661296,0.020874225439470914,92.86288321898985,0.057195928649563216,0.05555675052085416,0.6142769514148424,0,-0.0,1,0.324935,0,0,0,0,0.028293139274970548,1,0.025006806551501504,1,0.026780951255388503,1
2024-03-08 00:00:00+00:00,32,1.0015,0.3606,1.0,143,727710.8957,4251.1912,0.6394,80,465278.3842,10931.445493,131317.116,131115.3955,-201.7204,143,727710.8957,31,67797.32680288045,3929.8697665164486,0.000723,-904.0758,1.5408,0.29919,-8.2896,5.5917,-0.006667,0.001964,-0.0038,-0.3665,-0.01086,-0.002935,1.8190273869481524,0.775198,-0.04409999999999992,-0.032783999999999924,0.015997270571165526,0.03796739618662167,-0.008803091155904675,0.012699936137762274,0.015182567764742076,97.12050362299586,0.013777886276386174,0.016321951651111957,-0.0051847632189907485,0.017472066832238217,0.020822508116067052,96.14543962203187,0.05796496634657111,0.0559738848658733,0.6150332904167083,0,0.006667,1,0.29919,0,1,0,0,-0.003286332723469025,0,-0.0015121880195820313,0,0.011400001973159785,1
2024-03-09 00:00:00+00:00,15,0.8251,0.4435,1.0,80,360834.7117,6105.5026,0.5565,46,200800.2262,5275.187574,72347.128,87687.3575,15340.2295,80,360834.7117,19,68398.10261726101,3916.9761049390327,0.000228,-591.9917,1.1913,0.334335,-4.9573,5.2254,0.034359,0.014409,-0.001,-0.3623,0.123549,0.037644,-0.7128793278805948,0.778063,0.0028649999999998954,-0.04262200000000005,0.028293139274970548,0.027388110489746115,0.006409641812159142,0.014845202234266315,0.01560508894438449,96.03677607054627,0.014937058131986479,-0.006630040765463428,0.0033875575140039894,0.017082167780899583,0.020410610133904026,96.24319896139122,0.05726732109598813,0.056267555271538316,0.614049947714626,0,-0.0,1,0.334335,0,0,1,0,0.0017741447038870145,1,0.014686334696628825,1,0.022357799771272398,1
2024-03-10 00:00:00+00:00,17,0.8033,0.5939,1.0,86,371244.4872,11557.1305,0.4061,51,150772.8217,4029.116576,98208.2147,122263.4507,24055.236,86,371244.4872,18,69372.9169659822,3923.931555514355,-0.000565,335.7993,1.3464,0.39449,4.7508,9.032,0.055754,0.000127,0.1075,-0.0802,0.16702,0.0612,-0.4622317668585741,0.78894,0.010877000000000026,-0.030357999999999996,-0.003286332723469025,0.015997270571165526,0.0027341037006948705,0.01502548897019324,0.01580486338327166,95.66360995940566,0.00882231824710036,0.013777886276386174,0.00229465049252808,0.016306364905647276,0.019768227082677503,96.2973927099216,0.05656287391574582,0.056457123471574874,0.6149743037825807,0,-0.0,1,0.39449,0,0,0,1,0.01291218999274183,1,0.020583655067385395,1,0.02271994986992,1
2024-03-11 00:00:00+00:00,27,3.1513,0.5042,1.0,125,766613.4733,-18582.9535,0.4958,85,380115.3949,13620.324058,293395.7929,93102.2856,-200293.5073,125,766613.4733,13,70862.9456082674,3974.926625786391,1.3e-05,918.5375,1.7945,0.40837,8.4328,-9.2922,-0.029742,-0.022548,-0.1461,-0.4489,-0.064737,-0.024686,1.088444553153023,0.827629,0.03868899999999997,0.052430999999999894,0.0017741447038870145,0.028293139274970548,0.024973399199716414,0.014919557578219752,0.01576402476711744,95.48949396434331,0.01415146117021628,0.014937058131986479,0.04798670201169714,0.008921763091635749,0.019823165274571793,96.40040247269417,0.05609316112485516,0.05675911058347366,0.6161379245012489,1,0.029742,0,0.40837,0,0,1,0,0.007671465074643585,1,0.009807759877178187,1,-0.012531199093746585,0
2024-03-12 00:00:00+00:00,31,4.1578,0.5011,1.0,122,848889.0999,-35959.3097,0.4989,80,423522.9931,14573.986313,342894.9966,82471.1102,-260423.8864,122,848889.0999,11,71732.22102729748,4005.537401193897,-0.00016,-762.3736,1.373,0.461426,-8.965,-24.9035,-0.047433,0.015512,0.0617,-0.2804,-0.096222,-0.042038,0.9498427876890936,0.841161,0.0135320000000001,0.0630980000000001,0.01291218999274183,-0.003286332723469025,0.03796739618662167,0.01203839683062674,0.015762585507104243,94.91987480485759,0.021251122081329465,0.00882231824710036,0.016321951651111957,0.008707222110581067,0.019815116621655183,95.52616011544035,0.05584014190317071,0.056856217528510514,0.6136433917555967,1,0.047433,0,0.461426,0,0,1,0,0.0021362948025346216,1,-0.020202664168390155,0,-0.07302062882161395,0
2024-03-13 00:00:00+00:00,22,1.373,0.2329,1.0,111,1028713.1828,-66937.4262,0.7671,78,789140.4258,25965.617623,138613.1555,100959.6016,-37653.5539,111,1028713.1828,11,72665.35088222561,4014.103556584225,0.000953,-19.2636,1.3429,0.269679,4.0035,-15.059,0.003084,-0.014519,-0.0402,-0.3747,0.025403,0.006352,0.5032932217756462,0.862458,0.0212969999999999,0.07351799999999997,0.007671465074643585,0.0017741447038870145,0.027388110489746115,0.010705474518653784,0.01589544332362567,94.43275869919863,0.012192365392688169,0.01415146117021628,-0.006630040765463428,0.0037585681485555363,0.019814075870769145,94.81817822576134,0.05524095745564065,0.056595050070219255,0.617819989026899,1,-0.0,1,0.269679,0,0,1,0,-0.022338958970924756,0,-0.07515692362414855,0,-0.08685063030914356,0
2024-03-14 00:00:00+00:00,30,2.212,0.359,1.0,136,669736.5868,-78558.8233,0.641,94,429274.7133,4462.033904,165598.2171,74863.6564,-90734.5607,136,669736.5868,12,72187.61101324079,3925.426822548765,0.000476,-748.5307,0.9592,0.307421,-9.7409,-14.7656,-0.065308,0.007479,-0.0133,-0.3978,-0.208048,-0.057866,1.4614756571056338,0.818074,-0.04438399999999998,-0.00955499999999998,0.0021362948025346216,0.01291218999274183,0.015997270571165526,0.015482367932392282,0.016428078472616365,83.01389223905853,0.012924633457444394,0.021251122081329465,0.013777886276386174,0.008659739660037294,0.020116860258621624,90.12594762392014,0.054378123440444036,0.05619250646891651,0.6123089048857439,0,0.065308,0,0.307421,0,0,0,0,-0.05281796465322378,0,-0.06451167133821878,0,-0.09372192359243306,0
2024-03-15 00:00:00+00:00,35,1.247,0.4383,1.0,140,652305.2696,-83020.7401,0.5617,86,366373.5542,3574.817231,158683.4266,127248.2888,-31435.1378,140,652305.2696,19,68611.40866889992,3723.474081174334,0.000838,-1059.2475,0.4133,0.35209,-10.2605,-16.7366,-0.053719,-0.006183,-0.1161,-0.6833,-0.143673,-0.046785,1.576981232771355,0.827471,0.009396999999999989,-0.013690000000000091,-0.022338958970924756,0.007671465074643585,0.028293139274970548,0.022792785393305735,0.02023253934518069,68.20302948959076,-0.0065962282710175955,0.012192365392688169,0.014937058131986479,0.02466502659172845,0.02305808900838927,72.40826820825117,0.0542690225053214,0.05566451449159513,0.6414949774831528,1,0.053719,0,0.35209,1,0,0,1,-0.011693706684994976,0,-0.04090395893920926,0,-0.04401695721885106,0
2024-03-16 00:00:00+00:00,30,1.3042,0.5622,1.0,95,408640.1386,-89545.0126,0.4378,45,178910.9112,4562.213591,130029.4527,99699.7747,-30329.678,95,408640.1386,20,68241.70502745429,3680.186457080886,-0.00038,-948.0372,-0.08,0.387646,-8.8283,-20.6075,-0.007491,-0.004581,-0.0621,-0.8272,9.7e-05,3.5e-05,-0.19030474454618368,0.792053,-0.03541799999999995,-0.07040499999999994,-0.05281796465322378,0.0021362948025346216,-0.003286332723469025,0.02274247067002102,0.020093854855815326,64.22916006793247,-0.050809610529526615,0.012924633457444394,0.00882231824710036,0.024566724918869014,0.02305817323860066,70.33783592116392,0.05392870028086655,0.05518756866086348,0.7398060110927503,0,0.007491,0,0.387646,0,0,0,0,-0.029210252254214267,0,-0.03232325053385607,0,-0.10044539803417361,0
2024-03-17 00:00:00+00:00,24,2.2198,0.333,1.0,95,410235.7456,-100375.2673,0.667,65,273619.3393,5632.15733,94186.4768,42429.9295,-51756.5473,95,410235.7456,6,66937.34439283087,3574.242145240221,0.000788,-510.5288,-0.3321,0.300925,-4.0866,-29.4449,-0.06835,0.018442,0.0457,-0.6944,-0.22943,-0.063222,-0.18852193239121992,0.818093,0.026039999999999952,1.8999999999991246e-05,-0.011693706684994976,-0.022338958970924756,0.0017741447038870145,0.02332466781038759,0.021254040069549826,57.14036200379041,-0.005402939411720566,-0.0065962282710175955,0.01415146117021628,0.02453433464736436,0.023562724034126337,64.66086805991714,0.053396832181813146,0.054735276984587376,0.7410495372346181,1,0.06835,0,0.300925,0,0,0,1,-0.003112998279641782,0,-0.07123514577995933,0,-0.08663920553073345,0
2024-03-18 00:00:00+00:00,30,1.2801,0.4279,1.0,118,694247.4871,-76975.3078,0.5721,68,397196.8472,5008.339505,166772.2153,130278.4246,-36493.7907,118,694247.4871,20,67716.64709809139,3563.1328361925093,-0.000615,756.9647,0.0811,0.322987,5.8393,-32.0385,-0.032894,0.029529,0.0523,-0.5501,-0.092523,-0.027827,0.7245408962298746,0.843487,0.025394000000000028,0.01601600000000003,-0.029210252254214267,-0.05281796465322378,0.01291218999274183,0.020988675774183816,0.021016413381633476,52.27587409197853,-0.019298865077768443,-0.050809610529526615,0.021251122081329465,0.023028213200715318,0.023383476314838465,58.66735098041951,0.05261827023170699,0.05423886399985193,0.7544302712382841,1,0.032894,0,0.322987,0,0,0,1,-0.06812214750031753,0,-0.08352620725109165,0,-0.0155149600099041,0
2024-03-19 00:00:00+00:00,45,1.9289,0.4418,1.0,155,743827.4504,-54659.1353,0.5582,97,415232.5505,3653.813452,216402.7894,112192.1105,-104210.6789,155,743827.4504,13,64504.47814351358,3328.4875796904885,-0.000412,411.2046,0.3123,0.344797,4.998,-18.0755,-0.042102,0.006405,0.0632,-0.3817,-0.117045,-0.037124,2.118839793062829,0.824391,-0.019096000000000002,0.03233799999999998,-0.003112998279641782,-0.011693706684994976,0.007671465074643585,0.025935487807213914,0.02521727229280395,33.53825478098884,0.011575021246672217,-0.005402939411720566,0.012192365392688169,0.02607083197953542,0.025620284653363218,44.39131133039147,0.05160087602422055,0.05363325458857333,0.7437841871404014,0,0.042102,0,0.344797,1,0,0,0,-0.015404059750774104,0,0.052607187490413446,1,0.025068212429603613,1
2024-03-20 00:00:00+00:00,33,1.2469,0.4661,1.0,149,864351.7604,-55603.1771,0.5339,98,461514.9864,4185.838474,223549.3103,179287.4637,-44261.8466,149,864351.7604,18,63689.2753647171,3277.6082384114347,0.000256,-405.8009,0.0977,0.360766,-4.1316,-26.2106,0.000829,-0.008706,-0.119,-0.6798,0.001837,0.000623,1.8407577490376985,0.849965,0.025573999999999986,0.03187200000000001,-0.06812214750031753,-0.029210252254214267,0.0021362948025346216,0.023440466885646487,0.024822198279574707,25.033399734713697,-0.048597394815066315,-0.019298865077768443,0.012924633457444394,0.023096826017744394,0.02588105589898692,43.323272123043154,0.05146248280644092,0.05309347249583052,0.7943444586550568,1,-0.0,1,0.360766,1,0,0,1,0.06801124724118757,1,0.04047227218037773,1,0.026248225079436787,1
2024-03-21 00:00:00+00:00,33,1.4631,0.4777,1.0,127,532101.8142,-49469.4627,0.5223,76,277891.0737,4164.643974,151004.6501,103206.0904,-47798.5597,127,532101.8142,18,66681.84642668704,3508.2776114023777,7.7e-05,-552.6247,-0.1978,0.348883,-4.6301,-21.0998,-0.000563,-0.018562,0.0186,-0.6255,0.008505,0.002767,1.0019220140625476,0.825613,-0.02435199999999993,-0.017873999999999945,-0.015404059750774104,-0.003112998279641782,-0.022338958970924756,0.043760023310735405,0.027434994212117834,36.965747152733705,-0.012718463190967045,0.011575021246672217,-0.0065962282710175955,0.03378823209440146,0.02675401383659598,49.71020408308628,0.05261218456599777,0.05284119551376676,0.819568489614922,0,0.000563,1,0.348883,0,0,0,0,-0.02753897506080982,0,-0.04176302216175076,0,-0.039795304611330184,0
2024-03-22 00:00:00+00:00,27,3.1106,0.4565,1.0,112,486845.867,-61279.67,0.5435,75,264611.8262,3782.414348,168170.3146,54063.7262,-114106.5885,112,486845.867,10,64683.20078785752,3412.9814437508776,-0.00054,-625.8012,-0.5367,0.32833,-6.5557,-17.395,-0.054988,-0.006628,-0.0757,-0.8058,-0.166119,-0.051083,0.4205768336238318,0.835759,0.010145999999999988,0.011368000000000045,0.06801124724118757,-0.06812214750031753,-0.05281796465322378,0.041187499508601774,0.028099012212973194,28.373196365543933,0.04591656157902829,-0.048597394815066315,-0.050809610529526615,0.03054207243008203,0.02752932685454824,42.1810623667777,0.05276457259659251,0.05262627409823406,0.8334851484167941,1,0.054988,0,0.32833,0,0,1,0,-0.01422404710094093,0,-0.012256329550520348,0,0.02930874253853163,1
2024-03-23 00:00:00+00:00,14,0.927,0.501,1.0,72,266165.819,-56225.2407,0.499,47,132814.7738,3861.772826,64149.8594,69201.1858,5051.3265,72,266165.819,11,64560.73588976223,3364.778666934444,0.000661,-641.5066,-0.8793,0.330209,-5.5194,-14.0861,0.028572,0.02198,-0.0499,-0.9165,0.096205,0.029723,-1.0869570995626643,0.806642,-0.02911700000000006,-0.043323,-0.02753897506080982,-0.015404059750774104,-0.011693706684994976,0.04119097491979238,0.028294730960843152,27.45222612448515,-0.03043122836081205,-0.012718463190967045,-0.005402939411720566,0.030628527887508875,0.027567427023774127,40.17251014239801,0.05211803460047017,0.05236760757246315,0.8443060988106303,0,-0.0,1,0.330209,0,0,0,0,0.0019677175504205944,1,0.043532789639472574,1,0.07078871863534407,1
2024-03-24 00:00:00+00:00,22,1.5069,0.5519,1.0,71,213596.5223,-52236.9329,0.4481,39,95705.3884,3072.586354,70864.7633,47026.3706,-23838.3927,71,213596.5223,10,65169.75054615943,3371.4061193094185,-4.9e-05,-36.0726,-0.8951,0.316537,-0.1863,-10.1859,0.008809,-0.008433,0.0534,-0.7679,0.033696,0.009841,-1.1185264097242018,0.778205,-0.028436999999999935,-0.047408000000000006,-0.01422404710094093,0.06801124724118757,-0.029210252254214267,0.04080464031939277,0.028198060323807176,27.493877550217007,-0.0018950975634919665,0.04591656157902829,-0.019298865077768443,0.030771388358486036,0.02737724515802454,39.18659961390567,0.05173268412192966,0.05212987213533694,0.8464836175748096,0,-0.0,1,0.316537,0,0,0,0,0.041565072089051996,1,0.06882100108492349,1,0.05424856837395861,1
2024-03-25 00:00:00+00:00,25,1.6091,0.3891,1.0,116,577432.4574,-54516.8591,0.6109,79,352757.9261,4493.244445,138563.9024,86110.6289,-52453.2735,116,577432.4574,12,68294.84071424541,3514.4919443620606,-0.0005,752.5859,-0.4971,0.316679,6.2664,-9.7587,-0.027297,-0.023198,0.0734,-0.5736,-0.079736,-0.023562,0.5657653121165385,0.83988,0.061674999999999924,0.00412099999999993,0.0019677175504205944,-0.02753897506080982,-0.003112998279641782,0.04503461175626659,0.02899798043328164,33.17300469903434,0.009388990159545349,-0.03043122836081205,0.011575021246672217,0.03613204612241466,0.028230799080035614,44.13301620916722,0.0514605775137123,0.051964487461337694,0.8451217301290282,1,0.027297,0,0.316679,0,0,1,0,0.027255928995871505,1,0.012683496284906627,1,0.01115247308988568,1
2024-03-26 00:00:00+00:00,16,2.25,0.4684,1.0,110,698080.1858,-57593.7848,0.5316,84,371133.8225,14487.002168,226347.761,100598.6023,-125749.1588,110,698080.1858,10,70332.33628903447,3611.600061617311,-0.000852,570.1667,-0.1925,0.384277,4.0527,-10.7041,-0.006026,0.023962,0.1813,-0.1128,-0.009407,-0.003422,0.3397939596439566,0.852849,0.012969000000000008,0.046207,0.041565072089051996,-0.01422404710094093,-0.06812214750031753,0.03499037150711828,0.028977960374313872,36.56888692506589,0.04683881253613511,-0.0018950975634919665,-0.048597394815066315,0.02965681201733606,0.028460122409919738,47.030005522225686,0.05135049185306811,0.05192871829403021,0.854842279625601,1,0.006026,1,0.384277,0,0,1,0,-0.014572432710964865,0,-0.016103455905985813,0,-0.0217915382556597,0
2024-03-27 00:00:00+00:00,27,1.3193,0.4011,1.0,118,768494.4836,-57334.0561,0.5989,75,460226.2892,6626.803523,175355.9701,132912.2243,-42443.7458,118,768494.4836,16,69764.20086623615,3559.351878901021,0.000207,374.936,0.0066,0.33992,4.4218,-2.1507,0.019065,-0.01325,0.0422,-0.0076,0.063478,0.020131,0.6399256643663125,0.839247,-0.013602000000000003,0.06104199999999993,0.027255928995871505,0.0019677175504205944,-0.015404059750774104,0.03488440894139914,0.029002252484520083,34.888782499991976,0.0293974435894665,0.009388990159545349,-0.012718463190967045,0.029052467605301446,0.02865469066300389,43.7696488581782,0.051019747015028795,0.051865470323828475,0.8664144220084041,0,-0.0,1,0.33992,0,0,0,0,-0.001531023195020933,0,-0.007219105544694822,0,-0.01091768104806335,0
2024-03-28 00:00:00+00:00,23,1.168,0.3467,1.0,119,466886.1134,-52297.674,0.6533,83,305019.0246,3589.571456,87205.4868,74661.6019,-12543.8849,119,466886.1134,13,70387.23953642756,3553.9065981044428,-0.000123,-144.0468,-0.0771,0.27482,0.0811,2.5605,-0.002602,-0.009214,-0.0628,-0.1612,-0.004607,-0.001146,0.6683373542639875,0.799913,-0.03933399999999998,-0.039966999999999975,-0.014572432710964865,0.041565072089051996,0.06801124724118757,0.024583112041397483,0.02832677934572148,36.81427441284413,-0.008110672095147702,0.04683881253613511,0.04591656157902829,0.025175802186444277,0.025738599341244277,46.16480561396081,0.050490779600259605,0.051562412471580166,0.8728990347966843,0,0.002602,1,0.27482,0,0,0,0,-0.0056880823496738755,0,-0.009386657853042402,0,0.012086250613354738,1
2024-03-29 00:00:00+00:00,14,0.8298,0.4048,1.0,92,439138.5816,-33634.8797,0.5952,64,261365.0801,4786.49201,80620.2652,97153.2363,16532.9712,92,439138.5816,14,70041.87896522108,3533.749067905747,6.3e-05,-755.9744,-0.4911,0.291653,-7.7798,1.3364,0.028049,-0.009414,-0.102,-0.4136,0.120023,0.03215,-0.35775318541401163,0.807664,0.007751000000000063,-0.04518499999999992,-0.001531023195020933,0.027255928995871505,-0.02753897506080982,0.021412814442168516,0.028117692928392102,42.073639547493215,0.00889099352316378,0.0293974435894665,-0.03043122836081205,0.02005772906999852,0.024588921046865275,53.640768862166084,0.05045194560900359,0.05123203718763889,0.8860286931066076,0,-0.0,1,0.291653,0,0,0,1,-0.003698575503368512,0,0.01777433296302863,1,0.0006356781013778998,1
2024-03-30 00:00:00+00:00,16,1.9633,0.416,1.0,74,270124.6889,-39574.7007,0.584,52,157763.0749,2962.057483,74444.517,37917.097,-36527.42,74,270124.6889,6,70009.91333976157,3520.703370288461,0.000153,-430.1342,-0.7328,0.299665,-3.8815,2.9743,-0.026146,-0.000885,-0.05,-0.5309,-0.087434,-0.023832,-1.0495608434035053,0.779416,-0.02824800000000005,-0.05983099999999997,-0.0056880823496738755,-0.014572432710964865,-0.01422404710094093,0.02017427696592518,0.02736014319499904,43.11862740482566,-0.004918656061818689,-0.008110672095147702,-0.0018950975634919665,0.019905951594101207,0.02325321955986311,54.59370951263647,0.050288640598686554,0.050970695187384084,0.8960574409545858,0,0.026146,0,0.299665,0,0,0,0,0.021472908466397156,1,0.00433425360474643,1,-0.054314242347313677,0
2024-03-31 00:00:00+00:00,16,1.2231,0.4799,1.0,72,262743.5555,-37976.5947,0.5201,47,136660.839,4211.759467,69367.1839,56715.5326,-12651.6512,72,262743.5555,9,70381.52066039862,3597.120625640684,0.000169,-128.2303,-0.813,0.30816,-0.6834,2.4772,-0.003121,0.004824,0.0311,-0.4521,0.002696,0.000764,-1.1276462845317934,0.78772,0.008303999999999978,-0.01219300000000001,-0.003698575503368512,-0.001531023195020933,0.0019677175504205944,0.020786322082594993,0.027550138159910115,51.01547388797459,-0.00045648292661595635,0.00889099352316378,0.009388990159545349,0.0200406497383319,0.023189625800274664,59.48715518959133,0.051108879033707304,0.050881580174780894,0.8922770187250241,0,0.003121,1,0.30816,0,0,0,1,-0.017138654861650712,0,-0.07578715081371082,0,-0.08125238022846842,0
2024-04-01 00:00:00+00:00,20,1.9226,0.3479,1.0,105,553557.5866,-39167.1939,0.6521,75,361000.3721,6498.410605,126672.341,65884.8735,-60787.4675,105,553557.5866,10,69711.3220302552,3535.9961089256976,-0.000305,393.0016,-0.6031,0.27699,1.1967,-2.5925,-0.038317,0.011276,0.0364,-0.3558,-0.135466,-0.034314,0.12491917553752754,0.825273,0.03755300000000006,0.017608999999999986,0.021472908466397156,-0.0056880823496738755,0.041565072089051996,0.01709348164429776,0.027750277375097752,48.83526238822228,0.005293886926200205,-0.004918656061818689,0.04683881253613511,0.013495757917763336,0.023327736365186355,55.53128601145363,0.05072341200746487,0.05077627081674555,0.8847010157774456,1,0.038317,0,0.27699,0,0,1,0,-0.05864849595206009,0,-0.0641137253668177,0,-0.05808160023038074,0
2024-04-02 00:00:00+00:00,32,1.2982,0.4889,1.0,122,687720.2297,-27435.7327,0.5111,77,351506.1263,4710.934768,189921.517,146292.5864,-43628.9307,122,687720.2297,13,66425.45376291116,3334.579379769584,-0.000501,1339.1486,0.1304,0.376922,11.4778,4.8326,0.029478,0.010202,0.1646,0.0627,0.08831,0.031231,0.7606001010755499,0.840366,0.015092999999999912,0.06094999999999995,-0.017138654861650712,-0.003698575503368512,0.027255928995871505,0.024308364858920937,0.02980900700627273,50.28685717779565,-0.009567994054880683,-0.00045648292661595635,0.0293974435894665,0.01894460065014507,0.025199127171862144,55.59801769980556,0.05020032518967083,0.05061196129340308,0.8868428600071332,1,-0.0,1,0.376922,0,0,0,1,-0.005465229414757591,0,0.0005668957216793695,1,-0.010234096284301768,0
2024-04-03 00:00:00+00:00,28,1.42,0.5047,1.0,100,470778.3389,-27264.2015,0.4953,57,233153.7299,4063.456695,139433.8182,98190.7908,-41243.0274,100,470778.3389,15,66040.22306351477,3316.404847688585,-0.000274,-636.5833,-0.2254,0.344315,-5.4566,-5.0458,-0.000208,-0.005727,0.0171,0.1091,0.005014,0.001605,-0.08076423193901158,0.818197,-0.022168999999999994,0.030476999999999976,-0.05864849595206009,0.021472908466397156,-0.014572432710964865,0.024353984561530106,0.02941023564992249,51.90546960257999,-0.048282421203749114,0.005293886926200205,-0.008110672095147702,0.018965522585637457,0.023697851027191404,57.10168842368536,0.05021795345086892,0.05049741935566595,0.9026366632420666,0,0.000208,1,0.344315,0,0,0,0,0.006032125136436975,1,-0.004768866869544163,0,0.006815065828947297,1
2024-04-04 00:00:00+00:00,21,1.3694,0.3397,1.0,98,606405.77,-30059.6991,0.6603,65,400416.2207,5682.073449,119050.9585,86938.5908,-32112.3677,98,606405.77,12,66887.79384052647,3336.470274472995,-4e-05,-363.1688,-0.4324,0.305138,-5.2957,-10.4226,-0.003341,-0.00709,-0.0877,-0.1089,-0.003404,-0.000968,-0.16368823126303464,0.834926,0.016728999999999994,0.009652999999999912,-0.005465229414757591,-0.017138654861650712,-0.001531023195020933,0.024957763413981704,0.028476763339247157,39.8274080481847,-0.005816326079982723,-0.009567994054880683,0.00889099352316378,0.01957939239453913,0.02362402518009321,50.69440776459222,0.049881601453738926,0.050410393906163,0.9130943837244836,1,0.003341,1,0.305138,0,0,0,1,-0.010800992005981124,0,0.0007829406925103349,1,0.015976635286009636,1
2024-04-05 00:00:00+00:00,19,1.1744,0.3578,1.0,95,382268.3409,-33988.7456,0.6422,65,245477.1759,4621.105986,73880.7598,62910.4051,-10970.3546,95,382268.3409,11,67564.38939916603,3300.6270056004,0.000191,-821.507,-0.8895,0.287316,-5.3304,-7.9732,-0.003172,-0.006657,-0.1117,-0.3867,0.001297,0.000343,-0.29058809425177384,0.816494,-0.018431999999999893,-0.023871999999999893,0.006032125136436975,-0.05864849595206009,-0.0056880823496738755,0.024918815495538895,0.027916458960253413,42.725029332043285,0.012752499934319083,-0.048282421203749114,-0.004918656061818689,0.020669843336908366,0.023652106623262573,60.804406357921884,0.048851577509277995,0.050181769891916486,0.9182530002957076,0,0.003172,1,0.287316,0,0,0,0,0.011583932698491473,1,0.026777627291990774,1,0.07924432883054648,1
2024-04-06 00:00:00+00:00,12,1.7413,0.3276,1.0,55,201688.3858,-31322.9921,0.6724,34,135616.0368,6838.209634,41969.7472,24102.6018,-17867.1454,55,201688.3858,9,68041.70154208984,3339.083555708847,0.00092,-738.9633,-1.2766,0.241661,-4.6739,-8.7656,-0.022711,0.00389,-0.0702,-0.5627,-0.094689,-0.020663,-1.8183763013096221,0.783464,-0.033030000000000004,-0.0347329999999999,-0.010800992005981124,-0.005465229414757591,-0.003698575503368512,0.026175123870445224,0.02781704299238611,48.31462427656481,0.010064563529782676,-0.005816326079982723,-0.00045648292661595635,0.021142004872752678,0.023556834659354018,62.69569884809716,0.049074074869267154,0.05000826050199943,0.9437311677192105,0,0.022711,0,0.241661,0,0,0,0,0.015193694593499315,1,0.06766039613205502,1,0.07630048443750403,1
2024-04-07 00:00:00+00:00,15,1.7898,0.5658,0.9849,73,326887.746,-37110.0609,0.4342,47,144110.3978,10357.22748,120466.7289,67305.5958,-53161.133,78,331882.7225,16,69384.26160452909,3390.203941825907,-0.000172,212.0525,-1.1483,0.376923,2.106,-5.9762,-0.035181,0.006262,0.0739,-0.3712,-0.091858,-0.032631,-0.9210409825016438,0.801917,0.01845299999999994,-0.033008999999999955,0.011583932698491473,0.006032125136436975,0.021472908466397156,0.02509957233295328,0.027384185593993544,51.15525461256291,0.007039714968734176,0.012752499934319083,0.005293886926200205,0.02281351307007757,0.023668023348608895,64.44087197071087,0.048861281556170796,0.04968717514806564,0.9422317117141729,0,0.035181,0,0.376923,0,0,1,0,0.05246670153855572,1,0.06110678984400473,1,0.034258432790940735,1
2024-04-08 00:00:00+00:00,24,1.2728,0.3746,1.0,120,560983.7748,-32029.7685,0.6254,76,350848.6229,4238.124219,117680.2863,92454.8656,-25225.4207,120,560983.7748,20,71048.94243681572,3572.825648681196,-0.000377,864.1866,-0.6788,0.31707,8.4699,1.2971,-0.027876,-0.001575,0.051,-0.2393,-0.076067,-0.022382,0.672086550495278,0.836484,0.034567000000000014,0.019989999999999952,0.015193694593499315,-0.010800992005981124,-0.017138654861650712,0.03347888751068754,0.02932240417472343,53.27208983339476,0.01953928857982063,0.010064563529782676,-0.009567994054880683,0.02439532712589697,0.02399641790119574,60.197785173858755,0.05028682378852483,0.04962480540250278,0.9475752866194902,1,0.027876,0,0.31707,0,0,1,0,0.008640088305449024,1,-0.018208268747614973,0,-0.009312316136742924,0
2024-04-09 00:00:00+00:00,17,1.0192,0.327,1.0,106,710568.1758,-26112.0398,0.673,77,478197.1369,4798.248447,117287.9342,115083.1047,-2204.8295,106,710568.1758,12,70196.93525230042,3603.828920419709,0.000539,358.5191,-0.4747,0.278677,0.7228,-9.4578,0.016089,-0.019847,0.0205,-0.194,0.071978,0.018777,0.151391465289625,0.86711,0.030626000000000042,0.083646,0.05246670153855572,0.011583932698491473,-0.05864849595206009,0.02046945271811473,0.029388201150428596,49.53762729480865,0.023708905896438287,0.007039714968734176,-0.048282421203749114,0.01291689758997155,0.02398839096302773,49.45412351072969,0.051338835626753496,0.04978744975065745,0.9353406390517892,1,-0.0,1,0.278677,0,0,1,0,-0.026848357053063984,0,-0.017952404442191934,0,-0.047106034637968947,0
2024-04-10 00:00:00+00:00,18,1.2043,0.392,1.0,86,390809.6674,-22248.4271,0.608,59,237606.1689,4185.034509,83700.6188,69502.8797,-14197.739,86,390809.6674,9,69171.13927106762,3508.3593698384448,-0.000662,-775.5556,-0.8859,0.311971,-6.1576,-10.1589,-0.003782,0.039398,0.0533,-0.0636,-0.006256,-0.001817,-0.5970454579110612,0.825969,-0.041141000000000094,0.024051999999999962,0.008640088305449024,0.015193694593499315,-0.005465229414757591,0.024542611571670765,0.02954959015277416,47.05761838068694,-0.012064316954332193,0.01953928857982063,-0.005816326079982723,0.014793730664324635,0.023808231329241765,47.66889875235831,0.05071998823222932,0.049859169005137496,0.9231691551525506,0,0.003782,1,0.311971,0,0,0,0,0.008895952610872063,1,-0.020257677584904953,0,-0.09070364720782609,0
2024-04-11 00:00:00+00:00,17,0.9787,0.48,1.0,81,536943.1213,-17263.7821,0.52,48,279196.0592,4443.477342,127483.4573,130263.6048,2780.1475,81,536943.1213,16,70446.04869462574,3539.708803327841,3e-06,48.5401,-0.8546,0.369284,0.6113,-4.2519,0.026758,-0.011502,-0.0308,-0.1429,0.081943,0.02886,-0.7729894183305349,0.859434,0.03346500000000008,0.022950000000000026,-0.026848357053063984,0.05246670153855572,0.006032125136436975,0.02452746292410176,0.0295673393541091,49.20756125152655,-0.014720939632096294,0.023708905896438287,0.012752499934319083,0.015312207426349944,0.023947914261435773,50.21693620697926,0.05024708793351928,0.04991138135939183,0.9244263248685686,1,-0.0,1,0.369284,0,0,0,1,-0.029153630195777002,0,-0.09959959981869815,0,-0.14846533063572578,0
2024-04-12 00:00:00+00:00,30,1.9087,0.5407,1.0,102,420623.2082,-25847.1357,0.4593,59,193175.6897,3623.221667,149250.674,78196.8445,-71053.8296,102,420623.2082,13,69564.41200278942,3438.003189292634,-2.7e-05,929.4873,-0.3596,0.389111,1.2554,2.3339,-0.038807,-0.036375,-0.0441,-0.2404,-0.093857,-0.034276,0.02900336440529829,0.827812,-0.03162200000000004,-0.039298000000000055,0.008895952610872063,0.008640088305449024,-0.010800992005981124,0.027703171805724326,0.029889126035185055,45.02452565942377,0.01826343703723723,-0.012064316954332193,0.010064563529782676,0.016962201058781462,0.02390401187978391,48.29135286963952,0.049421868025776965,0.0499928514331774,0.9231063151100541,0,0.038807,0,0.389111,0,0,0,0,-0.07044596962292113,0,-0.11931170043994879,0,-0.08243071515350373,0
2024-04-13 00:00:00+00:00,33,2.0343,0.5918,1.0,103,672200.2526,-42665.6068,0.4082,56,274406.6788,8583.19668,266695.0085,131098.5653,-135596.4432,103,672200.2526,14,66603.72097303196,3204.1436570931696,0.001082,1550.619,0.4776,0.446353,-4.5733,2.4344,-0.063146,0.055434,0.0655,0.0685,-0.139135,-0.058755,0.04928425114825332,0.846468,0.018656000000000006,0.020499000000000045,-0.029153630195777002,-0.026848357053063984,0.011583932698491473,0.03963941014738294,0.03205439289764786,36.25735510579698,-0.012594035337455923,-0.014720939632096294,0.007039714968734176,0.02457893528968453,0.025097122650055675,39.74584682220428,0.04810757732875821,0.049854780355961845,0.9239621887678244,1,0.063146,0,0.446353,0,0,0,1,-0.04886573081702764,0,-0.01198474553058259,0,-0.04244545360709135,0
2024-04-14 00:00:00+00:00,22,1.1271,0.5022,1.0,96,393850.2002,-36759.2165,0.4978,61,196047.9541,3917.867854,104809.3234,92992.9227,-11816.4007,96,393850.2002,13,64182.5100403951,3051.334799853998,6e-05,-3251.9674,-1.2781,0.38141,-3.1866,-2.8582,-0.005962,-0.003818,-0.0729,-0.4303,-0.005856,-0.002082,-0.22934797005178473,0.824461,-0.022007,-0.03497300000000003,-0.07044596962292113,0.008895952610872063,0.015193694593499315,0.04131881011136898,0.03186617245723012,27.773682570935847,-0.043492668320209135,0.01826343703723723,0.01953928857982063,0.025205064037725405,0.02429936404797562,33.23251195753038,0.04754153114195056,0.04966624458250181,0.9319036188903663,0,0.005962,1,0.38141,0,0,0,0,0.03688098528644507,1,0.0064202772099363065,1,-0.002501753018962039,0
2024-04-15 00:00:00+00:00,23,1.305,0.4142,1.0,107,612031.6723,-37947.2528,0.5858,68,358528.5116,4940.887608,143522.4178,109980.7429,-33541.6749,107,612031.6723,16,65056.04791184291,3165.972006374529,-0.000818,267.6803,-1.1141,0.323218,2.0722,-9.2559,-0.028365,-0.017988,0.0118,-0.3369,-0.084679,-0.025531,0.19997962405859795,0.851724,0.027263000000000037,0.023912000000000044,-0.04886573081702764,-0.029153630195777002,0.05246670153855572,0.03729892423571551,0.0328201087160304,35.82601668672845,-0.03702970214860848,-0.012594035337455923,0.023708905896438287,0.02306034067434844,0.024459049796947706,37.60904785733756,0.048665298738477324,0.04943459814678074,0.9337987019077266,1,0.028365,0,0.323218,0,0,0,1,-0.030460708076508747,0,-0.03938273830540709,0,-0.045088818707994194,0
2024-04-16 00:00:00+00:00,22,1.44,0.3758,1.0,92,435466.7701,-41848.1231,0.6242,60,271825.4359,4361.030684,96576.128,67065.2062,-29510.9217,92,435466.7701,10,62984.98462364467,3070.988237880067,0.001004,-363.5244,-1.2817,0.317261,-3.6965,-13.6752,-0.026765,-0.002926,-0.0976,-1.2382,-0.081634,-0.024199,-0.3941671888671916,0.843071,-0.008653000000000022,-0.0033969999999999834,0.03688098528644507,-0.07044596962292113,0.008640088305449024,0.0356637908183173,0.0328526720747923,38.61772518826298,0.013518429613458529,-0.043492668320209135,-0.012064316954332193,0.024228854140733273,0.024897086267810495,39.887351322546785,0.04875746586635211,0.049065831038151965,0.9281592940846581,0,0.026765,0,0.317261,0,0,0,0,-0.008922030228898332,0,-0.014628110631485435,0,-0.002601180300209076,0
2024-04-17 00:00:00+00:00,12,0.4898,0.3794,1.0,94,427825.0923,-31877.9782,0.6206,71,265500.5905,4414.039125,53365.6132,108958.8886,55593.2754,94,427825.0923,11,62590.96292158063,3043.710654647223,0.00047,871.2982,-0.806,0.288041,5.6146,-1.903,0.034348,-0.028686,0.0138,-1.1192,0.135795,0.036498,-0.30948533718104454,0.852494,0.00942299999999996,0.028032999999999975,-0.030460708076508747,-0.04886573081702764,-0.026848357053063984,0.03597168517744414,0.03285792895115438,38.25217997881702,-0.03235281523946381,-0.03702970214860848,-0.014720939632096294,0.024482302506783873,0.024773759059269422,39.8178289178408,0.04862859608759569,0.04876706073177574,0.9258386081277351,1,-0.0,1,0.288041,0,0,0,1,-0.005706080402587089,0,0.006320849928689266,1,0.013058173519964028,1
2024-04-18 00:00:00+00:00,14,1.202,0.6659,1.0,126,664555.9503,-38075.1459,0.3341,40,222061.2123,13549.081033,241547.3824,200947.3556,-40600.0268,126,664555.9503,72,62342.638400153286,3026.392453442939,-0.001059,-772.8604,-1.1957,0.463672,-4.2199,-6.7342,-0.029269,0.007113,0.0191,-0.908,-0.062384,-0.028,0.9444111025258519,0.87496,0.022465999999999986,0.023235999999999923,-0.008922030228898332,0.03688098528644507,0.008895952610872063,0.034385103798048926,0.030641061499586286,36.63311312715018,-0.006275453267231877,0.013518429613458529,0.01826343703723723,0.020707247699519045,0.023208433833854257,36.18225383978215,0.04854450390786633,0.04852383444239674,0.9297262180219504,1,0.029269,0,0.463672,0,0,0,1,0.012026930331276369,1,0.018764253922551127,1,0.04328485351300661,1
2024-04-19 00:00:00+00:00,33,1.9286,0.4214,1.0,110,499805.1353,-37464.1892,0.5786,64,289205.1617,4399.658432,138688.5532,71911.4204,-66777.1328,110,499805.1353,13,63831.95219912552,3063.0104241377417,0.00027,-99.7089,-1.241,0.337616,-0.936,-8.9256,-0.03926,0.011486,0.0281,-0.6065,-0.114623,-0.036125,0.29692499194714944,0.829275,-0.045684999999999976,-0.01379600000000003,-0.005706080402587089,-0.030460708076508747,-0.029153630195777002,0.03649168673013947,0.030672712112886354,39.79567038725542,-0.003975309217448782,-0.03235281523946381,-0.012594035337455923,0.025975137772195095,0.02352875795790674,39.40516104219199,0.04798553574834429,0.04831864411704922,0.919609013027775,0,0.03926,0,0.337616,0,0,0,0,0.006737323591274772,1,0.03125792318173025,1,0.04131012962770268,1
2024-04-20 00:00:00+00:00,16,1.0692,0.5801,1.0,51,184854.4946,-18605.5313,0.4199,27,77622.6441,3606.982905,55408.844,51823.0064,-3585.8376,51,184854.4946,8,64197.33126424878,3083.716590275756,0.000335,-410.829,-1.4467,0.350544,-3.3187,-7.671,-0.031792,0.010476,-0.1011,-1.599,-0.088772,-0.029394,-2.0404184317727303,0.818954,-0.010321000000000025,-0.033540000000000014,0.012026930331276369,-0.008922030228898332,-0.07044596962292113,0.028191205519066488,0.027731309874220577,38.98794291349972,0.023608286958994838,-0.006275453267231877,-0.043492668320209135,0.022554804517685954,0.02191742000612273,39.1027089697568,0.04803496546581625,0.048308270993771794,0.9157660549233089,0,0.031792,0,0.350544,0,0,0,0,0.024520599590455487,1,0.03457280603642792,1,0.03734206379142752,1
2024-04-21 00:00:00+00:00,6,0.7957,0.4349,0.9681,46,147154.3185,-15843.1794,0.5651,35,85903.5327,3702.237964,29289.102,36809.1648,7520.0627,51,152001.7995,10,64959.632943347526,3160.265851466607,-6e-05,-10.2145,-1.4347,0.319457,-0.0187,-4.5031,0.019636,0.014129,0.0685,-0.8842,0.078812,0.023265,-1.974266184558659,0.771591,-0.04736299999999993,-0.10336899999999993,0.006737323591274772,-0.005706080402587089,-0.04886573081702764,0.022419303912302686,0.02785550275927652,40.523555585205386,0.005707757587905961,-0.003975309217448782,-0.03702970214860848,0.018226436976682817,0.021327951517122606,37.28486430159842,0.04864968763328346,0.0484665790639622,0.9028281650608981,0,-0.0,1,0.319457,0,0,0,0,0.010052206445972448,1,0.012821464200972047,1,0.017105053902084336,1
2024-04-22 00:00:00+00:00,20,1.4709,0.4816,1.0,72,340226.851,-15512.3695,0.5184,44,176366.4998,3896.920782,97543.1786,66317.1726,-31226.006,72,340226.851,8,65990.02379759964,3192.1937000420644,-0.001068,299.0311,-1.2723,0.336313,2.0144,-4.5609,-0.044245,-0.019985,0.107,0.2239,-0.129505,-0.040973,-1.1361149922098035,0.831066,0.059474999999999945,0.001790999999999987,0.024520599590455487,0.012026930331276369,0.03688098528644507,0.01790085140181112,0.02785772084761636,32.83617886872712,0.011804404595604633,0.023608286958994838,0.013518429613458529,0.01848335172773132,0.0215120381697141,35.29427837339006,0.04837388314683679,0.04842494826515642,0.9019136929948484,1,0.044245,0,0.336313,0,0,1,0,0.002769257754999614,1,0.0070528474561119,1,-0.015069564618866542,0
2024-04-23 00:00:00+00:00,13,1.0862,0.3822,1.0,77,351794.9986,-12089.9965,0.6178,55,217339.2885,4666.727336,70005.0101,64450.7,-5554.3102,77,351794.9986,9,66486.61368006935,3201.0459586370744,-0.000361,199.7163,-1.169,0.331353,2.3218,1.4574,-0.014543,0.015573,0.0506,0.7544,-0.035498,-0.011025,-0.93765047998941,0.823349,-0.007716999999999974,0.004395000000000038,0.010052206445972448,0.006737323591274772,-0.030460708076508747,0.011301907111617018,0.027861798581079063,31.612707472371568,0.01573753068479346,0.005707757587905961,-0.03235281523946381,0.010568443800281083,0.021488538265875618,38.98846137378997,0.048145721092675384,0.04833755615463118,0.9032583435493245,0,0.014543,0,0.331353,0,0,0,0,0.0042835897011123,1,-0.017838822373866144,0,-0.019337312904854895,0
2024-04-24 00:00:00+00:00,15,1.247,0.4207,1.0,90,397046.8513,-22654.6176,0.5793,62,230021.7457,4347.921613,92692.089,74333.0165,-18359.0724,90,397046.8513,13,65768.03860795723,3214.7873363384133,-0.000122,224.6946,-1.0418,0.337921,0.5578,-3.5994,-0.026072,-0.030774,0.0967,1.7164,-0.070861,-0.022361,-0.4329574586878004,0.818659,-0.004689999999999972,0.047068,0.002769257754999614,0.024520599590455487,-0.008922030228898332,0.009342856617304517,0.026670145438605762,35.42189126200772,0.007497053334971001,0.011804404595604633,-0.006275453267231877,0.011667731028117505,0.01972320004668249,39.607573325748156,0.04888069348550495,0.04837357006861821,0.9040234575136813,0,0.026072,0,0.337921,0,0,0,0,-0.02212241207497843,0,-0.023620902605967182,0,-0.018958561292184768,0
2024-04-25 00:00:00+00:00,11,0.8307,0.4219,1.0,81,360920.456,-14843.0132,0.5781,56,208644.9073,4487.363655,69097.1723,83178.3764,14081.2041,81,360920.456,14,64166.072501280265,3144.449377406088,0.000366,-287.3831,-1.1792,0.337428,-2.0297,-1.4091,-0.022461,-0.004145,-0.1135,0.5519,-0.060981,-0.019379,-0.7650623419335095,0.825354,0.0066950000000000065,-0.005711999999999939,0.0042835897011123,0.010052206445972448,-0.005706080402587089,0.014133672057412188,0.026260909720530218,31.082180406239715,-0.010866644472350544,0.01573753068479346,-0.003975309217448782,0.016535759582401114,0.019290645349374254,31.259484545411013,0.049004859652947416,0.04843933517505837,0.8886615631479734,0,0.022461,0,0.337428,0,0,1,0,-0.0014984905309887357,0,0.0031638507827936747,1,0.04926446972429892,1
2024-04-26 00:00:00+00:00,13,1.2753,0.3171,1.0,77,288105.6745,-6882.487,0.6829,55,196745.9414,2537.183071,51206.5914,40153.1416,-11053.4498,77,288105.6745,9,64170.80057825606,3139.740978415572,0.00137,-472.8803,-1.411,0.271774,-3.2013,-3.6743,-0.032858,0.009497,-0.1113,-0.6023,-0.119675,-0.030227,-0.9359308444288817,0.821873,-0.0034810000000000674,-0.0014760000000000328,-0.02212241207497843,0.002769257754999614,0.012026930331276369,0.014011363330217023,0.026198410520930214,34.09516741096593,-0.024659379585667142,0.007497053334971001,0.023608286958994838,0.014130157758587909,0.01927459951026077,32.94481631403312,0.048927876076388814,0.048573955221921865,0.8841272750444091,0,0.032858,0,0.271774,0,0,0,0,0.004662341313782424,1,0.05076296025528767,1,0.01646342942146819,1
2024-04-27 00:00:00+00:00,17,0.9828,0.6094,1.0,60,201493.0287,-6217.7524,0.3906,35,78707.2534,4242.692323,60859.2353,61926.54,1067.3048,60,201493.0287,8,63059.59630321528,3154.413700534149,0.000428,-130.7956,-1.4667,0.384732,-1.2204,-1.576,-0.016699,0.006276,-0.0499,-1.0999,-0.031166,-0.011353,-1.577728887850654,0.804019,-0.017853999999999925,-0.014639999999999986,-0.0014984905309887357,0.0042835897011123,0.006737323591274772,0.013954145280775244,0.02624437659899769,46.43699306607838,7.368228420215712e-05,-0.010866644472350544,0.005707757587905961,0.015431831690173052,0.01932468338473662,37.016424290105306,0.0500227385752121,0.04885792280897842,0.8839631607059898,0,0.016699,0,0.384732,0,0,0,0,0.04610061894150526,1,0.011801088107685778,1,-0.02667621186338541,0
2024-04-28 00:00:00+00:00,16,1.0205,0.6201,1.0,62,195308.1146,-7467.405,0.3799,38,74204.9925,3595.273178,61165.3137,59937.8083,-1227.5054,62,195308.1146,8,63688.593373436684,3303.238219013709,-0.000677,77.5037,-1.4154,0.366755,0.888,-0.6694,-0.024677,0.00327,0.0346,-0.7359,-0.05864,-0.02042,-1.4727754020983153,0.824662,0.020642999999999967,-0.0006920000000000259,0.004662341313782424,-0.02212241207497843,0.024520599590455487,0.020355298940085993,0.027785796721140496,68.29907299382864,-0.017468035272859426,-0.024659379585667142,0.011804404595604633,0.015154260074800223,0.01948086424529499,47.894678512432684,0.05186546042311287,0.04931731892181119,0.8695655922154708,0,0.024677,0,0.366755,0,0,1,0,-0.03429953083381947,0,-0.07277683080489065,0,-0.11720677050605717,0
2024-04-29 00:00:00+00:00,21,2.7513,0.4017,1.0,78,429267.1565,-14507.261,0.5983,50,256822.9373,5959.197828,126474.6088,45969.6104,-80504.9984,78,429267.1565,7,62740.45859685215,3191.8597319221785,-0.000629,235.4031,-1.2751,0.32894,2.2626,-0.4212,-0.07671,-0.002785,-0.0885,-1.5959,-0.236768,-0.074136,-0.8559619114519037,0.859178,0.03451599999999999,0.03730500000000003,0.04610061894150526,-0.0014984905309887357,0.010052206445972448,0.02530192767383562,0.02839585578560693,51.90127322149145,0.009925226314719112,7.368228420215712e-05,0.01573753068479346,0.013208031039762962,0.01959164289210033,40.20206650875343,0.050874026159609904,0.04967448220935021,0.8563237269210996,1,0.07671,0,0.32894,0,0,1,0,-0.038477299971071174,0,-0.08290723967223769,0,-0.0754397236730305,0
2024-04-30 00:00:00+00:00,21,1.168,0.41,1.0,94,381146.6374,-15443.8871,0.59,60,224887.554,3449.849189,84184.8881,72074.1953,-12110.6928,94,381146.6374,13,61821.35845396117,3071.3783507239464,-0.000323,587.2859,-0.9713,0.316866,1.658,-1.0851,0.007038,-0.005682,0.0301,-1.2636,0.045795,0.013262,-0.2395756384949069,0.826315,-0.032862999999999976,0.022295999999999982,-0.03429953083381947,0.004662341313782424,0.002769257754999614,0.02906798443133514,0.028702473351306025,50.0285855981106,-0.014998966405567632,-0.017468035272859426,0.007497053334971001,0.011665165238301252,0.019617858731799442,44.42878545934703,0.04968150858430626,0.04989388042244033,0.8560134573890793,0,-0.0,1,0.316866,0,0,0,0,-0.0444299397011665,0,-0.036962423701959325,0,-0.01374422430575747,0
2024-05-01 00:00:00+00:00,11,1.3276,0.1743,1.0,103,690278.9694,-15240.4379,0.8257,82,569945.4618,16775.870344,68634.2177,51699.2899,-16934.9278,103,690278.9694,10,58339.74156758877,2937.904274364545,0.0005,-532.1591,-1.2153,0.221795,-1.5881,-3.2309,-0.0082,0.018371,0.0386,-0.854,-0.022241,-0.00451,0.10164733783395692,0.869464,0.04314899999999999,0.04480200000000001,-0.038477299971071174,0.04610061894150526,0.0042835897011123,0.03191348605541495,0.02951277035775435,43.13490027357485,-0.014757601410262429,0.009925226314719112,-0.010866644472350544,0.02145714642828583,0.021919047844262584,33.94455704375605,0.05035854111490832,0.05010500151235509,0.8536659325820918,1,0.0082,1,0.221795,0,0,0,1,0.007467515999207193,1,0.030685715395409045,1,0.0602689429190199,1
2024-05-02 00:00:00+00:00,13,0.502,0.4685,1.0,75,364329.814,-9168.5352,0.5315,50,193657.0036,5220.090927,57044.1438,113628.6666,56584.5228,75,364329.814,12,58317.39153004363,2959.9252401637564,-0.000183,-134.9961,-1.2651,0.330236,-1.7818,-2.9831,0.025589,-0.016924,-0.0447,-1.279,0.089116,0.027757,-0.9532327509453029,0.844216,-0.025248000000000048,-0.01496200000000003,-0.0444299397011665,-0.03429953083381947,-0.02212241207497843,0.03243849731361176,0.02788291923500609,45.720281932714705,-0.05796537614066619,-0.014998966405567632,-0.024659379585667142,0.021990966951475337,0.02042144673924514,34.51049644786147,0.05075544640296332,0.05035508533378595,0.8493836728779416,0,-0.0,1,0.330236,0,0,0,0,0.023218199396201865,1,0.052801426919812725,1,0.05448943468903908,1
2024-05-03 00:00:00+00:00,20,4.492,0.4894,1.0,71,251087.1991,-18751.5562,0.5106,45,128201.5562,2563.819555,100510.1198,22375.5231,-78134.5966,71,251087.1991,6,60528.63060193261,3029.4534106134784,-0.000493,-107.9215,-1.3027,0.317724,-0.696,-0.4778,-0.067529,0.012755,0.0549,-0.7052,-0.218572,-0.065145,-1.11266966122834,0.828914,-0.015301999999999927,0.002599000000000018,0.007467515999207193,-0.038477299971071174,-0.0014984905309887357,0.03461736075145969,0.028318358877432146,47.96481503823018,-0.0003831748170922936,-0.014757601410262429,7.368228420215712e-05,0.029165665457316078,0.02178023252528947,38.401035642521926,0.05004992481222186,0.05051537801033352,0.828597177303339,0,0.067529,0,0.317724,0,0,0,0,0.02958322752361087,1,0.03127123529283723,1,0.031125654397148324,1
2024-05-04 00:00:00+00:00,12,1.2513,0.4587,0.9535,51,102221.2674,-19688.2522,0.5413,36,58032.1547,1478.582036,27334.34,21844.7725,-5489.5675,56,107211.2672,8,63442.87294571322,3120.4132289743616,0.000832,-133.8281,-1.3532,0.27913,-0.7896,-0.047,-0.010359,-0.003354,-0.1371,-2.0296,-0.024285,-0.0062,-1.6777581767469099,0.782135,-0.046779000000000015,-0.08732899999999999,0.023218199396201865,-0.0444299397011665,0.004662341313782424,0.036989829899720994,0.028898357323012054,52.015413536705886,0.03721612633810298,-0.05796537614066619,-0.017468035272859426,0.03533739750431779,0.023463476624594186,47.8138306499368,0.04918461419054014,0.05039564595538038,0.8257064087513422,0,0.010359,1,0.27913,0,0,0,0,0.0016880077692263719,1,0.0015424268735374704,1,-0.015808566863393013,0
2024-05-05 00:00:00+00:00,15,1.2245,0.655,1.0,50,166040.9728,-21081.0512,0.345,28,57290.7578,4029.252697,59863.6566,48886.5584,-10977.0982,50,166040.9728,7,63746.9856617618,3125.6849588568075,-4e-06,-9.9497,-1.3398,0.376975,-0.2267,-1.1617,0.017735,0.004683,-0.0332,-2.2684,0.062918,0.022392,-1.8549918389322995,0.801588,0.019452999999999943,-0.042628,0.02958322752361087,0.007467515999207193,0.04610061894150526,0.03073480046254076,0.028860584207526054,47.967374400538006,0.04702337614361214,-0.0003831748170922936,0.009925226314719112,0.035170710616157404,0.02339136895773014,46.42228095633151,0.049032670743704335,0.049990961715464875,0.8252893982118913,0,-0.0,1,0.376975,0,0,1,0,-0.00014558089568888756,0,-0.01749657463261937,0,-0.0393822930937693,0
2024-05-06 00:00:00+00:00,21,1.7112,0.4904,1.0,71,301524.5558,-15121.5031,0.5096,44,153659.3787,4848.712074,93326.6695,54538.5076,-38788.1619,71,301524.5558,6,63896.79626441889,3125.229951961815,-0.000529,42.36,-1.2905,0.32417,0.5404,-2.8839,-0.039377,-0.001087,0.1365,-0.93,-0.117708,-0.035821,-1.0569632850610684,0.836405,0.03481699999999999,0.007490999999999914,0.0016880077692263719,0.023218199396201865,-0.03429953083381947,0.028471717299132292,0.028752048666887294,45.93464599928066,0.004782036852815843,0.03721612633810298,-0.014998966405567632,0.03453232197153563,0.023344904784434687,43.55220084609591,0.04891058917929048,0.04971047071827639,0.8355164853448396,1,0.039377,0,0.32417,0,0,1,0,-0.01735099373693047,0,-0.0392367121980804,0,-0.04198088691023661,0
2024-05-07 00:00:00+00:00,13,3.7631,0.2606,1.0,86,394142.1351,-21902.2214,0.7394,67,291444.1315,4685.301415,81136.8622,21561.1415,-59575.7207,86,394142.1351,6,63509.59567403019,3071.4718337067447,0.000466,20.5871,-1.2517,0.223479,0.2213,-4.3205,-0.059497,-0.034573,0.0766,-0.1715,-0.275311,-0.056844,-0.4917297285186807,0.85302,0.016615000000000046,0.07088499999999998,-0.00014558089568888756,0.02958322752361087,-0.038477299971071174,0.024993208698596385,0.028686790500711525,42.496079938978106,0.0023473242359880945,0.04702337614361214,-0.014757601410262429,0.03395584260298752,0.022992126464444457,40.78444700182723,0.04836232700128345,0.049522016206415984,0.8344326742952821,1,0.059497,0,0.223479,0,0,0,1,-0.021885718461149915,0,-0.024629893173306126,0,-0.0283502705685673,0
2024-05-08 00:00:00+00:00,18,2.1132,0.3377,1.0,71,358930.1539,-25674.3829,0.6623,45,237721.8397,5296.210585,82274.1861,38934.1281,-43340.058,71,358930.1539,8,62321.12225880102,3004.980722757486,-0.000171,-126.4392,-1.2823,0.288548,-1.2705,-4.0029,-0.044172,0.010087,-0.0475,-0.6265,-0.150939,-0.040703,-1.0245952347762939,0.837819,-0.01520100000000002,0.03623100000000001,-0.01735099373693047,0.0016880077692263719,-0.0444299397011665,0.019061855378646804,0.026856949798012657,38.48016853103383,-0.006078215960459198,0.004782036852815843,-0.05796537614066619,0.023790607508876314,0.022601114705459894,39.50895247591127,0.048217692715460066,0.049216180720780524,0.8311835740058865,0,0.044172,0,0.288548,0,0,0,0,-0.0027441747121561976,0,-0.006464552107417372,0,-0.030103646924892827,0
2024-05-09 00:00:00+00:00,17,1.0278,0.3409,1.0,64,386024.8037,-34015.2346,0.6591,39,254417.0013,7721.129266,66704.6209,64903.1815,-1801.4394,64,386024.8037,8,61692.82362103069,2996.745834800953,0.000469,-49.1152,-1.2836,0.276294,-0.4799,-2.701,-0.021725,0.004177,0.0048,-0.5612,-0.074081,-0.019268,-1.2532443209355093,0.846152,0.008333000000000035,0.009747000000000061,-0.021885718461149915,-0.00014558089568888756,0.007467515999207193,0.019073804645147553,0.026726438320896623,41.206081036334346,-0.018890598054865433,0.0023473242359880945,-0.0003831748170922936,0.024727860378012615,0.02258117929322981,41.8801476466479,0.0485752743821468,0.04890472757494958,0.8295763781947955,1,0.021725,0,0.276294,0,0,0,1,-0.003720377395261161,0,-0.027359472212736616,0,-0.024485344101513023,0
2024-05-10 00:00:00+00:00,17,1.4942,0.3975,1.0,75,336246.4313,-26636.4605,0.6025,49,202582.9607,4559.334236,80073.3244,53590.1462,-26483.1782,75,336246.4313,9,62169.78557982598,2985.6175229335463,-5.9e-05,180.6968,-1.1724,0.306392,1.0785,-0.9265,-0.018405,0.031123,-0.0621,-1.1748,-0.051033,-0.014631,-0.8586014826490572,0.835158,-0.01099400000000006,-0.017862000000000045,-0.0027441747121561976,-0.01735099373693047,0.023218199396201865,0.016578608213322073,0.026440810408640842,40.874086697247826,-0.010132796099796764,-0.006078215960459198,0.03721612633810298,0.021186153212070513,0.022595594807049812,43.655800902790034,0.048023609782279444,0.04861525399924354,0.8397446174471509,0,0.018405,1,0.306392,0,0,0,0,-0.02363909481747544,0,-0.020764966706251848,0,-0.015468606997853032,0
2024-05-11 00:00:00+00:00,11,1.248,0.5406,0.9379,34,93725.9735,-26703.7108,0.4594,24,45912.1447,2329.255468,29990.4135,24030.0942,-5960.3193,41,99932.6524,6,60907.4658121026,2915.8678843970924,6.9e-05,-177.0853,-1.2324,0.28043,-0.9742,-1.1111,-0.02654,0.049152,0.0384,-0.7607,-0.083617,-0.021366,-2.0624838493956545,0.745828,-0.08932999999999991,-0.09199099999999993,-0.003720377395261161,-0.021885718461149915,0.02958322752361087,0.01085080145234754,0.0265023164904852,36.66071803557622,0.007701506037725925,-0.018890598054865433,0.04702337614361214,0.011308857069343247,0.02241268092784658,43.12973096694406,0.047873735108146555,0.04842798555890159,0.8365151972995728,0,0.02654,0,0.28043,0,0,0,0,0.0028741281112236072,1,0.008170487819622423,1,-0.001461206943353336,0
2024-05-12 00:00:00+00:00,9,2.5012,0.4179,1.0,40,118649.3738,-28172.4372,0.5821,27,69069.7636,2016.209011,35418.8964,14160.7138,-21258.1826,40,118649.3738,4,61116.58180575222,2924.260517225866,0.00069,-96.0366,-1.248,0.29529,-1.1069,-1.9912,-0.056288,-0.042683,-0.0051,-0.7958,-0.189352,-0.051576,-2.023838537693516,0.766842,0.021013999999999977,-0.07930999999999999,-0.02363909481747544,-0.0027441747121561976,0.0016880077692263719,0.011065153687687054,0.026200097026762192,25.775326704805053,-0.02051336080826508,-0.010132796099796764,0.004782036852815843,0.011106864267567304,0.022412666135204064,41.62890687183611,0.04784725242848313,0.048258640085298565,0.8388373889142964,0,0.056288,0,0.29529,0,0,0,1,0.00529635970839883,1,-0.004335335054576929,0,0.0055769486654030104,1
2024-05-13 00:00:00+00:00,18,3.7199,0.2273,1.0,76,543278.8332,-32797.2831,0.7727,53,419789.9268,6054.54819,97325.4949,26163.4115,-71162.0833,76,543278.8332,5,62307.59519476534,2939.789540150908,-0.001498,485.0926,-1.0043,0.247272,2.6364,0.1047,-0.057886,-0.027097,0.0577,-0.1881,-0.234663,-0.054403,-0.7397343195640242,0.869919,0.10307699999999997,0.03476100000000004,0.0028741281112236072,-0.003720377395261161,-0.00014558089568888756,0.011986075506919368,0.023192113637030515,31.51502931922306,0.0034274588074616036,0.007701506037725925,0.0023473242359880945,0.014549957403292006,0.021543009585518174,48.61823251846502,0.04718188097231988,0.04801168177001706,0.8417285846802319,1,0.057886,0,0.247272,0,0,1,0,-0.009631694762975745,0,0.00028058895700419466,1,0.015328122939030136,1
2024-05-14 00:00:00+00:00,15,1.5682,0.3807,1.0,72,222455.3681,-26963.2383,0.6193,50,137760.325,1866.383267,51716.2251,32978.818,-18737.4071,72,222455.3681,7,61947.96496238993,2911.610309355155,0.00022,-137.0008,-1.0506,0.271455,0.7065,0.5899,-0.053059,-0.01338,0.0001,-0.1862,-0.193557,-0.047955,-0.8690692222865459,0.788886,-0.08103300000000002,0.04305799999999993,0.00529635970839883,-0.02363909481747544,-0.01735099373693047,0.011402536945976911,0.021557597931820622,36.20882060006492,0.019300114259857747,-0.02051336080826508,-0.006078215960459198,0.014542138260550844,0.020533893730064416,50.42348278071106,0.047000903276207096,0.04781719266643471,0.8198801352455223,0,0.053059,0,0.271455,0,0,0,0,0.009912283719979953,1,0.024959817702005893,1,0.04009969184565498,1
2024-05-15 00:00:00+00:00,18,1.6462,0.3382,1.0,75,381544.2686,-25273.0436,0.6618,46,252520.8329,5394.310522,80266.0656,48757.3702,-31508.6954,75,381544.2686,11,63443.227833497,2940.61452836767,-0.000305,34.9411,-1.0141,0.279959,-0.1174,1.743,-0.060701,0.003449,-0.0273,-0.4595,-0.219275,-0.056842,-0.7481290668062887,0.817726,0.028839999999999977,0.05088399999999993,-0.009631694762975745,0.0028741281112236072,-0.021885718461149915,0.011109584461380006,0.020432141790550723,50.28967747876239,-0.0057885737445483015,0.0034274588074616036,-0.018890598054865433,0.015936842851286076,0.020872801346189303,70.21398842592592,0.046350329716595425,0.04755042652373977,0.7993731506673319,0,0.060701,0,0.279959,0,0,0,1,0.015047533982025955,1,0.030187408125675046,1,0.056932082247046795,1
2024-05-16 00:00:00+00:00,17,1.7057,0.3316,1.0,82,517533.6561,-31410.6148,0.6684,50,345907.1191,8437.086701,108195.4874,63431.0496,-44764.4379,82,517533.6561,15,65832.82718797096,2985.198120726184,-7e-05,-234.1768,-1.1016,0.288223,-1.6942,0.5287,-0.041347,0.000891,-0.0388,-0.847,-0.140107,-0.037787,-0.4970173211599561,0.843169,0.025442999999999993,-0.02675000000000005,0.009912283719979953,0.00529635970839883,-0.0027441747121561976,0.01306574259500428,0.019965717946670056,52.5495495410176,0.023850698274850098,0.019300114259857747,-0.010132796099796764,0.019283277279784888,0.02109965692522298,74.83722530242304,0.045345130206889274,0.04708897735584583,0.8079943193887092,1,0.041347,0,0.288223,0,0,1,0,0.015139874143649102,1,0.04188454826502085,1,0.03663830285397189,1
2024-05-17 00:00:00+00:00,21,1.1404,0.4881,1.0,78,238437.6287,-28717.5766,0.5119,48,122065.7557,2521.057966,62001.8917,54369.9813,-7631.9104,78,238437.6287,9,66265.5365149133,3030.737504982108,0.000734,60.8285,-1.0608,0.333183,0.4029,-0.147,-0.026355,0.013312,0.1129,0.3612,-0.071026,-0.022042,-0.6460686633185159,0.809661,-0.03350799999999998,0.020774999999999988,0.015047533982025955,-0.009631694762975745,-0.003720377395261161,0.014198858989689464,0.020116926389411347,50.13355014209167,0.0369731512280231,-0.0057885737445483015,0.007701506037725925,0.019303845375922148,0.02106714175688313,71.22076010435583,0.04573625544101691,0.04676221244995117,0.7913297672974914,0,0.026355,1,0.333183,0,0,0,0,0.026744674121371763,1,0.021498428710322804,1,0.04663148914244032,1
2024-05-18 00:00:00+00:00,12,1.5419,0.5124,1.0,44,117897.5115,-29705.789,0.4876,26,57489.2376,1944.954159,36643.0401,23765.2338,-12877.8064,44,117897.5115,6,66966.22073024047,3112.887229104301,0.000715,-249.0814,-1.1549,0.32796,-2.1956,-1.3684,-0.026255,-0.021006,-0.198,-1.7132,-0.069627,-0.021118,-1.8105195155825162,0.76882,-0.040841000000000016,-0.048906000000000005,0.015139874143649102,0.009912283719979953,-0.02363909481747544,0.011456791297517695,0.020672227140767364,49.225142179358826,0.006551343445481987,0.023850698274850098,-0.02051336080826508,0.014273696075859313,0.021093892622993635,65.28039678964191,0.04648443939585483,0.04656374163390951,0.7873712701678657,0,0.026255,1,0.32796,0,0,0,0,-0.005246245411048946,0,0.019886815021068573,1,0.177822691472188,1
2024-05-19 00:00:00+00:00,10,1.7171,0.4959,0.9027,30,103773.047,-28818.3,0.5041,26,57950.5838,3207.918277,36027.9056,20982.1458,-15045.7598,42,114960.6353,6,66884.96526986775,3096.599022087624,0.000912,-17.3152,-1.1387,0.299354,-0.146,-0.4075,-0.046871,-0.00193,0.1405,-0.2011,-0.149733,-0.041337,-1.8236552294594885,0.770122,0.0013020000000000254,-0.07304699999999997,0.026744674121371763,0.015047533982025955,0.0028741281112236072,0.012577007590566425,0.020593159810914974,47.067040410445586,0.010518373245068297,0.0369731512280231,0.0034274588074616036,0.014915555797310269,0.020716137454244866,63.86489800640559,0.04629738551247582,0.046342332074479894,0.779744415907124,0,0.046871,0,0.299354,0,0,1,0,0.02513306043211753,1,0.18306893688323694,1,0.1911905698287107,1
2024-05-20 00:00:00+00:00,32,1.8628,0.5122,1.0,104,475607.1946,-29139.9006,0.4878,57,232024.9526,3415.968899,158497.7645,85084.4774,-73413.2872,104,475607.1946,15,67506.84620792928,3175.412293170266,-0.001467,1202.7708,-0.5908,0.395117,6.1008,3.057,-0.097761,-0.002428,0.1482,1.3823,-0.241692,-0.089996,0.29606176481295265,0.847027,0.076905,0.03736600000000001,-0.005246245411048946,0.015139874143649102,0.00529635970839883,0.01397586181690642,0.021058123695549963,54.32010103614889,-0.001214116554097158,0.006551343445481987,0.019300114259857747,0.014676741564476431,0.020750735633576708,65.25007827274965,0.04703837420266399,0.04632183110738619,0.7786347834624031,1,0.097761,0,0.395117,0,0,0,1,0.15793587645111942,1,0.16605750939659317,1,0.17794222885851446,1
2024-05-21 00:00:00+00:00,44,1.1132,0.4653,1.0,149,850712.0112,-29492.7275,0.5347,82,454904.0832,4526.223018,208507.5619,187300.3661,-21207.1958,149,850712.0112,23,70613.885911329,3718.697068321455,-0.001867,-45.2848,-0.5974,0.386396,4.1371,6.4876,-0.072298,0.017878,-0.0953,0.3829,-0.168491,-0.060638,1.7941875032761212,0.851883,0.0048559999999999715,0.083063,0.02513306043211753,0.026744674121371763,-0.009631694762975745,0.05525757875900207,0.03540330739678539,79.42234771700501,0.00925481054196228,0.010518373245068297,-0.0057885737445483015,0.017089587227735,0.022147384151415678,74.19641483183875,0.052662405139282144,0.047130617087825476,0.7729595108916018,1,0.072298,0,0.386396,1,0,1,0,0.008121632945473743,1,0.02000635240739507,1,0.003169596244282983,1
2024-05-22 00:00:00+00:00,24,0.7393,0.5507,1.0,98,583651.7321,-18109.5232,0.4493,56,262260.9603,4865.269636,136608.5184,184782.2534,48173.735,98,583651.7321,18,69851.81506226205,3749.021937988201,9.9e-05,-346.3496,-0.734,0.414831,-3.8698,2.7352,-0.006861,-0.031123,0.0629,1.0918,-0.001262,-0.000502,0.07668892490397582,0.88272,0.030837000000000003,0.11259799999999998,0.15793587645111942,-0.005246245411048946,0.009912283719979953,0.05539678806801326,0.0353963583728342,85.54515877982757,0.0449977914178787,-0.001214116554097158,0.023850698274850098,0.020113557221828445,0.022143057394115036,77.02256282848946,0.05367107403932926,0.04817643770535889,0.7128313362141523,1,0.006861,1,0.414831,0,0,1,0,0.011884719461921328,1,-0.004952036701190732,0,-0.001474928320690312,0
2024-05-23 00:00:00+00:00,34,1.0731,0.4308,1.0,119,811283.7171,-13475.1329,0.5692,61,461759.4749,5423.686828,180923.9741,168600.2682,-12323.7059,119,811283.7171,24,68747.2817307581,3793.8438322201855,0.001028,104.2018,-0.6722,0.391649,1.9129,6.3423,-0.017608,0.000371,0.0361,1.4907,-0.034102,-0.012717,0.7717611103158144,0.87858,-0.0041399999999999215,0.03155300000000005,0.008121632945473743,0.02513306043211753,0.015047533982025955,0.05559630083324951,0.03541247677003325,86.81430526918787,-0.01085073894712151,0.00925481054196228,0.0369731512280231,0.01987124328847266,0.022351059390771272,74.9606066392706,0.05518536495855062,0.0495821855270248,0.708779241733649,0,0.017608,1,0.391649,0,0,0,0,-0.01683675616311206,0,-0.013359647782611611,0,0.0025307944635963742,1
2024-05-24 00:00:00+00:00,16,0.4872,0.4076,1.0,85,752666.3511,2725.8041,0.5924,50,445882.146,6501.186727,100504.7781,206279.4269,105774.6488,85,752666.3511,19,67923.59418817164,3730.5025359823353,-0.00095,-389.1488,-0.8321,0.351943,-3.3221,2.6173,0.04501,-0.001092,0.0289,1.7685,0.138374,0.0468,-0.377546138353583,0.896703,0.018123,0.04482000000000008,0.011884719461921328,0.15793587645111942,0.015139874143649102,0.05865712089168139,0.0356499969192282,83.39937043697799,-0.01593887320538454,0.0449977914178787,0.006551343445481987,0.021025344908309426,0.022374041039226876,70.00476420011866,0.054922042635841155,0.05089444084057111,0.6977360294614725,1,-0.0,1,0.351943,0,0,1,0,0.003477108380500448,1,0.01936755062670846,1,0.04550027557480196,1
2024-05-25 00:00:00+00:00,7,0.776,0.1736,1.0,61,341684.3132,5634.1363,0.8264,47,282361.9382,6060.027208,25920.9281,33401.4469,7480.5188,61,341684.3132,7,68923.77160466522,3743.496475189437,0.00145,-386.057,-0.9857,0.21413,-3.4176,1.3953,-0.008899,-0.000378,-0.209,-0.4953,-0.033195,-0.006673,-1.1734492773890783,0.853582,-0.043121000000000076,-0.029137999999999997,-0.01683675616311206,0.008121632945473743,0.026744674121371763,0.059504102490362816,0.035283909927851596,89.8766278048773,-0.012053738735493228,-0.01085073894712151,0.010518373245068297,0.021307609160707036,0.021961610640153645,78.70967613722402,0.054313575534744134,0.05201288886041245,0.7044335294578686,0,0.008899,1,0.21413,0,0,0,0,0.015890442246208013,1,0.04202316719430155,1,0.029255979674481642,1
2024-05-26 00:00:00+00:00,18,1.2409,0.6382,1.0,52,257316.4932,5261.3103,0.3618,23,93103.8944,4150.307215,90934.07,73278.5287,-17655.5414,52,257316.4932,11,68978.43734696675,3803.457431076705,-0.000366,92.7394,-0.9245,0.442646,0.5018,2.0431,-0.045519,0.004142,0.1511,1.1275,-0.099779,-0.042506,-1.438889654400086,0.847456,-0.006125999999999965,-0.03112400000000004,0.003477108380500448,0.011884719461921328,-0.005246245411048946,0.05815434775139993,0.03530248726344615,90.28045769735779,0.014617675980323137,-0.01593887320538454,-0.001214116554097158,0.021237320825386694,0.021959394072428442,78.44596390748045,0.05513980277554023,0.0532760913265645,0.6917102456922263,0,0.045519,0,0.442646,0,0,0,0,0.02613272494809353,1,0.013365537428273663,1,-4.686903234377669e-05,0
2024-05-27 00:00:00+00:00,17,0.9044,0.4512,1.0,85,377440.2569,16970.2656,0.5488,49,207144.2352,4736.373603,80873.3111,89422.7107,8549.3996,85,377440.2569,19,69100.72885728655,3904.162252635789,-0.00013,1031.9711,-0.4545,0.35182,9.6986,5.6409,0.008159,-0.002029,0.0704,1.8353,0.033687,0.011208,-0.3220185208138739,0.848218,0.0007620000000000404,-0.048485,0.015890442246208013,-0.01683675616311206,0.02513306043211753,0.0581434288521086,0.035483374735391725,90.86386228080434,0.0007928189922483726,-0.012053738735493228,0.00925481054196228,0.021140503685401275,0.02163748147234598,76.51017278789315,0.05649958136764432,0.054627692350133115,0.6899327011124106,1,-0.0,1,0.35182,0,0,1,0,-0.01276718751981987,0,-0.026179593980437274,0,-0.036964554871928734,0
2024-05-28 00:00:00+00:00,26,1.3022,0.3781,1.0,83,623078.3436,15581.7438,0.6219,40,387463.7155,16212.911187,133270.7383,102343.8897,-30926.8486,83,623078.3436,17,68202.74454513456,3854.633922549896,-0.000356,103.5007,-0.3915,0.349074,1.3016,2.8054,0.007695,0.009656,0.1439,3.1298,0.028569,0.009519,-0.37159938474407106,0.874699,0.026480999999999977,0.021117000000000052,0.02613272494809353,0.003477108380500448,0.15793587645111942,0.01536802641730732,0.03487520296319356,90.05048150781279,0.0017713250399264144,0.014617675980323137,0.0449977914178787,0.011054340375418218,0.021792513647015097,73.75462574829577,0.05651728457934729,0.05517838941299957,0.6939003132841738,1,-0.0,1,0.349074,0,0,1,0,-0.013412406460617409,0,-0.02419736735210883,0,-0.023781958544024807,0
2024-05-29 00:00:00+00:00,14,0.8746,0.4123,1.0,70,478496.7142,10584.215,0.5877,44,281220.5488,6457.705676,92042.566,105233.5994,13191.0334,70,478496.7142,12,67919.77050763673,3803.279170884824,-0.000758,-459.59,-0.5823,0.34429,-5.2084,1.4668,0.02938,-0.003421,-0.1148,1.9383,0.093384,0.030711,-0.8040905197194528,0.873077,-0.0016220000000000123,0.025621000000000005,-0.01276718751981987,0.015890442246208013,0.008121632945473743,0.016761256893873384,0.03426370648441787,86.35764376343445,-0.013080471943333633,0.0007928189922483726,-0.01085073894712151,0.010745355950627658,0.021584957493833105,68.65203080856593,0.05599664342884069,0.05551061361150121,0.7013114736916718,0,-0.0,1,0.34429,0,0,0,0,-0.010784960891491424,0,-0.010369552083407367,0,-0.0038122987177488486,0
2024-05-30 00:00:00+00:00,18,1.2157,0.8803,1.0,77,1294645.0776,-3503.8101,0.1197,40,154991.059,63425.847611,625296.9498,514357.0688,-110939.881,77,1294645.0776,19,68165.5598465099,3762.4813506655705,0.000291,122.5133,-0.509,0.664997,1.6736,1.2275,-0.052629,0.000329,0.0283,2.1393,-0.078022,-0.051072,-0.5431707810728569,0.914569,0.04149199999999997,0.06635099999999994,-0.013412406460617409,0.02613272494809353,0.011884719461921328,0.016734979983037915,0.033390448435891035,83.1055044711587,-0.004157643502430114,0.0017713250399264144,-0.01593887320538454,0.009607745346291881,0.02133337512642107,61.65262453223947,0.05519622165706031,0.055512164568431166,0.6941292127114214,1,0.052629,0,0.664997,0,0,0,1,0.00041540880808405397,1,0.006972662173742608,1,0.008377539792496523,1
2024-05-31 00:00:00+00:00,14,0.4277,0.6046,1.0,71,452629.6345,-2944.5574,0.3954,39,178969.2032,8325.941192,81985.5069,191674.9244,109689.4175,71,452629.6345,18,67970.86538847857,3764.044643239161,-0.000417,-147.1159,-0.5614,0.406787,-2.7158,1.8338,0.090989,-0.010123,-0.0326,1.7857,0.236191,0.092389,-0.7472178708899281,0.85967,-0.05489899999999992,-0.015028999999999959,-0.010784960891491424,-0.01276718751981987,-0.01683675616311206,0.015250417032732604,0.031994121916013585,82.36244923545772,0.0036122865778552846,-0.013080471943333633,-0.012053738735493228,0.0084359158847548,0.01799077182208929,58.71844801222193,0.05537732411859488,0.055577204780253124,0.6817485599767975,0,-0.0,1,0.406787,0,0,0,0,0.006557253365658551,1,0.007962130984412502,1,0.008605840448452463,1
2024-06-01 00:00:00+00:00,16,1.4939,0.7011,0.9662,47,135230.4587,-6789.3219,0.2989,23,41827.1729,2444.675854,58781.1489,39348.3161,-19432.8328,52,139956.6378,13,67645.16697461005,3788.807537200788,1.1e-05,-489.6981,-0.7736,0.346714,-3.4748,1.7766,-0.01286,0.010009,0.0489,2.162,-0.027395,-0.008899,-1.3825784729650235,0.766845,-0.09282500000000005,-0.106232,0.00041540880808405397,-0.013412406460617409,0.003477108380500448,0.015368397849109728,0.03199533092425781,81.23065829771862,-0.002860286516735888,-0.004157643502430114,0.014617675980323137,0.005573171096120863,0.018055151143835952,53.60255885277885,0.056010025647846795,0.055819554796410646,0.6533227936186656,0,0.01286,1,0.346714,0,0,0,0,0.0014048776187539477,1,0.0020485870827939446,1,-0.0016018834855567989,0
2024-06-02 00:00:00+00:00,14,1.4343,0.5215,0.9711,45,134175.8323,-6103.7999,0.4785,28,66116.6214,2431.858076,42457.9461,29601.059,-12856.8871,49,138175.6265,7,67813.04684063165,3794.134088812063,0.000209,145.2229,-0.6971,0.314874,1.9582,3.2329,-0.003828,-0.013178,0.0824,2.7842,-0.002443,-0.00071,-1.4531943995533223,0.749098,-0.017746999999999957,-0.16547099999999992,0.006557253365658551,-0.010784960891491424,0.015890442246208013,0.014061838016753323,0.03189064929891388,82.68687121543167,-0.0048032527479502036,0.0036122865778552846,0.0007928189922483726,0.005780575587866066,0.01699711868166914,54.87731243267829,0.055949913262689825,0.05593528486600345,0.6517074275870816,0,0.003828,1,0.314874,0,0,0,0,0.0006437094640399936,1,-0.003006761104310714,0,0.006507168051962889,1
2024-06-03 00:00:00+00:00,18,1.4873,0.4554,1.0,71,379749.4217,-12164.6472,0.5446,41,206823.7019,3163.971067,103401.1257,69524.5941,-33876.5316,71,379749.4217,12,68900.24942750209,3796.577195073818,-0.000839,383.7353,-0.4999,0.3205,3.6542,-2.8115,-0.017897,0.012437,0.0259,2.8561,-0.052674,-0.015939,-0.6782791062606156,0.838273,0.089175,-0.021397,0.0014048776187539477,0.00041540880808405397,0.02613272494809353,0.008095475904653185,0.031636381228683216,81.2057708740584,0.0024786972638547,-0.002860286516735888,0.0017713250399264144,0.009042482008483961,0.015112686915510506,56.90598608171813,0.055102517430922156,0.05573570430361457,0.6632414745321306,1,0.017897,1,0.3205,0,0,1,0,-0.0036504705683507105,0,0.005863458587922928,1,0.01153891624540255,1
2024-06-04 00:00:00+00:00,9,0.7932,0.3353,1.0,66,269917.2715,-6255.404,0.6647,46,179404.5459,2940.422388,40037.4361,50475.2895,10437.8533,66,269917.2715,11,69586.5460267914,3782.743167480625,0.000301,-253.083,-0.6324,0.263745,-2.4077,-6.5208,0.026114,0.000159,-0.1463,1.5985,0.114535,0.028231,-0.84460283491248,0.841724,0.003450999999999982,0.07487900000000003,0.0006437094640399936,0.006557253365658551,-0.01276718751981987,0.007123409698181527,0.0316795857615577,56.469214348640904,0.01590519043939198,-0.0048032527479502036,-0.013080471943333633,0.007759993830937076,0.015165386135224291,43.505721555866764,0.0543602662219251,0.05542755882398282,0.6749248895052404,1,-0.0,1,0.263745,0,0,1,0,0.009513929156273635,1,0.015189386813753293,1,-0.0008566089854151436,0
2024-06-05 00:00:00+00:00,19,1.7049,0.4897,1.0,70,319355.9989,-13961.6411,0.5103,41,162973.0987,3270.843454,98567.7632,57815.1371,-40752.6261,70,319355.9989,10,71039.70928487879,3818.903659416975,-0.000293,828.0177,-0.1252,0.327075,9.9328,8.6204,-0.029881,-0.014948,0.1101,2.4078,-0.089195,-0.027201,-0.6792083708906133,0.814383,-0.02734100000000006,0.06528499999999993,-0.0036504705683507105,0.0014048776187539477,-0.013412406460617409,0.006624615860749627,0.03166026854204452,56.923640822746954,0.00991144629096785,0.0024786972638547,-0.004157643502430114,0.009492627705047387,0.015506490346307347,56.87433033263178,0.053757309789974755,0.05510765401843055,0.667198529330778,0,0.029881,0,0.327075,0,0,0,0,0.005675457657479655,1,-0.010370538141688746,0,-0.03550005234416054,0
2024-06-06 00:00:00+00:00,21,2.3017,0.3005,1.0,68,449123.8722,-5714.9109,0.6995,39,314149.3904,8754.053569,94093.6256,40880.8562,-53212.7694,68,449123.8722,8,70998.84050372703,3840.639306964092,-0.001155,145.8231,-0.0062,0.277175,-0.4942,6.4526,-0.045229,-0.00673,0.0373,2.5788,-0.164541,-0.042528,-0.738091196824715,0.836535,0.02215200000000006,-0.0017380000000000173,0.009513929156273635,0.0006437094640399936,-0.010784960891491424,0.004494833196894406,0.03133499026243803,54.82025356398287,0.020667761959936255,0.01590519043939198,0.0036122865778552846,0.009824918057745876,0.015421199124246035,65.01860874672617,0.054094394777651066,0.05495025017851494,0.6561746016068405,1,0.045229,0,0.277175,0,0,1,0,-0.016045995799168405,0,-0.04117551000164016,0,-0.03984107600181311,0
2024-06-07 00:00:00+00:00,20,2.1193,0.4303,1.0,78,355824.0407,-29232.8765,0.5697,46,202723.0523,3527.064518,104018.6652,49082.3232,-54936.342,78,355824.0407,12,70670.01148727423,3779.504223146309,0.000921,-382.6385,-0.2278,0.309345,-5.872,3.2964,-0.06907,0.034225,-0.0678,1.9898,-0.226035,-0.065066,-0.35668903409639613,0.817662,-0.01887300000000003,-0.024062000000000028,0.005675457657479655,-0.0036504705683507105,0.00041540880808405397,0.00852947069090032,0.031164145259867874,55.16328608861078,-0.0005754604273333419,0.00991144629096785,-0.002860286516735888,0.010106295323786605,0.014911959663175453,69.8434257860159,0.05348101894432119,0.05467934943933299,0.6501646687296012,0,0.06907,0,0.309345,0,0,0,0,-0.025129514202471753,0,-0.023795080202644668,0,-0.02664400030342419,0
2024-06-08 00:00:00+00:00,20,2.096,0.5628,1.0,59,199861.486,-32145.004,0.4372,31,87384.2939,2177.389552,76147.4586,36329.7335,-39817.7251,59,199861.486,8,69382.71106607503,3685.710548612036,0.000225,-848.107,-0.7805,0.356159,-6.2146,0.5566,-0.027325,0.014441,-0.1261,1.0375,-0.070809,-0.023607,-1.0611171490019327,0.773811,-0.04385099999999997,-0.04057199999999994,-0.016045995799168405,0.009513929156273635,0.006557253365658551,0.012373882504930187,0.0316850898677187,44.74521096796164,-0.004642228723692356,0.020667761959936255,-0.0048032527479502036,0.013244254445213426,0.015257329458909523,53.20167025726411,0.05312145478290743,0.05426669645862736,0.6412116433280023,0,0.027325,0,0.356159,0,0,0,0,0.0013344339998270817,1,-0.0015144861009524012,0,-0.041733262582196826,0
2024-06-09 00:00:00+00:00,11,1.2013,0.5659,0.7026,18,54821.2191,-30885.0646,0.4341,27,33871.8704,1927.482909,24096.3174,20059.0058,-4037.3116,46,78027.1936,8,69453.40527144838,3690.632169140175,0.000269,-74.9956,-0.8442,0.264231,-0.9204,-2.322,-0.011293,-0.022427,-0.0056,0.9781,-0.026429,-0.006223,-1.517052131492654,0.69092,-0.08289100000000005,-0.14561500000000005,-0.025129514202471753,0.005675457657479655,0.0014048776187539477,0.012368837702637933,0.03164008562468446,38.719143558613524,-0.018383600859028088,-0.0005754604273333419,0.0024786972638547,0.01327674623702836,0.015248934248257549,53.30329965963675,0.053138246493687154,0.05386502977734126,0.6581129554730156,0,0.011293,1,0.264231,0,0,0,0,-0.0028489201007794863,0,-0.04306769658202387,0,-0.03851446760148722,0
2024-06-10 00:00:00+00:00,15,1.5617,0.4146,1.0,68,248976.4394,-29278.7212,0.5854,44,145752.9417,2400.025223,62927.8126,40295.6851,-22632.1275,68,248976.4394,9,69574.70057904483,3680.132815979425,7.8e-05,354.328,-0.5743,0.286813,2.6084,-3.3677,-0.02725,0.004459,0.0168,1.09,-0.087958,-0.023421,-0.6694669769327636,0.813265,0.12234500000000004,-0.004396999999999984,0.0013344339998270817,-0.016045995799168405,0.0006437094640399936,0.01222216577348256,0.031168526975938124,23.183899557099963,0.0010183835928002925,-0.004642228723692356,0.01590519043939198,0.012081372022173067,0.014556320094475965,53.29141827167595,0.05289469858082066,0.05354962708446963,0.6635174060216705,0,0.02725,0,0.286813,0,0,1,0,-0.04021877648124439,0,-0.035665547500707696,0,-0.051062293183405744,0
2024-06-11 00:00:00+00:00,15,1.8512,0.7767,1.0,114,826243.5881,-58140.8897,0.2233,29,184475.2678,19427.726223,416682.8232,225085.4972,-191597.326,114,826243.5881,70,67514.7463340081,3535.0592718367448,-0.000979,361.671,-0.2641,0.497953,3.7179,2.7579,-0.110711,0.005679,0.032,1.3026,-0.224313,-0.108193,1.0775963792493166,0.880354,0.06708899999999995,0.10654299999999994,-0.0028489201007794863,-0.025129514202471753,-0.0036504705683507105,0.01818428089581078,0.03237121583581682,18.559859735432994,0.0017449038470310784,-0.018383600859028088,0.00991144629096785,0.01614449517305824,0.015861328019317274,45.8040488841231,0.05235980972731711,0.05326384758523991,0.6494097652739632,1,0.110711,0,0.497953,0,0,0,1,0.004553228980536685,1,-0.01084351670216131,0,-0.016471979923600527,0
2024-06-12 00:00:00+00:00,10,1.1113,0.3286,1.0,76,433258.0369,-53391.5074,0.6714,55,290879.6453,4933.861495,74942.671,67435.7207,-7506.9504,76,433258.0369,11,68158.83868178735,3551.1919060784053,0.000769,308.2953,0.0407,0.311081,3.4029,-3.772,-0.004305,-0.009945,-0.0415,0.9789,-0.010492,-0.003064,-0.34770096352260604,0.848682,-0.03167199999999992,0.15776200000000007,-0.04021877648124439,0.0013344339998270817,0.009513929156273635,0.017391225654664423,0.03237231279721238,23.37242941368622,-0.03005496560547172,0.0010183835928002925,0.020667761959936255,0.013617039733308951,0.015619842753283757,51.392623298018755,0.05210170793340285,0.053027333034301065,0.6814075698618619,0,0.004305,1,0.311081,0,0,0,0,-0.015396745682698,0,-0.02102520890413717,0,-0.004657129072191509,0
2024-06-13 00:00:00+00:00,19,1.8647,0.4144,1.0,77,345679.9121,-51967.0092,0.5856,48,202422.8487,4064.447214,93249.1725,50007.8909,-43241.2816,77,345679.9121,10,67391.9319072872,3496.9338778233123,0.00023,-235.335,-0.1507,0.312439,-3.6442,-6.922,-0.044079,-0.008368,0.0,0.9574,-0.143584,-0.042098,-0.28922839052631394,0.838663,-0.010019,0.02539800000000003,0.004553228980536685,-0.0028489201007794863,0.005675457657479655,0.015908925694101385,0.032487044330984746,22.564350500800984,0.009494806030411274,0.0017449038470310784,-0.0005754604273333419,0.013519986880709428,0.01575895274056712,45.736425588057614,0.05188950337013833,0.052712348547513534,0.6922756916513945,0,0.044079,0,0.312439,0,0,0,0,-0.005628463221439175,0,0.010739616610506535,1,0.021822884291407895,1
2024-06-14 00:00:00+00:00,16,1.1058,0.4813,1.0,72,358244.8007,-45356.2304,0.5187,41,185825.3438,2660.44141,90540.1739,81879.283,-8660.8908,72,358244.8007,15,66490.20265886998,3477.306801058834,-0.000357,-452.0887,-0.5671,0.374134,-3.4081,-4.458,0.006546,0.005099,-0.016,0.821,0.024824,0.008846,-0.47794211521888386,0.850879,0.012216000000000005,-0.029474999999999918,-0.015396745682698,-0.04021877648124439,-0.016045995799168405,0.016105451526893372,0.032548103937923664,21.415952042903243,-0.011315538143159547,-0.03005496560547172,-0.004642228723692356,0.01362595932486062,0.015511665168030899,42.3773020399306,0.05229803282295984,0.05254335053017619,0.6951556266223734,1,-0.0,1,0.374134,0,0,0,1,0.016368079831945704,1,0.027451347512847113,1,0.019804517667921344,1
2024-06-15 00:00:00+00:00,20,4.0917,0.6117,1.0,48,118584.5774,-45960.3976,0.3883,21,46044.4179,2112.450106,58293.5274,14246.6321,-44046.8953,48,118584.5774,7,66172.8427215911,3534.6919979346226,0.000425,-542.6583,-1.0741,0.351832,-4.3407,-2.5841,-0.126461,0.005735,-0.1246,-0.1128,-0.367776,-0.121141,-1.3979157035564695,0.794303,-0.05657600000000007,-0.054379000000000066,-0.005628463221439175,0.004553228980536685,-0.025129514202471753,0.01795727618910255,0.03256222810851595,26.610756499459214,-0.013470697743570747,0.009494806030411274,-0.018383600859028088,0.012970476783222976,0.014027168738201415,42.38281522669107,0.05341605185084955,0.0525854358255965,0.7111684452723945,0,0.126461,0,0.351832,0,0,0,0,0.011083267680901402,1,0.0034364378359756833,1,-0.02893337806666262,0
2024-06-16 00:00:00+00:00,14,1.8626,0.5797,1.0,41,140203.5097,-48882.291,0.4203,19,58931.6018,2643.322627,52881.2367,28390.6713,-24490.5654,41,140203.5097,8,66398.00102091995,3574.085838500333,0.000443,-94.7847,-1.1532,0.374092,-0.7708,-2.4344,-0.042812,-0.013067,0.0419,0.1901,-0.110887,-0.039035,-1.6321630029385745,0.775614,-0.018688999999999956,-0.06304900000000002,0.016368079831945704,-0.015396745682698,0.0013344339998270817,0.018968377408382902,0.032529790277331036,31.1036735592606,-0.004784460386246091,-0.011315538143159547,0.0010183835928002925,0.013236824909142977,0.013989469277683079,42.74671444615585,0.05382821445745406,0.0526840026775632,0.7557751102012726,0,0.042812,0,0.374092,0,0,0,0,-0.007646829844925726,0,-0.04001664574756398,0,-0.009110471850123224,0
2024-06-17 00:00:00+00:00,15,2.061,0.3793,1.0,69,398077.2307,-53124.8035,0.6207,46,247104.2601,2767.807957,101651.3429,49321.6278,-52329.7151,69,398077.2307,8,66155.12943654886,3546.859641956912,-0.000591,348.8781,-0.7958,0.355996,1.96,-3.0828,-0.024468,0.005333,0.0718,0.7137,-0.062204,-0.021195,-0.520620566004666,0.874523,0.09890900000000002,0.023644,0.011083267680901402,-0.005628463221439175,-0.0028489201007794863,0.01898191007200796,0.032360728717918494,29.394383574591885,0.003396802938976614,-0.013470697743570747,0.0017449038470310784,0.012831939202591675,0.013863158660679751,34.729692874994996,0.05361428013467647,0.05278680004239975,0.7552711295318624,1,0.024468,0,0.355996,0,0,1,0,-0.03236981590263826,0,-0.0014636420051974547,0,0.0012906233955542862,1
2024-06-18 00:00:00+00:00,19,1.8593,0.4199,1.0,79,448529.6101,-33840.5465,0.5801,48,260171.28,3559.84744,122482.9284,65875.4016,-56607.5268,79,448529.6101,12,65215.09538300129,3433.8867681669544,0.00074,241.2896,-0.5286,0.349233,2.4438,-4.3569,-0.037525,0.022031,0.0837,1.3066,-0.100576,-0.03321,-0.08164745571566993,0.854633,-0.019890000000000074,0.060329999999999995,-0.007646829844925726,0.016368079831945704,-0.04021877648124439,0.0166635889806017,0.03301046946685838,25.038713679330698,-0.0036645208652646573,-0.004784460386246091,-0.03005496560547172,0.008951357106465555,0.014093791219443274,26.411562197692987,0.05265478411095015,0.05282893924006161,0.7515841411811894,0,0.037525,0,0.349233,0,0,0,0,0.030906173897440797,1,0.03366043929819259,1,0.019686056130764386,1
2024-06-19 00:00:00+00:00,25,1.6592,0.4658,1.0,72,360308.8705,-38711.966,0.5342,33,192476.4704,5245.36438,104719.6437,63112.7564,-41606.8873,72,360308.8705,14,65161.74147911195,3541.6721064719063,-2.1e-05,-181.2932,-0.7075,0.387497,-0.522,-8.2817,-0.020286,-0.017938,-0.1109,0.4679,-0.048956,-0.018049,-0.3641356535980025,0.846499,-0.008133999999999975,0.07088499999999998,-0.03236981590263826,0.011083267680901402,0.004553228980536685,0.02129136535116557,0.03315775257367951,32.490143396042285,-0.01431146364317011,0.003396802938976614,0.009494806030411274,0.006757320437141838,0.013964327191682382,13.303356411237047,0.05435201739669916,0.05315041202053251,0.7611264119253036,0,0.020286,1,0.387497,0,0,0,0,0.0027542654007517843,1,-0.011220117766676372,0,-0.012150507255110864,0
2024-06-20 00:00:00+00:00,23,2.6165,0.5368,1.0,75,333150.3221,-43954.9613,0.4632,41,154299.9175,2966.311163,129396.3267,49454.0779,-79942.2487,75,333150.3221,11,65266.69339610695,3551.4402572803897,-0.000658,237.6868,-0.4309,0.368974,1.35,-3.2876,-0.046966,0.007383,0.068,0.9559,-0.127769,-0.044644,-0.21662814278645875,0.844718,-0.0017810000000000326,-0.02980500000000008,0.030906173897440797,-0.007646829844925726,-0.015396745682698,0.020237403454958672,0.015837665261320313,31.561157724361124,-0.000818456838680949,-0.0036645208652646573,-0.011315538143159547,0.006960750641742725,0.010935290026485824,14.543183209410088,0.05441428196348962,0.053511094676725546,0.7486564335070799,0,0.046966,0,0.368974,0,0,0,0,-0.013974383167428163,0,-0.014904772655862607,0,-0.018518647574918827,0
2024-06-21 00:00:00+00:00,18,1.1254,0.4938,1.0,70,310110.108,-44008.2261,0.5062,39,156963.4544,3303.311356,81090.1987,72056.4548,-9033.7439,70,310110.108,13,64171.35364713648,3502.156229301139,0.000564,-521.9408,-0.9872,0.371461,-4.332,-4.2115,0.018223,-0.053548,-0.3976,-2.0403,0.05658,0.020247,-0.437525498034812,0.867756,0.023038000000000003,0.013122999999999996,0.0027542654007517843,-0.03236981590263826,-0.005628463221439175,0.02100733680131819,0.015886857307814757,31.872187604439304,0.0016093413947249763,-0.01431146364317011,-0.013470697743570747,0.007771499570651762,0.011147033445749124,13.179522999717065,0.054575071745543824,0.053836385951380406,0.5377781101882875,1,-0.0,1,0.371461,0,0,1,0,-0.0009303894884344502,0,-0.004544264407490624,0,-0.046910144751399825,0
2024-06-22 00:00:00+00:00,12,2.3646,0.6766,0.9479,34,114033.3257,-42431.9955,0.3234,22,38905.7208,2859.788738,57205.2068,24191.9255,-33013.2813,41,120302.853,7,64266.546295535365,3498.8993752648566,0.000488,-252.4607,-1.2367,0.341259,-2.2718,-2.1427,-0.037397,-0.020767,-0.246,-3.6227,-0.109756,-0.03518,-1.6838541427358908,0.78028,-0.087476,-0.06621900000000003,-0.013974383167428163,0.030906173897440797,0.016368079831945704,0.019888214308510746,0.015663845109028556,36.018542047346564,-0.01692494472656788,-0.000818456838680949,-0.004784460386246091,0.008161208667507303,0.010891276651911336,16.431141151575062,0.05444355698180606,0.05398317239865991,0.5751637522023336,0,0.037397,0,0.341259,0,0,0,0,-0.00361387491905618,0,-0.045979755262965334,0,-0.03442961225794752,0
2024-06-23 00:00:00+00:00,12,2.8583,0.7326,1.0,42,200618.2628,-49045.3979,0.2674,23,53651.7375,7484.635442,108875.4539,38091.0714,-70784.3824,42,200618.2628,7,64202.06290801278,3486.2776110436425,0.000316,6.9438,-1.2039,0.436258,0.3646,-1.0073,-0.065758,0.048484,0.3854,-0.9047,-0.150879,-0.06341,-1.6039194544907145,0.83372,0.05344000000000004,-0.010997999999999952,-0.0009303894884344502,0.0027542654007517843,0.011083267680901402,0.01910441310599421,0.015436660129548281,34.873808619583826,0.001482314268165248,0.0016093413947249763,0.003396802938976614,0.007633061363932638,0.01073388398457202,15.540515280346028,0.05430164473124018,0.054050805294915065,0.6372372038884989,1,0.065758,0,0.436258,0,0,0,1,-0.04236588034390916,0,-0.0308157373388913,0,-0.02982138545948442,0
2024-06-24 00:00:00+00:00,31,2.4007,0.5547,1.0,80,431880.1309,-55666.7187,0.4453,37,192300.7034,3393.472852,169129.1941,70450.2334,-98678.9607,80,431880.1309,12,61490.160329555576,3341.66337527232,-0.000769,322.2368,-0.8347,0.384964,3.1078,0.1405,-0.051234,0.020328,0.1337,0.0422,-0.132658,-0.049078,0.07215144439457084,0.878017,0.04429700000000003,0.010261000000000076,-0.00361387491905618,-0.013974383167428163,-0.007646829844925726,0.024177509613220374,0.01703568101873237,28.824443611084405,-0.0010038778085593122,-0.01692494472656788,-0.0036645208652646573,0.016311877797300933,0.012678950361732144,10.279263550368682,0.05434468470016546,0.054155148804270636,0.6259892869695111,1,0.051234,0,0.384964,0,0,0,1,0.011550143005017851,1,0.01254449488442478,1,0.020368470395951715,1
2024-06-25 00:00:00+00:00,21,3.2001,0.4746,1.0,66,425132.9845,-62679.3725,0.5254,35,223355.8131,4665.279133,153736.6372,48040.5342,-105696.103,66,425132.9845,10,61272.513458779176,3380.483824429178,-0.000866,-33.0981,-0.8641,0.354804,-0.457,-2.7604,-0.097606,-0.02408,-0.079,-0.5036,-0.281185,-0.096058,-0.5292349087086834,0.880096,0.002078999999999942,0.09981600000000002,-0.04236588034390916,-0.0009303894884344502,-0.03236981590263826,0.02260222777911435,0.016880547522279375,38.77400853868539,-0.043158175332649054,0.001482314268165248,-0.01431146364317011,0.01639404289731348,0.012649417312355474,12.391931625106352,0.055171293514887136,0.054514650147690205,0.7153434567736863,1,0.097606,0,0.354804,0,0,0,1,0.0009943518794069215,1,0.008818327390933908,1,0.011969043377348597,1
2024-06-26 00:00:00+00:00,19,2.5377,0.3802,1.0,71,398675.9723,-66148.4419,0.6198,43,247083.776,4203.708019,108741.2848,42850.9115,-65890.3733,71,398675.9723,9,61449.21749199048,3383.846886629816,0.000441,16.2189,-0.8365,0.301244,-0.6684,-2.9068,-0.056982,-0.022366,-0.1255,-1.3596,-0.190284,-0.054881,-0.28632065260203293,0.878157,-0.001939000000000024,0.04443699999999995,0.011550143005017851,-0.00361387491905618,0.030906173897440797,0.01755558508301788,0.015934201826207337,37.65992320671763,-0.0035458188078903584,-0.0010038778085593122,-0.000818456838680949,0.016753846696235798,0.012668305883620425,7.655884051190455,0.05506737147744606,0.05461684358779691,0.709535038791218,0,0.056982,0,0.301244,0,0,0,0,0.00782397551152698,1,0.010974691497941717,1,0.00011381221788622255,1
2024-06-27 00:00:00+00:00,21,1.4754,0.4113,1.0,84,433010.4337,-59614.0416,0.5887,49,254932.9806,4579.003098,106139.4497,71938.0034,-34201.4463,84,433010.4337,14,61242.83659210339,3410.425862850137,-0.000106,191.7187,-0.5875,0.325141,1.5205,-2.7363,-0.029727,0.016974,0.1795,-0.1086,-0.089413,-0.027628,0.31340327530152656,0.863156,-0.015000999999999931,-0.014861000000000013,0.0009943518794069215,-0.04236588034390916,0.0027542654007517843,0.018097784287822934,0.016020987111530483,43.33828120724382,0.002879753307897371,-0.043158175332649054,0.0016093413947249763,0.016360438586068986,0.012549463251937764,8.187934115602289,0.05568693503804615,0.054798651169876415,0.7270815793485585,0,0.029727,1,0.325141,0,0,0,0,0.0031507159864147313,1,-0.007710163293640715,0,-0.006311630411339478,0
2024-06-28 00:00:00+00:00,25,2.5934,0.5167,1.0,77,547907.0609,-76257.1772,0.4833,39,264802.1452,4910.348894,204320.3046,78784.611,-125535.6936,77,547907.0609,13,61143.44903999079,3421.18809159672,-0.000404,-319.9955,-0.9606,0.408839,-1.6595,-0.0637,-0.056597,0.014803,-0.0124,-0.2043,-0.136854,-0.054336,-0.009173873808937662,0.895465,0.03230899999999992,0.015368999999999966,0.00782397551152698,0.011550143005017851,-0.013974383167428163,0.017963700704074485,0.015973660010827638,45.615260744406726,-0.0033642128836794843,-0.0035458188078903584,-0.01692494472656788,0.016160202787924207,0.012554020750278106,9.13363223489847,0.05595346918292255,0.054995565089501944,0.7174505644181766,1,0.056597,0,0.408839,0,0,1,0,-0.010860879280055453,0,-0.009462346397754166,0,0.01449030819965259,1
2024-06-29 00:00:00+00:00,12,1.9964,0.484,0.9926,44,134704.8499,-74661.3664,0.516,27,70019.4106,2629.910338,43764.0225,21921.4168,-21842.6057,45,135704.8499,6,60837.894364754815,3384.232031665661,0.001376,-232.9599,-1.2215,0.285214,-2.4037,-0.1956,-0.027552,-0.022713,-0.241,-1.8541,-0.089031,-0.023661,-1.4462094900942315,0.804718,-0.09074699999999991,-0.07343899999999992,0.0031507159864147313,0.0009943518794069215,-0.0009303894884344502,0.018132869621768757,0.0159748551061461,37.9185741924045,-0.0016241619466949107,0.002879753307897371,0.001482314268165248,0.01578046111722758,0.012483998966072773,9.113603722591748,0.05562704079426928,0.055164634205568115,0.7206024746661489,0,0.027552,1,0.285214,0,0,0,0,0.0013985328823012792,1,0.025351187479708083,1,0.014513341442411874,1
2024-06-30 00:00:00+00:00,7,0.9314,0.4346,1.0,43,345231.5338,-63787.5588,0.5654,27,195178.2109,8343.404808,72360.5259,77692.7971,5332.2712,43,345231.5338,9,61401.99227093003,3388.968302586624,-0.000366,74.322,-1.1091,0.327925,0.8107,0.2505,0.017572,0.010802,0.2625,-0.0426,0.065178,0.020443,-1.5001704681294639,0.860054,0.05533599999999994,-0.003102000000000049,-0.010860879280055453,0.00782397551152698,-0.00361387491905618,0.018284021197123145,0.015984237093607363,34.38891942330049,-0.005009869637353656,-0.0033642128836794843,-0.0010038778085593122,0.016949206063679605,0.012708193286600378,13.99369062284292,0.055193132620732346,0.05529198961835271,0.7354231645786263,1,-0.0,1,0.327925,0,0,0,1,0.023952654597406798,1,0.01311480856011064,1,-0.01813200053339263,0
2024-07-01 00:00:00+00:00,16,3.3635,0.4557,1.0,62,447718.7456,-65478.696,0.5443,38,243682.0874,6296.411044,157276.7898,46759.8684,-110516.9214,62,447718.7456,8,63069.503840336605,3471.123074367813,-0.001255,268.8435,-0.7783,0.332555,2.289,-0.5683,-0.103167,0.024112,0.1026,0.6687,-0.314659,-0.100574,-0.6258493814259091,0.881737,0.021683000000000008,-0.013727999999999962,0.0013985328823012792,0.0031507159864147313,-0.04236588034390916,0.010745476468051787,0.016662735608374116,44.217822244807984,0.009229424633104272,-0.0016241619466949107,-0.043158175332649054,0.011337265821493846,0.013845419547280182,31.87378352974747,0.05503647346196227,0.05539081658432369,0.7322314434665126,1,0.103167,0,0.332555,0,0,1,0,-0.010837846037296168,0,-0.042084655130799384,0,-0.08881160808775061,0
2024-07-02 00:00:00+00:00,18,2.2141,0.5123,1.0,59,407918.8882,-61655.1695,0.4877,32,198961.68,3788.452115,143944.3126,65012.8955,-78931.4172,59,407918.8882,9,62478.677555476606,3433.706699605604,0.000159,-100.037,-0.9107,0.375925,-0.4502,-0.5614,-0.067031,-0.002682,-0.0194,0.5393,-0.177779,-0.064618,-0.7464986893158372,0.886947,0.005210000000000048,0.082229,0.023952654597406798,-0.010860879280055453,0.011550143005017851,0.011890976046450615,0.016703055139535867,49.98411962208541,0.026795071799328204,-0.005009869637353656,-0.0035458188078903584,0.01214361159984854,0.013873047779760861,33.10480305176682,0.054958056635509255,0.05536035417298398,0.767954831625539,1,0.067031,0,0.375925,0,0,1,0,-0.031246809093503223,0,-0.0779737620504544,0,-0.14944342833838758,0
2024-07-03 00:00:00+00:00,14,1.2026,0.3611,1.0,71,408765.4173,-54181.4868,0.6389,47,261175.6624,6146.861686,80582.1749,67007.58,-13574.5949,71,408765.4173,10,60558.7324262453,3328.0732702555088,0.000275,423.4017,-0.2954,0.296168,2.1895,2.2965,-0.021483,0.013054,0.2,1.8716,-0.067738,-0.018963,-0.1769065183187603,0.876759,-0.010188000000000086,0.01670499999999997,-0.010837846037296168,0.0013985328823012792,0.0009943518794069215,0.01741239430271402,0.017440149915443074,31.201675340206933,-0.009412014413330604,0.009229424633104272,0.002879753307897371,0.01767543452791825,0.014349366247432,26.70634879625804,0.05495612501976955,0.05534446182188734,0.7690960743378696,0,0.021483,1,0.296168,0,0,0,0,-0.04672695295695119,0,-0.11819661924488432,0,-0.09980960881658016,0
2024-07-04 00:00:00+00:00,27,1.6009,0.4789,1.0,76,348583.8217,-54805.3967,0.5211,38,181654.5517,5392.211092,102749.0426,64180.2274,-38568.8151,76,348583.8217,11,58325.957306313554,3176.139882624131,0.000606,-63.7348,-0.3719,0.361409,1.4064,2.1824,-0.043344,0.035236,-0.2318,0.2849,-0.116351,-0.039923,0.0667416261193782,0.865729,-0.011029999999999984,-0.016008000000000022,-0.031246809093503223,0.023952654597406798,0.00782397551152698,0.023299477654833152,0.019073908532785393,23.335235058810653,-0.031211661386250047,0.026795071799328204,-0.0033642128836794843,0.022228681403233128,0.015313541452393506,20.90318020572488,0.05445499789988576,0.05516847080215014,0.8046087054129994,0,0.043344,0,0.361409,0,0,0,0,-0.07146966628793314,0,-0.05308265585962894,0,-0.05421132393978085,0
2024-07-05 00:00:00+00:00,42,2.0211,0.6475,1.0,102,557555.2536,-54302.9506,0.3525,40,196535.3248,3019.580751,241519.2501,119500.6788,-122018.5713,102,557555.2536,20,55743.55847255053,2957.064105214344,-0.000962,205.7146,-0.062,0.429944,0.3202,4.162,-0.046091,-8.5e-05,0.0284,0.4642,-0.103592,-0.04254,1.2570145887066713,0.880608,0.014878999999999976,-0.0063390000000000946,-0.04672695295695119,-0.010837846037296168,0.0031507159864147313,0.03173420386527353,0.02228789389507577,18.30881325677025,-0.03756644695279179,-0.009412014413330604,-0.0016241619466949107,0.026241589390325046,0.01608500311951737,18.22760150108283,0.05304763790188374,0.054753352047716024,0.8463415336637525,1,0.046091,0,0.429944,0,0,0,1,0.0183870104283042,1,0.01725834234815233,1,0.004997743810175946,1
2024-07-06 00:00:00+00:00,16,1.3751,0.6044,1.0,44,167135.607,-53461.7898,0.3956,20,66115.9826,2844.86891,58487.0521,42532.5723,-15954.4798,44,167135.607,8,57027.00021735722,3011.9386168640194,0.001079,-792.0641,-1.2057,0.370541,-6.5781,-0.0124,0.019173,-0.04229,-0.1993,-0.8937,0.063149,0.022215,-1.419248632028364,0.840767,-0.039840999999999904,-0.03599199999999991,-0.07146966628793314,-0.031246809093503223,-0.010860879280055453,0.03502043230496158,0.022684483039742416,23.65059115250739,-0.045285370511583795,-0.031211661386250047,-0.005009869637353656,0.02957554392671753,0.016999014030473335,25.39325774366415,0.052816010054607086,0.054351776227764284,0.8820351927412754,0,-0.0,1,0.370541,0,0,0,0,-0.0011286680801518697,0,-0.013389266618128212,0,0.01676145688253064,1
2024-07-07 00:00:00+00:00,15,2.0685,0.63,1.0,42,201271.4311,-60531.3564,0.37,22,74471.2843,3594.916755,85477.4209,41322.726,-44154.6949,42,201271.4311,5,57425.0643675628,3008.5410556079355,0.001131,-42.9225,-1.2517,0.432061,-0.384,-1.2072,0.010612,0.002972,0.173,0.2819,0.036246,0.01506,-1.4904309799107727,0.863993,0.02322599999999997,-0.0017359999999999598,0.0183870104283042,-0.04672695295695119,0.0013985328823012792,0.03481579834263027,0.022667830024587186,23.859097160353357,0.022762983132258472,-0.03756644695279179,0.009229424633104272,0.029350539052198595,0.01719244185197908,27.5815856334075,0.05239073022802468,0.05395143302880605,0.8838336061593458,1,-0.0,1,0.432061,0,0,1,0,-0.012260598537976342,0,0.017890124962682552,1,0.028753076000456842,1
2024-07-08 00:00:00+00:00,19,1.6471,0.5183,1.0,79,315433.5685,-50452.8575,0.4817,48,151933.4746,2700.942062,101733.7617,61766.3322,-39967.4295,79,315433.5685,12,56195.935056583374,2971.879745591913,-0.001305,199.7022,-0.9474,0.350545,1.792,-1.7043,-0.044969,-0.015703,0.0217,0.4246,-0.10265,-0.033317,0.2579702223824056,0.854369,-0.009623999999999966,-0.0262389999999999,-0.0011286680801518697,-0.07146966628793314,0.023952654597406798,0.03008352523351896,0.022445428125307615,26.711824631286134,0.006956025768843994,-0.045285370511583795,0.026795071799328204,0.02468877505876784,0.017277293725232738,30.19336569512103,0.05288424763462951,0.053643972196329937,0.8846917736129086,0,0.044969,1,0.350545,0,0,0,0,0.030150723500658894,1,0.04101367453843323,1,0.04907478229484354,1
2024-07-09 00:00:00+00:00,14,1.6089,0.5549,1.0,61,366476.801,-45957.3201,0.4451,38,163113.4433,6951.168581,125413.0063,77950.3514,-47462.6549,61,366476.801,9,57371.78211592144,3062.848566679273,-0.000463,26.9212,-0.8869,0.352436,0.2579,-0.9962,-0.060257,-0.000796,-0.0036,0.3992,-0.168841,-0.057151,-0.5817797502684249,0.890769,0.03639999999999999,0.05000199999999999,-0.012260598537976342,0.0183870104283042,-0.010837846037296168,0.03605606213304925,0.023417703153823678,31.75345227493129,-0.02163644514277366,0.022762983132258472,-0.009412014413330604,0.028463122804381662,0.017954163280260973,36.54509539126945,0.053385975713473456,0.05341938920746769,0.8774205717694276,1,0.060257,0,0.352436,0,0,0,1,0.010862951037774331,1,0.018924058794184684,1,0.012376912613628915,1
2024-07-10 00:00:00+00:00,17,1.429,0.4312,1.0,63,330392.0224,-47612.5989,0.5688,39,187935.9822,4491.257676,83808.7934,58647.2468,-25161.5466,63,330392.0224,7,58120.47264105494,3096.301510577414,-0.000551,254.4149,-0.4702,0.294362,1.8577,-1.328,-0.034033,-0.003953,0.0235,0.5533,-0.112376,-0.031505,-0.47727804403076646,0.875432,-0.015337000000000045,0.011438999999999977,0.030150723500658894,-0.0011286680801518697,-0.031246809093503223,0.03665988568348303,0.023618619713720056,34.15658745038523,0.020708157352652055,0.006956025768843994,-0.031211661386250047,0.028438067100202313,0.018243580818618207,39.059494517147954,0.0532738529106568,0.05317906462045158,0.8870241806080081,0,0.034033,1,0.294362,0,0,0,0,0.008061107756410354,1,0.0015139615758546264,1,0.016673216038419206,1
2024-07-11 00:00:00+00:00,16,1.6858,0.4324,1.0,65,434139.2446,-48949.674,0.5676,42,246435.2012,4203.875023,117816.1921,69887.8512,-47928.3409,65,434139.2446,7,57927.81086127691,3121.362002658599,0.000523,-92.8858,-0.6127,0.35544,-0.5177,-3.2521,-0.04852,0.011504,-0.0164,0.4341,-0.133732,-0.045814,-0.366741688091899,0.884672,0.009240000000000026,0.03030299999999997,0.010862951037774331,-0.012260598537976342,-0.04672695295695119,0.0332826421194366,0.022820939209337563,34.21225186389667,0.012965389145238907,-0.02163644514277366,-0.03756644695279179,0.02478807417048984,0.017671840961702392,39.066222869041475,0.05388365201877741,0.05309744378029324,0.8893558999138589,1,0.04852,0,0.35544,0,0,1,0,-0.006547146180555728,0,0.008612108282008892,1,0.024204821263703644,1
2024-07-12 00:00:00+00:00,11,4.5768,0.431,1.0,57,434127.5586,-48663.9074,0.569,42,246999.4162,9204.040525,153573.1739,33554.9685,-120018.2055,57,434127.5586,4,57450.21570821669,3100.9927423679696,2.5e-05,-252.1625,-1.2663,0.322724,-1.894,-5.4663,-0.093588,-0.015044,-0.1327,-0.4595,-0.294011,-0.091762,-0.7315751289878972,0.896569,0.011896999999999935,0.005799999999999916,0.008061107756410354,0.030150723500658894,-0.07146966628793314,0.01473051692034777,0.02276490395083415,32.69311144977432,-0.0033203758120293994,0.020708157352652055,-0.045285370511583795,0.016233960201548096,0.017462191266978986,38.07068446589837,0.05397704262970168,0.05323021588426723,0.87881410661693,1,0.093588,0,0.322724,0,0,1,0,0.01515925446256462,1,0.030751967444259412,1,0.07972791721196851,1
2024-07-13 00:00:00+00:00,12,1.5069,0.676,1.0,45,194779.9428,-50188.0909,0.324,22,63113.163,4097.044032,79145.2719,52521.5079,-26623.764,45,194779.9428,11,58396.91404443887,3148.359596449542,0.00202,-43.1124,-1.3305,0.400493,-1.5807,-0.4689,-0.042712,-0.008724,0.0175,-0.3394,-0.100439,-0.038506,-1.2811293775811756,0.831455,-0.0651139999999999,-0.04397699999999993,-0.006547146180555728,0.010862951037774331,0.0183870104283042,0.01435264166764714,0.022944274625824553,37.465652321084896,-0.008278836015607586,0.012965389145238907,0.022762983132258472,0.01516383079459986,0.017880528874113788,42.4855144294624,0.053913115923449384,0.05338694529410184,0.8806236805891741,0,0.042712,1,0.400493,0,0,0,0,0.015592712981694793,1,0.06456866274940393,1,0.08859279283512642,1
2024-07-14 00:00:00+00:00,8,2.0908,0.5864,1.0,36,135248.2174,-47878.9143,0.4136,23,55936.8696,3351.332562,53650.9032,25660.4446,-27990.4586,36,135248.2174,5,60018.2291704053,3197.835795650841,-0.002931,25.7551,-1.2482,0.350579,1.4311,1.3463,-0.032422,0.002362,0.2014,1.0089,-0.085617,-0.028008,-1.677714097475958,0.782889,-0.04856600000000011,-0.10178300000000007,0.01515925446256462,0.008061107756410354,-0.0011286680801518697,0.01429610479701476,0.023202072981398095,40.40107049800199,0.016344287733265794,-0.0033203758120293994,0.006956025768843994,0.017715520220518637,0.018731080656969296,46.0785058604914,0.053281075430790595,0.05351413746592555,0.8822485664079412,0,0.032422,1,0.350579,0,0,0,0,0.04897594976770914,1,0.07300007985343165,1,0.07744232577163519,1
2024-07-15 00:00:00+00:00,16,2.333,0.3625,1.0,73,499793.9126,-52520.4473,0.6375,51,318621.9504,3860.846711,126815.0612,54356.9009,-72458.1603,73,499793.9126,6,62819.482024592064,3358.3514608134305,0.00108,598.0026,0.1006,0.350325,3.1211,2.6754,-0.051567,-0.000233,0.0165,1.0951,-0.145076,-0.048848,0.11692703097803714,0.891323,0.10843400000000003,-0.005245999999999973,0.015592712981694793,-0.006547146180555728,-0.012260598537976342,0.017660185263004613,0.0248368266843581,44.95613434674803,0.027385288851859854,-0.008278836015607586,-0.02163644514277366,0.018261851703257254,0.020754872824568903,49.35819938215744,0.05346034944221174,0.05359643772415158,0.8777881803719709,1,0.051567,0,0.350325,0,0,1,0,0.024024130085722524,1,0.028466376003926094,1,0.020898392155225216,1
2024-07-16 00:00:00+00:00,23,1.483,0.6374,1.0,73,455731.939,-53812.7834,0.3626,38,165244.7085,4948.818002,173498.1192,116989.1113,-56509.0079,73,455731.939,12,64169.4270022932,3440.009892117121,-0.00085,-7.1989,0.1197,0.426481,1.9091,4.3267,-0.017529,0.0028,0.1299,1.905,-0.035238,-0.014533,0.12917982745980047,0.882963,-0.008359999999999923,0.051508,0.04897594976770914,0.01515925446256462,0.030150723500658894,0.017068617756095254,0.025176658160100802,50.26923539362119,0.04561691310132231,0.016344287733265794,0.020708157352652055,0.0182872325008743,0.021159489003004718,54.15523760094099,0.05360823764242412,0.05362818942828739,0.9079389686795081,0,0.017529,1,0.426481,0,0,0,0,0.004442245918203569,1,-0.003125737930497267,0,0.0018449925593077773,1
2024-07-17 00:00:00+00:00,16,1.8992,0.3705,1.0,73,411956.6046,-56981.357,0.6295,50,259315.5745,4985.067613,99991.2961,52649.7341,-47341.562,73,411956.6046,7,65045.360538812645,3455.3252541356355,-0.000481,129.89,0.436,0.31268,1.4427,3.9117,-0.017091,-0.018496,0.1834,2.9297,-0.04553,-0.013411,0.16500010933168818,0.851774,-0.031189000000000022,0.06888500000000009,0.024024130085722524,0.015592712981694793,0.010862951037774331,0.01759215664912552,0.02516789314022914,55.97902383761774,0.02126163366565114,0.027385288851859854,0.012965389145238907,0.018272228129755607,0.021321591165079267,61.76883039126151,0.053121778794259104,0.053606464554516293,0.9121082926521054,0,0.017091,1,0.31268,0,0,0,0,-0.007567983848700836,0,-0.00259725335889575,0,0.013543423831635037,1
2024-07-18 00:00:00+00:00,15,1.8218,0.4043,1.0,62,317856.9127,-55481.6084,0.5957,40,189335.8858,3532.808648,82975.5638,45545.4631,-37430.1007,62,317856.9127,7,64334.81590328813,3429.274110077539,0.000795,63.3142,0.5911,0.332505,0.4007,4.8301,-0.003059,0.033835,-0.0829,2.3056,-0.001201,-0.000379,-0.3779873889045862,0.851294,-0.00048000000000003595,-0.04002899999999998,0.004442245918203569,0.04897594976770914,0.008061107756410354,0.019596762151351536,0.02449592422758902,63.960961956856856,0.013557998599694004,0.04561691310132231,-0.0033203758120293994,0.019794582910631763,0.021256163346335632,67.69516055579405,0.053303550525933344,0.053523592912681425,0.9094071268507983,0,0.003059,1,0.332505,0,0,0,0,0.004970730489805086,1,0.021111407680335915,1,0.02097744425090408,1
2024-07-19 00:00:00+00:00,19,1.7671,0.4012,1.0,68,374826.279,-44290.9167,0.5988,41,224460.4819,3488.837514,96024.5802,54341.2169,-41683.3634,68,374826.279,8,65023.95151050878,3446.36254326704,-0.000185,-385.0968,-0.3209,0.332373,-3.2488,3.4753,-0.046088,-0.008314,-0.126,1.4969,-0.135282,-0.042827,-0.07470403222440981,0.868916,0.017622000000000027,-0.014047000000000032,-0.007567983848700836,0.024024130085722524,-0.006547146180555728,0.01806235564126561,0.023814100203217118,86.78506820007738,-0.010983935851650594,0.02126163366565114,-0.008278836015607586,0.017210662853502024,0.021352356326189398,81.76007729916043,0.0530014319832602,0.05338421996318978,0.9129915772306071,1,0.046088,0,0.332373,0,0,0,1,0.01614067719053083,1,0.016006713761099037,1,0.012343325647715208,1
2024-07-20 00:00:00+00:00,7,0.8219,0.3169,1.0,43,195643.6834,-39621.5242,0.6831,32,133643.6863,2959.60016,27969.0069,34030.9901,6061.9832,43,195643.6834,4,66777.0734557747,3502.440519359858,0.001065,-349.3783,-1.1306,0.288693,-3.2912,1.7648,0.008456,0.029815,-0.1349,0.6616,0.050054,0.013464,-1.3755788528429038,0.819379,-0.04953700000000005,-0.03239500000000006,0.004970730489805086,0.004442245918203569,0.01515925446256462,0.018066833876067907,0.02400972292405394,86.64088500236753,0.010654741698780928,0.013557998599694004,0.016344287733265794,0.017511111187810267,0.021900765653475554,82.04456552113332,0.052449745670263066,0.05317516706987745,0.9401184477890171,0,-0.0,1,0.288693,0,0,0,0,-0.0001339634294317917,0,-0.00379735154281558,0,-0.00841383936571545,0
2024-07-21 00:00:00+00:00,18,1.4584,0.617,1.0,42,152820.2715,-38134.3838,0.383,14,58537.1485,3884.53189,55931.7994,38351.3237,-17580.4757,42,152820.2715,10,67154.3506833694,3501.9713518428503,0.000917,231.3264,-0.572,0.365055,-0.1652,0.1685,-0.011837,-0.029136,0.151,1.5405,-0.0215,-0.00744,-1.394880151682465,0.828272,0.00889300000000004,-0.023021999999999987,0.01614067719053083,-0.007567983848700836,0.015592712981694793,0.01896887098914742,0.023873737961725396,87.06151078682261,0.026604123093218794,-0.010983935851650594,0.027385288851859854,0.017736030492457387,0.021658461408470907,81.94765137910622,0.052148093402831525,0.05301331249445473,0.9377992557448881,0,0.011837,1,0.365055,0,0,1,0,-0.003663388113383788,0,-0.008279875936283617,0,-0.02151262444829591,0
2024-07-22 00:00:00+00:00,8,10.527,0.082,1.0,67,1249524.1548,-39883.1732,0.918,58,1147043.447,34125.903934,93590.1967,8890.5112,-84699.6855,67,1249524.1548,1,67571.55738680602,3489.1657419001003,-0.001875,4.2926,-0.5462,0.14998,2.8638,-0.0888,-0.048754,0.003854,0.0104,1.5651,-0.33055,-0.047112,-0.0976737494456084,0.937783,0.10951100000000002,0.06886700000000001,-0.0001339634294317917,0.004970730489805086,0.04897594976770914,0.01113729464191468,0.023882616500935927,90.87461801500089,0.005633901497636176,0.010654741698780928,0.04561691310132231,0.012167360837177005,0.021675292281688914,90.16023455016985,0.05163660387353145,0.05275277741321468,0.9371678137790534,1,0.048754,0,0.14998,0,0,0,1,-0.004616487822899829,0,-0.017849236334912078,0,-0.09559395341474601,0
2024-07-23 00:00:00+00:00,26,1.8595,0.5319,1.0,76,571788.7438,-44869.9908,0.4681,36,267650.0717,4077.026702,197777.7017,106360.9704,-91416.7313,76,571788.7438,14,66646.77607299808,3473.095174072146,0.000629,-99.6918,-0.765,0.423239,-1.1701,-3.168,-0.054926,-0.012603,-0.1234,0.8331,-0.111096,-0.045065,0.37801945478059185,0.911273,-0.026510000000000034,0.09189400000000003,-0.003663388113383788,0.01614067719053083,0.024024130085722524,0.007998951037242744,0.023888414384636576,86.80654820346072,0.006193434403746271,0.026604123093218794,0.02126163366565114,0.01402846665907163,0.021854453862147308,83.66277169100576,0.052111975683085884,0.05253902570473779,0.9349773446061188,0,0.054926,0,0.423239,0,0,0,0,-0.01323274851201225,0,-0.09097746559184615,0,-0.06681263309184671,0
2024-07-24 00:00:00+00:00,4,2.2959,0.0592,1.0,72,1132965.3809,-41872.5819,0.9408,66,1065924.7446,11279.988354,46700.168,20340.4683,-26359.6996,72,1132965.3809,2,66065.09466243735,3427.4393214974475,0.000339,-49.9042,-0.8651,0.20274,-0.9017,-5.5124,-0.047697,-0.002964,0.018,0.9255,-0.235015,-0.046083,0.17551329744973895,0.949708,0.038435,0.12143599999999999,-0.004616487822899829,-0.0001339634294317917,0.004442245918203569,0.009512971599317613,0.02267334625742705,79.34383216420339,-0.013780471336428944,0.005633901497636176,0.013557998599694004,0.014400389919631319,0.020290988593128795,79.33449649780447,0.05187973072634054,0.05236159026646371,0.9310538414979755,1,0.047697,0,0.20274,0,0,0,1,-0.0777447170798339,0,-0.053579884579834425,0,-0.046979643308727254,0
2024-07-25 00:00:00+00:00,21,3.341,0.2798,1.0,83,1215995.0785,-62736.3939,0.7202,53,875765.2019,11076.69772,261853.3308,78376.5458,-183476.785,83,1215995.0785,9,64605.32427053972,3171.0688629215515,-0.000927,10.5508,-0.8282,0.281025,0.2522,-5.661,-0.032687,0.018273,0.0514,1.2,-0.119291,-0.032364,0.7439538316821445,0.934762,-0.014946000000000015,-0.0030210000000000514,-0.01323274851201225,-0.003663388113383788,-0.007567983848700836,0.03072440628010387,0.026719658730583504,53.25339266113272,-0.008766135723675683,0.006193434403746271,-0.010983935851650594,0.01660760521960308,0.020765377041488668,72.97740974096612,0.04908370786349526,0.05175875560040113,0.9232852447689157,0,0.032687,1,0.281025,0,0,0,0,0.02416483249999947,1,0.030765073771106686,1,0.02517752618337385,1
2024-07-26 00:00:00+00:00,13,2.5801,0.1777,1.0,76,1116107.071,-69289.8449,0.8223,58,917723.2047,13229.963505,142970.6935,55413.1728,-87557.5206,76,1116107.071,5,67286.26921180642,3248.63056942348,0.000879,-192.891,-1.2698,0.242811,-1.7978,-4.21,-0.026954,-0.005067,-0.124,0.461,-0.109807,-0.025831,0.3706740960130004,0.940435,0.005673000000000039,0.02916200000000002,-0.0777447170798339,-0.004616487822899829,0.004970730489805086,0.03316580705714559,0.027144633743148922,58.929707540131844,-0.02234371229245384,-0.013780471336428944,0.010654741698780928,0.022472036347343054,0.021947224332971565,79.28941161299979,0.04828073554200651,0.05108437039450775,0.8868571257095381,1,0.026954,1,0.242811,0,0,0,1,0.006600241271107216,1,0.0010126936833744216,1,0.026863368214230382,1
2024-07-27 00:00:00+00:00,20,2.1414,0.5689,1.0,55,238629.3587,-77201.9913,0.4311,27,102881.3468,4966.426442,92535.5267,43212.4852,-49323.0415,55,238629.3587,8,68302.13537784493,3270.143231265023,0.000356,150.2708,-0.9008,0.432763,0.1061,-0.8127,-0.028866,-0.02003,0.0804,0.913,-0.05912,-0.024665,-0.7166404665427857,0.859238,-0.08119700000000007,-0.09047000000000005,0.02416483249999947,-0.01323274851201225,0.01614067719053083,0.03216832052017728,0.02713127401968698,57.53406675759191,0.040659365795424965,-0.008766135723675683,0.026604123093218794,0.02098003967339975,0.022018595433539127,79.1845225904124,0.04787761338902085,0.05043120864004458,0.8832722674877231,0,0.028866,1,0.432763,0,0,0,0,-0.005587547587732795,0,0.020263126943123207,1,0.012923353399152245,1
2024-07-28 00:00:00+00:00,9,0.6015,0.4727,1.0,40,118092.4308,-72705.9891,0.5273,25,62270.6812,2191.384259,20965.1049,34856.6447,13891.5397,40,118092.4308,6,67808.9076613231,3251.9221034573125,0.000451,-246.6521,-1.4473,0.295351,-0.9866,-1.634,-0.004921,0.015675,-0.1998,-0.271,0.002049,0.000555,-1.4576651713037552,0.775508,-0.08372999999999997,-0.159254,0.006600241271107216,-0.0777447170798339,-0.0001339634294317917,0.031960464882782084,0.027127638402467208,53.46720788475328,0.01498483853463571,-0.02234371229245384,0.005633901497636176,0.02129616842304047,0.022088746952299235,74.57728553631398,0.04795715217386028,0.049832502750191535,0.8897675935206352,0,0.004921,1,0.295351,0,0,0,0,0.025850674530856002,1,0.01851090098688508,1,0.012739306901307432,1
2024-07-29 00:00:00+00:00,13,4.0721,0.1746,1.0,80,1121688.1945,-77549.8634,0.8254,63,925866.4733,9561.827757,157214.2633,38607.458,-118606.8053,80,1121688.1945,4,68604.58964442728,3337.0824674119663,-0.000722,95.6571,-1.2019,0.25143,1.1462,-3.3516,-0.056528,0.019157,0.1606,0.661,-0.225956,-0.054803,0.6097332873073331,0.928911,0.15340300000000007,-0.011523999999999979,-0.005587547587732795,0.02416483249999947,-0.003663388113383788,0.03484228640068712,0.02752485725798004,48.547751881796216,-0.007247463018947322,0.040659365795424965,0.006193434403746271,0.02160034781035028,0.02207835865223761,70.55033184131032,0.048642262634436384,0.0494047397160351,0.8909667989253319,1,0.056528,0,0.25143,0,0,0,1,-0.007339773543970922,0,-0.013111367629548528,0,-0.05143834776188844,0
2024-07-30 00:00:00+00:00,12,1.6883,0.1403,1.0,86,1113938.4684,-70205.3421,0.8597,68,957684.8919,17065.229026,98129.3292,58124.2473,-40005.082,86,1113938.4684,6,66384.82845760796,3312.6787064004097,-0.0003,471.5641,-0.0812,0.222069,4.778,2.5965,-0.020297,0.029176,0.1362,1.4325,-0.079657,-0.016802,0.9429485264953984,0.917984,-0.01092700000000002,0.058746000000000076,0.025850674530856002,0.006600241271107216,-0.004616487822899829,0.03483469195742502,0.02755065120688034,40.666645146326395,0.011665869179543958,0.01498483853463571,-0.013780471336428944,0.02490659076716628,0.023052435789351445,57.51031713757881,0.04990114132050248,0.049088906235666044,0.8858044560430762,0,0.020297,1,0.222069,0,0,0,0,-0.005771594085577606,0,-0.04409857421791747,0,-0.0650095991711439,0
2024-07-31 00:00:00+00:00,18,3.8047,0.2756,1.0,75,660516.4785,-81619.0587,0.7244,53,478490.5687,3272.756599,144140.8129,37885.0969,-106255.716,75,660516.4785,4,65971.89789321063,3293.6143383895,-0.000511,40.678,0.0176,0.336373,-0.6823,2.8158,-0.065196,-0.043301,-0.0156,1.3101,-0.192666,-0.062517,0.3656331021104607,0.902214,-0.015770000000000062,0.12670599999999999,-0.007339773543970922,-0.005587547587732795,-0.01323274851201225,0.03471742205199877,0.027163061530584568,38.216691430018464,-0.03289089364053288,-0.007247463018947322,-0.008766135723675683,0.02478591311742788,0.022642231586724012,53.23440934802907,0.049924504881167835,0.04880958825778423,0.8601515344215053,0,0.065196,0,0.336373,0,0,0,0,-0.038326980132339865,0,-0.05923800508556626,0,-0.10866578231305957,0
2024-08-01 00:00:00+00:00,19,2.3337,0.3117,1.0,81,731690.7126,-68441.7385,0.6883,55,503644.5349,5069.072198,159640.8606,68405.3171,-91235.5435,81,731690.7126,7,64144.738560299294,3169.768525072596,-0.00041,75.7946,0.1946,0.33078,1.0547,3.6184,-0.020914,0.002891,0.1602,2.1666,-0.059415,-0.018867,0.6730550371292706,0.894636,-0.007577999999999974,-0.034275000000000055,-0.005771594085577606,0.025850674530856002,-0.0777447170798339,0.021920680208618492,0.027932947437771374,33.196254118315835,-0.006239681435490632,0.011665869179543958,-0.02234371229245384,0.02571849882798108,0.023202347979035715,49.37245839159299,0.049415877221057704,0.04885704102315029,0.8553590724050916,0,0.020914,1,0.33078,0,0,0,0,-0.020911024953226397,0,-0.07033880218071967,0,-0.10637984528608263,0
2024-08-02 00:00:00+00:00,16,1.7076,0.2538,1.0,75,797425.6616,-63488.4684,0.7462,50,595062.6387,12769.059809,127623.8266,74739.1964,-52884.6302,75,797425.6616,9,63807.83400122376,3104.1736347539736,0.000176,-358.1826,-0.6482,0.287623,-4.2758,1.1403,-0.018969,0.011145,-0.0893,1.6181,-0.065193,-0.018121,0.3484322993069626,0.910347,0.01571100000000003,-0.007637000000000005,-0.038326980132339865,-0.007339773543970922,0.02416483249999947,0.020169635200441894,0.02763037783037268,29.09271915175745,-0.028086791923708894,-0.03289089364053288,0.040659365795424965,0.018018538570202008,0.022435904364289185,45.90217756422885,0.04864878558163312,0.04890961960023981,0.86309559272663,1,0.018969,1,0.287623,0,0,0,1,-0.04942777722749326,0,-0.08546882033285619,0,-0.266802125259361,0
2024-08-03 00:00:00+00:00,18,1.5091,0.5655,1.0,64,270158.9993,-60870.5456,0.4345,38,117394.71,4358.662834,91880.9358,60883.3536,-30997.5822,64,270158.9993,8,61268.71193314903,2954.4714323594376,0.001659,-276.0372,-1.2785,0.400927,-1.762,-0.7278,-0.005467,-0.022593,-0.4061,-0.745,-0.010573,-0.004088,-0.23773977808361094,0.869046,-0.04130100000000003,-0.033167999999999975,-0.020911024953226397,-0.005771594085577606,0.006600241271107216,0.024711125945424073,0.02778402503426726,19.979319697338397,-0.005266097131316606,-0.006239681435490632,0.01498483853463571,0.018653803074320786,0.022625643425874295,32.38487660185626,0.04822153655822068,0.04895875148155406,0.8570767875519694,0,0.005467,1,0.400927,0,0,0,0,-0.036041043105362935,0,-0.21737434803186764,0,-0.16819830671898078,0
2024-08-04 00:00:00+00:00,27,2.4389,0.5149,1.0,71,317955.7626,-72641.4343,0.4851,34,154232.6915,4581.763238,116113.8762,47609.1949,-68504.6813,71,317955.7626,10,60005.84604971494,2849.885219058992,0.001009,296.5551,-0.5793,0.412294,0.1143,0.3731,-0.046735,0.012643,0.0029,-0.736,-0.114513,-0.045212,0.13116677411509614,0.86598,-0.003066000000000013,-0.028656000000000015,-0.04942777722749326,-0.038326980132339865,-0.005587547587732795,0.025546732590034486,0.025397997432180377,17.732383938863876,-0.040606669082208564,-0.028086791923708894,-0.007247463018947322,0.01835325218352872,0.02127689884506438,28.31864138688441,0.04749345949889378,0.04889250967084457,0.858853729314383,0,0.046735,0,0.412294,0,0,0,0,-0.1813333049265047,0,-0.1321572636136178,0,-0.15363661453916203,0
2024-08-05 00:00:00+00:00,58,1.9026,0.4859,1.0,202,2058931.432,-100141.4197,0.5141,117,1058477.8528,12541.394644,655780.1409,344673.4383,-311106.7026,202,2058931.432,27,53549.309205905454,2377.2525129714527,-0.002196,4717.5727,6.9458,0.441413,25.4886,24.7155,-0.005878,0.047091,0.4955,2.0998,-0.021462,-0.008799,5.610816472306046,0.837741,-0.028239000000000014,-0.07260600000000006,-0.036041043105362935,-0.020911024953226397,0.025850674530856002,0.06080745392345619,0.041285053710690446,11.39267348040805,-0.020827312080678614,-0.005266097131316606,0.011665869179543958,0.036991708235117014,0.029722079775577556,18.330410525829137,0.04439371017524326,0.04828557360524555,0.8386812057889472,0,0.005878,1,0.441413,1,0,0,0,0.0491760413128869,1,0.027696690387342734,1,0.044745007969827694,1
2024-08-06 00:00:00+00:00,22,1.4574,0.419,1.0,97,1135533.5021,-107078.6071,0.581,66,659723.7679,9774.272187,282187.5642,193622.17,-88565.3942,97,1135533.5021,9,55915.82761766433,2497.078518260588,-0.000516,-4801.6374,-0.5982,0.342054,-23.5624,-3.6249,-0.01944,-0.036099,-0.2375,0.7161,-0.061148,-0.019963,1.1338028585294047,0.908349,0.070608,0.03930299999999998,-0.1813333049265047,-0.04942777722749326,-0.007339773543970922,0.07020185785818508,0.04257062014070295,19.536503723234077,-0.11383909481015594,-0.040606669082208564,-0.03289089364053288,0.04753938946809753,0.030821339668352293,27.87079270359635,0.044657812012277864,0.04753652656121347,0.9211829606359611,1,0.01944,1,0.342054,0,0,0,1,-0.021479350925544167,0,-0.004431033343059176,0,0.05346032506431751,1
2024-08-07 00:00:00+00:00,28,1.7775,0.4514,1.0,107,921002.0677,-108523.3397,0.5486,63,505278.4389,9832.460658,266046.2364,149677.3924,-116368.844,107,921002.0677,16,56372.99583208986,2444.014819499557,0.000375,60.7862,-0.5024,0.314653,-0.4031,-3.3457,-0.043697,-0.023992,0.0186,0.8046,-0.13961,-0.042165,1.5153959550127734,0.906759,-0.0015899999999999803,0.04077900000000001,0.0491760413128869,-0.036041043105362935,-0.005771594085577606,0.06915460858072024,0.042648993595869336,19.243446258147216,0.043244584896354424,-0.020827312080678614,-0.006239681435490632,0.04875622859609006,0.03060886616815728,29.970680415695128,0.04335435403822058,0.04659793358364957,0.9262940004112235,0,0.043697,0,0.314653,1,0,0,0,0.01704831758248499,1,0.0749396759898617,1,0.06671171651579974,1
2024-08-08 00:00:00+00:00,14,2.7353,0.2075,1.0,83,684871.4267,-104919.9957,0.7925,63,542778.3555,5616.661928,104052.6034,38040.4679,-66012.1355,83,684871.4267,6,58094.341233258594,2486.038357809064,-0.000366,135.983,-0.2878,0.293583,1.5114,-2.889,-0.029831,0.004719,0.2218,2.0223,-0.097479,-0.027096,0.512782207142691,0.885189,-0.021569999999999978,0.047448000000000046,-0.021479350925544167,-0.1813333049265047,-0.038326980132339865,0.07279884539232497,0.04232640230240754,25.117671182502505,0.008142764816796867,-0.11383909481015594,-0.028086791923708894,0.05245411360964457,0.030873013356970368,36.84571893064745,0.04279312416724376,0.04565182600453329,0.9242940351396031,0,0.029831,1,0.293583,0,0,0,0,0.05789135840737671,1,0.04966339893331477,1,0.0566076832468857,1
2024-08-09 00:00:00+00:00,13,1.0338,0.405,1.0,66,538420.568,-97882.0603,0.595,41,320359.8696,4554.640255,110839.8904,107220.808,-3619.0824,66,538420.568,12,60751.62699338791,2634.2059278076244,-9.7e-05,-247.5588,-0.6731,0.353734,-1.2817,0.1051,-0.005388,-0.014736,-0.1479,1.1526,-0.008922,-0.00305,-0.2066680032849899,0.903389,0.018199999999999994,-0.0049599999999999644,0.01704831758248499,0.0491760413128869,-0.020911024953226397,0.08092740869067525,0.04385244444833009,29.94856849812301,0.03007801555593126,0.043244584896354424,-0.005266097131316606,0.05706623741151386,0.03184731896317248,37.47536933251293,0.043360253184566176,0.044896321376380874,0.9221814701648123,1,0.005388,1,0.353734,0,0,1,0,-0.008227959474061942,0,-0.0012836751604909926,0,-0.0055474436330951605,0
2024-08-10 00:00:00+00:00,16,2.7292,0.6404,1.0,42,177478.2817,-100982.4195,0.3596,19,63825.1018,3072.844862,83176.6381,30476.5418,-52700.0962,42,177478.2817,7,60746.35389815439,2612.6207111066487,0.002112,-248.7966,-1.0537,0.405602,-2.4075,-0.5403,-0.068566,-0.015354,-0.3666,-0.9479,-0.167508,-0.064937,-1.2144458637572255,0.832416,-0.07097299999999995,-0.07434299999999994,0.05789135840737671,-0.021479350925544167,-0.04942777722749326,0.08021848778272053,0.04378096998424444,28.597014863519377,0.04472560154965164,0.008142764816796867,-0.040606669082208564,0.05511218260041079,0.031835996492924436,35.082749278461336,0.04300868354151583,0.04415162808828018,0.9270524756405196,0,0.068566,0,0.405602,0,0,0,0,0.00694428431357095,1,0.0026805158409668097,1,0.024486075673857764,1
2024-08-11 00:00:00+00:00,20,1.8282,0.7964,1.0,41,183711.778,-97316.6371,0.2036,11,37406.8568,3307.414238,94574.563,51730.3582,-42844.2048,41,183711.778,10,60440.42543582601,2630.826632513234,0.000238,27.4647,-0.9925,0.464884,0.219,-0.4356,-0.035151,0.012261,0.2195,0.298,-0.070166,-0.031457,-1.2296904943811502,0.852918,0.02050199999999991,-0.03227100000000005,-0.008227959474061942,0.01704831758248499,-0.036041043105362935,0.08021382600126425,0.04384366416714507,29.844005852153145,-8.68013640742587e-05,0.03007801555593126,-0.020827312080678614,0.054495969943111885,0.031806941155855875,35.28014483465468,0.043527599508818376,0.04358507666112655,0.9306452217713072,0,0.035151,0,0.464884,0,0,0,1,-0.00426376847260414,0,0.01754179136028684,1,0.025268776129704615,1
2024-08-12 00:00:00+00:00,21,2.0551,0.4538,1.0,76,609952.6834,-66528.9228,0.5462,48,333158.0613,5692.122322,186193.6621,90600.9599,-95592.7022,76,609952.6834,7,59008.30150590142,2619.633276756994,-0.001468,299.9993,-0.5208,0.421228,2.9231,-23.0011,-0.038295,0.006095,0.3359,2.1487,-0.087464,-0.035643,0.22406681509639087,0.89453,0.04161200000000009,-0.00885899999999995,0.00694428431357095,0.05789135840737671,-0.1813333049265047,0.02974669105483032,0.043671435341763876,25.994551745903365,-0.005048885924427063,0.04472560154965164,-0.11383909481015594,0.026127180404848783,0.03201770558983966,31.307982476812484,0.04439431757741755,0.04358516343286573,0.9278655610207343,1,0.038295,0,0.421228,0,0,1,0,0.02180555983289098,1,0.02953254460230878,1,0.0003175614263286504,1
2024-08-13 00:00:00+00:00,23,1.4002,0.504,1.0,87,355201.8076,-58140.6195,0.496,50,176180.882,3255.320095,104434.0983,74586.8274,-29847.271,87,355201.8076,14,59719.10394810304,2677.383193306078,-0.00032,-210.4901,-0.8342,0.370543,-2.1735,-1.6121,0.013038,0.005384,-0.2399,0.7792,0.045921,0.016073,0.6742759369809994,0.841268,-0.05326200000000003,0.008851999999999971,-0.00426376847260414,-0.008227959474061942,0.0491760413128869,0.02587991962715271,0.04379255345780464,29.473834571847902,-0.023980038859927586,-8.68013640742587e-05,0.043244584896354424,0.022718129301220635,0.031690895530616575,36.15496056297096,0.044832943167278115,0.04361018216929434,0.9165200089234665,0,-0.0,1,0.370543,0,0,0,0,0.007726984769417799,1,-0.021487998406562302,0,-0.029467202499483692,0
2024-08-14 00:00:00+00:00,11,1.4666,0.28,1.0,68,505469.9454,-45341.2439,0.72,50,363948.7561,4136.548302,84147.2022,57373.987,-26773.2152,68,505469.9454,7,60144.105569724845,2698.1514270427824,4.4e-05,85.2163,-0.6972,0.302722,0.6615,-0.5475,-0.054388,-0.065795,-0.4753,-1.8813,-0.179816,-0.052568,-0.10751256028581485,0.905841,0.06457299999999999,0.05292300000000005,0.02180555983289098,0.00694428431357095,-0.021479350925544167,0.022035310447711468,0.04264193697712456,30.847365988042668,0.011973830842692183,-0.005048885924427063,0.008142764816796867,0.022731301864941454,0.030531020422754396,37.92612104428886,0.0448614440514844,0.04382548074261774,0.9169672183583808,1,0.054388,0,0.302722,0,0,1,0,-0.029214983175980102,0,-0.03719418726890146,0,-0.03481628959302613,0
2024-08-15 00:00:00+00:00,16,1.5351,0.448,1.0,75,395175.8767,-41249.0426,0.552,50,218138.348,6984.275201,107202.1274,69835.4013,-37366.7261,75,395175.8767,9,58368.69099346603,2620.4653033396007,-0.000708,114.4553,-0.5173,0.314426,1.0136,-1.0454,-0.021907,0.006917,0.1139,-1.2306,-0.065954,-0.019702,0.1846345549025902,0.859009,-0.046831999999999985,-0.035521000000000025,0.007726984769417799,-0.00426376847260414,0.01704831758248499,0.02731922280755327,0.042400678352399974,31.396898017768876,0.007091473762558469,-0.023980038859927586,0.03007801555593126,0.024796642794567864,0.030649199445277116,37.74115713089733,0.04489505004717244,0.04412575586832184,0.912135753845745,0,0.021907,1,0.314426,0,0,0,0,-0.007979204092921362,0,-0.005601306417045999,0,0.007122205312351434,1
2024-08-16 00:00:00+00:00,17,2.7744,0.5366,1.0,58,368130.139,-53997.7192,0.4634,35,170602.7357,8057.042902,145193.6111,52333.7922,-92859.8188,58,368130.139,6,58458.84572163785,2599.639273930713,0.001846,-261.4806,-0.914,0.449546,-2.1862,-1.95,-0.028397,0.053618,0.2003,-0.1378,-0.058994,-0.025686,-0.5308920359723831,0.873204,0.014194999999999958,0.031935999999999964,-0.029214983175980102,0.02180555983289098,0.05789135840737671,0.01613251420686534,0.0423247525171427,32.21128166346226,-0.029963809154442564,0.011973830842692183,0.04472560154965164,0.015721456142228304,0.030501379418663214,38.51470038308149,0.044469562165311234,0.044284228579856845,0.9090844451898955,0,0.028397,1,0.449546,0,0,0,1,0.002377897675875363,1,0.015101409405272824,1,0.00357685968074648,1
2024-08-17 00:00:00+00:00,12,3.352,0.6474,0.9662,35,114161.6715,-52375.4513,0.3526,24,41658.6566,3135.530769,58922.2925,17578.0714,-41344.2211,39,118159.0205,3,59299.71484287202,2605.8283056441005,0.0013,-61.3126,-1.0008,0.447566,-0.8176,-0.3601,-0.059912,-0.007644,-0.0576,-0.4727,-0.127971,-0.054271,-1.32071073943948,0.787197,-0.08600699999999994,-0.11864399999999997,-0.007979204092921362,0.007726984769417799,-0.008227959474061942,0.01593455763522678,0.042379202603550735,36.09453222076894,0.0015433817848541699,0.007091473762558469,-8.68013640742587e-05,0.017394334555771537,0.0306377903035336,45.39708075446048,0.04394335305909701,0.04441775279665416,0.9090994546508523,0,0.059912,0,0.447566,0,0,0,0,0.01272351172939746,1,0.0011989620048711448,1,0.00921884603991283,1
2024-08-18 00:00:00+00:00,9,2.0521,0.4242,1.0,34,113963.6883,-48635.3705,0.5758,21,65624.2594,2965.129599,32501.5339,15837.895,-16663.639,34,113963.6883,4,59706.265835638485,2639.1954159226066,-0.000529,16.3724,-0.9545,0.380322,0.1498,-0.4293,-0.054835,0.004091,0.0503,-0.1865,-0.138111,-0.049473,-1.4941132835101476,0.794317,0.007120000000000015,-0.06469199999999997,0.002377897675875363,-0.029214983175980102,0.00694428431357095,0.01651591428419307,0.04249178833914231,41.03153233592859,0.014281482538149771,-0.029963809154442564,-0.005048885924427063,0.01778680393883405,0.030588175011909767,49.265764475217416,0.04420298906630465,0.0445142370191522,0.9096650041624047,0,0.054835,0,0.380322,0,0,1,0,-0.011524549724526316,0,-0.0035046656894846036,0,-0.014746038552887761,0
2024-08-19 00:00:00+00:00,28,1.2834,0.4218,1.0,87,512254.332,-38809.6685,0.5782,51,296193.48,7670.544147,121436.8201,94624.0319,-26812.7882,87,512254.332,8,58633.60795621122,2608.954468474522,-0.001394,39.2037,-0.8744,0.36194,0.7122,-2.6403,-0.013642,0.015625,0.2268,1.0803,-0.029042,-0.01003,0.7878355247754677,0.866286,0.07196899999999995,-0.00691799999999998,0.01272351172939746,-0.007979204092921362,-0.00426376847260414,0.017079936727117762,0.0422291108281851,67.99728700416938,0.006832472990377195,0.0015433817848541699,-0.023980038859927586,0.01667022266953245,0.0301908848485556,68.50203634769578,0.04449588826979473,0.04452874711806322,0.9092843991107487,0,0.013642,1,0.36194,0,0,1,0,0.008019884035041712,1,-0.0032214888283614174,0,0.00502148897554904,1
2024-08-20 00:00:00+00:00,25,2.4619,0.4196,1.0,82,355831.1663,-43553.7606,0.5804,49,206506.93,3361.716621,106190.0761,43134.1602,-63055.9159,82,355831.1663,8,60122.42486134975,2629.962107580864,0.000139,2.5847,-0.8521,0.351452,-0.2464,-0.7132,-0.061495,0.005083,0.0129,1.1292,-0.174366,-0.058053,0.5785435705688383,0.850027,-0.016259000000000023,0.06282999999999994,-0.011524549724526316,0.002377897675875363,0.02180555983289098,0.014696616778124678,0.04231972457328137,61.93402158708472,-0.018128923464527522,0.014281482538149771,0.011973830842692183,0.01893884074406667,0.030617867547387406,65.98031909329174,0.04374344703570929,0.044373104813553395,0.9070116681548027,0,0.061495,0,0.351452,0,0,0,0,-0.01124137286340313,0,-0.0029983950594926444,0,0.02001768293005954,1
2024-08-21 00:00:00+00:00,24,2.6766,0.4117,1.0,66,439314.2287,-51512.6403,0.5883,35,258432.304,4455.17523,131683.6489,49198.2758,-82485.3731,66,439314.2287,7,59823.397512250645,2600.563274127028,0.000775,92.1114,-0.6943,0.378838,0.0883,-1.2864,-0.053196,-0.006675,-0.1328,0.3736,-0.135985,-0.049618,-0.11227409478551142,0.88369,0.033663,0.08937299999999992,0.008019884035041712,0.01272351172939746,0.007726984769417799,0.014226478475455379,0.04230601992556055,64.99735925855121,0.02507485096241641,0.006832472990377195,0.007091473762558469,0.018837189762366032,0.030561446579463688,63.27251155418258,0.04347067171493368,0.04417442305118901,0.9036987848924869,1,0.053196,0,0.378838,0,0,1,0,0.008242977803910485,1,0.0312590557934627,1,0.062064931850422764,1
2024-08-22 00:00:00+00:00,21,2.0243,0.4319,1.0,70,513779.456,-56911.932,0.5681,42,291864.8038,7243.662395,148538.21,73376.4422,-75161.7678,70,513779.456,7,60725.84290838472,2622.0882525539205,0.000162,-125.9849,-0.872,0.362078,-0.3929,-2.6928,-0.091823,0.000976,-0.0311,0.1956,-0.258678,-0.090068,0.0793604916556406,0.883949,0.0002590000000000092,0.017662999999999984,-0.01124137286340313,-0.011524549724526316,-0.029214983175980102,0.010186625352262686,0.04242530650252502,63.442189911926185,-0.0049860505799008935,-0.018128923464527522,-0.029963809154442564,0.01435015441859056,0.03069664191132694,60.61408499229432,0.04317911661612976,0.043929289703897194,0.904093937895783,1,0.091823,0,0.362078,0,0,0,1,0.023016077989552214,1,0.0538219540465123,1,0.05277241209320936,1
2024-08-23 00:00:00+00:00,20,8.2478,0.7383,1.0,68,772740.6814,-107525.1156,0.2617,40,202199.1909,26440.879048,508846.7975,61694.693,-447152.1045,68,772740.6814,8,61703.073676125954,2683.138311701207,-0.000314,44.3904,-0.7964,0.672956,0.2818,-0.2248,-0.077708,0.011018,0.0016,0.1902,-0.114121,-0.075615,-0.01639455497843747,0.917603,0.03365399999999996,0.06757599999999997,0.008242977803910485,0.008019884035041712,-0.007979204092921362,0.012556201767905104,0.04282577785054151,55.635126352624674,0.014972508359336922,0.02507485096241641,0.0015433817848541699,0.014692463523425913,0.030870838659082626,54.318339318938456,0.04348467834495192,0.04378859201527444,0.9076799277937587,1,0.077708,0,0.672956,0,0,1,0,0.03080587605696009,1,0.029756334103657175,1,0.015273174261036842,1
2024-08-24 00:00:00+00:00,19,1.9255,0.6906,1.0,50,240718.4508,-109131.6297,0.3094,19,74485.0438,4234.722058,109411.6134,56821.7936,-52589.8198,50,240718.4508,12,64115.21381680158,2767.0810646145183,0.000501,-67.6915,-0.8881,0.467147,-0.8341,-0.2412,-0.051713,-0.010891,-0.1919,-0.892,-0.113801,-0.051704,-0.8446445942247117,0.869414,-0.048188999999999926,-0.014275999999999955,0.023016077989552214,-0.01124137286340313,0.002377897675875363,0.015901077610841995,0.041302539312949645,65.45003009650532,0.015964390600078444,-0.0049860505799008935,0.014281482538149771,0.018742498377782177,0.03149283912517604,62.36871722844948,0.04315794801091963,0.043676391294106234,0.9088723636406218,0,0.051713,0,0.467147,0,0,0,0,-0.0010495419533029118,0,-0.01553270179592322,0,-0.05444236435732864,0
2024-08-25 00:00:00+00:00,22,1.8966,0.8173,1.0,42,107222.8204,-110626.1901,0.1827,12,19588.8474,2341.101142,57379.7672,30254.2058,-27125.5614,42,107222.8204,8,64160.54293686932,2764.178420438882,0.001686,-22.2324,-0.9021,0.384283,-0.1266,-0.5176,-0.04949,0.01693,0.2325,0.4197,-0.131298,-0.048556,-1.1856316025014968,0.831471,-0.03794300000000006,-0.052478000000000025,0.03080587605696009,0.008242977803910485,0.01272351172939746,0.016152689107169386,0.04095329102050927,63.73541479144934,0.03834793466129416,0.014972508359336922,0.006832472990377195,0.01911716042721649,0.03053318938399718,63.96559176357629,0.043082216794185973,0.04351628096951786,0.9229063380123927,0,0.04949,0,0.384283,0,0,0,0,-0.014483159842620308,0,-0.0533928224040257,0,-0.10257829699516678,0
2024-08-26 00:00:00+00:00,18,2.6567,0.5359,1.0,60,399311.7993,-120646.9248,0.4641,33,185303.725,4612.680584,155483.0028,58525.0714,-96957.9314,60,399311.7993,9,63703.61873206187,2724.4328976774004,-0.001788,115.1612,-0.7083,0.445783,1.3276,0.0978,-0.064616,-0.003128,-0.054,0.1224,-0.144421,-0.062719,-0.3492219744458028,0.888705,0.05723400000000001,-0.02889799999999998,-0.0010495419533029118,0.023016077989552214,-0.011524549724526316,0.01673451851959755,0.04092145000139629,60.31113779529115,0.0007067449548019458,0.015964390600078444,-0.018128923464527522,0.0166944517461044,0.030386032015984818,69.4308213328308,0.042767317648568684,0.04326934230934271,0.9268084226730711,1,0.064616,0,0.445783,0,0,0,1,-0.03890966256140539,0,-0.08809513715254644,0,-0.06848978704538419,0
2024-08-27 00:00:00+00:00,31,3.3761,0.5618,1.0,79,473216.0137,-132260.0425,0.4382,39,207368.2203,4323.3445,205097.7664,60750.027,-144347.7393,79,473216.0137,9,62151.73342703856,2620.461986494445,-0.000191,-9.1441,-0.7056,0.424741,-0.3731,-0.0289,-0.045054,-0.010386,-0.0063,0.0872,-0.103355,-0.042255,0.5184801717709766,0.878104,-0.010600999999999972,0.008689999999999976,-0.014483159842620308,0.03080587605696009,0.008019884035041712,0.02379079467921183,0.041357371754840326,44.817260091992445,-0.007147055810343435,0.03834793466129416,0.02507485096241641,0.020317751700136274,0.03064856782834549,59.51979645114572,0.04216233147496472,0.04304346865780777,0.9274870839320544,0,0.045054,0,0.424741,0,0,0,0,-0.04918547459114105,0,-0.029580124483978787,0,-0.0426134518669314,0
2024-08-28 00:00:00+00:00,37,1.4915,0.4722,1.0,121,699583.8763,-129786.1484,0.5278,70,369211.1799,8498.17954,197770.4055,132602.2908,-65168.1147,121,699583.8763,14,59338.300684392925,2494.691709794993,-0.000329,-17.1057,-0.7146,0.380789,0.1026,-0.0147,-0.00263,-0.013272,0.1029,0.666,-0.00762,-0.002761,2.348423779654022,0.827923,-0.05018100000000003,-0.0035479999999999956,-0.03890966256140539,-0.0010495419533029118,-0.01124137286340313,0.030121815348701286,0.04155835456177614,34.24239076298096,-0.02466266135499688,0.0007067449548019458,-0.0049860505799008935,0.028124267934901196,0.031514433089722564,47.29077634403112,0.04204184617728939,0.04283935072385858,0.9293384124358867,0,0.00263,1,0.380789,0,1,0,0,0.019605350107162266,1,0.006572022724209679,1,0.009263683745092675,1
2024-08-29 00:00:00+00:00,16,2.2138,0.4642,1.0,69,478057.8023,-131021.8103,0.5358,44,256152.3967,6706.084066,152858.4034,69047.0022,-83811.4012,69,478057.8023,9,59683.51633661423,2544.083604819762,-0.000473,8.1729,-0.6853,0.412364,-0.0504,0.3278,-0.016829,0.012723,-0.1303,-0.07,-0.036254,-0.014458,0.03705997206774423,0.883514,0.05559100000000006,-0.005190999999999946,-0.04918547459114105,-0.014483159842620308,0.008242977803910485,0.031296570004000414,0.041900834138163506,43.81568201305953,-0.046323731070532025,-0.007147055810343435,0.014972508359336922,0.02745289512106332,0.031115941737921697,54.9552728833928,0.042626235198193835,0.042760367664153455,0.930939632534577,1,0.016829,1,0.412364,0,0,0,1,-0.013033327382952587,0,-0.010341666362069563,0,-0.026578063685400555,0
2024-08-30 00:00:00+00:00,37,3.6782,0.6296,1.0,88,466080.4574,-91141.6437,0.3704,40,172640.4888,4243.831791,230715.4536,62724.5151,-167990.9385,88,466080.4574,11,59147.96359486628,2511.1408733346807,0.00054,-29.5645,-0.7194,0.457467,-0.4506,-0.4046,-0.106499,0.005411,0.0114,-0.0006,-0.235634,-0.104159,0.8631114979778715,0.879437,-0.004076999999999997,0.0013330000000000286,0.019605350107162266,-0.03890966256140539,0.023016077989552214,0.028925962351737576,0.04190371379906413,42.908913243848446,0.005800896489650532,-0.02466266135499688,0.015964390600078444,0.0262540954327883,0.03112833861431642,52.523030797889085,0.042455238028729594,0.04261330476183597,0.9442301163633868,0,0.106499,0,0.457467,0,0,0,0,0.0026916610208830237,1,-0.013544736302447938,0,-0.0077226017309158295,0
2024-08-31 00:00:00+00:00,14,13.7476,0.7583,1.0,38,227821.2569,-104960.4167,0.2417,21,55072.7627,10670.040544,161034.8624,11713.6318,-149321.2306,38,227821.2569,3,59084.16895998355,2517.909118165428,0.001915,-74.4169,-0.8191,0.488582,-0.562,-0.1326,-0.246832,-0.005004,-0.0496,-0.2702,-0.514419,-0.242043,-1.343989896391346,0.848296,-0.031140999999999974,0.020373000000000085,-0.013033327382952587,-0.04918547459114105,0.03080587605696009,0.02392151680159594,0.04158318140478622,42.982167701015634,-0.009013711990399874,-0.046323731070532025,0.03834793466129416,0.018109782844325285,0.03078557942785885,49.168768047507406,0.04261563059083989,0.042535830844681724,0.9445988393363779,0,0.246832,0,0.488582,0,0,0,0,-0.016236397323330962,0,-0.010414262751798829,0,-0.010216813429471885,0
2024-09-01 00:00:00+00:00,14,3.1913,0.8566,1.0,45,260223.0693,-117734.957,0.1434,19,37303.4447,11575.810369,169733.4838,53186.1407,-116547.3432,45,260223.0693,12,58229.481149697385,2477.3574427071208,0.000243,-6.6691,-0.8107,0.528531,-0.0162,-0.0222,-0.158975,-0.007278,0.0971,0.2929,-0.301591,-0.154708,-1.016275033253052,0.861024,0.012727999999999962,-0.02249000000000001,0.0026916610208830237,0.019605350107162266,-0.0010495419533029118,0.023286435793968302,0.0415406069469319,37.243931473391164,-0.00107914218741047,0.005800896489650532,0.0007067449548019458,0.017270149692574312,0.03085870418840495,44.47808162750434,0.042544728096379325,0.04245904674499506,0.9430076571109143,0,0.158975,0,0.528531,0,0,1,0,0.005822134571532135,1,0.0060195838938591015,1,-0.026605200568807774,0
2024-09-02 00:00:00+00:00,24,2.3605,0.6158,1.0,66,309275.3254,-114898.9005,0.3842,32,118824.9616,3701.621607,133777.9499,56672.4139,-77105.536,66,309275.3254,10,58207.971019845696,2491.823020528794,-0.001798,354.2752,-0.2496,0.413072,2.966,1.6162,-0.083853,0.005936,0.0608,0.6352,-0.203171,-0.080571,-0.09460525741415152,0.856756,-0.0042680000000000495,-0.022681000000000062,-0.016236397323330962,-0.013033327382952587,-0.014483159842620308,0.02467908949655121,0.0408373022280056,40.52273113277078,-0.014571244382775668,-0.009013711990399874,-0.007147055810343435,0.017887946237921237,0.03003343011940377,48.25716918516837,0.04280896545387607,0.04246499643146755,0.9436016536115138,0,0.083853,0,0.413072,0,0,0,0,0.00019744932232696724,1,-0.03242733514033989,0,-0.03743341058650464,0
2024-09-03 00:00:00+00:00,28,2.7708,0.6007,1.0,94,852104.9982,-128616.4915,0.3993,50,340256.3197,25982.740651,376109.7773,135738.9012,-240370.8762,94,852104.9982,16,58649.35588288965,2492.315077872152,-0.000797,-228.3075,-0.5891,0.588435,-1.6585,0.3308,0.006689,0.016892,0.0507,0.9236,0.017877,0.010283,1.114673327635174,0.885695,0.028939000000000048,0.03739899999999996,0.005822134571532135,0.0026916610208830237,-0.03890966256140539,0.02205721536473074,0.04044221951984532,38.53886566064607,-0.0003694709854190686,-0.00107914218741047,-0.02466266135499688,0.01848814241801189,0.029856903228187223,43.52315192155259,0.042495182433866414,0.0425125465684535,0.9408965017306821,1,-0.0,1,0.588435,0,0,1,0,-0.03262478446266685,0,-0.03763085990883158,0,-0.07022535090661775,0
2024-09-04 00:00:00+00:00,26,2.4129,0.531,1.0,81,504297.7183,-135144.5974,0.469,42,236502.5558,4045.33235,189330.0095,78465.153,-110864.8565,81,504297.7183,13,57153.84522547051,2412.31590910674,8e-05,211.8487,-0.2307,0.441339,1.2434,1.4717,-0.085044,-0.004712,0.0704,1.3179,-0.194296,-0.082734,0.5409411783815351,0.877275,-0.008419999999999983,0.016251000000000015,0.00019744932232696724,-0.016236397323330962,-0.04918547459114105,0.017138396295706904,0.02363968952431931,35.318545442693534,0.007554288187026139,-0.014571244382775668,-0.046323731070532025,0.011914905790548944,0.02152418150210966,39.250875657752076,0.04220741228503897,0.04253619886956058,0.9397015728860739,0,0.085044,0,0.441339,0,0,0,0,-0.005006075446164725,0,-0.03760056644395088,0,-0.0604499564713077,0
2024-09-05 00:00:00+00:00,20,2.2045,0.3086,1.0,76,454853.1697,-130708.1074,0.6914,49,314497.5613,7245.100676,96555.7896,43799.8188,-52755.9707,76,454853.1697,7,56856.89163151301,2400.2698505616904,-0.00033,33.3277,-0.1576,0.294871,0.495,2.0171,-0.046693,-0.021333,0.0214,1.4181,-0.156685,-0.043872,0.32448791801671867,0.864993,-0.012282000000000015,0.00823700000000005,-0.03262478446266685,0.005822134571532135,0.019605350107162266,0.013418846636500257,0.021788973868244015,32.50862103490164,-0.02582992163748201,-0.0003694709854190686,0.005800896489650532,0.010877853797261408,0.02010715704567645,33.75165864469514,0.04221598792487167,0.042477592116228854,0.8929094832467133,0,0.046693,1,0.294871,0,0,0,0,-0.032594490997786156,0,-0.055443881025142944,0,-0.04970751270640123,0
2024-09-06 00:00:00+00:00,30,1.8051,0.5123,1.0,94,495039.38,-117107.6652,0.4877,51,241440.3417,4074.18221,163193.4409,90405.5974,-72787.8434,94,495039.38,13,55324.996213375496,2323.295560109168,-0.000142,336.6618,0.4032,0.419739,0.7917,3.2593,-0.032759,0.011337,-0.0542,1.0918,-0.073402,-0.029478,1.0847224959734587,0.864126,-0.0008670000000000622,-0.02156900000000006,-0.005006075446164725,0.00019744932232696724,-0.013033327382952587,0.016294418944035095,0.022233589437258318,22.54471346327,-0.005209233334638086,0.007554288187026139,-0.009013711990399874,0.013374077799002192,0.020679705928908058,24.498757963585916,0.04199359636914865,0.04241164330771729,0.8759307647756911,0,0.032759,1,0.419739,0,0,0,0,-0.022849390027356798,0,-0.01711302170861506,0,-0.0018239256333837384,0
2024-09-07 00:00:00+00:00,23,3.106,0.7152,1.0,61,256267.1348,-109206.4246,0.2848,30,72975.5071,6366.509708,138652.087,44639.5407,-94012.5462,61,256267.1348,8,54226.69497067121,2270.811570726728,0.000138,-604.9744,-0.595,0.47605,-2.7825,1.0388,-0.081102,-0.006085,-0.0243,0.939,-0.171518,-0.078284,-0.35224462194537864,0.842904,-0.021221999999999963,-0.03437100000000004,-0.032594490997786156,-0.03262478446266685,0.0026916610208830237,0.01553129129358835,0.02226741501630394,11.135600063299833,-0.0273126201843038,-0.02582992163748201,-0.00107914218741047,0.013294594113809156,0.02013125341520053,7.187941290335914,0.0418762672509344,0.042306019973445075,0.910504988590096,0,0.081102,0,0.47605,0,0,0,0,0.005736368318741736,1,0.02102546439397308,1,0.03561204022214322,1
2024-09-08 00:00:00+00:00,11,1.0667,0.4626,1.0,45,129193.0309,-92832.5072,0.5374,29,69427.9348,1903.599294,30847.5087,28917.5873,-1929.9214,45,129193.0309,5,54362.02814100927,2283.875215394992,0.000876,-60.0568,-0.6789,0.34718,-0.6523,0.4028,-0.021837,0.01669,-0.2297,-0.3378,-0.053438,-0.017601,-1.0306598985392672,0.840029,-0.002874999999999961,-0.024963999999999986,-0.022849390027356798,-0.005006075446164725,-0.016236397323330962,0.01730171988160224,0.019168281356076768,13.149094583368495,-0.020051503165751976,-0.005209233334638086,-0.014571244382775668,0.01432381615507983,0.018104254342467416,8.02751678395147,0.04201232539505084,0.04222996244468386,0.9161293105768302,0,0.021837,1,0.34718,0,0,0,0,0.015289096075231346,1,0.0298756719034015,1,0.02397990458622042,1
2024-09-09 00:00:00+00:00,23,3.1521,0.637,1.0,72,497671.1259,-105288.9247,0.363,36,180679.1346,11940.038496,240646.2247,76345.7666,-164300.4581,72,497671.1259,13,55683.49830051238,2319.0619038938826,-0.000968,361.414,-0.0603,0.51078,2.6563,0.093,-0.066523,-0.027262,0.2171,0.8602,-0.128361,-0.063829,0.16004748223536766,0.882453,0.04242400000000002,0.018327000000000093,0.005736368318741736,-0.032594490997786156,0.005822134571532135,0.019162062119106787,0.019499449770439953,18.99366519193714,0.0024925836961415676,-0.0273126201843038,-0.0003694709854190686,0.019155774299661046,0.018792169743921568,18.603718104515423,0.04164720203781707,0.04206399624238972,0.8956809395402894,1,0.066523,0,0.51078,0,0,1,0,0.014586575828170155,1,0.008690808510989096,1,0.014025245176859769,1
2024-09-10 00:00:00+00:00,17,1.2842,0.622,1.0,77,665033.3076,-78302.7817,0.378,47,251380.8655,15634.106942,232560.1588,181092.2834,-51467.8754,77,665033.3076,13,57117.663363118656,2353.1369914571187,-0.001207,85.9181,0.1085,0.467721,1.5015,3.253,-0.036894,-0.022967,-0.0746,0.4398,-0.075587,-0.034359,0.38041325221046407,0.892264,0.009810999999999903,0.04935999999999996,0.015289096075231346,-0.022849390027356798,0.00019744932232696724,0.021141012834505694,0.019695923069669476,27.150692955162427,0.024017944701301308,-0.020051503165751976,0.007554288187026139,0.022256301042545886,0.019483196087477513,30.36200916420971,0.04119806121089608,0.04187869321053682,0.8999365793327867,1,0.036894,1,0.467721,0,0,1,0,-0.00589576731718106,0,-0.0005613306513103664,0,0.01088629676733541,1
2024-09-11 00:00:00+00:00,39,2.4205,0.7061,1.0,93,952229.0876,-102353.4988,0.2939,40,279875.3195,20077.711475,475786.822,196566.946,-279219.876,93,952229.0876,14,56939.04650114791,2339.304260640036,0.000927,-262.8618,-0.328,0.609928,-2.3649,-0.3553,-0.074898,0.006601,-0.1391,-0.3281,-0.120615,-0.071945,1.0731887486335432,0.89153,-0.0007339999999999014,0.05150100000000002,0.014586575828170155,0.005736368318741736,-0.03262478446266685,0.018206271184603884,0.019699735034967372,33.2669049761393,0.025429566960646063,0.0024925836961415676,-0.02582992163748201,0.020052847355198612,0.019034562229501336,37.99236775984884,0.04108435958078214,0.04171825710992869,0.9080170015191594,0,0.074898,0,0.609928,0,0,0,0,0.005334436665870693,1,0.01678206408451649,1,0.033972504811775335,1
2024-09-12 00:00:00+00:00,27,4.8654,0.6039,1.0,82,461395.9156,-121050.5519,0.3961,45,182746.2261,7134.684603,231142.5162,47507.1733,-183635.3428,82,461395.9156,10,58027.799536359336,2351.8164741951628,-6.4e-05,94.5237,-0.1509,0.436734,0.5121,-0.3381,-0.130787,0.014364,0.2023,0.7791,-0.303542,-0.127653,0.5840940697669397,0.861697,-0.029833,-0.020755999999999997,-0.00589576731718106,0.015289096075231346,-0.005006075446164725,0.018563991555957643,0.019185084721321296,27.913598826306824,-0.0031320736535511424,0.024017944701301308,-0.005209233334638086,0.021162006131064077,0.019242076661277686,42.39647474753599,0.04052913419061411,0.04147727800503476,0.928484307987021,0,0.130787,0,0.436734,0,0,0,0,0.011447627418645799,1,0.028638068145904663,1,0.02047755723009685,1
2024-09-13 00:00:00+00:00,31,0.6595,0.4573,1.0,103,531042.9024,-103534.0114,0.5427,59,288221.4795,10970.610735,96496.7414,146324.6815,49827.94,103,531042.9024,13,58643.557336865655,2378.893883291074,2.6e-05,-66.6001,-0.2653,0.352687,-0.6102,-1.74,0.05645,0.025821,0.0015,0.7695,0.181454,0.060748,1.4667056788956263,0.845545,-0.016152000000000055,-0.046718999999999955,0.005334436665870693,0.014586575828170155,-0.032594490997786156,0.01363753130579376,0.01927746268853151,34.65745974772844,0.01894086203614486,0.025429566960646063,-0.0273126201843038,0.01646720962394175,0.019302342823898744,47.70446841964643,0.040565306596699366,0.04127323660897057,0.9291407272608011,0,-0.0,1,0.352687,0,0,0,0,0.017190440727258866,1,0.009029929811451074,1,-0.03696964990064221,0
2024-09-14 00:00:00+00:00,18,2.1971,0.8181,1.0,51,181147.6829,-98030.9729,0.1819,23,32948.2362,7109.140373,101845.3617,46354.0851,-55491.2767,51,181147.6829,10,60052.8249240324,2420.141635347084,2.9e-05,-155.768,-0.5348,0.566658,-0.9811,0.0614,-0.018224,-0.004456,-0.1157,0.1215,-0.024636,-0.01351,-0.8045533539178888,0.825464,-0.020081000000000016,-0.06606600000000007,0.011447627418645799,-0.00589576731718106,-0.022849390027356798,0.008059575205461165,0.01906142815239137,39.62251374522334,0.010555521668040479,-0.0031320736535511424,-0.020051503165751976,0.011444475652289909,0.01899657387951283,53.886353652871456,0.04030021299428619,0.04104808600087797,0.9295988772674437,0,0.018224,1,0.566658,0,0,0,0,-0.008160510915807792,0,-0.05416009062790105,0,-0.04167072660787682,0
2024-09-15 00:00:00+00:00,14,1.7838,0.5165,1.0,53,179977.0445,-101494.2752,0.4835,31,87015.3246,4032.459878,59567.3788,33394.3412,-26173.0376,53,179977.0445,8,59991.14358377446,2400.4724077414803,0.000778,14.5081,-0.4986,0.33796,-0.1539,0.5599,-0.063709,0.034513,-0.0195,0.0106,-0.184104,-0.058947,-0.7073107503388198,0.842013,0.016549000000000036,-0.019684000000000035,0.017190440727258866,0.005334436665870693,0.005736368318741736,0.010398061833716339,0.019063204455592096,41.37361046127226,0.02374687054752986,0.01894086203614486,0.0024925836961415676,0.01212140017127907,0.018999595243525468,57.616178024857724,0.04001377977383191,0.04076257948356098,0.9280588618208097,0,0.063709,0,0.33796,0,0,1,0,-0.04599957971209326,0,-0.033510215692069,0,-0.03439299524600638,0
2024-09-16 00:00:00+00:00,28,2.9356,0.432,1.0,97,556328.0737,-94909.0922,0.568,57,315987.7634,5000.930257,179272.2435,61068.0668,-118204.1767,97,556328.0737,12,58388.84389246089,2292.552842006125,-0.000675,554.0288,0.4816,0.35386,5.2425,3.1461,-0.098064,-0.023704,0.3401,1.8403,-0.286187,-0.095599,1.1938851069333747,0.831993,-0.010020000000000029,-0.013552000000000008,-0.008160510915807792,0.011447627418645799,0.015289096075231346,0.02185641366368708,0.020606320362298133,31.30464407828231,-0.001027645894298762,0.010555521668040479,0.024017944701301308,0.01872162507636914,0.019486352382400884,50.697598207469426,0.03926354229976691,0.04042205666383953,0.9291616924844468,0,0.098064,0,0.35386,0,0,0,0,0.012489364020024254,1,0.011606584466086901,1,0.05984727931501742,1
2024-09-17 00:00:00+00:00,23,1.8493,0.3826,1.0,82,504525.8174,-95777.2104,0.6174,48,311476.2629,6312.043885,125297.1287,67752.4258,-57544.7029,82,504525.8174,11,59350.64782314178,2321.3649167115705,-0.000468,166.6228,0.772,0.354892,-1.2754,0.3692,-0.039928,-0.009384,-0.1858,0.8144,-0.107779,-0.036541,0.538848610693656,0.868338,0.03634500000000007,0.04287400000000008,-0.04599957971209326,0.017190440727258866,0.014586575828170155,0.021609857676220135,0.02059970537235656,34.894700482865176,-0.02707210204294329,0.02374687054752986,0.025429566960646063,0.017486619942910737,0.019686220953975427,52.571079506243805,0.03911271404532896,0.04012414992590137,0.9305553498849716,1,0.039928,1,0.354892,0,0,0,1,-0.0008827795539373532,0,0.04735791529499318,1,0.08626297310768025,1
2024-09-18 00:00:00+00:00,30,2.5849,0.5702,1.0,69,437312.6175,-71637.1228,0.4298,28,187961.8676,4033.885058,179795.0065,69555.7434,-110239.2631,69,437312.6175,11,60130.62238972244,2319.316567479304,-0.000181,-16.8791,0.7466,0.430899,2.6514,5.3855,-0.026005,-0.026048,0.2959,2.3168,-0.055975,-0.023359,-0.02017715783216207,0.882026,0.013687999999999922,0.040012999999999965,0.012489364020024254,-0.008160510915807792,-0.00589576731718106,0.021539944840786272,0.020562195849306623,40.33859176470093,0.016338193950478832,-0.001027645894298762,-0.0031320736535511424,0.01722659309170691,0.0195295362873654,61.62466430512624,0.038571304857734565,0.039765142108323145,0.9348093783546675,1,0.026005,1,0.430899,0,0,1,0,0.04824069484893054,1,0.08714575266161761,1,0.0984319341875317,1
2024-09-19 00:00:00+00:00,27,4.4419,0.7245,1.0,87,766231.4961,-95563.4549,0.2755,44,211087.1503,17685.025761,453132.0066,102012.3392,-351119.6673,87,766231.4961,16,62644.01484351805,2433.9446504486773,-0.000384,794.2262,2.0729,0.6066,8.8291,13.7025,-0.127546,-0.003385,0.1047,2.7626,-0.209787,-0.124137,0.7475354391881751,0.877867,-0.004159000000000024,0.04587399999999997,-0.0008827795539373532,-0.04599957971209326,0.005334436665870693,0.028649389879453625,0.022579952176533868,52.8237224177123,0.013056199435788193,-0.02707210204294329,0.01894086203614486,0.021159951904908957,0.020404247328466976,69.07164210510653,0.038853586516262764,0.03952577815484438,0.9357840329425826,0,0.127546,0,0.6066,0,0,0,0,0.03890505781268708,1,0.05019123933860118,1,0.059722075281843826,1
2024-09-20 00:00:00+00:00,24,1.0582,0.3805,1.0,83,605637.9862,-103612.0786,0.6195,44,375167.2445,10866.116785,118491.5837,111979.158,-6512.4257,83,605637.9862,15,63216.95588943324,2530.503543427955,-0.000282,-34.9768,1.9445,0.35643,-2.1664,12.1463,-0.016347,-0.013121,-0.0541,2.508,-0.038631,-0.013111,0.5589032131527967,0.868476,-0.009390999999999927,0.00013799999999997148,0.04824069484893054,0.012489364020024254,0.011447627418645799,0.03143855949248662,0.023742969405210285,66.88320868279244,0.040948907821158585,0.016338193950478832,0.010555521668040479,0.02117139585432521,0.020415075159660682,78.26189127507534,0.040028873706823495,0.03944914488486211,0.9489648212054234,0,0.016347,1,0.35643,0,0,0,0,0.011286181525914105,1,0.020817017469156766,1,0.0465817610589264,1
2024-09-21 00:00:00+00:00,19,2.8112,0.6447,1.0,45,199710.3062,-104426.4197,0.3553,20,70947.2433,4456.044928,94977.3639,33785.699,-61191.6649,45,199710.3062,6,63098.979419477335,2559.225038903885,-0.00022,-294.2315,1.413,0.431342,-3.292,9.8354,-0.072237,-0.015501,0.0756,2.776,-0.167409,-0.068676,-1.0936173484112923,0.808923,-0.05955300000000008,-0.07310300000000003,0.03890505781268708,-0.0008827795539373532,0.017190440727258866,0.031255420548576225,0.023789879336193913,74.76080697360484,0.009104411004900944,0.013056199435788193,0.02374687054752986,0.02075570333952458,0.020272530295869323,84.79784418801853,0.04055889750435339,0.039486099814871715,0.9192403155411857,0,0.072237,0,0.431342,0,0,0,0,0.00953083594324266,1,0.035295579533012315,1,0.030313338719423433,1
2024-09-22 00:00:00+00:00,21,1.8122,0.7247,1.0,47,182468.7357,-106143.5029,0.2753,19,50225.3011,3459.935635,85218.0271,47025.4075,-38192.6195,47,182468.7357,7,62977.96522961281,2583.733198998056,0.000496,-243.7142,0.9911,0.488297,-0.6683,9.3209,-0.046846,0.014982,-0.0654,2.3349,-0.09112,-0.042547,-0.986265174541684,0.809568,0.0006450000000000067,-0.068299,0.011286181525914105,0.04824069484893054,-0.008160510915807792,0.030437071062271812,0.02344914648025267,75.1513212083908,-0.0018679591608407827,0.040948907821158585,-0.001027645894298762,0.02081634666766966,0.020087873488745526,83.87373301130705,0.041025987257256785,0.039630700883932404,0.9121727357038492,0,0.046846,1,0.488297,0,0,1,0,0.025764743589769653,1,0.02078250277618079,1,0.011698556025125335,1
2024-09-23 00:00:00+00:00,37,1.4164,0.435,1.0,92,743193.988,-97216.4127,0.565,41,419905.4455,12323.377302,189501.544,133786.9985,-55714.5455,92,743193.988,14,63544.37187408639,2651.1674045645177,0.000115,1126.4941,2.7082,0.410196,11.7921,15.8706,-0.017599,-0.00468,0.0341,2.4067,-0.03626,-0.014251,0.9440852069659724,0.862951,0.05338300000000007,-0.005525000000000002,0.00953083594324266,0.03890505781268708,-0.04599957971209326,0.01761694180156364,0.023228473244427523,76.16927639355501,-0.0019196884468422428,0.009104411004900944,-0.02707210204294329,0.014500944965156482,0.018867079792103347,82.67165166618868,0.041721514059778954,0.03998183970679127,0.9053105116591367,1,0.017599,1,0.410196,0,0,1,0,-0.004982240813588863,0,-0.014066187564644301,0,-0.011193559179987558,0
2024-09-24 00:00:00+00:00,21,2.3376,0.4397,1.0,77,666861.5606,-105781.9667,0.5603,47,373665.9881,8630.883801,205349.5766,87845.9959,-117503.5806,77,666861.5606,9,63550.41638434343,2637.991500137378,-0.000147,162.2431,2.7998,0.401785,0.998,18.1439,-0.05336,0.004551,-0.0919,1.9119,-0.131838,-0.051076,0.2950925245723926,0.879274,0.016322999999999976,0.07035100000000005,0.025764743589769653,0.011286181525914105,0.012489364020024254,0.020053518437894376,0.023237368323141508,73.21490005904724,0.008953524591710978,-0.0018679591608407827,0.016338193950478832,0.014998484559703755,0.0188662869580771,80.18802166303755,0.0415102158290073,0.040324339961602465,0.8952172040481112,1,0.05336,1,0.401785,0,0,1,0,-0.009083946751055436,0,-0.006211318366398679,0,0.011114987478661967,1
2024-09-25 00:00:00+00:00,16,1.0714,0.3828,1.0,75,680530.6105,-91316.6065,0.6172,48,420038.6199,8312.713929,134736.8662,125755.1245,-8981.7416,75,680530.6105,11,63761.37920023081,2614.136638006976,-0.000662,-110.2749,2.5129,0.349353,-2.1193,13.3733,0.003975,-0.00326,-0.0448,1.6454,0.019004,0.006351,0.2136852724371062,0.873491,-0.005782999999999983,0.06392300000000006,-0.004982240813588863,0.00953083594324266,-0.0008827795539373532,0.021542973124578323,0.023154567983722896,72.27858358217405,9.511814519576335e-05,-0.0019196884468422428,0.013056199435788193,0.015094115941869959,0.018832368951503944,81.97852674610986,0.04099874674601633,0.040671117374214145,0.8947660544377031,0,-0.0,1,0.349353,0,0,0,0,0.00287262838465676,1,0.02019893422971742,1,0.024508776268049294,1
2024-09-26 00:00:00+00:00,20,1.6565,0.4634,1.0,81,428655.6066,-48168.4385,0.5366,49,230034.1928,3386.804298,123851.9526,74769.4613,-49082.4913,81,428655.6066,12,64252.50993874983,2621.6568773697995,0.001026,-200.4905,2.136,0.364052,-2.7917,1.7525,-0.033516,0.021891,-0.0817,1.2174,-0.085648,-0.02954,0.47014004798919407,0.841952,-0.031538999999999984,-0.02099899999999999,-0.009083946751055436,0.025764743589769653,0.04824069484893054,0.01694468806077089,0.022049395045864166,72.002105931513,0.003314115679678637,0.008953524591710978,0.040948907821158585,0.0049712042754780006,0.01828784058904294,80.7528545387793,0.040802404137503016,0.040949519891534183,0.8902922791926586,0,0.033516,1,0.364052,0,0,0,0,0.017326305845060664,1,0.02163614788339255,1,0.014895156888595776,1
2024-09-27 00:00:00+00:00,22,2.1248,0.3932,1.0,91,596557.4612,-59301.7828,0.6068,59,361963.4685,3769.181464,159519.9146,75074.0782,-84445.8364,91,596557.4612,10,65634.97465480205,2667.4763006719613,-0.000789,-553.0358,1.3169,0.355311,-5.2975,-1.3787,-0.039376,0.013785,-0.2015,0.2077,-0.104501,-0.035303,0.8809832932954936,0.863111,0.021158999999999928,-0.01616300000000004,0.00287262838465676,-0.004982240813588863,0.03890505781268708,0.012253273238926339,0.020197820643557525,72.65339458768689,0.0076731228385362865,9.511814519576335e-05,0.009104411004900944,0.008257363429693671,0.016298911515877156,81.92383633150561,0.04064108068451583,0.04103697803120452,0.8824268756000425,1,0.039376,1,0.355311,0,0,1,0,0.00430984203833189,1,-0.002431148956464871,0,-0.018083146463052816,0
2024-09-28 00:00:00+00:00,12,1.7524,0.4647,1.0,52,189570.497,-54000.6031,0.5353,35,101471.0178,3172.152349,56091.4429,32008.0364,-24083.4065,52,189570.497,5,65771.01217508952,2678.997511634904,0.001384,-784.0244,0.203,0.348803,-6.2567,-4.3434,-0.01995,0.011721,-0.1191,-0.4079,-0.044244,-0.014429,-0.8111170779186845,0.813708,-0.049402999999999975,-0.05978300000000003,0.017326305845060664,-0.009083946751055436,0.011286181525914105,0.01218040074651968,0.019935499726204963,71.18471374000389,0.02128791589474426,0.003314115679678637,-0.0018679591608407827,0.007804354362360916,0.016293890681371787,79.39150727172932,0.04073219223847619,0.04106173442179349,0.8573192939817107,0,0.01995,1,0.348803,0,0,0,0,-0.006740990994796758,0,-0.02239298850138469,0,-0.03867590969245566,0
2024-09-29 00:00:00+00:00,16,2.0122,0.7254,1.0,47,155921.0514,-53974.1081,0.2746,20,42817.218,3119.981062,75555.4941,37548.3393,-38007.1548,47,155921.0514,11,65728.75718428926,2660.9991451024507,-0.00033,24.9281,0.2345,0.391417,0.2277,-3.4475,-0.040461,-0.025112,0.0604,-0.1061,-0.095166,-0.034906,-1.0155871672099628,0.78907,-0.024637999999999938,-0.052881999999999985,0.00430984203833189,0.00287262838465676,0.00953083594324266,0.013035806424119757,0.019807589959123195,71.60854628966104,0.0020704927099294635,0.0076731228385362865,-0.0019196884468422428,0.00760273977018411,0.016147876896399464,79.58953454314927,0.04048454982408359,0.040984386217054455,0.8638828661393991,0,0.040461,1,0.391417,0,0,0,0,-0.01565199750658793,0,-0.03193491869765888,0,-0.08381810572918995,0
2024-09-30 00:00:00+00:00,20,2.4065,0.3614,1.0,79,702915.1304,-60997.1598,0.6386,50,448913.632,6680.581181,179438.7029,74562.7955,-104875.9073,79,702915.1304,9,64089.07473658905,2619.673451621829,3.3e-05,399.8618,0.7853,0.386217,3.1641,-12.0755,-0.034317,0.011203,0.1037,0.4121,-0.083609,-0.031196,0.35603627589710385,0.893658,0.1045879999999999,0.03054699999999999,-0.006740990994796758,0.017326305845060664,0.025764743589769653,0.010835071772695758,0.02006479764079025,82.05296978450127,-0.0006426626063366528,0.02128791589474426,0.008953524591710978,0.013877662116837077,0.016968008805931994,80.53368135891823,0.04087550744629853,0.0408635281294144,0.8611853032831928,1,0.034317,1,0.386217,0,0,0,1,-0.016282921191070946,0,-0.06816610822260201,0,-0.10464696262826798,0
2024-10-01 00:00:00+00:00,25,2.488,0.4156,1.0,102,798133.7977,-64425.3439,0.5844,67,466445.1953,9070.600562,236594.7357,95093.8667,-141500.8691,102,798133.7977,10,62941.932821321774,2577.362919616066,-0.000255,776.3107,1.827,0.385898,6.6276,-6.4459,-0.074535,0.070588,-0.2016,-0.6124,-0.189678,-0.069763,1.3211193976597424,0.873806,-0.01985199999999998,0.060097999999999985,-0.01565199750658793,0.00430984203833189,-0.004982240813588863,0.012164667506028749,0.02006620315833444,74.68867057293477,-0.02526262573212022,0.0020704927099294635,9.511814519576335e-05,0.015699911757085825,0.017102015127335533,69.04262401871229,0.04094826460020904,0.04078324938244322,0.859165618608828,0,0.074535,0,0.385898,0,0,0,0,-0.05188318703153106,0,-0.08836404143719702,0,-0.07534088207601457,0
2024-10-02 00:00:00+00:00,37,3.2307,0.5952,1.0,105,646912.257,-92143.6786,0.4048,53,261885.2781,6840.977288,294018.532,91008.4469,-203010.0851,105,646912.257,15,61290.04600694916,2447.0508505011585,0.000273,-761.728,0.766,0.415424,-9.5325,-13.8591,-0.107138,-0.044555,0.1508,0.1483,-0.259545,-0.103096,1.4194334498571666,0.869639,-0.004166999999999921,0.080569,-0.016282921191070946,-0.006740990994796758,-0.009083946751055436,0.022178132003629388,0.02226496940524788,60.197573411374684,-0.01806130835818094,-0.0006426626063366528,0.003314115679678637,0.0180980263608677,0.017909916713750737,55.69086762078877,0.03992574667383523,0.04062996365784592,0.8586273933260442,0,0.107138,0,0.415424,0,0,0,0,-0.03648085440566595,0,-0.023457695044483483,0,-0.014270501019464985,0
2024-10-03 00:00:00+00:00,18,1.3992,0.4662,1.0,75,462395.2663,-90256.5811,0.5338,42,246816.7291,4414.886545,125725.6728,89852.8644,-35872.8085,75,462395.2663,15,60773.034676595045,2359.389055159883,0.000553,-378.6316,0.2477,0.359108,-0.6358,-11.7032,-0.024591,-0.009994,0.0023,0.1495,-0.062848,-0.021573,0.16547809361185542,0.871213,0.0015739999999999643,-0.022444999999999937,-0.05188318703153106,-0.01565199750658793,0.00287262838465676,0.023487285795181452,0.02320654870334743,43.80519116571468,-0.02659515197388383,-0.02526262573212022,0.0076731228385362865,0.0171198815722999,0.017968790539305744,38.796147898933285,0.03882295935550068,0.040347185831845586,0.8700073038940067,1,0.024591,1,0.359108,0,0,0,1,0.013023159361182469,1,0.022210353386200983,1,0.028438538616459952,1
2024-10-04 00:00:00+00:00,17,2.2754,0.3317,1.0,64,435632.7367,-86231.8312,0.6683,42,291119.0429,5747.621993,100393.1404,44120.5534,-56272.587,64,435632.7367,5,61515.99215152817,2390.3167055637346,-0.000607,-153.1916,0.0296,0.349804,-1.1655,-7.5712,-0.046938,0.008698,0.0211,0.2397,-0.130167,-0.043515,-0.3156465712835298,0.870293,-0.0009200000000000319,-0.0035129999999999884,-0.03648085440566595,-0.016282921191070946,0.017326305845060664,0.022535458043295105,0.022606328823264424,37.347374853754786,-0.008471266156551052,-0.01806130835818094,0.02128791589474426,0.014695497480389364,0.01732623882579763,40.143752701197904,0.03885683416559112,0.0400922934719992,0.8602003647701192,0,0.046938,1,0.349804,0,0,0,0,0.009187194025018513,1,0.015415379255277493,1,0.03258627852765773,1
2024-10-05 00:00:00+00:00,8,2.0882,0.1602,1.0,45,452119.3583,-86437.1578,0.8398,34,379693.7323,7144.102786,48973.1595,23452.4664,-25520.693,45,452119.3583,3,62049.763105753525,2412.378195338584,0.000379,-84.0562,-0.0929,0.224928,-0.7324,-2.0469,-0.023437,-0.019251,0.1252,0.8801,-0.095507,-0.020058,-1.135625128116454,0.865422,-0.004870999999999959,-0.004217000000000026,0.013023159361182469,-0.05188318703153106,0.00430984203833189,0.023318063370603263,0.022653030869311287,36.757976429072755,0.01215099400897825,-0.02659515197388383,0.0020704927099294635,0.01571399623720505,0.01729955622368197,44.22344252439047,0.03887812095635379,0.03982742614598171,0.8517863657109095,0,0.023437,1,0.224928,0,0,0,0,0.006228185230258982,1,0.023399084502639236,1,0.009359111987173216,1
2024-10-06 00:00:00+00:00,9,1.1342,0.5382,0.9401,33,109105.7546,-81568.6541,0.4618,26,53599.1132,2859.087247,33193.3107,29265.6823,-3927.6284,40,116058.1063,5,62261.79855851218,2427.4498192981023,-0.000531,254.6517,0.2529,0.380047,1.9786,-0.2959,0.01074,-0.002564,0.1163,1.4568,0.044073,0.015559,-1.3197893894732575,0.755413,-0.11000900000000002,-0.11580000000000001,0.009187194025018513,-0.03648085440566595,-0.006740990994796758,0.024563377780820874,0.021810121359986674,35.80779889328562,0.008639517853819738,-0.008471266156551052,-0.0006426626063366528,0.016113743416645013,0.01633078389712068,46.10007497896972,0.038987788266618126,0.03961360306634378,0.852764627293159,0,-0.0,1,0.380047,0,0,0,0,0.017170899272380254,1,0.003130926756914244,1,0.0003739616511335645,1
2024-10-07 00:00:00+00:00,23,2.4995,0.5193,1.0,76,459854.74,-81203.7852,0.4807,44,221055.7447,4229.213881,170560.4105,68238.5848,-102321.8257,76,459854.74,9,63335.3683687672,2469.491227071552,-0.000437,1431.7267,2.1509,0.404239,7.8985,4.4386,-0.054095,-0.006509,-0.0064,1.3887,-0.130698,-0.05054,0.20867428547600822,0.853051,0.097638,-0.01724199999999998,0.006228185230258982,0.013023159361182469,-0.01565199750658793,0.027011016791853134,0.02149347397453257,33.196084043180676,0.0034113586145613816,0.01215099400897825,-0.02526262573212022,0.016388392500276714,0.01585039717164221,48.935683405037416,0.03899071388821891,0.03934434684376098,0.8388359993490455,0,0.054095,0,0.404239,0,0,1,0,-0.01403997251546601,0,-0.016796937621246677,0,-0.03550505619077794,0
2024-10-08 00:00:00+00:00,27,2.0601,0.5836,1.0,74,380347.0242,-71973.7865,0.4164,35,158386.8387,3527.396294,149425.5316,72534.6539,-76890.8777,74,380347.0242,12,62442.7983360223,2435.0618970991973,-1.4e-05,-175.8609,1.8548,0.434761,2.8045,0.6155,-0.065553,-0.002101,0.0252,1.4815,-0.149228,-0.062097,0.11816179663814466,0.835931,-0.017120000000000024,-0.029491000000000045,0.017170899272380254,0.009187194025018513,-0.016282921191070946,0.026915523834760924,0.021702434252259394,31.83110140505474,0.017095862652765272,0.008639517853819738,-0.01806130835818094,0.01579896692820848,0.016235852695831107,44.794012417849615,0.0389966811544134,0.03906554920864732,0.8338680251716998,0,0.065553,0,0.434761,0,0,0,0,-0.002756965105780668,0,-0.021465083675311913,0,-0.0050307554439122625,0
2024-10-09 00:00:00+00:00,19,1.9738,0.4022,1.0,84,405679.3092,-50604.5631,0.5978,56,242529.3805,3036.848714,108287.725,54862.2037,-53425.5213,84,405679.3092,9,61868.70693346431,2428.3577621979025,-0.000344,256.2472,2.1123,0.283489,1.2746,11.4225,-0.065812,-0.005897,-0.2216,0.322,-0.232284,-0.062344,0.5355773969217311,0.866216,0.030285000000000006,0.11080299999999998,-0.01403997251546601,0.006228185230258982,-0.05188318703153106,0.018774145287744713,0.021575031889147306,32.77239605184636,-0.014193004071472497,0.0034113586145613816,-0.02659515197388383,0.012056075038351245,0.015999255509853892,41.38026590069334,0.03925017803927016,0.03896903940370945,0.8378405109714797,1,0.065812,0,0.283489,0,0,0,1,-0.018708118569531248,0,-0.0022737903381315795,0,0.011934513445904998,1
2024-10-10 00:00:00+00:00,17,1.0645,0.451,1.0,74,442370.6177,-46370.6556,0.549,39,242842.4168,7078.630321,102881.8283,96646.3726,-6235.4557,74,442370.6177,18,60510.6454933169,2383.3500745251627,0.000531,-982.1312,0.829,0.369581,-7.4106,4.6476,0.007577,0.026972,0.116,0.9066,0.031181,0.010993,0.1011665296860363,0.851922,-0.014294000000000029,-0.0011290000000000466,-0.002756965105780668,0.017170899272380254,-0.03648085440566595,0.0137098940423305,0.02173625009876789,29.263854737265916,-0.009236401452501064,0.017095862652765272,-0.008471266156551052,0.014736003007661026,0.016111778204506745,34.15290047790333,0.039387285577516966,0.039049657435426065,0.8345389944456547,0,-0.0,1,0.369581,0,0,0,0,0.01643432823139967,1,0.03064263201543626,1,0.03227351660057257,1
2024-10-11 00:00:00+00:00,12,1.5436,0.3335,1.0,72,603319.7601,-44474.5254,0.6665,48,402127.0191,7703.288947,122096.2085,79096.5325,-42999.676,72,603319.7601,12,61492.99876397164,2422.842458479077,-0.000284,642.8727,1.6098,0.307349,4.371,10.1842,-0.002529,-0.038522,-0.0796,0.471,0.000162,4.8e-05,0.002870980080304932,0.896225,0.04430300000000009,0.06029400000000007,-0.018708118569531248,-0.01403997251546601,0.013023159361182469,0.014240443621376931,0.02189409171534409,28.988208431878306,-0.02219520146548193,-0.014193004071472497,0.01215099400897825,0.015369049317324524,0.01628547629827878,32.29907534716115,0.03940029771159258,0.039127295084854845,0.8404303975115479,1,0.002529,1,0.307349,0,0,0,1,0.01420830378403659,1,0.01583918836917292,1,0.05386465991342584,1
2024-10-12 00:00:00+00:00,22,1.5897,0.7656,1.0,53,189494.9153,-45547.9285,0.2344,19,44426.9704,3435.964087,89051.2297,56016.7152,-33034.5145,53,189494.9153,12,62897.148165436585,2457.512659268015,9.1e-05,-654.8964,0.7624,0.440256,-5.7608,5.1558,-0.027096,0.011426,-0.0528,0.1809,-0.050916,-0.021337,-0.8316425084752611,0.813229,-0.08299600000000007,-0.052987000000000006,0.01643432823139967,-0.002756965105780668,0.009187194025018513,0.014782995152127668,0.022011927388531336,31.93174319528174,0.016104018970709125,-0.009236401452501064,0.008639517853819738,0.017445555516136822,0.016424516650701007,39.08349840862485,0.039071925054600075,0.03915498138460432,0.8429518590150101,0,0.027096,1,0.440256,0,0,0,0,0.0016308845851363309,1,0.03965635612938926,1,0.05837835954014413,1
2024-10-13 00:00:00+00:00,18,1.4986,0.8151,1.0,44,163523.3888,-48786.6619,0.1849,17,30229.0636,3542.401619,79946.5438,53347.7814,-26598.7624,44,163523.3888,9,62732.762474613286,2461.5238487862944,0.000259,-184.806,0.5237,0.475593,0.6212,3.7983,-0.016422,0.017408,0.1462,0.9427,-0.021382,-0.009624,-1.1991392923941302,0.775107,-0.03812199999999999,-0.07681499999999997,0.01420830378403659,-0.018708118569531248,0.006228185230258982,0.014699319873043985,0.021931235427795976,33.32789746522211,0.02257749640046137,-0.02219520146548193,0.0034113586145613816,0.01750936303143884,0.016382902049969623,38.71002677967339,0.03923825050399183,0.03919076170422913,0.8496219431447903,0,0.016422,1,0.475593,0,0,0,0,0.03802547154425293,1,0.056747474955007815,1,0.060649447912449896,1
2024-10-14 00:00:00+00:00,29,1.4082,0.5224,1.0,95,391118.3082,-39116.3215,0.4776,50,186814.3801,3402.294716,119466.6855,84837.2427,-34629.4428,95,391118.3082,16,64721.195902781976,2556.9268302550613,0.000119,934.5344,1.663,0.408499,6.4459,2.3457,-0.072118,-0.006966,-0.2018,-0.1295,-0.166145,-0.064404,0.9847217340750957,0.845482,0.07037499999999997,-0.050743000000000094,0.0016308845851363309,0.01643432823139967,0.017170899272380254,0.01958881190432852,0.02277091411898221,45.26604078447681,-0.0026169848215854543,0.016104018970709125,0.017095862652765272,0.02025721658595191,0.016772359232298733,52.30879325032842,0.039506792088573786,0.03926448716142268,0.8468769261389121,0,0.072118,0,0.408499,0,0,1,0,0.018722003410754886,1,0.02262397636819698,1,0.02231249093380568,1
2024-10-15 00:00:00+00:00,32,2.6587,0.4928,1.0,94,640194.2831,-48566.42,0.5072,50,324676.6238,6093.683522,229279.6134,86238.0459,-143041.5676,94,640194.2831,12,66088.69196540002,2605.2485513631486,-0.000582,-303.2786,1.2635,0.394871,-1.8001,-2.2589,-0.069894,0.006634,-0.0527,-0.3956,-0.172566,-0.065395,0.9272616297603461,0.877007,0.031525000000000025,0.063778,0.03802547154425293,0.01420830378403659,-0.01403997251546601,0.01815073806200344,0.022892717144395638,52.08149904180481,0.03120491200712616,0.02257749640046137,-0.014193004071472497,0.01959919545482857,0.017088664124030466,61.32423670769451,0.039420488950319924,0.03932503113226647,0.8615244018411328,1,0.069894,0,0.394871,0,0,1,0,0.0039019729574420936,1,0.003590487523050808,1,0.010578841665942995,1
2024-10-16 00:00:00+00:00,31,0.5895,0.6578,1.0,87,690634.8351,-24172.0359,0.3422,38,236364.8356,21386.5451,168467.416,285802.5835,117335.1675,87,690634.8351,18,67466.25763963547,2615.434019545543,0.000639,-358.5027,0.8133,0.485096,-2.3292,-5.8628,0.073865,0.014138,0.0477,-0.1308,0.16761,0.078693,0.6159369488955846,0.872946,-0.004060999999999981,0.09783900000000001,0.018722003410754886,0.0016308845851363309,-0.002756965105780668,0.017556846011011353,0.020961491119649168,65.80539218063257,0.020908906887312628,-0.0026169848215854543,-0.009236401452501064,0.01840920028497699,0.016376662554982213,72.92113172542041,0.03876654954711779,0.03925594134767328,0.863655135210112,0,-0.0,1,0.485096,0,0,0,0,-0.0003114854343912856,0,0.006676868708500915,1,0.010499382307437861,1
2024-10-17 00:00:00+00:00,23,1.6188,0.4269,1.0,90,557473.5845,-31315.8348,0.5731,55,319467.4499,6153.408352,147124.0914,90882.0432,-56242.0481,90,557473.5845,12,67283.55884610537,2614.619476809528,0.000757,619.3779,1.5365,0.313075,4.8981,6.446,-0.032078,-0.073831,-0.0903,-0.608,-0.095417,-0.028435,0.731363419724377,0.876264,0.003318000000000043,0.030782000000000087,0.0039019729574420936,0.03802547154425293,-0.018708118569531248,0.013298657216960556,0.020921228358858686,79.456977535801,0.020629928504050363,0.03120491200712616,-0.02219520146548193,0.012985489207923391,0.016283580121327634,74.98320729566058,0.03885970839904334,0.0391805731793199,0.8300073722728417,1,0.032078,1,0.313075,0,0,1,0,0.006988354142892201,1,0.01081086774182916,1,0.020889654632688423,1
2024-10-18 00:00:00+00:00,25,2.5344,0.5248,1.0,86,576275.4684,-43930.3421,0.4752,48,273830.1109,5325.840163,216873.2921,85572.0654,-131301.2267,86,576275.4684,13,68072.47653156737,2632.955357854976,-0.000868,406.7696,1.9612,0.437077,4.9433,7.0183,-0.080345,-0.038376,0.0695,-0.2407,-0.180276,-0.076034,0.5450440960649496,0.874885,-0.001379000000000019,-0.0021219999999999573,-0.0003114854343912856,0.018722003410754886,0.01643432823139967,0.013398218076127972,0.020907681880675117,78.72041946045064,-0.002711675759512826,0.020908906887312628,0.016104018970709125,0.013040080603171876,0.016259271766859016,74.92239157700845,0.03867870675505673,0.03907748875695764,0.8296770117572642,0,0.080345,0,0.437077,0,0,0,0,0.0038225135989369595,1,0.013901300489796237,1,0.02652496927553403,1
2024-10-19 00:00:00+00:00,16,2.8731,0.5408,1.0,51,195629.4493,-46520.8729,0.4592,31,89827.6487,3365.355212,78485.0156,27316.785,-51168.2306,51,195629.4493,4,68287.37741350361,2643.039125907688,0.000355,-1227.8431,0.4907,0.336028,-13.9196,-1.1406,-0.071961,0.062781,-0.1997,-1.2867,-0.207348,-0.065904,-0.9635160930077825,0.840277,-0.03460799999999997,-0.03266899999999995,0.006988354142892201,0.0039019729574420936,0.01420830378403659,0.013669812700822653,0.01918518491645992,78.01984549507507,0.011657058614041814,0.020629928504050363,0.02257749640046137,0.013106724062536101,0.014697695450661317,74.22629538044774,0.0387046512257042,0.039025021067115376,0.8381495388609629,0,0.071961,0,0.336028,0,0,0,0,0.010078786890859276,1,0.022702455676597084,1,-0.003060798230852174,0
2024-10-20 00:00:00+00:00,15,3.7926,0.6852,1.0,59,340924.1922,-62167.4982,0.3148,35,107309.0144,15743.919186,184870.1586,48745.0191,-136125.1395,59,340924.1922,9,68435.25621594884,2669.8124486690167,-7.2e-05,-294.4243,0.1358,0.595139,-0.6183,-2.38,-0.031152,0.080701,0.0537,-0.9821,-0.044316,-0.025613,-0.6141775248278912,0.852949,0.012671999999999906,-0.023315000000000086,0.0038225135989369595,-0.0003114854343912856,0.0016308845851363309,0.013129116098175698,0.017996869138728586,78.52726029279506,0.0031519696397038816,-0.002711675759512826,-0.0026169848215854543,0.012335483511346468,0.01465081323918065,74.06253689898875,0.039012237204816905,0.03899273345294752,0.805509259862476,1,0.031152,1,0.595139,0,0,1,0,0.012623668785737807,1,-0.013139585121711438,0,-0.04024166152856698,0
2024-10-21 00:00:00+00:00,18,0.957,0.4766,1.0,87,425004.7788,-56584.5004,0.5234,54,222461.379,3456.803747,99045.929,103497.4709,4451.5419,87,425004.7788,15,68154.19467715018,2703.728901372859,-0.000222,-61.0585,0.058,0.29795,-0.2463,-9.0722,-0.031073,-0.025985,-0.0194,-1.0719,-0.09003,-0.025425,0.5830055346715227,0.873987,0.021038,-0.0008980000000000654,0.010078786890859276,0.006988354142892201,0.03802547154425293,0.006390176399231914,0.01802285212963804,77.92547420343897,0.0021631950202409,0.011657058614041814,0.03120491200712616,0.010455964203424036,0.01468039575878078,69.98427985751367,0.03967076295421812,0.03901615786232528,0.8304328547623062,1,0.031073,1,0.29795,0,0,1,0,-0.025763253907449244,0,-0.05286533031430478,0,-0.0651177775492141,0
2024-10-22 00:00:00+00:00,22,1.455,0.4834,1.0,89,442255.5316,-41809.6595,0.5166,48,228478.2641,3464.269376,126697.4743,87079.7931,-39617.6812,89,442255.5316,19,67307.70787514275,2634.961684442425,0.000493,165.9399,0.2477,0.313634,0.4517,-6.8203,-0.014643,-0.019645,0.0357,-0.8745,-0.035044,-0.010437,0.659088998130553,0.857517,-0.016469999999999985,0.017239999999999922,0.012623668785737807,0.0038225135989369595,0.018722003410754886,0.012813292094835522,0.01864412600696845,72.6745104397462,-0.004115426684119229,0.0031519696397038816,0.020908906887312628,0.010869392059722191,0.014917057826925654,70.63689929038443,0.03914799311440431,0.038977229885765914,0.8236168753695116,0,0.014643,1,0.313634,0,0,0,0,-0.027102076406855528,0,-0.039354523641764845,0,-0.048332132896017406,0
2024-10-23 00:00:00+00:00,24,1.7237,0.4959,1.0,85,514626.9709,-68258.6146,0.5041,43,259423.4687,4434.745213,161505.5101,93697.9922,-67807.5179,85,514626.9709,18,66570.68669610303,2564.507787436624,-0.000676,237.4911,0.5194,0.385305,-0.1953,-4.6864,-0.044989,0.00095,-0.0277,-1.0038,-0.111791,-0.041288,0.48673789088619285,0.865732,0.008214999999999972,0.012782999999999989,-0.025763253907449244,0.010078786890859276,0.0039019729574420936,0.016670914543681397,0.018687293762310337,63.75328147167535,-0.012497946719666855,0.0021631950202409,0.020629928504050363,0.008433152474286165,0.015050846639321809,69.95417288678225,0.03852307847061381,0.038942448303408206,0.8378311715993111,1,0.044989,0,0.385305,0,0,0,1,-0.012252447234909319,0,-0.021230056489161868,0,-0.04027662632403707,0
2024-10-24 00:00:00+00:00,20,1.2071,0.4964,1.0,91,457543.7224,-63269.2513,0.5036,50,230411.5595,4183.024833,124224.334,102907.8289,-21316.5051,91,457543.7224,21,67473.6657328994,2533.278002424098,0.000213,-277.7399,0.1789,0.339053,1.3807,-8.2037,-0.021479,-0.004152,0.1089,-0.4388,-0.051091,-0.016384,0.7340718054036838,0.852512,-0.013219999999999898,-0.02147499999999991,-0.027102076406855528,0.012623668785737807,-0.0003114854343912856,0.01698080424826451,0.018786150200942046,65.89837852906143,-0.011010419225603347,-0.004115426684119229,-0.002711675759512826,0.010208262482660047,0.015203635114687987,81.1509597729922,0.037544692064787284,0.03875458882708591,0.8484217390815382,0,0.021479,1,0.339053,0,0,0,0,-0.008977609254252547,0,-0.028024179089127736,0,-0.020056243607923685,0
2024-10-25 00:00:00+00:00,18,1.8298,0.5612,1.0,95,1296276.1302,-74984.3692,0.4388,64,568832.2894,23975.616764,470375.4465,257068.3943,-213307.0522,95,1296276.1302,13,67645.15746968288,2510.637005464902,0.00101,-210.6071,-0.0781,0.547365,-3.1722,-16.3192,0.012922,0.017415,-0.0099,-0.4879,0.029356,0.01579,0.8850047192173007,0.924817,0.07230499999999995,0.06730000000000003,-0.012252447234909319,-0.025763253907449244,0.006988354142892201,0.016234020318706265,0.01878465063216242,59.651133684297925,0.0134730435064699,-0.012497946719666855,0.011657058614041814,0.009048760584115415,0.015201976989644119,79.56530075971646,0.037114807613392226,0.038531174663990975,0.8191450219090848,1,-0.0,1,0.547365,0,0,0,1,-0.019046569834875193,0,-0.011078634353671122,0,0.0003302110947546403,1
2024-10-26 00:00:00+00:00,15,1.0593,0.6412,1.0,56,238475.5447,-68303.8358,0.3588,27,85564.8419,2774.186316,78657.5999,74253.103,-4404.4969,56,238475.5447,14,66908.29771680084,2463.270499073696,-0.000883,-237.5366,-0.369,0.432507,-1.5575,-3.9571,0.012233,-0.009737,-0.0321,-0.6683,0.040508,0.016836,-0.7914503900384521,0.848668,-0.07614900000000002,-0.017063999999999968,-0.008977609254252547,-0.027102076406855528,0.0038225135989369595,0.01604099381911878,0.01903943529461544,50.6182954589101,0.0025383854714134515,-0.011010419225603347,0.0031519696397038816,0.009552582894782608,0.015340779987698054,70.65798245401557,0.03681562053035408,0.03826131313608382,0.8200314961257367,0,-0.0,1,0.432507,0,0,0,0,0.007967935481204067,1,0.019376780929629852,1,0.062230600490009245,1
2024-10-27 00:00:00+00:00,13,1.1323,0.7221,1.0,45,185609.3632,-50045.0573,0.2779,20,51579.0335,3186.636503,71172.0098,62858.32,-8313.6898,45,185609.3632,12,67347.99392350142,2482.976081632742,0.002394,19.6743,-0.3506,0.424267,0.6647,-2.6741,-0.018017,0.013832,0.0281,-0.52,-0.030578,-0.012367,-1.237107974860081,0.82825,-0.020417999999999936,-0.024262000000000006,-0.019046569834875193,-0.012252447234909319,0.010078786890859276,0.015613393437491983,0.01878553353825553,52.21829410172325,-0.010952778852003279,0.0134730435064699,0.0021631950202409,0.010071067810859006,0.014910224778373806,73.11363878465,0.036867855105722686,0.03795497283621322,0.8242965801729624,0,0.018017,1,0.424267,0,0,0,0,0.011408845448425782,1,0.054262665008805194,1,0.07087986566214073,1
2024-10-28 00:00:00+00:00,17,1.3207,0.3851,1.0,77,596399.0118,-55214.9684,0.6149,49,366738.7203,4466.751749,130699.0638,98961.2277,-31737.8361,77,596399.0118,11,68556.24790463231,2511.4661825532107,-0.001369,463.0031,0.2024,0.379304,4.8488,2.421,-0.019,-0.002643,0.0508,-0.2473,-0.040154,-0.01467,0.13137590937394755,0.885398,0.05714799999999998,-0.03941899999999998,0.007967935481204067,-0.008977609254252547,0.012623668785737807,0.015319271991343574,0.01891707892146851,44.691476115725266,0.006550125486010897,0.0025383854714134515,-0.004115426684119229,0.012513317862871182,0.015226800605581296,70.53833757012086,0.036633658627976226,0.037521100789607235,0.8177998747825215,1,0.019,1,0.379304,0,0,1,0,0.04285381956037941,1,0.05947102021371497,1,0.03529159768073021,1
2024-10-29 00:00:00+00:00,23,1.4172,0.3663,1.0,116,1068124.6538,-59203.6357,0.6337,77,676824.8325,10178.039747,229419.0869,161880.7345,-67538.3523,116,1068124.6538,16,71511.94386433491,2621.4314895858365,-0.001122,192.264,0.4271,0.337438,0.9521,2.9214,-0.038257,-0.007578,-0.1267,-0.8986,-0.102671,-0.033135,1.7456501723267477,0.891567,0.00616899999999998,0.04289900000000002,0.011408845448425782,-0.019046569834875193,-0.025763253907449244,0.02364433605097063,0.020594902169432796,51.60343722104013,0.017781429043122,-0.010952778852003279,-0.012497946719666855,0.018463821524596805,0.016943490338711564,74.42554553781841,0.03665725399045153,0.037165280914756835,0.821764562753824,1,0.038257,0,0.337438,1,0,1,0,0.016617200653335558,1,-0.007562221879649181,0,-0.04144574204819763,0
2024-10-30 00:00:00+00:00,35,1.5554,0.5367,1.0,123,661575.2343,-60541.3527,0.4633,59,306485.2704,4087.362258,216130.7502,138959.2137,-77171.5366,123,661575.2343,29,72227.39181826475,2665.356285474249,0.000376,110.5558,0.5523,0.404159,0.5426,3.6593,-0.03969,-0.007689,0.2568,0.4551,-0.106559,-0.040611,1.9752519741109833,0.815026,-0.07654099999999997,-0.013224000000000014,0.04285381956037941,0.007967935481204067,-0.027102076406855528,0.021162817493978102,0.02061888552371753,54.59337773550318,0.0422099371894958,0.006550125486010897,-0.011010419225603347,0.01631776615052365,0.01613193772042655,72.61476294594569,0.03690229175353163,0.03693373995517367,0.8520001780732059,0,0.03969,0,0.404159,1,0,0,0,-0.02417942253298474,0,-0.058062942701533164,0,-0.06488723559318675,0
2024-10-31 00:00:00+00:00,24,1.0434,0.5463,1.0,79,586739.1875,-58468.2661,0.4537,38,266224.2676,7050.730154,163659.9096,156855.0104,-6804.8992,79,586739.1875,17,71521.59345785735,2601.6824105940373,0.000488,-304.1922,0.1799,0.408645,-2.9418,-0.6632,-0.007584,0.004401,-0.1393,-0.2696,-0.009576,-0.003769,0.16860299060737596,0.873164,0.05813800000000002,-0.012233999999999967,0.016617200653335558,0.011408845448425782,-0.012252447234909319,0.023212168244781017,0.020890146368117493,48.920192896999026,0.00995487921114302,0.017781429043122,0.0134730435064699,0.01815569979654423,0.01581053609514907,69.34533651008203,0.036376180742212154,0.036766809766234365,0.8584708799465922,1,0.007584,1,0.408645,0,0,1,0,-0.033883520168548426,0,-0.04070781306020199,0,-0.05873735644173042,0
2024-11-01 00:00:00+00:00,24,2.3067,0.5326,1.0,77,589106.3358,-45707.1967,0.4674,39,275362.0455,6145.785613,218861.9282,94882.3621,-123979.5661,77,589106.3358,14,69674.68961653014,2515.005012496202,-0.000357,-167.4378,-0.0304,0.429035,-2.0085,0.5005,-0.068101,0.007342,-0.0045,-0.3122,-0.157086,-0.065247,0.08074456941541436,0.884285,0.011120999999999936,-0.007282000000000011,-0.02417942253298474,0.04285381956037941,-0.008977609254252547,0.027084154440016436,0.019555144676535418,41.068566077085066,-0.00981995150512764,0.0422099371894958,0.0025383854714134515,0.022419794308494403,0.01578157816500563,56.747855888579295,0.03609639348719142,0.036621322033919955,0.8616495830789783,1,0.068101,0,0.429035,0,0,0,1,-0.006824292891653564,0,-0.024853836273181974,0,-0.026890331342457167,0
2024-11-02 00:00:00+00:00,12,1.8501,0.4447,1.0,51,302925.6087,-50817.7582,0.5553,30,168215.8969,6758.169797,87444.0696,47265.6421,-40178.4276,51,302925.6087,9,69500.84809039782,2497.900311792493,-7.9e-05,-333.0579,-0.4329,0.383141,-2.7286,-0.6706,-0.045185,-0.008371,-0.0297,-0.4907,-0.110894,-0.040509,-0.9724871963420723,0.849807,-0.03447800000000001,0.03478099999999995,-0.033883520168548426,0.016617200653335558,-0.019046569834875193,0.026005438088097493,0.01830955345185517,39.12106934632993,-0.026162291882972335,0.00995487921114302,-0.010952778852003279,0.021681560864150084,0.01565238697841553,55.12846416279001,0.035940573107015095,0.036496315259157246,0.858424235860704,0,0.045185,0,0.383141,0,0,0,0,-0.018029543381528408,0,-0.02006603845080358,0,-0.026671216546217964,0
2024-11-03 00:00:00+00:00,11,1.2853,0.3663,1.0,52,283072.4027,-51479.7337,0.6337,34,179373.7409,5524.48793,58323.0899,45375.5719,-12947.518,52,283072.4027,7,68517.33444198224,2453.267870058929,-1.2e-05,-54.158,-0.5222,0.354925,-0.0135,-1.3489,-0.035205,-0.007343,-0.0754,-0.8796,-0.086604,-0.029092,-1.0307906270091522,0.849358,-0.0004490000000000327,-0.023806000000000105,-0.006824292891653564,-0.02417942253298474,0.007967935481204067,0.026852739155236383,0.018535493724973862,34.19108106504987,-0.0024981633900041517,-0.00981995150512764,0.006550125486010897,0.022894286759996784,0.015945345827008087,50.32604058622809,0.03580506874703742,0.036344488636487926,0.8726392603828299,0,0.035205,0,0.354925,0,0,0,0,-0.0020364950692751704,0,-0.00864167316468953,0,0.06396234959996638,1
2024-11-04 00:00:00+00:00,16,1.977,0.3967,1.0,77,534328.1766,-56883.4243,0.6033,50,322366.4519,4525.130154,140762.6976,71199.0271,-69563.6705,77,534328.1766,11,68465.56569661903,2448.2768859201683,0.000294,114.2552,-0.3601,0.381848,1.0948,-5.1029,-0.058863,0.0062,0.2047,0.2268,-0.147947,-0.054216,0.20029105262472063,0.876615,0.027257000000000087,-0.007669999999999955,-0.018029543381528408,-0.033883520168548426,0.011408845448425782,0.026230827071349886,0.01847492780095132,30.686880338215516,-0.014252184434125374,-0.026162291882972335,0.017781429043122,0.021876021807448236,0.015935072964279137,51.26296303815802,0.03575924424211789,0.03621957229565102,0.8765572483911557,1,0.058863,0,0.381848,0,0,0,1,-0.006605178095414359,0,0.06599884466924158,1,0.14517164258740456,1
2024-11-05 00:00:00+00:00,20,2.0025,0.356,1.0,81,739238.5692,-59786.6958,0.644,51,476091.8717,6341.481983,175503.9751,87642.7225,-87861.2526,81,739238.5692,10,68957.90106109992,2432.158870842042,-0.000256,117.6148,-0.1936,0.37892,0.5864,-5.4685,-0.037279,0.009035,-0.0475,-0.0325,-0.095059,-0.034892,0.4172395133700897,0.896951,0.02033600000000002,0.047144000000000075,-0.0020364950692751704,-0.006824292891653564,0.04285381956037941,0.0164619097897302,0.018486110154001475,33.159288964685885,-0.0007558424850904393,-0.0024981633900041517,0.0422099371894958,0.012598439196946316,0.01595087250029667,56.91548026727034,0.03527019867798811,0.036021421536727674,0.8761464620708559,1,0.037279,0,0.37892,0,0,0,1,0.07260402276465594,1,0.15177682068281895,1,0.18402721862969934,1
2024-11-06 00:00:00+00:00,39,1.6093,0.6021,1.0,124,982391.5454,-68493.6565,0.3979,57,390886.6595,6302.661039,364812.5739,226692.312,-138120.2619,124,982391.5454,28,74062.19451380645,2615.311759008019,-0.000587,1512.9904,1.9378,0.50005,13.7537,7.7426,-0.039759,0.009946,0.0981,0.5089,-0.07526,-0.035987,2.45421283777122,0.869338,-0.027613,0.01998000000000011,-0.006605178095414359,-0.018029543381528408,0.016617200653335558,0.03505274190573982,0.022573455821594913,53.46234573208261,0.007165260526591488,-0.014252184434125374,0.00995487921114302,0.031758260547329824,0.02010083417841802,72.63913332724476,0.035312371935191315,0.03579429013410763,0.8716237718573191,0,0.039759,0,0.50005,1,0,0,0,0.079172797918163,1,0.11142319586504344,1,0.1487210568575065,1
2024-11-07 00:00:00+00:00,47,2.0258,0.4544,1.0,133,829873.4471,-85784.9632,0.5456,73,452760.2023,6320.295871,252478.6453,124634.5995,-127844.0458,133,829873.4471,13,75405.98739476559,2830.790801657049,-0.000128,-446.2832,1.2722,0.424146,-2.3115,8.3728,-0.052285,0.007618,-0.1384,-0.2409,-0.123158,-0.049362,2.730509644093104,0.850773,-0.018565000000000054,-0.02584200000000003,0.07260402276465594,-0.0020364950692751704,-0.02417942253298474,0.044888028280461546,0.026393796127782834,65.85375342531576,0.07140901776963884,-0.0007558424850904393,-0.00981995150512764,0.031540302514928696,0.01988678641720577,73.15304271945895,0.03754066353958455,0.035960644819446545,0.9158914972332669,0,0.052285,0,0.424146,1,0,0,0,0.03225039794688045,1,0.06954825893934354,1,0.11627101636455905,1
2024-11-08 00:00:00+00:00,21,0.9567,0.3941,1.0,93,570698.573,-67362.0969,0.6059,56,345813.9099,4414.853921,109952.0824,114932.5807,4980.4984,93,570698.573,16,76182.53920423632,2923.573021604682,-0.000569,-342.6996,0.7694,0.39934,-3.6927,6.6886,-0.011917,0.002481,-0.0301,-0.4267,-0.019409,-0.007432,0.8653966195642129,0.88309,0.03231700000000004,-0.013861000000000012,0.079172797918163,-0.006605178095414359,-0.033883520168548426,0.040336215486215174,0.026808736428375116,70.38529222546698,0.017981473667025464,0.007165260526591488,-0.026162291882972335,0.02783804919558326,0.019679372593085446,73.98825889571407,0.03837589363839568,0.03628628769819001,0.8296418970945919,1,0.011917,1,0.39934,0,0,1,0,0.037297860992463086,1,0.08402061841767863,1,0.09755853099752915,1
2024-11-09 00:00:00+00:00,36,2.9045,0.7655,1.0,78,656730.6874,-96650.9035,0.2345,29,154031.9997,17323.631016,373949.381,128749.3067,-245200.0742,78,656730.6874,13,76442.82648514054,3034.675097159545,0.000503,-448.9752,0.1198,0.711122,-3.9312,5.4861,-0.016407,-0.003654,0.0567,-0.1175,-0.015833,-0.010963,0.15042750659523524,0.880978,-0.0021120000000000028,0.011639999999999984,0.03225039794688045,0.07260402276465594,-0.006824292891653564,0.03858078013952852,0.026964967721432656,76.6272326154695,0.010245611853802803,0.07140901776963884,-0.0024981633900041517,0.02738427700240208,0.018912624408959196,77.73142831591278,0.039698624929174295,0.03682315224421275,0.8230773585089619,0,0.016407,1,0.711122,0,0,0,0,0.046722757425215554,1,0.06026067000506609,1,0.08496701888296686,1
2024-11-10 00:00:00+00:00,41,2.8844,0.6157,1.0,103,798743.3131,-128881.8014,0.3843,45,306982.2586,10024.900395,365162.4289,126598.6256,-238563.8033,103,798743.3131,17,79090.49618863588,3179.828053804289,-0.00011,805.8081,1.2412,0.505131,6.1039,11.6035,-0.097819,0.005494,-0.0346,-0.2947,-0.188492,-0.091395,1.302860362347008,0.883838,0.0028599999999999737,0.03306500000000001,0.037297860992463086,0.079172797918163,-0.018029543381528408,0.03313760882307758,0.02784234197841025,78.73138259840763,0.0034108030741530427,0.017981473667025464,-0.014252184434125374,0.025194187784199948,0.01946049500314064,80.01899875411945,0.04020493241337362,0.03745170419654649,0.79179568666246,1,0.097819,0,0.505131,0,0,1,0,0.013537912579850533,1,0.03824426145775133,1,0.009734929873912876,1
2024-11-11 00:00:00+00:00,52,1.4906,0.6769,1.0,134,869034.9169,-135497.6756,0.3231,62,280771.8036,7283.293164,352068.9515,236194.1617,-115874.7897,134,869034.9169,20,83055.82394047738,3223.1689990386017,9.9e-05,860.7276,2.3593,0.539378,4.1453,14.6539,-0.021388,-0.010221,-0.0985,-0.8347,-0.028338,-0.014465,2.622556275869426,0.845149,-0.03868899999999997,-0.037941,0.046722757425215554,0.03225039794688045,-0.0020364950692751704,0.030492537913011826,0.02783833855846774,78.83605370518643,0.034049623025350834,0.010245611853802803,-0.0007558424850904393,0.02520504900057417,0.020678952242885122,82.10103082516855,0.03880726054019416,0.03788713509627168,0.8042911585353585,0,0.021388,1,0.539378,1,0,0,0,0.0247063488779008,1,-0.003802982705937631,0,-0.01658030062066209,0
2024-11-12 00:00:00+00:00,30,0.7962,0.4377,1.0,148,1474485.1026,-112486.0893,0.5623,104,829072.1726,10421.258333,286096.5392,359316.3908,73219.8516,148,1474485.1026,14,88016.37370123039,3303.7936055617824,-0.00088,421.2103,2.7805,0.411459,8.6359,22.7034,0.020112,0.013661,0.0754,-0.4569,0.064102,0.024949,3.040364290082347,0.885713,0.04056399999999993,0.004734999999999934,0.013537912579850533,0.037297860992463086,-0.006605178095414359,0.0243086681901596,0.02794513493027823,77.90939030999907,0.048920241080587186,0.0034108030741530427,0.007165260526591488,0.025657684093679033,0.02237075144862197,82.99985921920162,0.037536125003018596,0.03821083885699032,0.7635359746191628,1,-0.0,1,0.411459,1,0,1,0,-0.028509331583838428,0,-0.04128664949856286,0,-0.07382003980865284,0
2024-11-13 00:00:00+00:00,42,1.961,0.4931,1.0,137,1062977.97,-117057.3187,0.5069,82,538816.484,7244.385057,347140.1767,177021.3093,-170118.8675,137,1062977.97,13,88922.44080005075,3210.9346213854114,0.000839,1677.3351,4.3805,0.430035,5.1201,14.0698,-0.06461,-0.028508,0.0594,-0.1372,-0.14814,-0.059779,2.454631102251513,0.857442,-0.028270999999999935,-0.026395999999999975,0.0247063488779008,0.046722757425215554,0.07260402276465594,0.03285062668052586,0.028266979140282738,71.83886436466484,0.05800990264324566,0.034049623025350834,0.07140901776963884,0.02115717512209157,0.02205230972368918,83.01534110911483,0.03610938467833396,0.03832469782029641,0.7377857281101174,0,0.06461,0,0.430035,1,0,0,0,-0.012777317914724431,0,-0.04531070822481438,0,-0.022097314762782507,0
2024-11-14 00:00:00+00:00,34,4.2159,0.3534,1.0,115,678563.8281,-119914.135,0.6466,71,438777.7597,4100.630005,193813.9142,45972.1542,-147841.76,115,678563.8281,10,89828.42031777982,3170.1684844914835,-0.00043,-1567.7455,2.428,0.356903,-3.3369,13.0444,-0.111835,0.023708,-0.0576,-0.4898,-0.316862,-0.106139,1.510857227022744,0.858875,0.0014330000000000176,0.013726000000000016,-0.028509331583838428,0.013537912579850533,0.079172797918163,0.027545185613685328,0.028423879766365564,73.81283446132608,0.010241676155541564,0.048920241080587186,0.017981473667025464,0.02185647634697861,0.021966013534176137,86.14749811291458,0.03529137519369256,0.03800337091374041,0.7084765753924325,0,0.111835,0,0.356903,1,0,0,1,-0.03253339031008995,0,-0.009319996848058048,0,-0.020983509223767058,0
2024-11-15 00:00:00+00:00,35,4.3713,0.4201,1.0,112,676632.3446,-146116.0118,0.5799,65,392347.0899,4193.250575,231358.9471,52926.3075,-178432.6396,112,676632.3446,12,89091.64907795464,3068.6917964541094,0.000176,-1186.3096,1.0502,0.378019,-12.4571,4.28,-0.109028,-0.018335,-0.0494,-0.7986,-0.290159,-0.103642,1.3609713369852623,0.858682,-0.00019300000000010975,-0.027031000000000027,-0.012777317914724431,0.0247063488779008,0.03225039794688045,0.03179889092293912,0.02930531807205161,74.05377998529812,0.01013687173270628,0.05800990264324566,0.010245611853802803,0.02484768001675443,0.022126382347671978,91.34177048501434,0.03444421366326964,0.03744170234586526,0.7008743266184784,0,0.109028,0,0.378019,0,0,0,0,0.0232133934620319,1,0.01154988108632292,1,0.01668991493206952,1
2024-11-16 00:00:00+00:00,29,1.3967,0.6337,1.0,85,462559.8608,-118017.4739,0.3663,47,169449.786,5979.846487,170810.1917,122299.8831,-48510.3086,85,462559.8608,9,91089.5500360014,3140.7597815927943,-0.000131,-653.2967,0.2904,0.488718,-4.9688,3.2424,0.007951,0.019664,-0.0591,-1.1542,0.031473,0.014539,0.24032491151658694,0.836445,-0.02223699999999995,-0.020997000000000043,-0.03253339031008995,-0.028509331583838428,0.037297860992463086,0.02994817079363006,0.02946354490289646,76.62976340639028,-0.008235805036463074,0.010241676155541564,0.0034108030741530427,0.023434378104360522,0.022128327535606538,92.66737075671462,0.034479913232104774,0.03669617210342676,0.7128345697435762,0,-0.0,1,0.488718,0,0,0,0,-0.01166351237570898,0,-0.00652347852996235,0,-0.003559120157097328,0
2024-11-17 00:00:00+00:00,25,2.0584,0.5813,1.0,75,374375.9959,-94695.2486,0.4187,40,156756.6426,5848.060058,146463.7898,71155.5635,-75308.2262,75,374375.9959,10,90384.3773215356,3104.3402934535097,0.000505,-284.5148,-0.0484,0.455025,-3.0226,-5.884,-0.038759,0.007333,0.0066,-1.0921,-0.072091,-0.031093,-0.17014931572444256,0.842238,0.005793000000000048,-0.016637000000000013,0.0232133934620319,-0.012777317914724431,0.046722757425215554,0.023876689619233143,0.02964066469833034,77.7813027737242,0.02217748416188858,0.01013687173270628,0.034049623025350834,0.025951335216646696,0.022364163347795604,94.60138668816361,0.034345983071942324,0.035859179340365144,0.7165513194467131,0,0.038759,1,0.455025,0,0,1,0,0.00514003384574663,1,0.008104392218611683,1,-0.0018819710546304786,0
2024-11-18 00:00:00+00:00,37,2.7586,0.532,1.0,109,770023.4081,-105523.1743,0.468,66,360377.9296,7061.302103,300657.8741,108987.6044,-191670.2697,109,770023.4081,6,90960.30545637892,3120.33778623669,1.7e-05,387.6541,0.3858,0.439471,2.408,-7.6213,-0.096265,0.00393,0.0678,-0.6722,-0.212792,-0.089204,1.2218026734511136,0.874506,0.03226799999999996,0.01582400000000006,-0.01166351237570898,-0.03253339031008995,0.013537912579850533,0.023079573264520644,0.02963908516490593,78.42012211045538,-0.007771653746822507,-0.008235805036463074,0.048920241080587186,0.022555643050070906,0.022340709037940946,94.93606590640479,0.03430438992680257,0.035215912109880634,0.7205815539792262,1,0.096265,0,0.439471,0,0,0,1,0.0029643583728650533,1,-0.007022004900377076,0,0.031390315237860365,1
2024-11-19 00:00:00+00:00,39,2.4616,0.5018,1.0,130,800063.2221,-140200.3001,0.4982,82,398573.5831,10197.86699,285504.8341,115984.8049,-169520.0292,130,800063.2221,9,91979.42421897592,3129.6013090967263,3.1e-05,86.8992,0.4725,0.400607,0.2029,-16.0544,-0.068846,-0.006117,0.0049,-0.6392,-0.17285,-0.06468,2.0144250368600694,0.842387,-0.03211900000000001,0.005942000000000003,0.00514003384574663,0.0232133934620319,0.0247063488779008,0.019686869382747278,0.029629925829075292,79.795585099383,0.006351772352391465,0.02217748416188858,0.05800990264324566,0.010917098010737258,0.022298348431889752,94.99897571612917,0.034025015221296306,0.03471432499820602,0.7208787784112539,0,0.068846,0,0.400607,0,1,0,0,-0.00998636327324213,0,0.02842595686499534,1,0.06303495229574355,1
2024-11-20 00:00:00+00:00,40,1.889,0.469,1.0,119,846247.6779,-133346.3757,0.531,71,449323.2316,7746.037723,259532.9214,137391.5248,-122141.3966,119,846247.6779,8,93388.48498014278,3098.503508930004,-0.000217,-198.3347,0.2267,0.443658,-0.8962,-22.0707,-0.043714,-0.009954,-0.1008,-1.2269,-0.083872,-0.035539,1.5291228059140576,0.871823,0.029436000000000018,0.029584999999999972,0.0029643583728650533,-0.01166351237570898,-0.028509331583838428,0.01755955725543912,0.029724530852421167,73.51558062694956,0.01114169466570379,-0.007771653746822507,0.010241676155541564,0.0113680324622703,0.022159476130317636,93.93375932433487,0.0331786462708849,0.03429564808285616,0.7241238928507266,1,0.043714,0,0.443658,0,1,1,0,0.03841232013823747,1,0.0730213155689857,1,0.08884850475035153,1
2024-11-21 00:00:00+00:00,51,1.1809,0.4313,1.0,157,1293762.4298,-118838.4612,0.5687,94,735797.9618,9654.649903,302125.4132,255839.0548,-46286.3584,157,1293762.4298,12,97063.86673593364,3219.8397009983587,0.000184,378.143,0.6552,0.411977,2.4289,-16.3048,-0.022217,0.0088,-0.008,-1.2575,-0.043814,-0.016951,2.865222464790402,0.871487,-0.00033600000000000296,-0.003018999999999994,-0.00998636327324213,0.00514003384574663,-0.012777317914724431,0.023484862588111183,0.029777493196894364,70.13908414496927,0.015203148241850258,0.006351772352391465,0.01013687173270628,0.01657513738474934,0.02229425145220568,94.37342519450416,0.033172382363027726,0.0339929348213326,0.728185945573853,0,0.022217,1,0.411977,0,1,0,0,0.03460899543074823,1,0.05043618461211409,1,0.04658102891663061,1
2024-11-22 00:00:00+00:00,44,2.848,0.5019,1.0,136,1301647.3356,-138166.1822,0.4981,79,648385.2598,15005.510343,483494.3812,169767.6946,-313726.6866,136,1301647.3356,13,98793.23378657296,3333.225892142589,6.7e-05,-401.5032,0.1654,0.439603,-1.7532,-5.601,-0.079986,-0.006696,-0.0161,-1.3642,-0.185966,-0.077808,2.000343966891141,0.869991,-0.0014960000000000528,0.027603999999999962,0.03841232013823747,0.0029643583728650533,-0.03253339031008995,0.020438264842044626,0.02949335005808571,70.35776029799753,0.03860113131433347,0.01114169466570379,-0.008235805036463074,0.014279882133204162,0.021875417645212992,94.51633569357288,0.03373941477959404,0.033892249266521804,0.7300535333379289,0,0.079986,0,0.439603,0,1,0,0,0.015827189181365855,1,0.011972033485882405,1,0.02952759592041937,1
2024-11-23 00:00:00+00:00,45,2.878,0.5422,1.0,127,477359.7158,-149143.3633,0.4578,75,218517.3969,4298.326039,192096.4475,66745.8714,-125350.5761,127,477359.7158,7,98450.26725105228,3386.4011866151814,0.000181,63.1656,0.2258,0.398859,-0.4471,-1.0793,-0.07338,0.018379,0.0828,-0.8632,-0.193327,-0.069864,1.6247774997331623,0.769798,-0.10019299999999998,-0.10202500000000003,0.03460899543074823,-0.00998636327324213,0.0232133934620319,0.019936078272750908,0.029248745979796972,68.24055480924362,0.017659936668981403,0.015203148241850258,0.02217748416188858,0.01531542748415738,0.022084928107774533,93.32654416521733,0.034397074595843576,0.03388041517562735,0.7142765224544164,0,0.07338,0,0.398859,0,1,0,0,-0.0038551556954834493,0,0.013700406739053544,1,-0.007635987734503136,0
2024-11-24 00:00:00+00:00,25,2.1631,0.5199,1.0,80,306937.0785,-146768.1552,0.4801,45,147350.2463,3317.843002,109134.3009,50452.5313,-58681.7697,80,306937.0785,10,97512.98426505824,3373.371215215497,-0.000322,-427.1197,-0.3015,0.405676,-2.9217,-0.9785,-0.0585,0.010204,0.0293,-0.6892,-0.127952,-0.048243,-0.14098742451927923,0.824057,0.05425900000000006,-0.04742999999999997,0.015827189181365855,0.03841232013823747,-0.01166351237570898,0.0186493967143553,0.02915088836776042,61.46241996301788,-0.003477598799055372,0.03860113131433347,-0.007771653746822507,0.01569427522356157,0.02238352081368395,89.1395918444833,0.03459407217038967,0.033915856475405536,0.7083214243012834,0,0.0585,0,0.405676,0,0,1,0,0.017555562434536993,1,-0.003780832039019657,0,0.030250734243353394,1
2024-11-25 00:00:00+00:00,33,2.1542,0.5243,1.0,129,1323960.8508,-155674.5508,0.4757,78,629777.7809,10153.782832,474099.0543,220084.0156,-254015.0387,129,1323960.8508,18,96860.682483783,3433.115532329445,0.000129,380.1642,0.1462,0.470905,2.9618,-0.4246,-0.06311,-0.028613,-0.0765,-1.1308,-0.13026,-0.059089,1.6517578768551178,0.898168,0.07411099999999993,0.028177000000000008,-0.0038551556954834493,0.03460899543074823,0.00514003384574663,0.01849205488969526,0.02866179938081163,62.05393310932586,-0.009565978581545525,0.017659936668981403,0.006351772352391465,0.017036885006343788,0.022245284556557072,84.1255940928691,0.035443850324967906,0.0340786365322863,0.707260813043196,1,0.06311,0,0.470905,0,1,0,1,-0.02133639447355665,0,0.012695171808816432,1,0.046459744488159115,1
2024-11-26 00:00:00+00:00,43,1.9803,0.5413,1.0,103,843925.1801,-152921.8654,0.4587,49,387137.1629,5966.405546,303519.6245,153268.3927,-150251.2319,103,843925.1801,11,93127.26751844176,3360.6411455375164,0.0002,-216.309,-0.1329,0.472062,-1.7789,-2.4065,-0.042604,-0.007875,0.0263,-0.9605,-0.082641,-0.037652,0.7035802115195419,0.890775,-0.007392999999999983,0.120977,0.017555562434536993,0.015827189181365855,0.0029643583728650533,0.022646118670551635,0.029264049075940886,53.30137135903499,-0.0067118580513646,-0.003477598799055372,0.01114169466570379,0.024848699422631147,0.0241501948736378,63.66135861065683,0.036086543018907076,0.034373140503373555,0.6794751419942063,0,0.042604,1,0.472062,0,0,0,0,0.03403156628237308,1,0.0677961389617158,1,0.06492012437708199,1
2024-11-27 00:00:00+00:00,38,1.5675,0.4663,1.0,122,962551.8891,-149645.1214,0.5337,67,513722.7232,7387.502398,274016.6771,174812.4888,-99204.1883,122,962551.8891,17,94181.14677653609,3476.9773514268786,-0.000256,381.5245,0.3237,0.434226,3.7029,2.1927,-0.057351,0.017339,-0.0504,-1.2445,-0.126599,-0.052813,1.3768007904808073,0.896062,0.005287000000000042,0.07200499999999999,-0.02133639447355665,-0.0038551556954834493,-0.00998636327324213,0.022222075908382512,0.029588902571021928,65.08139603741056,-0.03930665744054753,-0.009565978581545525,0.015203148241850258,0.024535720535590652,0.024114533108787545,63.83838622157312,0.03691797637245503,0.03490733051788358,0.6915783687510484,1,0.057351,0,0.434226,0,0,0,1,0.033764572679342714,1,0.03088855809470893,1,0.05391426107352931,1
2024-11-28 00:00:00+00:00,37,2.0725,0.6076,1.0,92,749121.3251,-165730.7051,0.3924,39,293936.1897,5930.283129,307035.2898,148149.8456,-158885.4441,92,749121.3251,16,95442.96992999777,3596.380459838471,-0.00017,-450.6034,-0.2534,0.493751,-4.39,-4.6262,-0.044225,0.01242,-0.0375,-1.4421,-0.085412,-0.040802,0.26772728653904215,0.888767,-0.0072950000000000514,-0.009400999999999993,0.03403156628237308,0.017555562434536993,0.03841232013823747,0.021515164677029817,0.02929490224474892,72.1387079906668,0.011252995580477028,-0.0067118580513646,0.03860113131433347,0.01944556420202322,0.023373489831808352,64.38261259063347,0.03768093619127968,0.03555140963620528,0.6853104944944801,0,0.044225,1,0.493751,0,0,0,0,-0.0028760145846337807,0,0.020149688394186627,1,0.029849865757494345,1
2024-11-29 00:00:00+00:00,15,1.5169,0.3231,1.0,89,807005.4621,-128560.9889,0.6769,67,546296.0771,5840.506569,157124.0294,103585.3556,-53538.6738,89,807005.4621,7,96854.8775630705,3586.0520765937404,0.000354,16.2808,-0.2497,0.395762,0.0054,-2.8676,-0.00418,0.011074,0.0566,-1.1128,-0.005303,-0.002027,0.1384642263927139,0.906305,0.017538000000000054,0.015530000000000044,0.033764572679342714,-0.02133639447355665,0.03460899543074823,0.020702888496913367,0.029371548576936805,80.52094840612051,0.013308874424604615,-0.03930665744054753,0.017659936668981403,0.01896036359571181,0.023391757556438065,69.23161339532747,0.037025002424462876,0.03602077929975798,0.6658559451033947,1,0.00418,1,0.395762,0,0,1,0,0.02302570297882041,1,0.03272588034212816,1,0.016947837672578226,1
2024-11-30 00:00:00+00:00,28,1.6497,0.6374,1.0,89,433636.1557,-120335.4885,0.3626,45,157223.572,4317.901709,172092.3282,104320.2555,-67772.0727,89,433636.1557,16,96791.38405492174,3669.5814170135,1e-05,-29.1159,-0.3043,0.44181,-0.0049,-2.4254,-0.031396,-0.000886,0.042,-0.8632,-0.061697,-0.025946,0.12169673840420142,0.860616,-0.04568899999999998,-0.03544599999999998,-0.0028760145846337807,0.03403156628237308,0.015827189181365855,0.021187923365389123,0.028741083913796643,80.50661370720866,0.014684855019992086,0.011252995580477028,-0.003477598799055372,0.018974311677136868,0.023185910183484693,65.51271774933461,0.03791227342023844,0.036522950560385806,0.6602434965124291,0,0.031396,1,0.44181,0,0,0,0,0.009700177363307746,1,-0.006077865306242151,0,-0.016918806626120955,0
2024-12-01 00:00:00+00:00,33,0.8891,0.7412,1.0,85,391605.1151,-109517.4637,0.2588,37,101344.9881,6547.989926,136607.8617,153652.2652,17044.4034,85,391605.1151,15,96901.71597699323,3705.350208953622,-0.000166,387.1406,0.1828,0.465425,3.7658,4.262,0.006074,0.007185,0.0238,-0.717,0.029376,0.012911,-0.03857692945566471,0.832886,-0.027730000000000032,-0.05588099999999996,0.02302570297882041,0.033764572679342714,-0.0038551556954834493,0.02014743175197149,0.027442004577697743,84.96393764141781,-0.00065576799565968,0.013308874424604615,-0.009565978581545525,0.01873295802901004,0.022230225980533206,68.41352818740471,0.038238231094208486,0.037043544692359924,0.6383239141094652,0,-0.0,1,0.465425,0,0,0,0,-0.015778042669549897,0,-0.02661898398942867,0,0.009553648160506582,1
2024-12-02 00:00:00+00:00,37,1.5495,0.5226,1.0,123,1198466.5997,-92513.591,0.4774,71,572155.4017,7476.360853,380649.5636,245661.6344,-134987.9293,123,1198466.5997,15,96140.08664307652,3647.345836312172,0.000216,1351.7862,1.8863,0.453639,6.4276,7.7279,-0.034487,-0.019816,-0.0009,-0.7101,-0.070802,-0.030936,1.384359539663011,0.900205,0.06731900000000002,-0.006099999999999994,0.009700177363307746,-0.0028760145846337807,0.017555562434536993,0.02277239360241586,0.027711478488096002,79.5876388828083,0.0011392448568010314,0.014684855019992086,-0.0067118580513646,0.018799122936860133,0.02236449627907109,64.52858824154686,0.03793782555920792,0.03739982686867993,0.6030197237167337,1,0.034487,1,0.453639,0,0,1,0,-0.010840941319878774,0,0.02533169083005651,1,0.060391997547920524,1
2024-12-03 00:00:00+00:00,44,1.4329,0.6385,1.0,122,1129382.8132,-89379.1145,0.3615,61,408264.5717,7489.758613,424714.0691,296404.1725,-128309.8966,122,1129382.8132,17,95467.23686779164,3608.0187307118463,-0.000124,-32.8075,1.7911,0.52186,3.2966,12.8035,-0.036188,0.01226,0.0068,-0.6567,-0.063597,-0.032095,1.3165520777657203,0.898391,-0.0018139999999999823,0.037775,-0.015778042669549897,0.02302570297882041,-0.02133639447355665,0.02072246491621683,0.02746733371135206,76.18808852795937,-0.007890863797643179,-0.00065576799565968,-0.03930665744054753,0.00952841095209595,0.022122729023165366,59.97902861020946,0.03779326656021722,0.03764364451743852,0.6088131013908878,0,0.036188,1,0.52186,0,0,0,0,0.03617263214993528,1,0.07123293886779933,1,0.08654208779674433,1
2024-12-04 00:00:00+00:00,48,1.3148,0.5569,1.0,146,1298558.4945,-89256.0458,0.4431,80,575419.3437,8033.149921,410740.929,312398.2218,-98342.7073,146,1298558.4945,18,96458.6390782606,3740.919458670112,-0.000183,-56.1311,1.6731,0.525572,0.3178,9.4183,-0.038377,-0.008044,-0.0117,-0.7075,-0.070287,-0.035375,2.1297611648656085,0.886913,-0.0114780000000001,0.054026999999999936,-0.010840941319878774,0.009700177363307746,0.03403156628237308,0.021145254258261695,0.027638207713668966,81.63557573992044,-0.007023244505488762,0.0011392448568010314,0.011252995580477028,0.009409761983129322,0.02201091835971378,58.905406981465475,0.03878262739779026,0.03791002323534355,0.6009892152796281,0,0.038377,1,0.525572,0,1,0,0,0.035060306717864045,1,0.05036945564680908,1,0.06710886930306234,1
2024-12-05 00:00:00+00:00,39,2.3503,0.4464,1.0,146,1063734.8345,-93896.8763,0.5536,96,588909.8072,5293.456065,333098.1427,141726.8847,-191371.258,146,1063734.8345,11,101197.82287216408,3874.403565948261,0.000346,-290.8917,1.2748,0.41538,-0.7834,13.0249,-0.059452,-0.004823,-0.0557,-1.0049,-0.14193,-0.055591,2.0579821301481913,0.875126,-0.011786999999999992,-0.025079000000000073,0.03617263214993528,-0.015778042669549897,0.033764572679342714,0.02138762111168022,0.027607081701450237,81.42650358024996,0.010331186699503418,-0.007890863797643179,0.013308874424604615,0.019349591230571353,0.02297767906847742,60.91994113985501,0.03828544385626276,0.03799638147319828,0.5885758304860724,0,0.059452,0,0.41538,0,1,0,0,0.015309148928945032,1,0.03204856258519833,1,0.028095245051672327,1
2024-12-06 00:00:00+00:00,30,1.2672,0.3549,1.0,142,1590474.1813,-95750.7023,0.6451,97,1026086.4592,11145.370788,315451.5889,248936.1331,-66515.4558,142,1590474.1813,15,98945.08131155402,3934.1737350031294,8e-05,-170.366,1.0395,0.387941,-3.2053,9.8142,-0.030384,-0.001466,0.024,-0.8518,-0.072951,-0.026887,1.8562985365063385,0.895886,0.02076,-0.0025050000000000905,0.035060306717864045,-0.010840941319878774,-0.0028760145846337807,0.02056105341319723,0.0254168426124854,80.1236242556751,0.0479629376238519,-0.007023244505488762,0.014684855019992086,0.02221926468543156,0.021030777976294907,50.392147898836015,0.03976118552690226,0.038387264773546766,0.5981317743946213,1,0.030384,1,0.387941,0,1,1,0,0.016739413656253296,1,0.012786096122727322,1,-0.015362905630867492,0
2024-12-07 00:00:00+00:00,27,0.8378,0.5091,1.0,85,544935.7435,-82572.0194,0.4909,48,267505.5109,8054.321374,126475.7625,150954.4702,24478.7077,85,544935.7435,10,99803.44166407367,4000.5837784314754,0.000266,-850.441,-0.0544,0.412618,-6.1493,3.6698,0.007404,0.005567,-0.0672,-1.2256,0.035171,0.013765,-0.15950516798031147,0.864284,-0.03160199999999991,-0.0226289999999999,0.015309148928945032,0.03617263214993528,0.02302570297882041,0.020196230519757913,0.022218286770224395,80.18930802037374,-0.022512281515141126,0.010331186699503418,-0.00065576799565968,0.02223856443015957,0.020972326302986267,53.39607044370341,0.04008462746101439,0.038697601065086185,0.48285104208825075,0,-0.0,1,0.412618,0,0,0,0,-0.003953317533525975,0,-0.03210231928712076,0,-0.08197577627519456,0
2024-12-08 00:00:00+00:00,20,0.8248,0.5833,1.0,77,337127.281,-82309.3954,0.4167,42,140464.6298,5862.631096,88889.9398,107772.7114,18882.7716,77,337127.281,15,99825.745434176,3984.799421281237,-1e-06,-303.5379,-0.4558,0.431142,-2.9475,-3.0434,0.020129,0.006401,0.0069,-1.1619,0.06812,0.027656,-0.44622143997760905,0.837799,-0.026485000000000092,-0.037327,0.016739413656253296,0.035060306717864045,0.009700177363307746,0.02113106424453757,0.02203647877562348,80.1608028357408,0.008637706348858704,0.0479629376238519,0.0011392448568010314,0.02226347182754353,0.021037189020516562,56.115722738809104,0.03991755237038295,0.03893750410453967,0.5118309876143475,0,-0.0,1,0.431142,0,0,0,0,-0.028149001753594787,0,-0.07802245874166856,0,-0.06855473819805918,0
2024-12-09 00:00:00+00:00,44,2.3731,0.5511,1.0,132,945560.7593,-93330.9907,0.4489,75,424433.5331,13163.138734,366633.1615,154494.0647,-212139.0969,132,945560.7593,13,98581.00622986804,3874.195296388632,0.000344,1799.9345,1.8166,0.471758,17.1766,7.7056,-0.040792,0.0194,0.1557,-0.2863,-0.077515,-0.035027,1.471695449267184,0.88024,0.04244100000000006,-0.015645999999999938,-0.003953317533525975,0.015309148928945032,-0.015778042669549897,0.02400584300265152,0.02250840405020941,71.07675468733909,0.00022345199636726942,-0.022512281515141126,-0.007890863797643179,0.022750835326109872,0.021382571176111143,54.45744877371778,0.03929961200999417,0.03913204502608057,0.5226767094988921,1,0.040792,1,0.471758,0,0,0,1,-0.04987345698807378,0,-0.040405736444464366,0,0.008056328378421018,1
2024-12-10 00:00:00+00:00,35,1.618,0.4628,1.0,119,892384.2816,-88929.9512,0.5372,72,479352.0101,4363.834445,255267.4457,157764.8258,-97502.6199,119,892384.2816,12,96961.02746674004,3685.7149341473214,-0.000466,-172.2071,1.56,0.422255,-6.9849,-2.5759,-0.064078,-0.045418,-0.0978,-0.8365,-0.146172,-0.058871,0.9986670086241031,0.885082,0.004842000000000013,0.020797999999999983,-0.028149001753594787,0.016739413656253296,-0.010840941319878774,0.032359366139891356,0.02367767766396676,64.64324009035829,-0.012547511864483083,0.008637706348858704,-0.007023244505488762,0.023756370689578397,0.021292106368444353,61.54343502553684,0.03801233372255271,0.03916334033498564,0.5711992540426236,1,0.064078,0,0.422255,0,0,0,1,0.009467720543609415,1,0.05792978536649482,1,0.05879654145790753,1
2024-12-11 00:00:00+00:00,28,4.4355,0.503,1.0,107,1292474.7757,-133585.7571,0.497,68,642313.2993,22187.784556,530547.4125,119614.0639,-410933.3485,107,1292474.7757,11,98736.85870843334,3720.775965270674,0.000293,-684.0526,0.6701,0.559423,-3.0643,-5.9581,-0.034226,0.001554,-0.0464,-1.0755,-0.056803,-0.031026,0.5685145553419576,0.913934,0.02885199999999999,0.07613500000000006,-0.04987345698807378,-0.003953317533525975,0.03617263214993528,0.02922508375225141,0.023638229879723093,61.65573829103605,-0.016569489391351805,0.00022345199636726942,0.010331186699503418,0.024377033559746773,0.019887447053238572,63.00351679673337,0.03768375876994428,0.03900635910243622,0.5660591801483356,1,0.034226,1,0.559423,0,0,0,1,0.04846206482288541,1,0.04932882091429814,1,0.044888210607572664,1
2024-12-12 00:00:00+00:00,32,2.0043,0.4804,1.0,103,806784.9389,-124754.963,0.5196,60,419238.2499,5664.228711,258551.1941,128995.4949,-129555.6992,103,806784.9389,11,100832.39115573492,3905.533150422923,-0.000242,74.6978,0.7482,0.422759,0.9208,-4.2538,-0.060886,-0.008229,-0.0861,-1.5158,-0.135817,-0.0551,0.4288113198995652,0.88926,-0.024673999999999974,0.009020000000000028,0.009467720543609415,-0.028149001753594787,0.035060306717864045,0.03224643511215322,0.024702505049123143,63.501022598062924,0.018149199480194046,-0.012547511864483083,0.0479629376238519,0.017233834585076234,0.017544776022439645,64.50668621589742,0.038732922086424135,0.03907028456388784,0.583905512657194,0,0.060886,0,0.422759,0,0,0,0,0.0008667560914127344,1,-0.0035738542153127256,0,-0.005795158533709594,0
2024-12-13 00:00:00+00:00,19,2.0279,0.3914,1.0,87,949680.4035,-133277.7508,0.6086,57,577996.0778,8605.127061,248929.6479,122754.6778,-126174.9701,87,949680.4035,11,100486.4096239176,3908.919762542588,-0.000172,-530.1077,0.0405,0.394387,-4.8883,-5.9367,-0.063948,0.004342,0.0299,-1.3279,-0.158652,-0.060538,-0.14555496068559795,0.907469,0.01820899999999992,0.022386999999999935,0.04846206482288541,-0.04987345698807378,0.015309148928945032,0.03164543399163013,0.023873023920097523,64.20724048487679,0.02100132629357488,-0.016569489391351805,-0.022512281515141126,0.014461313399597846,0.01756898190948519,60.334809067812316,0.03889998435780707,0.03894725582544567,0.6058284040728816,1,0.063948,0,0.394387,0,0,1,0,-0.004440610306725453,0,-0.006661914625122308,0,0.016862623557791966,1
2024-12-14 00:00:00+00:00,21,1.4163,0.5394,1.0,75,214556.7257,-139623.2519,0.4606,44,98816.8463,3323.521169,67839.84,47900.0394,-19939.8006,75,214556.7257,10,101493.17622919832,3891.600256206349,0.000445,-609.519,-0.7877,0.353578,-4.442,-4.2294,-0.029304,0.016506,-0.0065,-1.3411,-0.063964,-0.020765,-0.58281859282807,0.794518,-0.11295100000000002,-0.11941600000000008,0.0008667560914127344,0.009467720543609415,0.016739413656253296,0.030673161640136278,0.023688013748542326,60.31250788273777,-0.0034371541167243086,0.018149199480194046,0.008637706348858704,0.014568326885606811,0.017567012219005685,62.656064706148925,0.03834346702696633,0.038698518620581664,0.646204893776816,0,0.029304,1,0.353578,0,0,0,0,-0.0022213043183968474,0,0.02130323386451744,1,0.023486041002705377,1
2024-12-15 00:00:00+00:00,15,0.7106,0.5664,1.0,67,263002.8504,-138720.9665,0.4336,40,114028.3518,4907.558779,61887.8643,87086.6343,25198.77,67,263002.8504,12,102446.3236848368,3882.965421599958,0.00087,-75.7653,-0.893,0.403534,-0.6632,-1.9452,0.033759,0.004995,0.038,-1.112,0.104186,0.039612,-0.8524835389277456,0.81848,0.02396200000000004,-0.07078000000000007,-0.004440610306725453,0.04846206482288541,-0.003953317533525975,0.030680074892537226,0.022571026444929008,58.44130997303743,0.009969076220530776,0.02100132629357488,0.00022345199636726942,0.014748348769712073,0.017435122955740123,64.22314652613109,0.03790243790050887,0.03841064512488536,0.6556692640131403,0,-0.0,1,0.403534,0,0,0,1,0.023524538182914296,1,0.02570734532110224,1,-0.012188351543701986,0
2024-12-16 00:00:00+00:00,53,3.5828,0.4617,1.0,131,806827.7477,-138408.4028,0.5383,71,434302.0946,7185.12258,291238.4023,81287.2508,-209951.1515,131,806827.7477,7,105272.17261602888,3975.3932889143766,-0.001522,821.7025,0.2001,0.412961,5.6653,-13.4566,-0.094486,0.006162,0.0548,-0.7988,-0.223284,-0.08748,1.383851398232702,0.866922,0.048441999999999985,-0.040547,-0.0022213043183968474,0.0008667560914127344,-0.028149001753594787,0.030026081554889308,0.022578402120536585,65.10516004360737,0.009347423094407115,-0.0034371541167243086,-0.012547511864483083,0.01509895687036859,0.017632616766716826,71.11061269946786,0.03776300222675444,0.038191129441565407,0.6451284908454998,0,0.094486,0,0.412961,0,0,0,1,0.0021828071381879526,1,-0.035712889726616265,0,-0.09802146629296629,0
2024-12-17 00:00:00+00:00,49,1.2438,0.6167,1.0,129,1047026.7474,-134501.4086,0.3833,63,401314.1436,14236.943741,357933.132,287779.4718,-70153.6602,129,1047026.7474,17,106775.7276491326,3984.080283330028,0.000437,50.8575,0.257,0.561118,-0.5247,-6.9964,0.066959,-0.015021,-0.1183,-1.4181,0.134193,0.07261,1.2827108321674754,0.87307,0.006148000000000042,0.07855200000000007,0.023524538182914296,-0.004440610306725453,-0.04987345698807378,0.018956783396919637,0.022305516197016775,67.93404800727131,0.027210126513754904,0.009969076220530776,-0.016569489391351805,0.009851971311156693,0.017547211556021788,75.20427674423033,0.037312602508519574,0.03809116783956067,0.6449968035853514,1,-0.0,1,0.561118,0,0,1,0,-0.03789569686480421,0,-0.10020427343115423,0,-0.16932125561875605,0
2024-12-18 00:00:00+00:00,40,2.2712,0.4406,1.0,141,804386.0831,-95473.1229,0.5594,92,449941.7142,4105.833182,246089.8587,108354.5102,-137735.3485,141,804386.0831,9,104059.32848566916,3835.925724525672,0.000403,140.5491,0.4439,0.388778,3.0102,-0.9218,-0.056347,-0.006975,0.0926,-0.9041,-0.143122,-0.051913,1.6545257105160411,0.802747,-0.07032300000000002,-0.015732999999999997,0.0021828071381879526,-0.0022213043183968474,0.009467720543609415,0.026569163039176814,0.023847443568291795,54.50830747531351,0.014181514932623823,0.009347423094407115,0.018149199480194046,0.01756608039027516,0.0184535265943349,65.96651503706033,0.036862872174443714,0.037973898325917736,0.6288370032803388,0,0.056347,0,0.388778,1,0,0,0,-0.06230857656635002,0,-0.13142555875395182,0,-0.11212476723642513,0
2024-12-19 00:00:00+00:00,55,2.141,0.5352,1.0,137,1028595.9081,-105532.1212,0.4648,72,478126.6863,6857.730202,375218.9545,175250.2672,-199968.6873,137,1028595.9081,10,100325.64297277787,3604.208597556828,-0.000535,317.7826,0.862,0.449835,-0.7656,-2.6083,-0.061436,0.011308,0.053,-0.5885,-0.135314,-0.057695,1.4787334952442086,0.859462,0.05671499999999996,-0.007460000000000022,-0.03789569686480421,0.023524538182914296,0.04846206482288541,0.028812732743756904,0.026988073545468682,38.16456477361991,-0.02576942879791868,0.027210126513754904,0.02100132629357488,0.022860726576597542,0.019860160346503057,48.08578295366505,0.035925098417109426,0.037572780658872776,0.6693079641331032,0,0.061436,0,0.449835,0,0,0,1,-0.06911698218760179,0,-0.04981619067007509,0,-0.07894232511318139,0
2024-12-20 00:00:00+00:00,46,2.1327,0.4941,1.0,150,1149718.431,-116851.7338,0.5059,90,581598.2545,5516.190934,386766.2174,181353.959,-205412.2584,150,1149718.431,14,96334.71702444366,3363.5105508293327,0.000298,-88.9233,0.7289,0.468384,1.4049,3.6849,-0.031497,-0.013048,-0.0374,-0.8074,-0.061778,-0.027516,1.87166454806406,0.878326,0.018864000000000103,0.005256000000000038,-0.06230857656635002,0.0021828071381879526,0.0008667560914127344,0.035242738937544385,0.030080244530479024,28.185597640076963,-0.03653987766443774,0.014181514932623823,-0.0034371541167243086,0.02744969724764075,0.021232930258902518,44.52521605964848,0.0349148329358344,0.03700347331287668,0.7271513280111708,1,0.031497,1,0.468384,1,0,0,1,0.019300791517526703,1,-0.009825342925579586,0,-0.011094839891036051,0
2024-12-21 00:00:00+00:00,29,2.4302,0.4269,1.0,80,529309.3795,-127463.2545,0.5731,46,303332.1626,5270.062805,160098.8312,65878.3857,-94220.4456,80,529309.3795,5,97690.1268921453,3429.059505241108,-1e-05,-1275.9818,-0.9788,0.414906,-8.979,-0.8521,-0.050199,-0.007644,-0.0844,-1.3369,-0.113014,-0.044986,-0.5129612697259734,0.89036,0.01203399999999999,0.08761300000000005,-0.06911698218760179,-0.03789569686480421,-0.004440610306725453,0.03817491112938435,0.02949530169346253,28.69406175032904,-0.04059256211459399,-0.02576942879791868,0.009969076220530776,0.02787683297460905,0.020180414501146826,45.71115757374521,0.035101392682465836,0.036540319835090894,0.787377974551033,1,0.050199,0,0.414906,0,0,0,1,-0.02912613444310629,0,-0.030395631408562735,0,0.0010673776674436919,1
2024-12-22 00:00:00+00:00,19,3.1119,0.413,1.0,67,464673.9541,-145144.9404,0.587,43,272750.6378,5530.683864,145248.1736,46675.1426,-98573.031,67,464673.9541,5,96247.88426411751,3330.6247280355924,5.2e-05,-191.1664,-1.2067,0.440301,-1.8572,-2.046,-0.034966,-0.005545,-0.0735,-1.8372,-0.069952,-0.029692,-0.9439155516066591,0.893291,0.002930999999999906,0.033829,0.019300791517526703,-0.06230857656635002,-0.0022213043183968474,0.03766352905320947,0.029367968375065435,26.827320129924146,0.013971735673959335,-0.03653987766443774,0.009347423094407115,0.027228826078731255,0.020084511649165734,43.09147117807051,0.03460465394642751,0.0360692078416507,0.7787368693425457,1,0.034966,1,0.440301,0,0,1,0,-0.0012694969654564443,0,0.03019351211055,1,0.043729293346107936,1
2024-12-23 00:00:00+00:00,22,2.4943,0.3707,1.0,91,949324.1195,-136650.346,0.6293,59,597416.4438,13423.787614,251198.3334,100709.3423,-150488.9912,91,949324.1195,10,94679.96261929402,3326.399192769873,0.000383,356.1535,-0.7138,0.386849,1.8721,-5.8392,-0.085545,-0.012839,-0.0037,-1.8625,-0.218496,-0.081817,-0.1316427693670508,0.917644,0.02435300000000007,0.039317999999999964,-0.02912613444310629,-0.06911698218760179,0.023524538182914296,0.03362704874193775,0.029215211029143897,28.830073036771864,-0.014873507335879605,-0.04059256211459399,0.027210126513754904,0.0220897314522613,0.020280615306634987,42.4681636585855,0.03513308519295945,0.03569350540825141,0.7761919648395444,1,0.085545,0,0.386849,0,0,0,1,0.031463009076006444,1,0.0449987903115644,1,0.017489252064141418,1
2024-12-24 00:00:00+00:00,14,1.2356,0.2785,1.0,80,1116444.6391,-131309.2049,0.7215,57,805552.8586,15811.14053,171828.7263,139063.0542,-32765.6721,80,1116444.6391,9,95752.01161570074,3432.7215608278334,-0.000943,-307.4658,-1.101,0.360272,-1.6947,-7.0093,-0.002593,0.010413,-0.0103,-1.9232,0.001016,0.000356,-0.5097004994874457,0.932207,0.014562999999999993,0.04184699999999997,-0.0012694969654564443,0.019300791517526703,0.0021828071381879526,0.03902650816929453,0.02978538219354158,39.59288070083189,-0.016424601420086792,0.013971735673959335,0.014181514932623823,0.02146171303410351,0.020344293039441772,47.61206613703038,0.03585012474312299,0.03548458001319476,0.7758078306774698,1,0.002593,1,0.360272,0,0,0,1,0.013535781235557959,1,-0.013973757011865005,0,-0.021340172406675746,0
2024-12-25 00:00:00+00:00,16,3.9408,0.3763,1.0,65,298227.0414,-121175.5012,0.6237,40,185997.7987,5188.023998,89514.3328,22714.9099,-66799.423,65,298227.0414,9,98356.92505486729,3479.502019699253,0.000945,-146.8115,-1.2672,0.35484,-1.8247,-11.8442,-0.047467,0.010285,0.0727,-1.39,-0.129293,-0.043559,-1.011735391299131,0.85406,-0.07814699999999997,-0.039230999999999905,0.031463009076006444,-0.02912613444310629,-0.03789569686480421,0.040200498359569035,0.029715348199455406,40.303697838093996,0.011259247046629724,-0.014873507335879605,-0.02576942879791868,0.026021124729855682,0.02091152321638798,49.28977583352916,0.03537627897332346,0.035272209555891866,0.778562362775768,0,0.047467,0,0.35484,0,0,0,0,-0.027509538247422964,0,-0.034875953642233684,0,-0.03581822864501904,0
2024-12-26 00:00:00+00:00,37,1.7741,0.5982,1.0,88,550893.3998,-105745.1892,0.4018,39,221352.0471,6651.1896,210748.928,118792.4247,-91956.5032,88,550893.3998,12,96681.84722027332,3385.087134906387,-0.000677,102.4153,-1.11,0.470628,1.4159,-9.6627,-0.03324,0.018745,0.1041,-0.6215,-0.067143,-0.030746,-0.2279343308077886,0.880809,0.026748999999999912,-0.03683500000000006,0.013535781235557959,-0.0012694969654564443,-0.06230857656635002,0.03504168199640803,0.029892244221628495,27.981622349445004,0.026841317827394153,-0.016424601420086792,-0.03653987766443774,0.023383452242750485,0.019820374043787788,42.1459659187901,0.035012644381876935,0.035141858979430084,0.7849605664883074,1,0.03324,0,0.470628,0,0,1,0,-0.007366415394810722,0,-0.008308690397596054,0,-0.0028065403401794833,0
2024-12-27 00:00:00+00:00,16,0.8416,0.3319,1.0,81,640962.1717,-73787.1232,0.6681,57,428206.2896,6450.665525,97230.8391,115525.043,18294.2039,81,640962.1717,8,95513.21356616943,3360.2427961290136,8.4e-05,-43.9352,-1.1632,0.355153,-0.528,-11.5956,-0.020559,-0.007739,0.0183,-0.4825,-0.054743,-0.018768,-0.4822221805027214,0.891324,0.010515000000000052,-0.040883,-0.027509538247422964,0.031463009076006444,-0.06911698218760179,0.023117475343116974,0.02922672075393979,27.170944162785858,-0.017177292516112528,0.011259247046629724,-0.04059256211459399,0.01810109624054774,0.01987376347002287,40.81533777639318,0.035180920740365544,0.03517987152293453,0.8018368136325409,1,0.020559,1,0.355153,0,0,0,1,-0.0009422750027853324,0,0.004559875054631259,1,0.006494214317805856,1
2024-12-28 00:00:00+00:00,20,8.8749,0.5673,1.0,54,186251.1674,-72364.7713,0.4327,28,80586.6524,3699.455641,94964.2488,10700.2661,-84263.9827,54,186251.1674,6,94528.29175463856,3357.078014620347,1.1e-05,-162.4148,-1.3648,0.407563,-1.2041,-3.8207,-0.086019,0.02033,0.046,-0.1435,-0.213516,-0.08227,-1.4193183360708337,0.806024,-0.08530000000000004,-0.04803600000000008,-0.007366415394810722,0.013535781235557959,0.019300791517526703,0.021489188251090224,0.02847473662013071,27.460949355950987,-0.012161062327640084,0.026841317827394153,0.013971735673959335,0.016999834134494733,0.019816248681720126,37.15422675870879,0.03551400276368173,0.03523881582025109,0.8019621614863868,0,0.086019,0,0.407563,0,0,0,0,0.005502150057416591,1,0.007436489320591209,1,0.0020820558909172802,1
2024-12-29 00:00:00+00:00,11,0.761,0.351,1.0,60,372305.0061,-55749.2204,0.649,38,241620.0107,7791.088338,56474.5848,74210.4106,17735.8258,60,372305.0061,11,94472.144453801,3375.600070449009,0.000231,-16.041,-1.3617,0.325331,-0.1742,-2.1378,0.047167,-0.00264,-0.0405,-0.4217,0.163228,0.0502,-1.1970834750482597,0.854236,0.04821200000000003,-0.026572999999999958,-0.0009422750027853324,-0.027509538247422964,-0.02912613444310629,0.018217428454386616,0.028509907660501283,28.850854012211627,-0.010365426524646469,-0.017177292516112528,-0.014873507335879605,0.01642254926004522,0.019612579752417144,34.87957008474888,0.035731168059805744,0.035399746407876555,0.7963378336015574,0,-0.0,1,0.325331,0,0,0,1,0.0019343392631746173,1,-0.0034200941664992903,0,-0.010080183638338245,0
2024-12-30 00:00:00+00:00,15,1.8315,0.2518,1.0,83,981838.6616,-44622.8943,0.7482,62,734595.5755,13974.253845,159923.8973,87319.1888,-72604.7085,83,981838.6616,6,93291.30219048473,3382.1359454639605,5.7e-05,232.7871,-1.0366,0.314007,1.7019,-2.308,-0.043511,-0.019122,-0.006,-0.4628,-0.134806,-0.040859,-0.4004501138199349,0.920064,0.065828,0.028739999999999988,0.005502150057416591,-0.007366415394810722,-0.0012694969654564443,0.01816422153453385,0.02812859755718913,23.88687152086301,-0.0005941499778060652,-0.012161062327640084,-0.016424601420086792,0.0159425773238066,0.01972936612521041,26.153179490754965,0.03625349701474016,0.03555980523955951,0.8042841426998482,1,0.043511,0,0.314007,0,0,1,0,-0.005354433429673907,0,-0.012014522901512842,0,0.014998992822761797,1
2024-12-31 00:00:00+00:00,24,2.2382,0.3297,1.0,107,869571.2505,-55601.6809,0.6703,77,582895.9773,7434.562513,198146.2258,88529.0475,-109617.1783,107,869571.2505,6,93574.15710317672,3364.07492012351,-0.000635,271.1387,-0.6807,0.352261,2.3335,1.7202,-0.038224,0.000491,0.0908,0.2075,-0.102327,-0.034508,0.4216611178023911,0.89323,-0.026834000000000024,0.087206,0.0019343392631746173,-0.0009422750027853324,0.031463009076006444,0.012906946572618925,0.028033524692517995,22.946318593683827,-0.012578143965417999,-0.010365426524646469,0.011259247046629724,0.015071810821646254,0.019740185764990703,22.75193686087468,0.035950897387343965,0.03557420133159108,0.8066856172726583,0,0.038224,0,0.352261,0,0,0,0,-0.0066600894718389335,0,0.020353426252435726,1,0.04064151020401066,1
2025-01-01 00:00:00+00:00,14,6.3478,0.3622,1.0,64,849086.85,-78036.7792,0.6378,47,541527.1029,19993.543848,265702.4293,41857.3178,-223845.1115,64,849086.85,3,93829.9525053155,3341.74432459036,0.001542,839.4884,0.3906,0.347301,1.3446,4.8896,-0.157188,0.000688,0.0643,0.6814,-0.461052,-0.154845,-1.044441984358998,0.911791,0.01856100000000005,0.05755500000000002,-0.005354433429673907,0.005502150057416591,0.013535781235557959,0.010691477553108408,0.027941965899538585,25.49346725705888,0.003027366638975137,-0.0005941499778060652,0.026841317827394153,0.008250289792752781,0.01971061413003877,26.3897776809375,0.03561489945762308,0.03560828997220531,0.8065063381497917,1,0.157188,0,0.347301,0,0,0,1,0.02701351572427466,1,0.04730159967584961,1,0.07823036005872995,1
2025-01-02 00:00:00+00:00,17,2.4562,0.4701,1.0,79,639863.9635,-83006.7297,0.5299,54,339039.7351,9640.372428,213785.1924,87039.036,-126746.1564,79,639863.9635,8,96152.44065721724,3433.246926657004,-0.001807,554.1534,1.0839,0.407149,3.7935,7.2671,-0.087257,-0.008637,-0.1464,-0.3785,-0.21313,-0.083554,-0.5402474094473986,0.885351,-0.02644000000000002,-0.034712999999999994,-0.0066600894718389335,0.0019343392631746173,-0.027509538247422964,0.011995934025918033,0.028422383020076457,40.1266200314023,0.002729882087725218,-0.012578143965417999,-0.017177292516112528,0.013064229197523437,0.02020009150543906,39.73989821570634,0.03570628996196264,0.03570738219793183,0.8040341422376163,0,0.087257,0,0.407149,0,0,0,0,0.020288083951574953,1,0.05121684433445531,1,0.056086911273961364,1
2025-01-03 00:00:00+00:00,29,2.1943,0.3956,1.0,92,504830.571,-96285.7389,0.6044,56,305144.4207,3996.591707,137172.5055,62513.6448,-74658.8607,92,504830.571,7,97150.7710832572,3503.6123043230605,0.000401,-1130.1223,-0.3909,0.392259,-3.411,4.3841,-0.054092,0.012409,0.0268,-0.1602,-0.132307,-0.049698,-0.11398514742099833,0.873775,-0.01157600000000003,-0.019455,0.02701351572427466,-0.005354433429673907,-0.007366415394810722,0.012909195757821552,0.027835278964948824,60.34371738033448,0.024450727439236958,0.003027366638975137,-0.012161062327640084,0.01255567780663359,0.020200058266286732,52.3857820560952,0.03606365925104702,0.03583348769945777,0.811359048973921,0,0.054092,0,0.392259,0,0,0,0,0.030928760382880355,1,0.03579882732238643,1,0.04494073122408808,1
2025-01-04 00:00:00+00:00,17,0.554,0.3517,1.0,58,409076.8487,-78349.8729,0.6483,32,265213.499,9302.129561,51288.1351,92575.2147,41287.0796,58,409076.8487,9,98024.63474922204,3613.667857663065,-0.000111,-270.1029,-0.7453,0.341618,-2.7714,2.8168,0.024352,-0.004733,0.0298,0.1012,0.088499,0.028842,-1.3225271574647712,0.859549,-0.014225999999999961,-0.05224200000000001,0.020288083951574953,-0.0066600894718389335,-0.0009422750027853324,0.015438126521696212,0.02765428367962735,62.55116214436294,0.01032925726707292,0.002729882087725218,-0.010365426524646469,0.011339114466175089,0.018176191059127315,50.99504799868704,0.03686489490022552,0.03602647229039259,0.8186390458254527,0,-0.0,1,0.341618,0,0,0,0,0.004870066939506074,1,0.014011970841207744,1,-0.008930945593557886,0
2025-01-05 00:00:00+00:00,19,3.3412,0.6885,1.0,52,176416.3755,-90241.7921,0.3115,24,54947.9787,3614.339691,93488.003,27980.3938,-65507.6092,52,176416.3755,9,98059.3160709743,3631.309585356221,0.000205,-175.5287,-0.953,0.457592,0.2661,3.2571,-0.055943,0.011591,0.0231,0.3335,-0.114829,-0.05,-1.5091016624575595,0.790309,-0.06923999999999997,-0.09504199999999996,0.030928760382880355,0.02701351572427466,0.005502150057416591,0.01547418591861124,0.027489968591985648,73.40619944484824,0.008954709243123414,0.024450727439236958,-0.0005941499778060652,0.011263958545416014,0.017719366532224,55.928754702718585,0.03703176537278638,0.03621227190653268,0.8132388172630337,0,0.055943,0,0.457592,0,0,0,0,0.00914190390170167,1,-0.013801012533063938,0,-0.08310658827512499,0
2025-01-06 00:00:00+00:00,22,1.7593,0.3996,1.0,85,586480.3051,-89082.8155,0.6004,53,352112.8413,7135.345196,149429.6679,84937.7959,-64491.8721,85,586480.3051,10,100109.65701792546,3664.6588743585694,-0.000273,609.7623,-0.1466,0.350744,4.1567,5.7119,-0.048286,-0.023042,0.0578,0.909,-0.132332,-0.04444,-0.3614454866669695,0.876408,0.08609899999999993,0.0026329999999999965,0.004870066939506074,0.020288083951574953,0.0019343392631746173,0.015048494615016944,0.027339576385708043,75.153154312213,0.0003537395280830291,0.01032925726707292,-0.012578143965417999,0.009299270046864124,0.018062439615865393,67.26262184571877,0.036606447205212,0.03626269336231437,0.8672485928846835,1,0.048286,0,0.350744,0,0,1,0,-0.02294291643476561,0,-0.09224849217682664,0,-0.10812363129263888,0
2025-01-07 00:00:00+00:00,39,1.4883,0.6948,1.0,86,833569.1856,-89658.0931,0.3052,37,254413.4322,12997.73236,346399.9374,232755.8161,-113644.1213,86,833569.1856,10,100009.2460466617,3581.5380748646035,0.000407,-304.7326,-0.5303,0.520145,-3.6485,-0.27,-0.043567,0.021939,-0.0661,0.337,-0.079127,-0.039995,-0.32730058078149593,0.892053,0.01564500000000002,0.03250399999999998,0.00914190390170167,0.030928760382880355,-0.005354433429673907,0.019215550701719406,0.027582988865650068,61.53292831236117,0.02069359377211822,0.008954709243123414,0.003027366638975137,0.00991310713661213,0.018063544477891522,64.37952897871261,0.035812069547985104,0.036242860813834536,0.8608720287351582,1,0.043567,0,0.520145,0,0,1,0,-0.06930557574206103,0,-0.08518071485787326,0,-0.09091177277404751,0
2025-01-08 00:00:00+00:00,42,2.0245,0.3327,1.0,119,919795.4387,-72489.2648,0.6673,66,613770.7044,9854.122339,204844.0241,101180.7103,-103663.3138,119,919795.4387,11,95516.75396294706,3341.7237352417123,-0.00024,-152.9102,-0.7231,0.334591,-0.8888,-2.5034,-0.035404,-0.001493,0.0435,0.7945,-0.102319,-0.032655,0.8105964126277152,0.889246,-0.002807000000000004,0.09893699999999994,-0.02294291643476561,0.004870066939506074,-0.0066600894718389335,0.035437402082227495,0.02978399573488577,41.574404844092676,-0.0010035131929324488,0.0003537395280830291,0.002729882087725218,0.023384947619769666,0.019813183035638143,41.4011864510446,0.034985733880132035,0.0361529800170501,0.8547096287832928,0,0.035404,1,0.334591,0,0,0,0,-0.015875139115812224,0,-0.021606197031986463,0,-0.024104942598217622,0
2025-01-09 00:00:00+00:00,51,3.3564,0.5346,1.0,111,1028845.8713,-96880.4066,0.4654,52,478871.2836,12459.981197,423729.3682,126245.2195,-297484.1487,111,1028845.8713,8,93510.68700847622,3289.092277260675,0.000282,-155.4558,-0.9075,0.481587,-0.8435,-7.1404,-0.09461,-0.008043,-0.0561,0.2878,-0.194662,-0.091104,0.516641368286078,0.898574,0.009328000000000003,0.02216600000000002,-0.06930557574206103,0.00914190390170167,0.02701351572427466,0.03365089061495673,0.028639704356120444,43.694697696915554,-0.045960975913607406,0.02069359377211822,0.024450727439236958,0.022613835102089527,0.019956652752634755,40.440227111047534,0.03517343720255779,0.03607685819427798,0.8776667784992714,1,0.09461,0,0.481587,0,0,0,1,-0.005731057916174239,0,-0.008229803482405384,0,-0.006092200243153913,0
2025-01-10 00:00:00+00:00,24,1.7913,0.446,1.0,79,580768.613,-96704.572,0.554,47,321752.3087,5070.85201,166222.1616,92794.1427,-73428.0188,79,580768.613,8,94219.37914414649,3270.296211046498,-9.2e-05,-124.7436,-1.054,0.429468,-0.9472,-4.6766,-0.026388,0.007088,-0.0137,0.1744,-0.056271,-0.023368,-0.6233202117461689,0.888711,-0.009862999999999955,-0.003341999999999956,-0.015875139115812224,-0.02294291643476561,0.020288083951574953,0.031622612769310665,0.028531224780640005,44.010192214340776,-0.02122593694805536,-0.0010035131929324488,0.01032925726707292,0.022343530744147085,0.019694245435137765,45.98430340059235,0.0347093797555518,0.03588338969492152,0.877737706565218,0,0.026388,1,0.429468,0,0,0,0,-0.002498745566231144,0,-0.00036114232697965955,0,-0.043463132915035174,0
2025-01-11 00:00:00+00:00,14,1.6691,0.6593,1.0,49,178645.3389,-106820.5679,0.3407,25,60869.8168,3251.9208,73650.2067,44125.3154,-29524.8912,49,178645.3389,10,94397.3511527658,3262.134773812917,0.00068,-307.5907,-1.427,0.39071,-2.279,-4.1843,-0.021035,-0.011355,-0.0801,-0.6272,-0.043938,-0.016275,-1.6958047188958525,0.814931,-0.07378000000000007,-0.07431500000000002,-0.005731057916174239,-0.06930557574206103,0.030928760382880355,0.026557445261396924,0.026742423681620057,43.709812753230416,0.0075501545039032445,-0.045960975913607406,0.008954709243123414,0.02179361826719134,0.01924316744018332,49.570420236027395,0.03455748211126937,0.03555375929649921,0.8756895546247422,0,0.021035,1,0.39071,0,0,0,0,0.0021376032392514846,1,-0.04096438734880402,0,-0.022193751654819235,0
2025-01-12 00:00:00+00:00,16,1.5972,0.2104,1.0,46,538636.4302,-101185.1223,0.7896,21,425306.8718,22463.432051,69694.5242,43635.0342,-26059.49,46,538636.4302,9,94474.91402105712,3269.115381899455,0.000406,-71.7661,-1.4807,0.24845,-0.7458,-5.1961,-0.011339,0.0022,0.0395,-0.1862,-0.036975,-0.008779,-1.7519098584828288,0.891136,0.07620500000000008,-0.007437999999999945,-0.002498745566231144,-0.015875139115812224,0.004870066939506074,0.02624142458162322,0.026754680529321822,42.86688463957637,0.0018871291126312862,-0.02122593694805536,0.0003537395280830291,0.021814851008359105,0.019249418731076398,50.00907193308493,0.034602999280537214,0.03520679271189219,0.8746341956948631,1,0.011339,1,0.24845,0,0,0,1,-0.0431019905880555,0,-0.024331354894070702,0,0.004773158181935282,1
2025-01-13 00:00:00+00:00,44,2.2652,0.4511,1.0,120,787319.9911,-111631.9657,0.5489,65,432147.5701,7139.014559,246396.0985,108776.3224,-137619.7761,120,787319.9911,11,92925.93124673497,3131.203490193464,-0.000452,514.5434,-0.806,0.395439,4.3606,-4.9922,-0.021093,-0.017612,-0.0233,-0.4263,-0.046226,-0.017425,0.8236156428645234,0.881697,-0.009439000000000086,-0.007014000000000076,0.0021376032392514846,-0.005731057916174239,0.00914190390170167,0.02565002678067126,0.027596926934649355,35.501213236881426,0.0008213262289211234,0.0075501545039032445,0.02069359377211822,0.018736679230917423,0.019286568644937545,48.814600895405874,0.03369569126920621,0.03479097043531994,0.8761524740663471,0,0.021093,1,0.395439,0,0,0,0,0.018770635693984798,1,0.0478751487699908,1,0.06813762842857865,1
2025-01-14 00:00:00+00:00,31,1.9804,0.5155,1.0,86,466279.9888,-106693.098,0.4845,45,225899.3715,3981.170606,159726.3323,80654.2849,-79072.0474,86,466279.9888,10,95787.05075805724,3190.5332569154866,-0.000528,-145.0211,-0.9741,0.421789,-0.9461,-2.2898,-0.032205,-0.014954,-0.1086,-1.5767,-0.067557,-0.027388,-0.3608399181406572,0.869709,-0.011987999999999999,0.05477799999999999,-0.0431019905880555,-0.002498745566231144,-0.02294291643476561,0.02999963018308618,0.02799204454172298,40.51711807411398,-0.016531601543597427,0.0018871291126312862,-0.0010035131929324488,0.024328556987819574,0.02011009381038158,56.06098540445851,0.0333086072873698,0.03443333296951774,0.8792156815439656,0,0.032205,1,0.421789,0,0,0,0,0.029104513076006,1,0.04936699273459387,1,0.06445080695786462,1
2025-01-15 00:00:00+00:00,35,2.0868,0.5927,1.0,93,364111.8004,-102738.3587,0.4073,46,148305.442,3369.718998,145893.2487,69913.1097,-75980.139,93,364111.8004,12,97979.0698785548,3284.7566862458084,4.8e-05,180.2853,-0.7283,0.450177,0.0504,-1.3506,-0.056179,0.012939,0.114,-0.3225,-0.117369,-0.050517,-0.1181095789541921,0.85461,-0.015098999999999974,-0.03652600000000006,0.018770635693984798,0.0021376032392514846,-0.06930557574206103,0.023489837928976295,0.028216391468305884,47.14952855427494,0.030324768679778822,0.0008213262289211234,-0.045960975913607406,0.018815217211432908,0.019894881683626065,60.17088484529741,0.03352508541178508,0.03422466890261104,0.8796419712312021,0,0.056179,0,0.450177,0,0,0,0,0.02026247965858787,1,0.03534629388185863,1,0.011946511197953147,1
2025-01-16 00:00:00+00:00,31,1.5982,0.6044,1.0,86,633650.9888,-72837.2572,0.3956,43,250672.2207,5904.709182,235577.6029,147401.1652,-88176.4377,86,633650.9888,12,99550.02726755325,3351.9928874598786,-0.000223,-125.3655,-0.8682,0.480882,0.5384,0.0313,-0.043265,0.010955,0.0502,0.24,-0.085087,-0.039669,-0.3620736272858022,0.893153,0.038542999999999994,0.011456000000000022,0.029104513076006,-0.0431019905880555,-0.015875139115812224,0.024014413691207596,0.028595693078488787,45.939886312729165,0.022626376892396702,-0.016531601543597427,-0.02122593694805536,0.01559672119860434,0.01994685948487659,58.50407297074912,0.03367144117852399,0.03401009804203478,0.8821964211893619,1,0.043265,1,0.480882,0,0,1,0,0.01508381422327076,1,-0.008315968460634711,0,-0.014881329554566156,0
2025-01-17 00:00:00+00:00,32,2.6747,0.5229,1.0,93,766944.0617,-88455.4085,0.4771,51,365935.2191,4866.737104,291881.9602,109126.8824,-182755.0778,93,766944.0617,10,102668.25481958291,3402.936975126717,0.000535,180.4224,-0.6305,0.475835,1.3991,2.3776,-0.069351,-0.002381,0.025,0.5017,-0.140453,-0.064785,-0.13631148523433914,0.896878,0.0037249999999999783,0.027169,0.02026247965858787,0.018770635693984798,-0.005731057916174239,0.024084144334091832,0.02817538990634947,44.96891699309091,0.015906421225413032,0.030324768679778822,0.0075501545039032445,0.017605892928520193,0.020327719527225244,62.292623796257914,0.03314497729708796,0.03378661197653995,0.8890557852768746,1,0.069351,0,0.475835,0,0,1,0,-0.02339978268390547,0,-0.029965143777836906,0,-0.027928794145712667,0
2025-01-18 00:00:00+00:00,48,1.8609,0.661,1.0,119,524374.7365,-99138.3511,0.339,55,177748.593,3491.130331,225465.8167,121160.3267,-104305.49,119,524374.7365,16,103734.5472716216,3324.233403798967,7.7e-05,674.3928,0.2226,0.453821,5.7027,10.3593,-0.043042,0.011225,0.098,1.5443,-0.081644,-0.034938,0.7646321007530974,0.836239,-0.060639,-0.018371000000000026,0.01508381422327076,0.029104513076006,-0.002498745566231144,0.026446802630161463,0.026226554059371857,35.20970325031834,0.030842658789445313,0.022626376892396702,0.0018871291126312862,0.0170567596672169,0.019229721125365546,62.52239941647952,0.03204557682306837,0.033427768363939805,0.8756851101959247,0,0.043042,1,0.453821,0,0,0,0,-0.006565361093931434,0,-0.004529011461807186,0,-0.012190646207727095,0
2025-01-19 00:00:00+00:00,68,2.242,0.5146,1.0,159,901868.8801,-120815.5927,0.4854,73,437763.3868,6568.969607,320952.8372,143152.6562,-177800.181,159,901868.8801,18,104739.99351330534,3302.480098432632,0.000166,2744.3131,3.4341,0.429949,17.1229,28.2279,-0.067834,-0.021732,-0.1615,-0.2233,-0.157748,-0.062665,2.1067032584215473,0.817309,-0.018930000000000002,-0.07584400000000002,-0.02339978268390547,0.02026247965858787,0.0021376032392514846,0.02668084322475634,0.023059042057720032,33.28417996695714,0.01033224284984657,0.015906421225413032,0.0008213262289211234,0.01627384405832849,0.017590091609787948,64.00207301420488,0.03153026831162741,0.03298880679695269,0.8321032972089442,0,0.067834,0,0.429949,1,0,0,0,0.002036349632124249,1,-0.005625285113795651,0,-0.0010556782079115309,0
2025-01-20 00:00:00+00:00,52,1.8787,0.585,1.0,139,745000.2673,-120161.4765,0.415,69,309142.6642,4497.692416,284449.2827,151408.3203,-133040.9624,139,745000.2673,18,104583.87732679084,3309.211954446171,-0.001678,-539.0556,2.6465,0.432062,0.4557,24.323,-0.01797,-0.00027,-0.0715,-0.9897,-0.028408,-0.011581,1.3787196169238813,0.852088,0.034779000000000004,-0.044789999999999996,-0.006565361093931434,0.01508381422327076,-0.0431019905880555,0.018237075975600175,0.022758460449958298,31.57165996088831,0.009645820862362726,0.030842658789445313,-0.016531601543597427,0.011849115809889475,0.01747728547922073,60.114072382530274,0.03164170270820953,0.03269537985966745,0.7874036250742066,0,0.01797,1,0.432062,0,0,0,1,-0.0076616347459199,0,-0.003092027840035769,0,-0.023538848675537755,0
2025-01-21 00:00:00+00:00,52,1.6539,0.5879,1.0,124,707761.5219,-123509.7721,0.4121,60,291703.3214,4981.062466,259284.1586,156774.042,-102510.1166,124,707761.5219,12,103693.89137855974,3283.954860021015,0.001013,-2300.3815,0.0114,0.393099,-17.2355,8.0337,-0.028062,0.007917,0.0154,-0.8157,-0.069143,-0.025841,0.8460210561858433,0.854868,0.0027800000000000047,0.018629000000000007,0.002036349632124249,-0.02339978268390547,0.018770635693984798,0.018347000676725803,0.02217982741415188,33.416369125942836,-0.0014916236245175372,0.01033224284984657,0.030324768679778822,0.013494349480490693,0.01730051622591488,58.087093748320385,0.03166970412974608,0.03246125083714978,0.7818948099500254,0,0.028062,1,0.393099,0,0,1,0,0.00456960690588413,1,-0.015877213929617842,0,0.023874863296316183,1
2025-01-22 00:00:00+00:00,42,3.2097,0.5208,1.0,102,730224.6527,-141173.1874,0.4792,49,349920.1744,6919.311857,289964.2621,90340.2161,-199624.046,102,730224.6527,11,104959.40432835858,3298.9955817484315,-0.000238,-446.6697,-0.4996,0.402417,-4.8428,3.1405,-0.070362,0.005885,-0.0151,-0.958,-0.172819,-0.067075,0.08798937008962666,0.893017,0.03814899999999999,0.075708,-0.0076616347459199,-0.006565361093931434,0.029104513076006,0.014774974270476958,0.02219818567701463,46.730489158512505,-0.008546196462705907,0.009645820862362726,0.022626376892396702,0.01258237310026494,0.01700737584890458,74.82635640720636,0.03143115762574015,0.032162118296286214,0.7733281396034123,1,0.070362,0,0.402417,0,0,0,1,-0.020446820835501974,0,0.01930525639043206,1,0.004036034313272315,1
2025-01-23 00:00:00+00:00,48,2.5612,0.5672,1.0,117,812010.5429,-157421.2171,0.4328,57,351435.3942,9990.094461,331243.8974,129331.2514,-201912.646,117,812010.5429,12,103168.6704265488,3232.2265436066814,0.000847,98.1095,-0.3917,0.443673,-1.208,1.3941,-0.104255,-0.011622,-0.0426,-1.384,-0.233005,-0.099407,0.5927243919066422,0.883948,-0.009068999999999994,0.03186,0.00456960690588413,0.002036349632124249,0.02026247965858787,0.01372870805434873,0.021655394147310804,45.66957391999541,0.012130443121714612,-0.0014916236245175372,0.015906421225413032,0.01574529786121086,0.017346601596229177,76.44391695062151,0.03132953570345635,0.03182756037127655,0.7885596357963979,0,0.104255,0,0.443673,0,0,0,0,0.03975207722593404,1,0.024482855148774293,1,0.02743011903297178,1
2025-01-24 00:00:00+00:00,50,2.7161,0.6129,1.0,110,768477.177,-162384.4063,0.3871,49,297503.794,7597.713748,344235.3925,126737.9905,-217497.402,110,768477.177,11,105030.88241639908,3363.3022686155896,-0.000397,-15.8859,-0.4183,0.491643,2.1829,2.1779,-0.094288,-0.018038,0.039,-0.9472,-0.18688,-0.088935,0.33675726195698646,0.891992,0.008044000000000051,0.037124000000000046,-0.020446820835501974,-0.0076616347459199,0.01508381422327076,0.02102805591593504,0.022802760582393646,55.956619648730225,-0.01720842413514524,-0.008546196462705907,0.030842658789445313,0.012678153645611574,0.01698645788751394,77.68533882041716,0.032022031913258094,0.031667139602157994,0.8034270407716573,1,0.094288,0,0.491643,0,0,0,1,-0.01526922207715974,0,-0.012321958192962256,0,-0.07394267916128092,0
2025-01-25 00:00:00+00:00,17,1.3282,0.8288,1.0,105,465744.1942,-155257.2065,0.1712,19,79733.1467,13208.537323,220213.0695,165797.978,-54415.0915,105,465744.1942,69,104702.248186344,3312.3373469157427,-3.3e-05,-489.69,-0.9825,0.576947,-4.3619,-7.8867,-0.024283,-0.014385,-0.397,-4.505,-0.037902,-0.021373,0.14347955747448352,0.889232,-0.0027599999999999847,-0.0037849999999999273,0.03975207722593404,0.00456960690588413,-0.02339978268390547,0.019817693575930734,0.022420824646072642,53.07707723394819,0.01788919934536215,0.012130443121714612,0.01033224284984657,0.012443935954544606,0.016624011997361608,76.23894105535732,0.03163578055191905,0.031608597277708095,0.8034359514569756,0,0.024283,1,0.576947,0,0,0,0,0.00294726388419749,1,-0.05867345708412117,0,-0.04411623544280616,0
2025-01-26 00:00:00+00:00,25,1.6352,0.7002,1.0,66,211780.0402,-134963.6712,0.2998,30,63484.8241,3401.296911,92020.3251,56274.8911,-35745.434,66,211780.0402,11,104854.5198877222,3322.114079378812,0.000707,-95.3927,-1.0793,0.468436,-1.0406,-26.0502,-0.006986,0.053882,0.3318,-1.3556,-0.005989,-0.002684,-1.2263967287230684,0.831735,-0.05749700000000002,-0.052212999999999954,-0.01526922207715974,-0.020446820835501974,-0.006565361093931434,0.019658945299975247,0.022394520991815603,53.2296715498095,-0.0031338348697523164,-0.01720842413514524,0.009645820862362726,0.011904660805705581,0.016389741111321795,76.31475411900001,0.031683079403120804,0.03163042743363572,0.7941102135693934,0,0.006986,1,0.468436,0,0,0,0,-0.06162072096831865,0,-0.04706349932700365,0,-0.062180620809293055,0
2025-01-27 00:00:00+00:00,37,2.344,0.4833,1.0,124,864538.4437,-139946.9961,0.5167,73,446720.5011,6120.476493,292871.0894,124946.8532,-167924.2363,124,864538.4437,14,100388.4473160333,3123.582655941684,-0.00105,511.0956,-0.49,0.452072,4.3206,-22.1853,-0.054765,0.004367,0.1717,0.2478,-0.124481,-0.053915,0.8114337195943236,0.874454,0.04271899999999995,-0.017538000000000054,0.00294726388419749,0.03975207722593404,0.002036349632124249,0.030661409906713594,0.02503187974722016,49.544506165354065,0.0014532742566851333,0.01788919934536215,-0.0014916236245175372,0.02042621099723581,0.018332980506874607,67.16099610035681,0.031114961327256316,0.031555178664928116,0.7963058154096395,1,0.054765,0,0.452072,0,0,1,0,0.01455722164131501,1,-0.0005598998409744021,0,0.02936834120761484,1
2025-01-28 00:00:00+00:00,29,2.8747,0.3998,1.0,104,872247.4141,-149404.9233,0.6002,64,523543.5231,5936.44905,258709.749,89994.1419,-168715.6071,104,872247.4141,11,102329.73569460324,3169.385916230289,0.000744,-441.4482,-0.9798,0.421791,-4.0086,-8.9584,-0.059414,-0.000731,-0.1009,-0.6829,-0.136651,-0.055697,0.11636503397000211,0.900781,0.0263270000000001,0.011549000000000031,-0.06162072096831865,-0.01526922207715974,-0.0076616347459199,0.031858802313562244,0.02518461481683044,48.73702966080865,-0.04352673048799289,-0.0031338348697523164,-0.008546196462705907,0.02240387059599086,0.018589165621423348,65.44576687210278,0.030972286742625085,0.03145554760962512,0.8458922805113456,1,0.059414,0,0.421791,0,0,0,1,-0.015117121482289405,0,0.01481111956629983,1,0.03965633158553142,1
2025-01-29 00:00:00+00:00,38,2.5124,0.7277,1.0,76,342901.5052,-136236.658,0.2723,27,93366.211,3655.196457,178490.7418,71044.5525,-107446.1893,76,342901.5052,11,102459.77415618372,3121.8342520205656,-0.000301,-200.7704,-1.1911,0.497941,-1.6751,-5.7907,-0.054861,-0.005562,0.0385,-0.298,-0.104408,-0.050203,-0.8689553052304185,0.865548,-0.03523300000000007,0.03381299999999998,0.01455722164131501,0.00294726388419749,0.00456960690588413,0.03173441808305666,0.025282621548321386,39.7966307221798,0.01915316815871312,0.0014532742566851333,0.012130443121714612,0.0216337817831269,0.01836826922613009,61.61283617950614,0.03046887695908663,0.031318078942960334,0.8516715935222384,0,0.054861,0,0.497941,0,0,0,0,0.02992824104858924,1,0.05477345306782082,1,0.04136533428417386,1
2025-01-30 00:00:00+00:00,27,1.3307,0.5415,1.0,79,404905.8478,-111835.8031,0.4585,39,185657.8708,3813.787341,125177.3191,94070.6579,-31106.6612,79,404905.8478,13,105116.15547470348,3216.6774255648,1.7e-05,-15.0069,-1.194,0.433247,-0.023,-4.6057,-0.032673,0.00452,0.0213,-0.0789,-0.066122,-0.027455,-0.7645380665043674,0.864821,-0.0007270000000000332,-0.009633000000000003,-0.015117121482289405,-0.06162072096831865,-0.020446820835501974,0.03403917853347558,0.02596485020452339,42.04378124384658,0.0012699720718380783,-0.04352673048799289,-0.01720842413514524,0.023094623454098153,0.018820716328844096,63.45214729699812,0.03060117078139243,0.031214026811236913,0.8650705673080049,0,0.032673,1,0.433247,0,0,0,0,0.024845212019231584,1,0.011437093235584618,1,-0.05132367498604226,0
2025-01-31 00:00:00+00:00,24,4.2247,0.6615,1.0,99,1165800.9927,-148758.5968,0.3385,60,394653.3818,44608.964674,623552.2844,147595.3265,-475956.958,99,1165800.9927,15,104035.00025756622,3297.597534311326,0.000181,101.8884,-1.0768,0.52939,0.2618,-6.5268,-0.218186,-0.00069,0.0707,0.6147,-0.414067,-0.214022,-0.07973298859945446,0.919052,0.05423100000000003,0.018270999999999926,0.02992824104858924,0.01455722164131501,0.03975207722593404,0.031455703004663,0.026382449688327304,44.14909824612835,0.025595707044132603,0.01915316815871312,0.01788919934536215,0.022450042086914875,0.01899858211330058,53.63877545560738,0.031697001260607,0.031167593860858187,0.8718875928088187,1,0.218186,0,0.52939,0,0,1,0,-0.013408118783646958,0,-0.07616888700527384,0,-0.22072702589429422,0
2025-02-01 00:00:00+00:00,24,1.6109,0.7181,1.0,68,280576.7995,-147720.0413,0.2819,29,79090.4602,3765.369947,124315.7713,77170.5681,-47145.2032,68,280576.7995,15,101974.9547410668,3253.678051667197,0.000601,-180.1749,-1.2718,0.466135,-0.9316,-3.0965,-0.026355,0.006174,0.0838,1.4034,-0.047215,-0.021127,-1.2100114343971584,0.855577,-0.06347499999999995,-0.009970999999999952,0.024845212019231584,-0.015117121482289405,-0.01526922207715974,0.031340580830800456,0.025960661735112734,45.85408615197778,-0.010338597875962903,0.0012699720718380783,-0.0031338348697523164,0.023550165988976527,0.01903689037825543,45.53044054628958,0.03190663884018272,0.031206287902038714,0.8248308638237475,0,0.026355,1,0.466135,0,0,0,0,-0.06276076822162688,0,-0.20731890711064727,0,-0.16029893980518245,0
2025-02-02 00:00:00+00:00,38,2.3272,0.4691,1.0,101,790945.0465,-163756.3557,0.5309,46,419925.9472,14813.524178,259509.3671,111509.7322,-147999.635,101,790945.0465,17,99107.35933412488,3055.750717340712,0.000809,536.6159,-0.6754,0.427125,1.516,-0.5399,-0.074348,0.017882,0.0804,2.1722,-0.170906,-0.069613,-0.02425977656017336,0.880998,0.025420999999999916,0.016176999999999997,-0.013408118783646958,0.02992824104858924,0.00294726388419749,0.03845208745207547,0.02788195500150941,37.671735322076145,-0.0200001420825982,0.025595707044132603,0.0014532742566851333,0.025115452246287705,0.01975588672968415,36.85505968980773,0.03083273268374278,0.031084809799270422,0.8133229568750004,1,0.074348,0,0.427125,0,0,0,1,-0.1445581388890204,0,-0.09753817158355554,0,-0.10140948653197354,0
2025-02-03 00:00:00+00:00,75,1.315,0.5504,1.0,221,1952202.9199,-160653.8415,0.4496,117,877680.1254,8281.05753,610364.7157,464158.0789,-146206.6368,221,1952202.9199,29,96866.64777808178,2644.460718924183,-0.001776,2612.0633,2.1648,0.48524,10.9884,6.1279,-0.006167,0.000404,0.0316,2.4181,-0.024487,-0.011079,3.9087486918801115,0.851644,-0.02935399999999999,-0.06740800000000002,-0.06276076822162688,0.024845212019231584,-0.06162072096831865,0.06192496677965894,0.03707334952166764,25.489478307687065,-0.02852354110451548,-0.010338597875962903,-0.04352673048799289,0.021153627524555137,0.020145916643063005,33.453870261062804,0.027300012745176783,0.03053981714468763,0.8277654105909212,0,0.006167,1,0.48524,1,0,0,0,0.04701996730546485,1,0.043148652357046874,1,0.047449762762973864,1
2025-02-04 00:00:00+00:00,28,2.2798,0.5021,1.0,126,1576937.7727,-180686.1496,0.4979,82,785199.2182,15798.497536,550340.1592,241398.3953,-308941.7639,126,1576937.7727,16,99368.63468388202,2771.7728259332,0.000454,-3086.2106,-1.1831,0.530596,-12.3262,-2.1897,-0.011935,-0.013855,-0.0438,2.0331,-0.021522,-0.011123,0.7547932180551727,0.914652,0.06300800000000006,0.05907499999999999,-0.1445581388890204,-0.013408118783646958,0.01455722164131501,0.0663338158002148,0.038445636065266235,32.9346667616625,-0.022868432802857237,-0.0200001420825982,0.01915316815871312,0.022462341534038383,0.020693920696585755,41.43042261536309,0.02789384029227074,0.030100039080351297,0.7404220800308012,1,0.011935,1,0.530596,0,0,0,1,-0.0038713149484179803,0,0.00042979545750904385,1,-0.024918712405198024,0
2025-02-05 00:00:00+00:00,26,0.6222,0.4851,1.0,105,1633787.668,-138971.6646,0.5149,67,841282.1254,22890.465526,303975.1683,488530.3742,184555.2059,105,1633787.668,12,97771.20209135518,2761.0631639713115,0.001914,-131.5658,-1.2959,0.443544,-1.1996,-1.7141,0.067052,-0.020549,-0.13,0.7974,0.157977,0.068663,0.06893124168901577,0.93475,0.02009799999999995,0.05375200000000002,0.04701996730546485,-0.06276076822162688,-0.015117121482289405,0.06658348177881195,0.03830700792248807,32.059922266918704,0.025501249955117034,-0.02852354110451548,0.0012699720718380783,0.02272342198126714,0.02054480254767926,35.96114790028935,0.028240045175996067,0.02978163453990979,0.757518558249934,1,-0.0,1,0.443544,0,0,1,0,0.004301110405927024,1,-0.021047397456780016,0,-0.050461373138047765,0
2025-02-06 00:00:00+00:00,38,2.0264,0.5767,1.0,102,705246.3364,-154235.0195,0.4233,55,298497.6044,7016.761594,272349.4387,134399.2934,-137950.1453,102,705246.3364,9,97517.2604968468,2772.9643773463827,-0.000441,26.2264,-1.2418,0.46063,0.0248,-1.6663,-0.037036,-0.018552,-0.1294,-0.4315,-0.073347,-0.032675,-0.03448690109166577,0.89761,-0.03713999999999995,0.04596600000000006,-0.0038713149484179803,-0.1445581388890204,0.02992824104858924,0.06420015134727472,0.038298726296706435,34.034562179732504,-0.016206440891309116,-0.022868432802857237,0.025595707044132603,0.01806848214156496,0.020547449880475223,38.16777215271961,0.028435626300597792,0.02947227104265341,0.7452322519365242,0,0.037036,1,0.46063,0,0,0,0,-0.02534850786270704,0,-0.05476248354397476,0,-0.04726046862025693,0
2025-02-07 00:00:00+00:00,37,1.1406,0.5775,1.0,97,854893.6378,-90872.8991,0.4225,53,361177.7275,15908.736051,263069.0128,230646.8975,-32422.1153,97,854893.6378,7,97338.67380747206,2703.557267759268,-6.1e-05,-46.0189,-1.2706,0.461812,-0.2303,-2.1584,0.046712,0.015317,0.0145,-0.2757,0.109304,0.048962,-0.20918406914498455,0.904809,0.0071989999999999554,-0.009843000000000046,0.004301110405927024,0.04701996730546485,0.024845212019231584,0.06091883927758995,0.03670088448817722,26.54886439136365,-0.002600683463547273,0.025501249955117034,-0.010338597875962903,0.018381648742496242,0.01870276153898186,32.87017889653973,0.02777474935714332,0.0289119493421586,0.7441419870555921,1,-0.0,1,0.461812,0,0,1,0,-0.02941397568126772,0,-0.02191196075754986,0,-0.02089817150484079,0
2025-02-08 00:00:00+00:00,17,45.7137,0.3006,1.0,66,776959.2125,-116076.2315,0.6994,48,543390.682,14854.170835,228568.5304,5000.0,-223568.5304,66,776959.2125,1,96306.15208987617,2625.193051469352,0.001476,-55.8587,-1.299,0.379883,-0.4998,-1.7266,-0.111925,-0.019487,0.0078,-0.1863,-0.301493,-0.112537,-1.223352844519789,0.939964,0.03515500000000005,0.005214000000000052,-0.02534850786270704,-0.0038713149484179803,-0.013408118783646958,0.0605627774530962,0.03689569149265166,25.766023119900694,-0.0018330130926282604,-0.016206440891309116,-0.0200001420825982,0.017823409845070075,0.018373676110483492,31.791809142915255,0.027258830246061884,0.028247976685855623,0.7129612788526483,1,0.111925,0,0.379883,0,0,0,1,0.00750201492371786,1,0.008515804176426958,1,0.016690674716080305,1
2025-02-09 00:00:00+00:00,28,2.7567,0.8356,1.0,138,931057.5011,-146906.0755,0.1644,25,153060.9432,17031.277473,570902.5502,207094.0077,-363808.5426,138,931057.5011,85,96561.10528506,2644.961347230428,2e-05,6.181,-1.2651,0.758761,-0.0209,-3.2635,-0.110382,0.00823,0.0969,0.7578,-0.146126,-0.109613,1.1646092022633814,0.926649,-0.013315000000000077,0.029038999999999926,-0.02941397568126772,0.004301110405927024,-0.06276076822162688,0.06017744323052764,0.03699672257528772,26.464248381186806,-0.010664178586353443,-0.002600683463547273,-0.02852354110451548,0.015652414868309636,0.01833499074401633,32.14376434599819,0.027391581107343212,0.027756383603512826,0.7251856959395373,0,0.110382,0,0.758761,0,0,0,0,0.001013789252709099,1,0.009188659792362473,1,-0.005526921736303297,0
2025-02-10 00:00:00+00:00,21,1.3632,0.5088,1.0,75,790362.6467,-134849.2747,0.4912,47,388208.9798,11450.61449,231981.349,170172.3179,-61809.0312,75,790362.6467,7,97208.73992662667,2647.6441402816886,-0.001785,7.8374,-1.2361,0.435315,0.1497,-14.1022,-0.018423,0.002504,-0.2257,-1.4179,-0.039741,-0.016935,-0.9048945337774426,0.915846,-0.010802999999999896,0.011037000000000075,0.00750201492371786,-0.02534850786270704,-0.1445581388890204,0.025196540753184313,0.037017254150219614,30.48953793165515,0.002643821944271782,-0.0018330130926282604,-0.022868432802857237,0.013458014394460857,0.01836553013617393,41.69952508870574,0.027236688206020723,0.02774733724077625,0.7255142574699979,0,0.018423,1,0.435315,0,0,0,0,0.008174870539653375,1,-0.0065407109890123685,0,0.012225035183874518,1
2025-02-11 00:00:00+00:00,23,1.0853,0.5168,1.0,88,768127.5003,-93034.648,0.4832,46,371170.2373,8378.912217,206598.32,190358.943,-16239.377,88,768127.5003,19,97226.15040902529,2669.376998985668,-0.000343,46.5658,-1.2218,0.422956,0.492,-1.284,0.000228,0.032724,0.2584,1.1101,0.006025,0.002475,-0.4550837496858239,0.901653,-0.014193000000000011,-0.038310999999999984,0.001013789252709099,-0.02941397568126772,0.04701996730546485,0.015614814766860054,0.037084750755804134,29.42632357587057,0.006684601026821184,-0.010664178586353443,0.025501249955117034,0.007856326015930773,0.018366093674382734,35.37512268387029,0.0274553398211874,0.027684694316335773,0.7260361014732546,0,-0.0,1,0.422956,0,0,0,0,-0.014715581528665742,0,0.00405016464422117,1,0.015873808998748715,1
2025-02-12 00:00:00+00:00,30,1.162,0.5605,1.0,88,850408.3057,-124501.177,0.4395,47,373785.8868,11678.088369,256166.458,220455.9609,-35710.4971,88,850408.3057,11,96228.92400591074,2630.38317618372,0.001133,18.6522,-1.1874,0.483981,-0.1287,-0.2132,0.023239,-0.010282,-0.0174,0.9411,0.055573,0.026163,-0.4450069355127481,0.896125,-0.005528000000000088,-0.030523999999999996,0.008174870539653375,0.00750201492371786,-0.0038713149484179803,0.01597428971350719,0.03648265386300354,29.454668341233585,0.00017908804757297658,0.002643821944271782,-0.016206440891309116,0.006399588774043146,0.018196142225385167,32.94630085198706,0.027334641879838042,0.027555350988313194,0.7241589936253462,0,-0.0,1,0.483981,0,0,0,0,0.018765746172886913,1,0.030589390527414485,1,0.0285999153471373,1
2025-02-13 00:00:00+00:00,25,1.2899,0.564,1.0,85,659631.6903,-111523.1985,0.436,48,287577.2073,9141.958336,209579.3894,162475.0936,-47104.2959,85,659631.6903,12,96431.63656132497,2680.210338925236,-0.000989,-11.1136,-1.1734,0.45232,-0.0378,-0.2758,-0.004028,-0.033422,-0.0048,0.8867,-0.004072,-0.001792,-0.535405059989648,0.899398,0.0032730000000000814,-0.016448000000000018,-0.014715581528665742,0.001013789252709099,0.004301110405927024,0.018417445119818434,0.036482540276479916,27.513668550171744,-0.010309734589282043,0.006684601026821184,-0.002600683463547273,0.006603094023922391,0.017346259870592795,23.12950397857452,0.027793890412932863,0.027463674432932492,0.7143203583007028,1,0.004028,1,0.45232,0,0,0,1,0.011823644354527572,1,0.009834169174250418,1,0.005638815477860536,1
2025-02-14 00:00:00+00:00,21,1.4317,0.4448,1.0,77,726547.0117,-115086.3491,0.5552,41,403392.6802,9216.971192,190259.2507,132895.0808,-57364.1699,77,726547.0117,15,97133.98352516044,2712.0882781024934,0.000502,-47.3323,-1.2033,0.424754,-0.2187,-0.2642,-0.028417,-0.00936,-0.0693,0.206,-0.059565,-0.024611,-0.7998120095070261,0.916162,0.016764,0.014508999999999994,0.018765746172886913,0.008174870539653375,-0.02534850786270704,0.016814679340733753,0.036046078183052485,25.109951635134152,0.0021043500509207985,0.00017908804757297658,-0.0018330130926282604,0.007395718976252408,0.016882553682681663,28.19363278574849,0.02792110628717277,0.027484582565793843,0.7115231353956183,1,0.028417,1,0.424754,0,0,1,0,-0.001989475180277154,0,-0.006184828876667008,0,0.0025227070283443034,1
2025-02-15 00:00:00+00:00,19,2.0206,0.4644,1.0,53,241824.7261,-88568.7793,0.5356,31,129517.3704,5296.198462,75126.4487,37180.907,-37945.5417,53,241824.7261,3,97604.75568231556,2706.698009467216,0.001882,-38.1871,-1.2247,0.343623,-0.4544,-0.2188,-0.041415,0.004177,0.1297,1.44,-0.117353,-0.038543,-1.5809389749074123,0.870548,-0.04561400000000004,-0.02557699999999996,0.011823644354527572,-0.014715581528665742,-0.02941397568126772,0.010824719739818673,0.03570615961662938,25.86199069207342,0.007256971004085238,-0.010309734589282043,-0.010664178586353443,0.0059558965515577504,0.016635525307389556,34.5999902243709,0.02773121033443278,0.027552065435561112,0.702123090996992,0,0.041415,1,0.343623,0,0,0,0,-0.004195353696389854,0,0.004512182208621485,1,-0.010405569990239092,0
2025-02-16 00:00:00+00:00,16,1.8099,0.7542,1.0,57,317481.4073,-46455.2349,0.2458,31,78038.4696,9391.386613,154228.3346,85214.603,-69013.7316,57,317481.4073,10,97240.34965349374,2695.366240977456,8.5e-05,-5.1041,-1.2039,0.501123,-0.034,-0.2319,-0.032735,-0.009405,-0.1935,-0.4177,-0.063003,-0.030719,-1.413184290638342,0.873656,0.0031079999999999997,-0.025742000000000043,-0.001989475180277154,0.018765746172886913,0.00750201492371786,0.011158002278868057,0.03546529623304072,30.555665160923013,0.004834919607186419,0.0021043500509207985,0.002643821944271782,0.0063040547612803,0.015539535456192185,41.90228779436897,0.027718598818105077,0.027598782251384235,0.6951095448431195,0,0.032735,1,0.501123,0,0,0,1,0.008707535905011339,1,-0.00621021629384921,0,0.0023785602509815394,1
2025-02-17 00:00:00+00:00,29,2.0962,0.4762,1.0,96,377942.0207,-46727.7215,0.5238,55,197970.7328,3494.237106,121843.8624,58127.4254,-63716.437,96,377942.0207,12,96083.79954588368,2718.9387194583846,-0.002228,930.2571,-0.1316,0.364559,1.9654,1.5838,-0.061766,0.026163,-0.002,-0.425,-0.164354,-0.056441,-0.12003185519309081,0.846114,-0.027541999999999955,-0.070048,-0.004195353696389854,0.011823644354527572,0.001013789252709099,0.011342002866291435,0.03546182820420443,57.43257307981938,-0.0037404732653149955,0.007256971004085238,0.006684601026821184,0.007355141512867121,0.015471810030955348,46.19123184660935,0.028297577034929678,0.027750337798371227,0.7034550999435956,0,0.061766,0,0.364559,0,0,0,0,-0.014917752198860549,0,-0.006328975654029772,0,0.005742311681990195,1
2025-02-18 00:00:00+00:00,29,2.8559,0.3934,1.0,93,601454.5372,-60677.2181,0.6066,58,364838.5047,4715.897337,175250.9429,61365.0896,-113885.8534,93,601454.5372,6,95363.12481943234,2678.6793020100813,-0.00036,-862.5627,-1.0985,0.339704,-1.3249,-0.2331,-0.083845,0.021202,0.1317,0.8358,-0.24842,-0.080731,-0.21003338568085783,0.880926,0.034811999999999954,0.010377999999999998,0.008707535905011339,-0.001989475180277154,0.008174870539653375,0.013081098469774123,0.03549350880363756,38.96112765707323,-0.011965022581812047,0.004834919607186419,0.00017908804757297658,0.0076061110554518615,0.015321853789213786,26.768156672152045,0.028089256796923263,0.027840897366333495,0.7095152173204752,0,0.083845,0,0.339704,0,0,1,0,0.008588776544830777,1,0.020660063880850774,1,0.02109512138711268,1
2025-02-19 00:00:00+00:00,24,1.456,0.5897,1.0,82,419949.2468,-62144.4869,0.4103,38,172287.6497,4515.335431,146821.4879,100840.1092,-45981.3787,82,419949.2468,20,95873.20120105369,2701.784962611968,0.001239,-59.2226,-1.14,0.427054,-0.4909,-0.5953,-0.033192,-0.028873,-0.0215,0.6161,-0.06969,-0.028646,-0.5572925891129991,0.865258,-0.015668000000000015,-0.008398000000000017,-0.014917752198860549,-0.004195353696389854,-0.014715581528665742,0.011424840459478185,0.03557097084720966,43.19471554060729,-0.007528751197754284,-0.0037404732653149955,-0.010309734589282043,0.007312103428375398,0.015397466349447131,37.381857608485106,0.02818081516800624,0.02796177926464324,0.7180048399614131,0,0.033192,1,0.427054,0,0,0,0,0.012071287336019995,1,0.012506344842281929,1,0.007943567462667828,1
2025-02-20 00:00:00+00:00,28,2.0942,0.5081,1.0,77,434224.0113,-66561.6911,0.4919,41,213586.1531,4051.365176,149331.292,71306.5663,-78024.7257,77,434224.0113,8,97415.03660912898,2734.5966262949355,-0.000426,14.1113,-1.1015,0.421027,0.1575,-0.4,-0.044832,-0.003978,-0.1189,-0.5301,-0.102925,-0.042018,-0.7083922320367818,0.888205,0.02294700000000005,0.04209099999999999,0.008588776544830777,0.008707535905011339,0.018765746172886913,0.01017800337652155,0.035735786415601434,45.83414366142337,0.005334526152494134,-0.011965022581812047,0.0021043500509207985,0.009645018748386563,0.015733671990442597,49.423939878629504,0.028071607027848413,0.028001453066774033,0.720193736548219,0,0.044832,0,0.421027,0,0,1,0,0.00043505750626193486,1,-0.004127719873352139,0,0.02086974789837078,1
2025-02-21 00:00:00+00:00,18,1.3676,0.3252,1.0,102,1261548.267,-67466.8123,0.6748,70,851316.1847,7191.476465,236966.05,173266.0323,-63700.0177,102,1261548.267,14,97768.37823843186,2735.7865919167725,0.000176,143.3546,-0.922,0.396388,0.4337,0.2524,-0.021093,0.002432,0.0965,0.3989,-0.058739,-0.022545,0.15103156812849278,0.932406,0.044200999999999935,0.05147999999999997,0.012071287336019995,-0.014917752198860549,0.011823644354527572,0.009387747380296558,0.035701166483165084,54.16350852792468,0.01595408111084386,-0.007528751197754284,0.007256971004085238,0.009374220595666016,0.01554417007713437,52.37274218224691,0.02798232558634546,0.02801019868094156,0.7220262467530796,1,0.021093,1,0.396388,0,0,1,0,-0.004562777379614074,0,0.020434690392108875,1,-0.015421016823883488,0
2025-02-22 00:00:00+00:00,29,1.9186,0.5697,1.0,97,1034075.0767,-88532.6729,0.4303,51,444980.3791,9880.964919,387250.632,201844.0656,-185406.5663,97,1034075.0767,17,96467.25297301082,2723.3322415609514,0.001412,-163.5494,-1.0874,0.490706,-0.61,0.0968,-0.0764,0.004697,0.1112,1.4449,-0.161365,-0.077056,-0.026237537759873662,0.917552,-0.014853999999999923,0.05229400000000006,0.00043505750626193486,0.008588776544830777,-0.001989475180277154,0.009583756203399088,0.035600849264902264,65.62261040017742,0.003620615159036546,0.005334526152494134,0.004834919607186419,0.01056565010912601,0.015433872193311611,50.87457926946249,0.02823063949299845,0.028081545703593797,0.7243563627228242,0,0.0764,0,0.490706,0,0,0,0,0.02499746777172295,1,-0.010858239444269387,0,-0.10476986400845639,0
2025-02-23 00:00:00+00:00,30,1.8532,0.5421,1.0,88,911565.6634,-99781.7243,0.4579,40,417435.0705,8062.814661,320943.842,173186.7508,-147757.0912,88,911565.6634,18,96080.57547594432,2792.266654818597,0.001124,3.3647,-1.062,0.482022,-0.0962,0.0345,-0.101991,-0.032248,-0.2467,-0.8959,-0.209144,-0.098506,-0.32055439310361855,0.911292,-0.006260000000000043,0.02308699999999997,-0.004562777379614074,0.012071287336019995,-0.004195353696389854,0.01281610076995026,0.03504876913104526,70.0791303684997,-0.013397590539055787,0.01595408111084386,-0.0037404732653149955,0.010575153465272541,0.014959669679917662,47.42649153028075,0.029061718677129453,0.02827341996916871,0.7170672989430475,0,0.101991,0,0.482022,0,0,0,0,-0.035855707215992336,0,-0.1297673317801793,0,-0.1388350233898273,0
2025-02-24 00:00:00+00:00,64,2.5877,0.5081,1.0,158,975306.9962,-122009.2912,0.4919,79,479730.3097,4430.644453,357443.046,138133.6404,-219309.4056,158,975306.9962,15,95123.00053664892,2693.9216107935454,-0.001051,67.0967,-0.9707,0.430834,0.4884,-1.4425,-0.066434,0.033751,0.0988,0.0424,-0.153385,-0.063534,2.0202176829136476,0.860737,-0.05055500000000002,-0.07166899999999998,0.02499746777172295,0.00043505750626193486,0.008707535905011339,0.019838217774876443,0.035431847237383005,55.10236511767876,-0.004016436020046067,0.003620615159036546,-0.011965022581812047,0.010281917605808885,0.015014958444250374,39.183093801271085,0.028320401959520118,0.028276680672681628,0.686970666932878,0,0.066434,0,0.430834,0,1,0,0,-0.09391162456418697,0,-0.10297931617383492,0,-0.1470386550761595,0
2025-02-25 00:00:00+00:00,55,1.7444,0.4573,1.0,195,1936284.858,-140049.8674,0.5427,114,1050841.3115,9898.22192,562806.7164,322636.8301,-240169.8863,195,1936284.858,26,89450.74450434286,2452.447131640521,-0.002739,207.1688,-0.7274,0.408663,1.2735,1.1559,-0.038205,0.026285,0.1481,1.413,-0.095055,-0.037416,3.070314010165021,0.880584,0.01984700000000006,-0.036968,-0.035855707215992336,-0.004562777379614074,-0.014917752198860549,0.04053419118687789,0.03876125486920418,33.41561183854762,-0.010016370668280742,-0.013397590539055787,-0.007528751197754284,0.02512289285878619,0.018365462173638724,24.204540910085584,0.027416732473606792,0.028180605769350702,0.6901834404026903,0,0.038205,1,0.408663,1,0,0,1,-0.009067691609647948,0,-0.053127030511972505,0,-0.11781647690000849,0
2025-02-26 00:00:00+00:00,59,1.9973,0.4421,1.0,181,1188225.025,-158451.2206,0.5579,99,662901.7086,6518.078633,350057.0838,175266.2325,-174790.8513,181,1188225.025,23,87329.249198267,2430.309617123416,0.002238,-186.623,-0.9177,0.371724,-1.0396,0.6073,-0.045888,-0.038439,-0.0171,1.2232,-0.124982,-0.044249,2.4992360728842535,0.839282,-0.04130200000000006,-0.07201000000000002,-0.09391162456418697,0.02499746777172295,0.008588776544830777,0.03953250090444381,0.037521045162851145,34.17085524022039,-0.061482663581140816,-0.004016436020046067,0.005334526152494134,0.02474938719028388,0.017277719633417166,22.31340690361894,0.027829274148524846,0.028130385623710504,0.7494333323423067,0,0.045888,0,0.371724,1,0,0,0,-0.04405933890232456,0,-0.10874878529036053,0,-0.09124226359047852,0
2025-02-27 00:00:00+00:00,50,1.8678,0.4107,1.0,157,1259304.8149,-169663.2448,0.5893,82,742088.2964,6967.554522,336862.707,180353.8116,-156508.8954,157,1259304.8149,25,85150.79521386223,2325.5564059322905,-0.000782,-83.5074,-0.9918,0.364068,-0.6318,-0.182,-0.060103,-0.004477,-0.0605,0.6465,-0.167209,-0.058585,1.7099612664177493,0.87422,0.034938000000000025,0.013483000000000023,-0.009067691609647948,-0.035855707215992336,0.012071287336019995,0.03878159510394073,0.03781129043962224,24.210670865216457,-0.024002683960029223,-0.010016370668280742,0.01595408111084386,0.021279717406773712,0.017069809291287975,18.64855054685472,0.027311035676079023,0.028021732573457737,0.7153483928582888,0,0.060103,0,0.364068,1,0,0,1,-0.06468944638803596,0,-0.04718292468815394,0,-0.0102920099627812,0
2025-02-28 00:00:00+00:00,46,2.1068,0.4132,1.0,159,1372461.0371,-189424.4724,0.5868,99,805350.1606,5393.884457,384569.7435,182541.1331,-202028.6104,159,1372461.0371,14,82026.0762944313,2179.8801067820496,-0.000375,132.0949,-0.8349,0.417046,1.1422,0.5265,-0.059191,0.024047,0.136,1.8577,-0.145021,-0.057802,1.7185531662463278,0.885188,0.010967999999999978,0.0046039999999999415,-0.04405933890232456,-0.09391162456418697,0.00043505750626193486,0.039974845993613686,0.03908977214332317,16.704844708735735,-0.025261703052390228,-0.061482663581140816,0.003620615159036546,0.01951437057828607,0.01792964468858988,13.014715915909917,0.026575452651878707,0.02782075072567677,0.7240366845329298,0,0.059191,0,0.417046,1,0,0,1,0.017506521699882028,1,0.0543974364252548,1,0.06732950659157029,1
2025-03-01 00:00:00+00:00,31,0.8754,0.468,1.0,115,598318.4217,-160280.7016,0.532,64,318312.3532,7009.145583,130703.1196,149302.9489,18599.8293,115,598318.4217,20,85085.55374903105,2218.378226023023,0.001712,-131.093,-0.9572,0.338991,-1.208,-0.0714,0.004049,-0.031294,-0.1012,0.9211,0.018343,0.005879,0.3993024874611213,0.837599,-0.04758899999999999,-0.00168299999999999,-0.06468944638803596,-0.009067691609647948,-0.004562777379614074,0.04327490044489824,0.03869443317971094,21.045905352291044,-0.037386545739291115,-0.024002683960029223,-0.013397590539055787,0.030544899185959856,0.018724876582801964,23.635336346468407,0.026072325186557135,0.027512420110470868,0.74899592626971,0,-0.0,1,0.338991,0,0,0,0,0.03689091472537276,1,0.0498229848916883,1,-0.05250771101258392,0
2025-03-02 00:00:00+00:00,54,1.7118,0.6616,1.0,160,770502.3602,-158286.7701,0.3384,78,260729.8669,4956.208922,321786.0321,187986.4611,-133799.571,160,770502.3602,28,88198.93037888798,2301.7445025968213,0.001137,399.3375,-0.5088,0.457508,0.7577,0.7825,-0.048844,0.001184,0.19,2.5289,-0.101096,-0.044024,1.702163902949285,0.824243,-0.013356000000000035,-0.04997700000000005,0.017506521699882028,-0.04405933890232456,0.02499746777172295,0.045914863123996515,0.03915386280011283,29.021689720910146,0.03662006468606452,-0.025261703052390228,-0.004016436020046067,0.03669341865433334,0.020285429660966924,33.31919742165803,0.0260971929331672,0.027088916432761973,0.7206829286345033,0,0.048844,0,0.457508,1,0,0,0,0.01293207016631553,1,-0.08939862573795665,0,-0.04485922230394757,0
2025-03-03 00:00:00+00:00,33,0.7341,0.4931,1.0,162,1531592.1905,-110408.5901,0.5069,106,776298.7506,8892.67877,319727.7929,435565.647,115837.8541,162,1531592.1905,23,90936.3666656728,2331.7041264560567,-0.002399,-309.1996,-0.8335,0.416104,-0.1184,0.1757,0.032907,0.019446,-0.1144,1.4938,0.085135,0.034015,1.7215094301799854,0.886766,0.0625230000000001,0.0015780000000000793,0.03689091472537276,-0.06468944638803596,-0.035855707215992336,0.048103213102965205,0.03941529190411757,29.809760662942864,0.03593757072719931,-0.037386545739291115,-0.010016370668280742,0.04014452358969835,0.021122892546855183,41.151342464616704,0.025641052220928925,0.026706152184391808,0.7539084681491749,0,-0.0,1,0.416104,1,0,1,0,-0.10233069590427218,0,-0.05779129247026308,0,-0.03407272721585873,0
2025-03-04 00:00:00+00:00,38,2.0316,0.4348,1.0,142,1098064.543,-99306.3622,0.5652,90,620663.3071,5674.279607,319927.7634,157473.4725,-162454.2909,142,1098064.543,14,84657.08550940566,2104.9015345132493,-0.000345,18.3283,-0.797,0.415458,0.2331,-0.8647,-0.02141,-0.010654,0.02,1.6265,-0.053175,-0.021252,1.1464667573523257,0.877822,-0.008944000000000063,0.04022300000000001,0.01293207016631553,0.017506521699882028,-0.09391162456418697,0.050296162028408774,0.04179379249543166,24.24070234182875,0.030565158789453126,0.03662006468606452,-0.061482663581140816,0.04255385852454537,0.024108054909234254,34.12847477102389,0.024863855421521548,0.02634145546266534,0.7537450308591361,0,0.02141,1,0.415458,0,0,0,0,0.044539403434009105,1,0.06825796868841348,1,0.03315066977471118,1
2025-03-05 00:00:00+00:00,25,1.3901,0.4688,1.0,86,706919.023,-82063.7608,0.5312,47,375499.3357,7580.899274,192756.1641,138663.5231,-54092.641,86,706919.023,14,88660.1698833586,2200.771746074872,0.000418,-117.2384,-0.9127,0.391932,-0.7977,-0.6229,-0.023666,-0.018919,-0.116,0.6245,-0.054244,-0.020618,-0.45912770385303703,0.905284,0.027461999999999986,0.08104100000000003,-0.10233069590427218,0.03689091472537276,-0.009067691609647948,0.05628769934262716,0.03486369639053681,29.64626790904508,-0.0715511858329269,0.03593757072719931,-0.024002683960029223,0.046231633422229225,0.025618592882810987,40.59939818865379,0.02482255277618134,0.025911923838044842,0.7886765696147465,1,0.023666,1,0.391932,0,0,0,1,0.023718565254404373,1,-0.011388733659297899,0,-0.0159876659385469,0
2025-03-06 00:00:00+00:00,27,0.7942,0.4947,1.0,99,838050.1387,-52912.5696,0.5053,49,423443.9449,8912.514406,183528.3755,231077.8182,47549.4427,99,838050.1387,23,90442.20526149264,2253.5948622380542,-0.000409,20.1405,-0.8706,0.41263,0.281,0.2899,0.041807,0.019728,-0.0316,0.3498,0.113008,0.045156,-0.0663420867966763,0.900755,-0.004529000000000005,0.013988999999999918,0.044539403434009105,0.01293207016631553,-0.04405933890232456,0.056119123706527066,0.033884762133828905,31.235858185883146,0.046201936764625376,0.030565158789453126,-0.025261703052390228,0.0448989810350967,0.0254237628493536,41.15756195326566,0.024917513407842148,0.02556999208543957,0.8961948591766181,0,-0.0,1,0.41263,0,0,0,0,-0.035107298913702276,0,-0.039706231192951254,0,-0.05881568865118777,0
2025-03-07 00:00:00+00:00,36,3.3751,0.337,1.0,88,1169448.6087,-54616.3045,0.663,46,775332.5383,22203.853205,304035.4126,90080.6578,-213954.7548,88,1169448.6087,6,88112.80360999367,2175.8499261680427,6.7e-05,8.5818,-0.8426,0.403729,-0.0605,-0.9128,-0.06114,-0.008703,0.1671,1.7207,-0.149979,-0.059136,-0.3910312198870675,0.927386,0.02663100000000007,0.04956400000000005,0.023718565254404373,-0.10233069590427218,-0.06468944638803596,0.051776104018682004,0.0342662869674389,29.188265736008617,0.01990028537191386,-0.0715511858329269,-0.037386545739291115,0.04313904561079751,0.02566197453149029,38.24870044811653,0.024693913222859472,0.025301200738436825,0.8957509881747104,1,0.06114,0,0.403729,0,0,1,0,-0.0045989322792489755,0,-0.02370838973748547,0,-0.07613499658362141,0
2025-03-08 00:00:00+00:00,19,1.382,0.6936,1.0,56,258605.7459,-61383.1662,0.3064,23,79235.8214,4052.855708,104069.0635,75300.8611,-28768.2024,56,258605.7459,14,86215.73809438046,2165.866314281529,0.001393,-37.566,-0.8702,0.443586,-0.3809,-0.0857,-0.040143,-0.014685,-0.0518,1.256,-0.085387,-0.036475,-1.3164862097665986,0.85881,-0.06857600000000008,-0.046474000000000015,-0.035107298913702276,0.044539403434009105,0.017506521699882028,0.05118229946006122,0.03419510650115096,29.186347728150594,-0.02609317800618656,0.046201936764625376,0.03662006468606452,0.04282843732132043,0.025877294222363255,37.538748564623965,0.025121472739821037,0.025165364674617382,0.9040961728613084,0,0.040143,0,0.443586,0,0,0,0,-0.019109457458236494,0,-0.07153606430437243,0,-0.131010778086071,0
2025-03-09 00:00:00+00:00,20,1.1728,0.5848,1.0,70,384720.3971,-44825.4296,0.4152,41,159719.8162,5539.302981,121447.9979,103552.583,-17895.4148,70,384720.3971,9,84423.22732456491,2124.8707332709487,0.000304,11.6089,-0.8449,0.461783,0.1039,-0.7394,0.038558,0.006008,0.0551,1.6797,0.093677,0.04175,-0.8874414708040377,0.885433,0.026623000000000063,-0.015321999999999947,-0.0045989322792489755,0.023718565254404373,0.03689091472537276,0.048115649506378144,0.03410630310702299,24.909622225014246,-0.021765115297076976,0.01990028537191386,0.03593757072719931,0.04063450293511285,0.026055462247141625,36.17506585745786,0.025169266807366742,0.025032803799503033,0.8954225512842483,0,-0.0,1,0.461783,0,0,0,1,-0.052426606846135926,0,-0.11190132062783448,0,-0.11587673203936578,0
2025-03-10 00:00:00+00:00,34,1.6035,0.4592,1.0,130,1130947.0239,-78570.2699,0.5408,79,611657.1848,6617.167159,319832.9334,199456.9057,-120376.0277,130,1130947.0239,17,80965.16208189442,2016.3407571261464,-0.000909,374.5883,-0.3781,0.394367,1.2539,0.6328,-0.056122,0.032397,-0.0059,1.5877,-0.144412,-0.054616,0.8602554103025968,0.901932,0.01649899999999993,-0.025454000000000088,-0.019109457458236494,-0.035107298913702276,0.01293207016631553,0.048936449705237986,0.03485445318785825,24.17369200263552,-0.021010168498274865,-0.02609317800618656,0.030565158789453126,0.03887686776127702,0.026906697628876534,33.871974415881,0.02490380683838641,0.024927483030568385,0.9004110564580309,1,0.056122,0,0.394367,0,0,0,1,-0.05947471378169856,0,-0.06345012519322983,0,-0.07224160834191075,0
2025-03-11 00:00:00+00:00,40,1.5562,0.4596,1.0,126,1120318.8214,-71367.1392,0.5404,68,605444.0055,14495.571209,313453.5962,201421.2197,-112032.3765,126,1120318.8214,18,80892.741365464,1899.9159502745813,-0.001547,-254.0065,-0.6737,0.412131,-0.5571,-0.1574,-0.028961,0.001495,-0.0517,1.1431,-0.066372,-0.026446,0.7353818207202496,0.910787,0.008855000000000057,0.05197700000000005,-0.052426606846135926,-0.0045989322792489755,-0.10233069590427218,0.038624840644812,0.035903787119503525,25.754971614772558,-0.041823604607764214,-0.021765115297076976,-0.0715511858329269,0.030498920966308556,0.026876217249754555,38.546604233959755,0.023486853309754727,0.024730768443173127,0.9082059042745826,1,0.028961,1,0.412131,0,0,0,1,-0.003975411411531275,0,-0.012766894560212173,0,0.002709220573129969,1
2025-03-12 00:00:00+00:00,33,2.0213,0.6041,1.0,103,1006425.9786,-92998.6681,0.3959,54,398473.6579,13685.702802,406732.8319,201219.4888,-205513.343,103,1006425.9786,16,82503.19772710041,1892.3779958872728,0.001523,-124.647,-0.8111,0.483918,-0.6663,-0.026,-0.068277,-0.018389,0.1191,2.0357,-0.142477,-0.067238,0.06685289279274989,0.914477,0.003689999999999971,0.02904399999999996,-0.05947471378169856,-0.019109457458236494,0.044539403434009105,0.029515112053418797,0.0358576102985105,26.006528481972126,-0.0008948679022867325,-0.021010168498274865,0.046201936764625376,0.023771859124432144,0.027190033085321443,43.461558056390054,0.022937026054999442,0.024461407483004283,0.8686179128551526,1,0.068277,0,0.483918,0,0,0,1,-0.008791483148680898,0,0.006684631984661266,1,0.01895107940816286,1
2025-03-13 00:00:00+00:00,25,2.7449,0.502,1.0,87,677826.4804,-122442.2942,0.498,55,337531.6186,9436.268891,249425.401,90869.4608,-158555.9402,87,677826.4804,7,82313.75126816415,1875.814103899512,0.000528,-10.1514,-0.8052,0.411643,-0.0561,-0.3631,-0.097765,-0.005226,-0.0875,1.3098,-0.239429,-0.095438,-0.3982107092437716,0.900599,-0.013877999999999946,-0.0013329999999999176,-0.003975411411531275,-0.052426606846135926,0.023718565254404373,0.02305157684144664,0.0356749133697016,27.89340461972128,0.019712956420768944,-0.041823604607764214,0.01990028537191386,0.020301762149272685,0.027176048583803313,45.88529213885694,0.022788587265187683,0.02415727517691079,0.8608038923767048,0,0.097765,0,0.411643,0,0,0,0,0.015476115133342162,1,0.027742562556843778,1,0.01664470479934993,1
2025-03-14 00:00:00+00:00,23,2.2996,0.3578,1.0,82,614027.0415,-104240.3126,0.6422,52,394301.0148,6394.430485,153133.4552,66592.5716,-86540.8836,82,614027.0415,7,83079.50051715063,1905.070220529148,0.000802,-7.198,-0.7994,0.357801,-0.0805,-0.3831,-0.033715,0.000412,-0.0026,1.2598,-0.089429,-0.030758,-0.5466121736805676,0.888492,-0.01210700000000009,-0.022295000000000065,-0.008791483148680898,-0.05947471378169856,-0.035107298913702276,0.027329765250917737,0.03601291650777189,34.577965513683566,-0.0022988720944484868,-0.0008948679022867325,-0.02609317800618656,0.02101799936809979,0.027292478817148705,51.663142411925435,0.022930689383909717,0.023905386057060822,0.8619883943575584,0,0.033715,1,0.357801,0,0,0,0,0.012266447423501617,1,0.00116858966600779,1,0.003942585739502495,1
2025-03-15 00:00:00+00:00,12,1.1436,0.3995,1.0,53,234369.8729,-101026.3812,0.6005,35,140740.2253,4481.267888,49950.165,43679.4826,-6270.6824,53,234369.8729,6,84232.50774740629,1928.5825759468723,0.001226,-16.5954,-0.8061,0.307092,-0.1531,-0.1554,-0.028015,-0.014678,-0.088,0.5501,-0.087882,-0.02555,-1.378800361147138,0.858381,-0.030111,-0.056096000000000035,0.015476115133342162,-0.003975411411531275,-0.0045989322792489755,0.02946914333658736,0.03584838577089422,33.783743904665016,0.009259806095436501,0.019712956420768944,-0.021765115297076976,0.02153939232107039,0.02747845210529668,48.60360204429201,0.02289594157317794,0.023587453033254664,0.8632222398333828,0,0.028015,1,0.307092,0,0,0,0,-0.011097857757493827,0,-0.008323861683999102,0,-0.014356871538022533,0
2025-03-16 00:00:00+00:00,16,2.5511,0.3232,1.0,50,297338.6731,-104467.2233,0.6768,32,201227.9416,8829.156272,69046.0207,27064.7108,-41981.3099,50,297338.6731,2,83628.6441056899,1907.297767192388,8.5e-05,6.1644,-0.7798,0.322927,0.0266,-0.2327,-0.014505,0.00186,0.1219,1.4775,-0.03948,-0.012166,-1.4290945629777403,0.877085,0.018704000000000054,-0.023514000000000035,0.012266447423501617,-0.008791483148680898,-0.019109457458236494,0.029509918724634838,0.0355891468534941,26.840933169834628,0.013782937580657925,-0.0022988720944484868,-0.021010168498274865,0.020242711142877155,0.02739161988316035,41.98796011143411,0.022806752250842957,0.023249950953751267,0.8692215908841533,0,0.014505,1,0.322927,0,0,1,0,0.002773996073494724,1,-0.0032590137805286867,0,0.04082236650401559,1
2025-03-17 00:00:00+00:00,22,3.1229,0.4884,1.0,73,660241.1495,-110989.001,0.5116,42,337799.6149,8547.517349,244235.003,78206.5316,-166028.4715,73,660241.1495,9,83510.13401042063,1912.595948879681,-0.001879,2.1442,-0.7589,0.405972,0.0541,-1.4325,-0.072288,0.027354,0.0495,1.8148,-0.177767,-0.070125,-0.7507751890350645,0.906266,0.029181000000000012,0.017774000000000068,-0.011097857757493827,0.015476115133342162,-0.052426606846135926,0.025008533599066976,0.035644706193833926,24.962794016150838,-0.007194830251000435,0.009259806095436501,-0.041823604607764214,0.009893951308496955,0.02733801712834185,35.93763649871481,0.022902561126785185,0.022964058709236807,0.8684640112022725,1,0.072288,0,0.405972,0,0,0,1,-0.006033009854023411,0,0.03804837043052088,1,0.043923862845871256,1
2025-03-18 00:00:00+00:00,20,1.5302,0.4672,1.0,88,1089037.4895,-110214.531,0.5328,55,580286.2386,18860.122114,307681.1688,201070.0821,-106611.0866,88,1089037.4895,13,82553.10822003809,1901.091975358819,-0.000182,-7.6582,-0.7509,0.413031,-0.0741,-0.9494,-0.064578,-0.021949,0.0398,2.0478,-0.154153,-0.062179,-0.30472132625510473,0.924432,0.018166000000000015,0.06605100000000008,0.002773996073494724,0.012266447423501617,-0.05947471378169856,0.01041049111461327,0.03563316307680288,32.992003142005856,-0.0014181043617234146,0.013782937580657925,-0.0008948679022867325,0.011527178969827507,0.027360643473396916,44.81910936206715,0.02302871468257288,0.022898610333925117,0.8672914781393504,1,0.064578,0,0.413031,0,0,1,0,0.044081380284544294,1,0.04995687269989468,1,0.035917320483088704,1
2025-03-19 00:00:00+00:00,19,1.9848,0.3382,1.0,98,840652.4765,-94255.9092,0.6618,72,556357.3331,6531.229092,189049.0667,95246.0767,-93802.9901,98,840652.4765,7,83976.480031323,1986.7692465378288,-0.000662,30.4242,-0.6958,0.358382,0.4362,0.153,-0.026331,-0.006495,-0.1254,1.0716,-0.066112,-0.022881,-0.0022709286895709196,0.908976,-0.015456000000000025,0.031891,-0.006033009854023411,-0.011097857757493827,-0.003975411411531275,0.01931845221453596,0.03689260472261124,32.88933334423099,-0.011526167654929682,-0.007194830251000435,0.019712956420768944,0.01091718826667627,0.027635366777047383,37.30586474974446,0.023658639249903895,0.023001697933197177,0.8652170668325507,0,0.026331,1,0.358382,0,0,0,0,0.005875492415350391,1,-0.008164059801455579,0,0.00021574160067181283,1
2025-03-20 00:00:00+00:00,19,1.3357,0.4271,1.0,86,873790.7545,-79268.5726,0.5729,53,500557.6812,10063.853103,213438.8287,159794.2446,-53644.5842,86,873790.7545,14,85263.84677114685,1998.4768544774963,0.000276,-13.9149,-0.6979,0.415192,-0.2544,-0.0452,-0.006098,0.006317,-0.0577,0.6214,-0.010867,-0.004383,-0.33608416662706825,0.90568,-0.0032959999999999656,-0.0005859999999999754,0.044081380284544294,0.002773996073494724,-0.008791483148680898,0.01808193006216886,0.03700108780643517,28.629245245175284,0.017094937777036478,-0.0014181043617234146,-0.0022988720944484868,0.01161111715924145,0.027860137656204438,35.900641700073095,0.023438736699758867,0.023094576423850207,0.8731922426467839,0,0.006098,1,0.415192,0,0,0,0,-0.01403955221680597,0,-0.005659750814678564,0,0.001182489495047413,1
2025-03-21 00:00:00+00:00,7,2.419,0.2341,1.0,79,587124.8523,-75053.1688,0.7659,68,449707.6621,5424.209942,97225.1235,40192.0667,-57033.0568,79,587124.8523,4,84150.63617995004,1970.6151747263823,0.001196,-21.0347,-0.7127,0.302826,-0.2577,-0.2224,-0.031636,0.008521,0.0106,0.6845,-0.10159,-0.029589,-0.5426330970198902,0.90388,-0.0018000000000000238,-0.020552000000000015,0.005875492415350391,-0.006033009854023411,0.015476115133342162,0.019702171652600502,0.03684435780951036,30.948884602726935,0.015213768433044362,-0.011526167654929682,0.009259806095436501,0.01322600639667495,0.027857037331283575,38.2711840999213,0.02341770976647597,0.023164150764216813,0.8733922990037041,0,0.031636,1,0.302826,0,0,0,0,0.008379801402127405,1,0.015222041711853396,1,0.046254443471513244,1
2025-03-22 00:00:00+00:00,13,0.8387,0.3912,1.0,54,297673.6696,-72698.0579,0.6088,34,181210.9509,5355.415374,53123.8127,63338.906,10215.0933,54,297673.6696,7,84165.19648620859,1987.1979215550973,0.001059,-3.8956,-0.707,0.316001,-0.1773,-0.2466,0.010747,-0.012514,0.0169,0.796,0.043933,0.013296,-1.271465162028917,0.881738,-0.022141999999999995,-0.027237999999999984,-0.01403955221680597,0.044081380284544294,0.012266447423501617,0.019511597009333553,0.036772405561504656,33.681874869697495,-0.013142047763090947,0.017094937777036478,0.013782937580657925,0.012131067858462467,0.02760834963016999,43.10461565578025,0.02361068475472189,0.023266256933008805,0.872498406691557,0,-0.0,1,0.316001,0,0,0,0,0.006842240309725991,1,0.03787464206938586,1,0.03850884024853373,1
2025-03-23 00:00:00+00:00,13,1.7898,0.4414,1.0,46,263895.6507,-71411.464,0.5586,29,147414.7505,5996.005565,74728.0262,41752.874,-32975.1521,46,263895.6507,4,84611.7081600447,2000.8414301314183,-0.000246,-3.0384,-0.6962,0.380123,0.0497,-0.2235,-0.030845,0.017731,0.0409,1.0945,-0.07639,-0.0279,-1.4738981888353326,0.869441,-0.012297000000000002,-0.03623900000000002,0.008379801402127405,0.005875492415350391,-0.011097857757493827,0.018295828965208583,0.036857466783806116,38.04473009569771,0.00017301172520996756,0.015213768433044362,-0.007194830251000435,0.011830667221706325,0.02762775012160801,50.70204685939072,0.023647335264131385,0.02338634022062144,0.8693388233085757,0,0.030845,1,0.380123,0,0,0,0,0.031032401759659864,1,0.03166659993880776,1,0.020456119238195063,1
2025-03-24 00:00:00+00:00,15,1.4077,0.3451,1.0,82,621253.1103,-52879.5669,0.6549,61,406862.0031,6359.032671,125348.1495,89042.9576,-36305.1919,82,621253.1103,6,87351.70280582971,2063.905803852545,-0.001994,40.8117,-0.6315,0.379863,0.4032,0.1256,-0.033264,0.003642,-0.0034,1.0523,-0.082726,-0.030497,-0.4283463106715794,0.902025,0.032583999999999946,-0.001855000000000051,0.006842240309725991,-0.01403955221680597,0.002773996073494724,0.020261146983475788,0.037617892666717584,55.065580716029714,0.005291158959180299,-0.013142047763090947,-0.0014181043617234146,0.016248172335652625,0.02836920164310268,75.49938115887659,0.023627539447517252,0.023489908552154593,0.8695433998676879,1,0.033264,1,0.379863,0,0,1,0,0.0006341981791478946,1,-0.010576282521464789,0,-0.022898828097959026,0
2025-03-25 00:00:00+00:00,24,2.0843,0.4321,1.0,79,410561.4457,-46558.5023,0.5679,45,233163.952,5421.243638,119880.5642,57516.9295,-62363.6347,79,410561.4457,10,87315.07768836677,2065.21514430206,-0.000562,-22.3444,-0.6524,0.349299,-0.2488,-0.0491,-0.035075,0.009312,-0.0704,0.4726,-0.096772,-0.03238,-0.5218129276268458,0.87197,-0.030054999999999943,-0.009767999999999999,0.031032401759659864,0.008379801402127405,-0.006033009854023411,0.019475203247748398,0.037112823603470166,74.35057059796324,0.031869879083159525,0.00017301172520996756,-0.011526167654929682,0.014668549647556999,0.02837370838975846,75.74129637853234,0.02365244582010163,0.023579013000372982,0.8787390459623465,0,0.035075,0,0.349299,0,0,0,0,-0.011210480700612684,0,-0.023533026277106905,0,-0.07417345652672225,0
2025-03-26 00:00:00+00:00,29,5.836,0.4786,1.0,86,575624.6989,-60998.4995,0.5214,52,300144.2933,7221.29964,235181.688,40298.7177,-194882.9704,86,575624.6989,5,87344.60066797632,2042.1923790318788,-0.000308,15.6612,-0.6219,0.403627,0.2077,-0.2775,-0.084876,-0.025955,-0.0037,0.4299,-0.211697,-0.082701,-0.3169171950893229,0.894916,0.022946000000000022,0.025475000000000025,0.0006341981791478946,0.006842240309725991,0.044081380284544294,0.014886281536915472,0.036793388896669665,71.33753022576401,-0.00041937130685173313,0.005291158959180299,0.017094937777036478,0.01430187417358892,0.028350759730995975,72.09845785772073,0.023380865713667636,0.02353933106662495,0.8923799460880181,1,0.084876,0,0.403627,0,0,1,0,-0.012322545576494221,0,-0.06296297582610955,0,-0.0935456871470622,0
2025-03-27 00:00:00+00:00,19,14.1613,0.2389,1.0,70,510574.6042,-68464.2312,0.7611,48,388576.4932,11244.401098,113951.4085,8046.7025,-105904.706,70,510574.6042,3,87218.67388337788,2017.181783941524,0.000227,-4.9889,-0.6192,0.258784,-0.0254,-0.0486,-0.090961,0.014719,0.039,0.7305,-0.362038,-0.088949,-0.7782381408214852,0.89042,-0.0044960000000000555,-0.011604999999999976,-0.011210480700612684,0.031032401759659864,0.005875492415350391,0.016034754392266554,0.03315374167846123,69.95397735973899,0.0003380629137595158,0.031869879083159525,0.015213768433044362,0.013816630261578646,0.026098269831277207,72.58004940635327,0.023127865789827815,0.023494920936634796,0.8946165597262301,0,0.090961,0,0.258784,0,0,0,0,-0.05064043024961533,0,-0.08122314157056797,0,-0.10010269396339305,0
2025-03-28 00:00:00+00:00,25,2.4275,0.3671,1.0,96,1074381.1742,-83785.2568,0.6329,59,679928.7747,10987.344435,279366.3177,115086.0818,-164280.2359,96,1074381.1742,12,85214.74541604468,1917.574201596076,-0.000105,2.5068,-0.6093,0.390206,0.0086,0.2177,-0.051778,0.002111,0.0146,0.8334,-0.133878,-0.050892,-0.035555832525566704,0.922861,0.03244100000000005,0.05089100000000002,-0.012322545576494221,0.0006341981791478946,-0.01403955221680597,0.025219275314111868,0.03411898796727213,51.505796861273446,-0.0014427640265783914,-0.00041937130685173313,-0.013142047763090947,0.016144202317805913,0.026075410055568706,58.925894394382944,0.022502844927059125,0.023364225959575245,0.8739488218292566,1,0.051778,0,0.390206,0,0,0,1,-0.03058271132095264,0,-0.04946226371377771,0,-0.05474474607849319,0
2025-03-29 00:00:00+00:00,16,1.1546,0.5141,1.0,63,258075.8101,-86604.9078,0.4859,36,125387.0349,2686.05624,71105.6194,61583.1558,-9522.4636,63,258075.8101,11,83155.58407465422,1859.8172667963672,0.001508,-19.6144,-0.6283,0.381147,-0.2267,0.1683,-0.014119,-0.011961,0.0502,1.2109,-0.031162,-0.011326,-1.0063944845252546,0.860085,-0.06277600000000005,-0.034831000000000056,-0.05064043024961533,-0.011210480700612684,0.008379801402127405,0.026332949855421152,0.033712767705765485,42.29299938971394,-0.02324397090270365,0.0003380629137595158,0.00017301172520996756,0.018990701745117418,0.026049927661346152,45.79021366102173,0.022365512641059525,0.02318634422905205,0.8860307649949332,0,0.014119,1,0.381147,0,0,0,0,-0.018879552392825065,0,-0.02416203475754053,0,0.007758985082902205,1
2025-03-30 00:00:00+00:00,17,1.4385,0.66,1.0,50,176041.2555,-84878.5349,0.34,25,59860.9466,2736.353272,68535.4256,47644.8834,-20890.5422,50,176041.2555,8,82842.50376931786,1825.0341274791608,0.000324,-7.7709,-0.6282,0.396827,-0.0873,0.0313,-0.022228,-0.005404,-0.0264,0.9775,-0.051658,-0.019523,-1.3643813224202905,0.847344,-0.012741000000000002,-0.043076,-0.03058271132095264,-0.012322545576494221,0.006842240309725991,0.025458442545480235,0.03202598170415279,40.940456793285776,-0.02446112709963097,-0.0014427640265783914,0.005291158959180299,0.01874000963080431,0.02512815968921138,46.83921478878379,0.022030166212275847,0.022955320078786975,0.8839219361385919,0,0.022228,1,0.396827,0,0,0,0,-0.005282482364715465,0,0.026638537475727288,1,0.028213607608816475,1
2025-03-31 00:00:00+00:00,21,1.0243,0.4725,1.0,88,886094.4173,-80410.1286,0.5275,51,467411.7467,9870.040203,211854.509,206828.1616,-5026.3474,88,886094.4173,16,82333.02401430182,1815.418835550017,-0.002382,40.7662,-0.5623,0.392092,0.4632,0.0913,0.006215,0.009081,0.0635,1.4528,0.0206,0.007866,-0.2522772041592028,0.913517,0.06617300000000004,-0.009344000000000019,-0.018879552392825065,-0.05064043024961533,0.031032401759659864,0.01737359270871397,0.03171990927060582,39.39431323257066,-0.003772099795012837,-0.02324397090270365,0.031869879083159525,0.010748069302711523,0.02419429771179647,45.395710503643016,0.022049704323196806,0.022729915061026913,0.8741124707390432,1,-0.0,1,0.392092,0,0,0,1,0.03192101984044275,1,0.033496089973531956,1,-0.007708614122226863,0
2025-04-01 00:00:00+00:00,25,1.1134,0.5154,1.0,91,578227.7885,-73786.1264,0.4846,56,280181.2746,7915.303618,157021.0664,141025.4474,-15995.6191,91,578227.7885,10,84013.93438848642,1874.303688515668,1.6e-05,23.991,-0.5139,0.422753,0.2854,0.6256,-0.005019,0.012973,-0.0478,1.0627,-0.00613,-0.002508,-0.17455204245547007,0.890801,-0.02271600000000007,0.030715999999999966,-0.005282482364715465,-0.03058271132095264,0.0006341981791478946,0.0252867035552834,0.03149668703418207,47.38867253835641,-0.006168969187981035,-0.02446112709963097,-0.00041937130685173313,0.01521716975219194,0.02352532284210417,55.3858634456771,0.022309438334940417,0.022538056848861027,0.876761792445016,0,0.005019,1,0.422753,0,0,0,0,0.0015750701330892055,1,-0.0396296339626696,0,-0.037285326984222406,0
2025-04-02 00:00:00+00:00,32,2.2752,0.5388,1.0,98,548748.1784,-62391.4012,0.4612,51,253078.3262,8258.030825,205394.8732,90274.979,-115119.8943,98,548748.1784,15,85143.01095594122,1877.2581744262443,0.000346,-1.1457,-0.499,0.418074,-0.0918,0.3261,-0.043559,-0.0055,0.0053,1.0803,-0.098523,-0.039476,0.024091487865286122,0.868186,-0.02261499999999994,0.020842000000000027,0.03192101984044275,-0.018879552392825065,-0.011210480700612684,0.025962439037048264,0.031318498767024486,37.63239861947582,0.02021037962154569,-0.003772099795012837,0.0003380629137595158,0.01676586112510916,0.02291520850094556,54.335602421018486,0.022048294432500927,0.022347689522980062,0.8711439321660827,0,0.043559,0,0.418074,0,0,0,0,-0.041204704095758805,0,-0.038860397117311596,0,-0.04060956737655568,0
2025-04-03 00:00:00+00:00,33,3.8531,0.448,1.0,89,667155.7811,-72363.1585,0.552,48,368278.947,7971.328952,237291.9208,61584.9134,-175707.0073,89,667155.7811,8,82787.44456078489,1801.478272519192,-0.001044,7.8192,-0.4739,0.367157,-0.0344,0.3171,-0.119478,0.002559,-0.0373,0.7725,-0.329657,-0.116324,-0.23858996691369805,0.894095,0.02590899999999996,-0.01942200000000005,0.0015750701330892055,-0.005282482364715465,-0.012322545576494221,0.028214019310151994,0.026541921558045384,30.385781468368407,0.013349653874873675,-0.006168969187981035,-0.0014427640265783914,0.01904521675628151,0.019496663517917377,41.428873855646145,0.02176028360431509,0.02215232063933539,0.8745830579153265,1,0.119478,0,0.367157,0,0,1,0,0.002344306978447213,1,0.0005951367192031354,1,-0.032230012100151764,0
2025-04-04 00:00:00+00:00,38,3.1698,0.6961,1.0,87,468989.4181,-73164.1498,0.3039,35,142507.9609,5434.287958,248184.3161,78297.1411,-169887.1749,87,468989.4181,14,83401.89831063004,1805.7064447353723,0.00151,-46.158,-0.5249,0.49181,-0.3234,-0.0148,-0.113547,-0.002373,0.0543,1.173,-0.232666,-0.111075,-0.30876827105158755,0.882552,-0.01154299999999997,-0.00824899999999995,-0.041204704095758805,0.03192101984044275,-0.05064043024961533,0.02424954714901666,0.024881961688282515,32.71837123706737,-0.02805591038387569,0.02021037962154569,-0.02324397090270365,0.01831694437976114,0.017454928440202733,47.311102720923564,0.02165066360971816,0.022030580451143828,0.8260313159807309,0,0.113547,0,0.49181,0,0,0,0,-0.0017491702592440776,0,-0.03457431907859897,0,-0.16139112928718438,0
2025-04-05 00:00:00+00:00,23,2.3015,0.7566,1.0,45,230776.1282,-81637.7868,0.2434,14,56159.5746,3790.833012,121727.2381,52889.3155,-68837.9226,45,230776.1282,8,83325.98405618116,1802.550717482049,0.00152,-23.3048,-0.5459,0.475433,-0.3157,-0.1038,-0.048397,-0.028686,-0.2435,-0.7097,-0.098228,-0.04528,-1.5403303320269004,0.873876,-0.008676000000000017,0.005689999999999973,0.002344306978447213,0.0015750701330892055,-0.03058271132095264,0.02225766038464176,0.024238177089577134,30.19610102853767,0.0073946564699673934,0.013349653874873675,-0.02446112709963097,0.015710947812846845,0.016959493151235478,46.99840011735517,0.02163251641008775,0.021925866703862144,0.7993868648414821,0,0.048397,0,0.475433,0,0,0,0,-0.03282514881935489,0,-0.1596419590279403,0,-0.15615893788817306,0
2025-04-06 00:00:00+00:00,40,2.2918,0.5623,1.0,96,608036.8594,-97821.5694,0.4377,36,266123.0083,5691.408798,238045.4356,103868.4155,-134177.0201,96,608036.8594,20,82001.40927571652,1744.3422984258088,0.000758,305.3242,-0.1099,0.450019,1.1083,1.0918,-0.066392,0.02109,0.2432,1.1578,-0.147455,-0.063873,-0.044462493247001585,0.893035,0.019159000000000037,-0.0010599999999999499,-0.0017491702592440776,-0.041204704095758805,-0.018879552392825065,0.024293602919382075,0.02415178956017286,24.800128330608686,-0.0009106366447805032,-0.02805591038387569,-0.003772099795012837,0.016878313807500284,0.016576525309313948,41.18091924645801,0.02127210146548505,0.021817571740034885,0.787781285212881,1,0.066392,0,0.450019,0,0,0,1,-0.1268168102085854,0,-0.12333378906881816,0,-0.14402884458523202,0
2025-04-07 00:00:00+00:00,53,1.6886,0.4836,1.0,172,1317864.9464,-120420.6799,0.5164,78,680548.6372,6511.065272,400268.215,237048.0942,-163220.1209,172,1317864.9464,41,77695.17339718214,1536.5824591981936,-0.003834,396.7752,0.4491,0.424062,1.216,1.8445,-0.037092,-0.01533,-0.2489,-0.7483,-0.094066,-0.038219,2.1095864111072973,0.895855,0.0028199999999999337,0.013302999999999954,-0.03282514881935489,0.002344306978447213,-0.005282482364715465,0.051502956041188735,0.03252499741917993,9.91188094083735,-0.016024000573430612,0.0073946564699673934,-0.006168969187981035,0.026190770612687434,0.01876910349238695,20.673779472432315,0.019777064546121763,0.021492908914738453,0.782194161800783,1,0.037092,1,0.424062,1,0,0,1,0.0034830211397672414,1,-0.01721203437664659,0,0.02593619174969279,1
2025-04-08 00:00:00+00:00,33,1.8898,0.4532,1.0,110,692273.5608,-131935.1048,0.5468,55,378557.7368,5140.121994,205156.2089,108559.6151,-96596.5938,110,692273.5608,22,78764.5751467635,1541.943739693225,0.000447,-633.0482,-0.4242,0.351842,-1.7516,-0.1925,-0.0327,-0.016403,-0.0187,-0.8761,-0.094157,-0.031953,0.3341945548661167,0.898387,0.0025320000000000897,0.02451100000000006,-0.1268168102085854,-0.0017491702592440776,0.03192101984044275,0.047325228890906394,0.032602802974102896,10.60394992756531,-0.05394329640200915,-0.0009106366447805032,0.02021037962154569,0.02509881207300347,0.01871938225975791,25.80593386562309,0.01957661470045503,0.021102505538383394,0.8563992445306433,1,0.0327,1,0.351842,0,0,0,1,-0.020695055516413832,0,0.022453170609925563,1,0.008413315769873562,1
2025-04-09 00:00:00+00:00,33,1.1707,0.3247,1.0,138,1123929.911,-119588.6304,0.6753,71,759006.0166,29999.94167,196809.2339,168114.6605,-28694.5734,138,1123929.911,34,78227.20253193982,1510.3610582617414,0.000706,291.2399,-0.0113,0.337013,0.4359,0.3351,-0.007372,0.011641,0.0365,-0.5916,-0.024983,-0.007978,1.1226619625624057,0.888224,-0.010163000000000033,-0.00481100000000001,0.0034830211397672414,-0.03282514881935489,0.0015750701330892055,0.045736604687789555,0.03170438042309806,10.339505723918194,0.013670204805280473,-0.016024000573430612,0.013349653874873675,0.02315816207302558,0.017201338870437215,24.886786160263398,0.01930736379899393,0.020710944019310968,0.8620025976393995,0,0.007372,1,0.337013,0,0,0,0,0.043148226126339395,1,0.029108371286287408,1,0.060793225603957,1
2025-04-10 00:00:00+00:00,21,1.245,0.3317,1.0,109,746346.4579,-98348.0599,0.6683,67,498764.8279,8072.723767,137302.3218,110279.3082,-27023.0136,109,746346.4579,21,81046.76008079464,1576.956872511931,-0.000513,-81.3049,-0.1207,0.31151,-0.1511,0.2184,-0.017641,0.025512,0.2169,1.0418,-0.057224,-0.01703,0.28580211733397337,0.897999,0.009774999999999978,0.0021440000000000348,-0.020695055516413832,-0.1268168102085854,-0.041204704095758805,0.05313431029875445,0.03167730879974685,20.058884445319578,-0.006845896281827183,-0.05394329640200915,-0.02805591038387569,0.027824372114852242,0.018451248154220317,35.5219180092121,0.0194573709169852,0.020381956492549556,0.8609154018182376,1,0.017641,1,0.31151,0,0,0,1,-0.014039854840051987,0,0.017644999477617617,1,0.020722613216553956,1
2025-04-11 00:00:00+00:00,18,1.4801,0.3168,1.0,93,716628.7012,-80357.074,0.6832,55,489577.9282,5768.748187,135500.5232,91550.2498,-43950.2734,93,716628.7012,20,81935.23871072991,1554.9713250240327,-0.000317,-215.0026,-0.4186,0.311881,-0.1005,0.4412,-0.018687,0.008407,0.1115,1.8291,-0.057266,-0.017094,-0.18760596287437648,0.893878,-0.004121000000000041,-0.004509000000000096,0.043148226126339395,0.0034830211397672414,0.002344306978447213,0.0523922491449712,0.03170610361342055,22.019029493333463,0.035408827528425085,0.013670204805280473,0.0073946564699673934,0.028074033270922182,0.018196068673714635,41.861819622446134,0.018978053270996328,0.020000155015589296,0.9105230124947122,0,0.018687,1,0.311881,0,0,0,0,0.031684854317669604,1,0.03476246805660596,1,0.051874555201029064,1
2025-04-12 00:00:00+00:00,20,1.1274,0.6145,1.0,70,258883.6121,-71884.3368,0.3855,32,99807.0247,1653.974274,84302.6749,74773.9126,-9528.7623,70,258883.6121,18,84059.7553491716,1605.0292155959426,0.000923,-31.6028,-0.4599,0.378223,-0.3975,0.3595,-0.020605,-0.011182,-0.0342,1.5316,-0.048717,-0.017572,-0.8684756809637585,0.847129,-0.04674899999999993,-0.04109499999999999,-0.014039854840051987,-0.020695055516413832,-0.0017491702592440776,0.055885190614537256,0.032459508113809744,30.389116947606695,0.01090289035415511,-0.006845896281827183,-0.0009106366447805032,0.030048188353225806,0.018789878985486015,52.23204992323492,0.01909390776750292,0.019637496638077175,0.9145795188088569,0,0.020605,1,0.378223,0,0,0,0,0.003077613738936357,1,0.020189700883359474,1,0.013051587569297349,1
2025-04-13 00:00:00+00:00,16,0.9878,0.4672,1.0,64,397531.9636,-52553.5491,0.5328,29,211808.6898,5307.352397,92292.3902,93430.8836,1138.4934,64,397531.9636,19,84494.03911479721,1609.9764845477805,0.001704,-24.9685,-0.484,0.382564,-0.192,-0.9409,0.016015,-0.003793,-0.0107,1.4166,0.04936,0.018245,-1.0213694233816524,0.884868,0.03773899999999997,-0.013131000000000004,0.031684854317669604,0.043148226126339395,-0.03282514881935489,0.0557932312540404,0.032265571167511276,32.57884644826079,0.025598755731931773,0.035408827528425085,-0.016024000573430612,0.029068975159145295,0.01874025869275684,54.05105036494423,0.01905432029779518,0.019320670756978624,0.9185572258528033,0,-0.0,1,0.382564,0,0,1,0,0.017112087144423117,1,0.009973973830361013,1,-0.016875513436232215,0
2025-04-14 00:00:00+00:00,30,1.9431,0.387,1.0,96,854175.4316,-44366.6791,0.613,44,523650.9701,8418.970483,218218.246,112306.2155,-105912.0305,96,854175.4316,22,84650.12675580647,1637.7636122702895,-0.001269,129.6999,-0.2958,0.375958,0.9482,-1.2086,-0.071285,0.046428,-0.0171,1.267,-0.188124,-0.068361,-0.09439343986762616,0.901617,0.016749000000000014,0.007739000000000051,0.003077613738936357,-0.014039854840051987,-0.1268168102085854,0.02318249329556404,0.03237010560547084,36.145959921913004,0.005153069712948405,0.01090289035415511,-0.05394329640200915,0.014385311236694964,0.01857588757876053,55.79872826064334,0.019347444298516057,0.01925929643589209,0.918437957509912,1,0.071285,0,0.375958,0,0,1,0,-0.007138113314062103,0,-0.03398760058065531,0,-0.028376476497728696,0
2025-04-15 00:00:00+00:00,24,2.5769,0.4002,1.0,89,725837.0372,-48860.6633,0.5998,47,435368.7368,7565.34803,209261.3919,81206.9085,-128054.4833,89,725837.0372,18,85035.39996452969,1626.1146951314206,-0.000131,-115.7332,-0.4468,0.357788,-0.7128,-0.1698,-0.060641,-0.001689,-0.0338,0.995,-0.167793,-0.057633,-0.2966646769961088,0.882719,-0.01889799999999997,0.03559000000000001,0.017112087144423117,0.031684854317669604,0.0034830211397672414,0.02394714135754825,0.03235434464947233,29.52635916134753,0.0018456171339125472,0.025598755731931773,0.013670204805280473,0.014646303103695133,0.018539091331587713,52.70182600773944,0.0191227970446392,0.019194465342204117,0.9118021344458695,0,0.060641,0,0.357788,0,0,0,0,-0.026849487266593208,0,-0.02123836318366657,0,-0.024247718853064537,0
2025-04-16 00:00:00+00:00,23,2.0766,0.4649,1.0,98,634175.1246,-59500.433,0.5351,56,339339.7976,9698.343896,199004.1442,95831.1828,-103172.9614,98,634175.1246,19,83992.83280493198,1583.0352675490797,0.000978,-14.59,-0.4576,0.349822,-0.1976,-0.8032,-0.060145,-0.025775,-0.001,0.9669,-0.177078,-0.059294,-0.03881187756295413,0.874063,-0.008655999999999997,-0.010804999999999954,-0.007138113314062103,0.003077613738936357,-0.020695055516413832,0.025237046613206585,0.03255036881186122,27.09797352403119,0.004541033973009781,0.005153069712948405,-0.006845896281827183,0.015854857516700148,0.01868576619425679,46.945426160640885,0.018847266066446152,0.01912873709469729,0.9111525427172434,0,0.060145,0,0.349822,0,0,0,0,0.005611124082926638,1,0.0026017684135286904,1,0.012444002578693648,1
2025-04-17 00:00:00+00:00,22,1.2697,0.4034,1.0,86,641458.8284,-60031.918,0.5966,46,382712.2982,7762.357718,144744.9693,114001.5608,-30743.4085,86,641458.8284,18,84565.77895855125,1591.9428422453718,-0.000411,1.8208,-0.4433,0.301644,-0.0005,-0.6526,-0.01889,0.002399,-0.0118,0.8636,-0.059407,-0.017145,-0.3856031332635781,0.885183,0.011120000000000019,-0.01643399999999995,-0.026849487266593208,0.017112087144423117,0.043148226126339395,0.019552899944215295,0.03262305297642847,31.630772641651575,-0.01233616850939777,0.0018456171339125472,0.035408827528425085,0.011292108902243036,0.018588750236109525,55.27708214101902,0.018824906029963263,0.019038384967979872,0.9145893031567044,0,0.01889,1,0.301644,0,0,0,1,-0.0030093556693979477,0,0.0068328784957670296,1,0.0002695863099222229,1
2025-04-18 00:00:00+00:00,10,1.0482,0.1936,1.0,74,591370.3942,-54137.8171,0.8064,52,476900.062,7580.704147,58580.9496,55889.3825,-2691.5671,74,591370.3942,12,84633.45187606933,1587.1593212956996,5.9e-05,-14.1846,-0.4463,0.21536,-0.1525,-0.7046,0.007611,-0.018131,-0.0324,0.6227,0.052412,0.010589,-0.7193665067741646,0.87815,-0.007033000000000067,-0.004569000000000045,0.005611124082926638,-0.007138113314062103,-0.014039854840051987,0.018523157161722474,0.031237939889225554,30.873250522466876,0.006798209290088441,0.004541033973009781,0.01090289035415511,0.01121713367442734,0.018332585414359084,53.762870786566985,0.018753333181066662,0.019006282097989918,0.9215661153731672,0,-0.0,1,0.21536,0,0,0,0,0.009842234165164977,1,0.0032789419793201905,1,0.017775885924448495,1
2025-04-19 00:00:00+00:00,9,0.9882,0.2226,1.0,53,565445.9968,-52669.8798,0.7774,33,439553.4795,8980.975223,62572.8592,63319.6581,746.799,53,565445.9968,11,85071.920422981,1602.8576415413172,0.001931,-3.3022,-0.4762,0.235455,-0.1521,-0.4592,0.001627,-0.027179,-0.2214,-0.992,0.015893,0.003573,-1.3057035228150047,0.903938,0.025788000000000033,0.029874999999999985,-0.0030093556693979477,-0.026849487266593208,0.031684854317669604,0.014208515679114292,0.03130476842251053,32.99978998757865,0.0007999199617251077,-0.01233616850939777,0.025598755731931773,0.006530117419759903,0.01814075754026045,55.20927310184408,0.018841206752731626,0.01897018195302259,0.9252891738025086,1,-0.0,1,0.235455,0,0,0,1,-0.006563292185844787,0,0.007933651759283539,1,0.023956932479526145,1
2025-04-20 00:00:00+00:00,10,1.8917,0.2551,1.0,49,481485.6149,-58243.1251,0.7449,29,358664.3689,7903.587447,80347.7351,42473.5109,-37874.2242,49,481485.6149,10,84760.03945138013,1592.3720660956571,0.000344,-2.2146,-0.5311,0.262384,0.0165,-0.2507,-0.065172,-0.000208,0.1514,0.0973,-0.251773,-0.063813,-1.3898686255036379,0.91098,0.007041999999999993,0.02579699999999996,0.009842234165164977,0.005611124082926638,0.003077613738936357,0.014305529714341802,0.03127945308795687,35.715910843006924,0.005167420649627937,0.006798209290088441,0.005153069712948405,0.006606112483724061,0.017987289927524453,58.861964670163,0.01878682544749251,0.018931968402979355,0.9261896724239418,1,0.065172,0,0.262384,0,0,1,0,0.014496943945128325,1,0.03052022466537095,1,0.11737670312590975,1
2025-04-21 00:00:00+00:00,16,1.2648,0.3407,1.0,80,922640.2853,-48361.9607,0.6593,53,608334.408,6425.828836,175524.8783,138780.999,-36743.8793,80,922640.2853,11,87215.46645955519,1615.624733754472,-0.001853,25.2528,-0.4566,0.327769,0.322,-0.8769,-0.022539,0.029137,0.1632,1.2712,-0.064339,-0.020418,-0.47112529124449726,0.918253,0.007272999999999974,0.040103,-0.006563292185844787,-0.0030093556693979477,0.017112087144423117,0.01376005574768583,0.031403561814215636,62.13074669790394,-0.003672822505586863,0.0007999199617251077,0.0018456171339125472,0.012570117258754173,0.01871540495462842,85.83067174092834,0.018524520928907634,0.01881440792160672,0.9291743760313005,1,0.022539,1,0.327769,0,0,0,1,0.016023280720242627,1,0.10287975918078146,1,0.08872604111456298,1
2025-04-22 00:00:00+00:00,33,1.3374,0.3556,1.0,156,1445998.2608,-40671.5298,0.6444,103,931850.0541,9278.483615,294184.8368,219963.37,-74221.4668,156,1445998.2608,20,89583.33284216061,1641.7208568185913,-0.000873,198.209,0.0367,0.340037,1.1368,0.9727,-0.038116,0.005636,-0.0266,1.0525,-0.109853,-0.035823,1.7080487576776473,0.874609,-0.043644000000000016,-0.02932900000000005,0.014496943945128325,0.009842234165164977,-0.007138113314062103,0.015029173345479091,0.03158630618594412,64.29631268479974,0.028557483994520197,0.005167420649627937,0.004541033973009781,0.0151906584447565,0.019280938096692714,86.89631372358761,0.01832618640915253,0.018700606402251484,0.9251052620693168,0,0.038116,1,0.340037,0,1,0,0,0.08685647846053883,1,0.07270276039432036,1,0.08201351325985153,1
2025-04-23 00:00:00+00:00,31,1.5611,0.432,1.0,120,1134062.7758,-41265.7979,0.568,69,644151.1584,7489.051263,298622.2279,191289.3895,-107332.8384,120,1134062.7758,20,93508.02056977352,1790.6908105822197,-0.001059,-89.3728,-0.1598,0.388744,-0.2058,0.9644,-0.050203,0.002874,-0.1053,0.2546,-0.125857,-0.04734,0.6699482897749155,0.908314,0.033704999999999985,-0.002666000000000057,0.016023280720242627,-0.006563292185844787,-0.026849487266593208,0.031678332882506995,0.035304842938873204,79.82150641457118,0.026787602448304016,-0.003672822505586863,-0.01233616850939777,0.01738500946743172,0.0199635611893622,92.39288979718987,0.01915013064837628,0.018743872771098645,0.9224377908433358,1,0.050203,0,0.388744,0,0,1,0,-0.014153718066218474,0,-0.004842965200687294,0,0.0063991356650118444,1
2025-04-24 00:00:00+00:00,9,1.2254,0.2819,1.0,91,1327071.5381,-42286.8988,0.7181,65,952951.201,12567.370473,206005.7259,168114.6112,-37891.1147,91,1327071.5381,17,93002.94114796244,1765.524396992961,0.000932,122.1114,0.1696,0.281911,0.0708,1.0357,-0.031624,-0.012614,0.0749,0.8005,-0.110998,-0.030312,-0.15872208781197344,0.926217,0.017903000000000002,0.007963999999999971,0.08685647846053883,0.014496943945128325,0.005611124082926638,0.0337396486161151,0.03533054319831375,72.0212667076944,0.04287792881961859,0.028557483994520197,0.006798209290088441,0.018928583631741304,0.020007569395724588,88.12718618586206,0.018983532942083103,0.018766533758544337,0.9282331999041045,1,0.031624,1,0.281911,0,0,1,0,0.00931075286553118,1,0.020552853731230333,1,0.022468093547075393,1
2025-04-25 00:00:00+00:00,16,0.7982,0.3966,1.0,95,1140797.2751,-34649.552,0.6034,59,688313.0496,11369.306255,200857.1825,251627.0429,50769.8604,95,1140797.2751,20,94246.06118469105,1782.0395231525206,-0.000795,-134.8794,-0.1635,0.39989,-0.2252,0.9629,0.026914,-0.011667,-0.1421,-0.3742,0.074178,0.028962,-0.040333856256655726,0.919076,-0.007140999999999953,0.044467000000000034,-0.014153718066218474,0.016023280720242627,-0.0030093556693979477,0.03296927000314927,0.03540925561135317,77.07300686071774,-0.0054160962104269125,0.026787602448304016,0.0007999199617251077,0.018092898402234707,0.02010742622746009,88.28141817713627,0.018908371349974123,0.018788682068388258,0.9296339859209091,0,-0.0,1,0.39989,0,0,0,0,0.011242100865699153,1,0.013157340681544227,1,0.004985887542604223,1
2025-04-26 00:00:00+00:00,16,0.4323,0.4618,1.0,56,403162.5295,-24214.8215,0.5382,27,216977.059,7390.789115,56197.7791,129987.6914,73789.9123,56,403162.5295,13,94508.89385984534,1802.1864257861043,0.001723,-90.528,-0.3844,0.36788,-0.8184,0.2966,0.076748,-0.025643,-0.0457,-0.8132,0.224094,0.079694,-1.1569115956079827,0.886983,-0.03209300000000004,-0.02133099999999999,0.00931075286553118,0.08685647846053883,0.009842234165164977,0.03292605664693327,0.0354919834642038,75.0465561247648,0.013277916410888142,0.04287792881961859,0.005167420649627937,0.018337537016409836,0.02009339725669307,86.610675420429,0.01906896115468993,0.01882121841152516,0.9298878944939621,0,-0.0,1,0.36788,0,0,0,0,0.0019152398158450744,1,-0.0062562133230949155,0,0.006302055502224816,1
2025-04-27 00:00:00+00:00,12,1.0788,0.1984,1.0,52,497434.4511,-19338.9333,0.8016,34,398744.5685,8578.740294,51216.4447,47473.4379,-3743.0068,52,497434.4511,6,94170.93812100384,1805.6413524347872,0.000818,-22.975,-0.4256,0.254394,-0.1837,0.0964,-0.010484,0.013316,0.3511,2.2379,-0.032446,-0.007916,-1.2422805489986224,0.904661,0.017678000000000083,-0.02155599999999991,0.011242100865699153,-0.014153718066218474,-0.006563292185844787,0.03207058134218491,0.03437759986828342,74.92051448639926,0.002784910679179912,-0.0054160962104269125,-0.003672822505586863,0.018322180403096053,0.019531614876527367,84.2170215179367,0.01917408266778281,0.01887654087156663,0.9269019685156539,1,0.010484,1,0.254394,0,0,1,0,-0.00817145313893999,0,0.004386815686379756,1,-0.007488928832633334,0
2025-04-28 00:00:00+00:00,23,1.7899,0.412,1.0,93,1117431.4501,-32712.5319,0.588,59,657015.6368,5666.285038,295387.4412,165028.3721,-130359.0691,93,1117431.4501,11,94328.54524557048,1790.946758596426,-0.001943,23.4589,-0.3514,0.428505,0.3038,0.0782,-0.021233,0.025857,0.0142,2.2896,-0.047278,-0.019845,-0.06762590204775894,0.925625,0.020963999999999983,0.006549000000000027,0.0019152398158450744,0.00931075286553118,0.014496943945128325,0.033586698420108835,0.03397633654246152,70.21233572408825,-0.003582323523506172,0.013277916410888142,0.028557483994520197,0.017827816041402947,0.01881910904896997,84.19973116750326,0.018986265015896935,0.018942504312565105,0.9184726902441983,1,0.021233,1,0.428505,0,0,1,0,0.012558268825319746,1,0.0006825243063066696,1,0.021539651727572648,1
2025-04-29 00:00:00+00:00,21,2.0003,0.3659,1.0,87,899984.2448,-37794.3374,0.6341,56,570661.3938,6871.86627,219558.4782,109764.3729,-109794.1053,87,899984.2448,10,94891.34349061675,1813.5797676952504,-0.000376,-6.1687,-0.3594,0.411013,-0.0576,-1.1162,-0.050979,-0.006897,-0.1118,1.2976,-0.123441,-0.049507,-0.24290591732196268,0.910727,-0.014898000000000078,0.023743999999999987,-0.00817145313893999,0.011242100865699153,0.016023280720242627,0.03358978037411701,0.0338988173021923,74.07487187213736,0.00167222910619008,0.002784910679179912,0.026787602448304016,0.01648011446373475,0.01876066593607105,84.33901285995425,0.019112172944148322,0.019054788103278788,0.9211702353150032,0,0.050979,0,0.411013,0,0,0,0,-0.011875744519013076,0,0.008981382902252914,1,0.014499386277571507,1
2025-04-30 00:00:00+00:00,19,0.838,0.5863,1.0,89,603364.9378,-18008.3091,0.4137,52,249618.8009,8811.441095,161288.3888,192457.7481,31169.3593,89,603364.9378,18,94493.93694257808,1792.1695405321968,0.000231,16.4622,-0.3087,0.425126,0.051,-0.8594,0.017645,0.000742,0.0024,1.2903,0.046874,0.019362,-0.18905707193385038,0.885524,-0.025202999999999975,-0.01913700000000007,0.012558268825319746,0.0019152398158450744,0.08685647846053883,0.011419935508915888,0.03395416629222127,79.31599144196545,0.005948633713019253,-0.003582323523506172,0.04287792881961859,0.006662161223669692,0.018725318422739192,88.86893207920707,0.018965973886994034,0.019028479994509895,0.919289418314064,0,-0.0,1,0.425126,0,0,0,0,0.02085712742126599,1,0.026375130796584597,1,0.022311713697548134,1
2025-05-01 00:00:00+00:00,26,1.9319,0.5189,1.0,87,515578.9644,-24743.088,0.4811,52,248045.7144,7192.327287,176283.9083,91249.3418,-85034.5665,87,515578.9644,9,95793.5336733507,1829.941587913181,0.000185,21.6141,-0.2425,0.408662,0.2443,-0.6858,-0.085288,0.019442,-0.0229,1.0676,-0.206212,-0.081423,-0.24245981347975426,0.880244,-0.005279999999999951,-0.045381000000000005,-0.011875744519013076,-0.00817145313893999,-0.014153718066218474,0.011788526168516205,0.03364938782974531,80.70595104349468,-0.004196811182266882,0.00167222910619008,-0.0054160962104269125,0.007238875347325123,0.01857449674129233,89.35108386347873,0.019102976137754295,0.019045543308177208,0.9221236030069864,0,0.085288,0,0.408662,0,0,0,0,0.005518003375318606,1,0.001454586276282156,1,0.0012711580698384105,1
2025-05-02 00:00:00+00:00,17,1.161,0.4659,1.0,82,519573.3272,-34572.9506,0.5341,48,277478.1734,5366.213304,130067.1659,112027.9879,-18039.178,82,519573.3272,17,96969.2001284528,1840.06712244664,0.000478,-36.1323,-0.3321,0.387456,-0.3134,-0.7741,0.012058,-0.014038,0.0447,1.4207,0.038707,0.01451,-0.3911373745342183,0.885252,0.0050080000000000124,-0.025474999999999914,0.02085712742126599,0.012558268825319746,0.00931075286553118,0.011650129339701581,0.033666674105602645,82.2288844837748,0.013659511404615207,0.005948633713019253,0.013277916410888142,0.00702204762954563,0.018556490844084617,90.06592246997177,0.018975789426015136,0.01905517446189735,0.920670943182745,0,-0.0,1,0.387456,0,0,1,0,-0.00406341709903645,0,-0.004246845305480183,0,-0.01578261257220669,0
2025-05-03 00:00:00+00:00,22,1.0947,0.6096,1.0,55,137044.9187,-45653.9532,0.3904,23,53496.5726,2553.566135,43662.7261,39885.6201,-3777.106,55,137044.9187,10,96346.7648095721,1832.605332686986,0.001646,-22.3973,-0.3743,0.340375,-0.2702,-0.2259,-0.035371,-0.001124,-0.1067,0.5092,-0.097795,-0.031452,-1.1432881635471808,0.822804,-0.06244800000000006,-0.06272,0.005518003375318606,-0.011875744519013076,0.011242100865699153,0.011627127981494153,0.032796210729234006,79.95238859749853,0.0121982191246652,-0.004196811182266882,0.002784910679179912,0.00808789352703995,0.01765306106678134,86.37554298595505,0.01902093273509601,0.019048313259098223,0.9226514873326828,0,0.035371,0,0.340375,0,0,0,0,-0.00018342820644373325,0,-0.011719195473170229,0,-0.02344399700813972,0
2025-05-04 00:00:00+00:00,21,1.5679,0.6507,1.0,53,285310.1376,-50984.395,0.3493,25,99653.3868,5209.892903,113356.4251,72300.3257,-41056.0994,53,285310.1376,7,95639.0960490146,1832.2692120056413,-0.000948,6.8979,-0.6434,0.454731,0.1208,0.0786,-0.00785,-0.066007,0.4917,4.1975,-0.008395,-0.003703,-1.2307569682526323,0.867957,0.045153,-0.012287000000000048,-0.00406341709903645,0.02085712742126599,0.0019152398158450744,0.011668428748673668,0.0327947448724603,82.30056727317458,-0.006439586818628065,0.013659511404615207,-0.003582323523506172,0.008687175702113286,0.017790935537808108,84.54727261729077,0.019158161125515154,0.019046038753059984,0.9179906171800913,0,0.00785,1,0.454731,0,0,0,1,-0.011535767266726496,0,-0.02326056880169597,0,-0.0054219835850032,0
2025-05-05 00:00:00+00:00,17,1.2543,0.3779,1.0,80,553679.639,-35733.0703,0.6221,49,344441.7426,5885.149929,116418.8461,92819.0502,-23599.7959,80,553679.639,14,94379.85206937086,1811.25402699488,-0.001298,5.0383,-0.5933,0.347743,-0.0009,-0.2262,-0.034211,0.033295,-0.0778,3.3342,-0.094578,-0.031796,-0.391309502592941,0.892554,0.02459699999999998,0.00730199999999992,-0.00018342820644373325,0.005518003375318606,-0.00817145313893999,0.012217948133554132,0.03286635055885729,76.67207404826107,-0.0073721258683920885,0.0121982191246652,0.00167222910619008,0.010486681808631004,0.01806256356964595,74.75291285084907,0.01919110898440036,0.019075302177131902,0.9111526992837881,1,0.034211,0,0.347743,0,0,0,1,-0.011724801534969475,0,0.006113783681723313,1,0.08778975908690335,1
2025-05-06 00:00:00+00:00,29,1.4269,0.4331,1.0,97,472534.0673,-25191.1009,0.5669,58,267889.2173,8103.908609,120322.585,84322.265,-36000.3199,97,472534.0673,10,94496.53932456247,1790.1414452775855,0.000159,40.0481,-0.3162,0.307265,0.4544,0.2858,-0.018024,0.065995,-0.352,0.7862,-0.046961,-0.013518,0.13394560498721447,0.839461,-0.053092999999999946,0.016657000000000033,-0.011535767266726496,-0.00406341709903645,0.012558268825319746,0.01203757070792481,0.03235795329865996,70.61036442964918,-0.013254072042672196,-0.006439586818628065,0.005948633713019253,0.010194135583046807,0.017668329594460762,69.93560965555704,0.018943989463244548,0.019051275965574217,0.9069933425971011,0,0.018024,1,0.307265,0,0,0,0,0.017838585216692786,1,0.09951456062187283,1,0.2497960915172446,1
2025-05-07 00:00:00+00:00,34,2.052,0.5796,1.0,83,626544.5516,-47527.4488,0.4204,35,263372.2937,5963.59438,244178.6667,118993.5912,-125185.0755,83,626544.5516,14,96804.66210702072,1822.361562244028,-0.000561,95.5596,0.3303,0.489772,0.339,0.5739,-0.040313,-0.012982,0.0061,0.8115,-0.079375,-0.037965,-0.2900993004094925,0.89923,0.05976899999999996,0.031272999999999995,-0.011724801534969475,-0.00018342820644373325,-0.011875744519013076,0.013107896135565532,0.02169724804754916,56.21920715599468,0.001235594021845827,-0.0073721258683920885,-0.004196811182266882,0.013585287044321341,0.014122610377836131,65.04208895839932,0.018825142535277357,0.019031157201043265,0.9030168025489375,1,0.040313,0,0.489772,0,0,0,1,0.08167597540518005,1,0.2319575063005518,1,0.2811956504396432,1
2025-05-08 00:00:00+00:00,48,2.0664,0.4806,1.0,129,1147041.2239,-62764.393,0.5194,61,595817.1584,15121.079467,371458.621,179765.4445,-191693.1764,129,1147041.2239,20,99973.9482169294,1977.452098413392,0.000608,754.5766,4.6588,0.429049,5.2584,5.5879,-0.091482,-0.036607,-0.0076,0.7387,-0.209997,-0.086619,1.1059439164400242,0.893192,-0.006037999999999988,0.0006380000000000274,0.017838585216692786,-0.011535767266726496,0.02085712742126599,0.03278242834456169,0.02574289630411184,77.18882284039975,0.02413194246034298,-0.013254072042672196,0.013659511404615207,0.017230240679976267,0.014799311707871535,75.45585391489986,0.019779673941881327,0.019127828315918555,0.8365136337829655,0,0.091482,0,0.429049,0,0,0,0,0.15028153089537177,1,0.19951967503446313,1,0.2401045302012848,1
2025-05-09 00:00:00+00:00,46,1.1087,0.4445,1.0,150,1351083.3205,-64607.6902,0.5555,78,750572.9196,17038.649301,315726.3295,284784.0714,-30942.258,150,1351083.3205,26,103018.6252303986,2298.1184615742545,-0.002053,-336.433,2.5549,0.416598,-2.8847,3.0166,-0.014371,0.030473,-0.1343,-0.2611,-0.032248,-0.01285,1.6969250317149145,0.898004,0.0048120000000000385,0.05854300000000001,0.08167597540518005,-0.011724801534969475,0.005518003375318606,0.06164672846392062,0.035990653645630366,86.39124985101334,0.03221447883134303,0.001235594021845827,0.0121982191246652,0.019450666360064532,0.015055916398527098,78.04222829398653,0.022307795861520863,0.019603829235276517,0.8408556863059811,1,0.014371,1,0.416598,1,0,1,0,0.049238144139091354,1,0.08982299930591305,1,0.08990835268426839,1
2025-05-10 00:00:00+00:00,35,1.4705,0.6736,1.0,95,542619.7439,-74011.3366,0.3264,44,177119.8051,7378.646813,217551.2849,147948.654,-69602.6309,95,542619.7439,16,103400.77893455816,2414.1056134099217,0.000576,-174.2949,1.5312,0.513542,0.3867,3.6736,-0.042204,-0.006908,0.3287,2.094,-0.077152,-0.038292,0.05347813171840218,0.878077,-0.019927000000000028,-0.021152999999999977,0.15028153089537177,0.017838585216692786,-0.00406341709903645,0.05974765671785185,0.03617746658826497,87.72586169221888,0.030000165145195348,0.02413194246034298,-0.006439586818628065,0.01849393129515377,0.014241816255098374,78.16849056811418,0.02334707376757575,0.020221849382773625,0.7497864411308237,0,0.042204,0,0.513542,0,0,0,0,0.04058485516682169,1,0.04067020854517706,1,0.04852661300182663,1
2025-05-11 00:00:00+00:00,29,1.5588,0.7068,1.0,79,534931.9124,-79941.3772,0.2932,35,156844.8054,10027.882942,230326.7452,147760.3618,-82566.3834,79,534931.9124,15,104180.8741726982,2514.097085248932,-0.001542,14.237,1.5684,0.538875,-0.1043,3.4486,-0.036517,-0.013592,0.0805,2.6057,-0.063531,-0.03331,-0.4355669689072517,0.893279,0.015202000000000049,8.700000000005925e-05,0.049238144139091354,0.08167597540518005,-0.00018342820644373325,0.05718137543131633,0.036081939749143956,88.83975114185544,0.0037026959002682183,0.03221447883134303,-0.0073721258683920885,0.016941393042102716,0.014232412460778842,80.88407167512489,0.024132040599710962,0.020932403593373023,0.7248826988150684,1,0.036517,0,0.538875,0,0,1,0,8.535337835537082e-05,1,0.007941757835004969,1,0.043336787120952965,1
2025-05-12 00:00:00+00:00,45,0.8518,0.5104,1.0,153,1129014.0341,-69981.8463,0.4896,83,552768.0178,11131.004763,265064.5481,311181.4681,46116.92,153,1129014.0341,25,103565.74795160034,2514.311681086781,0.000746,196.7604,2.5232,0.408377,2.0193,5.4688,0.020548,0.024616,-0.1609,1.4101,0.055165,0.021675,1.766257606427615,0.865655,-0.027624000000000093,-0.03234900000000007,0.04058485516682169,0.15028153089537177,-0.011535767266726496,0.055400792757870146,0.0360699626118031,90.57866478872954,0.007516068003514102,0.030000165145195348,-0.013254072042672196,0.015245604382756805,0.014051247645701216,77.83890456426325,0.024277444336729948,0.021659022929420107,0.7319036235917797,0,-0.0,1,0.408377,1,0,0,0,0.007856404456649597,1,0.04325143374259762,1,0.018400178302091407,1
2025-05-13 00:00:00+00:00,22,0.9607,0.4229,1.0,110,938436.8046,-63701.5682,0.5771,70,541615.6248,7553.03088,194429.7763,202391.4035,7961.6272,110,938436.8046,18,103314.40320198008,2534.142929734882,1.3e-05,-126.5703,1.8005,0.400835,-2.3101,2.7044,-0.020371,-0.005464,-0.1566,0.2815,-0.042303,-0.01641,0.47091581434870305,0.90615,0.04049500000000006,0.028073000000000015,8.535337835537082e-05,0.049238144139091354,-0.011724801534969475,0.052360989779236665,0.036026194695059216,90.47148891395442,-0.005921906334367148,0.0037026959002682183,0.001235594021845827,0.01578131036699083,0.01415263558332959,75.88504858258462,0.024528457322456985,0.02245680405216474,0.7356683084270776,1,0.020371,1,0.400835,0,0,1,0,0.035395029285948024,1,0.010543773845441837,1,0.01942620149026844,1
2025-05-14 00:00:00+00:00,36,4.0249,0.6302,1.0,99,1101981.509,-105537.4577,0.3698,53,407549.2071,20009.391424,556234.302,138197.9999,-418036.3021,99,1101981.509,10,103646.73048661312,2625.445285904297,-0.000616,-247.4937,0.5098,0.513922,-1.2944,1.071,-0.136676,-0.008591,-0.1408,-0.7277,-0.267972,-0.134977,0.1372986058073187,0.919115,0.012965000000000004,0.02583599999999997,0.007856404456649597,0.04058485516682169,0.017838585216692786,0.050985603343469216,0.036215179162948724,93.70306869077803,-0.002429859722016936,0.007516068003514102,0.02413194246034298,0.015236971036193979,0.01413865992567661,78.30972762854252,0.025330710130247635,0.02338617085144621,0.7344284196116968,1,0.136676,0,0.513922,0,0,1,0,-0.024851255440506186,0,-0.015968827795679555,0,-0.054965525274460546,0
2025-05-15 00:00:00+00:00,22,2.4689,0.6332,1.0,85,1247714.5699,-125945.4911,0.3668,48,457640.5461,23594.544107,562311.717,227762.3068,-334549.4101,85,1247714.5699,15,102829.45034557737,2561.0037178707703,0.000216,80.8198,0.9118,0.533888,0.2882,-3.8991,-0.053261,-0.00025,0.0147,-0.6343,-0.096775,-0.050828,-0.2845462865988997,0.934264,0.015148999999999968,0.06860900000000003,0.035395029285948024,8.535337835537082e-05,0.08167597540518005,0.056325687775728446,0.03674144905911588,88.12277571644553,0.003211497389267851,-0.005921906334367148,0.03221447883134303,0.012720508377597209,0.014386501476486797,72.49412448623417,0.0249053525936786,0.02411841065884582,0.7271459608739115,1,0.053261,0,0.533888,0,0,1,0,0.008882427644826633,1,-0.030114269833954332,0,-0.02718787563858061,0
2025-05-16 00:00:00+00:00,25,0.6088,0.6167,1.0,85,856935.6427,-103169.3732,0.3833,39,328457.1477,16968.740586,199993.964,328484.531,128490.5671,85,856935.6427,21,103837.09821695607,2583.8529763063293,-0.000303,-116.1355,0.3045,0.475914,-0.5978,-1.6122,0.065255,0.006233,0.082,-0.0461,0.144941,0.06762,-0.29767181814274435,0.922989,-0.011275000000000035,0.016838999999999937,-0.024851255440506186,0.007856404456649597,0.15028153089537177,0.026206189113831505,0.035902913080559706,88.21273585517845,-0.00791650064476898,-0.002429859722016936,0.030000165145195348,0.00671199073423863,0.01395687529140039,72.06021323800258,0.024883717097984148,0.024486399406912003,0.7394347864027917,0,-0.0,1,0.475914,0,0,0,0,-0.03899669747878096,0,-0.03607030328340721,0,-0.05631678926276918,0
2025-05-17 00:00:00+00:00,24,1.3425,0.7773,1.0,62,566041.0497,-102416.3383,0.2227,23,126084.268,17534.287622,252144.0841,187812.6976,-64331.3865,62,566041.0497,15,103199.50212241527,2485.0306391454264,0.0011,-141.8955,-0.4285,0.659757,-1.2448,-3.2437,0.062084,-0.022463,-0.3002,-2.1877,0.100518,0.065252,-0.9958367118740433,0.911743,-0.011245999999999978,-0.007372000000000045,0.008882427644826633,0.035395029285948024,0.049238144139091354,0.029037660158782206,0.03726026279415005,81.7811649196965,0.009751513859541263,0.003211497389267851,0.0037026959002682183,0.007105579395150749,0.014164517378089981,72.19068300103201,0.02407987042609646,0.024591084643843537,0.7227692578203921,0,-0.0,1,0.659757,0,0,0,0,0.00292639419537375,1,-0.01732009178398819,0,0.012700924998480266,1
2025-05-18 00:00:00+00:00,24,1.0934,0.7176,1.0,68,305777.6912,-92019.8293,0.2824,29,86340.8776,4964.348138,114613.8171,104822.9966,-9790.8205,68,305777.6912,15,104125.801205951,2492.313469401861,0.001884,2.5458,-0.4085,0.461008,0.0219,-3.1175,0.038755,0.00283,0.1594,-1.0678,0.091567,0.041053,-0.8019317150359282,0.886936,-0.024807000000000023,-0.04732800000000004,-0.03899669747878096,-0.024851255440506186,0.04058485516682169,0.024253894550064777,0.03717785632322257,81.92293761504504,-0.006159279172730067,-0.00791650064476898,0.007516068003514102,0.007380092744546576,0.01412672478574338,77.18294331203603,0.023935599443526013,0.024563021621531397,0.7326030826908307,0,-0.0,1,0.461008,0,0,0,0,-0.02024648597936194,0,0.009774530803106543,1,0.01827574507846885,1
2025-05-19 00:00:00+00:00,26,2.1838,0.5508,1.0,97,1054009.9567,-129445.1651,0.4492,57,473461.9333,12712.523008,398204.2272,182343.7962,-215860.4309,97,1054009.9567,14,104214.2657997465,2442.36027440876,-0.002797,57.5826,-0.0734,0.528654,0.6836,-4.4532,-0.06613,0.025291,0.1281,-0.1499,-0.123257,-0.064009,0.07101374272658913,0.921562,0.034626000000000046,-0.001426999999999956,0.00292639419537375,0.008882427644826633,8.535337835537082e-05,0.025264645064679646,0.037724806684316665,80.46832892295458,0.00893576647177043,0.009751513859541263,-0.005921906334367148,0.006915201072933409,0.014167023901788308,84.42277249897515,0.023435949537867404,0.02444280807883675,0.7274441545161542,1,0.06613,0,0.528654,0,0,1,0,0.030021016782468483,1,0.038522231057830814,1,0.07588129104347593,1
2025-05-20 00:00:00+00:00,29,1.1348,0.4944,1.0,84,978476.7619,-134945.0825,0.5056,38,494728.9848,22283.913854,257142.786,226604.9912,-30537.7948,84,978476.7619,17,105705.40613280683,2516.7941126710093,0.000136,30.0244,0.0956,0.409234,0.2065,-1.9366,-0.018648,-0.002283,-0.0291,-0.3702,-0.042503,-0.017027,-0.3216482431655688,0.923716,0.0021539999999999893,0.011973000000000011,-0.02024648597936194,-0.03899669747878096,0.007856404456649597,0.028234248659400902,0.037627030895395715,83.47460808520236,0.0008492327028942529,-0.006159279172730067,-0.002429859722016936,0.00830302893329725,0.014088646835040615,85.71019763197701,0.023809511781345823,0.024340101572963728,0.7277914597173419,1,0.018648,1,0.409234,0,0,0,1,0.008501214275362334,1,0.04586027426100748,1,0.04090353466846641,1
2025-05-21 00:00:00+00:00,23,0.8724,0.3606,1.0,97,1629175.562,-69506.4404,0.6394,58,1041740.7606,34643.796477,273700.3041,313734.4973,40034.1932,97,1629175.562,16,107370.43181838056,2538.281122139096,0.001397,125.2797,0.8097,0.406269,0.025,-0.6173,0.038558,-0.001119,0.05,-0.0266,0.09903,0.039405,0.06376096280682078,0.931341,0.007624999999999993,0.04440500000000003,0.030021016782468483,0.00292639419537375,0.035395029285948024,0.02396660378950704,0.03764713446633194,83.16571819907603,0.014207009758731879,0.00893576647177043,0.003211497389267851,0.009525311168018498,0.013607432744377888,84.89165578295786,0.02364041085755019,0.024098630248292664,0.7260718536918932,1,-0.0,1,0.406269,0,0,1,0,0.03735905998564515,1,0.0324023203931041,1,0.004436375769155964,1
2025-05-22 00:00:00+00:00,37,1.8042,0.4239,1.0,124,1077452.7502,-40423.2831,0.5761,77,620761.4535,14728.857466,293829.303,162861.9938,-130967.3092,124,1077452.7502,10,110950.19891476342,2634.9025236004304,-0.001788,153.4549,1.6625,0.404464,1.5648,0.6593,-0.097484,0.006582,0.1116,0.7862,-0.240438,-0.094178,0.8683322136336558,0.905236,-0.026104999999999934,-0.01632599999999995,0.008501214275362334,-0.02024648597936194,-0.024851255440506186,0.026682551720496422,0.037866867868747094,81.52687583299242,0.015628797642650367,0.0008492327028942529,-0.00791650064476898,0.012315040654695223,0.013949733239141338,84.95067192416764,0.02374851554457034,0.023933367812705768,0.7484995293667035,0,0.097484,0,0.404464,0,0,0,0,-0.004956739592541048,0,-0.032922684216489154,0,-0.04841993487459308,0
2025-05-23 00:00:00+00:00,21,1.163,0.5247,1.0,100,1394234.6469,-66654.6626,0.4753,66,662685.1395,15349.663292,393339.2985,338210.2089,-55129.0896,100,1394234.6469,13,110035.33154516296,2621.8743133364856,0.000973,-171.9218,0.6653,0.420493,-1.2639,-0.0068,-0.015521,-0.016295,0.0186,0.907,-0.033114,-0.01365,0.14537564432551933,0.933733,0.028496999999999995,0.010017000000000054,0.03735905998564515,0.030021016782468483,0.008882427644826633,0.02677854644538754,0.035563648383521614,71.26464350476766,0.03279660699280251,0.014207009758731879,0.009751513859541263,0.014309488168454088,0.012478411927336295,75.87912726667227,0.0238275677141061,0.023782489329294616,0.7620218465875869,1,0.015521,1,0.420493,0,0,1,0,-0.027965944623948108,0,-0.04346319528205201,0,-0.024063094422656223,0
2025-05-24 00:00:00+00:00,12,1.4718,0.544,1.0,47,313704.6781,-62117.5025,0.456,30,143052.1339,7751.707117,101611.905,69040.6392,-32571.2657,47,313704.6781,5,108455.14963727808,2549.5669064847384,8.4e-05,-222.2568,-0.6026,0.3933,-1.4072,-0.1692,-0.049531,0.000752,-0.0023,0.8776,-0.121113,-0.046079,-1.4189074156017545,0.861385,-0.07234800000000008,-0.06995600000000002,-0.004956739592541048,0.008501214275362334,-0.03899669747878096,0.024153929909126483,0.036010018865046144,59.45758281631328,-0.008279932124288516,0.015628797642650367,-0.006159279172730067,0.015956138264936207,0.01285322961774437,67.28277370848318,0.023508029955346666,0.023700797833473224,0.7222391068741801,0,0.049531,0,0.3933,0,0,0,0,-0.015497250658103904,0,0.003902850201291913,1,0.02874468420537263,1
2025-05-25 00:00:00+00:00,17,1.6034,0.4527,1.0,53,398905.974,-66698.1361,0.5473,29,218327.9467,8678.187805,111216.6414,69361.3859,-41855.2555,53,398905.974,7,107633.43375111309,2510.3602117225614,0.000689,-4.2663,-0.6195,0.430227,-0.0103,-0.2014,0.007484,-0.008496,0.1291,1.8204,0.023591,0.00991,-1.2203417461448387,0.898482,0.03709700000000005,-0.006754000000000038,-0.027965944623948108,0.03735905998564515,0.00292639419537375,0.025227443450905145,0.03636293981649356,49.71779085313888,-0.014464789962884281,0.03279660699280251,0.00893576647177043,0.016838708193431483,0.012961420100784554,61.799076283645505,0.02332323818198916,0.02361331765325367,0.7307528027242121,1,-0.0,1,0.430227,0,0,0,1,0.01940010085939582,1,0.04424193486347656,1,0.05191233405544528,1
2025-05-26 00:00:00+00:00,13,1.0108,0.2872,1.0,67,626457.385,-35998.5379,0.7128,45,446557.1656,8288.567015,90431.7317,89468.4877,-963.244,67,626457.385,9,109567.1648717944,2559.5369272923017,-0.000841,73.5284,-0.1874,0.275735,0.6775,-0.2076,-0.023891,0.00333,-0.1002,1.0336,-0.081088,-0.021583,-0.7968120405073238,0.900935,0.0024530000000000385,-0.032797999999999994,-0.015497250658103904,-0.004956739592541048,-0.02024648597936194,0.024078724138510223,0.03639203846986152,53.15129798984783,-0.0076053980648966325,-0.008279932124288516,0.0008492327028942529,0.017397330148921517,0.013184019106559551,68.77169537989346,0.023360437684841445,0.023602530245678537,0.7439494106573936,1,0.023891,0,0.275735,0,0,0,1,0.024841834004080743,1,0.032512233196049484,1,0.05172842531300708,1
2025-05-27 00:00:00+00:00,40,1.8426,0.55,1.0,113,985176.991,-54581.8009,0.45,59,443320.3916,12455.996431,351238.6174,190617.982,-160620.6354,113,985176.991,14,109467.05156937391,2623.916865846821,0.00059,355.8833,1.7997,0.456021,1.9235,1.5094,-0.093443,-0.000985,0.0081,1.0711,-0.200413,-0.088918,0.7172934665204839,0.905767,0.0048319999999999474,0.04438200000000003,0.01940010085939582,-0.027965944623948108,0.030021016782468483,0.02330978703208946,0.0364203169450093,55.8051849742079,0.017806416984468765,-0.014464789962884281,0.014207009758731879,0.017314418615321164,0.013133530888568347,69.47351468293212,0.0239699236275121,0.023625446223702284,0.7381600037402122,1,0.093443,0,0.456021,0,0,1,0,0.00767039919196874,1,0.026886591308926365,1,-0.0081871476428085,0
2025-05-28 00:00:00+00:00,21,0.9044,0.5632,1.0,83,898206.587,-56674.3702,0.4368,53,392319.6665,12968.260437,240250.3562,265636.5643,25386.2081,83,898206.587,9,108331.2591188124,2644.1207424961017,-0.000874,-83.167,1.3007,0.427899,-0.4547,1.0297,-0.027086,-0.000239,-0.085,0.4129,-0.059563,-0.024936,-0.2570681538401148,0.922326,0.01655899999999999,0.023843999999999976,0.024841834004080743,-0.015497250658103904,0.008501214275362334,0.02329677073988715,0.03622521192011335,51.302394999114135,-0.00091413397430486,-0.0076053980648966325,0.015628797642650367,0.017447992321932743,0.013422493849469383,64.19158989013837,0.024407735717316456,0.02373506406081175,0.7287383246437014,1,0.027086,0,0.427899,0,0,1,0,0.019216192116957624,1,-0.015857546834777213,0,-0.04513653265593108,0
2025-05-29 00:00:00+00:00,29,1.1398,0.5585,1.0,103,934326.7468,-42834.2498,0.4415,58,412518.8946,9160.375227,277947.1592,243860.693,-34086.4663,103,934326.7468,16,107535.81697685063,2695.422003483521,0.000226,-21.5773,1.1619,0.451334,0.663,0.1279,-0.034623,0.011591,0.0134,0.507,-0.072632,-0.032006,0.45950482048467645,0.912075,-0.01025100000000001,0.011139999999999928,0.00767039919196874,0.01940010085939582,0.03735905998564515,0.01997805966950148,0.03624288839801476,59.598315388612335,-0.010429858184816428,0.017806416984468765,0.03279660699280251,0.01062272338410084,0.013595948736643543,64.4177214184761,0.025065341755517306,0.023923182090947036,0.7176949852689977,0,0.034623,0,0.451334,0,0,0,0,-0.03507373895173484,0,-0.06435272477288867,0,-0.06866125312217691,0
2025-05-30 00:00:00+00:00,19,0.6868,0.4955,1.0,92,842063.6441,-23889.3379,0.5045,56,424792.3628,8558.45637,169892.9939,247378.2874,77485.2935,92,842063.6441,17,105363.14043584552,2602.5221713310348,-0.000189,30.3683,1.2992,0.436357,-0.6082,0.7836,0.030194,-0.008578,0.0453,0.8325,0.075359,0.032244,0.0823455780738547,0.925957,0.013882000000000061,0.02019000000000004,0.019216192116957624,0.024841834004080743,-0.004956739592541048,0.024718963872969416,0.03703533932375474,51.229930844752325,-0.007369773627551858,-0.00091413397430486,-0.008279932124288516,0.01221846975990985,0.014246717235323286,54.39820361932777,0.024700499250168824,0.024047886596098852,0.703215828277579,1,-0.0,1,0.436357,0,0,1,0,-0.029278985821153836,0,-0.03358751417044206,0,-0.032386156561646076,0
2025-05-31 00:00:00+00:00,21,4.4506,0.3529,1.0,62,291541.6078,-28540.9187,0.6471,37,188657.588,4042.450685,84008.1755,18875.8443,-65132.3312,62,291541.6078,4,104090.3989976358,2527.4276715181018,0.000246,-263.3224,-0.1287,0.347887,-1.3929,0.7979,-0.067708,-0.061238,0.0845,1.4496,-0.193521,-0.065146,-0.9674302728554875,0.890692,-0.03526499999999999,-0.03163399999999994,-0.03507373895173484,0.00767039919196874,-0.027965944623948108,0.024960977566377298,0.03776617027545845,52.98935218576361,-0.02041110954603398,-0.010429858184816428,-0.014464789962884281,0.011986854016766746,0.014398714540680852,52.50090637800093,0.024281083518332053,0.024158322819382478,0.719762335685834,0,0.067708,0,0.347887,0,0,0,0,-0.004308528349288224,0,-0.003107170740492214,0,0.03445224509639856,1
2025-06-01 00:00:00+00:00,19,0.575,0.7943,1.0,54,308738.4682,-13107.4672,0.2057,23,63500.8525,9057.910768,89529.3554,155708.2603,66178.9048,54,308738.4682,12,104606.02079791477,2516.5616029361304,0.000161,-13.4018,-0.2007,0.519871,-0.1237,0.6844,0.073932,0.049554,-0.2223,-0.2261,0.151773,0.076996,-1.256057754356566,0.881882,-0.008809999999999985,-0.030192999999999914,-0.029278985821153836,0.019216192116957624,-0.015497250658103904,0.02424423522829579,0.03785574503624362,51.702579169473026,-0.012153120990597625,-0.007369773627551858,-0.0076053980648966325,0.012605862599818423,0.014295426577781987,51.370600752618145,0.024057521581838968,0.024263220447932447,0.7320380994989781,0,-0.0,1,0.519871,0,0,0,0,0.00120135760879601,1,0.038760773445686805,1,0.04289892453108588,1
2025-06-02 00:00:00+00:00,28,0.8965,0.4079,1.0,104,920535.2844,-10043.2013,0.5921,65,545062.7833,14868.118309,177492.9418,197979.5593,20486.6175,104,920535.2844,11,104796.06876584636,2519.586710119753,0.000329,197.7818,0.892,0.400449,1.7389,1.7458,0.007233,0.007274,0.0749,0.3319,0.025384,0.009903,0.6557745566578206,0.913123,0.031240999999999963,-0.012834000000000012,-0.004308528349288224,-0.03507373895173484,0.01940010085939582,0.02279361192083103,0.03779836846633047,55.86710920219327,0.004941367465239419,-0.02041110954603398,0.017806416984468765,0.008876830764918492,0.014195985796240308,51.64883186135052,0.024042759807616953,0.02436069503690038,0.7364965320639412,1,-0.0,1,0.400449,0,0,0,1,0.0375594158368908,1,0.04169756692228991,1,0.02374689559276045,1
2025-06-03 00:00:00+00:00,29,1.6676,0.5598,1.0,99,1171462.8344,-10545.5739,0.4402,49,515624.7217,12330.544587,409987.6782,245850.4345,-164137.2437,99,1171462.8344,21,105741.85224954267,2616.0205785687526,-0.001064,51.489,1.1526,0.504475,-0.4441,-0.6217,-0.042391,0.013829,-0.0228,0.1471,-0.079851,-0.039578,0.45730444292666833,0.929709,0.01658599999999999,0.03901699999999997,0.00120135760879601,-0.029278985821153836,0.024841834004080743,0.025641574270778317,0.03805392290754923,57.086514735002325,0.001815149223274967,-0.012153120990597625,-0.00091413397430486,0.01052450964871961,0.014105567859061028,50.10535656057544,0.024739689374791207,0.02447066157222597,0.7347556665423474,1,0.042391,0,0.504475,0,0,1,0,0.004138151085399102,1,-0.013812520244130315,0,-0.0564400449122422,0
2025-06-04 00:00:00+00:00,10,0.5723,0.3352,1.0,83,1066008.4014,-287.9669,0.6648,62,708729.833,10196.923564,130044.5557,227234.0127,97189.457,83,1066008.4014,11,105305.8094910842,2626.868496647128,0.000409,-24.3336,0.9975,0.371878,0.7271,0.5601,0.024096,0.005863,0.0468,0.4861,0.070298,0.025662,-0.15088673601733332,0.935446,0.005736999999999992,0.053563999999999945,0.0375594158368908,-0.004308528349288224,0.00767039919196874,0.025489890816129953,0.03782842110059607,56.38909658059183,0.008984508265361896,0.004941367465239419,-0.010429858184816428,0.010243022890344618,0.01383100922830451,43.61745780018408,0.02494514319145454,0.024547434068531406,0.7368244085797383,1,-0.0,1,0.371878,0,0,1,0,-0.017950671329529426,0,-0.06057819599764127,0,-0.04901239069601141,0
2025-06-05 00:00:00+00:00,16,2.766,0.2721,1.0,92,1186190.7318,-17039.705,0.7279,70,863438.9359,9561.256674,237050.2144,85701.5815,-151348.6329,92,1186190.7318,6,104121.5670153622,2580.135146033736,1.9e-05,176.3809,1.9031,0.363042,-0.534,-0.637,-0.091019,-0.007598,0.0312,0.7137,-0.251501,-0.089363,0.1935915133493844,0.936536,0.0010900000000000354,0.023413000000000017,0.004138151085399102,0.00120135760879601,0.019216192116957624,0.02444217076565773,0.03798205782670915,45.783251406616884,-0.00413217919886964,0.001815149223274967,-0.007369773627551858,0.010559408178780512,0.014093715926821264,25.683786369984674,0.024780026079064484,0.024506674686181004,0.733818670262307,1,0.091019,0,0.363042,0,0,1,0,-0.04262752466811185,0,-0.03106171936648195,0,-0.024237695601336325,0
2025-06-06 00:00:00+00:00,13,1.5572,0.3574,1.0,88,971090.6469,-38912.9711,0.6426,69,624027.7791,9035.911167,211345.2185,135717.6493,-75627.5692,88,971090.6469,6,103619.3506645316,2472.4616037636806,0.000249,-292.2174,0.3176,0.387129,-0.6907,-0.7195,-0.037246,0.008891,-0.0839,0.0669,-0.093461,-0.03542,0.026281173200737477,0.926436,-0.010099999999999998,-0.0032729999999999704,-0.017950671329529426,0.0375594158368908,-0.03507373895173484,0.026041515304285775,0.03925470822780483,39.76821829771108,-0.011309458370544052,0.008984508265361896,-0.02041110954603398,0.008007289170115048,0.013596045732378811,26.37951960129807,0.02386100267862412,0.024386746604531762,0.7425490489513207,0,0.037246,0,0.387129,0,0,0,0,0.011565805301629893,1,0.01838982906677556,1,0.025473458074332676,1
2025-06-07 00:00:00+00:00,19,1.6063,0.5736,1.0,51,214960.5311,-33705.5854,0.4264,26,91667.8623,4390.903356,75986.6499,47306.0189,-28680.631,51,214960.5311,6,105204.4827210328,2501.2236206133293,-0.00019,-139.2199,-0.4358,0.403153,-1.0589,-0.3855,-0.031508,-0.000382,-0.2251,-1.6119,-0.074252,-0.029004,-1.388371047545265,0.872393,-0.05404300000000006,-0.06305300000000003,-0.04262752466811185,0.004138151085399102,-0.029278985821153836,0.02485096962908299,0.03686505618687336,46.459244589041,-0.004835035243149072,-0.00413217919886964,-0.012153120990597625,0.009046966033293982,0.012623204452774482,38.10267770396964,0.023774876848601027,0.024314431365998757,0.7619412992889232,0,0.031508,0,0.403153,0,0,0,0,0.006824023765145659,1,0.013907652772702818,1,0.08486170593795918,1
2025-06-08 00:00:00+00:00,13,3.2334,0.8415,1.0,47,530199.5864,-76787.0734,0.1585,26,84017.0015,40901.817775,340787.0483,105395.5365,-235391.5118,47,530199.5864,8,105777.23786403876,2518.350400356058,0.000768,-28.538,-0.5731,0.88693,-0.288,-0.5498,0.025583,-0.009951,0.0377,-1.3023,0.031935,0.028002,-1.5105602683456023,0.900436,0.02804300000000004,-0.03610000000000002,0.011565805301629893,-0.017950671329529426,-0.004308528349288224,0.024996242244947946,0.02521301514101067,50.60725157860896,0.015181815952548871,-0.011309458370544052,0.004941367465239419,0.00907954348940164,0.011467935372381615,43.081097847044646,0.023808055978858426,0.024278793422715824,0.7135684490698154,0,-0.0,1,0.88693,0,0,1,0,0.007083629007557152,1,0.07803768217281355,1,0.1066378889663582,1
2025-06-09 00:00:00+00:00,17,2.948,0.3978,1.0,94,690750.526,-99083.085,0.6022,71,415962.5179,9637.257089,205186.7356,69601.2724,-135585.4631,94,690750.526,6,107103.64015194494,2536.252792396503,0.000294,225.4454,0.6508,0.396767,1.8364,-0.4523,-0.099473,0.000824,0.1322,-0.3185,-0.249959,-0.096538,0.3189025613096758,0.910001,0.009564999999999935,-0.01643500000000009,0.006824023765145659,-0.04262752466811185,0.00120135760879601,0.025137853539481586,0.023678098015407455,48.167435403606135,0.00542944240316457,-0.004835035243149072,0.001815149223274967,0.009971330200791202,0.011652270202576942,40.553690218945675,0.02368036033881194,0.02422702207002939,0.653207953559483,1,0.099473,0,0.396767,0,0,1,0,0.0709540531652564,1,0.09955425995880107,1,0.07659442128177467,1
2025-06-10 00:00:00+00:00,21,1.0523,0.3871,1.0,124,1412501.3395,-77623.8966,0.6129,85,865679.1234,5991.291834,280372.5707,266449.6454,-13922.9254,124,1412501.3395,18,109462.41090752032,2722.7482774338737,-0.000203,144.6036,1.403,0.4361,0.7878,0.7796,-0.031673,-0.016057,-0.0479,-0.6632,-0.065504,-0.027974,1.4668017380134126,0.932683,0.02268200000000009,0.060290000000000066,0.007083629007557152,0.011565805301629893,0.0375594158368908,0.03462421878539639,0.025941305854824678,56.25711059528036,0.012461612007342157,0.015181815952548871,0.008984508265361896,0.012160991294189438,0.01219849452840094,49.98499153030684,0.024873819741958694,0.02424618355105332,0.675634742142748,1,0.031673,0,0.4361,0,0,1,0,0.028600206793544684,1,0.005640368116518305,1,-0.07100066561087529,0
2025-06-11 00:00:00+00:00,13,0.8269,0.3263,1.0,99,1298017.2383,-85775.0336,0.6737,74,874418.2935,9375.015329,191733.7232,231865.2216,40131.4984,99,1298017.2383,12,109411.2760331442,2801.7436993203646,-0.001855,-84.7086,0.9259,0.372021,-0.4941,-0.4416,0.006241,0.010483,-0.0255,-0.8431,0.024386,0.00887,0.49426516624517036,0.932059,-0.0006240000000000689,0.03162299999999996,0.0709540531652564,0.006824023765145659,0.004138151085399102,0.03565787277834896,0.026362779552076228,59.15085750211545,0.021784245716387044,0.00542944240316457,-0.00413217919886964,0.011778178613347002,0.012122178649343816,53.77837624437303,0.02560744925844413,0.024340798703480406,0.716254503547437,0,-0.0,1,0.372021,0,0,0,0,-0.02295983867702638,0,-0.09960087240441994,0,-0.10007255611423994,0
2025-06-12 00:00:00+00:00,16,1.3919,0.3316,1.0,95,1257892.8999,-73915.8758,0.6684,70,840832.5044,9948.192143,242697.4622,174362.9333,-68334.5289,95,1257892.8999,9,107505.59362208909,2738.148971970968,0.000904,-13.3016,0.8361,0.344048,-0.5962,-0.5038,-0.019763,-0.014733,-0.0174,-0.9599,-0.053916,-0.018184,0.33406760471535746,0.937625,0.005566000000000071,0.027624000000000093,0.028600206793544684,0.007083629007557152,-0.017950671329529426,0.03633750577396365,0.026788469331625667,52.45643226727314,-0.0004672546620035766,0.012461612007342157,-0.011309458370544052,0.013391620230489216,0.012611010633998158,49.9006573511376,0.0254698279384075,0.02443934182624369,0.7006576303150099,1,0.019763,1,0.344048,0,0,1,0,-0.07664103372739356,0,-0.07711271743721353,0,-0.07773104458558784,0
2025-06-13 00:00:00+00:00,25,1.1394,0.3993,1.0,111,1376018.8486,-68225.427,0.6007,71,826590.2712,8781.662063,292611.5023,256817.0751,-35794.4272,111,1376018.8486,15,104901.88871165454,2536.1345742063827,-6.3e-05,-85.0011,0.3672,0.379529,-0.515,-0.328,-0.001755,0.013772,0.2524,0.885,-0.002096,-0.000777,0.9309537567037832,0.927095,-0.01053000000000004,-0.005588000000000037,-0.02295983867702638,0.0709540531652564,-0.04262752466811185,0.04544521251797874,0.029706601507831183,46.4279201941787,-0.017571076369457064,0.021784245716387044,-0.004835035243149072,0.01721557256412433,0.013455877902750898,48.49318735900709,0.024176252738189446,0.024484377549038736,0.7156689013844293,0,0.001755,1,0.379529,0,0,0,0,-0.00047168370981997334,0,-0.0010900108581942567,0,0.029498125109610637,1
2025-06-14 00:00:00+00:00,22,3.6156,0.7269,1.0,50,231391.5597,-77745.1295,0.2731,22,63187.0188,6476.414689,131761.5446,36442.9963,-95318.5483,50,231391.5597,6,105153.56668198536,2534.9386029240777,0.000712,-210.8318,-0.7693,0.453336,-1.2775,-0.5466,-0.12665,-0.041138,-0.2122,-0.6737,-0.28342,-0.124875,-1.434125430850021,0.852057,-0.07503800000000005,-0.08000200000000002,-0.07664103372739356,0.028600206793544684,0.011565805301629893,0.04532256358973369,0.02936750452459102,50.445702339047884,-0.02451735979015255,-0.0004672546620035766,0.015181815952548871,0.016202339058210096,0.013367496822066768,53.740821707899485,0.024107014939307395,0.02453182584771108,0.767187707436012,0,0.12665,0,0.453336,0,0,0,0,-0.0006183271483742834,0,0.02996980881943064,1,0.004561517119079889,1
2025-06-15 00:00:00+00:00,16,0.8641,0.6112,1.0,50,171995.6481,-43022.8198,0.3888,25,66870.7483,3769.768452,48730.1219,56394.7779,7664.656,50,171995.6481,9,105392.3389786174,2533.371666056154,0.000952,2.9894,-0.7533,0.362845,-0.0374,-0.296,-0.005839,0.03187,0.1256,0.2528,0.016458,0.005612,-1.410389285909701,0.821138,-0.03091899999999992,-0.11648700000000001,-0.00047168370981997334,-0.02295983867702638,0.006824023765145659,0.045275419996237354,0.029315793036614423,51.0111859654119,0.0023963013985286805,-0.017571076369457064,0.00542944240316457,0.016067022914378493,0.013263048359095605,52.81210517032076,0.024037531481013428,0.02456460806230465,0.7632465747957065,0,0.005839,1,0.362845,0,0,0,0,0.030588135967804922,1,0.005179844267454201,1,-0.006962974063764946,0
2025-06-16 00:00:00+00:00,25,2.1847,0.2952,1.0,110,889417.7276,-37607.3855,0.7048,75,626847.248,8998.487337,180123.9515,82446.5281,-97677.4234,110,889417.7276,10,107045.988078714,2612.0601143078725,8e-05,118.6254,-0.1218,0.314432,1.3488,-0.7835,-0.049833,0.014683,-0.0046,0.224,-0.152916,-0.046193,0.8800601665830676,0.901362,0.08022399999999996,-0.025733000000000006,-0.0006183271483742834,-0.07664103372739356,0.007083629007557152,0.04666507888239841,0.028928017651233363,55.02594801807156,0.00226812673696526,-0.02451735979015255,0.012461612007342157,0.01652191248030081,0.013478613937110877,57.22983775631772,0.02440128921400725,0.024667597901618266,0.762999283972376,0,0.049833,0,0.314432,0,0,0,1,-0.02540829170035072,0,-0.03755111003156984,0,-0.03687030055712668,0
2025-06-17 00:00:00+00:00,34,2.2708,0.5914,1.0,103,720987.0413,-59286.1251,0.4086,55,294577.3636,6315.403804,296041.8898,130367.7878,-165674.1021,103,720987.0413,14,105784.41055451348,2546.5281816923293,-0.001841,20.8758,-0.016,0.405363,-0.201,-1.7723,-0.087575,0.015981,-0.1044,-0.5432,-0.213591,-0.083987,0.6096755768482129,0.899086,-0.0022759999999999447,0.0470290000000001,0.030588135967804922,-0.00047168370981997334,0.0709540531652564,0.03688092169606985,0.02934486106149356,46.114184651418924,0.015568589001398937,0.0023963013985286805,0.021784245716387044,0.013765915318600344,0.013602147066787905,50.1343293321516,0.024072811564044557,0.024553168161916245,0.7754912649547567,0,0.087575,0,0.405363,0,0,0,0,-0.012142818331219118,0,-0.011462008856775925,0,-0.01897872567067883,0
2025-06-18 00:00:00+00:00,13,3.8027,0.5858,1.0,74,839888.5591,-106038.6845,0.4142,50,347855.1202,29145.047335,389584.9284,102448.5105,-287136.4179,74,839888.5591,11,104750.96447131236,2515.793135300008,-0.00047,-75.1842,-0.428,0.584651,-0.4936,-1.7718,-0.032642,-0.019083,0.049,-0.1881,-0.052944,-0.030465,-0.4919038983586998,0.915357,0.016270999999999924,0.09421899999999994,-0.02540829170035072,-0.0006183271483742834,0.028600206793544684,0.03284978078631407,0.029182078991185457,43.905199917189925,-0.011855376943242308,0.00226812673696526,-0.0004672546620035766,0.013719636561714158,0.01373221622970668,48.30093955287639,0.02401689710445574,0.024325946425632187,0.7855705519013799,1,0.032642,0,0.584651,0,0,0,1,0.0006808094744431925,1,-0.006835907339459685,0,-0.0430085139124682,0
2025-06-19 00:00:00+00:00,17,1.8086,0.3182,1.0,64,800540.0089,-106752.1304,0.6818,40,545832.5495,27653.377064,164018.0546,90689.4049,-73328.6497,64,800540.0089,7,104639.4759990338,2517.5064942715912,0.000393,38.2388,-0.2281,0.292308,0.3537,-0.822,-0.058785,-0.014332,0.0892,0.4598,-0.200724,-0.057056,-0.8636337382141157,0.913842,-0.001514999999999933,0.012480000000000047,-0.012142818331219118,0.030588135967804922,-0.02295983867702638,0.0331543428712455,0.02866252440051432,46.35597264231803,-0.009817394188138592,0.015568589001398937,-0.017571076369457064,0.01283303736327208,0.013474611451919964,51.708373219472165,0.02405885991148156,0.024124379564642768,0.7947467640497943,0,0.058785,0,0.292308,0,0,0,0,-0.007516716813902877,0,-0.043689323386911366,0,-0.1162854181031582,0
2025-06-20 00:00:00+00:00,17,1.6153,0.5524,1.0,80,1359873.3404,-126884.2276,0.4476,44,608692.8945,23550.323484,463949.7769,287230.6689,-176719.108,80,1359873.3404,19,104611.16215242993,2498.654053869976,0.000401,-10.522,-0.2932,0.406155,-0.2713,-0.5783,-0.039082,0.006116,-0.0086,0.3864,-0.095438,-0.038199,-0.26903675844150127,0.947132,0.03328999999999993,0.04804599999999992,0.0006808094744431925,-0.02540829170035072,-0.07664103372739356,0.01710050822170555,0.02864807207759281,51.7443741843481,-0.001064886081366654,-0.011855376943242308,-0.02451735979015255,0.009039780008404998,0.013133313946382291,53.38637911864262,0.02388515720941101,0.024082794489102992,0.7869385056449386,1,0.039082,0,0.406155,0,0,1,0,-0.03617260657300849,0,-0.10876870128925531,0,-0.09603312974781969,0
2025-06-21 00:00:00+00:00,21,1.9629,0.6117,1.0,87,419980.7095,-125195.0769,0.3883,54,163062.304,5894.139582,170206.4493,86711.9562,-83494.4931,87,419980.7095,12,103296.19054299704,2409.8863817072693,0.002173,-76.1039,-0.7135,0.405791,-0.7856,-0.0864,-0.053972,-0.03524,0.0083,0.4399,-0.130352,-0.050853,-0.018567083083658106,0.864414,-0.08271799999999996,-0.05094299999999996,-0.007516716813902877,-0.012142818331219118,-0.00047168370981997334,0.021326232786496403,0.028439920071841974,44.305973784010845,-0.000270621366097624,-0.009817394188138592,0.0023963013985286805,0.010002573442500948,0.011654078659274467,43.373464077202236,0.023329866949005774,0.023971773347631332,0.7945453367645723,0,0.053972,0,0.405791,0,0,0,0,-0.07259609471624681,0,-0.05986052317481117,0,0.005812989999695567,1
2025-06-22 00:00:00+00:00,29,2.562,0.6018,1.0,98,682309.0783,-152014.5155,0.3982,55,271668.0628,10873.717142,295356.2148,115284.8008,-180071.414,98,682309.0783,14,101348.18743453689,2241.137405158109,-0.001998,190.9031,0.3232,0.489911,1.2752,1.2262,-0.053065,0.028201,0.28,2.4008,-0.103186,-0.048952,0.4017336233667357,0.895426,0.03101200000000004,-0.018415999999999988,-0.03617260657300849,0.0006808094744431925,-0.0006183271483742834,0.03219255169277372,0.031154030323235864,35.14138620430677,-0.012649760839096757,-0.001064886081366654,0.00226812673696526,0.011433042528571535,0.012002139718539724,35.904879870867404,0.022113246047007113,0.023696875428487568,0.8013731939640746,0,0.053065,0,0.489911,0,0,0,1,0.012735571541435642,1,0.0784090847159424,1,0.08234592888739631,1
2025-06-23 00:00:00+00:00,19,0.7658,0.5622,1.0,94,802372.276,-129513.5617,0.4378,56,351279.8209,8519.70015,195631.601,255460.854,59829.253,94,802372.276,19,101987.10778471777,2269.862095340576,-0.000565,241.3457,1.6048,0.419075,1.4066,1.284,0.031563,-0.005956,-0.1807,1.0827,0.080416,0.032845,0.2399938440895863,0.911718,0.016291999999999973,-0.035413999999999946,-0.07259609471624681,-0.007516716813902877,0.030588135967804922,0.028207587548292883,0.031015718380915852,36.062234923625205,-0.019038509316270096,-0.000270621366097624,0.015568589001398937,0.008806195962398776,0.011900684643142288,33.18473543340514,0.02225636303102129,0.02339045740234672,0.8139667823748613,1,-0.0,1,0.419075,0,0,0,1,0.06567351317450676,1,0.06961035734596069,1,0.07682985401771503,1
2025-06-24 00:00:00+00:00,20,2.5979,0.4312,1.0,82,908279.1396,-130693.9511,0.5688,53,516638.7151,6513.442349,282788.6264,108851.7981,-173936.8283,82,908279.1396,9,105436.11309848164,2423.9358222112533,1.3e-05,-4.9868,1.5358,0.385273,0.8174,2.3024,-0.102711,-0.002919,-0.1693,-0.1336,-0.267858,-0.101201,-0.22439684475220467,0.935429,0.023710999999999927,0.07101499999999994,0.012735571541435642,-0.03617260657300849,-0.02540829170035072,0.04264292628849465,0.033414491007896854,35.202710816422,0.006284422507977356,-0.012649760839096757,-0.011855376943242308,0.017147193094414395,0.013477083993130193,38.0671306091957,0.022989616659589852,0.023235715273138908,0.8121847572486027,1,0.102711,0,0.385273,0,0,1,0,0.003936844171453929,1,0.011156340843208299,1,0.0032271278760403112,1
2025-06-25 00:00:00+00:00,24,2.5148,0.4067,1.0,77,856782.4789,-111127.6688,0.5933,45,508339.407,9149.002875,249307.7568,99135.3151,-150172.4418,77,856782.4789,8,106968.05887638238,2433.497288477052,-0.001897,-19.8644,1.3936,0.35443,0.4818,3.2778,-0.073118,0.000943,-0.1068,-0.8926,-0.206019,-0.071476,-0.4223250717972551,0.932272,-0.0031569999999999654,0.036845999999999934,0.06567351317450676,-0.07259609471624681,-0.012142818331219118,0.042755699145320965,0.03320488479598501,30.861674494474528,0.03325879541282682,-0.019038509316270096,-0.009817394188138592,0.01739130552210251,0.013330423308133374,43.39605444322042,0.02274975646037779,0.02305469518112777,0.8403183017788529,0,0.073118,0,0.35443,0,0,0,0,0.00721949667175437,1,-0.0007097162954135903,0,-0.0020755074144657984,0
2025-06-26 00:00:00+00:00,18,4.7478,0.6952,1.0,81,817854.5929,-153616.4187,0.3048,53,249257.8841,33660.767977,469673.3036,98923.4051,-370749.8985,81,817854.5929,10,107482.589531897,2451.129485260828,0.001545,-264.9552,-0.0305,0.656255,-2.2338,0.6903,-0.072123,-0.000884,0.0401,-0.604,-0.108723,-0.070425,-0.2602731887346241,0.915802,-0.016469999999999985,0.0040839999999999765,0.003936844171453929,0.012735571541435642,0.0006808094744431925,0.04296506808863758,0.03287368447415501,34.28879229360223,0.014425068282189535,0.006284422507977356,-0.001064886081366654,0.017304325959570013,0.013369486225258532,49.93236851682295,0.022804897946131268,0.022875557757506302,0.831167346763758,0,0.072123,0,0.656255,0,0,0,0,-0.00792921296716796,0,-0.009295004086220141,0,-0.0033442399746323355,0
2025-06-27 00:00:00+00:00,21,2.6831,0.3833,1.0,68,629859.013,-144132.9676,0.6167,40,388415.0272,7916.299479,175889.468,65554.5178,-110334.9502,68,629859.013,7,107085.47122664996,2431.7708085245213,-0.000282,-90.7424,-0.5232,0.335295,-0.8388,0.1228,-0.091367,0.021582,0.0757,-0.0638,-0.274596,-0.089564,-0.7697374957390196,0.909841,-0.005960999999999994,-0.025587999999999944,0.00721949667175437,0.06567351317450676,-0.007516716813902877,0.042971270289175356,0.0328343692564371,42.59378830100795,0.004798601884925183,0.03325879541282682,-0.000270621366097624,0.017487442930429937,0.013255016603715303,57.49712063076834,0.02270869036358441,0.022707491065245358,0.841499386647415,0,0.091367,0,0.335295,0,0,0,0,-0.0013657911190521805,0,0.004584972992535653,1,0.021395981954536115,1
2025-06-28 00:00:00+00:00,15,9.165,0.6423,1.0,38,297537.6912,-154135.2421,0.3577,18,106425.2903,7423.189814,172311.4079,18800.993,-153510.4149,38,297537.6912,5,107304.46919646546,2428.451784613297,0.002318,-79.8554,-0.9532,0.422168,-0.9043,0.0041,-0.212432,-0.047738,-0.0743,-0.5899,-0.510987,-0.209546,-1.9170079244638096,0.878534,-0.031306999999999974,-0.05373799999999995,-0.00792921296716796,0.003936844171453929,-0.03617260657300849,0.040557247909752486,0.03257267085846999,42.4599670366665,-0.0037015645037946836,0.014425068282189535,-0.012649760839096757,0.01607299270125459,0.01319526238160503,57.38754446477648,0.02263141323747668,0.022607711963598343,0.859180752292772,0,0.212432,0,0.422168,0,0,0,0,0.0059507641115878335,1,0.022761773073588322,1,0.007896600427716291,1
2025-06-29 00:00:00+00:00,10,1.8373,0.549,1.0,48,290490.7806,-135134.1043,0.451,30,131014.4309,5377.576277,103269.8995,56206.4501,-47063.4494,48,290490.7806,8,107653.83036545334,2442.9460114303324,5.4e-05,-6.7047,-0.9844,0.393143,0.0324,-1.2388,-0.048326,0.013325,0.1048,0.1572,-0.117843,-0.044835,-1.4941121679298652,0.877754,-0.0007800000000000029,-0.03804799999999997,-0.0013657911190521805,0.00721949667175437,-0.07259609471624681,0.024430039989027316,0.03205748672147939,43.731578341685896,0.0020429880763476764,0.004798601884925183,-0.019038509316270096,0.012143149854173772,0.012632771845359976,57.69082939962789,0.022692606506774942,0.02269047774356518,0.8831326255951986,0,0.048326,0,0.393143,0,0,0,0,0.01681100896200049,1,0.0019458363161284856,1,0.0162105576264072,1
2025-06-30 00:00:00+00:00,10,0.8621,0.3305,1.0,74,804879.3029,-140868.2567,0.6695,54,538905.4265,7522.382249,123141.8453,142832.0311,19690.1858,74,804879.3029,10,107791.68838570472,2484.3615417823926,-0.001526,178.5039,-0.0329,0.320049,1.6473,-0.9981,-0.005071,0.018867,0.0976,0.838,-0.008475,-0.002631,-0.4944423584347718,0.915061,0.03730699999999998,0.005220000000000002,0.0059507641115878335,-0.00792921296716796,0.012735571541435642,0.02449015704059285,0.031813985061626825,40.92423975210432,0.003250504654213795,-0.0037015645037946836,0.006284422507977356,0.012447286832610462,0.012396724529828323,52.805120895818966,0.02304780246963705,0.022803540520510285,0.8824701251734731,1,0.005071,1,0.320049,0,0,1,0,-0.014865172645872003,0,-0.0006004513355932616,0,0.040576418499646924,1
2025-07-01 00:00:00+00:00,6,4.774,0.5679,1.0,90,922468.4977,-164932.026,0.4321,80,398641.7651,32416.487218,433104.9727,90721.7598,-342383.2129,90,922468.4977,4,106529.69210158376,2447.704212336453,-0.000778,-54.3692,-0.3294,0.509142,-0.2906,-2.1061,-0.043268,0.026335,-0.0301,0.6143,-0.082705,-0.041423,0.11864014266420189,0.922266,0.007205000000000017,0.04373199999999999,0.01681100896200049,-0.0013657911190521805,0.06567351317450676,0.010470197185628463,0.03191495139564735,42.54876890643947,0.00127974849386804,0.0020429880763476764,0.03325879541282682,0.008006986290253128,0.012595274446922537,52.83867140140999,0.02297673225228503,0.02280169989089531,0.8747095760172903,1,0.043268,1,0.509142,0,0,1,0,0.014264721310278741,1,0.05544159114551895,1,0.0365817458739994,1
2025-07-02 00:00:00+00:00,14,1.3249,0.4449,1.0,90,677171.396,-149493.2459,0.5551,63,375894.3376,6620.630706,171689.0199,129588.0385,-42100.9814,90,677171.396,13,107680.75222996077,2482.870251345006,0.000573,-4.1403,-0.3549,0.370796,-0.2013,-2.7892,-0.042996,-0.01768,-0.1199,-0.237,-0.110424,-0.039728,0.11821139526557334,0.906722,-0.015544000000000002,0.028967999999999994,-0.014865172645872003,0.0059507641115878335,0.003936844171453929,0.01155928131284469,0.03203385671819603,47.53978985456576,-0.011776807960802507,0.003250504654213795,0.014425068282189535,0.00708283591280938,0.012729659220406675,61.07039884671866,0.023057697870113688,0.02284569152085758,0.8747694831318416,0,0.042996,1,0.370796,0,0,0,0,0.04117686983524021,1,0.022317024563720686,1,0.012734224643408216,1
2025-07-03 00:00:00+00:00,13,1.255,0.3367,1.0,77,714209.8197,-100413.0172,0.6633,57,473762.7539,10126.488177,133817.6817,106629.3841,-27188.2975,77,714209.8197,7,109444.1557885446,2587.241163612496,-0.000838,-37.1273,-0.5598,0.298512,-0.1953,-0.7507,-0.014069,0.006728,-0.0235,-0.3987,-0.040911,-0.011865,-0.3729817459202612,0.922496,0.015773999999999955,0.007434999999999969,0.014264721310278741,0.01681100896200049,0.00721949667175437,0.01864363897115524,0.03218845380730753,54.43249808946461,0.010747106294742823,0.00127974849386804,0.004798601884925183,0.009141475130714321,0.012955517027126323,66.0600139557607,0.02363982932639424,0.022964967432323718,0.8747998933711648,1,0.014069,1,0.298512,0,0,1,0,-0.018859845271519522,0,-0.028442645191831963,0,-0.02142541024618772,0
2025-07-04 00:00:00+00:00,9,0.6502,0.439,1.0,66,571078.5958,-77060.916,0.561,47,320399.6361,14924.378161,98774.6006,151904.359,53129.7584,66,571078.5958,10,108573.49784824502,2538.903449270098,0.000438,-33.5306,-0.7455,0.353316,-0.3223,-0.2342,0.056698,-0.027249,-0.0782,-0.9733,0.171631,0.058963,-0.8097595438181491,0.900512,-0.021984000000000004,-0.02175400000000005,0.04117686983524021,-0.014865172645872003,-0.00792921296716796,0.020534700380860447,0.03235086678651763,52.500342561469466,0.016243574704430587,-0.011776807960802507,-0.0037015645037946836,0.009755444777297555,0.013028595290417742,62.603722301906195,0.02338419135044139,0.02306146757330329,0.8827751414734395,0,-0.0,1,0.353316,0,0,0,0,-0.009582799920312442,0,-0.0025655649746681693,0,0.006696862713344787,1
2025-07-05 00:00:00+00:00,7,0.4288,0.4836,1.0,43,239102.2062,-48527.2506,0.5164,30,123461.7973,6009.984341,34707.583,80932.8259,46225.2429,43,239102.2062,6,108126.47326337364,2514.68984784208,0.001436,-59.8554,-1.0468,0.32887,-0.892,-0.2219,0.082641,3.7e-05,0.1022,-0.2384,0.272505,0.086127,-1.648118526089948,0.847772,-0.05274000000000001,-0.05895000000000006,-0.018859845271519522,0.014264721310278741,-0.0013657911190521805,0.02125864001853206,0.03223675832349195,57.26528395485662,-0.007987083195303472,0.010747106294742823,0.0020429880763476764,0.010022861975147679,0.012859113703408644,66.44391100175164,0.023256930259038574,0.023150827147812133,0.8889396370609058,0,-0.0,1,0.32887,0,0,0,0,0.007017234945644273,1,0.016279662633657255,1,0.02166880908733052,1
2025-07-06 00:00:00+00:00,12,4.9535,0.5498,1.0,46,160242.4309,-50161.2712,0.4502,29,72146.2704,3542.197165,73298.8772,14797.2832,-58501.5939,46,160242.4309,5,108411.89328343525,2532.398076053686,0.000776,7.5827,-1.0045,0.37726,0.1447,-0.1095,-0.092201,-0.012587,0.0811,0.325,-0.241725,-0.087197,-1.5568351553633395,0.815566,-0.03220599999999996,-0.10692999999999997,-0.009582799920312442,0.04117686983524021,0.0059507641115878335,0.02127053237340687,0.03127853946649741,76.86657732974652,-0.00412575245558396,0.016243574704430587,0.003250504654213795,0.01000346500553328,0.01280929061801862,77.48726478803414,0.02335904299201666,0.02324603235998952,0.8900479436239279,0,0.092201,0,0.37726,0,0,0,0,0.009262427688012984,1,0.014651574141686271,1,0.04681032836157699,1
2025-07-07 00:00:00+00:00,27,2.7166,0.272,1.0,105,897788.4437,-69084.7743,0.728,66,653623.8261,13128.661766,178469.4766,65695.141,-112774.3357,105,897788.4437,12,108611.31832402962,2555.963196747816,-0.002048,155.5597,-0.1335,0.255121,1.4887,-0.2682,-0.056845,0.002923,-0.0388,0.0197,-0.223538,-0.054303,0.8001918168496743,0.889595,0.07402900000000001,-0.010916999999999955,0.007017234945644273,-0.018859845271519522,0.01681100896200049,0.020765421202150115,0.03125401484254891,76.50775611600055,0.002636208907543162,-0.007987083195303472,0.00127974849386804,0.010008266235144262,0.012547065326495596,76.63971807277501,0.02353312008535232,0.023315363447948843,0.8988472421138995,0,0.056845,0,0.255121,0,0,1,0,0.005389146453673287,1,0.03754790067356403,1,0.09239456901959081,1
2025-07-08 00:00:00+00:00,15,0.8752,0.4079,1.0,79,663146.4631,-17602.0743,0.5921,53,392646.522,6438.830071,126252.1269,144247.8142,17995.6873,79,663146.4631,11,108496.1142667092,2569.7748398013823,-0.000575,-53.4413,-0.4206,0.35129,-0.3106,-0.2881,-0.010677,0.002338,-0.0327,-0.2468,-0.024547,-0.008418,-0.21828744045703263,0.907343,0.017747999999999986,0.05957100000000004,0.009262427688012984,-0.009582799920312442,-0.014865172645872003,0.01902740748595374,0.031245450845495723,67.85284277687913,0.001837822740237143,-0.00412575245558396,-0.011776807960802507,0.008404665858208975,0.012525106081454549,66.64985861296171,0.023685408986023827,0.0234166029813401,0.9055612574869579,1,0.010677,1,0.35129,0,0,1,0,0.03215875421989074,1,0.08700542256591756,1,0.1482249470824643,1
2025-07-09 00:00:00+00:00,20,1.8023,0.4616,1.0,101,960599.824,-29722.3942,0.5384,64,517207.0595,9723.932672,285167.9927,158224.7719,-126943.2208,101,960599.824,17,109322.4618603642,2653.758768751253,0.000705,170.0324,0.5452,0.376171,1.2205,1.1337,-0.05766,0.004785,0.0593,0.2001,-0.149246,-0.054969,0.6898386922162741,0.927542,0.020198999999999967,0.11197599999999996,0.005389146453673287,0.007017234945644273,0.014264721310278741,0.02124616214905762,0.03175407936189781,72.58173942669896,-0.0010612632350570023,0.002636208907543162,0.010747106294742823,0.007968543774266666,0.012400227531597276,63.76615726132865,0.024274597585817775,0.023590445797869255,0.9041486720188261,1,0.05766,0,0.376171,0,0,1,0,0.05484666834602681,1,0.11606619286257358,1,0.10544921359545889,1
2025-07-10 00:00:00+00:00,26,1.2197,0.4573,1.0,125,1250089.951,-33920.623,0.5427,78,678382.0623,8457.21404,314141.8938,257565.9948,-56575.8991,125,1250089.951,21,112028.84636873566,2803.374041802215,-0.000313,174.8417,1.4976,0.392913,0.6017,1.9306,-0.047007,0.016648,-0.0154,0.0895,-0.113582,-0.043501,1.6383150130988748,0.922156,-0.005386000000000002,0.03256099999999995,0.03215875421989074,0.009262427688012984,0.04117686983524021,0.024947800808876604,0.030656601400434923,78.03460362209799,0.007587521438987345,0.001837822740237143,0.016243574704430587,0.010567459496260258,0.012565395333379921,70.97968385667698,0.02502368035260393,0.023788138801613495,0.9110504752540689,0,0.047007,0,0.392913,0,1,0,0,0.061219524516546775,1,0.05060254524943211,1,0.05730129408091673,1
2025-07-11 00:00:00+00:00,33,1.5243,0.3939,1.0,144,1784892.8832,-62370.1421,0.6061,94,1081903.7754,9509.658318,424502.9916,278486.1162,-146016.8754,144,1784892.8832,17,117419.41760070536,2980.3574148047974,-0.000923,27.6277,1.6072,0.366727,1.2054,3.4583,-0.042916,0.018979,-0.0122,0.0009,-0.110268,-0.03944,2.3069193957556196,0.933461,0.01130500000000001,0.026117999999999975,0.05484666834602681,0.005389146453673287,-0.018859845271519522,0.027002185025973992,0.032209401300257214,84.74109408308104,0.024454514428590906,-0.0010612632350570023,-0.007987083195303472,0.018331592224366984,0.015130192105164884,82.4322526713228,0.02538215122936271,0.0240735616414594,0.9137141115054054,1,0.042916,1,0.366727,0,1,1,0,-0.010616979267114662,0,-0.003918230435630022,0,0.014143312033849477,1
2025-07-12 00:00:00+00:00,7,2.3618,0.5547,1.0,65,383841.9007,-81294.4461,0.4453,52,170930.6433,12560.016298,149578.0712,63333.1861,-86244.8851,65,383841.9007,6,117601.3099193994,2948.882402355905,0.000531,-413.2081,-0.691,0.339308,-3.4634,0.887,-0.091157,-0.024214,-0.088,-0.6588,-0.266245,-0.087942,-0.8044118424642674,0.903997,-0.029463999999999935,-0.023544999999999927,0.061219524516546775,0.03215875421989074,-0.009582799920312442,0.027211560145708625,0.0319566272152533,82.14540232631448,0.04699589566026821,0.007587521438987345,-0.00412575245558396,0.017654514890228838,0.01465722368683623,82.37079737551232,0.0250752513248108,0.024333321793712576,0.9180624109184836,0,0.091157,0,0.339308,0,0,0,0,0.006698748831484641,1,0.024760291300964167,1,0.021005212690920903,1
2025-07-13 00:00:00+00:00,21,1.2718,0.5975,1.0,57,351828.422,-76529.8385,0.4025,26,141610.4179,5828.135512,117683.6723,92534.3319,-25149.3404,57,351828.422,10,118228.57204890808,2968.7025358347914,0.000469,8.9601,-0.6353,0.429396,0.1099,0.8521,-0.021376,0.011183,0.2626,1.3175,-0.044,-0.018432,-1.0959879451629237,0.887925,-0.016072000000000086,-0.03423100000000001,-0.010616979267114662,0.05484666834602681,0.007017234945644273,0.027242505841992,0.028249576681330123,82.18951161881822,0.0015478835158949916,0.024454514428590906,0.002636208907543162,0.01744520265113082,0.013707757024250838,82.62481399415763,0.025109856986234396,0.024583438078600823,0.9186550960614676,0,0.021376,1,0.429396,0,0,0,0,0.018061542469479525,1,0.014306463859436288,1,0.07951135190767754,1
2025-07-14 00:00:00+00:00,23,0.9743,0.3969,1.0,109,1207951.6158,-59528.3703,0.6031,67,728556.8329,9799.554182,236579.4208,242815.362,6235.9412,109,1207951.6158,19,120811.12252922112,3022.8090353099874,-0.000346,352.2744,1.2898,0.338084,2.8548,2.2182,-0.016806,0.002565,-0.0339,1.0422,-0.041214,-0.013578,0.9270947035062512,0.930934,0.043009000000000075,-0.002526999999999946,0.006698748831484641,0.061219524516546775,0.009262427688012984,0.02671661315053461,0.02832270162737367,82.26277186643888,0.005319627890107566,0.04699589566026821,0.001837822740237143,0.01704931437190713,0.01407477657492279,84.7794994511253,0.025020949826692052,0.024795985184506503,0.9108840548007106,1,0.016806,1,0.338084,0,0,1,0,-0.0037550786100432358,0,0.06144980943819804,1,0.1211223093258218,1
2025-07-15 00:00:00+00:00,28,2.3001,0.5402,1.0,98,1318774.7319,-102192.116,0.4598,54,606403.2607,13385.178087,496511.0019,215860.4693,-280650.5325,98,1318774.7319,16,117391.4338531446,3011.479434842296,0.000328,-149.4107,0.4505,0.460434,-1.6111,0.9177,-0.09532,-0.007365,-0.0402,0.7294,-0.204601,-0.092747,0.49840541977379504,0.93416,0.003225999999999951,0.03016299999999994,0.018061542469479525,-0.010616979267114662,0.005389146453673287,0.027970418757706377,0.028353243347791834,85.3830001296587,0.021608553116563543,0.0015478835158949916,-0.0010612632350570023,0.02344957780818837,0.015334165191377112,76.84018415664444,0.025653315033272565,0.02507711461982775,0.9025574086394414,1,0.09532,0,0.460434,0,0,1,0,0.06520488804824127,1,0.12487738793586506,1,0.1764460894956543,1
2025-07-16 00:00:00+00:00,45,1.9752,0.4809,1.0,150,1532225.6937,-118560.4589,0.5191,88,795397.0771,8088.324682,489175.1189,247653.4976,-241521.6213,150,1532225.6937,17,118605.97409691736,3214.3859774446496,-0.000451,330.297,2.1958,0.443328,2.9278,2.625,-0.053372,0.005997,-0.0894,0.0578,-0.117201,-0.050428,2.413203818067102,0.914766,-0.019394000000000022,0.026841000000000004,-0.0037550786100432358,0.006698748831484641,0.03215875421989074,0.032295419694475413,0.030051917575847596,87.5484539804811,-0.0287144159234488,0.005319627890107566,0.007587521438987345,0.02340126255025196,0.015221944692937582,76.78187949684141,0.027101383399271737,0.025480941164606887,0.8515130645593395,0,0.053372,0,0.443328,1,0,0,0,0.05967249988762379,1,0.11124120144741306,1,0.10343801977312908,1
2025-07-17 00:00:00+00:00,24,1.1783,0.3489,1.0,122,1562803.6464,-116852.6355,0.6511,80,1017615.1125,7603.364271,294904.8343,250283.6996,-44621.1347,122,1562803.6464,18,118741.9960737524,3412.0348807456453,0.00047,244.219,3.2723,0.323128,-0.2891,1.7342,-0.047282,-0.003112,-0.1022,-0.7028,-0.139391,-0.043871,1.3266904049830652,0.933687,0.018921000000000077,0.0027530000000000054,0.06520488804824127,0.018061542469479525,0.05484666834602681,0.03302278625890341,0.030898842005876375,88.18403185316468,0.010292917851011054,0.021608553116563543,0.024454514428590906,0.022928069066052905,0.014954832714916357,74.66149286063765,0.028734862083894735,0.02601110998336271,0.8173705776373407,1,0.047282,1,0.323128,0,0,1,0,0.051568701559789265,1,0.04376551988550531,1,0.08294917059202761,1
2025-07-18 00:00:00+00:00,37,2.0627,0.3396,1.0,155,1920565.1084,-128324.638,0.6604,105,1268313.4374,8931.395946,439286.2822,212965.3888,-226320.8934,155,1920565.1084,13,118959.35497197688,3592.6049568794915,-0.000615,-345.4493,1.4683,0.319869,-0.1908,0.338,-0.064816,0.01351,-0.065,-1.2187,-0.202241,-0.062542,2.4505570520769653,0.92969,-0.003997000000000028,-0.004469999999999974,0.05967249988762379,-0.0037550786100432358,0.061219524516546775,0.031577960682213024,0.03152518794560943,93.93632293476097,0.001146182051850889,-0.0287144159234488,0.04699589566026821,0.015321506118323324,0.014737345429432967,78.6994304236777,0.030200272670659632,0.02669941304640513,0.760626139905623,0,0.064816,0,0.319869,1,0,0,0,-0.007803181674283954,0,0.03138046903223837,1,0.04981614147125985,1
2025-07-19 00:00:00+00:00,17,1.1561,0.5241,1.0,66,493456.7692,-118679.0158,0.4759,41,234857.437,5872.118263,138662.431,119936.9012,-18725.5298,66,493456.7692,8,118124.08932956668,3564.680299995847,-0.000537,-427.8707,-0.7145,0.431264,-3.7961,0.0053,-0.01161,-0.031871,0.0417,-0.9038,-0.019649,-0.008317,-0.7977764523659989,0.910119,-0.019571000000000005,-0.004646999999999957,0.051568701559789265,0.06520488804824127,-0.010616979267114662,0.0310371818534234,0.03166681649654594,94.36139606073338,0.0018288407520684388,0.010292917851011054,0.0015478835158949916,0.015690690967973406,0.01485160347070901,77.28135984318781,0.03017742037401342,0.02742829433914836,0.7261886178112411,0,0.01161,1,0.431264,0,0,0,0,0.03918365070652233,1,0.057619323145543834,1,0.03875423696970229,1
2025-07-20 00:00:00+00:00,26,1.8627,0.3999,1.0,101,680659.9818,-126805.4159,0.6001,62,408446.8461,10002.799867,177123.6381,95089.4977,-82034.1404,101,680659.9818,13,118128.4068489744,3707.1301141370623,0.001077,90.5568,-0.2616,0.352214,0.7911,0.6865,-0.078147,0.018154,0.0818,-0.2755,-0.210898,-0.071425,0.47542459626345757,0.889048,-0.021071000000000062,-0.044639000000000095,-0.007803181674283954,0.05967249988762379,0.006698748831484641,0.029886932292233433,0.03184236383496271,94.78771449328103,-0.007046203506186936,0.001146182051850889,0.005319627890107566,0.015554192857587636,0.014848634385994597,76.91102260167713,0.03138220698156523,0.028324344338481338,0.7291852363919832,0,0.078147,0,0.352214,0,0,0,0,0.018435672439021507,1,-0.00042941373682001474,0,-0.01255861023862287,0
2025-07-21 00:00:00+00:00,32,1.5215,0.3427,1.0,134,1822988.4811,-146153.349,0.6573,90,1198272.8114,12705.402123,376957.6301,247758.0395,-129199.5906,134,1822988.4811,12,118109.64499333462,3776.107418482714,-0.00055,44.8004,-0.0312,0.354731,0.2299,-1.9384,-0.031185,0.012911,0.0687,0.245,-0.08069,-0.027945,1.7251953593147158,0.935939,0.046891000000000016,0.006248999999999949,0.03918365070652233,0.051568701559789265,0.018061542469479525,0.029858729287375,0.030456267918831655,94.89772810633505,3.6550042670741094e-05,0.0018288407520684388,0.021608553116563543,0.012327025788444178,0.014536030853403253,76.5646971428356,0.03197120284880895,0.02931723762735518,0.7112102605401617,1,0.031185,1,0.354731,1,0,1,0,-0.01886508617584152,0,-0.03099428267764435,0,-0.030865714640361516,0
2025-07-22 00:00:00+00:00,37,2.9125,0.4404,1.0,126,1334129.9023,-147090.7815,0.5596,76,746572.0351,11503.815169,437385.2138,150172.6535,-287212.5603,126,1334129.9023,13,118494.95707394906,3705.538563283229,0.000504,-86.1687,-0.4728,0.416092,-0.6031,-0.9304,-0.103888,-0.010736,0.0064,0.2825,-0.249059,-0.101638,1.4195053036483618,0.931847,-0.0040919999999999845,0.02172799999999997,0.018435672439021507,-0.007803181674283954,-0.0037550786100432358,0.03321403505169457,0.02644490107702549,90.84107265525662,-0.0001588385574034694,-0.007046203506186936,-0.0287144159234488,0.00513776939039508,0.013846412101042135,77.54963091769228,0.03127169843161103,0.03011986382711782,0.6919063101148434,0,0.103888,0,0.416092,0,0,0,0,-0.012129196501802827,0,-0.012000628464519965,0,-0.010569622060087241,0
2025-07-23 00:00:00+00:00,26,1.1399,0.3367,1.0,107,1495624.1555,-117291.4107,0.6633,69,992025.7234,8529.956945,268262.2287,235336.2034,-32926.0253,107,1495624.1555,12,118532.45786675386,3660.864833814685,0.001048,-22.2031,-0.5771,0.357266,-0.2111,-4.0692,-0.041597,0.016116,0.0337,0.5309,-0.113018,-0.039717,0.704302508636677,0.944523,0.01267600000000002,0.05547500000000005,-0.01886508617584152,0.03918365070652233,0.06520488804824127,0.032255854075705845,0.02696006424183391,87.57899658997506,0.0032570154415296052,3.6550042670741094e-05,0.010292917851011054,0.003291081302980011,0.01387329301594604,76.48078172349895,0.030884914560111297,0.03066036827866633,0.6428076272526686,1,0.041597,1,0.357266,0,0,0,1,0.0001285680372828612,1,0.0015595744417156129,1,0.021833391212924196,1
2025-07-24 00:00:00+00:00,25,1.1125,0.4027,1.0,102,1301345.0438,-114903.7774,0.5973,65,777315.1727,7947.645076,275968.7863,248061.0847,-27907.7017,102,1301345.0438,12,118627.73622343368,3661.335534278995,-0.000801,-33.0882,-0.7424,0.409202,-0.437,-4.217,-0.031232,-0.005668,-0.0012,0.5058,-0.073139,-0.02952,0.5153840847651475,0.945368,0.0008449999999999847,0.00942900000000002,-0.012129196501802827,0.018435672439021507,0.05967249988762379,0.027043352457113954,0.025400869775484686,85.75854427734953,0.0003164257866719123,-0.0001588385574034694,0.001146182051850889,0.003272147146610332,0.012820048503669563,72.17117254174681,0.030864076571291227,0.03096454177686583,0.6422805525574159,1,0.031232,1,0.409202,0,0,0,1,0.0014310064044327517,1,0.021704823175641364,1,0.03761021206036631,1
2025-07-25 00:00:00+00:00,31,5.1578,0.646,1.0,90,1542438.2441,-178684.8351,0.354,48,546023.6813,29795.540141,834601.4301,161813.1327,-672788.2974,90,1542438.2441,11,116309.81806025184,3666.578679469765,0.000192,-50.0548,-0.9973,0.555033,-0.3992,-4.4255,-0.136594,-0.01469,-0.044,0.1505,-0.245609,-0.135355,0.05726813928092516,0.957533,0.012164999999999981,0.025685999999999987,0.0001285680372828612,-0.01886508617584152,0.051568701559789265,0.0199242401711198,0.025438337108150168,83.0429885660345,0.0008034937074607384,0.0032570154415296052,0.0018288407520684388,0.007936584819544231,0.013361180937066066,45.33698311974536,0.031524240520867906,0.031153680041181294,0.5884615484664943,1,0.136594,0,0.555033,0,0,1,0,0.02027381677120861,1,0.03617920565593359,1,0.04846579872914751,1
2025-07-26 00:00:00+00:00,24,1.6452,0.6661,1.0,56,330342.7691,-183677.5898,0.3339,20,110298.2072,5365.529876,136859.6874,83184.8745,-53674.8129,56,330342.7691,12,117802.153275637,3741.672874639712,0.001955,-23.3509,-1.1154,0.445157,-0.3596,-0.9889,-0.052542,-0.010478,0.0275,0.3738,-0.113249,-0.049402,-1.2168845842594913,0.888548,-0.06898499999999996,-0.055975,0.0014310064044327517,-0.012129196501802827,-0.007803181674283954,0.02023146640639355,0.025435943942495133,86.83446412216051,-0.019732846741804644,0.0003164257866719123,-0.007046203506186936,0.009680225148661651,0.013480689613818939,50.75495958655367,0.0317623470420344,0.03138009813661286,0.6035227210124637,0,0.052542,0,0.445157,0,0,0,0,0.01590538888472498,1,0.028191981957938927,1,0.015288669268121072,1
2025-07-27 00:00:00+00:00,11,1.7225,0.2122,1.0,74,575991.3004,-176593.141,0.7878,57,453744.5176,10554.92677,77344.8908,44901.8921,-32442.9987,74,575991.3004,6,118489.02503553404,3801.661442882913,-0.000618,-1.0848,-1.1167,0.257934,0.0178,-1.7622,-0.038208,0.0002,-0.0353,0.11,-0.139002,-0.034853,-0.5344626420182655,0.910638,0.022089999999999943,-0.03473000000000004,0.02027381677120861,0.0001285680372828612,0.03918365070652233,0.015375190917163885,0.02509409371454925,87.19909614568212,0.012749074046551824,0.0008034937074607384,3.6550042670741094e-05,0.009964738746204207,0.013428052110883345,50.96935562036375,0.03208450269333232,0.031480426095436734,0.6058009380595533,1,0.038208,1,0.257934,0,0,1,0,0.012286593073213945,1,-0.0006167196166038807,0,-0.0035006800740807523,0
2025-07-28 00:00:00+00:00,22,1.9115,0.339,1.0,100,1251395.4796,-177111.2691,0.661,72,827115.0629,9400.28981,278553.4522,145726.9646,-132826.4876,100,1251395.4796,6,118680.15688929016,3848.659038973316,-0.001152,43.1437,-0.8984,0.343597,0.5255,-1.4666,-0.07366,0.026604,0.0291,0.3395,-0.21072,-0.07107,0.43143783762547255,0.935278,0.024640000000000106,-0.022254999999999914,0.01590538888472498,0.0014310064044327517,0.018435672439021507,0.014539040895932685,0.024912189839041404,86.97278026791489,0.005813790421657598,-0.019732846741804644,-0.0001588385574034694,0.009969610702353532,0.01342975567293477,40.48414670006225,0.03242883342801364,0.031545801892465974,0.6009635261348627,1,0.07366,0,0.343597,0,0,1,0,-0.012903312689817826,0,-0.01578727314729467,0,-0.008897263187196129,0
2025-07-29 00:00:00+00:00,19,1.6802,0.364,1.0,90,791739.2738,-146528.4763,0.636,65,503568.3399,5862.723121,180651.9723,107518.9616,-73133.0107,90,791739.2738,6,118178.14875604944,3799.317606514622,0.000264,163.2203,-0.0754,0.344787,0.8488,-0.0147,-0.050583,-0.031504,-0.2072,-1.2669,-0.14035,-0.04735,0.05766237808079163,0.922336,-0.012942000000000009,0.03378800000000004,0.012286593073213945,0.02027381677120861,-0.01886508617584152,0.013174545258631367,0.025390683249149858,84.60331230874276,0.001611776821779108,0.012749074046551824,0.0032570154415296052,0.010049976624387075,0.013501256967181812,54.837754927216764,0.03214907025119682,0.031671140723835374,0.6035393349381607,0,0.050583,0,0.344787,0,0,0,0,-0.002883960457476844,0,0.004006049502621725,1,-0.04861771100126886,0
2025-07-30 00:00:00+00:00,21,2.2922,0.3168,1.0,80,974162.0337,-159131.6146,0.6832,52,665504.8977,8904.033567,214902.5645,93754.5716,-121147.9929,80,974162.0337,7,117801.13706169985,3788.376309489463,-0.00037,117.4467,0.5128,0.304153,0.93,1.1263,-0.06857,-0.0586,-0.3586,-3.7005,-0.222357,-0.066479,-0.31261882028949634,0.94377,0.021433999999999953,0.03313200000000005,-0.012903312689817826,0.01590538888472498,-0.012129196501802827,0.01172165019064757,0.02558861309982291,80.04000006535269,-0.004238896192019189,0.005813790421657598,0.0003164257866719123,0.010096815418575357,0.013546809579579487,44.50318136406794,0.03215908100704709,0.03185316450196906,0.6100453131432764,1,0.06857,0,0.304153,0,0,0,1,0.006890009960098569,1,-0.04573375054379199,0,-0.08566672063252953,0
2025-07-31 00:00:00+00:00,21,3.0844,0.5803,1.0,83,921582.9024,-194135.6638,0.4197,55,386759.6891,18238.430802,403879.6299,130943.5834,-272936.0465,83,921582.9024,7,118012.37733117351,3814.5683882198114,-0.000559,20.4827,0.6022,0.419305,0.1741,1.7374,-0.139055,0.006282,0.0522,-3.1024,-0.330999,-0.13684,-0.20110621462742545,0.932609,-0.011160999999999976,-0.0026690000000000325,-0.002883960457476844,0.012286593073213945,0.0001285680372828612,0.011540975138342261,0.025042947043000946,75.26612112763823,-0.003195297534822796,0.001611776821779108,0.0008034937074607384,0.010131189510193617,0.01326132929839942,45.07553049576543,0.03232346025464039,0.03206164788530465,0.6144196488121193,0,0.139055,0,0.419305,0,0,0,0,-0.05262376050389056,0,-0.09255673059262806,0,-0.09585050780033058,0
2025-08-01 00:00:00+00:00,23,1.2187,0.571,1.0,103,1187322.7217,-107569.4212,0.429,72,509380.2795,26754.101287,372383.5208,305558.9214,-66824.5993,103,1187322.7217,8,114877.79196749348,3619.021778449529,0.000682,-280.1072,-0.8472,0.440092,-2.0203,0.1163,-0.051597,0.056062,0.3915,-0.4385,-0.114243,-0.049618,0.5292161703812835,0.931695,-0.0009139999999999704,0.009359000000000006,0.006890009960098569,-0.012903312689817826,0.0014310064044327517,0.025106991424670776,0.027905275527510903,51.651957463800976,0.0017915879547492652,-0.004238896192019189,-0.019732846741804644,0.012470763558919922,0.014286485612196975,30.088952403096556,0.031503232404341386,0.03205864672580087,0.5969052898764439,0,0.051597,0,0.440092,0,0,0,0,-0.03993297008873751,0,-0.043226747296439993,0,-0.004917280085351763,0
2025-08-02 00:00:00+00:00,20,2.3487,0.4698,1.0,69,416144.5769,-111150.4666,0.5302,42,220638.7916,5611.199846,137123.9577,58381.8277,-78742.13,69,416144.5769,7,113340.88934532084,3477.3509835127097,0.001907,-55.2725,-1.1322,0.374674,-0.405,0.0709,-0.052887,-0.040432,0.0596,0.0013,-0.135729,-0.04976,-0.7610406615059644,0.869188,-0.06250700000000009,-0.07458200000000004,-0.05262376050389056,-0.002883960457476844,0.02027381677120861,0.026531015305003434,0.02894683514250464,45.11496257615519,-0.02692062682535039,-0.003195297534822796,0.012749074046551824,0.011261981115709615,0.014306125825363355,28.035159902612193,0.030680463190279957,0.031904091889835944,0.6671756364741019,0,0.052887,0,0.374674,0,0,0,0,-0.003293777207702485,0,0.03501569000338577,1,0.04307937649940622,1
2025-08-03 00:00:00+00:00,8,1.4199,0.2483,1.0,52,423909.7602,-109124.9961,0.7517,40,318656.5868,8247.842686,61758.9396,43494.2338,-18264.7058,52,423909.7602,4,113769.33902451256,3465.9162062423675,0.000323,-11.4563,-1.1884,0.249272,-0.1155,-0.0624,-0.035079,-0.000914,0.0025,0.0522,-0.133445,-0.032335,-1.3787329009564255,0.863568,-0.005619999999999958,-0.06904100000000002,-0.03993297008873751,0.006890009960098569,0.01590538888472498,0.024244246462637724,0.028551164103371846,34.56738088904312,-0.013468887362817155,0.0017915879547492652,0.005813790421657598,0.01094169411418518,0.014207447385149214,30.783732411583372,0.0304644136632947,0.03167265059983057,0.670327799204287,0,0.035079,1,0.249272,0,0,0,0,0.03830946721108826,1,0.04637315370710873,1,0.04630667298306866,1
2025-08-04 00:00:00+00:00,11,2.4895,0.243,1.0,79,957724.5678,-104341.8999,0.757,63,724990.2758,5519.796663,166039.5531,66694.7389,-99344.8143,79,957724.5678,5,114713.22428267048,3601.269716430289,-0.001563,25.7892,-1.0511,0.271125,0.3248,-0.2631,-0.059894,0.022984,0.0591,0.4953,-0.217649,-0.05812,-0.359291370026557,0.930353,0.06678499999999998,-0.0013420000000000654,-0.003293777207702485,-0.05262376050389056,0.012286593073213945,0.03009449878849632,0.028735105293625683,40.03450990482887,0.0037730593690144454,-0.02692062682535039,0.001611776821779108,0.011936694432426861,0.014216572563316328,36.22831563085513,0.03139367530596319,0.03152477086810908,0.6585610268968952,1,0.059894,0,0.271125,0,0,0,1,0.008063686496020477,1,0.00799720577198043,1,0.046672327014542776,1
2025-08-05 00:00:00+00:00,15,1.9462,0.2959,1.0,73,1045431.9879,-108087.4194,0.7041,52,736083.9721,8848.192589,204349.8315,104998.1843,-99351.6472,73,1045431.9879,6,114073.05463497166,3630.426624505088,-0.000717,90.799,-0.5805,0.316864,0.4054,-0.7066,-0.075232,0.004739,0.0482,0.85,-0.236407,-0.074006,-0.5789841418421559,0.935111,0.00475800000000004,0.06592300000000006,0.03830946721108826,-0.03993297008873751,-0.012903312689817826,0.030734893155653868,0.028729518840001196,45.4904328244678,0.008262255237386915,-0.013468887362817155,-0.004238896192019189,0.011936010776736526,0.014282592084738198,32.437500795206915,0.03182545287423292,0.03147853981425709,0.6584887163496934,1,0.075232,0,0.316864,0,0,1,0,-6.648072404004712e-05,0,0.03860864051852232,1,0.0846960975096161,1
2025-08-06 00:00:00+00:00,23,2.0274,0.4509,1.0,76,715735.41,-106426.085,0.5491,46,393026.1797,5263.545055,216113.941,106595.2893,-109518.6517,76,715735.41,7,114433.40336995476,3630.185279137013,-0.000931,-84.7717,-1.0356,0.411117,-0.4717,-2.1082,-0.066561,0.009243,-0.0323,0.6025,-0.159133,-0.064598,-0.4501355543894991,0.919046,-0.016064999999999996,0.05547800000000003,0.008063686496020477,-0.003293777207702485,-0.002883960457476844,0.030808438359654886,0.02881061294661482,48.042788819642304,-0.005596238738237458,0.0037730593690144454,-0.003195297534822796,0.012335068804159386,0.01428506160037939,34.162882740484164,0.031723126047391,0.03141626053430622,0.6583583388022812,0,0.066561,0,0.411117,0,0,0,0,0.03867512124256237,1,0.08476257823365618,1,0.13875189356654846,1
2025-08-07 00:00:00+00:00,27,2.0174,0.4268,1.0,110,846031.4655,-84828.172,0.5732,70,484951.6465,5582.266933,241415.2372,119664.5817,-121750.6555,110,846031.4655,13,115841.69677460914,3773.333428400277,0.00088,19.9403,-0.9095,0.440737,0.3712,-1.9112,-0.068079,0.00087,-0.1042,-0.1853,-0.149251,-0.064762,0.8782861975037565,0.917491,-0.001555000000000084,-0.01286200000000004,-6.648072404004712e-05,0.03830946721108826,0.006890009960098569,0.03508628273409258,0.029197728015938743,55.942041462497585,0.0031539505433713522,0.008262255237386915,0.0017915879547492652,0.013725107086224268,0.014400846204240585,40.302848510082654,0.03257318852763333,0.03145193600187664,0.6549844677271625,0,0.068079,0,0.440737,0,0,0,0,0.0460874569910938,1,0.10007677232398612,1,0.1138483906427266,1
2025-08-08 00:00:00+00:00,35,2.2001,0.3668,1.0,142,1182126.176,-98511.2967,0.6332,94,748525.0294,4831.012295,298103.8095,135497.3371,-162606.4724,142,1182126.176,13,116729.83228715105,3951.3064311469097,-0.000293,33.6956,-0.7032,0.365106,0.0038,0.1129,-0.096002,0.01441,-0.029,-0.3857,-0.254697,-0.090509,2.0539574248499224,0.917128,-0.0003629999999998912,-0.01798299999999997,0.03867512124256237,0.008063686496020477,-0.05262376050389056,0.030701854299587387,0.0296237371608394,62.53996143305309,0.012231552275749472,-0.005596238738237458,-0.02692062682535039,0.008912348150199131,0.014401496597308815,51.63188730232968,0.033850013777342224,0.0317871904837339,0.661658071403219,0,0.096002,0,0.365106,1,0,0,0,0.053989315332892314,1,0.06776093365163281,1,0.07796363101114166,1
2025-08-09 00:00:00+00:00,42,1.7637,0.6423,1.0,129,733605.9858,-105864.7727,0.3577,70,262378.4775,8449.60769,300721.9852,170505.523,-130216.4622,129,733605.9858,17,116780.7839586848,4170.49853584532,0.000274,-24.7935,-0.8237,0.448695,-0.0281,0.4898,-0.074529,0.003931,0.0579,0.0855,-0.15271,-0.066338,1.5193629638141908,0.883973,-0.033155000000000046,-0.03507300000000002,0.0460874569910938,-6.648072404004712e-05,-0.03993297008873751,0.02365861232129395,0.02958262848108411,66.34514633580274,0.007637562803791366,0.0031539505433713522,-0.013468887362817155,0.005833760652738103,0.013774794308990663,45.563105727822716,0.035712198483962704,0.032506009811402864,0.6583299813434916,0,0.074529,0,0.448695,0,1,0,0,0.013771618318740502,1,0.023974315678249366,1,0.04830202407191968,1
2025-08-10 00:00:00+00:00,17,1.6671,0.3402,1.0,92,662581.8671,-111309.5446,0.6598,68,437180.9455,6985.575384,140889.5153,84511.4062,-56378.1091,92,662581.8671,7,118167.43414766714,4228.330354731214,-0.000362,-29.2106,-0.9769,0.365779,-0.2676,0.3377,-0.044177,-0.0269,-0.0464,-0.2665,-0.111147,-0.039794,0.16142284719828454,0.912631,0.02865799999999996,-0.0048599999999999755,0.053989315332892314,0.03867512124256237,-0.003293777207702485,0.020853978210287876,0.028163357996523936,66.12738821328432,0.00043639705261804164,0.012231552275749472,0.0037730593690144454,0.006474020979811403,0.010969401278842175,48.69490261863509,0.03578253505485538,0.03326574143876868,0.604802387895374,0,0.044177,1,0.365779,0,0,1,0,0.010202697359508864,1,0.0345304057531792,1,0.09928523224674832,1
2025-08-11 00:00:00+00:00,30,1.9482,0.3455,1.0,112,1335890.4803,-118321.493,0.6545,74,874387.9724,7509.103815,304965.4805,156537.0275,-148428.453,112,1335890.4803,8,120351.07658695577,4271.691554134082,-5e-05,52.8616,-0.6532,0.365405,0.4598,0.4727,-0.061644,0.02906,-0.0287,-0.4892,-0.162685,-0.058422,0.9367261733047458,0.943237,0.030606000000000022,0.026108999999999938,0.013771618318740502,0.0460874569910938,0.03830946721108826,0.021329405908877105,0.027850294730506157,65.91198277734277,0.011804016228257294,0.007637562803791366,0.008262255237386915,0.008115539077227889,0.011455947118987899,55.78583357173761,0.035493588219360134,0.03385144328353967,0.5478941953062006,1,0.061644,0,0.365405,0,0,1,0,0.02432770839367034,1,0.08908253488723948,1,0.0879548749245719,1
2025-08-12 00:00:00+00:00,46,3.8131,0.4602,1.0,139,1775541.05,-172360.1016,0.5398,82,958349.5866,12731.870848,647406.6853,169784.7782,-477621.9071,139,1775541.05,11,119143.64695973055,4376.886407331153,0.000789,93.1117,-0.102,0.444872,0.9239,0.9913,-0.098817,0.009493,-0.0545,-0.9273,-0.214884,-0.093781,1.9275396090899861,0.935961,-0.007275999999999949,0.051988000000000034,0.010202697359508864,0.053989315332892314,0.008063686496020477,0.020105384691852777,0.027912795109162728,70.86532087657119,0.018310557470425193,0.00043639705261804164,-0.005596238738237458,0.009346627346802671,0.011589414689500087,53.21187615099418,0.03673621312608049,0.03455298046237503,0.529633226002666,0,0.098817,0,0.444872,0,1,0,0,0.06475482649356915,1,0.06362716653090159,1,0.039118227113438736,1
2025-08-13 00:00:00+00:00,47,3.4322,0.366,1.0,152,1593499.3894,-202440.849,0.634,96,1010210.3172,6202.124068,451686.4778,131602.5943,-320083.8835,152,1593499.3894,9,120701.340967142,4669.688803950862,-7.5e-05,61.1519,0.2635,0.407783,0.0432,1.5062,-0.10701,-0.006654,0.018,-0.7876,-0.253172,-0.100712,2.3194775344833456,0.930929,-0.0050320000000000364,0.018298000000000036,0.02432770839367034,0.013771618318740502,-6.648072404004712e-05,0.020636567530007036,0.029466773325997144,76.0798888775015,-0.010083227216219112,0.011804016228257294,0.0031539505433713522,0.009547242973743191,0.011139970288854516,58.911564543726726,0.03868796126483857,0.035547956922010404,0.5122137717786736,0,0.10701,0,0.407783,0,1,0,0,-0.0011276599626675544,0,-0.02563659938013038,0,-0.053255719631545316,0
2025-08-14 00:00:00+00:00,47,2.2643,0.4342,1.0,149,2052428.3983,-234356.7954,0.5658,90,1161271.6453,13296.117548,618159.5167,272997.2363,-345162.2804,149,2052428.3983,12,120656.43875807298,4664.42595076064,-0.001085,3.8116,0.2833,0.393992,-0.3692,0.7658,-0.075771,0.000157,0.0092,-0.7081,-0.185281,-0.071657,2.126197283336459,0.944954,0.014024999999999954,0.0017169999999999686,0.06475482649356915,0.010202697359508864,0.03867512124256237,0.02482611634546766,0.02941451284515771,75.44581697627474,0.012989355520226857,0.018310557470425193,0.012231552275749472,0.009719081730283996,0.00973693902394792,58.20411838664214,0.038658740459870805,0.03641732148375861,0.5640016508983636,1,0.075771,0,0.393992,0,1,1,0,-0.02450893941746283,0,-0.052128059668877735,0,-0.036664784831237016,0
2025-08-15 00:00:00+00:00,41,5.9618,0.4203,1.0,120,1571179.5686,-278369.2506,0.5797,71,910758.1601,15706.346196,565557.5338,94863.8746,-470693.6592,120,1571179.5686,8,118280.0701237488,4551.495374984178,0.000373,-165.1312,-0.6913,0.407196,-0.8438,-0.0818,-0.115733,0.000241,-0.0758,-1.3738,-0.282128,-0.113592,1.061289931633829,0.955082,0.010128000000000026,0.019120999999999944,-0.0011276599626675544,0.02432770839367034,0.0460874569910938,0.03092711014759778,0.02864092256410715,81.22374639689714,-0.0003720800683381294,-0.010083227216219112,0.007637562803791366,0.013639134410388212,0.01027888273735173,61.39995745919688,0.038480661790462604,0.0370788426284901,0.5837281852867938,1,0.115733,0,0.407196,0,0,0,1,-0.027619120251414907,0,-0.012155845413774156,0,-0.04850766610309915,0
2025-08-16 00:00:00+00:00,24,3.5284,0.6984,1.0,61,567774.8807,-291393.4529,0.3016,25,171267.0708,25549.08454,308946.8438,87560.966,-221385.8778,61,567774.8807,12,117658.75035805209,4427.507180899115,0.001746,-78.1011,-1.1429,0.672316,-0.5608,-0.6145,-0.024805,-0.028142,0.044,-1.0241,-0.032282,-0.021475,-1.0493801199545991,0.913902,-0.041179999999999994,-0.017027000000000014,-0.02450893941746283,0.06475482649356915,0.053989315332892314,0.03144484803087535,0.028015328504999323,84.04275147485905,-0.019891870045392893,0.012989355520226857,0.00043639705261804164,0.013907767944279345,0.01031885729242586,65.60338277479468,0.03763007143476868,0.03735282447860524,0.5969797193621803,0,0.024805,1,0.672316,0,0,0,0,0.015463274837640751,1,-0.020888545851684214,0,-0.04490054433509087,0
2025-08-17 00:00:00+00:00,20,1.7035,0.5292,1.0,58,247234.8949,-288203.0539,0.4708,28,116405.0024,2605.902485,82437.6044,48392.288,-34045.3164,58,247234.8949,10,117987.93561328696,4496.503017262606,-0.000212,-5.6635,-1.1601,0.377368,0.0321,-0.3148,-0.069475,-0.014812,0.0778,-0.3793,-0.177581,-0.06559,-1.1332109231435499,0.879856,-0.03404600000000002,-0.06509799999999999,-0.027619120251414907,-0.0011276599626675544,0.013771618318740502,0.03149818429314728,0.026861282719112117,85.46949797974152,-0.0052667992547280945,-0.0003720800683381294,0.011804016228257294,0.013144778075722252,0.010327241168357239,65.31995114208166,0.03810985414644581,0.03768529863454673,0.6228271869153137,0,0.069475,0,0.377368,0,0,0,0,-0.036351820689324965,0,-0.06036381917273159,0,-0.06248139770671922,0
2025-08-18 00:00:00+00:00,20,1.9528,0.3855,1.0,98,1336707.6038,-290753.7438,0.6145,68,821372.6141,7916.243687,340809.1362,174525.8535,-166283.2826,98,1336707.6038,10,115939.56425527908,4335.98223358099,-0.000381,38.3954,-0.9241,0.448808,0.3786,-0.396,-0.067614,0.020864,-0.0473,-0.7712,-0.148458,-0.066114,0.2821600297852443,0.953732,0.07387600000000005,-0.0013499999999999623,0.015463274837640751,-0.02450893941746283,0.010202697359508864,0.03577356886498897,0.02790677512351567,75.4324294428472,0.0027938900817386487,-0.019891870045392893,0.018310557470425193,0.011613610675151698,0.010732803620197118,54.151185218198016,0.03739864179611629,0.0379574491455119,0.6404369734746773,1,0.067614,1,0.448808,0,0,1,0,-0.02401199848340663,0,-0.026129577017394226,0,-0.01364390752748627,0
2025-08-19 00:00:00+00:00,41,6.1112,0.5307,1.0,105,908101.3339,-272009.9973,0.4693,58,426134.1369,10765.292677,414191.4391,67775.7579,-346415.6812,105,908101.3339,6,114708.77708088885,4233.106701244081,-0.00039,5.6829,-0.8731,0.392208,0.1485,-1.1714,-0.190349,0.006174,0.092,-0.0102,-0.486308,-0.188118,0.5269686350699913,0.928844,-0.02488800000000002,0.01494200000000001,-0.036351820689324965,-0.027619120251414907,0.02432770839367034,0.0354394494435085,0.027741525077142424,70.15786280327424,-0.01751332113284223,-0.0052667992547280945,-0.010083227216219112,0.011655825907213901,0.010887117908767872,52.08680903409474,0.03690307584971492,0.03798128667745967,0.6670846336683567,0,0.190349,0,0.392208,0,0,0,0,-0.0021175785339875974,0,0.010368090955920388,1,0.05365608024434069,1
2025-08-20 00:00:00+00:00,21,3.0295,0.4054,1.0,80,1142855.9812,-259619.1814,0.5946,54,679545.93,12244.629065,348329.1117,114980.9395,-233348.1723,80,1142855.9812,5,113685.01748731433,4224.152249584839,-0.000322,22.8572,-0.723,0.38109,-0.0381,-1.2527,-0.080258,-0.000572,-0.0382,-0.3175,-0.208576,-0.07868,-0.34511756395923116,0.945463,0.01661900000000005,0.06560700000000008,-0.02401199848340663,0.015463274837640751,0.06475482649356915,0.01857416335099237,0.027637119544794683,69.78215208366179,-0.010672514267583,0.0027938900817386487,0.012989355520226857,0.008366578270783279,0.010982532876668264,47.639239881081025,0.0371566310402881,0.0377625252168096,0.6915597918841615,1,0.080258,0,0.38109,0,0,0,1,0.012485669489907985,1,0.055773658778328315,1,0.11568033538545373,1
2025-08-21 00:00:00+00:00,21,3.0233,0.322,1.0,77,880627.4616,-230678.8968,0.678,50,597108.7646,7752.960387,213049.4927,70469.2043,-142580.2884,77,880627.4616,6,113320.04973773022,4277.224248712047,0.000288,-37.9783,-0.9258,0.313483,-0.1759,-1.0594,-0.072886,0.012721,0.0078,-0.242,-0.230265,-0.071261,-0.44306165269699294,0.933741,-0.01172200000000001,-0.01999099999999998,-0.0021175785339875974,-0.036351820689324965,-0.0011276599626675544,0.020769209182838016,0.027344161820803552,67.56425631943213,-0.008964923518331537,-0.01751332113284223,-0.0003720800683381294,0.007962314085065574,0.01095401707672735,41.53208111099705,0.03774463794016438,0.03763193914256583,0.6920835392782522,0,0.072886,0,0.313483,0,0,0,0,0.04328798928842033,1,0.10319466589554577,1,0.11306417668426895,1
2025-08-22 00:00:00+00:00,45,2.9894,0.5277,1.0,152,1598409.76,-223531.404,0.4723,92,754849.6303,15612.34226,632110.6694,211449.4603,-420661.2091,152,1598409.76,15,114236.897243393,4466.442580424205,0.000889,240.2667,0.4582,0.48705,1.0559,0.8402,-0.089692,-0.002339,-0.0016,-0.2447,-0.176355,-0.084108,2.164257443018627,0.912545,-0.021195999999999993,-0.016298999999999952,0.012485669489907985,-0.02401199848340663,-0.02450893941746283,0.028528792952515928,0.02802565843756165,67.3077658362215,-0.00321550587843838,-0.010672514267583,-0.019891870045392893,0.008553673040243556,0.011088372579587327,41.72073417237701,0.03909807328632191,0.03772014078483144,0.7119281450416238,0,0.089692,0,0.48705,1,0,0,0,0.059906676607125446,1,0.06977618739584865,1,0.031416582480007726,1
2025-08-23 00:00:00+00:00,21,2.8276,0.3062,1.0,109,1240761.8493,-217822.7412,0.6938,83,860797.6375,15456.278402,280694.7249,99269.4868,-181425.238,109,1240761.8493,5,115508.3978192404,4742.189387086413,-0.00139,-242.0689,-0.9524,0.30029,-1.2642,0.1368,-0.079829,-0.008775,-0.0577,-0.712,-0.259594,-0.0764,0.6323710976284611,0.928977,0.016432000000000002,-0.016486,0.04328798928842033,-0.0021175785339875974,-0.027619120251414907,0.034367329178716266,0.029626839255509692,67.84522502751574,0.008058224361948373,-0.008964923518331537,-0.0052667992547280945,0.010472071546520675,0.01130948930359755,46.1152840829377,0.04105493173325359,0.03820940654175786,0.7287899444449322,1,0.079829,0,0.30029,0,0,1,0,0.009869510788723205,1,-0.028490094127117685,0,-0.05850374627133898,0
2025-08-24 00:00:00+00:00,24,1.2951,0.2468,1.0,120,1371229.7293,-219174.572,0.7532,88,1032848.9976,13177.954213,190944.4321,147436.2996,-43508.1325,120,1371229.7293,8,114483.36912346318,4789.224199907053,0.001453,8.7636,-0.8934,0.271961,0.2361,0.3408,-0.001087,-0.017914,0.0798,-0.0194,0.010859,0.002872,1.0004968935745777,0.921005,-0.00797200000000009,-0.01273600000000008,0.059906676607125446,0.012485669489907985,0.015463274837640751,0.034278859958389134,0.029596251305883472,67.49281241861912,0.011068897472282875,-0.00321550587843838,0.0027938900817386487,0.01039513278558098,0.010851058015809444,38.53382111230621,0.04183336179373069,0.038741336205655695,0.7426157355160093,0,0.001087,1,0.271961,0,0,0,0,-0.03835960491584089,0,-0.06837325706006216,0,-0.04124651558975442,0
2025-08-25 00:00:00+00:00,28,1.3013,0.2869,1.0,118,1598925.5864,-204000.5203,0.7131,78,1140148.8032,15944.55909,259420.8517,199355.9315,-60064.9202,118,1598925.5864,12,111890.01689361632,4608.990400431638,-6.7e-05,21.779,-0.7492,0.316094,0.0924,0.0546,-0.014779,0.0357,-0.0014,-0.018,-0.040632,-0.012583,0.9260780944682966,0.940673,0.01966800000000002,0.02812799999999993,0.009869510788723205,0.04328798928842033,-0.036351820689324965,0.03472714922198384,0.03073364049441392,59.890739156948264,-0.008913671095622161,0.008058224361948373,-0.01751332113284223,0.011661645927366232,0.011290931578853,24.461176716863548,0.04119215036685364,0.03928326600147532,0.7588370103664772,1,0.014779,1,0.316094,0,0,1,0,-0.03001365214422127,0,-0.0028869106739135043,0,-0.015834389781267617,0
2025-08-26 00:00:00+00:00,34,2.9464,0.5402,1.0,104,1406739.8493,-208059.2827,0.4598,61,646762.9132,15801.732317,567401.9771,192574.959,-374827.0181,104,1406739.8493,9,110245.27255099136,4472.71308572591,-0.001691,-1.0874,-0.7377,0.483358,0.1856,0.0916,-0.047978,0.00832,0.0113,0.0839,-0.097667,-0.046717,0.42214545960433564,0.944716,0.004043000000000019,0.015738999999999947,-0.03835960491584089,0.059906676607125446,-0.02401199848340663,0.03572965897780896,0.03140826654143318,52.777478307019024,-0.02291316781102439,0.011068897472282875,-0.010672514267583,0.012089259130261001,0.011443416043873961,23.677198014217865,0.04057056581412288,0.03980719313924789,0.7854939160273939,1,0.047978,1,0.483358,0,0,0,1,0.027126741470307764,1,0.014179262362953677,1,-0.01919990875209037,0
2025-08-27 00:00:00+00:00,33,2.0639,0.392,1.0,91,1478024.3616,-203467.596,0.608,51,898574.5958,12791.855896,390328.0657,189121.7001,-201206.3656,91,1478024.3616,7,111520.21989199378,4595.703844626346,0.00123,38.7766,-0.4936,0.384326,0.2503,0.3801,-0.06982,0.001318,0.0314,0.3588,-0.17921,-0.068128,-0.03304485335773374,0.952341,0.007624999999999993,0.03133600000000003,-0.03001365214422127,0.009869510788723205,-0.0021175785339875974,0.03607585696247869,0.03163620311990041,47.73307274479601,-0.014808762752244367,-0.008913671095622161,-0.008964923518331537,0.013546019138541993,0.01170246879442932,22.89747065328602,0.04120960171238219,0.04038618894954704,0.7953102151672298,1,0.06982,1,0.384326,0,0,0,1,-0.012947479107354087,0,-0.04632665022239811,0,-0.05217980996698917,0
2025-08-28 00:00:00+00:00,19,2.0067,0.2378,1.0,69,966556.5892,-194092.8048,0.7622,46,736715.2144,26754.560581,153399.0625,76442.3122,-76956.7503,69,966556.5892,4,112464.12934794692,4536.584613499023,-0.001646,-36.2444,-0.6913,0.277164,-0.3283,0.2278,-0.052538,-0.004278,-0.0086,0.2933,-0.18646,-0.050716,-0.7999867455264379,0.941151,-0.011190000000000033,0.00047799999999997844,0.027126741470307764,-0.03835960491584089,0.012485669489907985,0.03728436518455393,0.031637109971091947,46.183381207255415,0.01149828473057143,-0.02291316781102439,-0.00321550587843838,0.014178964958579897,0.011849277180937841,27.17237702711354,0.040338058364045304,0.04075667758153003,0.7971860118871903,0,0.052538,1,0.277164,0,0,0,0,-0.03337917111504402,0,-0.03923233085963505,0,-0.016811252336021116,0
2025-08-29 00:00:00+00:00,14,1.731,0.2739,1.0,90,802154.973,-142400.688,0.7261,69,582408.2307,7946.719102,139281.5668,80465.1755,-58816.3914,90,802154.973,7,109905.20782548332,4387.656554322307,0.001481,-10.4106,-0.7461,0.285989,-0.2236,-1.0517,-0.024288,0.006385,-0.0128,0.2023,-0.079343,-0.022208,-0.07059951747383034,0.935287,-0.00586399999999998,-0.00942900000000002,-0.012947479107354087,-0.03001365214422127,0.04328798928842033,0.03658532183011164,0.03240993324065408,45.08492844193546,0.008428401778363655,-0.014808762752244367,0.008058224361948373,0.0156301226004011,0.012474392525738974,26.63211920333636,0.03992218968631036,0.04087440849581409,0.76532075113447,0,0.024288,1,0.285989,0,0,0,0,-0.0058531597445910305,0,0.016567918779022934,1,-0.0017041786139435008,0
2025-08-30 00:00:00+00:00,9,4.0096,0.3037,1.0,59,565703.3855,-131225.9059,0.6963,42,393919.853,16361.052636,137492.6479,34290.8846,-103201.7633,59,565703.3855,8,108500.04613554476,4362.049912593546,0.001457,-51.0665,-1.0369,0.350899,-0.419,-0.2065,-0.01359,-0.053697,-0.0152,0.0648,-0.03276,-0.011314,-1.1759376909970267,0.910253,-0.025034,-0.042088000000000014,-0.03337917111504402,0.027126741470307764,0.059906676607125446,0.024235717771655146,0.03246634646173546,47.879314853345065,-0.023016073326534367,0.01149828473057143,0.011068897472282875,0.01392024661934172,0.012594612358300462,25.403304194433062,0.04020320790595989,0.04075273366334357,0.7783528941387,0,0.01359,1,0.350899,0,0,0,0,0.022421078523613965,1,0.004148981130647558,1,-0.00464200726373142,0
2025-08-31 00:00:00+00:00,15,3.0843,0.2732,1.0,62,312422.8518,-131233.0838,0.7268,41,227068.187,2478.796163,64456.5211,20898.1437,-43558.3775,62,312422.8518,6,108842.44623889535,4460.9564282211,0.000288,0.6816,-1.0102,0.325329,0.0049,-0.4377,-0.018222,0.048218,0.0284,0.3192,-0.04836,-0.015439,-1.047071797348438,0.91244,0.00218700000000005,-0.02871099999999993,-0.0058531597445910305,-0.012947479107354087,0.009869510788723205,0.026478481599720233,0.030761929232691256,48.89191736096694,-0.012867649041104757,0.008428401778363655,-0.008913671095622161,0.014651943307747627,0.011779066520768378,25.564571382919752,0.040985448070781756,0.040631603131493714,0.7779354162213274,0,0.018222,1,0.325329,0,0,0,1,-0.018272097392966407,0,-0.027063085787345356,0,-0.016218387871765008,0
2025-09-01 00:00:00+00:00,16,1.6683,0.3084,1.0,80,1228385.5608,-136208.8571,0.6916,58,849498.4613,28558.712724,236891.2165,141995.8831,-94895.3334,80,1228385.5608,6,108596.3179835392,4380.185571609702,-0.00181,1061.303,4.591,0.380896,1.3903,0.8602,0.010004,0.043948,-0.0557,-0.1709,0.032039,0.012032,-0.40217494629644224,0.947308,0.03486800000000001,0.01202100000000006,0.022421078523613965,-0.03337917111504402,-0.03835960491584089,0.023870992645485447,0.029864141625370037,51.491376485223256,0.0031507910199625433,-0.023016073326534367,-0.02291316781102439,0.012944633238206394,0.01157209596348026,28.166301836097603,0.040334567994042315,0.04050909136394924,0.7498440750692391,1,-0.0,1,0.380896,0,0,1,0,-0.00879098839437895,0,0.0020537095212014266,1,-0.00221032250601125,0
2025-09-02 00:00:00+00:00,25,0.9737,0.5234,1.0,79,1029319.7769,-81635.1578,0.4766,49,490583.0345,23400.840515,265773.9329,272962.8095,7188.8766,79,1029319.7769,5,110365.40001767346,4341.8481698088735,0.000143,-1028.8873,-0.7422,0.447915,-1.0576,-0.383,0.011063,-0.027993,-0.1054,-1.0833,0.028841,0.01278,-0.4357308427502818,0.942841,-0.004466999999999999,0.03258800000000006,-0.018272097392966407,-0.0058531597445910305,-0.03001365214422127,0.021755499567882936,0.02995062493653923,53.90416897878702,-0.002263886675012466,-0.012867649041104757,-0.014808762752244367,0.013991466171618118,0.011977807989123746,37.57467733869819,0.0393406644574621,0.04033339117014056,0.7319474175043122,0,-0.0,1,0.447915,0,0,0,0,0.010844697915580376,1,0.006580665888367727,1,0.0006173434172395999,1
2025-09-03 00:00:00+00:00,20,1.1729,0.6409,1.0,84,1064368.7354,-60644.9332,0.3591,57,382168.6397,27353.083368,368237.4446,313962.6511,-54274.7935,84,1064368.7354,7,111529.00298383548,4389.190443953777,-7.8e-05,22.0993,-0.6102,0.48889,0.1529,-0.4804,-0.03335,-0.001031,0.0631,-0.5103,-0.064896,-0.031422,-0.25568650251531533,0.939316,-0.0035250000000000004,0.02687600000000001,-0.00879098839437895,0.022421078523613965,0.027126741470307764,0.01846412712164775,0.029391278091040942,55.74505038348822,0.016159176546400665,0.0031507910199625433,0.01149828473057143,0.013859550104772661,0.012043948264369516,43.89643352851298,0.03935469991236205,0.04006840519870911,0.6829577770309331,0,0.03335,1,0.48889,0,0,0,0,-0.004264032027212649,0,-0.010227354498340748,0,-0.021423244325727737,0
2025-09-04 00:00:00+00:00,21,1.6687,0.2865,1.0,78,1166940.4631,-61617.7919,0.7135,53,832636.8034,12499.200575,209035.2102,125268.4495,-83766.7607,78,1166940.4631,4,110689.34672480596,4370.514640735648,-0.000618,3.6626,-0.5801,0.312574,0.1613,0.0092,-0.051123,-0.039417,0.0334,-0.208,-0.161645,-0.050023,-0.46331745794947643,0.956373,0.01705699999999999,0.00906499999999999,0.010844697915580376,-0.018272097392966407,-0.012947479107354087,0.018254613496649637,0.029456146378894373,53.316025575821435,0.010487994438541965,-0.002263886675012466,0.008428401778363655,0.01355512706199645,0.012075377345673377,42.7141211980284,0.039484510208570925,0.03994646974792705,0.6682407147215929,1,0.051123,1,0.312574,0,0,1,0,-0.005963322471128099,0,-0.017159212298515063,0,-0.01735714448696178,0
2025-09-05 00:00:00+00:00,17,1.5681,0.2348,1.0,85,1131714.6185,-61614.4054,0.7652,64,865950.3901,7783.010529,162278.4571,103485.7713,-58792.6859,85,1131714.6185,4,111541.8916492214,4344.529408732605,0.000571,-18.7043,-0.675,0.28441,-0.2748,-0.042,-0.055409,0.01917,-0.0071,-0.292,-0.192824,-0.0541,-0.23209213743407003,0.945559,-0.01081399999999999,0.002717999999999998,-0.004264032027212649,-0.00879098839437895,-0.03337917111504402,0.013574038620831376,0.02951890465857972,45.195550386337345,-0.0075570739873321345,0.016159176546400665,-0.023016073326534367,0.010299752526809966,0.012156933009794228,42.57675685591379,0.03894975550885711,0.03980755057971945,0.6725865412991892,0,0.055409,1,0.28441,0,0,0,0,-0.011195889827386963,0,-0.011393822015833655,0,-0.00732536009518972,0
2025-09-06 00:00:00+00:00,15,1.548,0.4101,1.0,51,307159.2062,-50741.356,0.5899,32,181207.0055,7111.16628,76521.3093,49430.8913,-27090.418,51,307159.2062,4,110633.66926390704,4296.159811711639,0.00114,-31.2813,-0.8353,0.336594,-0.3832,-0.0062,-0.034108,-0.023103,0.108,0.6667,-0.0941,-0.030913,-1.451239879102646,0.883961,-0.06159800000000004,-0.05535500000000004,-0.005963322471128099,0.010844697915580376,-0.0058531597445910305,0.014008683925072575,0.02901457406261297,29.36130783216882,0.007672630662007016,0.010487994438541965,-0.012867649041104757,0.009262968265760679,0.011969027837455723,36.34733023972838,0.03883229978989056,0.039611706563138116,0.6591090810914293,0,0.034108,1,0.336594,0,0,0,0,-0.00019793218844669152,0,0.0038705297321972726,1,0.00507243852181042,1
2025-09-07 00:00:00+00:00,17,8.4203,0.6376,1.0,40,173797.9836,-56987.6701,0.3624,19,62990.1409,4936.085177,99045.2091,11762.6336,-87282.5755,40,173797.9836,4,110941.09216104046,4295.30954754829,0.000272,-14.2065,-0.891,0.431314,-0.0661,-0.0772,-0.107802,0.00149,-0.008,0.5829,-0.245521,-0.103365,-1.7900708451128613,0.855312,-0.028649000000000036,-0.10106100000000007,-0.011195889827386963,-0.004264032027212649,0.022421078523613965,0.009159160115990229,0.02792755525140728,26.29994239324202,-0.008175763712356229,-0.0075570739873321345,0.0031507910199625433,0.009261563317079795,0.011873091060479454,39.645758559347755,0.03871702958641584,0.03928764677965727,0.6477502592389994,0,0.107802,0,0.431314,0,0,0,0,0.004068461920643963,1,0.005270370710257141,1,0.010117256714291673,1
2025-09-08 00:00:00+00:00,11,2.8683,0.4239,1.0,66,1227809.104,-79344.1954,0.5761,50,707304.5854,21925.506904,385947.7648,134556.7537,-251391.0111,66,1227809.104,5,111752.37090051672,4312.820447941672,-0.001586,58.114,-0.569,0.400388,0.677,-0.7905,-0.076045,0.002227,-0.1334,-0.6337,-0.188366,-0.074749,-0.8568697955972875,0.952339,0.09702700000000009,0.006780000000000008,-0.00019793218844669152,-0.005963322471128099,-0.018272097392966407,0.007705567465880432,0.026205392848974125,32.999594022085645,0.002774892703664829,0.007672630662007016,-0.002263886675012466,0.009105697332082847,0.011980871922716942,49.54793548630628,0.03859265278390376,0.039038801749637475,0.6357644488666738,1,0.076045,0,0.400388,0,0,0,1,0.0012019087896131767,1,0.00604879479364774,1,0.023713141079629733,1
2025-09-09 00:00:00+00:00,18,0.7461,0.385,1.0,72,884606.2709,-73297.1385,0.615,46,544029.7643,9220.531067,145529.1159,195047.3907,49518.2749,72,884606.2709,8,111925.89603083576,4318.00718111178,-0.000794,-4.0614,-0.5751,0.295917,-0.2351,0.0321,-0.008364,0.005774,-0.0016,-0.6535,-0.023029,-0.006735,-0.6336079553181849,0.93737,-0.01496900000000001,0.05340900000000004,0.004068461920643963,-0.011195889827386963,-0.00879098839437895,0.007192631857316359,0.02609637049998113,39.43078509178163,0.007286090191931845,-0.008175763712356229,0.016159176546400665,0.007392030534276253,0.011732923662312291,56.15564365275476,0.03857916116143633,0.03893001556449094,0.6619810838960354,0,0.008364,1,0.295917,0,0,0,0,0.004846886004034562,1,0.022511232290016586,1,0.05390516594489357,1
2025-09-10 00:00:00+00:00,18,1.9817,0.3726,1.0,82,768917.9038,-79017.4052,0.6274,59,482448.7022,6453.271526,190392.9309,96076.2707,-94316.6602,82,768917.9038,5,112674.47384315453,4338.986871695805,0.000794,12.9157,-0.4922,0.337216,0.1234,0.0025,-0.074674,0.017868,0.0696,-0.0299,-0.218655,-0.072862,-0.27644759967213767,0.935801,-0.0015690000000000426,0.08048900000000003,0.0012019087896131767,-0.00019793218844669152,0.010844697915580376,0.005798187110296413,0.02604739088086779,30.0754962156863,0.0015515603505946364,0.002774892703664829,0.010487994438541965,0.0067766053421573005,0.011226038240412971,54.360987650950904,0.03850904933211204,0.03880920833874094,0.6594278775137624,0,0.074674,0,0.337216,0,0,0,0,0.017664346285982024,1,0.04905827994085904,1,0.0788060073517416,1
2025-09-11 00:00:00+00:00,18,1.7769,0.3871,1.0,80,783717.2959,-79176.2249,0.6129,55,480326.7205,6716.954159,194134.5371,109256.0383,-84878.4988,80,783717.2959,7,114246.97675203346,4416.313187072233,-0.000696,-38.7832,-0.6851,0.375019,-0.197,-0.3558,-0.053489,-0.009796,-0.1041,-0.9665,-0.138668,-0.051463,-0.3355518250172341,0.936931,0.0011299999999999644,-0.015408000000000088,0.004846886004034562,0.004068461920643963,-0.004264032027212649,0.009119051038913016,0.025865158271951908,40.98130427106678,0.006665889148806447,0.007286090191931845,-0.0075570739873321345,0.006861292828314516,0.011493941030146712,56.36827072909182,0.038655842917030434,0.03869082729709229,0.6718511967369457,1,0.053489,1,0.375019,0,0,1,0,0.03139393365487701,1,0.06114166106575962,1,0.04985191613949095,1
2025-09-12 00:00:00+00:00,27,2.3486,0.3798,1.0,97,839498.9161,-89122.036,0.6202,66,520652.7603,6745.063892,223629.7595,95216.3962,-128413.3633,97,839498.9161,4,115533.61340075976,4557.157897402331,-6.2e-05,15.6433,-0.6019,0.37824,0.1131,0.0321,-0.085484,-0.020538,0.0567,-0.4474,-0.221367,-0.082694,0.24845565812860781,0.927411,-0.009519999999999973,-0.009959000000000051,0.017664346285982024,0.0012019087896131767,-0.005963322471128099,0.01377394013480353,0.023617953205953415,62.89434463120496,0.013859668855185234,0.0015515603505946364,0.007672630662007016,0.007249849633758038,0.011421073449782585,72.3615848021531,0.03944443321091837,0.038761495540243905,0.715135714174802,0,0.085484,0,0.37824,0,0,0,0,0.029747727410882604,1,0.018457982484613965,1,-0.0003833447033026044,0
2025-09-13 00:00:00+00:00,23,1.4261,0.6148,1.0,73,267703.7866,-89380.9849,0.3852,41,103130.8913,4727.159775,96737.978,67834.9174,-28903.0606,73,267703.7866,9,115880.98591304588,4694.759508780508,0.000182,-32.7136,-0.7733,0.358521,-0.3776,0.0378,-0.051064,0.006295,0.0467,-0.0105,-0.129522,-0.04529,-0.6224741082055093,0.86674,-0.06067100000000003,-0.06906100000000004,0.03139393365487701,0.004846886004034562,-0.011195889827386963,0.013536777966359714,0.024267555436757106,71.5085607271839,0.01119894500184474,0.006665889148806447,-0.008175763712356229,0.004607746412510832,0.011448723751520423,82.3226218723253,0.040513631048180204,0.03900168571999957,0.7194429055529004,0,0.051064,1,0.358521,0,0,0,0,-0.011289744926268637,0,-0.03013107211418518,0,-0.04216548554974331,0
2025-09-14 00:00:00+00:00,13,1.0996,0.5336,1.0,54,273639.8588,-77901.7117,0.4664,34,127615.8094,5413.833497,76475.8561,69548.1933,-6927.6628,54,273639.8588,7,115791.32236379688,4642.054941796914,0.001343,-9.7743,-0.8127,0.342032,-0.0686,0.0353,0.018071,-0.011756,0.1516,1.3677,0.06565,0.022013,-1.2758774423365482,0.875528,0.008788000000000018,-0.061402999999999985,0.029747727410882604,0.017664346285982024,-0.00019793218844669152,0.015761177734312348,0.023920663357229373,62.45569752332927,0.0030021681797279213,0.013859668855185234,0.002774892703664829,0.005251588246126078,0.010899737768177419,81.12157384932235,0.040089834428286064,0.0391978006974096,0.7150246826668353,0,-0.0,1,0.342032,0,0,1,0,-0.018841327187916545,0,-0.03087574062347464,0,-0.0288141218270639,0
2025-09-15 00:00:00+00:00,24,2.5864,0.3454,1.0,75,782229.016,-59061.1554,0.6546,47,512057.5073,4967.861864,194839.3129,75332.1957,-119507.1172,75,782229.016,4,115261.47877388918,4555.411269861846,-0.000955,184.9939,0.169,0.301047,0.8193,0.1776,-0.066703,0.014539,-0.2506,-0.9224,-0.218093,-0.064933,-0.5134250986049627,0.946593,0.07106500000000004,0.019182000000000032,-0.011289744926268637,0.03139393365487701,0.004068461920643963,0.019416976893185722,0.02361459840555554,62.23393108527003,-0.0007740549951163061,0.01119894500184474,0.007286090191931845,0.006562978665099938,0.010890630104767285,79.26999937186025,0.039522408686064936,0.03933062296914691,0.6993001922940684,1,0.066703,0,0.301047,0,0,0,1,-0.012034413435558099,0,-0.009972794639147327,0,0.00913563757977975,1
2025-09-16 00:00:00+00:00,24,6.5654,0.4085,1.0,70,1136035.6614,-114910.419,0.5915,43,671913.7546,17831.732948,402774.2385,61347.6683,-341426.5702,70,1136035.6614,3,115798.25361742628,4500.918121481996,-0.000795,-100.3826,-0.3623,0.387976,-0.0749,0.3377,-0.105498,0.052905,0.0193,-0.737,-0.270227,-0.104074,-0.6899728801959948,0.95724,0.010646999999999962,0.09050000000000002,-0.018841327187916545,0.029747727410882604,0.0012019087896131767,0.020766248329246464,0.023565423181382182,60.999780171206126,-0.004586350098789385,0.0030021681797279213,0.0015515603505946364,0.006440895934813196,0.010916261172603043,76.6252108715821,0.03886861831571405,0.03937197399118658,0.7017860725828805,1,0.105498,0,0.387976,0,0,0,1,0.0020616187964107714,1,0.021170051015337876,1,0.004440862676383977,1
2025-09-17 00:00:00+00:00,14,1.5219,0.2459,1.0,82,891776.5853,-107919.2517,0.7541,62,672511.1772,7254.343138,132321.9485,86943.4596,-45378.4889,82,891776.5853,6,116362.27338312304,4510.206870522182,0.000862,-32.8775,-0.5303,0.265833,-0.232,-0.0177,-0.044034,0.001287,0.0558,-0.2193,-0.160188,-0.041961,-0.2695112762171324,0.941715,-0.015525000000000011,0.066187,-0.012034413435558099,-0.011289744926268637,0.004846886004034562,0.020817009999074265,0.022541640863827518,58.78656963896142,0.004646208178343247,-0.0007740549951163061,0.006665889148806447,0.006392433777007028,0.010478099061177774,75.07008837786421,0.03876004429435918,0.03940783041436475,0.6857757754584664,0,0.044034,1,0.265833,0,0,0,0,0.019108432218927104,1,0.0023792438799732293,1,-0.007049545501191046,0
2025-09-18 00:00:00+00:00,12,0.6379,0.349,1.0,86,1103561.9745,-83627.9363,0.651,60,718393.8493,9670.145096,150003.7082,235164.417,85160.7088,86,1103561.9745,14,117282.33990493814,4597.218533485809,-0.000996,199.1543,0.517,0.275358,0.5539,0.7332,0.018295,-0.06205,-0.1117,-1.2109,0.071984,0.019635,-0.1284496583740792,0.963524,0.02180900000000008,0.01693100000000003,0.0020616187964107714,-0.018841327187916545,0.017664346285982024,0.02096395408106005,0.022243922427297558,64.90740837839701,0.004858886931684406,-0.004586350098789385,0.013859668855185234,0.005245044054086096,0.010365865665670432,84.06176742312965,0.03919787529147211,0.03948526361071356,0.6546311105570825,1,-0.0,1,0.275358,0,0,1,0,-0.016729188338953874,0,-0.026157977720118124,0,-0.02630463206683033,0
2025-09-19 00:00:00+00:00,37,5.0263,0.5838,1.0,68,1005837.2389,-121331.9123,0.4162,25,418609.0398,19581.297896,489784.6972,97443.5019,-392341.1953,68,1005837.2389,6,116399.73967256484,4520.950528439316,-8e-05,-198.7593,-0.5337,0.413805,-0.6737,-0.0536,-0.146738,0.03225,0.0705,-0.5574,-0.353753,-0.145387,-0.7645929956797243,0.953802,-0.009722000000000008,-0.003437999999999941,0.019108432218927104,-0.012034413435558099,0.03139393365487701,0.01894010919067591,0.022512536103924362,61.03348980984942,0.00787581844687554,0.004646208178343247,0.01119894500184474,0.005582168445834234,0.010323428049862351,75.13263313393801,0.03883986803713526,0.039398897157315975,0.6463452160453739,0,0.146738,0,0.413805,0,0,0,0,-0.00942878938116425,0,-0.009575443727876427,0,-0.06879775235095167,0
2025-09-20 00:00:00+00:00,11,1.0446,0.5408,1.0,43,205712.4092,-117549.2264,0.4592,27,94460.4855,5225.624965,56838.0913,54413.8324,-2424.2589,43,205712.4092,5,115804.83618578814,4478.523768912279,0.001022,-44.9162,-0.7555,0.361092,-0.3523,-0.0283,-0.00516,0.020317,0.0376,-0.1886,-0.002857,-0.001011,-1.6138023322151573,0.877347,-0.07645500000000005,-0.06436799999999998,-0.016729188338953874,0.0020616187964107714,0.029747727410882604,0.013214868046156684,0.022524944795878615,61.63731636985831,-0.007553890574938759,0.004858886931684406,0.0030021681797279213,0.005945767839092488,0.010354773202284926,77.9371059689762,0.038673028833850154,0.039135953983840246,0.6583212334574274,0,0.00516,1,0.361092,0,0,0,0,-0.00014665434671217798,0,-0.0593689629697874,0,-0.06797135428792529,0
2025-09-21 00:00:00+00:00,7,1.7901,0.312,1.0,65,329401.478,-120717.2349,0.688,54,226626.3932,10216.217049,65939.4036,36835.6812,-29103.7224,65,329401.478,4,115623.20306772878,4477.867022093279,0.001243,-11.4796,-0.7991,0.311643,-0.0864,-0.0461,-0.015068,-0.028942,-0.0528,-0.6833,-0.037816,-0.011538,-0.823465645501537,0.906356,0.029009000000000063,-0.057168,-0.00942878938116425,0.019108432218927104,-0.011289744926268637,0.01324603998607997,0.02109933422378483,61.65501668218551,-0.005123971275590484,0.00787581844687554,-0.0007740549951163061,0.00596849763420541,0.010268431037860834,75.65838859014009,0.03872810044425315,0.03894142055754984,0.6720261291637007,0,0.015068,1,0.311643,0,0,0,1,-0.059222308623075225,0,-0.06782469994121308,0,-0.0708442488605796,0
2025-09-22 00:00:00+00:00,28,1.9013,0.3076,1.0,109,1228587.2613,-120415.533,0.6924,74,850698.4047,22635.191032,247642.0302,130246.8264,-117395.2038,109,1228587.2613,7,113208.6348297011,4220.37722256785,-0.001153,54.0475,-0.4922,0.308797,0.5523,-0.3131,-0.056198,0.036809,0.2413,1.6479,-0.182806,-0.055291,0.710348260107305,0.935965,0.029608999999999996,-0.017836999999999992,-0.00014665434671217798,-0.016729188338953874,-0.018841327187916545,0.02434686536904009,0.020658118760678468,45.36457586603782,-0.0015696728532862796,-0.007553890574938759,-0.004586350098789385,0.009935263042600511,0.010783153221817728,56.85960226945737,0.03727964062914929,0.0386210251208476,0.6731121830915273,1,0.056198,0,0.308797,0,0,0,1,-0.00860239131813786,0,-0.011621940237504354,0,-0.05445671826670389,0
2025-09-23 00:00:00+00:00,14,1.1857,0.4082,1.0,70,566723.414,-74448.09,0.5918,51,335389.0224,5929.20471,125494.4304,105839.9612,-19654.4693,70,566723.414,5,112560.8103360081,4184.227595733032,-0.00021,-23.3687,-0.6028,0.348903,-0.1931,-0.4313,-0.026969,-0.046492,-0.1193,0.4785,-0.072539,-0.02499,-0.6529208050228265,0.930561,-0.005404000000000075,0.053213999999999984,-0.059222308623075225,-0.00942878938116425,-0.012034413435558099,0.024355075032868965,0.020508738000871853,43.47375445256124,-0.021104212401690324,-0.005123971275590484,0.004646208178343247,0.009441701840439989,0.010714824783469778,52.86966464278556,0.037173040805610666,0.038378799762261405,0.7335600947964366,0,0.026969,1,0.348903,0,0,0,0,-0.003019548919366492,0,-0.045854326948566004,0,-0.055478921663184674,0
2025-09-24 00:00:00+00:00,23,4.4582,0.3706,1.0,76,940496.125,-99513.622,0.6294,46,591941.1441,15399.706313,284696.0972,63858.8837,-220837.2135,76,940496.125,7,112925.17109123088,4171.61217184801,0.000616,-4.4362,-0.6155,0.281645,-0.0195,-0.2189,-0.117985,0.022105,0.0801,1.2288,-0.418058,-0.116374,-0.4406770129878172,0.948821,0.018260000000000054,0.042464999999999975,-0.00860239131813786,-0.00014665434671217798,0.0020616187964107714,0.023994018812054173,0.01948636928673558,41.780216591297545,-0.005738830346863298,-0.0015696728532862796,0.004858886931684406,0.009202803786995855,0.009863869693307433,51.1682043964945,0.03694138456055838,0.03811899122886129,0.765466267759723,1,0.117985,0,0.281645,0,0,0,1,-0.04283477802919951,0,-0.05245937274381816,0,-0.03859451257490496,0
2025-09-25 00:00:00+00:00,25,1.9525,0.2826,1.0,114,1280018.4884,-128349.3566,0.7174,79,918307.7094,7047.487586,239200.1061,122510.6729,-116689.4332,114,1280018.4884,10,111264.83226221507,3996.695101648369,-0.000331,181.1825,0.3821,0.287726,0.859,0.0862,-0.048536,0.029384,0.2096,3.0445,-0.164275,-0.046155,0.8692953553644621,0.931167,-0.01765400000000006,-0.00479800000000008,-0.003019548919366492,-0.059222308623075225,0.019108432218927104,0.022340776554262327,0.020218748102894098,31.12434585121234,0.0032317846993848874,-0.021104212401690324,0.00787581844687554,0.008140723076049829,0.009864049270688102,36.23533970510322,0.035920560166122,0.03765080335381127,0.7348634099147088,0,0.048536,0,0.287726,0,0,0,0,-0.009624594714618644,0,0.004240265454294569,1,0.006061109014574222,1
2025-09-26 00:00:00+00:00,21,2.2165,0.2445,1.0,86,1281993.5453,-89233.1707,0.7555,59,968599.5387,20339.811113,215960.9501,97433.0564,-118527.8937,86,1281993.5453,6,109427.98645454604,3958.4130512212832,-0.001238,-150.3321,-0.4516,0.285528,-0.5686,0.1913,-0.048239,-0.023186,-0.1995,1.1952,-0.165368,-0.04665,-0.129646346573506,0.951875,0.02070800000000006,0.021314000000000055,-0.04283477802919951,-0.00860239131813786,-0.016729188338953874,0.02267292323344076,0.01937932070035974,20.980452314989805,-0.014812160761959904,-0.005738830346863298,-0.007553890574938759,0.008841472669641179,0.010098566443826161,23.26024720746112,0.03617368078746035,0.03726991946100057,0.7417626430770136,1,0.048239,0,0.285528,0,0,0,1,0.01386486016891322,1,0.01568570372919289,1,0.04641439327831396,1
2025-09-27 00:00:00+00:00,15,2.3951,0.6139,1.0,52,253640.5311,-98028.0938,0.3861,30,97918.661,6727.131769,109855.2954,45866.5747,-63988.7207,52,253640.5311,7,109484.16886859848,4013.678130648807,0.001037,-44.4527,-0.6963,0.372769,-0.4524,0.0912,-0.0663,-0.000596,0.0625,1.7193,-0.171978,-0.062713,-1.3437680192959063,0.880089,-0.07178600000000002,-0.06873200000000002,-0.009624594714618644,-0.003019548919366492,-0.00942878938116425,0.025802265226076242,0.019615838000624757,15.446902446357385,-0.016646560909485405,0.0032317846993848874,-0.005123971275590484,0.00946905217906389,0.00995609973537677,21.331688920415544,0.036659894961306894,0.0369823289077801,0.7065029270995118,0,0.0663,0,0.372769,0,0,0,0,0.0018208435602796742,1,0.03254953310940076,1,0.03733967106530357,1
2025-09-28 00:00:00+00:00,13,1.2156,0.3829,1.0,44,165405.2683,-94750.9009,0.6171,27,102075.8442,3472.329518,34746.3981,28583.0261,-6163.372,44,165405.2683,4,109875.40867908797,4020.993068283539,0.00147,17.9158,-0.5856,0.217726,-0.0737,0.1039,-0.051037,8.7e-05,-0.1006,0.8304,-0.225232,-0.047317,-1.5963731202428455,0.881394,0.0013050000000000006,-0.049772999999999956,0.01386486016891322,-0.04283477802919951,-0.00014665434671217798,0.026009244814398255,0.01884042320145006,16.95766865934418,0.0005132873065271433,-0.014812160761959904,-0.0015696728532862796,0.010221241333895854,0.009062264508311374,24.2496337555083,0.036595932762604,0.03667773352468736,0.7257802917379693,0,0.051037,0,0.217726,0,0,1,0,0.030728689549121092,1,0.03551882750502392,1,0.055034819492493864,1
2025-09-29 00:00:00+00:00,19,2.6864,0.3678,1.0,70,722086.5488,-95337.8735,0.6322,46,456480.416,7545.209194,193555.0723,72051.0605,-121504.0118,70,722086.5488,5,112828.4270800872,4146.470927642386,-0.001807,431.2324,1.7483,0.306732,1.1682,0.7199,-0.077826,0.008563,0.0431,1.2112,-0.249725,-0.075376,-0.6717068101250356,0.937319,0.055925,-0.014556000000000013,0.0018208435602796742,-0.009624594714618644,-0.059222308623075225,0.02275149608872481,0.019802554991634958,29.48361712887339,0.0035671132276741996,-0.016646560909485405,-0.021104212401690324,0.014460487182686738,0.009945386134428795,41.3807657672395,0.036750232498580906,0.03660210379174903,0.6983153751600619,1,0.077826,0,0.306732,0,0,1,0,0.004790137955902833,1,0.024306129943372796,1,0.06207176516686477,1
2025-09-30 00:00:00+00:00,39,9.1924,0.5937,1.0,80,980208.8903,-159352.0584,0.4063,37,398262.6176,16226.597843,524850.0181,57096.2546,-467753.7635,80,980208.8903,4,113780.83499883984,4166.380742726488,-0.000778,-380.9949,-0.3169,0.461781,-0.4557,0.4573,-0.149316,0.021262,-0.0727,0.5529,-0.32205,-0.14763,-0.31656108751642686,0.952481,0.015162000000000009,0.07239200000000001,0.030728689549121092,0.01386486016891322,-0.00860239131813786,0.02271822414805729,0.019318027092989704,32.60368374558962,0.026521244945772224,0.0005132873065271433,-0.005738830346863298,0.014590928245902565,0.010024995253264238,43.10894585849547,0.036617596827875014,0.036522754652072505,0.7466048276086956,1,0.149316,0,0.461781,0,0,1,0,0.019515991987469967,1,0.057281627210961965,1,0.075975401207514,1
2025-10-01 00:00:00+00:00,23,1.7545,0.3265,1.0,76,1128289.0339,-142220.145,0.6735,42,759868.3691,24484.678389,234667.2424,133753.4224,-100913.82,76,1128289.0339,11,116028.75300075112,4248.490415674933,0.001237,-12.8934,-0.384,0.321988,-0.0548,0.422,-0.046678,0.009355,-0.1275,-0.5822,-0.140365,-0.044657,-0.45643949499547865,0.949495,-0.002986000000000044,0.06810099999999997,0.004790137955902833,0.0018208435602796742,-0.003019548919366492,0.023886656179485183,0.01947049586658274,37.51670646704731,0.008405777573903263,0.0035671132276741996,0.0032317846993848874,0.01613104305816326,0.010523676485684415,48.990938492369175,0.03661584138241518,0.036476248483766335,0.7600682645065342,0,0.046678,1,0.321988,0,0,0,0,0.037765635223492,1,0.05645940922004406,1,0.05432455930348002,1
2025-10-02 00:00:00+00:00,27,2.8914,0.4467,1.0,95,804119.1646,-150491.4419,0.5533,62,444921.4932,4359.008705,266893.0913,92304.58,-174588.5114,95,804119.1646,6,119279.50075801018,4412.005547474172,-0.00055,9.7303,-0.3312,0.41064,-0.0432,-0.4802,-0.072688,-0.019812,0.2195,1.3429,-0.169846,-0.068679,0.19948583544190057,0.938168,-0.011326999999999976,0.0008489999999999887,0.019515991987469967,0.030728689549121092,-0.04283477802919951,0.01666467194470629,0.0206492608490461,42.033516714720534,0.019563933078399796,0.026521244945772224,-0.014812160761959904,0.015912368824971334,0.011232718529158766,55.21202869547307,0.036988799579443954,0.0366288541142409,0.7700064158604418,0,0.072688,0,0.41064,0,0,0,0,0.018693773996552067,1,0.016558924079988047,1,0.02720354114516041,1
2025-10-03 00:00:00+00:00,23,2.5333,0.3375,1.0,81,705242.7496,-148315.445,0.6625,53,467213.209,6092.934293,170662.7282,67366.8124,-103295.9158,81,705242.7496,5,121019.69034071195,4495.258311805073,-0.000214,-23.0256,-0.4588,0.318507,-0.1995,-0.1112,-0.06796,0.006115,-0.1601,-0.0788,-0.20668,-0.064684,-0.3128180865754193,0.935569,-0.002599000000000018,-0.016912000000000038,0.037765635223492,0.004790137955902833,-0.009624594714618644,0.012965630693802868,0.020833308618446716,48.904261281354465,0.027631453897403135,0.008405777573903263,-0.016646560909485405,0.010760965454185147,0.011352659815888583,61.52154719064745,0.03714485055406586,0.036767592652327395,0.8402904741500518,0,0.06796,0,0.318507,0,0,0,0,-0.0021348499165640216,0,0.008509767148608372,1,0.02353204602300117,1
2025-10-04 00:00:00+00:00,11,3.2641,0.5921,1.0,46,462157.0745,-159931.6596,0.4079,30,188498.9254,15727.9182,209480.186,64177.9631,-145302.2229,46,462157.0745,5,122144.45414614269,4485.671846446495,0.002826,-56.134,-0.7612,0.492529,-0.522,-0.1807,-0.08604,-0.022911,-0.0438,-0.4564,-0.169056,-0.082174,-1.5632964783426406,0.918659,-0.01690999999999998,-0.030835999999999975,0.018693773996552067,0.019515991987469967,0.01386486016891322,0.015087423301920392,0.020819098304186524,50.315471840904436,0.01448377746113243,0.019563933078399796,0.0005132873065271433,0.009290105120523178,0.01124208081443145,65.40042050004001,0.03672431857675261,0.0367767960259625,0.843533784669258,0,0.08604,0,0.492529,0,0,0,0,0.010644617065172394,1,0.02566689593956522,1,0.030218155108996305,1
2025-10-05 00:00:00+00:00,22,3.4058,0.4938,1.0,53,362056.9445,-172996.6246,0.5062,28,183287.1299,2851.195652,138193.9708,40575.8438,-97618.1269,53,362056.9445,3,123429.65544285056,4533.675140612335,-0.000956,0.3906,-0.7459,0.351781,0.0279,-0.0791,-0.139624,0.006223,0.0987,0.4185,-0.392832,-0.13574,-1.2825846834344758,0.928117,0.009457999999999966,-0.010051000000000032,-0.0021348499165640216,0.037765635223492,0.0018208435602796742,0.014049660213084868,0.020851997252345055,52.35241479637258,0.009251132230506623,0.027631453897403135,0.0035671132276741996,0.008084449067002073,0.011291178021905207,67.95519528608864,0.03673084174419884,0.03679606873761891,0.8417543061428583,1,0.139624,0,0.351781,0,0,0,1,0.015022278874392827,1,0.01957353804382394,1,-0.01129383397379801,0
2025-10-06 00:00:00+00:00,30,2.6891,0.3836,1.0,90,868506.3629,-177429.2795,0.6164,53,535365.4066,4526.776747,242836.7761,90304.1802,-152532.5959,90,868506.3629,7,124424.45249306165,4602.295398778034,-0.000118,105.0422,-0.1762,0.348126,0.8282,-0.4191,-0.084391,-0.008797,-0.2083,-1.3999,-0.236821,-0.081186,0.02483488451880945,0.942593,0.014476000000000044,0.00702400000000003,0.010644617065172394,0.018693773996552067,0.030728689549121092,0.01270863246499358,0.020854412513871014,69.77300296684069,0.010467007556599194,0.01448377746113243,0.026521244945772224,0.0072916139458667605,0.01110557500389105,77.97154580635491,0.0369886730989206,0.036830131680524576,0.8512251999695418,1,0.084391,0,0.348126,0,0,1,0,0.004551259169431113,1,-0.026316112848190812,0,-0.04772018088767414,0
2025-10-07 00:00:00+00:00,29,1.5155,0.5156,1.0,92,859655.9544,-123583.537,0.4844,45,416436.7093,5063.380171,267026.4056,176192.8395,-90833.5661,92,859655.9544,18,123418.04331671732,4623.289376189229,-0.001,-12.3809,-0.2317,0.322713,-0.0982,-0.0616,-0.037402,0.021551,0.1961,0.3249,-0.108437,-0.034441,0.09943133804333772,0.94181,-0.0007829999999999782,0.023151000000000033,0.015022278874392827,-0.0021348499165640216,0.004790137955902833,0.012740583740733759,0.020852865899423697,73.20437447608502,0.008027322204792974,0.009251132230506623,0.008405777573903263,0.011084862868530774,0.011320282803668645,76.88670131316339,0.03746040086152453,0.036950532256760225,0.8509642436621905,0,0.037402,1,0.322713,0,0,0,0,-0.030867372017621922,0,-0.052271440057105226,0,-0.0878801472189305,0
2025-10-08 00:00:00+00:00,12,4.1136,0.4286,1.0,68,1310809.7217,-158038.6254,0.5714,49,748965.9043,19230.680717,451971.628,109872.1894,-342099.4386,68,1310809.7217,7,122482.0415495328,4482.760617549001,-0.000125,-64.5696,-0.5654,0.36071,-0.3973,-0.4042,-0.102,-0.001805,-0.0578,-0.177,-0.281089,-0.100724,-0.7348814582579423,0.968276,0.02646599999999999,0.040159000000000056,0.004551259169431113,0.010644617065172394,0.019515991987469967,0.021139086394444766,0.021717111842810173,64.81029918137733,-0.008121405529856811,0.010467007556599194,0.019563933078399796,0.0125049750641539,0.01147658085447099,73.12853689274866,0.03659932967182077,0.03694817344096102,0.8307545652524038,1,0.102,0,0.36071,0,0,1,0,-0.021404068039483304,0,-0.057012775201308555,0,-0.16417154174128212,0
2025-10-09 00:00:00+00:00,23,1.8997,0.3529,1.0,86,775565.6423,-145227.7364,0.6471,57,501899.5264,4908.128382,179289.2023,94376.9137,-84912.2886,86,775565.6423,6,121866.44688051604,4387.83086986094,0.000105,23.2677,-0.4189,0.316983,0.2363,-0.1247,-0.063595,-0.010291,0.1192,0.8615,-0.195785,-0.061105,-0.07026627898928274,0.931172,-0.037104000000000026,-0.011421000000000014,-0.030867372017621922,0.015022278874392827,0.037765635223492,0.01879858894422545,0.02210886401754711,71.08287816359825,-0.0076128992658472715,0.008027322204792974,0.027631453897403135,0.009599425095537987,0.01156906928136444,77.43793737455835,0.036005241657393924,0.036807665166382446,0.8350675900711478,0,0.063595,1,0.316983,0,0,0,0,-0.03560870716182525,0,-0.14276747370179882,0,-0.11423806000637597,0
2025-10-10 00:00:00+00:00,34,1.72,0.4344,1.0,125,846525.7486,-144378.7527,0.5656,82,478759.1538,4554.019028,232559.8123,135206.7825,-97353.0298,125,846525.7486,9,119737.14393609244,4234.334998899046,0.003391,2477.365,7.695,0.354782,0.5428,0.6176,-0.045732,0.005389,0.0527,1.2925,-0.124911,-0.043095,1.3229839238657497,0.903196,-0.027976,-0.03861400000000004,-0.021404068039483304,0.004551259169431113,0.018693773996552067,0.020544050990302636,0.02305050672601266,63.617527286279056,-0.005038672228960753,-0.008121405529856811,0.01448377746113243,0.010827214211087939,0.01212842430499561,76.98290776308613,0.03536358776988239,0.036553199054356236,0.8377897808875627,0,0.045732,1,0.354782,0,0,0,0,-0.10715876653997355,0,-0.07862935284455069,0,-0.014181409512158322,0
2025-10-11 00:00:00+00:00,37,1.7481,0.3993,1.0,124,1188999.2337,-142081.6257,0.6007,74,714290.333,6843.40185,301965.6173,172743.2833,-129222.334,124,1188999.2337,13,111990.71281548154,3804.054700002993,-0.006622,-2211.888,0.5236,0.368295,0.3119,1.4515,-0.04599,0.021411,0.1037,2.1692,-0.125382,-0.04504,1.2576781176409013,0.927455,0.02425900000000003,-0.040820999999999996,-0.03560870716182525,-0.030867372017621922,-0.0021348499165640216,0.042112469247101096,0.029859957466882255,42.12805447478751,-0.01762687441301836,-0.0076128992658472715,0.009251132230506623,0.025920702303818398,0.017277691211319234,54.853309022786036,0.0339675907436239,0.03615938079248071,0.8516536481530151,0,0.04599,1,0.368295,0,0,0,1,0.028529413695422865,1,0.09297735702781526,1,0.0695736135473326,1
2025-10-12 00:00:00+00:00,27,2.1359,0.577,1.0,83,433415.6451,-141075.9466,0.423,48,183356.3959,4829.614456,170318.8111,79740.4381,-90578.373,83,433415.6451,8,112380.54889336725,3914.145090373555,0.003812,-257.3589,-0.296,0.424046,-0.94,0.4835,-0.043421,-0.045114,-0.1661,0.7541,-0.097074,-0.040346,-0.2198640208337108,0.906602,-0.02085300000000001,-0.02456999999999998,-0.10715876653997355,-0.021404068039483304,0.010644617065172394,0.044977604304377715,0.029744005465106742,46.334944637553825,-0.06688292643379012,-0.005038672228960753,0.010467007556599194,0.02501149370854484,0.017151896069816666,54.83545445325807,0.03482938220997219,0.035887743716162615,0.9142368207610579,0,0.043421,1,0.424046,0,0,0,0,0.0644479433323924,1,0.041044199851909775,1,0.0380216369102647,1
2025-10-13 00:00:00+00:00,34,5.7458,0.6482,1.0,91,1102177.1266,-191085.8305,0.3518,48,387764.2665,20191.432767,608507.3217,105905.5384,-502601.7832,91,1102177.1266,9,115107.76605224126,4174.709943208661,-0.000454,-9.9542,-0.3196,0.532307,0.0971,-0.2476,-0.180415,0.020829,-0.0019,0.7449,-0.337981,-0.17798,0.07400393586918574,0.933698,0.02709600000000001,0.03050200000000003,0.028529413695422865,-0.03560870716182525,0.015022278874392827,0.05445451660414256,0.031751626939312466,50.8460106113556,0.00347492336756595,-0.01762687441301836,0.008027322204792974,0.027853763101519463,0.017735017133605216,54.33725308433167,0.036267839142269366,0.03578476743664101,0.904693612141962,1,0.180415,0,0.532307,0,0,1,0,-0.023403743480482624,0,-0.02642630642212767,0,-0.048235703932413415,0
2025-10-14 00:00:00+00:00,33,4.5068,0.3436,1.0,102,1297602.8351,-218665.8432,0.6564,65,851798.7539,8921.5635,364848.8682,80955.213,-283893.6552,102,1297602.8351,4,112669.95347677992,4078.1405530411776,0.000329,16.8776,-0.2477,0.276951,0.1212,-0.0282,-0.080957,0.001531,0.0138,0.8573,-0.289978,-0.07891,0.5074718380118496,0.947562,0.013863999999999987,0.020106999999999986,0.0644479433323924,-0.10715876653997355,0.004551259169431113,0.053895451971807846,0.03192522512117365,47.45006841065494,0.02397791573509319,-0.06688292643379012,-0.008121405529856811,0.028067269620616578,0.01815224339467631,47.98590319878234,0.036195457858972484,0.03560406129341929,0.9157724545498439,1,0.080957,0,0.276951,0,0,1,0,-0.0030225629416450453,0,-0.02483196045193076,0,-0.06256706532919037,0
2025-10-15 00:00:00+00:00,29,3.707,0.5661,1.0,88,949671.5172,-213963.8244,0.4339,51,412052.7021,13675.983889,423402.0611,114216.7539,-309185.3072,88,949671.5172,8,111939.73012025324,4065.8327264951818,0.000218,-12.3849,-0.2674,0.435225,-0.0641,0.3051,-0.080821,-0.009877,-0.2342,-1.1652,-0.18416,-0.079349,-0.002096965024479682,0.941227,-0.0063349999999999795,0.03462500000000002,-0.023403743480482624,0.028529413695422865,-0.030867372017621922,0.053808390013208064,0.03180748376628578,44.55119577941576,-0.021406006409033312,0.00347492336756595,-0.0076128992658472715,0.02810602160335468,0.01816898207801771,42.217628992355074,0.0363216234497563,0.035564388975981506,0.9136872598245944,0,0.080821,0,0.435225,0,0,0,0,-0.021809397510285714,0,-0.0595445023875453,0,-0.048303862717438945,0
2025-10-16 00:00:00+00:00,21,1.8447,0.3707,1.0,86,689191.3375,-212671.0111,0.6293,57,433716.4572,5007.074108,165668.7376,89806.1426,-75862.595,86,689191.3375,8,110224.35534894034,3978.1193292375096,-0.000976,17.1795,-0.1934,0.328343,-0.1294,-0.0606,-0.042991,-0.006756,0.1079,-0.2435,-0.126472,-0.040824,-0.050515761143673926,0.931829,-0.009398000000000017,-0.0018690000000000095,-0.0030225629416450453,0.0644479433323924,-0.021404068039483304,0.0538179709156409,0.03194462331509874,36.63561636845893,-0.006502176732076499,0.02397791573509319,-0.005038672228960753,0.027897946826191875,0.01832420667943262,31.91802474986241,0.03609110996062409,0.035576655876442966,0.9126676787035352,0,0.042991,1,0.328343,0,0,0,0,-0.03773510487725959,0,-0.0264944652071532,0,-0.010543019820099867,0
2025-10-17 00:00:00+00:00,24,1.8838,0.3668,1.0,101,793905.1947,-211512.9045,0.6332,70,502709.5051,4552.161319,190220.9867,100974.7029,-89246.2838,101,793905.1947,7,106865.05911051316,3830.801584931696,0.00028,116.4472,0.2045,0.322342,0.9791,0.3757,-0.055977,0.002573,0.0517,0.1963,-0.169405,-0.053551,0.5234023342226333,0.927736,-0.004093000000000013,-0.01982600000000001,-0.021809397510285714,-0.023403743480482624,-0.03560870716182525,0.053966040732272465,0.032500726266666356,30.318326046265568,-0.015442719802576596,-0.021406006409033312,-0.01762687441301836,0.028604853307396417,0.019038399110285563,23.51035259764855,0.03584709180734295,0.035645727881794466,0.9187536822224307,0,0.055977,1,0.322342,0,0,0,0,0.01124063967010639,1,0.027192085057159754,1,0.04542094259041598,1
2025-10-18 00:00:00+00:00,11,2.6773,0.4705,1.0,38,218309.2875,-199744.93,0.5295,23,115602.9528,4498.382238,74776.4235,27929.9112,-46846.5123,38,218309.2875,4,106923.13628488447,3874.105169232519,0.001682,-185.819,-0.4281,0.359292,-1.485,-1.4211,-0.043971,-0.015673,-0.1647,-1.2168,-0.114348,-0.04012,-1.8878134664720123,0.8791,-0.04863600000000001,-0.06212700000000004,-0.03773510487725959,-0.0030225629416450453,-0.10715876653997355,0.03536172645236291,0.032327066524741065,32.359486432732496,-0.03095097396536278,-0.006502176732076499,-0.06688292643379012,0.01815640101525259,0.018942938875671476,20.564173452498608,0.03623261815768674,0.03596930322666059,0.9191792264258957,0,0.043971,1,0.359292,0,0,0,0,0.015951445387053363,1,0.034180302920309616,1,0.016428662187541444,1
2025-10-19 00:00:00+00:00,10,1.4929,0.3857,1.0,49,304489.3456,-190123.0058,0.6143,33,187033.3964,4492.351952,70340.4264,47115.5229,-23224.9035,49,304489.3456,6,107821.60678846342,3936.398257803181,0.000438,-2.3079,-0.4269,0.332837,-0.0262,-0.5072,-0.032022,-0.011939,0.2176,0.664,-0.089538,-0.029229,-1.437647734709487,0.904519,0.02541899999999997,-0.027310000000000056,0.01124063967010639,-0.021809397510285714,0.028529413695422865,0.034122831090034236,0.03249295780015524,33.212616049273876,0.000543315085218455,-0.015442719802576596,0.00347492336756595,0.018695763748067043,0.019036153494136652,19.819680994600546,0.03650843624994432,0.03620916808951375,0.9170307204725113,0,0.032022,1,0.332837,0,0,1,0,0.018228857533256256,1,0.00047721680048811235,1,-0.026068636630663812,0
2025-10-20 00:00:00+00:00,18,3.4826,0.347,1.0,71,806305.9306,-140461.2777,0.653,48,526491.9066,6278.238226,217391.8552,62422.1687,-154969.6865,71,806305.9306,5,110456.66494256856,4008.812308342351,-0.000638,6.0789,-0.4001,0.31675,0.0579,-0.5465,-0.09306,0.010603,0.0286,0.9062,-0.291615,-0.0913,-0.5666568782979301,0.948507,0.04398800000000003,0.020770999999999984,0.015951445387053363,-0.03773510487725959,0.0644479433323924,0.022115801611038956,0.03274307467273516,33.71775653980738,0.008367848575533738,-0.03095097396536278,0.02397791573509319,0.018740397672947433,0.019640241192554638,25.202311460626234,0.036293077565095005,0.03621277357848884,0.9179901130616432,1,0.09306,0,0.31675,0,0,1,0,-0.017751640732768144,0,-0.04429749416392004,0,-0.03811588295854266,0
2025-10-21 00:00:00+00:00,18,1.8079,0.3523,1.0,81,699811.8288,-110038.8647,0.6477,57,453262.7519,5026.384682,158742.9206,87806.1564,-70936.7642,81,699811.8288,6,109849.4155840492,3938.277221486076,-0.000255,27.2931,-0.3024,0.343769,0.229,-0.4387,-0.059066,-0.000225,-0.1352,-0.2482,-0.167351,-0.05676,-0.16304350145893182,0.935794,-0.012712999999999974,0.05669400000000002,0.018228857533256256,0.01124063967010639,-0.023403743480482624,0.02145909793263975,0.03283495137801972,31.6585245424331,0.024145199151678995,0.000543315085218455,-0.021406006409033312,0.01746709486112544,0.019653386450846133,25.479141578126047,0.03585159921467928,0.036163650915018386,0.913549150046059,0,0.059066,1,0.343769,0,0,0,0,-0.026545853431151893,0,-0.020364242225774487,0,-0.003440709606867636,0
2025-10-22 00:00:00+00:00,20,1.7527,0.4555,1.0,84,531985.754,-75336.2792,0.5445,57,289650.4967,4141.457927,154301.2331,88034.0242,-66267.2089,84,531985.754,7,108078.0906660346,3835.107711347069,-0.000397,-21.6779,-0.3734,0.298921,-0.1219,-0.4964,-0.056799,0.00634,0.0841,0.4873,-0.187515,-0.054935,-0.03690892380996334,0.922499,-0.013295000000000057,0.017979999999999996,-0.017751640732768144,0.015951445387053363,-0.0030225629416450453,0.022894353959016074,0.0314628482059948,31.97460782570893,-0.0055127928831633895,0.008367848575533738,-0.006502176732076499,0.018112347647285802,0.01950779589335431,24.584365005909262,0.03548459903124767,0.03604407599808858,0.9132160188619627,0,0.056799,1,0.298921,0,0,0,0,0.006181611205377406,1,0.023105143824284288,1,0.026735830506119503,1
2025-10-23 00:00:00+00:00,20,3.0889,0.4407,1.0,68,781248.6744,-89628.2908,0.5593,42,436923.2115,15637.307946,260116.0696,84209.3932,-175906.6764,68,781248.6744,6,109388.9227906197,3858.888281543116,0.000457,-5.8841,-0.3919,0.319639,-0.1241,-0.4911,-0.098108,0.038497,-0.0571,-0.0025,-0.305208,-0.096444,-0.65848915726213,0.94406,0.021561000000000052,-0.004446999999999979,-0.026545853431151893,0.018228857533256256,-0.021809397510285714,0.022593367119810873,0.03149093348594058,34.62032549705647,-0.016256451125892135,0.024145199151678995,-0.015442719802576596,0.0184526457458535,0.019645949033236368,28.665229919478733,0.035276773763732706,0.03592774225567552,0.9181846385521052,1,0.098108,0,0.319639,0,0,0,1,0.016923532618906882,1,0.020554219300742128,1,0.039431111412686064,1
2025-10-24 00:00:00+00:00,20,3.0288,0.2643,1.0,70,915457.3841,-94283.0371,0.7357,46,673526.8604,19438.447035,181880.0157,60050.5081,-121829.5076,70,915457.3841,4,110800.13637317244,3924.750038115597,-0.000137,7.8926,-0.3645,0.260363,0.0666,-1.4036,-0.060011,-0.021764,0.196,1.6736,-0.226998,-0.05825,-0.5888607568199878,0.944384,0.00032399999999999096,0.008589999999999987,0.006181611205377406,-0.017751640732768144,-0.03773510487725959,0.018136760665685373,0.0316937584611764,40.48410378012821,0.012055603098663105,-0.0055127928831633895,-0.03095097396536278,0.013359232424205742,0.01979377048505063,34.381949126405175,0.03542188815451566,0.035866998876700196,0.916266671971409,1,0.060011,1,0.260363,0,0,1,0,0.0036306866818352447,1,0.022507578793779213,1,0.06329029706660627,1
2025-10-25 00:00:00+00:00,7,2.88,0.3502,1.0,34,199957.8387,-92438.0332,0.6498,26,129928.1775,3941.951673,51980.5731,18049.0881,-33931.4849,34,199957.8387,1,111419.8836323262,3939.025474946277,0.001688,-20.0998,-0.4322,0.258646,-0.1925,-0.1111,-0.066638,-0.001297,0.0057,1.6834,-0.25107,-0.06303,-1.9573638547075778,0.881106,-0.06327800000000006,-0.04139300000000001,0.016923532618906882,-0.026545853431151893,0.01124063967010639,0.017818010232626556,0.030752454573083902,55.90141137631696,0.012818374454991696,-0.016256451125892135,0.000543315085218455,0.013203505528407643,0.019639583735774343,48.63388480747915,0.03535298500171337,0.03574133699727543,0.9181803949759851,0,0.066638,1,0.258646,0,0,0,0,0.018876892111943967,1,0.05965961038477106,1,0.03926634136371322,1
2025-10-26 00:00:00+00:00,19,3.8473,0.6812,1.0,63,584499.6645,-122533.6029,0.3188,32,186316.8392,15090.093681,316038.3585,82144.4669,-233893.8916,63,584499.6645,12,112700.84747212572,4014.088281151842,-0.000607,4.0848,-0.4153,0.434034,0.041,-0.0439,-0.215772,-0.013537,-0.0483,1.2596,-0.49626,-0.212801,-0.8137630467686134,0.932755,0.051649000000000056,-0.01130500000000001,0.0036306866818352447,0.006181611205377406,0.015951445387053363,0.01821933138588338,0.03090024757006469,54.41177810171829,0.0055777950692758775,0.012055603098663105,0.008367848575533738,0.01334946594511181,0.019485062333361367,50.72980512051123,0.035617196952708326,0.035614017097670286,0.9208896058007684,1,0.215772,0,0.434034,0,0,1,0,0.04078271827282709,1,0.020389449251769286,1,-0.006845341700439694,0
2025-10-27 00:00:00+00:00,20,1.9136,0.3839,1.0,96,719729.923,-112772.0274,0.6161,67,443423.8372,5834.958254,181472.372,94833.7138,-86638.6582,96,719729.923,9,115099.14330297634,4181.177735336861,-0.002304,83.6858,-0.1229,0.288154,0.4462,0.3444,-0.063241,0.024643,-0.0498,0.8213,-0.211679,-0.059507,0.46267891416435664,0.918559,-0.014195999999999986,-0.025824999999999987,0.018876892111943967,0.016923532618906882,0.018228857533256256,0.02281809835988066,0.03168362619507786,50.29533947984224,0.011431140548126145,0.012818374454991696,0.024145199151678995,0.012697395053296078,0.019826021793771024,49.98049787120515,0.03632674940360516,0.035618827360314596,0.9261110650496053,0,0.063241,1,0.288154,0,0,0,0,-0.020393269021057803,0,-0.04762805997326675,0,-0.08338948707253016,0
2025-10-28 00:00:00+00:00,20,3.5904,0.5544,1.0,74,909250.1231,-143275.2531,0.4456,42,405164.0494,15482.783207,394272.7089,109813.3649,-284459.3439,74,909250.1231,12,114269.49604361718,4096.773418119202,0.000309,-67.8456,-0.344,0.423878,-0.2629,-0.1475,-0.114835,-0.008247,-0.1028,-0.1012,-0.269176,-0.113166,-0.386654135386105,0.948505,0.029946000000000028,0.0673990000000001,0.04078271827282709,0.0036306866818352447,-0.017751640732768144,0.023293543198186058,0.03193116630913413,50.87977755628265,0.021056931898399817,0.0055777950692758775,-0.0055127928831633895,0.012968627563174143,0.01988830716987777,53.96212250797373,0.03585185513162187,0.03561886391987783,0.9314421602753666,1,0.114835,0,0.423878,0,0,1,0,-0.02723479095220895,0,-0.06299621805147233,0,-0.06325512014960148,0
2025-10-29 00:00:00+00:00,25,2.0098,0.3993,1.0,78,781525.7687,-148764.3386,0.6007,47,469493.3806,9009.492133,208361.5978,103670.7903,-104690.8075,78,781525.7687,6,112395.125269261,3986.704308507928,0.000262,21.1719,-0.2596,0.287203,0.177,0.1514,-0.044816,0.008877,0.1233,1.1035,-0.153512,-0.043508,-0.22960309205233553,0.946915,-0.0015900000000000913,0.01415999999999995,-0.020393269021057803,0.018876892111943967,-0.026545853431151893,0.023453092123661805,0.031800032336440145,46.53113040887552,-0.00723421370889159,0.011431140548126145,-0.016256451125892135,0.01304834248442985,0.019556923056872694,51.08016551768167,0.03547043787670615,0.03561684089780046,0.931360768456734,0,0.044816,1,0.287203,0,0,0,0,-0.03576142709926338,0,-0.03602032919739249,0,-0.030380448024393762,0
2025-10-30 00:00:00+00:00,28,2.4403,0.2677,1.0,130,942579.8188,-138727.4467,0.7323,96,690225.0311,5336.342008,179001.6104,73353.1773,-105648.4331,130,942579.8188,6,109137.7463197962,3846.653211943089,-0.001266,28.4813,-0.1603,0.237135,0.2986,0.574,-0.069015,0.007128,0.0395,1.4748,-0.291141,-0.06658,1.74552067731015,0.916395,-0.03051999999999999,-0.0021640000000000548,-0.02723479095220895,0.04078271827282709,0.006181611205377406,0.02814904749623546,0.03238822382325226,44.347013036383395,-0.016539091895595066,0.021056931898399817,0.012055603098663105,0.018071810609150706,0.020196135734398546,47.54653364102034,0.035245855276061853,0.03561242397099034,0.9319101476815357,0,0.069015,1,0.237135,1,0,0,0,-0.00025890209812910975,0,0.005380979074869661,1,0.006761680731465493,1
2025-10-31 00:00:00+00:00,44,4.1218,0.3329,1.0,139,958334.83,-149100.6107,0.6671,88,639323.7717,5516.361887,256726.357,62284.7014,-194441.6556,139,958334.83,7,109622.15666626747,3845.657434265769,0.000934,-48.1795,-0.3261,0.263623,-0.4826,0.0249,-0.099512,-0.045048,-0.2052,-0.6225,-0.375212,-0.096345,2.014926443838516,0.916837,0.00044200000000005346,-0.03166800000000003,-0.03576142709926338,-0.020393269021057803,0.016923532618906882,0.027111214140566983,0.03212143534743374,50.74500788226692,-0.029409754926615524,-0.00723421370889159,0.012818374454991696,0.017317039256162597,0.01984059252201147,57.26223279969946,0.03508102331879355,0.03556372899445861,0.9337678300565672,0,0.099512,0,0.263623,0,1,0,1,0.005639881172998764,1,0.007020582829594645,1,-0.036844334555068255,0
2025-11-01 00:00:00+00:00,16,7.6764,0.5962,1.0,51,623744.26,-185135.3511,0.4038,30,251842.1393,16685.823874,329038.3942,42863.7266,-286174.6675,51,623744.26,5,110032.04089972966,3867.407762206307,0.002431,-22.3544,-0.4021,0.452119,-0.2304,-0.013,-0.199972,0.003864,0.0136,-0.4763,-0.441529,-0.197944,-1.2682536271721632,0.946554,0.029716999999999993,-0.0003609999999999447,-0.00025890209812910975,-0.02723479095220895,0.0036306866818352447,0.027202462965753738,0.031227540095330842,49.659614126408286,0.004428701344287786,-0.016539091895595066,0.0055777950692758775,0.01720451792673786,0.019079434330286634,58.025430512252456,0.03514801443818179,0.03553444748538267,0.9334696120193872,1,0.199972,0,0.452119,0,0,0,1,0.0013807016565958736,1,-0.04248421572806698,0,-0.10877628106529608,0
2025-11-02 00:00:00+00:00,5,1.1363,0.1626,1.0,70,235010.4779,-152070.1509,0.8374,64,196794.21,2713.830632,20326.879,17889.3889,-2437.49,70,235010.4779,1,110307.0601195314,3872.751186498839,-0.000263,5.4287,-0.3814,0.120107,0.0867,0.0326,-0.044,-0.045925,0.2457,1.9815,-0.355813,-0.040536,-0.5549780837110818,0.873983,-0.07257100000000005,-0.042412000000000005,0.005639881172998764,-0.03576142709926338,0.018876892111943967,0.02565787000435364,0.030944898572409927,46.59815698372273,0.0037320908387834767,-0.029409754926615524,0.011431140548126145,0.016371375190333787,0.018831275081051316,56.59831743500306,0.0351088242430016,0.03546182281256743,0.929725307206978,0,0.044,1,0.120107,0,0,0,0,-0.04386491738466286,0,-0.11015698272189192,0,-0.14328519828370978,0
2025-11-03 00:00:00+00:00,28,1.4155,0.461,1.0,102,854374.5761,-149371.7664,0.539,64,460532.9884,6282.118608,230795.7774,163045.8103,-67749.9671,102,854374.5761,10,107700.37532576102,3706.545230236344,-0.002058,157.4696,0.1611,0.332288,0.8928,0.4792,-0.056691,0.068288,-0.0553,1.4182,-0.165763,-0.054073,0.6242315561110005,0.930693,0.05671000000000004,0.01385599999999998,0.0013807016565958736,-0.00025890209812910975,0.04078271827282709,0.019665285011559168,0.03174079420917854,35.221182255876016,0.0024963282626483114,0.004428701344287786,0.021056931898399817,0.013975440199910653,0.019054032459101738,42.673779998353204,0.03441534181311037,0.03518876458535388,0.9284828565111714,1,0.056691,1,0.332288,0,0,1,0,-0.06629206533722906,0,-0.0994202808990469,0,-0.09596663473855627,0
2025-11-04 00:00:00+00:00,37,0.9381,0.4948,1.0,150,1630149.3828,-105056.1817,0.5052,92,823556.2428,9070.413464,390421.6954,416171.4446,25749.7492,150,1630149.3828,21,103867.9117696047,3468.7981262602075,7.2e-05,258.78,1.0337,0.37546,1.049,1.7911,-0.013533,0.019239,-0.0236,1.173,-0.024994,-0.009093,2.3079353932752853,0.910813,-0.01988000000000001,-0.03574100000000002,-0.04386491738466286,0.005639881172998764,-0.020393269021057803,0.027135467178920864,0.03338506316356715,29.77239453392275,-0.02391486347252191,0.0037320908387834767,-0.00723421370889159,0.01713552490416658,0.0197111821604498,36.22176019049312,0.03339624400993586,0.03483796299654159,0.9361791953414088,0,0.013533,1,0.37546,0,1,0,0,-0.033128215561817845,0,-0.02967456940132718,0,-0.0379857305773339,0
2025-11-05 00:00:00+00:00,23,2.7348,0.3431,1.0,116,1390722.4309,-121764.9748,0.6569,85,913529.8118,11799.982636,349422.4891,127770.13,-221652.3591,116,1390722.4309,8,102548.85364062486,3355.7656536240447,-0.002194,-327.0764,-0.0886,0.351852,-1.1567,0.4573,-0.060731,-0.005027,-0.1147,0.0294,-0.169379,-0.058357,1.0760466216366469,0.930055,0.01924199999999998,0.05607200000000001,-0.06629206533722906,0.0013807016565958736,-0.02723479095220895,0.02735144285553672,0.033351540882515913,29.160648258520126,-0.036233056306254424,0.0024963282626483114,-0.016539091895595066,0.01708815222023684,0.01957523315382076,36.85216639939478,0.03272358036672049,0.034445554780829356,0.9416721754848474,1,0.060731,1,0.351852,0,0,0,1,0.003453646160490663,1,-0.004857515015516022,0,0.018935592069730903,1
2025-11-06 00:00:00+00:00,13,1.6726,0.2602,1.0,86,1026470.0054,-116273.0408,0.7398,67,759431.8754,8117.753015,167121.5128,99916.6172,-67204.8956,86,1026470.0054,6,102628.08295183675,3367.375317084321,-3.6e-05,242.2897,0.7316,0.285742,0.325,0.4837,-0.058824,0.015218,0.104,1.0414,-0.202163,-0.056832,0.018839160010335327,0.944276,0.01422100000000004,0.013583000000000012,-0.033128215561817845,-0.04386491738466286,-0.03576142709926338,0.028671417412470052,0.03333502493462428,28.552228533806755,-0.012780706853922005,-0.02391486347252191,-0.029409754926615524,0.016063229730702906,0.01961627661471231,33.070743222801866,0.032811441276406055,0.0340977813523071,0.9389593706270905,1,0.058824,1,0.285742,0,0,0,1,-0.008311161176006686,0,0.015481945909240267,1,0.026849551320533637,1
2025-11-07 00:00:00+00:00,26,2.7076,0.3841,1.0,85,669298.5056,-105408.1788,0.6159,53,412253.4809,5883.56376,187716.323,69328.7017,-118387.6213,85,669298.5056,6,101663.7446094232,3339.504497951036,0.00058,-166.4863,0.1591,0.286662,0.2369,1.2032,-0.062977,-0.003957,-0.0426,0.6116,-0.214261,-0.060234,0.0,0.938847,-0.005429000000000017,0.028034000000000003,0.003453646160490663,-0.06629206533722906,-0.00025890209812910975,0.02794607944348838,0.033114983133635964,23.87129829588271,0.0007723023500179874,-0.036233056306254424,0.004428701344287786,0.014980515148510783,0.019623818599063893,26.747294105719092,0.03284852934328663,0.0337788536415204,0.9441310420537581,0,0.062977,1,0.286662,0,0,0,0,0.023793107085246953,1,0.03516071249654035,1,0.07112863465651531,1
2025-11-08 00:00:00+00:00,15,1.2185,0.5878,1.0,48,179602.6119,-66011.2914,0.4122,28,74029.4783,3844.518512,57984.7947,47588.3389,-10396.4559,48,179602.6119,5,102269.21586450643,3419.91449452623,0.001475,-161.1172,-0.3897,0.377547,-1.3536,0.0799,-0.050323,-0.049475,-0.2041,-1.3799,-0.124718,-0.046045,-1.3521436634710589,0.88246,-0.056386999999999965,-0.04759499999999994,-0.008311161176006686,-0.033128215561817845,0.005639881172998764,0.03137163223401734,0.033594163135066454,28.534332526618087,-0.009440862285371521,-0.012780706853922005,0.0037320908387834767,0.015354868056179579,0.019748342182744107,26.88959198217978,0.03344031207843793,0.03353489616155699,0.9481412365333146,0,0.050323,1,0.377547,0,0,0,0,0.011367605411293398,1,0.04733552757126838,1,0.031510870192971586,1
2025-11-09 00:00:00+00:00,21,1.6935,0.7369,1.0,51,243625.0896,-72266.4135,0.2631,22,64094.0047,4451.00479,112877.2147,66653.8702,-46223.3445,51,243625.0896,8,102767.18911539076,3459.0125375753905,0.000956,-7.3796,-0.4104,0.417253,-0.0847,-0.0914,-0.013971,-0.01088,0.0607,-0.7851,-0.025238,-0.010359,-1.212898827179527,0.896353,0.013892999999999933,-0.04792300000000005,0.023793107085246953,0.003453646160490663,0.0013807016565958736,0.03258072859099065,0.033371804870640204,26.865949246577287,0.005937961501863488,0.0007723023500179874,0.0024963282626483114,0.015708564082396737,0.019712364380667185,24.20214761646821,0.033658724806528324,0.03332773909920367,0.9497892626157013,0,0.013971,1,0.417253,0,0,1,0,0.03596792215997499,1,0.02014326478167821,1,-0.001218397393903465,0
2025-11-10 00:00:00+00:00,15,1.5338,0.4004,1.0,67,698599.0398,-71005.3278,0.5996,45,418904.8519,6577.033111,169308.2776,110385.9104,-58922.3671,67,698599.0398,7,105832.86236966756,3585.690547110349,-0.001937,44.4449,-0.2527,0.353662,0.3758,-0.6084,-0.036519,0.020925,0.0482,-0.3268,-0.09832,-0.034346,-0.6055128976709186,0.94043,0.04407700000000003,0.001583000000000001,0.011367605411293398,-0.008311161176006686,-0.04386491738466286,0.0351310985271754,0.028378143212128677,25.7546088795209,0.004857422564096897,-0.009440862285371521,-0.02391486347252191,0.020187100718016777,0.016949681105152985,27.578735964460606,0.03388069137340117,0.033251360464959495,0.9501913015993287,1,0.036519,1,0.353662,0,0,1,0,-0.015824657378296775,0,-0.03718631955387844,0,-0.05383420301488831,0
2025-11-11 00:00:00+00:00,13,0.6836,0.4782,1.0,70,726000.5526,-65364.4993,0.5218,47,378827.913,11184.840888,140968.5457,206204.0939,65235.5483,70,726000.5526,10,104635.59282512116,3529.39482776489,0.000142,-15.5687,-0.2973,0.392676,-0.1046,-1.7621,0.049318,0.015927,0.0928,0.572,0.132489,0.05146,-0.4759267879008424,0.939283,-0.0011470000000000091,0.05682299999999996,0.03596792215997499,0.023793107085246953,-0.06629206533722906,0.023717368420366647,0.02788545776824968,26.131396320287863,0.02939494955879069,0.005937961501863488,-0.036233056306254424,0.014706498410651773,0.017004539346146152,26.98149515635683,0.03373034674409132,0.0332990894269817,0.9273856630405691,0,-0.0,1,0.392676,0,0,0,0,-0.021361662175581653,0,-0.03800954563659152,0,-0.10296995617306856,0
2025-11-12 00:00:00+00:00,19,1.4387,0.3992,1.0,74,832818.3537,-42244.093,0.6008,48,500355.0625,8862.387315,196136.4029,136326.8883,-59809.5146,74,832818.3537,7,103119.53770304784,3454.8006521103084,0.000331,-2.2528,-0.2961,0.359762,-0.0667,-0.672,-0.052826,-0.00528,0.0191,0.7432,-0.143352,-0.051021,-0.297929146182012,0.943068,0.0037850000000000383,0.04671500000000006,-0.015824657378296775,0.011367605411293398,-0.033128215561817845,0.021039339233417102,0.024924566563433538,26.632277893054308,-0.011377310279358836,0.004857422564096897,-0.012780706853922005,0.01500387600756392,0.01638999553378016,27.258503328035403,0.03350287180358642,0.03341041677510541,0.9368039365310389,1,0.052826,1,0.359762,0,0,0,1,-0.016647883461009857,0,-0.0816082939974869,0,-0.08642045707801033,0
2025-11-13 00:00:00+00:00,22,4.7875,0.4107,1.0,92,1043562.9972,-72711.7157,0.5893,65,614975.6152,15243.369017,354532.8182,74054.5638,-280478.2544,92,1043562.9972,5,101555.63542732276,3397.7616402510826,0.000592,52.6753,-0.1151,0.290043,0.501,-0.496,-0.128126,-0.000224,0.022,0.944,-0.443811,-0.126688,0.4565335930305585,0.946903,0.003835000000000033,0.006473000000000062,-0.021361662175581653,0.03596792215997499,0.003453646160490663,0.022473930038234637,0.02479497443591166,28.404121946007166,-0.014594893801006597,0.02939494955879069,0.0007723023500179874,0.01618785004350118,0.01619844860079673,29.45601003562396,0.03345714519882705,0.03350266019259412,0.9454806424919998,1,0.128126,0,0.290043,0,0,0,1,-0.06496041053647703,0,-0.06977257361700046,0,-0.07474486924631622,0
2025-11-14 00:00:00+00:00,33,3.1389,0.4462,1.0,109,1360367.5375,-100615.1273,0.5538,66,753318.8747,10552.658319,460380.083,146668.5798,-313711.5031,109,1360367.5375,10,96820.76966753392,3184.0579340413674,-0.000984,6.2696,-0.0961,0.374185,-0.0065,-0.7394,-0.079439,-0.006213,-0.029,0.635,-0.208393,-0.076859,1.1346368557802289,0.94126,-0.005643000000000065,0.0019770000000000065,-0.016647883461009857,-0.015824657378296775,-0.008311161176006686,0.03383340371104747,0.02701091548796863,23.183037548864178,-0.015282094922878652,-0.011377310279358836,-0.009440862285371521,0.023938072706116812,0.018103511702206983,21.591798781486816,0.03288610434491361,0.033508028049969406,0.9458173074178108,0,0.079439,0,0.374185,0,0,0,0,-0.004812163080523416,0,-0.009784458709839183,0,-0.01899609551930114,0
2025-11-15 00:00:00+00:00,14,4.2386,0.4463,1.0,55,346549.1392,-112789.3782,0.5537,37,191885.8496,7998.094709,125139.7507,29523.5389,-95616.2118,55,346549.1392,4,95792.69133761432,3168.772535417267,0.002053,-88.3154,-0.3974,0.330371,-0.7138,-0.0995,-0.103453,-0.003102,-0.1078,-0.4623,-0.309665,-0.100409,-1.0913366458058018,0.89889,-0.04237000000000002,-0.04417800000000005,-0.06496041053647703,-0.021361662175581653,0.023793107085246953,0.031141544588218502,0.026892497346192326,21.631637608186153,-0.04774524665271898,-0.014594893801006597,0.005937961501863488,0.02325862377565408,0.018027965274646993,19.27199934878172,0.03307948123358556,0.033456480786419066,0.9553681028824013,0,0.103453,0,0.330371,0,0,0,0,-0.004972295629315753,0,-0.014183932438777712,0,-0.033774641341976185,0
2025-11-16 00:00:00+00:00,14,1.5718,0.3143,1.0,63,496245.006,-111139.2501,0.6857,43,340293.6833,11511.612521,95311.8852,60639.4376,-34672.4476,63,496245.006,6,95206.6742943817,3153.0555686734547,0.000501,11.1724,-0.3572,0.295582,0.0931,0.0782,-0.047237,0.001045,0.2898,2.3813,-0.150451,-0.043478,-0.7451812769419734,0.914743,0.015853000000000006,-0.03216000000000008,-0.004812163080523416,-0.016647883461009857,0.011367605411293398,0.02977711280726792,0.026284135382985005,21.023441601626715,-0.01067514272096507,-0.015282094922878652,0.004857422564096897,0.022498440829944642,0.017336961141581755,17.87643857956236,0.0331180097618379,0.033379235780034724,0.9517133157657545,0,0.047237,1,0.295582,0,0,0,1,-0.009211636809461944,0,-0.028802345712660417,0,-0.03944627930481284,0
2025-11-17 00:00:00+00:00,25,2.0474,0.335,1.0,106,933009.7648,-118068.7957,0.665,74,620451.3021,9051.715387,209993.8247,102564.6379,-107429.1868,106,933009.7648,7,94247.92965842148,3124.144131203502,-0.001747,53.3894,-0.1746,0.323543,0.5296,0.2321,-0.075972,0.021986,-0.0788,1.5587,-0.227903,-0.071951,1.0252915465486647,0.918396,0.0036530000000000173,-0.022863999999999995,-0.004972295629315753,-0.06496041053647703,0.03596792215997499,0.020913140203984312,0.026072778200193384,23.299358910313245,-0.006136343753301067,-0.04774524665271898,0.02939494955879069,0.014080820290192527,0.01735308773590197,19.021469398062706,0.03314814598608369,0.03327458643898936,0.9502646060742601,0,0.075972,0,0.323543,0,0,0,1,-0.01959070890319846,0,-0.030234642495350884,0,-0.0508105649324619,0
2025-11-18 00:00:00+00:00,27,2.5322,0.3444,1.0,100,1376502.5283,-156763.2124,0.6556,67,902467.6007,9468.826407,339830.1482,134204.7794,-205625.3688,100,1376502.5283,6,91684.98430457075,3063.535553886188,-0.000899,-19.334,-0.2391,0.356891,-0.1792,0.1575,-0.089393,-0.003887,-0.0473,1.0725,-0.247808,-0.086757,0.7665205115805127,0.937417,0.019020999999999955,0.03852699999999998,-0.009211636809461944,-0.004812163080523416,-0.015824657378296775,0.020845629831633718,0.025791831757326873,27.279239741861915,-0.010121187876164303,-0.01067514272096507,-0.011377310279358836,0.014413343913012985,0.017692284776867087,19.818712213280463,0.033413710839599965,0.03322935273834775,0.951886546013631,1,0.089393,0,0.356891,0,0,0,1,-0.010643933592152412,0,-0.031219856029263433,0,-0.10364651141167901,0
2025-11-19 00:00:00+00:00,31,2.7293,0.4198,1.0,96,1024541.7261,-176712.9478,0.5802,59,594402.4828,9551.309232,314798.4529,115340.7905,-199457.6624,96,1024541.7261,6,90963.00201521542,3031.100409876064,0.000396,26.264,-0.1502,0.356179,0.0743,0.2985,-0.093799,-0.00864,-0.0198,0.8622,-0.259863,-0.09097,0.5926202118686967,0.926256,-0.011160999999999976,0.011512999999999995,-0.01959070890319846,-0.004972295629315753,-0.021361662175581653,0.02113953925792326,0.025299583800219783,29.723672485029994,-0.027570241785470014,-0.006136343753301067,-0.014594893801006597,0.0149559348613699,0.0167911655325821,20.29745082128636,0.03332234362020122,0.033203562997864144,0.9405447258786699,0,0.093799,0,0.356179,0,0,0,0,-0.020575922437111007,0,-0.09300257781952659,0,-0.09891524310230122,0
2025-11-20 00:00:00+00:00,35,2.617,0.5911,1.0,91,937040.612,-172015.3515,0.4089,48,383199.3428,9239.495819,400718.1745,153123.0947,-247595.0798,91,937040.612,8,90453.80957945234,2969.3699810791454,-0.000315,47.6238,0.0192,0.46423,0.3275,0.125,-0.088022,-0.016861,0.0439,1.2583,-0.185751,-0.085053,0.4362791147050025,0.925895,-0.0003609999999999447,0.007499000000000033,-0.010643933592152412,-0.009211636809461944,-0.016647883461009857,0.021128388620603494,0.02533727143859462,26.536468582451704,-0.007905765229509637,-0.010121187876164303,-0.015282094922878652,0.01566953142669686,0.016790977106616523,19.448226621072763,0.0328274728823989,0.03311360980980298,0.9444958303511016,0,0.088022,0,0.46423,0,0,0,0,-0.07242665538241556,0,-0.07833932066519021,0,-0.05347159216226269,0
2025-11-21 00:00:00+00:00,24,1.6011,0.3195,1.0,122,1507861.6685,-143103.3401,0.6805,86,1026106.8451,6716.868216,296541.1236,185213.6999,-111327.4237,122,1507861.6685,12,84618.58608785736,2761.911872504505,0.000504,62.7917,0.2292,0.307066,0.4978,0.6293,-0.029807,0.039744,0.1064,2.1998,-0.094498,-0.028195,1.7470328301602362,0.918722,-0.007172999999999985,-0.018694999999999906,-0.020575922437111007,-0.01959070890319846,-0.06496041053647703,0.023835435524410253,0.027683151418943064,21.41418898700735,-0.005613523558383247,-0.027570241785470014,-0.04774524665271898,0.02222168303027022,0.020018047630121452,15.229525444091877,0.0326395417389376,0.03307838658037783,0.9429730159095141,0,0.029807,1,0.307066,0,1,0,0,-0.00591266528277463,0,0.018955063220152894,1,0.03395953712473164,1
2025-11-22 00:00:00+00:00,19,1.8601,0.3712,1.0,51,469425.7731,-136929.6814,0.6288,28,295177.4142,14081.284079,113324.4798,60923.8791,-52400.6007,51,469425.7731,4,84378.82727720604,2745.62979473441,0.001048,-178.9352,-0.3816,0.368399,-1.3173,0.0258,-0.041093,-0.031736,-0.1395,0.8655,-0.107048,-0.038959,-1.254300519598235,0.924298,0.005575999999999914,-0.0019580000000000153,-0.07242665538241556,-0.010643933592152412,-0.004812163080523416,0.023719455074706193,0.027512716898168463,15.061763847371665,-0.0666853928316472,-0.007905765229509637,-0.01067514272096507,0.022912125233868656,0.01968134916864266,13.13373213403915,0.03253932157310404,0.03300122091459476,0.9447891058946379,0,0.041093,1,0.368399,0,0,0,1,0.02486772850292754,1,0.03987220240750629,1,0.061260922051356345,1
2025-11-23 00:00:00+00:00,0,,0.0,1.0,52,2906258.4634,-131976.4746,1.0,52,2906258.4634,6817.014896,0.0,0.0,0.0,52,2906258.4634,0,86472.87087326591,2814.7634063096343,0.002062,-1.8946,-0.3848,0.06288,-0.0206,-0.0879,-0.01379,0.013691,0.0102,0.9425,-0.215296,-0.013296,-1.1882862314765221,0.984929,0.0606310000000001,0.05903400000000003,-0.00591266528277463,-0.020575922437111007,-0.004972295629315753,0.029052182352805,0.02783058111698854,18.560115709906285,-0.0028374277065587204,-0.005613523558383247,-0.006136343753301067,0.02795805041425648,0.020229542407233413,19.222126609942492,0.0325508263792344,0.03292019471707997,0.9461851241310838,1,0.01379,1,0.06288,0,0,0,1,0.015004473904578763,1,0.03639319354842883,1,0.04906033479770412,1
2025-11-24 00:00:00+00:00,28,3.7098,0.4314,1.0,81,924134.591,-149400.1245,0.5686,48,525430.6929,7363.80423,314049.3172,84654.5809,-229394.7363,81,924134.591,5,87167.94818519083,2857.3158908772043,-0.002149,25.0213,-0.2972,0.405876,0.3229,-0.2946,-0.103478,0.0034,0.0098,1.0133,-0.253325,-0.10163,0.07634340395806373,0.940159,-0.04477000000000009,0.02143699999999993,0.02486772850292754,-0.07242665538241556,-0.009211636809461944,0.031373907496599934,0.028113929564622726,12.99561250560022,0.024514224735856707,-0.0666853928316472,-0.010121187876164303,0.029163242542021746,0.02029159279042983,12.552918462812428,0.03277943269705917,0.032867521390076475,0.9462299634249567,0,0.103478,0,0.405876,0,0,0,0,0.021388719643850078,1,0.03405586089312537,1,0.05706726955064244,1
2025-11-25 00:00:00+00:00,17,1.0828,0.4099,1.0,86,771832.1101,-121822.941,0.5901,61,455422.2917,8668.842665,164497.4511,151912.3672,-12585.0839,86,771832.1101,8,87439.99720795044,2919.088482780641,0.000303,-3.551,-0.3056,0.352635,-0.1347,-0.2501,0.006852,0.006582,-0.0589,0.4575,0.024571,0.008559,0.2964856404993682,0.935792,-0.00436700000000001,0.011494000000000004,0.015004473904578763,-0.00591266528277463,-0.01959070890319846,0.033627893924100344,0.028208637456813554,19.61122277301945,0.008005963439906857,-0.0028374277065587204,-0.027570241785470014,0.02858529305976101,0.02007002897320174,14.208850401666524,0.033383904116996294,0.03286326328684737,0.9471175477831708,0,-0.0,1,0.352635,0,0,0,0,0.012667141249275312,1,0.03567854990679238,1,0.039072329056703735,1
2025-11-26 00:00:00+00:00,18,1.2455,0.4006,1.0,81,687856.5259,-97632.9727,0.5994,58,412276.1699,9435.086767,152854.1203,122726.2356,-30127.8847,81,687856.5259,5,87980.28465797637,2956.3001742168804,0.001317,-18.5919,-0.366,0.317656,-0.2032,-0.5275,-0.038488,-0.016277,-0.0593,-0.0952,-0.115714,-0.036207,0.07311270067990559,0.92302,-0.012772000000000006,-0.0619090000000001,0.021388719643850078,0.02486772850292754,-0.010643933592152412,0.03434197235970389,0.02687769630748006,24.34387964267215,0.003116115275097982,0.024514224735856707,-0.007905765229509637,0.02898392466080618,0.019490481853770954,17.2449075319348,0.03360184825167941,0.032903192519915685,0.9411492321155557,0,0.038488,1,0.317656,0,0,0,0,0.023011408657517083,1,0.026405187807428433,1,0.017344656369742403,1
2025-11-27 00:00:00+00:00,18,1.5735,0.4218,1.0,69,407808.1883,-67738.2568,0.5782,46,235795.3782,5486.14853,105172.4391,66840.371,-38332.068,69,407808.1883,5,91218.80595634515,3025.117561467081,0.000432,-4.9523,-0.38,0.309715,-0.0443,-0.8993,-0.011574,-0.044375,-0.5108,-4.2764,-0.030964,-0.009428,-0.4397025987957005,0.911294,-0.011725999999999903,-0.02886499999999992,0.012667141249275312,0.015004473904578763,-0.020575922437111007,0.03469426763735195,0.027545474454332756,31.266171524180294,0.006159939463159376,0.008005963439906857,-0.005613523558383247,0.0328234159330113,0.021160464154763074,29.6102791977099,0.03316331023796584,0.03295116928499668,0.9387463345829967,0,0.011574,1,0.309715,0,0,0,0,0.0033937791499113654,1,-0.005666752287774666,0,-0.0029291049043237943,0
2025-11-28 00:00:00+00:00,17,1.8066,0.342,1.0,67,707357.4122,-61767.3566,0.658,45,465427.0395,15586.468208,155730.7476,86199.6251,-69531.1225,67,707357.4122,5,91353.55025725922,3035.4015833520243,0.000478,4.774,-0.3631,0.323299,0.0623,-1.3348,-0.043373,0.040967,0.4849,-0.2559,-0.129326,-0.041299,-0.5322103849982183,0.940993,0.02969899999999992,0.005201000000000011,0.023011408657517083,0.021388719643850078,-0.07242665538241556,0.011283228788201575,0.027456273933877784,40.37892810772096,0.03614833008409127,0.003116115275097982,-0.0666853928316472,0.014093578822545444,0.021151014495993627,36.60516423183975,0.03322696901000651,0.033035087466577955,0.9331219617475071,1,0.043373,1,0.323299,0,0,1,0,-0.009060531437686018,0,-0.006322884054235147,0,-0.07564819912090316,0
2025-11-29 00:00:00+00:00,14,3.8305,0.427,1.0,44,318471.0404,-65665.7925,0.573,26,182472.8556,5776.654745,107843.9186,28154.2662,-79689.6524,44,318471.0404,4,90756.23339317266,3008.023449398123,0.002102,-7.4816,-0.3877,0.370502,-0.082,-0.0995,-0.068011,-0.01338,0.1939,1.3232,-0.178388,-0.064954,-1.5134779684805488,0.907208,-0.033784999999999954,-0.015811999999999937,0.0033937791499113654,0.012667141249275312,-0.00591266528277463,0.012210013050501409,0.026990607113025474,39.70015555132609,0.0014760649221302736,0.006159939463159376,-0.0028374277065587204,0.014754827633644944,0.020719848525651646,37.31287177224649,0.03314398732665351,0.03312146828851359,0.9335019021729979,0,0.068011,0,0.370502,0,0,0,0,0.0027376473834508854,1,-0.06658766768321714,0,-0.04399538326789743,0
2025-11-30 00:00:00+00:00,8,0.8768,0.4266,1.0,37,173677.5729,-64971.2141,0.5734,25,99578.6536,7302.078226,34618.4351,39480.4842,4862.0491,37,173677.5729,4,91201.90380027908,3016.2696393536694,0.000351,-0.4082,-0.3716,0.29881,0.0015,-0.0775,0.019925,-0.020708,-0.4033,-1.9346,0.087216,0.025186,-1.7636937398101555,0.866091,-0.04111699999999996,-0.04520299999999999,-0.009060531437686018,0.023011408657517083,0.02486772850292754,0.011479988822663044,0.027026519003906842,41.14722468401714,-0.006559988092476649,0.03614833008409127,0.024514224735856707,0.013432894922913321,0.020728295724048586,39.846010950177444,0.033072441623136814,0.03319598475192822,0.9311081352744787,0,-0.0,1,0.29881,0,0,0,0,-0.069325315066668,0,-0.046733030651348324,0,0.02033551341467304,1
2025-12-01 00:00:00+00:00,27,1.0264,0.4118,1.0,107,1114823.6763,-33055.3781,0.5882,69,655758.2523,11333.420054,232524.6543,226540.7698,-5983.8845,107,1114823.6763,11,86214.04133157151,2814.249262100317,-0.004267,32.0336,-0.2539,0.360153,0.2092,-0.1911,-0.004074,0.052224,0.3408,0.7915,-0.006534,-0.002323,1.1883427375947027,0.938311,0.07221999999999995,-0.002681999999999962,0.0027376473834508854,0.0033937791499113654,0.015004473904578763,0.031679682708301134,0.02909873750624217,33.18374042111964,0.004898613551312688,0.0014760649221302736,0.008005963439906857,0.027596833320363966,0.02255573505227369,32.715571486625905,0.03264258604090911,0.03317643522962107,0.9317561631812009,1,0.004074,1,0.360153,0,0,1,0,0.022592284415319706,1,0.08966082848134105,1,0.12130382080974272,1
2025-12-02 00:00:00+00:00,16,3.6969,0.2998,1.0,99,814280.1879,-51284.7331,0.7002,79,570126.9086,7037.678758,192171.9238,51981.3555,-140190.5683,99,814280.1879,4,88545.99339451523,2878.553233551704,0.00112,-17.1071,-0.3135,0.286989,-0.114,-0.1704,-0.080795,-0.015201,-0.1184,-0.178,-0.279538,-0.078827,0.8408963271506058,0.933209,-0.005102000000000051,0.02600099999999994,-0.069325315066668,-0.009060531437686018,0.021388719643850078,0.03183175384996865,0.029652234290629867,40.07011930788559,-0.05624271498372982,-0.006559988092476649,0.003116115275097982,0.029627786799317685,0.02336669818969216,43.218594702312856,0.03250913026325604,0.0330514675362296,0.9414900212477882,0,0.080795,0,0.286989,0,0,0,0,0.06706854406602136,1,0.09871153639442301,1,0.07710840055072102,1
2025-12-03 00:00:00+00:00,20,2.2737,0.39,1.0,81,890089.6217,-66276.2422,0.61,54,542932.9875,7662.043596,241112.5415,106044.0927,-135068.4487,81,890089.6217,7,92860.2681178173,3078.234943829877,-0.000262,-15.006,-0.3646,0.344452,-0.078,-0.0453,-0.063668,-0.010689,-0.055,-0.6265,-0.180811,-0.061535,0.08352714673484139,0.944147,0.010938000000000003,0.0780559999999999,0.022592284415319706,0.0027376473834508854,0.012667141249275312,0.041255018715147605,0.03208627490396578,52.08503613955823,0.026689059508251827,0.004898613551312688,0.006159939463159376,0.034395761107747155,0.025190550017343785,53.48086780798432,0.03314910678401595,0.032986790183706254,0.9421778603173089,1,0.063668,0,0.344452,0,0,1,0,0.03164299232840167,1,0.010039856484699648,1,-0.013640904500929609,0
2025-12-04 00:00:00+00:00,20,3.2721,0.3748,1.0,91,621047.6924,-78485.8781,0.6252,66,388272.546,5245.81395,178287.333,54487.8134,-123799.5196,91,621047.6924,5,92872.43390663818,3177.1969787525845,0.000708,-0.3839,-0.3632,0.335,-0.0012,-0.0021,-0.099856,0.014703,0.0001,-0.6275,-0.294342,-0.097262,0.5001639325104644,0.936113,-0.008033999999999986,-0.0021980000000000333,0.06706854406602136,-0.069325315066668,0.023011408657517083,0.04197875039925398,0.030713355743023262,58.87556686380401,0.04757375353142609,-0.05624271498372982,0.03614833008409127,0.03204665023191044,0.024498325559241158,54.53334082717255,0.03421033395061578,0.0331363649997991,0.9525825374262646,0,0.099856,0,0.335,0,0,0,0,-0.021603135843701993,0,-0.045283896829331274,0,-0.03984424938583822,0
2025-12-05 00:00:00+00:00,23,5.7545,0.426,1.0,78,785349.7646,-102198.5566,0.574,51,450757.7077,15720.069301,285055.9643,49536.0927,-235519.8716,78,785349.7646,4,90970.59275936492,3109.295642464306,0.000208,0.5295,-0.3599,0.34839,-0.0041,-0.0685,-0.145186,-0.018922,0.2743,1.5722,-0.416099,-0.143494,-0.05826081979903092,0.941733,0.005620000000000069,0.008524000000000087,0.03164299232840167,0.022592284415319706,0.0033937791499113654,0.04337725325843022,0.03039297363624384,67.93544462001918,0.00013100319659040265,0.026689059508251827,0.0014760649221302736,0.033245142051479805,0.024641242835042914,64.76927135682101,0.03417912919056165,0.03327238788273555,0.940452524961935,1,0.145186,0,0.34839,0,0,1,0,-0.023680760985629257,0,-0.018241113542136235,0,0.0041913673525525545,1
2025-12-06 00:00:00+00:00,8,1.1562,0.4086,1.0,49,189054.5243,-91613.538,0.5914,38,111810.4647,3657.460047,41419.2908,35824.7687,-5594.5221,49,189054.5243,3,89568.98499409623,3036.5301273200766,0.001296,-2.9974,-0.3699,0.283911,-0.0327,-0.0192,0.018503,-0.00248,-0.0397,1.2295,0.077715,0.021501,-1.2970031696560154,0.87442,-0.06731300000000007,-0.06972699999999998,-0.021603135843701993,0.06706854406602136,-0.009060531437686018,0.04441872387890655,0.0306113380583741,64.46725705676776,-0.020690575317960206,0.04757375353142609,-0.006559988092476649,0.033682950367878745,0.024712131645142903,61.58029369031758,0.03390158019006494,0.03338061543465147,0.9469928935016128,0,-0.0,1,0.283911,0,0,0,0,0.005439647443493051,1,0.027872128338181815,1,0.049078397869468604,1
2025-12-07 00:00:00+00:00,15,2.4836,0.5536,1.0,41,180549.7657,-98389.3103,0.4464,23,80597.6111,3266.663859,71260.2559,28691.8987,-42568.3573,41,180549.7657,3,89716.13749498,3053.092787339445,0.001612,60.2875,-0.1502,0.407475,0.4441,0.4235,-0.074317,0.002439,-0.0234,1.0199,-0.176399,-0.070657,-1.6046721899123166,0.900238,0.025818000000000008,-0.03587499999999999,-0.023680760985629257,0.03164299232840167,0.0027376473834508854,0.044444550778145735,0.03063893375921079,62.36653096419002,-0.015527187362229466,0.00013100319659040265,0.004898613551312688,0.033596070163903646,0.02471912641576342,57.83866749800599,0.03403058661002073,0.033517493289920604,0.946679042332491,0,0.074317,0,0.407475,0,0,0,1,0.022432480894688793,1,0.04363875042597555,1,0.08780657449757483,1
2025-12-08 00:00:00+00:00,16,0.9876,0.4016,1.0,68,496053.9745,-97356.2162,0.5984,40,296847.7062,8756.15194,98979.2472,100227.0212,1247.774,68,496053.9745,12,91050.74099864114,3122.3551922762285,0.000322,3.8384,-0.1358,0.308647,-0.0426,0.1717,0.001035,0.030115,-0.1056,0.1655,0.013141,0.003979,-0.46827210404989994,0.927331,0.027093000000000034,-0.014402000000000026,0.005439647443493051,-0.021603135843701993,-0.069325315066668,0.03169706303615213,0.030598902706020635,63.19839032386774,0.0016415476296621175,-0.020690575317960206,-0.05624271498372982,0.02394398932425996,0.02489549755755793,59.01830011581338,0.034292474262486536,0.033753191607288804,0.9467413070187589,1,-0.0,1,0.308647,0,0,1,0,0.02120626953128679,1,0.06537409360288604,1,0.02800935284483913,1
2025-12-09 00:00:00+00:00,30,1.535,0.4416,1.0,100,584303.9319,-85107.8432,0.5584,63,326303.7993,4876.031893,156226.0448,101774.0878,-54451.957,100,584303.9319,7,91349.8541429422,3189.2757579705776,-0.000474,-10.618,-0.173,0.339882,-0.1017,0.184,-0.024504,0.008487,-0.0416,-0.1724,-0.061531,-0.020319,0.8629789164224316,0.901051,-0.02627999999999997,0.02663100000000007,0.022432480894688793,-0.023680760985629257,0.022592284415319706,0.031644864363935106,0.030810575639145438,63.178398603963835,0.01476628644360181,-0.015527187362229466,0.026689059508251827,0.02245414209513855,0.024878079563658777,59.046034224359936,0.03491276245477164,0.034096567634648176,0.9508187384902125,0,0.024504,1,0.339882,0,0,0,0,0.04416782407159928,1,0.006803083313552345,1,-0.00022086821573257063,0
2025-12-10 00:00:00+00:00,21,3.3914,0.3392,1.0,86,748890.4942,-85574.9071,0.6608,61,494854.9125,5897.674547,196186.739,57848.8427,-138337.8964,86,748890.4942,4,92403.62497729444,3333.2962523632555,-0.000923,-21.8048,-0.2515,0.320309,-0.0969,0.165,-0.080482,-0.028515,0.097,0.5898,-0.248157,-0.07802,0.27484732398425943,0.935605,0.034553999999999974,0.03536700000000004,0.02120626953128679,0.005439647443493051,0.06706854406602136,0.026002483037145325,0.031199415609364484,66.33578456266423,0.0032797416279426563,0.0016415476296621175,0.04757375353142609,0.013094423270331213,0.02425772881462297,59.9260562503071,0.03607321956451728,0.03451429803186264,0.9471146176657744,1,0.080482,0,0.320309,0,0,1,0,-0.03736474075804691,0,-0.04438869228733184,0,-0.07162767365982575,0
2025-12-11 00:00:00+00:00,17,0.8203,0.3914,1.0,93,790170.9607,-63527.232,0.6086,68,480912.6608,9488.012849,139362.0468,169896.2531,30534.2063,93,790170.9607,8,90573.28326167808,3211.0466372482283,-0.000924,-8.7461,-0.2815,0.330243,-0.063,0.1032,0.000387,0.011906,-0.1125,-0.3291,0.00869,0.002819,0.5698919873586709,0.93426,-0.0013450000000000406,0.006928999999999963,0.04416782407159928,0.022432480894688793,0.03164299232840167,0.029835276021464234,0.031761029877868295,57.81300637897856,0.011469523095088086,0.01476628644360181,0.00013100319659040265,0.014959645512266556,0.024392600682248296,48.46250092936655,0.035452470326940606,0.034691746085623344,0.9336185035465939,0,-0.0,1,0.330243,0,0,0,0,-0.007023951529284909,0,-0.03426293290177883,0,-0.03468376202846124,0
2025-12-12 00:00:00+00:00,16,7.2808,0.4449,1.0,80,1077820.224,-81843.43,0.5551,59,598263.2499,16908.878617,421645.116,57911.8582,-363733.2578,80,1077820.224,5,91661.09303751396,3188.57142610956,3.9e-05,-8.374,-0.3112,0.385116,-0.0324,0.0749,-0.13167,-0.006787,0.2286,1.4902,-0.343047,-0.130753,0.022786236433648938,0.949947,0.015687000000000006,0.04889599999999994,-0.03736474075804691,0.02120626953128679,-0.021603135843701993,0.028428254402982266,0.03158494089910436,56.38766678111794,-0.02000692640926394,0.0032797416279426563,-0.020690575317960206,0.013776669812101005,0.024506382801236137,50.696072564087224,0.034786530690885165,0.0347785177285267,0.931751585064956,1,0.13167,0,0.385116,0,0,0,1,-0.027238981372493896,0,-0.02765981049917632,0,-0.03946143001352946,0
2025-12-13 00:00:00+00:00,6,2.3914,0.2682,1.0,46,226307.2633,-84602.1518,0.7318,38,165602.29,4522.72478,42805.2739,17899.6995,-24905.5744,46,226307.2633,2,90260.11816968666,3102.8902204301085,-0.000243,-11.6804,-0.3528,0.243198,-0.0758,0.0318,-0.012203,-0.002873,-0.0827,0.8222,-0.040336,-0.009556,-1.390048670736381,0.905211,-0.044736,-0.030394000000000032,-0.007023951529284909,0.04416782407159928,-0.023680760985629257,0.029022877241220265,0.03180495300555706,53.84744882236808,0.011938721097904621,0.011469523095088086,-0.015527187362229466,0.013751636563936132,0.024508313262471756,48.90483879091511,0.03437720095376738,0.03484646355191276,0.9212035138944541,0,0.012203,1,0.243198,0,0,0,0,-0.0004208291266824023,0,-0.012222448641035553,0,-0.05328875433259654,0
2025-12-14 00:00:00+00:00,5,0.4189,0.4508,1.0,44,380890.2843,-68477.268,0.5492,27,209202.2703,4994.505129,50691.0924,120996.9216,70305.8293,44,380890.2843,12,89536.09690322069,3101.584708566429,0.000533,1.1763,-0.3404,0.362519,0.0027,-0.4096,0.076182,0.023096,0.028,1.0249,0.219561,0.078575,-1.4419525277898135,0.932907,0.027696000000000054,-0.0013529999999999376,-0.027238981372493896,-0.03736474075804691,0.005439647443493051,0.02902827319500575,0.029575839876018445,53.47604527258048,-0.015402300310408302,-0.02000692640926394,0.0016415476296621175,0.01416967895672151,0.02309187878654411,46.36287433132498,0.03464060659153953,0.034933609263558305,0.920208215178044,1,-0.0,1,0.362519,0,0,0,1,-0.01180161951435313,0,-0.05286792520591413,0,-0.06493820861456498,0
2025-12-15 00:00:00+00:00,26,4.0978,0.2976,1.0,79,752678.3928,-88102.2939,0.7024,49,528664.7848,12912.179278,180070.5077,43943.1003,-136127.4074,79,752678.3928,4,88292.01955954584,3065.19613036542,-0.000513,11.5491,-0.2948,0.281345,0.0861,-0.2808,-0.096914,0.019687,-0.039,0.6925,-0.342939,-0.094722,-0.0050361435136214465,0.935991,0.0030839999999999756,-0.013955999999999968,-0.0004208291266824023,-0.007023951529284909,0.022432480894688793,0.02792434269713816,0.029635395484086665,62.42653229323297,-0.008053842287693227,0.011938721097904621,0.01476628644360181,0.013214639979722264,0.023139731937576284,55.63941386478199,0.03471657059897914,0.03499419445448582,0.9083969925071818,1,0.096914,0,0.281345,0,0,0,1,-0.04106630569156098,0,-0.05313658910021184,0,-0.07171676020885129,0
2025-12-16 00:00:00+00:00,20,4.5112,0.3501,1.0,79,944225.1409,-110406.2507,0.6499,53,613696.9201,8051.897907,270553.9375,59974.2833,-210579.6542,79,944225.1409,6,86809.11548181491,2941.8694657715646,-0.0006,-11.0891,-0.332,0.340198,-0.0733,-0.2525,-0.081646,-0.007436,-0.1428,-0.4709,-0.238277,-0.080241,-0.003662942159645247,0.949275,0.013283999999999963,0.04406399999999999,-0.01180161951435313,-0.027238981372493896,0.02120626953128679,0.0289615797238109,0.030517246823772815,53.003858403483804,-0.013992136513226516,-0.015402300310408302,0.0032797416279426563,0.013464648324389908,0.023278381048480373,45.08209039424119,0.03388894644811625,0.03484793502496362,0.9093158505456581,1,0.081646,0,0.340198,0,0,0,1,-0.012070283408650836,0,-0.03065045451729029,0,-0.0020378534513999062,0
2025-12-17 00:00:00+00:00,12,1.5715,0.1427,1.0,79,1580957.8694,-97806.5946,0.8573,60,1355347.401,25804.653118,137875.3862,87735.0822,-50140.304,79,1580957.8694,7,86887.68359558233,2906.573710974167,0.000212,7.0424,-0.2965,0.193221,0.016,-0.1396,-0.052934,-0.011849,0.0473,-0.1058,-0.271694,-0.051711,-0.00045807889155436137,0.959542,0.010267000000000026,0.026634999999999964,-0.04106630569156098,-0.0004208291266824023,0.04416782407159928,0.015696309505014237,0.030543988236987733,40.659358598336816,-0.016938091587423838,-0.008053842287693227,0.011469523095088086,0.011454283931332123,0.023250368405665994,28.519294437679562,0.03345207963539205,0.03447348646366001,0.9040895245993616,1,0.052934,0,0.193221,0,0,0,1,-0.018580171108639434,0,0.010032429957250944,1,0.0247732721928739,1
2025-12-18 00:00:00+00:00,16,1.3835,0.445,1.0,74,784855.8299,-110195.6916,0.555,44,435611.8592,10110.196027,202716.7217,146527.249,-56189.4728,74,784855.8299,14,86679.14561866873,2853.067688889751,-0.000586,-1.8716,-0.3006,0.35249,-0.0123,-0.0889,-0.030534,-0.028757,0.0104,-0.0331,-0.082493,-0.028752,-0.20953528601782945,0.940382,-0.019159999999999955,0.004391000000000034,-0.012070283408650836,-0.01180161951435313,-0.03736474075804691,0.013614609343864966,0.030524934533725057,31.705940928099665,0.0009046582267852799,-0.013992136513226516,-0.02000692640926394,0.010472243304305537,0.022771564225635837,28.02319217322902,0.03291527239367787,0.03411102961605105,0.9001900249980792,0,0.030534,1,0.35249,0,0,0,0,0.0286126010658904,1,0.04335344330151335,1,0.043635207267493384,1
2025-12-19 00:00:00+00:00,26,2.6251,0.4468,1.0,76,1110487.0752,-90007.6058,0.5532,45,614340.5025,15115.990436,359281.615,136864.9578,-222416.6572,76,1110487.0752,5,87362.63201419919,2935.880471346268,-0.000178,12.476,-0.2551,0.408663,0.0435,-0.0131,-0.124156,-0.002816,-0.015,-0.167,-0.30234,-0.122617,-0.14394282077326928,0.955178,0.01479599999999992,0.005902999999999992,-0.018580171108639434,-0.04106630569156098,-0.007023951529284909,0.021998432732717222,0.030995921616021254,40.47034388065613,-0.0024029715609131244,-0.016938091587423838,0.011938721097904621,0.009340750090300307,0.022809314619941946,35.96575498542009,0.033605677892913015,0.03394233635919789,0.898209877394464,1,0.124156,0,0.408663,0,0,0,1,0.01474084223562297,1,0.015022606201603003,1,0.03010363137414813,1
2025-12-20 00:00:00+00:00,9,11.0293,0.2642,1.0,40,163271.5537,-91587.5227,0.7358,29,120134.5612,3108.900831,39550.9925,3586.0,-35964.9925,40,163271.5537,2,88174.58899482031,2979.4783675973763,0.001126,-22.113,-0.3346,0.203059,-0.0971,-0.0344,-0.051241,0.01345,-0.1327,-1.281,-0.238883,-0.046222,-1.6156615556071932,0.851792,-0.10338599999999998,-0.10775000000000001,0.0286126010658904,-0.012070283408650836,-0.027238981372493896,0.022794260036699897,0.03089981906735087,46.754039994968,0.007854320020539042,0.0009046582267852799,-0.015402300310408302,0.010192661151727324,0.02287477784793761,44.31107985988247,0.03379066918897009,0.03385854610708399,0.8943554518332211,0,0.051241,0,0.203059,0,0,0,0,0.0002817639659800533,1,0.015362789138525176,1,-0.004403164267237043,0
2025-12-21 00:00:00+00:00,8,0.8793,0.5248,1.0,32,192810.1023,-100703.1524,0.4752,19,91619.355,4433.349204,47347.1628,53843.5845,6496.4217,32,192810.1023,5,88260.19978816884,2980.317995521674,0.000199,0.485,-0.3298,0.354921,0.0032,-0.034,0.055381,0.057882,0.3857,1.9035,0.171106,0.059485,-1.8876182019421783,0.889958,0.03816600000000003,-0.050424000000000024,0.01474084223562297,-0.018580171108639434,-0.0004208291266824023,0.022823411738688373,0.027699704074841815,45.797147433175205,0.009251174956956184,-0.0024029715609131244,-0.008053842287693227,0.010066940392709832,0.01920034024245811,44.038746954265555,0.03376740595052655,0.03373380315836785,0.8978247972111093,0,-0.0,1,0.354921,0,0,1,0,0.015081025172545143,1,-0.0046849282332170825,0,-0.014818423206629183,0
2025-12-22 00:00:00+00:00,14,2.7336,0.3557,1.0,70,610595.6943,-95663.3219,0.6443,51,393401.9015,5992.049099,159021.1937,58172.5992,-100848.5945,70,610595.6943,5,89102.17259775008,3025.604874188969,-0.001665,1.3817,-0.3228,0.301284,0.0123,-0.1078,-0.06652,-0.066476,-0.4239,-1.5519,-0.21693,-0.064453,-0.3387568174310821,0.936373,0.046414999999999984,-0.01880499999999996,0.0002817639659800533,0.0286126010658904,-0.01180161951435313,0.023863155793105627,0.027744029195297143,44.37229637810541,0.0009704526035700842,0.007854320020539042,-0.013992136513226516,0.009308902800901091,0.01923836217826507,41.80306885712774,0.03395657800453419,0.03362523278773286,0.8729731476306102,1,0.06652,0,0.301284,0,0,1,0,-0.019765953405762204,0,-0.029899448379174312,0,-0.028780701537508398,0
2025-12-23 00:00:00+00:00,11,1.6121,0.2016,1.0,71,1028297.7159,-72521.7539,0.7984,55,820949.8525,16288.377919,127968.2705,79379.5928,-48588.6777,71,1028297.7159,5,87769.79200019878,2966.388075416938,-0.000778,1.5696,-0.3154,0.224627,0.0068,-0.0276,-0.029405,0.041259,-0.1504,-2.631,-0.127017,-0.028168,-0.2956009497831619,0.955331,0.01895800000000003,0.10353900000000005,0.015081025172545143,0.01474084223562297,-0.04106630569156098,0.01886467811527948,0.027740806075088907,36.97980201575081,0.0094944505216798,0.009251174956956184,-0.016938091587423838,0.008704827814467742,0.01898354284578436,36.093759800404136,0.03379736932053137,0.03361215034093502,0.8735389453855312,1,0.029405,1,0.224627,0,0,1,0,-0.010133494973412087,0,-0.009014748131746181,0,-0.007665710704400893,0
2025-12-24 00:00:00+00:00,14,3.6763,0.4049,1.0,62,653670.2848,-86997.9633,0.5951,44,389000.7898,16559.964035,208071.6325,56597.8625,-151473.77,62,653670.2848,4,87238.98529538728,2936.4799894174075,-0.00019,-1.4847,-0.3121,0.31567,-0.0121,-0.0557,-0.126877,-0.038949,0.1057,-1.7725,-0.398989,-0.124283,-0.6450407613202396,0.940054,-0.015277000000000096,0.05009599999999992,-0.019765953405762204,0.0002817639659800533,-0.012070283408650836,0.018650843253288276,0.02770623872186718,24.046038055674146,-0.01506633121937061,0.0009704526035700842,0.0009046582267852799,0.009179696204562748,0.018965430318818376,29.212852488470276,0.03366018047406923,0.03364187903217462,0.8747889360628108,0,0.126877,0,0.31567,0,0,0,0,0.0011187468416659265,1,0.0024677842690112076,1,-0.0027528930065660023,0
2025-12-25 00:00:00+00:00,10,3.0272,0.2772,1.0,48,258406.9155,-84121.4607,0.7228,35,186782.6513,3474.21201,53839.1095,17785.1546,-36053.9549,48,258406.9155,3,87741.20029603067,2939.767005457756,0.000802,-0.6399,-0.3113,0.235944,-0.0017,-0.0451,-0.042766,-0.027137,0.3216,0.7446,-0.171839,-0.039448,-1.194676127781797,0.896595,-0.043458999999999914,-0.03977799999999998,-0.010133494973412087,0.015081025172545143,-0.018580171108639434,0.01648283389676453,0.02743546861096223,28.775592022071933,-0.006066076692841239,0.0094944505216798,-0.0024029715609131244,0.009254873422009322,0.018986208510133343,37.19826517796751,0.03350497822618399,0.033726122722532635,0.8745275303286808,0,0.042766,1,0.235944,0,0,0,0,0.001349037427345302,1,-0.0038716398482319145,0,0.0001226215481250452,1
2025-12-26 00:00:00+00:00,15,7.9366,0.3869,1.0,66,873535.4726,-89820.2273,0.6131,48,535597.2241,24785.919648,300123.1359,37815.1126,-262308.0233,66,873535.4726,3,88058.52998921352,2943.7355374230083,-0.000394,5.3131,-0.2911,0.445852,0.0075,-0.0811,-0.069799,0.017272,-0.0201,0.5934,-0.154081,-0.068182,-0.4682399248976923,0.946131,0.049536000000000024,-0.009199999999999986,0.0011187468416659265,-0.019765953405762204,0.0286126010658904,0.01251826236819678,0.02733626042947381,30.249933528721996,0.0057402657103270355,-0.01506633121937061,0.007854320020539042,0.008920511502738919,0.018963907020576515,32.67936641897184,0.03342930591486813,0.03370092672566908,0.8782005713597063,1,0.069799,0,0.445852,0,0,1,0,-0.005220677275577196,0,-0.0012264158792202424,0,,0
2025-12-27 00:00:00+00:00,5,3.2778,0.1373,1.0,38,387421.4112,-88729.8095,0.8627,31,334212.2895,6739.7965,40770.5949,12438.5269,-28332.068,38,387421.4112,2,87467.18380158592,2928.4072909264205,0.001046,-5.642,-0.3095,0.173704,-0.0113,0.0047,-0.031542,0.015562,0.0002,0.5891,-0.170335,-0.028657,-1.6078219336797301,0.902851,-0.043280000000000096,-0.037202999999999986,0.001349037427345302,-0.010133494973412087,0.01474084223562297,0.010866770642378554,0.02699553520713399,33.94522783882313,0.003610131111300636,-0.006066076692841239,0.009251174956956184,0.008534180033596744,0.01772315469966358,35.323513235690214,0.033480068337050126,0.0336565551753948,0.8776201244686942,0,0.031542,1,0.173704,0,0,0,0,0.003994261396356974,1,,0,,0
2025-12-28 00:00:00+00:00,8,3.7344,0.2235,1.0,39,262940.4424,-94506.6945,0.7765,30,204172.704,5753.559193,46354.7556,12412.9828,-33941.7728,39,262940.4424,1,87716.9533225284,2940.127506341229,0.000713,-0.1497,-0.2941,0.300681,-0.0007,0.0008,-0.084124,0.000944,-0.152,-0.59,-0.273746,-0.080393,-1.532798041317311,0.891273,-0.011577999999999977,-0.005322000000000049,-0.005220677275577196,0.0011187468416659265,0.0002817639659800533,0.011111295098049688,0.026999191415454267,35.45828426210609,-0.006738026151992139,0.0057402657103270355,0.0009704526035700842,0.008641049469638692,0.017732627684731238,39.92611355849062,0.033518349588939886,0.03362097569516813,0.8902088588696722,0,0.084124,0,0.300681,0,0,0,0,,0,,0,,0
