block_date,block_fullness_delta_1d,eth_burned_delta_1d,eth_burned_zscore_90d,exchange_flow_share,median_gas_delta_1d,median_gas_delta_7d,net_exchange_flow_ratio,smart_contract_ratio_delta_1d,tx_per_active_delta_1d,tx_per_active_zscore_90d,whale_exchange_asymmetry,whale_exchange_flow_ratio,whale_tx_zscore_90d,whale_volume_ratio,whale_volume_ratio_delta_1d,whale_volume_ratio_delta_3d
2022-12-29 00:00:00+00:00,,,0.0,0.181396,,,-0.051837,,,0.0,-0.295462,-0.046984,0.0,0.841315,,
2022-12-30 00:00:00+00:00,,,0.0,0.344926,,,0.024874,,,0.0,0.092171,0.029914,0.0,0.865708,,
2022-12-31 00:00:00+00:00,0.000785,-123.1345,-0.7071,0.279982,-0.3938,,0.023626,-0.000395,0.0603,0.7071,0.107344,0.028088,-0.2229,0.871155,0.005447,
2023-01-01 00:00:00+00:00,0.00163,-177.0204,-1.0542,0.194337,-1.6728,,-0.061218,0.003665,0.0485,0.9618,-0.331564,-0.054801,-1.1489,0.780642,-0.090512,
2023-01-02 00:00:00+00:00,-0.00245,171.7023,0.0769,0.216071,1.3268,,-0.070759,-0.00515,0.046,1.1125,-0.343191,-0.064643,0.5823,0.803439,0.022797,-0.062268
2023-01-03 00:00:00+00:00,-0.00013,229.1332,1.2642,0.211951,2.695,,-0.065206,0.010429,0.0085,0.9652,-0.326647,-0.059209,0.7665,0.778853,-0.024586,-0.092302
2023-01-04 00:00:00+00:00,-0.000644,164.5248,1.4942,0.280144,0.1049,,-0.03603,-0.013084,-0.1236,-0.7342,-0.114314,-0.029968,1.6409,0.875828,0.096975,0.095185
2023-01-05 00:00:00+00:00,-0.000442,115.7821,1.4792,0.308819,2.5733,,0.01764,-0.061797,-0.3745,-2.124,0.116315,0.03247,1.8391,0.852707,-0.023121,0.049267
2023-01-06 00:00:00+00:00,0.000283,-68.6236,1.0251,0.333537,-1.7805,2.853,-0.064085,0.054946,0.4205,0.3207,-0.191612,-0.059695,0.5543,0.838967,-0.01374,0.060114
2023-01-07 00:00:00+00:00,0.001376,-503.8674,-0.9344,0.147055,-3.968,-0.7213,-0.014037,-0.018205,-0.1632,-0.6491,-0.055032,-0.006282,-0.0029,0.733179,-0.105788,-0.142649
2023-01-08 00:00:00+00:00,0.000262,294.9782,0.2679,0.344346,4.2243,5.1759,0.036386,-0.104949,-0.5938,-2.3752,0.125713,0.040844,0.404,0.851776,0.118598,-0.00093
2023-01-09 00:00:00+00:00,-0.002223,460.1325,1.7648,0.286164,0.8561,4.7051,-0.057636,0.123836,0.5931,-0.1129,-0.191558,-0.050285,0.7529,0.84559,-0.006186,0.006623
2023-01-10 00:00:00+00:00,0.000348,-156.4321,1.0705,0.255769,0.8256,2.8357,0.011819,-0.000128,0.1045,0.2931,0.069673,0.016374,0.5279,0.854739,0.009149,0.12156
2023-01-11 00:00:00+00:00,-0.00018,26.1936,1.0656,0.329111,-0.342,2.3887,-0.092985,0.003987,-0.0106,0.2392,-0.288956,-0.088594,0.1934,0.835757,-0.018982,-0.016019
2023-01-12 00:00:00+00:00,-0.000274,-14.829,0.9412,0.328484,-0.5714,-0.7559,-0.011797,0.00181,-0.0373,0.0739,-0.015208,-0.004679,0.5761,0.86351,0.027753,0.01792
2023-01-13 00:00:00+00:00,0.000122,363.9498,1.8767,0.207317,2.0042,3.0288,-0.014945,-0.016703,0.0854,0.4435,-0.057304,-0.010947,0.2311,0.891813,0.028303,0.037074
2023-01-14 00:00:00+00:00,-0.000114,-144.7124,1.2847,0.331205,-1.9513,5.0455,-0.041908,-0.001083,-0.0989,-0.018,-0.113229,-0.03498,0.8604,0.874581,-0.017232,0.038824
2023-01-15 00:00:00+00:00,0.000692,-456.0626,-0.144,0.252201,-2.7858,-1.9646,-0.047687,-0.001705,0.0162,0.0584,-0.192639,-0.043973,0.0826,0.801684,-0.072897,-0.061826
2023-01-16 00:00:00+00:00,-0.000542,306.7123,0.8109,0.282617,2.1718,-0.6489,-0.002952,0.020811,-0.0324,-0.1004,0.019325,0.005062,-0.0866,0.865974,0.06429,-0.025839
2023-01-17 00:00:00+00:00,-0.000119,74.6871,0.9983,0.387047,2.1335,0.6591,-0.029069,0.006982,0.0221,0.0129,-0.069717,-0.025825,-0.0765,0.873063,0.007089,-0.001517
2023-01-18 00:00:00+00:00,-9.3e-05,351.0671,1.8785,0.261315,-0.4989,0.5021,-0.040817,0.045849,-0.1053,-0.528,-0.146147,-0.035273,0.0183,0.849484,-0.023579,0.0478
2023-01-19 00:00:00+00:00,0.00026,-557.7113,0.194,0.457943,-2.9995,-1.926,-0.060185,-0.045756,0.162,0.338,-0.13074,-0.057674,-0.7401,0.864507,0.015023,-0.001467
2023-01-20 00:00:00+00:00,0.000719,14.1766,0.2322,0.429965,0.8915,-3.0387,0.014266,0.000386,-0.0024,0.3169,0.044574,0.018309,-0.4136,0.863702,-0.000805,-0.009362
2023-01-21 00:00:00+00:00,-0.000268,-402.119,-0.9923,0.295225,-2.5737,-3.6611,-0.040994,0.01443,-0.0363,0.1094,-0.12339,-0.033751,-0.3616,0.848887,-0.014815,-0.000598
2023-01-22 00:00:00+00:00,0.001823,-172.1074,-1.4329,0.284136,-1.1948,-2.0701,-0.0742,-0.010935,0.0258,0.2528,-0.262819,-0.0686,-1.1124,0.830182,-0.018705,-0.034325
2023-01-23 00:00:00+00:00,-0.000628,321.7126,-0.4336,0.392324,1.1096,-3.1324,-0.022412,0.0273,0.0523,0.5466,-0.050241,-0.01886,-1.0014,0.878349,0.048168,0.014647
2023-01-24 00:00:00+00:00,-0.001013,394.7784,0.776,0.345346,2.4491,-2.8168,0.038338,-0.012587,0.0654,0.9051,0.127252,0.041811,-0.3647,0.872035,-0.006314,0.023148
2023-01-25 00:00:00+00:00,0.00016,-196.5321,0.1538,0.258682,-0.3893,-2.7072,-0.034366,0.004526,-0.044,0.6244,-0.129562,-0.031515,0.3131,0.886529,0.014494,0.056347
2023-01-26 00:00:00+00:00,-0.000768,27.8701,0.2389,0.268026,0.4436,0.736,-0.085567,-0.0188,-0.0298,0.4342,-0.326201,-0.080222,0.4651,0.828166,-0.058363,-0.050184
2023-01-27 00:00:00+00:00,0.000469,13.6199,0.2782,0.532733,-1.6714,-1.8269,0.076327,0.00452,-0.0765,-0.037,0.153129,0.079106,0.9462,0.873633,0.045467,0.001598
2023-01-28 00:00:00+00:00,0.00117,-555.9911,-1.4831,0.224886,-2.542,-1.7952,-0.075983,-0.003195,0.0803,0.4582,-0.355554,-0.071763,0.0582,0.811934,-0.061699,-0.074595
2023-01-29 00:00:00+00:00,-0.000314,394.2132,-0.1992,0.281652,2.9708,2.3705,-0.117545,0.01366,-0.0076,0.4021,-0.436925,-0.112772,-0.5654,0.82633,0.014396,-0.001835
2023-01-30 00:00:00+00:00,-0.001372,-96.0453,-0.5063,0.305328,-0.0904,1.1705,0.003151,-0.013527,-0.0624,-0.001,0.021855,0.00634,0.0336,0.88854,0.06221,0.014907
2023-01-31 00:00:00+00:00,0.000293,669.5252,1.6309,0.368325,3.8741,2.5956,0.022847,-0.002293,-0.0125,-0.0821,0.075493,0.026354,0.1305,0.858431,-0.03011,0.046497
2023-02-01 00:00:00+00:00,-0.000391,127.8704,1.8996,0.176793,-1.7937,1.1911,-0.053416,0.013036,0.0123,0.0002,-0.30828,-0.048213,0.1482,0.856718,-0.001712,0.030388
2023-02-02 00:00:00+00:00,-0.000275,188.0518,2.2529,0.26801,6.7926,7.5401,-0.096422,0.004806,0.0077,0.0518,-0.364443,-0.090372,0.9733,0.867037,0.010319,-0.021503
2023-02-03 00:00:00+00:00,-0.000234,122.1612,2.3532,0.443091,1.2789,10.4904,0.064992,0.005197,0.1059,0.7629,0.161048,0.068626,0.4957,0.873156,0.006119,0.014725
2023-02-04 00:00:00+00:00,0.000426,-633.2748,0.636,0.184829,-5.3472,7.6852,-0.04265,-0.025311,-0.1168,-0.0447,-0.238813,-0.039442,0.772,0.8478,-0.025356,-0.008918
2023-02-05 00:00:00+00:00,9.1e-05,-276.2381,-0.1124,0.23115,-3.6018,1.1126,0.036934,0.007652,-0.0636,-0.4833,0.198658,0.041587,0.8252,0.824653,-0.023147,-0.042383
2023-02-06 00:00:00+00:00,0.000151,425.6743,1.0305,0.337586,2.9642,4.1672,-0.068675,0.008964,0.0771,0.0624,-0.202551,-0.064188,0.2989,0.837773,0.01312,-0.035383
2023-02-07 00:00:00+00:00,-0.000649,768.4621,2.7725,0.281599,7.5321,7.8252,0.027003,0.004569,0.1055,0.8035,0.124674,0.032086,0.7729,0.80699,-0.030783,-0.04081
2023-02-08 00:00:00+00:00,-0.000404,220.3602,2.9046,0.213638,3.1753,12.7943,-0.014646,-0.010167,-0.0091,0.7238,-0.058033,-0.011426,0.842,0.862039,0.055049,0.037386
2023-02-09 00:00:00+00:00,0.000628,192.5379,2.9224,0.388424,-1.1671,4.8346,-0.046487,-0.018882,0.014,0.8089,-0.121856,-0.044385,-0.9242,0.825936,-0.036103,-0.011837
2023-02-10 00:00:00+00:00,-0.000232,-1056.5539,0.7916,0.475761,-7.6528,-4.0972,-0.054664,-0.019325,-0.1033,0.0555,-0.113657,-0.052725,0.3731,0.912655,0.086718,0.105664
2023-02-11 00:00:00+00:00,0.001281,-772.6409,-0.7486,0.325601,-6.5048,-5.2548,0.02067,-0.004949,-0.0315,-0.1748,0.074873,0.023089,-0.3314,0.865476,-0.047179,0.003437
2023-02-12 00:00:00+00:00,0.000249,-84.7783,-0.9013,0.230123,-0.9761,-2.6291,-0.006468,0.018819,0.0094,-0.1037,-0.018863,-0.003856,-0.7624,0.801734,-0.063742,-0.024203
2023-02-13 00:00:00+00:00,-0.001091,757.4482,0.6231,0.44192,7.1776,1.5842,0.05615,0.030543,-0.0276,-0.3084,0.13737,0.05811,0.0415,0.87463,0.072896,-0.038025
2023-02-14 00:00:00+00:00,0.000821,3023.2864,4.7469,0.295687,-0.2738,-6.2218,0.007281,0.016487,0.0224,-0.1363,0.030099,0.008325,1.7633,0.847169,-0.027461,-0.018308
2023-02-15 00:00:00+00:00,-0.00197,-1586.9232,2.2708,0.350035,14.0567,4.6597,-0.085475,0.018128,0.1099,0.6997,-0.243577,-0.079599,0.666,0.818276,-0.028893,0.016542
2023-02-16 00:00:00+00:00,0.00015,124.6105,2.2814,0.38829,0.6365,6.4632,-0.004449,-0.029905,-0.0118,0.6002,0.004231,0.001536,0.6412,0.807355,-0.010921,-0.067275
2023-02-17 00:00:00+00:00,0.000225,-430.3385,1.6468,0.312734,-8.057,6.0591,-0.039144,-0.019833,-0.0134,0.4897,-0.111261,-0.031503,0.2472,0.784929,-0.022426,-0.06224
2023-02-18 00:00:00+00:00,0.000679,-889.3323,0.4866,0.246869,-5.1847,7.3792,0.017042,0.010441,-0.0439,0.1434,0.102168,0.022651,-0.7749,0.785064,0.000136,-0.033211
2023-02-19 00:00:00+00:00,9.2e-05,-229.2587,0.1849,0.430825,-1.6677,6.6876,-0.055243,0.004126,0.1013,0.9307,-0.122519,-0.049296,-0.6757,0.74913,-0.035934,-0.058225
2023-02-20 00:00:00+00:00,2.2e-05,672.6962,1.0516,0.227776,5.1547,4.6647,-0.031868,0.006082,-0.0427,0.5842,-0.134911,-0.027407,0.5181,0.789454,0.040324,0.004525
2023-02-21 00:00:00+00:00,-0.000118,132.3304,1.1981,0.248444,1.8288,6.7674,-0.027374,-0.00939,-0.0661,0.0554,-0.099223,-0.022367,1.0938,0.813721,0.024267,0.028657
2023-02-22 00:00:00+00:00,0.000463,359.3166,1.6138,0.264275,2.2304,-5.0589,-0.064384,-0.001349,0.0033,0.0813,-0.250626,-0.061436,0.4801,0.84363,0.02991,0.094501
2023-02-23 00:00:00+00:00,-0.000717,236.7926,1.8421,0.408548,2.8949,-2.8005,-0.005644,0.010323,-0.1644,-1.2301,-0.006003,-0.002334,0.9534,0.839818,-0.003812,0.050365
2023-02-24 00:00:00+00:00,0.000587,-742.7236,0.89,0.300621,-6.2826,-1.0262,-0.16583,0.006814,-0.0743,-1.7644,-0.575612,-0.161746,1.2929,0.846154,0.006335,0.032433
2023-02-25 00:00:00+00:00,0.000662,-975.3886,-0.3405,0.134415,-7.8103,-3.6518,-0.047816,0.000676,-0.0269,-1.897,-0.386894,-0.044161,1.7093,0.826792,-0.019361,-0.016838
2023-02-26 00:00:00+00:00,0.000336,-54.248,-0.4056,0.344338,-0.6262,-2.6104,0.009124,-0.008216,-0.0269,-2.0125,0.033272,0.010876,1.3253,0.849197,0.022405,0.009379
2023-02-27 00:00:00+00:00,-0.000879,250.6357,-0.0831,0.399292,1.4194,-6.3457,0.070909,-0.023133,0.1037,-1.2048,0.194571,0.074508,0.3818,0.876016,0.026819,0.029862
2023-02-28 00:00:00+00:00,-0.00057,122.2468,0.0746,0.173282,0.9077,-7.2668,-0.02625,0.000897,0.1897,0.2183,-0.15046,-0.022279,0.9747,0.802635,-0.073381,-0.024158
2023-03-01 00:00:00+00:00,0.000293,694.2334,0.9658,0.169757,4.1323,-5.3649,-0.045056,-0.014708,-0.0379,-0.0683,-0.273111,-0.040287,0.4302,0.821803,0.019168,-0.027394
2023-03-02 00:00:00+00:00,-0.000263,-367.0131,0.4816,0.355144,-2.0804,-10.3402,-0.005785,0.007171,-0.1082,-0.8813,0.00153,0.000505,1.2131,0.811694,-0.010109,-0.064322
2023-03-03 00:00:00+00:00,-3.9e-05,210.8335,0.7495,0.339363,1.2545,-2.8031,0.047628,-0.000689,0.1017,-0.1032,0.158275,0.050285,1.271,0.842668,0.030973,0.040033
2023-03-04 00:00:00+00:00,0.000343,-661.1085,-0.1217,0.198504,-3.6284,1.3788,-0.007899,-0.000738,0.0535,0.3063,-0.027052,-0.00466,0.1837,0.79219,-0.050478,-0.029613
2023-03-05 00:00:00+00:00,-0.000101,261.0118,0.2235,0.199749,1.7115,3.7165,-0.000807,-0.001381,0.015,0.4186,0.014362,0.002473,-0.3317,0.768153,-0.024036,-0.043541
2023-03-06 00:00:00+00:00,-0.000436,853.0216,1.3371,0.397004,9.7987,12.0959,0.044929,0.004921,0.0063,0.4635,0.130689,0.049384,0.5729,0.856329,0.088176,0.013662
2023-03-07 00:00:00+00:00,-0.00022,-193.8801,1.0621,0.240325,-3.3235,7.8647,0.01234,0.00927,0.0343,0.7246,0.07645,0.016535,0.2026,0.804714,-0.051616,0.012524
2023-03-08 00:00:00+00:00,0.000271,84.7832,1.1547,0.224641,-0.7361,2.9963,-0.073517,0.008401,-0.0393,0.4113,-0.334895,-0.069053,0.4688,0.851564,0.04685,0.083411
2023-03-09 00:00:00+00:00,-0.000516,324.9625,1.5464,0.38208,2.2821,7.3588,-0.00308,0.005124,-0.0622,-0.0821,0.002814,0.001017,0.8976,0.84802,-0.003544,-0.00831
2023-03-10 00:00:00+00:00,0.000454,-513.8807,0.8615,0.336398,-1.2426,4.8617,0.021796,-0.002488,0.047,0.2914,0.074617,0.023393,0.0944,0.850598,0.002579,0.045885
2023-03-11 00:00:00+00:00,-0.000797,6104.6385,6.0715,0.512988,30.6305,39.1207,0.032719,0.029289,0.1626,1.561,0.074695,0.036158,-1.759,0.846103,-0.004495,-0.005461
2023-03-12 00:00:00+00:00,0.001203,-6880.447,-0.1937,0.340535,-40.8895,-3.4803,-0.035861,-0.048067,-0.2426,-0.3672,-0.102456,-0.032778,-0.7614,0.865617,0.019514,0.017597
2023-03-13 00:00:00+00:00,-0.000963,774.504,0.5121,0.322664,5.2651,-8.014,-0.040018,-0.040017,-0.2507,-2.2732,-0.110521,-0.033099,2.9608,0.867842,0.002226,0.017244
2023-03-14 00:00:00+00:00,0.000813,-63.6832,0.4498,0.383279,1.394,-3.2965,-0.009636,0.033449,0.1952,-0.7486,-0.006893,-0.002468,0.9665,0.850284,-0.017559,0.00418
2023-03-15 00:00:00+00:00,-0.0003,-323.6681,0.1489,0.436064,-2.1273,-4.6877,-0.054632,-0.009699,-0.014,-0.8478,-0.122166,-0.051279,0.9661,0.883108,0.032824,0.017491
2023-03-16 00:00:00+00:00,0.000358,-333.098,-0.1607,0.361316,-1.2739,-8.2437,-0.004485,0.024183,0.1172,0.0665,-0.000429,-0.000146,0.3038,0.840587,-0.042521,-0.027256
2023-03-17 00:00:00+00:00,-0.000328,61.4599,-0.1024,0.295819,-0.6551,-7.6561,-0.060225,-0.017552,-0.123,-0.89,-0.202518,-0.055237,0.4155,0.844975,0.004388,-0.005309
2023-03-18 00:00:00+00:00,0.000256,-723.9754,-0.7784,0.460074,-6.7722,-45.0589,0.015668,0.000964,0.0251,-0.686,0.052215,0.022988,1.2319,0.865213,0.020238,-0.017895
2023-03-19 00:00:00+00:00,0.000884,2.0392,-0.7687,0.292394,-0.2528,-4.4222,0.02891,0.004472,0.0385,-0.3796,0.125549,0.033949,0.0404,0.837274,-0.02794,-0.003313
2023-03-20 00:00:00+00:00,-0.001032,296.199,-0.4838,0.323668,2.7889,-6.8984,-0.068377,-0.002315,-0.0698,-0.9232,-0.209561,-0.064138,1.9204,0.869748,0.032474,0.024773
2023-03-21 00:00:00+00:00,0.000108,-200.0784,-0.6687,0.383436,-2.4051,-10.6975,-0.059776,-0.005336,-0.0129,-1.0126,-0.15017,-0.05455,1.5038,0.854334,-0.015413,-0.010879
2023-03-22 00:00:00+00:00,-0.000398,118.583,-0.5508,0.440384,0.0334,-8.5368,0.075673,0.007515,-0.0154,-1.1196,0.18216,0.078151,2.0853,0.919462,0.065128,0.082188
2023-03-23 00:00:00+00:00,0.000254,289.1082,-0.2711,0.434327,4.2983,-2.9646,0.054916,0.007521,-0.0172,-1.2372,0.14111,0.058543,1.9263,0.869892,-0.04957,0.000144
2023-03-24 00:00:00+00:00,-0.00037,54.1988,-0.2174,0.395726,0.2708,-2.0387,0.018311,0.00289,0.0913,-0.5119,0.051989,0.019776,2.3308,0.885264,0.015372,0.03093
2023-03-25 00:00:00+00:00,0.000195,-581.3869,-0.7755,0.175863,-4.9233,-0.1898,0.013493,0.001985,0.0046,-0.4719,0.087279,0.013811,2.2383,0.851771,-0.033493,-0.067691
2023-03-26 00:00:00+00:00,-4.3e-05,-0.6868,-0.769,0.259705,0.9428,1.0058,0.031927,0.009996,0.039,-0.1601,0.147112,0.034718,1.4331,0.808961,-0.04281,-0.060931
2023-03-27 00:00:00+00:00,-5.1e-05,1051.4435,0.2567,0.336872,5.6139,3.8308,0.009203,-0.002526,-0.0125,-0.2592,0.031393,0.009973,1.9908,0.862788,0.053827,-0.022475
2023-03-28 00:00:00+00:00,-6e-06,-56.7988,0.1998,0.321412,3.4564,9.6923,0.014488,0.022652,-0.1477,-1.4256,0.050354,0.015217,1.6536,0.85598,-0.006808,0.004209
2023-03-29 00:00:00+00:00,-0.000244,346.2573,0.5379,0.352281,2.6574,12.3163,0.01721,-0.017711,-0.0562,-1.8301,0.053358,0.017796,2.1273,0.811627,-0.044353,0.002666
2023-03-30 00:00:00+00:00,-2.6e-05,221.7817,0.7408,0.307752,2.1998,10.2177,-0.055038,-0.03844,0.0431,-1.4534,-0.177443,-0.050479,2.4154,0.83098,0.019353,-0.031808
2023-03-31 00:00:00+00:00,0.000357,-541.1084,0.1915,0.291199,-5.4262,4.5208,-0.0314,0.012004,0.0748,-0.8508,-0.105698,-0.029451,2.2864,0.902088,0.071108,0.046108
2023-04-01 00:00:00+00:00,-9.2e-05,-614.0747,-0.4326,0.338413,-4.7987,4.6454,-0.046735,0.013334,0.0126,-0.7347,-0.137085,-0.043549,0.6153,0.828405,-0.073684,0.016778
2023-04-02 00:00:00+00:00,0.001518,-126.0752,-0.5667,0.193087,-1.4642,2.2385,-0.053964,0.003459,0.0576,-0.267,-0.304664,-0.051462,0.4712,0.796138,-0.032266,-0.034842
2023-04-03 00:00:00+00:00,-0.00127,873.9008,0.3035,0.322128,4.8462,1.4708,0.066303,-0.010124,0.0249,-0.0523,0.225638,0.069076,0.8638,0.878974,0.082836,-0.023114
2023-04-04 00:00:00+00:00,6e-06,121.8731,0.4155,0.358941,3.6458,1.6602,-0.055114,0.015993,-0.0627,-0.5435,-0.14817,-0.050054,0.7999,0.851394,-0.02758,0.02299
2023-04-05 00:00:00+00:00,-0.000654,532.114,0.935,0.638455,6.2752,5.2779,-0.038575,-0.003913,-0.0286,-0.8147,-0.056677,-0.035339,1.3556,0.893246,0.041851,0.097107
2023-04-06 00:00:00+00:00,0.000622,-610.3503,0.3085,0.219573,-5.4033,-2.3252,-0.030077,-0.013865,0.0383,-0.483,-0.135486,-0.027154,0.1823,0.848071,-0.045174,-0.030903
2023-04-07 00:00:00+00:00,0.000617,-507.8904,-0.2174,0.17202,-6.1525,-3.0515,-0.032138,-0.010877,-0.1165,-1.4241,-0.196996,-0.029348,0.8246,0.811265,-0.036807,-0.04013
2023-04-08 00:00:00+00:00,0.000944,-317.3687,-0.5459,0.250689,-2.1635,-0.4163,0.103137,0.006855,0.0951,-0.8257,0.456952,0.105084,-0.5641,0.80571,-0.005555,-0.087536
2023-04-09 00:00:00+00:00,0.000145,-42.4389,-0.5866,0.346539,-0.0567,0.9912,-0.06073,0.03277,0.1122,0.2703,-0.176024,-0.056607,-1.0495,0.78612,-0.01959,-0.061951
2023-04-10 00:00:00+00:00,-0.000703,372.4604,-0.2106,0.293931,2.3311,-1.5239,0.041164,-0.03906,-0.2149,-1.7879,0.172428,0.046919,0.1218,0.838753,0.052633,0.027489
2023-04-11 00:00:00+00:00,-0.000961,281.6792,0.0707,0.255998,1.2061,-3.9636,-0.012758,-0.038608,0.0143,-1.6042,-0.028043,-0.00654,0.9184,0.836322,-0.002432,0.030612
2023-04-12 00:00:00+00:00,0.000162,-395.8149,-0.3375,0.453313,-1.2555,-11.4942,0.155077,0.032762,0.0356,-1.2369,0.362188,0.158979,0.4059,0.894308,0.057986,0.108188
2023-04-13 00:00:00+00:00,-7.9e-05,655.6189,0.3286,0.306868,8.0605,1.9696,0.002095,0.023015,-0.2169,-3.0814,0.017229,0.004898,-0.0219,0.842579,-0.051729,0.003825
2023-04-14 00:00:00+00:00,-0.000859,-2.4913,0.3186,0.331191,-2.7996,5.3225,0.00742,-0.024793,0.0531,-2.4816,0.028589,0.008846,0.4717,0.839983,-0.002596,0.003661
2023-04-15 00:00:00+00:00,0.00217,-546.255,-0.2485,0.282374,-4.0784,3.4076,0.022896,0.005162,-0.1033,-3.1453,0.096618,0.025264,1.3272,0.828965,-0.011018,-0.065343
2023-04-16 00:00:00+00:00,0.002077,216.673,-0.0311,0.253572,0.8879,4.3522,0.037217,-0.006867,0.2248,-1.2796,0.175612,0.040776,0.0975,0.826464,-0.002501,-0.016115
2023-04-17 00:00:00+00:00,-0.003643,729.8118,0.7064,0.243011,7.37,9.391,-0.010093,0.015597,0.3019,1.1477,-0.028789,-0.006367,0.3202,0.843222,0.016759,0.003239
2023-04-18 00:00:00+00:00,-0.000893,1787.68,2.4294,0.286404,16.202,24.3869,0.068469,0.010905,0.0914,1.824,0.262228,0.06985,0.9229,0.840615,-0.002607,0.01165
2023-04-19 00:00:00+00:00,-8.4e-05,2160.4134,4.0781,0.460823,23.053,48.6954,0.008074,0.007072,0.1588,2.9089,0.020268,0.009055,1.3725,0.888163,0.047548,0.0617
2023-04-20 00:00:00+00:00,-0.000201,-595.5701,3.284,0.245161,-10.6178,30.0172,-0.039642,-0.003197,-0.086,2.1845,-0.159588,-0.036572,3.0867,0.870825,-0.017338,0.027603
2023-04-21 00:00:00+00:00,0.000904,-2689.3046,0.9973,0.236066,-21.8025,11.0142,-0.013949,0.002126,-0.2519,0.3341,-0.055493,-0.012216,-1.5469,0.847462,-0.023363,0.006847
2023-04-22 00:00:00+00:00,0.002733,-235.0573,0.781,0.245801,-3.6892,11.4034,-0.015968,-0.010524,0.0853,0.9504,-0.063662,-0.014395,-1.4221,0.821016,-0.026446,-0.067147
2023-04-23 00:00:00+00:00,-0.001153,412.0585,1.1042,0.341217,5.3873,15.9027,-0.065462,0.005166,0.1495,1.9911,-0.197001,-0.063635,-1.2732,0.84003,0.019014,-0.030795
2023-04-24 00:00:00+00:00,-0.000332,275.4413,1.3049,0.260241,1.418,9.9508,-0.005591,-0.003328,-0.0761,1.439,-0.010346,-0.0025,-0.8964,0.852034,0.012004,0.004572
2023-04-25 00:00:00+00:00,-9.4e-05,-595.8378,0.7885,0.30351,-4.8452,-11.0964,-0.094426,0.006475,-0.1443,0.4144,-0.331366,-0.093438,0.9869,0.85206,2.6e-05,0.031044
2023-04-26 00:00:00+00:00,0.000113,209.6367,0.943,0.316315,0.778,-33.3714,-0.017072,-0.004045,0.0071,0.4697,-0.052476,-0.015587,1.6952,0.871195,0.019135,0.031165
2023-04-27 00:00:00+00:00,0.00082,-375.3427,0.6146,0.339961,-2.0577,-24.8114,-0.072056,-0.023762,-0.0492,0.1164,-0.22034,-0.071101,0.2259,0.883342,0.012147,0.031308
2023-04-28 00:00:00+00:00,-0.001052,103.4594,0.6837,0.340454,0.6968,-2.312,-0.012603,-0.00541,0.0424,0.4267,-0.042407,-0.013626,0.0533,0.849326,-0.034017,-0.002734
2023-04-29 00:00:00+00:00,0.001832,-224.064,0.4807,0.242672,-1.8908,-0.5136,0.014557,0.005013,-0.0253,0.2505,0.074372,0.016336,-0.4595,0.804635,-0.04469,-0.06656
2023-04-30 00:00:00+00:00,-0.002496,795.5304,1.1278,0.356931,4.3484,-1.5525,0.022524,0.021721,0.22,1.7915,0.069245,0.023249,-0.0228,0.797665,-0.00697,-0.085678
2023-05-01 00:00:00+00:00,-0.001396,2500.773,3.0317,0.656835,30.0639,27.0934,-0.139996,0.012159,0.1933,2.9707,-0.216289,-0.139625,0.8521,0.903361,0.105697,0.054036
2023-05-02 00:00:00+00:00,6.5e-05,1688.8361,3.9352,0.22009,16.4985,48.4371,-0.03191,-0.006407,-0.0471,2.5298,-0.152895,-0.030595,1.9041,0.819291,-0.084071,0.014655
2023-05-03 00:00:00+00:00,5.6e-05,-820.4791,3.1126,0.207736,-10.5161,37.1429,0.014588,0.001384,-0.1733,1.3776,0.100827,0.018365,1.4453,0.799457,-0.019833,0.001792
2023-05-04 00:00:00+00:00,0.000451,160.1037,3.016,0.293309,2.0258,41.2264,-0.031995,-0.004816,0.0551,1.7013,-0.114473,-0.031665,1.2848,0.845687,0.04623,-0.057674
2023-05-05 00:00:00+00:00,-0.00095,6536.5384,5.7111,0.447138,63.3089,103.8385,0.099999,0.003617,-0.0415,1.4077,0.239273,0.101627,2.8154,0.806977,-0.038711,-0.012314
2023-05-06 00:00:00+00:00,-0.000324,-327.0164,4.738,0.48618,-8.9946,96.7347,0.008669,0.004919,0.2615,2.868,0.022041,0.010295,5.572,0.82731,0.020333,0.027852
2023-05-07 00:00:00+00:00,0.000752,-2722.3416,3.2617,0.234019,-22.1853,70.201,0.028963,-0.012767,-0.0057,2.6868,0.148419,0.03035,0.926,0.721343,-0.105966,-0.124344
2023-05-08 00:00:00+00:00,-0.000437,-180.8729,2.9851,0.352059,-8.5776,31.5595,0.049603,0.013147,-0.174,1.6585,0.157337,0.051985,1.3814,0.802205,0.080861,-0.004772
2023-05-09 00:00:00+00:00,0.000501,-1765.7561,2.1916,0.385457,-15.2004,-0.1393,0.031652,-0.006769,-0.0489,1.3627,0.092226,0.033755,1.2724,0.812596,0.010391,-0.014714
2023-05-10 00:00:00+00:00,-1.5e-05,296.6961,2.2156,0.213337,-1.0206,9.3562,0.024878,0.000409,0.0562,1.6463,0.134654,0.026466,2.1116,0.847058,0.034462,0.125715
2023-05-11 00:00:00+00:00,-0.000218,355.7446,2.2534,0.195359,9.3869,16.7173,-0.024704,-0.003455,0.0963,2.1019,-0.129422,-0.022505,5.4522,0.809609,-0.03745,0.007404
2023-05-12 00:00:00+00:00,0.000452,-3447.4672,0.9683,0.303864,-29.4775,-76.0691,-0.003226,-0.003481,-0.2749,0.6099,-0.00364,-0.001047,1.4423,0.852647,0.043039,0.040051
2023-05-13 00:00:00+00:00,0.000918,-2376.7321,0.0882,0.237537,-23.5194,-90.5939,-0.010292,0.012232,-0.1759,-0.3335,-0.037348,-0.007933,0.2943,0.759582,-0.093065,-0.087476
2023-05-14 00:00:00+00:00,0.000367,-151.6632,0.0255,0.350392,-1.1708,-69.5794,-0.099296,0.01386,-0.0111,-0.3903,-0.300409,-0.098251,0.0991,0.765067,0.005484,-0.044542
2023-05-15 00:00:00+00:00,-0.001016,1773.4039,0.6759,0.272646,9.9711,-51.0307,-0.028968,-0.009812,0.1492,0.4065,-0.107948,-0.027654,0.5516,0.849277,0.08421,-0.00337
2023-05-16 00:00:00+00:00,4e-05,-113.3154,0.6249,0.24063,6.2411,-29.5892,0.012062,-0.015213,0.0962,0.9163,0.063957,0.014259,0.6775,0.831038,-0.018239,0.071456
2023-05-17 00:00:00+00:00,0.000196,-415.1555,0.4662,0.217276,-4.449,-33.0176,0.028092,-0.015639,-0.0461,0.6667,0.153001,0.030356,0.1216,0.823112,-0.007926,0.058045
2023-05-18 00:00:00+00:00,-0.000564,35.0685,0.471,0.26048,-4.2409,-46.6454,-0.006288,0.009888,0.1056,1.213,-0.010994,-0.002625,0.1427,0.79544,-0.027671,-0.053837
2023-05-19 00:00:00+00:00,0.000166,-752.0179,0.1877,0.306701,-3.9899,-21.1578,-0.033034,-0.002246,-0.0962,0.6946,-0.106123,-0.030812,0.2945,0.834652,0.039211,0.003614
2023-05-20 00:00:00+00:00,0.001084,-1238.403,-0.271,0.151534,-10.6517,-8.2901,0.002176,-0.047201,-0.3518,-1.1415,0.034601,0.004532,-0.4016,0.786978,-0.047674,-0.036134
2023-05-21 00:00:00+00:00,-0.000173,36.1385,-0.2593,0.223971,-1.3586,-8.4779,0.088937,0.029611,0.1388,-0.4005,0.44464,0.090688,-0.3608,0.784025,-0.002953,-0.011416
2023-05-22 00:00:00+00:00,-0.00102,1277.1265,0.2041,0.3389,9.6342,-8.8148,-0.030416,0.012105,0.2632,0.9719,-0.086413,-0.027445,0.4588,0.78726,0.003235,-0.047392
2023-05-23 00:00:00+00:00,-0.0002,681.7828,0.4469,0.192955,10.444,-4.6119,-0.013014,-0.004056,0.05,1.2119,-0.060137,-0.010515,0.8188,0.810485,0.023225,0.023507
2023-05-24 00:00:00+00:00,2e-05,-981.5364,0.0838,0.308812,-12.6828,-12.8458,0.040846,0.013419,-0.1016,0.6684,0.152134,0.04378,0.1864,0.791665,-0.018819,0.007641
2023-05-25 00:00:00+00:00,0.000143,-699.6793,-0.1761,0.281534,-4.5996,-13.2044,-0.03881,-0.011774,-0.0715,0.2825,-0.142295,-0.036697,0.1485,0.753188,-0.038477,-0.034072
2023-05-26 00:00:00+00:00,-7e-05,-574.2569,-0.3925,0.223372,-3.984,-13.1985,0.049021,0.003273,-0.0052,0.2404,0.251975,0.052016,1.8176,0.835682,0.082494,0.025198
2023-05-27 00:00:00+00:00,0.001361,-619.651,-0.6239,0.250646,-5.7926,-8.3394,0.01097,-0.008656,-0.129,-0.4581,0.056313,0.01307,-0.0627,0.792198,-0.043485,0.000532
2023-05-28 00:00:00+00:00,-0.000445,361.293,-0.4937,0.394713,3.3828,-3.5981,-0.031096,-0.008418,0.214,0.6692,-0.076417,-0.028815,-0.2632,0.803841,0.011644,0.050653
2023-05-29 00:00:00+00:00,-0.001051,795.9341,-0.2051,0.354685,7.2562,-5.9761,-0.069854,0.001203,-0.0119,0.5979,-0.197731,-0.066764,0.5133,0.832205,0.028364,-0.003477
2023-05-30 00:00:00+00:00,2.8e-05,1029.4957,0.17,0.276885,11.8835,-4.5365,0.014837,0.044287,-0.0279,0.4415,0.074561,0.019157,0.6491,0.814909,-0.017296,0.022711
2023-05-31 00:00:00+00:00,0.000112,-767.9192,-0.12,0.193089,-11.0828,-2.9365,0.014881,-0.021823,-0.1114,-0.1607,0.092658,0.016546,0.684,0.866213,0.051304,0.062372
2023-06-01 00:00:00+00:00,0.000292,77.8786,-0.0957,0.116624,2.6447,4.3078,-0.010834,-0.007061,0.2187,0.9925,-0.073435,-0.007589,-0.1571,0.884049,0.017836,0.051844
2023-06-02 00:00:00+00:00,4.5e-05,-751.1453,-0.3801,0.271462,-9.3641,-1.0723,0.034222,-0.041432,-0.3407,-0.8102,0.154022,0.039236,0.4598,0.866374,-0.017675,0.051465
2023-06-03 00:00:00+00:00,0.000959,-882.8612,-0.7083,0.315925,-6.2595,-1.5392,0.086692,0.025706,0.0528,-0.5215,0.301733,0.089435,-0.1195,0.784558,-0.081816,-0.081655
2023-06-04 00:00:00+00:00,0.000651,-215.0246,-0.7811,0.235423,-1.8182,-6.7401,0.026858,0.010413,0.039,-0.3086,0.139637,0.029612,-0.4478,0.755214,-0.029344,-0.128835
2023-06-05 00:00:00+00:00,-0.001744,1391.4457,-0.2656,0.467694,5.653,-8.3432,-0.038308,-0.032592,-0.1,-0.8225,-0.081688,-0.037251,0.8862,0.917441,0.162226,0.051066
2023-06-06 00:00:00+00:00,0.00018,-858.0007,-0.5815,0.378754,-2.0372,-22.264,0.027809,0.032426,0.127,-0.1478,0.076283,0.027751,0.583,0.89262,-0.024821,0.108062
2023-06-07 00:00:00+00:00,0.000993,-357.9785,-0.7074,0.221286,-2.491,-13.6722,0.013409,-0.000663,-0.0781,-0.5549,0.051649,0.010657,0.7448,0.889151,-0.003469,0.133936
2023-06-08 00:00:00+00:00,0.00049,9.9622,-0.6995,0.251253,0.4918,-15.8251,0.009325,0.005569,0.1529,0.2505,0.033404,0.007746,0.0524,0.853578,-0.035573,-0.063863
2023-06-09 00:00:00+00:00,7e-06,-300.8796,-0.7939,0.3642,-1.8969,-8.3579,0.026729,-0.016312,-0.2479,-1.0338,0.080437,0.027575,0.4051,0.817334,-0.036244,-0.075286
2023-06-10 00:00:00+00:00,-0.000286,301.1538,-0.6809,0.273691,0.8489,-1.2495,0.007785,0.019562,-0.0721,-1.3864,0.034873,0.008904,0.8618,0.866009,0.048675,-0.023141
2023-06-11 00:00:00+00:00,0.002218,-692.8607,-0.9315,0.386717,-3.628,-3.0594,-0.14559,0.041657,-0.1863,-2.3099,-0.394403,-0.144326,-0.395,0.81074,-0.05527,-0.042838
2023-06-12 00:00:00+00:00,-0.001735,26.6757,-0.9125,0.31641,-1.2288,-9.9412,-0.065342,-0.043262,0.3344,-0.5944,-0.217175,-0.065089,-0.1723,0.866076,0.055337,0.048743
2023-06-13 00:00:00+00:00,0.000355,-60.3834,-0.9274,0.374444,-0.8907,-8.7946,-0.062886,-0.001779,0.0249,-0.4688,-0.172714,-0.061567,-0.561,0.850481,-0.015595,-0.015528
2023-06-14 00:00:00+00:00,-0.001058,567.9992,-0.7152,0.418298,3.8022,-2.5014,-0.230903,-0.026803,-0.0734,-0.8327,-0.566258,-0.229403,0.2467,0.878143,0.027661,0.067403
2023-06-15 00:00:00+00:00,-0.001188,-307.9963,-0.826,0.274941,-0.3639,-3.3572,0.044012,-0.010663,-0.0879,-1.2656,0.176633,0.045503,1.3472,0.846952,-0.03119,-0.019124
2023-06-16 00:00:00+00:00,0.000582,54.1514,-0.8075,0.364086,-1.6278,-3.0881,-0.142178,-0.009789,0.082,-0.8433,-0.406124,-0.14202,0.9311,0.871634,0.024682,0.021153
2023-06-17 00:00:00+00:00,0.001338,-262.5691,-0.9046,0.274897,-1.8737,-5.8107,-0.012204,0.012615,-0.0689,-1.1733,-0.041511,-0.010762,-0.3161,0.836447,-0.035187,-0.041695
2023-06-18 00:00:00+00:00,0.001454,-231.9838,-0.9863,0.334893,-0.5983,-2.781,-0.015409,-0.070017,0.1041,-0.6502,-0.047157,-0.014801,-0.5169,0.776691,-0.059757,-0.070262
2023-06-19 00:00:00+00:00,-0.001139,354.5646,-0.855,0.318761,2.4023,0.85,0.065259,0.02244,-0.0174,-0.7368,0.223944,0.067249,-0.1669,0.823608,0.046917,-0.048026
2023-06-20 00:00:00+00:00,-0.000778,9.0917,-0.8507,0.315628,-1.3422,0.3985,-0.031782,0.013425,0.3283,0.8916,-0.097699,-0.029153,0.0329,0.842781,0.019173,0.006334
2023-06-21 00:00:00+00:00,-0.00067,245.6486,-0.7588,0.313189,2.1414,-1.2623,-0.014227,0.020366,-0.2239,-0.2391,-0.037585,-0.011195,0.9088,0.876492,0.033711,0.099801
2023-06-22 00:00:00+00:00,-1.8e-05,-446.3659,-0.9191,0.260235,-2.1717,-3.0701,-0.01356,0.011374,0.0874,0.1941,-0.040374,-0.00992,0.044,0.877762,0.00127,0.054154
2023-06-23 00:00:00+00:00,0.000698,192.9665,-0.8487,0.337473,0.6535,-0.7887,0.011227,0.04668,-0.1466,-0.5429,0.045268,0.014351,-0.7083,0.820112,-0.057649,-0.022669
2023-06-24 00:00:00+00:00,0.001731,-410.3239,-0.9978,0.330191,-2.8604,-1.7754,0.017478,-0.082145,0.225,0.5802,0.065741,0.020448,-1.1913,0.820611,0.000499,-0.055881
2023-06-25 00:00:00+00:00,-7e-06,-180.8573,-1.053,0.411015,-0.8333,-2.0104,0.162753,0.029951,-0.0578,0.2832,0.420194,0.165024,-1.3365,0.833301,0.01269,-0.04446
2023-06-26 00:00:00+00:00,-0.001105,115.1955,-1.001,0.314501,0.659,-3.7537,-0.020512,0.048528,-0.1185,-0.3221,-0.065871,-0.019826,-0.5841,0.878999,0.045697,0.058887
2023-06-27 00:00:00+00:00,-0.001104,399.7195,-0.8468,0.236744,1.326,-1.0856,-0.034944,-0.022737,0.1318,0.3285,-0.153328,-0.033572,-0.2024,0.817668,-0.061331,-0.002943
2023-06-28 00:00:00+00:00,-0.000453,149.1451,-0.7845,0.281313,3.3284,0.1014,0.063503,0.009278,-0.076,-0.0717,0.246027,0.065781,0.4611,0.875382,0.057714,0.04208
2023-06-29 00:00:00+00:00,-0.000674,1352.1809,-0.2957,0.262021,10.7302,13.0032,-0.026054,0.006176,0.1639,0.7538,-0.100795,-0.024871,0.3055,0.845883,-0.029499,-0.033116
2023-06-30 00:00:00+00:00,-0.000123,-312.0354,-0.4132,0.303376,-1.7662,10.5836,-0.036345,-0.021484,-0.147,-0.0103,-0.114488,-0.033116,0.6699,0.879883,0.034,0.062215
2023-07-01 00:00:00+00:00,0.001377,-1274.2013,-0.8749,0.294833,-11.0386,2.4053,0.044997,0.001572,0.0018,-0.0057,0.188016,0.05044,-0.6203,0.76605,-0.113833,-0.109331
2023-07-02 00:00:00+00:00,0.00084,-263.839,-0.9609,0.301605,-2.0104,1.2283,-0.004841,0.024079,0.0081,0.0323,-0.009279,-0.002596,-1.1366,0.78235,0.0163,-0.063532
2023-07-03 00:00:00+00:00,-0.001222,608.2054,-0.735,0.33395,4.4195,4.9888,0.075461,-0.008119,0.0585,0.3243,0.248793,0.078444,-0.1213,0.838349,0.055998,-0.041534
2023-07-04 00:00:00+00:00,0.002501,907.7569,-0.4041,0.287654,-0.979,2.6839,-0.032422,0.008836,-0.0919,-0.1593,-0.109166,-0.02859,-1.1176,0.78036,-0.057989,0.01431
2023-07-05 00:00:00+00:00,0.003861,2188.9215,0.3777,0.29897,34.2277,33.5832,-0.08969,-0.004046,0.0666,0.1777,-0.288742,-0.077394,-2.3297,0.805085,0.024725,0.022734
2023-07-06 00:00:00+00:00,-0.004427,-1057.4735,-0.0109,0.32614,-17.6709,5.1821,0.00446,0.011353,0.2278,1.3323,0.026637,0.008123,-1.6022,0.828243,0.023159,-0.010105
2023-07-07 00:00:00+00:00,-0.003255,-879.6367,-0.3344,0.272077,-6.5907,0.3575,0.01247,0.022369,0.0659,1.6282,0.060275,0.015271,-0.5662,0.83525,0.007006,0.05489
2023-07-08 00:00:00+00:00,0.000781,-1308.4967,-0.8079,0.245651,-10.2623,1.1339,0.010964,-0.041175,-0.0983,1.1012,0.059799,0.013413,-0.5575,0.789084,-0.046165,-0.016
2023-07-09 00:00:00+00:00,0.000591,-193.6898,-0.8731,0.283515,-1.6951,1.4492,-0.01685,0.02932,-0.0761,0.6957,-0.053664,-0.013877,-0.5482,0.758495,-0.030589,-0.069748
2023-07-10 00:00:00+00:00,-0.00013,445.1469,-0.7086,0.22897,2.4906,-0.4797,-0.028752,-0.027765,-0.2235,-0.4653,-0.119083,-0.024714,0.2911,0.807317,0.048822,-0.027932
2023-07-11 00:00:00+00:00,-0.00068,34.2972,-0.6953,0.238802,1.0082,1.5074,0.000446,0.004824,0.0294,-0.3239,0.01959,0.004261,0.3106,0.806258,-0.001059,0.017174
2023-07-12 00:00:00+00:00,0.00036,567.0066,-0.4894,0.256055,1.0063,-31.7139,0.010606,0.024319,0.1367,0.3696,0.054423,0.012874,0.0489,0.820199,0.013941,0.061704
2023-07-13 00:00:00+00:00,-0.000353,541.3966,-0.2953,0.369682,3.0926,-10.9505,-0.036704,-0.040426,0.0429,0.5833,-0.090412,-0.03175,0.9216,0.860476,0.040277,0.053159
2023-07-14 00:00:00+00:00,-0.000129,-846.5941,-0.6009,0.319577,-1.1895,-5.5492,0.0251,0.005536,-0.2338,-0.7527,0.093668,0.028249,0.6737,0.843349,-0.017127,0.03709
2023-07-15 00:00:00+00:00,0.001421,-1083.7325,-0.9831,0.277687,-8.3956,-3.6825,0.009076,0.030367,0.0364,-0.5627,0.043497,0.011234,-0.9549,0.80613,-0.037219,-0.014069
2023-07-16 00:00:00+00:00,-0.00035,186.1062,-0.9048,0.321914,1.6972,-0.2902,-0.011639,-0.007123,0.2502,0.8734,-0.016922,-0.004967,-0.8723,0.750134,-0.055996,-0.110342
2023-07-17 00:00:00+00:00,-0.00109,620.7951,-0.6694,0.306718,5.4275,2.6466,-0.035699,0.00602,0.1141,1.5058,-0.108774,-0.031033,-0.7055,0.819096,0.068962,-0.024253
2023-07-18 00:00:00+00:00,-0.000101,877.4188,-0.3412,0.351878,11.2964,12.9349,-0.062058,-0.000326,-0.2172,0.2851,-0.177001,-0.059695,0.4335,0.867669,0.048573,0.061539
2023-07-19 00:00:00+00:00,-7.8e-05,-488.7521,-0.5025,0.269878,-8.6439,3.2847,0.00713,0.002179,-0.0083,0.2483,0.038506,0.009751,0.2392,0.847362,-0.020307,0.097228
2023-07-20 00:00:00+00:00,0.000134,117.6659,-0.4539,0.279901,0.9305,1.1226,-0.03352,0.010155,0.1462,1.0763,-0.118656,-0.030918,-0.3293,0.815476,-0.031886,-0.003619
2023-07-21 00:00:00+00:00,8.2e-05,214.4658,-0.3724,0.156153,0.2669,2.5791,-0.02352,-0.02094,-0.0674,0.6786,-0.133296,-0.018481,0.4903,0.852484,0.037008,-0.015184
2023-07-22 00:00:00+00:00,-0.000256,-1027.7323,-0.7316,0.186276,-6.7933,4.1813,0.042301,0.033602,0.017,0.7804,0.273121,0.045586,-0.1338,0.797212,-0.055272,-0.05015
2023-07-23 00:00:00+00:00,0.000794,114.5774,-0.6786,0.259672,-0.8286,1.6555,-0.007332,-0.009652,0.0181,0.8793,-0.021927,-0.005213,-0.6715,0.763154,-0.034059,-0.052323
2023-07-24 00:00:00+00:00,-0.000464,1276.0186,-0.2178,0.306674,13.4097,9.6377,-0.044148,-0.01785,0.027,1.0145,-0.139366,-0.039962,-0.4509,0.825766,0.062612,-0.026719
2023-07-25 00:00:00+00:00,-0.000127,-252.7916,-0.3039,0.181355,-2.1247,-3.7835,-0.007844,-0.00439,0.06,1.3274,-0.036005,-0.005949,-0.8356,0.843803,0.018038,0.046591
2023-07-26 00:00:00+00:00,0.000163,-317.5476,-0.4132,0.223883,-2.0972,2.7633,-0.013695,-0.016514,-0.0755,0.8799,-0.055767,-0.011588,-0.7661,0.850225,0.006422,0.087071
2023-07-27 00:00:00+00:00,-0.000106,471.2684,-0.2414,0.248121,-0.3062,1.5266,-0.014765,0.007133,-0.0079,0.8199,-0.050261,-0.01134,-0.5829,0.779087,-0.071138,-0.046678
2023-07-28 00:00:00+00:00,-0.000127,662.7334,-0.0047,0.296184,2.177,3.4367,-0.048284,0.012478,-0.0638,0.4492,-0.165581,-0.045824,-0.2076,0.81521,0.036123,-0.028593
2023-07-29 00:00:00+00:00,0.000255,-1645.4823,-0.5843,0.197821,-7.3185,2.9116,-0.042516,0.010603,0.0198,0.5639,-0.231515,-0.03956,-0.2869,0.734176,-0.081034,-0.116049
2023-07-30 00:00:00+00:00,0.000513,-187.179,-0.6347,0.27054,-3.8885,-0.1483,0.068554,-0.000306,-0.1177,-0.0816,0.277414,0.06835,0.1486,0.746383,0.012207,-0.032704
2023-07-31 00:00:00+00:00,-4e-05,441.7028,-0.4587,0.196462,4.5037,-9.0543,-0.03263,-0.013492,-0.1889,-1.1487,-0.167224,-0.02997,0.1516,0.843087,0.096704,0.027877
2023-08-01 00:00:00+00:00,-0.000721,-94.0903,-0.4765,0.292629,0.8349,-6.0947,-0.016579,-0.027397,0.4222,1.2892,-0.048957,-0.013496,-0.8436,0.849248,0.006161,0.115072
2023-08-02 00:00:00+00:00,-9.6e-05,107.0084,-0.42,0.324202,0.3353,-3.6622,-0.054329,0.023463,-0.0942,0.7497,-0.166523,-0.050698,0.3388,0.821826,-0.027422,0.075443
2023-08-03 00:00:00+00:00,0.000195,-159.5149,-0.4762,0.267491,-3.9578,-7.3138,-0.04331,-0.01007,-0.1056,0.146,-0.160269,-0.03953,0.2031,0.80003,-0.021796,-0.043057
2023-08-04 00:00:00+00:00,0.000227,-319.285,-0.6272,0.269124,-1.4392,-10.93,0.009631,-0.014999,-0.0744,-0.265,0.049822,0.012482,0.1588,0.822823,0.022793,-0.026425
2023-08-05 00:00:00+00:00,8e-06,-347.4963,-0.8082,0.143791,-2.2054,-5.8169,-0.015626,-0.033286,0.5261,2.8279,-0.115934,-0.013905,-0.4998,0.747671,-0.075151,-0.074155
2023-08-06 00:00:00+00:00,0.001314,-172.6177,-0.9342,0.259233,-1.252,-3.1804,-0.00657,0.041084,-0.2568,1.3153,-0.019149,-0.004514,-0.9568,0.759331,0.011659,-0.040699
2023-08-07 00:00:00+00:00,-0.001304,937.5209,-0.3818,0.28468,7.2187,-0.4655,-0.074143,0.001251,0.0333,1.4938,-0.260442,-0.068649,-0.2567,0.814259,0.054928,-0.008564
2023-08-08 00:00:00+00:00,-5.6e-05,77.7715,-0.3166,0.302573,3.2559,1.9555,0.004597,-0.025237,0.0312,1.661,0.028074,0.007878,-0.0721,0.8069,-0.007359,0.059228
2023-08-09 00:00:00+00:00,-0.000332,-213.6862,-0.4792,0.186908,-4.2829,-2.6627,-0.016294,0.009469,-0.3572,-0.3921,-0.081807,-0.013839,0.9253,0.826183,0.019283,0.066852
2023-08-10 00:00:00+00:00,9e-05,32.1919,-0.4379,0.212666,1.2029,2.498,-0.026465,0.029645,0.1546,0.5176,-0.126338,-0.024189,-0.1705,0.779705,-0.046478,-0.034554
2023-08-11 00:00:00+00:00,-3.5e-05,-380.0088,-0.7537,0.251518,-3.2566,0.6806,0.007835,0.003168,-0.0651,0.1237,0.043423,0.010063,-0.2256,0.792028,0.012322,-0.014872
2023-08-12 00:00:00+00:00,0.000858,-475.665,-1.1496,0.288804,-4.1582,-1.2723,0.069894,-0.012336,0.0905,0.6435,0.264242,0.071554,-0.1005,0.7856,-0.006428,-0.040583
2023-08-13 00:00:00+00:00,0.000645,-10.2629,-1.161,0.188053,-0.3977,-0.418,-0.082337,0.012625,-0.0587,0.2924,-0.482818,-0.079188,-1.1215,0.735102,-0.050497,-0.044603
2023-08-14 00:00:00+00:00,-0.000861,734.3213,-0.4672,0.235423,6.5135,-1.1232,0.021839,-0.016315,-0.0303,0.1183,0.12109,0.025797,-0.015,0.785442,0.05034,-0.006586
2023-08-15 00:00:00+00:00,-0.000719,498.3731,0.0492,0.19486,2.5284,-1.8506,0.006986,0.003122,0.0205,0.2407,0.070277,0.011904,0.1928,0.765428,-0.020014,-0.020172
2023-08-16 00:00:00+00:00,4.5e-05,465.2122,0.5752,0.239362,5.5988,8.0311,-0.021207,-0.015613,0.1816,1.3089,-0.079048,-0.017293,-0.0728,0.81494,0.049512,0.079838
2023-08-17 00:00:00+00:00,0.000156,887.6243,1.5546,0.270978,-0.3396,6.4886,0.002219,0.027849,-0.0974,0.7273,0.016262,0.00415,0.3215,0.860985,0.046045,0.075544
2023-08-18 00:00:00+00:00,-0.000422,-1437.591,0.0084,0.364211,-4.2647,5.4805,0.023266,-0.016923,-0.1279,-0.0465,0.070564,0.024631,0.9965,0.869337,0.008351,0.103909
2023-08-19 00:00:00+00:00,0.000502,-1108.6771,-1.1722,0.324341,-9.2228,0.4159,0.030708,0.015298,-0.1982,-1.2272,0.104708,0.031989,0.7467,0.809659,-0.059678,-0.005281
2023-08-20 00:00:00+00:00,0.00112,47.1448,-1.1122,0.275835,-0.4132,0.4005,0.029235,-9.7e-05,0.2036,-0.0029,0.121396,0.031125,-1.1484,0.805858,-0.003801,-0.055128
2023-08-21 00:00:00+00:00,-0.00091,828.6011,-0.1568,0.234964,5.9106,-0.2025,-0.00922,-0.004969,0.1269,0.761,-0.034795,-0.007574,-0.2429,0.842755,0.036898,-0.026581
2023-08-22 00:00:00+00:00,-0.000514,926.8601,0.9957,0.499803,4.8126,2.0817,-0.000171,0.008786,0.0573,1.0902,0.001469,0.000704,-0.4135,0.827726,-0.01503,0.018067
2023-08-23 00:00:00+00:00,-5.8e-05,-937.2398,-0.1395,0.302714,-5.3328,-8.8499,0.044408,-0.031172,-0.0131,0.9943,0.158393,0.045626,-0.3491,0.845758,0.018032,0.0399
2023-08-24 00:00:00+00:00,-0.00013,-275.5413,-0.4695,0.31452,-0.5577,-9.068,-0.019839,-0.009085,-0.0188,0.8677,-0.061814,-0.01811,-0.8657,0.775933,-0.069825,-0.066822
2023-08-25 00:00:00+00:00,0.000209,266.3013,-0.1315,0.245081,2.9434,-1.8599,0.009372,0.025886,0.0414,1.0877,0.046784,0.010587,0.2512,0.805607,0.029674,-0.022118
2023-08-26 00:00:00+00:00,0.000794,-1022.1013,-1.3793,0.173085,-8.947,-1.5841,-0.041669,-0.024079,-0.3622,-1.0265,-0.280153,-0.0413,-0.8719,0.694284,-0.111323,-0.151473
2023-08-27 00:00:00+00:00,0.001429,-25.3203,-1.3838,0.374727,-0.3678,-1.5387,0.095982,-0.000386,0.0911,-0.4832,0.272663,0.097151,-1.7618,0.797402,0.103117,0.021468
2023-08-28 00:00:00+00:00,-0.001696,1448.002,0.4812,0.218163,12.8346,5.3853,-0.04241,0.017182,0.3932,1.7697,-0.199983,-0.039584,-0.3536,0.786138,-0.011263,-0.019469
2023-08-29 00:00:00+00:00,-0.000373,589.5107,1.293,0.279353,-1.4026,-0.8299,-0.039216,-0.007286,-0.164,0.8093,-0.136602,-0.035545,-0.1195,0.819567,0.033429,0.125283
2023-08-30 00:00:00+00:00,-1e-06,-944.3761,0.0514,0.308807,-3.0705,1.4324,-0.037925,0.001577,-0.2168,-0.4234,-0.12183,-0.035123,0.161,0.792233,-0.027334,-0.005169
2023-08-31 00:00:00+00:00,-5e-06,-97.942,-0.0687,0.311587,-1.6579,0.3322,-0.073865,0.011471,0.1204,0.2548,-0.243153,-0.071484,-0.1932,0.835095,0.042862,0.048956
2023-09-01 00:00:00+00:00,0.00065,-444.128,-0.6807,0.266663,-4.7433,-7.3545,-0.003444,-0.0081,-0.1128,-0.4074,-0.006671,-0.001651,0.4436,0.810327,-0.024768,-0.009241
2023-09-02 00:00:00+00:00,0.001089,-619.2496,-1.5118,0.295146,-2.5182,-0.9257,0.009499,-0.039356,-0.2628,-1.8911,0.042572,0.011691,0.8581,0.773733,-0.036594,-0.018501
2023-09-03 00:00:00+00:00,-0.000528,-7.8357,-1.4955,0.307202,-0.0411,-0.599,0.05154,-0.015864,-0.0507,-2.1344,0.187931,0.053153,-1.3894,0.710145,-0.063587,-0.12495
2023-09-04 00:00:00+00:00,0.000101,415.7654,-0.8972,0.492978,2.9053,-10.5282,-0.119273,0.064987,0.5118,0.73,-0.246313,-0.118098,-1.3661,0.861655,0.15151,0.051328
2023-09-05 00:00:00+00:00,0.000172,156.7908,-0.6677,0.238114,0.1265,-8.9991,-0.023938,-0.019245,-0.143,-0.0842,-0.097506,-0.02133,-0.8314,0.804428,-0.057227,0.030695
2023-09-06 00:00:00+00:00,-0.001724,194.5131,-0.3906,0.297665,3.1192,-2.8094,0.002156,-0.021401,-0.0473,-0.3491,0.012903,0.00359,0.0484,0.801102,-0.003326,0.090957
2023-09-07 00:00:00+00:00,0.000682,-46.0419,-0.4507,0.359269,-1.5998,-2.7512,-0.039662,0.017813,0.0811,0.092,-0.110297,-0.037665,-0.3707,0.814151,0.013049,-0.047504
2023-09-08 00:00:00+00:00,-8.3e-05,-313.3678,-0.8683,0.233102,-3.4416,-1.4496,-0.023475,0.01077,0.0342,0.2682,-0.10227,-0.021977,0.3303,0.800389,-0.013762,-0.004039
2023-09-09 00:00:00+00:00,0.001005,-572.3313,-1.6261,0.196563,-2.4495,-1.3809,-0.046689,-0.020065,-0.0545,-0.0903,-0.26022,-0.044454,-1.0149,0.70118,-0.09921,-0.099922
2023-09-10 00:00:00+00:00,0.00105,-92.4156,-1.714,0.313089,-0.7429,-2.0827,0.017992,0.016469,0.0191,0.0135,0.063285,0.01857,-1.7946,0.782317,0.081137,-0.031834
2023-09-11 00:00:00+00:00,-0.00128,1237.8816,-0.0602,0.18799,5.7869,0.7988,-0.004457,-0.026755,-0.218,-1.3492,-0.014415,-0.002514,0.9411,0.876716,0.094399,0.076327
2023-09-12 00:00:00+00:00,-0.000238,-623.1734,-0.8839,0.073828,-1.4743,-0.802,-0.0003,-0.035882,-0.2122,-2.601,0.009795,0.000674,2.5926,0.955328,0.078612,0.254149
2023-09-13 00:00:00+00:00,0.000278,350.8712,-0.4129,0.27667,9.1431,5.2219,0.000287,-0.162558,-0.6559,-5.4681,0.125442,0.029565,6.7339,0.848002,-0.107326,0.065685
2023-09-14 00:00:00+00:00,-0.001066,-43.0544,-0.4678,0.324995,-7.4472,-0.6256,-0.017993,0.203679,0.8964,-0.9115,-0.050347,-0.015431,1.1068,0.804077,-0.043925,-0.072639
2023-09-15 00:00:00+00:00,0.000284,-182.467,-0.7102,0.242685,-1.6384,1.1776,-0.041035,0.022639,0.193,0.0581,-0.173098,-0.038807,-0.0131,0.809946,0.005869,-0.145382
2023-09-16 00:00:00+00:00,0.001182,-667.3585,-1.5794,0.228992,-4.2149,-0.5878,-0.04899,-0.00729,-0.0658,-0.296,-0.228437,-0.047852,-0.8203,0.774161,-0.035785,-0.073841
2023-09-17 00:00:00+00:00,0.000786,-139.9521,-1.722,0.241035,-0.8111,-0.6559,0.019438,0.003936,-0.0256,-0.4435,0.098034,0.021204,-1.6374,0.714631,-0.05953,-0.089446
2023-09-18 00:00:00+00:00,-0.001263,732.6806,-0.7615,0.317918,4.3746,-2.0682,0.000806,-0.008659,0.0652,-0.0933,0.009201,0.002727,-0.3171,0.786982,0.072351,-0.022964
2023-09-19 00:00:00+00:00,-0.000295,-345.6348,-1.1884,0.233478,-1.5149,-2.1088,-0.019056,0.006289,-0.0097,-0.1519,-0.078686,-0.016891,-0.3328,0.806076,0.019094,0.031915
2023-09-20 00:00:00+00:00,-0.000235,221.9097,-0.8973,0.30293,1.0632,-10.1887,0.00643,-0.007749,0.0075,-0.1144,0.030869,0.00877,0.1959,0.798457,-0.007619,0.083826
2023-09-21 00:00:00+00:00,0.000251,453.5371,-0.3147,0.334107,0.1613,-2.5802,-0.042682,-0.059512,-0.4484,-2.411,-0.112065,-0.034693,2.2594,0.802781,0.004324,0.015799
2023-09-22 00:00:00+00:00,0.000654,-1002.4997,-1.5816,0.257932,-3.699,-4.6407,-0.012819,0.073744,0.3752,-0.4663,-0.043449,-0.01034,0.0142,0.774742,-0.028039,-0.031334
2023-09-23 00:00:00+00:00,0.002377,-167.2671,-1.768,0.410366,-1.6435,-2.0694,-0.005119,-0.002521,-0.0951,-0.9432,-0.00863,-0.003349,-0.5464,0.722087,-0.052656,-0.07637
2023-09-24 00:00:00+00:00,-0.00104,-43.5789,-1.7895,0.341969,-0.2026,-1.4608,0.015133,0.004211,0.1056,-0.4059,0.050787,0.016235,-1.4072,0.742146,0.020059,-0.060635
2023-09-25 00:00:00+00:00,-0.001753,537.9265,-1.1062,0.244271,4.0297,-1.8058,-0.026222,-0.011438,0.0786,-0.0023,-0.106117,-0.023326,-0.2898,0.760262,0.018116,-0.014481
2023-09-26 00:00:00+00:00,-0.000443,221.8601,-0.8225,0.196831,2.1541,1.8632,-0.054814,-0.00781,-0.0115,-0.0661,-0.295963,-0.052534,-0.2999,0.790885,0.030623,0.068798
2023-09-27 00:00:00+00:00,-3.8e-05,-287.7955,-1.1529,0.367965,-3.1756,-2.3757,-0.022626,-0.001844,-0.007,-0.0972,-0.062086,-0.021478,0.166,0.778896,-0.011989,0.03675
2023-09-28 00:00:00+00:00,-5.9e-05,-56.7894,-1.1958,0.33813,-0.5859,-3.1229,0.004437,0.021944,-0.0666,-0.4396,0.020535,0.006542,0.1031,0.812547,0.033651,0.052286
2023-09-29 00:00:00+00:00,0.000439,-194.3004,-1.4107,0.336077,-1.1992,-0.6231,0.013182,0.002382,-0.001,-0.4441,0.046544,0.014818,-0.0642,0.837192,0.024645,0.046307
2023-09-30 00:00:00+00:00,6.7e-05,-151.8562,-1.5704,0.323264,-0.7885,0.2319,-0.071889,0.001709,0.1102,0.1185,-0.226985,-0.069919,-0.4285,0.830626,-0.006566,0.05173
2023-10-01 00:00:00+00:00,0.001004,-38.9957,-1.5772,0.264768,-0.544,-0.1096,-0.010387,-0.004247,-0.0211,0.0093,-0.03144,-0.007809,-1.1059,0.829781,-0.000845,0.017234
2023-10-02 00:00:00+00:00,-0.001526,882.6486,-0.5093,0.283776,7.0473,2.9081,-0.013215,-0.002448,0.1575,0.8046,-0.036709,-0.009827,-0.0578,0.864231,0.03445,0.027039
2023-10-03 00:00:00+00:00,0.000455,-501.5797,-1.1427,0.263179,-4.096,-3.342,-0.052175,0.00359,-0.0929,0.3212,-0.201445,-0.049545,-0.3795,0.82428,-0.039951,-0.006347
2023-10-04 00:00:00+00:00,-0.000128,-209.3316,-1.4128,0.38698,-1.5251,-1.6914,0.052646,4.2e-05,-0.079,-0.0735,0.146342,0.054428,-0.3813,0.844179,0.0199,0.014398
2023-10-05 00:00:00+00:00,0.000911,-68.4466,-1.4743,0.265022,-0.9256,-2.0311,-0.013229,-0.000175,-0.0188,-0.1555,-0.044453,-0.010982,-0.6761,0.815673,-0.028507,-0.048558
2023-10-06 00:00:00+00:00,-0.000185,-84.7074,-1.5494,0.275752,-0.3635,-1.1954,0.000343,0.002424,-0.0387,-0.3451,0.010282,0.002652,-0.4684,0.817771,0.002098,-0.006509
2023-10-07 00:00:00+00:00,0.000144,-202.0692,-1.7686,0.272417,-1.4878,-1.8946,0.009225,-0.018139,-0.0454,-0.5711,0.044843,0.011439,0.1227,0.790582,-0.027189,-0.053598
2023-10-08 00:00:00+00:00,0.000472,17.1928,-1.6959,0.373711,0.0643,-1.2864,-0.03071,0.02491,0.1401,0.1535,-0.078814,-0.028109,-1.0781,0.823966,0.033385,0.008294
2023-10-09 00:00:00+00:00,-0.001095,203.2268,-1.4008,0.322622,1.6532,-6.6805,-0.035121,0.004791,0.0078,0.1868,-0.106085,-0.032048,-0.2727,0.817677,-0.00629,-9.4e-05
2023-10-10 00:00:00+00:00,0.000373,-67.4083,-1.4501,0.420938,-0.3793,-2.9638,-0.048925,-0.017306,0.0351,0.369,-0.114162,-0.046112,0.5981,0.846152,0.028475,0.05557
2023-10-11 00:00:00+00:00,-0.000512,39.7425,-1.3754,0.385272,0.1878,-1.2509,0.022688,-0.014197,-0.1259,-0.2852,0.068132,0.025174,-0.3093,0.854172,0.008021,0.030206
2023-10-12 00:00:00+00:00,0.000265,51.2059,-1.2795,0.290608,-0.1856,-0.511,-0.023432,0.014743,0.0344,-0.1128,-0.077721,-0.021081,-0.405,0.803095,-0.051078,-0.014582
2023-10-13 00:00:00+00:00,0.000456,-25.6126,-1.2934,0.239719,-0.3083,-0.4558,-0.005108,-0.018622,0.0569,0.1785,-0.019032,-0.004247,-0.4009,0.82498,0.021886,-0.021172
2023-10-14 00:00:00+00:00,0.00148,-287.0075,-1.615,0.308333,-1.7505,-0.7185,-0.011273,0.031499,-0.01,0.1318,-0.033369,-0.009505,-1.3718,0.729889,-0.095091,-0.124283
2023-10-15 00:00:00+00:00,-0.000474,40.9729,-1.5232,0.276897,0.3294,-0.4534,-0.032033,-0.009552,-0.0822,-0.289,-0.117954,-0.029938,-1.1191,0.736033,0.006144,-0.067061
2023-10-16 00:00:00+00:00,-0.001951,588.9625,-0.7859,0.319864,3.6199,1.5133,-0.007894,0.000332,0.1145,0.3212,-0.017409,-0.005249,-0.1285,0.830846,0.094813,0.005866
2023-10-17 00:00:00+00:00,2.8e-05,-259.1801,-1.0813,0.274356,-1.0467,0.846,0.019146,-0.000606,-0.0289,0.1657,0.083674,0.021368,-0.8891,0.816276,-0.01457,0.086387
2023-10-18 00:00:00+00:00,-0.000107,81.9282,-0.9588,0.200332,0.4503,1.1085,0.002504,-0.004397,0.0746,0.5695,0.026475,0.004862,-0.5551,0.841517,0.025241,0.105484
2023-10-19 00:00:00+00:00,-0.000217,-27.6735,-0.9724,0.279768,0.4025,1.6967,-0.022873,0.014326,0.0696,0.9344,-0.080209,-0.020741,-0.5058,0.797431,-0.044086,-0.033415
2023-10-20 00:00:00+00:00,-0.000151,421.9225,-0.4396,0.348067,3.7804,5.7854,0.027031,-0.055123,-0.1692,0.0373,0.087541,0.029201,0.7005,0.861804,0.064373,0.045528
2023-10-21 00:00:00+00:00,0.000491,-520.1727,-1.0642,0.275437,-5.0112,2.5247,0.00434,0.006978,0.112,0.6379,0.025811,0.006647,-0.7404,0.810885,-0.050919,-0.030632
2023-10-22 00:00:00+00:00,0.00028,-13.0762,-1.0632,0.310116,0.0429,2.2382,-0.008215,0.002127,-0.0411,0.4238,-0.019239,-0.005558,-0.6556,0.775775,-0.03511,-0.021656
2023-10-23 00:00:00+00:00,0.000181,1354.6875,0.6594,0.36995,9.4371,8.0553,-0.040543,0.006226,0.037,0.6324,-0.104809,-0.036605,1.489,0.840588,0.064812,-0.021217
2023-10-24 00:00:00+00:00,-0.001225,616.3313,1.4411,0.392621,8.4552,17.5572,-0.021315,-0.005348,-0.0474,0.3821,-0.047824,-0.017588,0.1149,0.840053,-0.000535,0.029168
2023-10-25 00:00:00+00:00,0.000232,-193.6529,1.2189,0.338077,-4.9642,12.1427,0.027507,-0.004256,0.0547,0.6798,0.09433,0.029971,0.1025,0.829263,-0.01079,0.053487
2023-10-26 00:00:00+00:00,-0.000236,-33.3109,1.2412,0.254068,1.7976,13.5377,0.007511,-0.011407,0.0014,0.6831,0.040248,0.009493,0.5546,0.835258,0.005995,-0.00533
2023-10-27 00:00:00+00:00,0.000154,-637.0668,0.3928,0.307858,-4.7201,5.0372,0.017392,0.008484,0.0347,0.8645,0.065247,0.018815,-0.2061,0.822521,-0.012736,-0.017532
2023-10-28 00:00:00+00:00,-0.000115,-524.4439,-0.3026,0.262129,-4.6158,5.4326,-0.044149,-0.003236,-0.0304,0.6895,-0.173278,-0.041948,-0.0632,0.797337,-0.025184,-0.031926
2023-10-29 00:00:00+00:00,0.000424,28.1767,-0.2512,0.210196,0.1108,5.5005,-0.068644,-0.034362,0.1866,1.6487,-0.357681,-0.066726,-0.6099,0.770598,-0.026739,-0.064659
2023-10-30 00:00:00+00:00,0.000174,846.5522,0.8962,0.372503,9.5057,5.5692,-0.019431,0.022727,-0.1267,0.9747,-0.046218,-0.0163,1.5284,0.837015,0.066417,0.014494
2023-10-31 00:00:00+00:00,-0.000635,253.8451,1.2374,0.280452,1.868,-1.0181,-0.014673,0.015097,-0.0222,0.851,-0.040003,-0.010285,0.3596,0.808589,-0.028426,0.011252
2023-11-01 00:00:00+00:00,0.000338,198.5398,1.4879,0.325982,-1.0356,2.9106,-0.032262,-0.010463,0.0235,0.9607,-0.092279,-0.028392,0.5682,0.856771,0.048181,0.086172
2023-11-02 00:00:00+00:00,-0.000238,-28.5466,1.4241,0.347983,2.0102,3.1232,0.007036,0.031714,-0.0598,0.6309,0.029041,0.009585,-0.0521,0.853914,-0.002856,0.016899
2023-11-03 00:00:00+00:00,-0.000193,-405.1346,0.8724,0.276923,-4.3595,3.4838,-0.010516,-0.015207,0.0804,1.1004,-0.03371,-0.00869,-0.3691,0.841949,-0.011965,0.03336
2023-11-04 00:00:00+00:00,0.000352,-616.1644,0.0544,0.236424,-5.4223,2.6773,-0.021417,-0.00269,0.0291,1.2532,-0.086045,-0.018365,-0.6597,0.773979,-0.06797,-0.082792
2023-11-05 00:00:00+00:00,-0.000112,293.3323,0.4508,0.341305,3.784,6.3505,-0.025355,-0.009782,0.0454,1.4906,-0.067326,-0.021512,-0.6834,0.81046,0.036481,-0.043454
2023-11-06 00:00:00+00:00,0.000155,1179.7462,1.978,0.295368,10.9482,7.793,0.032771,-0.010203,0.0002,1.4885,0.128745,0.035624,-0.1122,0.851197,0.040737,0.009248
2023-11-07 00:00:00+00:00,-0.000116,-242.2085,1.6326,0.431164,-3.3678,2.5572,-0.026769,0.039864,-0.1787,0.513,-0.056191,-0.023282,-0.2587,0.865366,0.014169,0.091387
2023-11-08 00:00:00+00:00,-4.6e-05,448.1215,2.1473,0.243506,2.6924,6.2852,-0.026738,-0.011724,0.0486,0.7678,-0.110319,-0.024893,0.1591,0.851342,-0.014024,0.040881
2023-11-09 00:00:00+00:00,0.000155,1928.891,4.0877,0.352263,11.1939,15.4688,-0.012546,-0.006294,-0.1119,0.1633,-0.023607,-0.007675,0.943,0.830395,-0.020947,-0.020803
2023-11-10 00:00:00+00:00,3e-06,-1165.6546,2.6193,0.442467,-2.4617,17.3666,-0.022902,-0.00882,-0.0452,-0.0745,-0.04929,-0.020857,0.4755,0.864576,0.034181,-0.00079
2023-11-11 00:00:00+00:00,0.000348,-1053.9077,1.4305,0.363329,-8.8792,13.9097,0.041212,-0.010359,0.1999,0.9866,0.133176,0.045247,0.1255,0.81196,-0.052617,-0.039382
2023-11-12 00:00:00+00:00,-9.4e-05,-154.5679,1.2446,0.330813,-1.2214,8.9043,0.066995,-0.005697,0.0395,1.1749,0.220675,0.069347,-0.1466,0.853194,0.041234,0.022799
2023-11-13 00:00:00+00:00,-0.000713,1998.3327,3.1811,0.365999,12.2099,10.166,-0.000951,-0.003559,0.1393,1.8565,0.010116,0.003472,0.2225,0.832197,-0.020996,-0.032379
2023-11-14 00:00:00+00:00,0.000386,-1077.9508,2.0503,0.362893,-5.7529,7.781,0.081268,0.023824,-0.1153,1.248,0.245099,0.08359,0.0479,0.833201,0.001003,0.021241
2023-11-15 00:00:00+00:00,-0.000173,-228.8838,1.8431,0.375888,-1.826,3.2627,-0.060959,-0.008362,-0.0724,0.8647,-0.162845,-0.057832,0.1359,0.845344,0.012143,-0.00785
2023-11-16 00:00:00+00:00,0.000246,46.8363,1.8484,0.344839,0.0537,-7.8775,-0.009452,-0.003024,-0.0263,0.7164,-0.023823,-0.00767,1.0826,0.827866,-0.017478,-0.004331
2023-11-17 00:00:00+00:00,0.000125,-727.4942,1.1015,0.320925,-6.3071,-11.7229,-0.041274,-0.002353,0.0595,1.0011,-0.128357,-0.038597,0.1995,0.835351,0.007485,0.00215
2023-11-18 00:00:00+00:00,-7.8e-05,-649.9522,0.4502,0.340125,-5.6911,-8.5347,0.003405,-0.051201,0.2958,2.4178,0.015375,0.004963,-0.5214,0.840179,0.004828,-0.005165
2023-11-19 00:00:00+00:00,0.000197,-162.2229,0.2928,0.320033,-2.3631,-9.6764,0.05695,0.075662,-0.4285,0.2757,0.196467,0.059153,-0.691,0.820487,-0.019692,-0.007379
2023-11-20 00:00:00+00:00,0.00014,2074.2449,2.291,0.339629,15.39,-6.4963,-0.045423,-0.050146,0.0089,0.3245,-0.133948,-0.042587,-0.1225,0.826289,0.005802,-0.009062
2023-11-21 00:00:00+00:00,-0.000179,60.992,2.2639,0.395648,3.0414,2.298,-0.014971,0.097756,0.0496,0.5739,-0.046406,-0.016941,0.4325,0.780918,-0.045371,-0.059261
2023-11-22 00:00:00+00:00,-5.7e-05,-107.74,2.0873,0.305613,-0.8678,3.2561,0.021259,-0.054823,-0.0383,0.3836,0.069349,0.019544,0.7808,0.8354,0.054482,0.014914
2023-11-23 00:00:00+00:00,-8.9e-05,-695.0152,1.4214,0.411719,-3.9341,-0.7317,0.003599,-0.021067,-0.0023,0.377,0.007738,0.003033,0.7903,0.838838,0.003438,0.012549
2023-11-24 00:00:00+00:00,0.000245,-464.4752,0.9778,0.336666,-2.6321,2.9433,0.013397,0.029599,-0.0623,0.0512,0.043131,0.013671,0.1756,0.837366,-0.001472,0.056448
2023-11-25 00:00:00+00:00,9.2e-05,-656.7994,0.3722,0.207173,-7.89,0.7444,0.025925,0.022951,0.0195,0.1411,0.138751,0.024982,-0.2876,0.757235,-0.080132,-0.078166
2023-11-26 00:00:00+00:00,-3.5e-05,192.83,0.5501,0.318827,2.6608,5.7683,-0.009384,-0.007821,0.0566,0.4425,-0.030738,-0.008986,-0.4501,0.759167,0.001933,-0.079671
2023-11-27 00:00:00+00:00,-0.000426,861.4055,1.3313,0.30269,8.0287,-1.5931,-0.051969,-0.021835,0.1564,1.2267,-0.182016,-0.051528,-0.2976,0.836777,0.07761,-0.000589
2023-11-28 00:00:00+00:00,-6.3e-05,792.569,1.9887,0.293163,2.8389,-1.7957,-0.051227,-0.042938,0.1155,1.759,-0.185533,-0.050332,-0.1203,0.818952,-0.017825,0.061717
2023-11-29 00:00:00+00:00,0.000192,-199.3541,1.7638,0.289708,-0.1107,-1.0386,-0.017056,-0.00095,-0.0253,1.5905,-0.054932,-0.014512,0.2513,0.799374,-0.019578,0.040206
2023-11-30 00:00:00+00:00,0.000106,754.1028,2.3198,0.234758,4.9784,7.8739,0.004057,0.015994,-0.1315,0.922,0.024057,0.005192,0.5003,0.841249,0.041875,0.004471
2023-12-01 00:00:00+00:00,-0.000538,-103.3159,2.1472,0.291381,-2.7002,7.8058,-0.058167,-0.002687,-0.1032,0.3967,-0.203193,-0.055578,0.5548,0.855502,0.014253,0.03655
2023-12-02 00:00:00+00:00,0.000555,-1054.2244,1.2473,0.28912,-3.8073,11.8885,-0.011055,-0.051434,0.4148,2.4126,-0.024498,-0.006388,-0.1553,0.752012,-0.10349,-0.047362
2023-12-03 00:00:00+00:00,0.000308,-135.9671,1.1122,0.360819,-1.4452,7.7825,0.0068,0.083358,-0.4955,-0.0561,0.034549,0.01151,-0.1987,0.776558,0.024546,-0.06469
2023-12-04 00:00:00+00:00,-0.000468,1531.9115,2.2637,0.286795,14.4147,14.1685,-0.019576,-0.008993,-0.0328,-0.222,-0.054714,-0.014295,1.2351,0.826128,0.049569,-0.029374
2023-12-05 00:00:00+00:00,0.0002,1008.1983,2.8803,0.313699,7.861,19.1906,-0.044069,-0.012325,0.1753,0.6396,-0.137929,-0.039816,0.4289,0.811462,-0.014666,0.05945
2023-12-06 00:00:00+00:00,0.000407,1.485,2.7251,0.317248,2.8126,22.114,-0.047854,0.013713,-0.1352,-0.0386,-0.149274,-0.043788,0.739,0.829938,0.018476,0.053379
2023-12-07 00:00:00+00:00,-0.000451,-756.951,2.0984,0.315035,-10.6575,6.4781,-0.008604,-0.006236,-0.0584,-0.3277,-0.014563,-0.004214,0.5915,0.809048,-0.02089,-0.01708
2023-12-08 00:00:00+00:00,4.6e-05,-749.9212,1.5297,0.337322,-4.9722,4.2061,0.017718,-0.000246,-0.0535,-0.5914,0.068869,0.021576,1.1118,0.8162,0.007152,0.004738
2023-12-09 00:00:00+00:00,0.000118,-889.0211,0.8905,0.339636,-8.7387,-0.7253,-0.067038,0.009211,-0.0026,-0.5995,-0.201941,-0.062991,0.8485,0.772494,-0.043706,-0.057443
2023-12-10 00:00:00+00:00,0.000189,-328.0001,0.6521,0.3098,-6.6011,-5.8812,0.015254,-0.01076,0.0812,-0.2099,0.064456,0.018313,-0.327,0.767267,-0.005227,-0.041781
2023-12-11 00:00:00+00:00,0.000586,613.0683,1.0554,0.34027,11.0626,-9.2333,-0.020222,0.040518,0.0462,-0.0049,-0.051397,-0.016313,-0.0099,0.832305,0.065039,0.016105
2023-12-12 00:00:00+00:00,-1e-06,643.6317,1.4633,0.301424,5.488,-11.6063,-0.046329,-0.006841,-0.0328,-0.3116,-0.162425,-0.044978,0.2461,0.809372,-0.022934,0.036877
2023-12-13 00:00:00+00:00,-9.2e-05,510.0575,1.7575,0.326787,6.3106,-8.1083,-0.065024,-0.036131,0.1239,0.5077,-0.20437,-0.062124,-0.4793,0.819297,0.009926,0.05203
2023-12-14 00:00:00+00:00,-0.000603,-251.282,1.5463,0.296524,-3.3917,-0.8425,0.006823,-0.004241,-0.0403,0.2229,0.041829,0.011201,0.6484,0.779782,-0.039515,-0.052523
2023-12-15 00:00:00+00:00,0.000315,1234.333,2.2709,0.263693,1.3919,5.5216,-0.028248,-0.00516,0.0583,0.6077,-0.102266,-0.024478,0.8848,0.814931,0.035148,0.005559
2023-12-16 00:00:00+00:00,0.000972,-570.9703,1.8436,0.275852,0.1706,14.4309,-0.023322,0.029076,-0.0113,0.5145,-0.082061,-0.020144,-0.3026,0.756575,-0.058356,-0.062722
2023-12-17 00:00:00+00:00,-0.001057,-1283.1563,1.0027,0.400406,-11.9771,9.0549,0.054918,0.003442,-0.0762,-0.0223,0.151976,0.057635,-0.5355,0.827151,0.070576,0.047368
2023-12-18 00:00:00+00:00,-0.000266,2077.8345,2.2323,0.43072,18.2337,16.226,0.130584,0.000702,0.0314,0.1859,0.323013,0.132438,0.8563,0.846079,0.018928,0.031149
2023-12-19 00:00:00+00:00,0.000255,-503.9634,1.8583,0.253584,-1.5478,9.1902,-0.042766,-0.005065,-0.1382,-0.7788,-0.184806,-0.042556,2.7568,0.808931,-0.037148,0.052356
2023-12-20 00:00:00+00:00,0.000132,50.4239,1.8294,0.294911,4.6042,7.4838,-0.074067,0.022115,-0.0536,-1.2893,-0.261122,-0.071413,3.854,0.829388,0.020457,0.002237
2023-12-21 00:00:00+00:00,-0.001176,-1465.9552,0.9309,0.317252,-18.3705,-7.4951,-0.064473,-0.023241,-0.0718,-1.8173,-0.19814,-0.058138,2.611,0.818073,-0.011314,-0.028006
2023-12-22 00:00:00+00:00,0.000234,-840.5914,0.4119,0.597109,-6.5102,-15.3972,-0.138642,-0.006943,-0.0306,-2.0531,-0.233194,-0.135353,2.4782,0.866184,0.04811,0.057253
2023-12-23 00:00:00+00:00,0.000396,-1196.8436,-0.3237,0.341431,-10.3008,-25.8687,0.001808,0.014251,0.1174,-1.1698,0.013119,0.004167,0.4926,0.799294,-0.06689,-0.030094
2023-12-24 00:00:00+00:00,-9.7e-05,-76.9639,-0.3783,0.320877,-0.7613,-14.6529,0.007062,0.025197,0.0146,-1.052,0.03847,0.011234,0.141,0.771529,-0.027765,-0.046545
2023-12-25 00:00:00+00:00,-1.7e-05,48.4728,-0.3549,0.299891,-3.3781,-36.2647,-0.023139,-0.028358,-0.0157,-1.1623,-0.074979,-0.020503,-0.1012,0.768628,-0.002901,-0.097556
2023-12-26 00:00:00+00:00,-2.4e-05,-338.6565,-0.5694,0.356145,-0.4112,-35.128,0.050373,0.021215,-0.0363,-1.4187,0.156014,0.052824,-0.0543,0.863167,0.094539,0.063873
2023-12-27 00:00:00+00:00,3.2e-05,949.506,0.0033,0.36761,9.6725,-30.0597,-0.039936,-0.0284,0.0004,-1.4135,-0.107493,-0.037141,1.2808,0.832997,-0.03017,0.061469
2023-12-28 00:00:00+00:00,-0.000165,259.8603,0.1505,0.348812,1.6393,-10.0499,-0.021295,0.00446,-0.0897,-2.0467,-0.06041,-0.019784,2.0452,0.841613,0.008615,0.072985
2023-12-29 00:00:00+00:00,-0.000292,-657.8717,-0.2739,0.294698,-6.1679,-9.7075,-0.019089,0.012622,0.1742,-0.7597,-0.06228,-0.017216,0.6955,0.854908,0.013296,-0.008259
2023-12-30 00:00:00+00:00,0.000496,-489.968,-0.5958,0.247844,-6.5802,-5.9869,0.004546,-0.013379,-0.1065,-1.5168,0.025736,0.005843,0.9716,0.81814,-0.036769,-0.014858
2023-12-31 00:00:00+00:00,0.000262,-551.422,-0.9429,0.355367,-2.1483,-7.3739,0.029471,0.011918,0.0616,-1.0466,0.094286,0.031338,0.2898,0.805564,-0.012576,-0.036048
2024-01-01 00:00:00+00:00,0.000181,-206.4584,-1.0748,0.283955,-2.4543,-6.45,-0.040791,-0.027095,-0.2589,-2.7624,-0.14096,-0.03725,1.203,0.837251,0.031687,-0.017657
2024-01-02 00:00:00+00:00,-0.000728,719.9277,-0.6293,0.27407,7.6047,1.5658,-0.036287,0.033037,0.1796,-1.4954,-0.123241,-0.031173,0.268,0.845614,0.008363,0.027475
2024-01-03 00:00:00+00:00,0.000851,1639.2712,0.402,0.30824,7.2048,-0.9019,-0.033998,0.006684,0.1326,-0.5902,-0.109253,-0.031105,0.7488,0.830768,-0.014847,0.025203
2024-01-04 00:00:00+00:00,-0.00123,-1262.789,-0.4268,0.263844,-4.3559,-6.897,-0.036735,0.006962,0.011,-0.5237,-0.140875,-0.034275,0.0887,0.831808,0.001041,-0.005443
2024-01-05 00:00:00+00:00,0.000842,-328.9129,-0.6584,0.285209,-4.1356,-4.8648,-0.035727,-0.009177,-0.0716,-1.0268,-0.12593,-0.033705,-0.3316,0.853693,0.021885,0.008078
2024-01-06 00:00:00+00:00,0.001041,-209.4424,-0.8132,0.286149,-0.8457,0.8697,-0.037734,-0.011128,-0.0888,-1.6058,-0.131334,-0.034249,-0.6542,0.759379,-0.094314,-0.071388
2024-01-07 00:00:00+00:00,0.000869,1288.4113,0.0274,0.299917,13.9454,16.9634,0.001664,0.050169,-0.1886,-2.7428,0.008005,0.00219,1.6849,0.728711,-0.030668,-0.103097
2024-01-08 00:00:00+00:00,-0.001679,-575.5572,-0.3779,0.32296,-6.0758,13.3418,-0.017501,-0.035682,0.2133,-1.3207,-0.044106,-0.013251,0.5091,0.838972,0.110261,-0.01472
2024-01-09 00:00:00+00:00,0.000156,-343.3148,-0.6295,0.325296,-6.2939,-0.5568,-0.029433,-0.014154,-0.0006,-1.3126,-0.085459,-0.025999,0.6208,0.832393,-0.006579,0.073014
2024-01-10 00:00:00+00:00,0.000502,1880.2643,0.6501,0.354637,13.5768,5.8152,-0.03067,-0.021634,-0.3068,-3.0848,-0.083154,-0.027515,2.5637,0.841874,0.009481,0.113163
2024-01-11 00:00:00+00:00,-0.001563,-690.5627,0.1511,0.334476,-3.2058,6.9653,-0.026865,0.020667,0.1066,-2.3355,-0.080059,-0.024837,1.6055,0.838521,-0.003353,-0.000451
2024-01-12 00:00:00+00:00,0.000697,-807.0607,-0.4439,0.48638,-6.4407,4.6602,-0.00068,-0.005912,0.0791,-1.8163,0.001917,0.00089,0.9293,0.84453,0.006009,0.012137
2024-01-13 00:00:00+00:00,-0.000209,-789.9342,-1.0371,0.353577,-5.2236,0.2824,0.015316,0.010363,0.5638,1.4153,0.05178,0.017202,-0.414,0.809739,-0.034791,-0.032135
2024-01-14 00:00:00+00:00,0.000246,1547.788,0.0779,0.326052,21.1165,7.4534,-0.04045,-0.232111,2.9647,8.3434,-0.12702,-0.03835,-2.6485,0.807592,-0.002147,-0.030929
2024-01-15 00:00:00+00:00,6.6e-05,-969.1952,-0.6603,0.317119,-15.8927,-2.3635,0.000793,0.280312,-3.168,0.0162,0.005147,0.001536,0.0812,0.835672,0.02808,-0.008858
2024-01-16 00:00:00+00:00,-0.000411,1095.6244,0.1439,0.326715,9.7168,13.6472,-0.008807,-0.018608,0.3816,1.0019,-0.02318,-0.007057,0.2655,0.814342,-0.02133,0.004603
2024-01-17 00:00:00+00:00,0.000632,350.4829,0.3938,0.300186,3.0602,3.1306,-0.012795,0.017092,-0.2082,0.4541,-0.039348,-0.010957,0.4052,0.819475,0.005133,0.011883
2024-01-18 00:00:00+00:00,-0.000703,-199.1003,0.2232,0.318952,-1.5979,4.7385,0.041017,-0.011939,-0.1568,0.0411,0.145756,0.043379,1.528,0.835013,0.015537,-0.000659
2024-01-19 00:00:00+00:00,-0.000197,-513.1848,-0.2029,0.26103,-6.3321,4.847,-0.036889,-0.028116,-0.1803,-0.4246,-0.147543,-0.034847,1.8821,0.801187,-0.033826,-0.013156
2024-01-20 00:00:00+00:00,0.000635,-1386.8736,-1.338,0.307578,-11.1114,-1.0408,-0.06241,-0.024478,-0.0819,-0.631,-0.211507,-0.060037,-0.5937,0.760279,-0.040908,-0.059196
2024-01-21 00:00:00+00:00,0.000266,-346.4239,-1.5952,0.242059,-3.06,-25.2172,-0.065724,-0.002623,0.0362,-0.53,-0.286539,-0.063622,-0.5995,0.79761,0.037331,-0.037403
2024-01-22 00:00:00+00:00,-5.2e-05,532.9268,-1.1509,0.29163,3.4013,-5.9232,-0.01104,0.024357,0.0246,-0.4616,-0.03082,-0.008431,0.1145,0.855586,0.057976,0.054399
2024-01-23 00:00:00+00:00,-2.5e-05,-296.4422,-1.3656,0.305982,-1.5701,-17.21,-0.012102,0.021118,-0.0494,-0.5818,-0.042547,-0.012391,-1.787,0.884382,0.028796,0.124103
2024-01-24 00:00:00+00:00,-0.000148,-308.2213,-1.5776,0.292919,-3.0072,-23.2774,0.052062,-0.005041,0.0112,-0.5454,0.191456,0.052086,-0.3145,0.828941,-0.055441,0.031331
2024-01-25 00:00:00+00:00,0.000241,1286.2754,-0.5808,0.169255,13.2022,-8.4773,-0.051481,0.007397,-0.0659,-0.7046,-0.32006,-0.05134,1.2838,0.927456,0.098515,0.07187
2024-01-26 00:00:00+00:00,-0.000634,-530.1757,-1.008,0.248107,-5.405,-7.5502,-0.014453,0.008373,-0.0367,-0.7868,-0.060859,-0.013891,2.9072,0.836439,-0.091017,-0.047943
2024-01-27 00:00:00+00:00,0.00021,-675.7342,-1.5377,0.324949,-7.274,-3.7127,-0.094388,0.002957,-0.17,-1.1963,-0.312069,-0.094818,0.7031,0.766118,-0.070321,-0.062823
2024-01-28 00:00:00+00:00,0.000385,-109.4817,-1.5964,0.307852,-0.4703,-1.123,0.039778,-0.01924,0.1419,-0.819,0.133684,0.037601,0.7342,0.729221,-0.036897,-0.198235
2024-01-29 00:00:00+00:00,0.000549,202.5524,-1.4151,0.227635,1.4881,-3.0362,-0.048497,-0.006372,0.0051,-0.7923,-0.220437,-0.046491,-0.2687,0.854445,0.125224,0.018006
2024-01-30 00:00:00+00:00,-0.001222,1362.0075,-0.3647,0.245758,11.3334,9.8673,0.012736,-0.000918,0.0692,-0.6058,0.073808,0.016762,0.9752,0.83638,-0.018065,0.070262
2024-01-31 00:00:00+00:00,0.000602,-203.042,-0.5199,0.268225,-0.7034,12.1711,-0.026332,0.006082,0.0687,-0.4251,-0.096843,-0.024422,3.9137,0.868389,0.032009,0.139168
2024-02-01 00:00:00+00:00,0.000505,314.0994,-0.2833,0.284198,1.6811,0.65,0.024013,-0.001964,0.01,-0.3915,0.091269,0.02405,0.6703,0.819979,-0.04841,-0.034466
2024-02-02 00:00:00+00:00,0.000538,-697.4481,-0.8305,0.274018,-4.5722,1.4829,-0.045936,0.011842,-0.057,-0.5249,-0.183641,-0.046556,0.1898,0.808407,-0.011572,-0.027973
2024-02-03 00:00:00+00:00,0.000488,-307.3294,-1.0673,0.224978,-4.4529,4.3039,-0.04327,-0.009884,0.0251,-0.4505,-0.214172,-0.042021,-0.2138,0.714992,-0.093415,-0.153397
2024-02-04 00:00:00+00:00,8.4e-05,-252.556,-1.2391,0.355383,-1.379,3.3952,0.043621,-0.001254,-0.1233,-0.7467,0.133434,0.04448,-0.1122,0.784404,0.069412,-0.035575
2024-02-05 00:00:00+00:00,-0.000372,344.2526,-0.9615,0.216957,2.1369,4.044,0.007259,0.006417,-0.0254,-0.7978,0.039204,0.007975,0.724,0.87268,0.088276,0.064273
2024-02-06 00:00:00+00:00,-0.000414,1787.0226,0.4024,0.378062,13.2346,5.9452,-0.017594,-0.043063,0.103,-0.5291,-0.048022,-0.017214,-0.1262,0.834234,-0.038446,0.119242
2024-02-07 00:00:00+00:00,0.000337,446.7032,0.7615,0.485205,2.6166,9.2652,0.043044,-0.017078,0.1212,-0.222,0.093243,0.043504,1.8872,0.849479,0.015246,0.065076
2024-02-08 00:00:00+00:00,-0.000252,1712.1943,2.0267,0.246984,22.3538,29.9378,-0.000698,0.013906,0.0645,-0.0606,-0.000466,-0.000105,1.1424,0.820274,-0.029206,-0.052406
2024-02-09 00:00:00+00:00,-0.001234,1198.2004,2.7706,0.322586,9.288,43.798,-0.052232,-0.000588,-0.1434,-0.4122,-0.167555,-0.050996,1.0255,0.848229,0.027955,0.013995
2024-02-10 00:00:00+00:00,0.001676,-3395.4592,0.3083,0.211019,-31.3772,16.8737,-0.018043,-0.024446,-0.0221,-0.4574,-0.079597,-0.014776,-0.6598,0.771529,-0.0767,-0.07795
2024-02-11 00:00:00+00:00,0.000386,-818.8131,-0.2696,0.220102,-8.0595,10.1932,-0.037446,0.011575,-0.0028,-0.4511,-0.182558,-0.034625,-0.728,0.735499,-0.03603,-0.084774
2024-02-12 00:00:00+00:00,0.000633,1350.561,0.7098,0.236971,3.4071,11.4633,-0.034374,0.015018,0.052,-0.3106,-0.139715,-0.029853,1.2554,0.817636,0.082136,-0.030593
2024-02-13 00:00:00+00:00,-0.000914,-1058.8327,-0.0569,0.331367,0.6805,-1.0908,0.001605,-0.01396,-0.1493,-0.6743,0.017308,0.005355,1.2189,0.828059,0.010423,0.05653
2024-02-14 00:00:00+00:00,0.000306,-470.2089,-0.3912,0.388772,-5.1617,-8.8691,-0.179108,0.022263,-0.027,-0.7286,-0.47308,-0.176045,0.3817,0.869282,0.041224,0.133783
2024-02-15 00:00:00+00:00,-0.001032,933.5086,0.2817,0.2889,5.096,-26.1268,-0.012204,-0.015806,0.0844,-0.5051,-0.036819,-0.009688,0.9204,0.814316,-0.054966,-0.00332
2024-02-16 00:00:00+00:00,-0.000153,-830.671,-0.3274,0.351458,-3.8971,-39.3119,0.023848,0.019178,0.0511,-0.3616,0.081128,0.026516,1.1843,0.813098,-0.001217,-0.01496
2024-02-17 00:00:00+00:00,0.00089,-815.5216,-0.9201,0.333404,-6.8274,-14.7621,-0.001184,0.022822,0.0146,-0.3186,0.00672,0.002067,-0.323,0.764653,-0.048446,-0.104629
2024-02-18 00:00:00+00:00,0.000285,274.689,-0.7044,0.344992,2.8653,-3.8373,0.031529,-0.007846,0.0142,-0.2769,0.109185,0.03515,-0.1386,0.788691,0.024038,-0.025625
2024-02-19 00:00:00+00:00,-0.000999,1202.7157,0.1779,0.360393,12.2611,5.0168,0.026541,-0.012744,-0.0522,-0.4005,0.090954,0.030837,0.6472,0.838312,0.049621,0.025214
2024-02-20 00:00:00+00:00,0.000318,405.6185,0.4767,0.311039,2.6451,6.9814,-0.020214,0.003481,-0.0089,-0.4151,-0.058008,-0.016826,2.1512,0.847693,0.009381,0.08304
2024-02-21 00:00:00+00:00,-0.000415,278.4559,0.6727,0.305667,0.5597,12.7028,0.016366,-0.013151,0.0535,-0.2735,0.067841,0.019132,0.8717,0.829695,-0.017999,0.041004
2024-02-22 00:00:00+00:00,0.001041,862.8462,1.2736,0.330271,5.9704,13.5771,0.001708,0.010387,0.0237,-0.2097,0.012428,0.003811,0.1872,0.827894,-0.0018,-0.010418
2024-02-23 00:00:00+00:00,-0.000996,-727.194,0.732,0.304167,-4.6746,12.7996,0.018858,-0.0078,-0.0432,-0.3134,0.078752,0.021997,0.107,0.797552,-0.030342,-0.050141
2024-02-24 00:00:00+00:00,0.001065,-1382.4397,-0.27,0.264924,-11.4359,8.1911,-0.000838,0.011147,-0.0779,-0.5007,0.002952,0.000717,0.1272,0.787561,-0.009991,-0.042133
2024-02-25 00:00:00+00:00,0.000241,53.7726,-0.2278,0.344186,1.1024,6.4282,0.017776,-0.004577,-0.0666,-0.6539,0.061876,0.019992,0.6975,0.812231,0.024669,-0.015664
2024-02-26 00:00:00+00:00,-0.00063,1220.4793,0.6544,0.301601,7.8405,2.0075,-0.007985,-0.002089,0.0446,-0.5261,-0.016227,-0.004517,1.7723,0.828221,0.01599,0.030668
2024-02-27 00:00:00+00:00,0.000128,860.6282,1.2582,0.432018,11.044,10.4064,0.032152,-0.005428,0.0048,-0.4991,0.087942,0.035362,0.018,0.787581,-0.040639,2e-05
2024-02-28 00:00:00+00:00,-0.000336,1258.5903,2.1062,0.310927,7.9202,17.7669,-0.009028,0.002737,-0.0322,-0.5678,-0.019723,-0.005523,0.5201,0.793598,0.006017,-0.018633
2024-02-29 00:00:00+00:00,0.000163,979.1105,2.6719,0.271466,14.2258,26.0223,-0.027806,0.020351,0.0816,-0.3509,-0.105729,-0.024673,0.6264,0.750482,-0.043116,-0.077739
2024-03-01 00:00:00+00:00,0.000545,-1585.9858,1.5597,0.265982,-16.6271,14.0698,-0.022411,0.009399,-0.0446,-0.4483,-0.072573,-0.017182,1.9707,0.803035,0.052553,0.015453
2024-03-02 00:00:00+00:00,0.000313,-618.9073,1.1257,0.316313,-4.591,20.9147,0.026025,0.001417,0.0278,-0.3693,0.108923,0.031197,0.8623,0.776178,-0.026856,-0.01742
2024-03-03 00:00:00+00:00,0.000191,276.5444,1.3017,0.312716,0.9442,20.7566,-0.007754,-0.008732,-0.0478,-0.4849,-0.007266,-0.002022,0.7916,0.742966,-0.033212,-0.007516
2024-03-04 00:00:00+00:00,-0.000793,3060.6222,3.1655,0.311633,26.757,39.6731,0.007421,-0.001717,0.1095,-0.1934,0.05418,0.015078,1.6662,0.785444,0.042478,-0.01759
2024-03-05 00:00:00+00:00,-7e-05,1331.9466,3.7122,0.329231,6.6463,35.2753,-0.051749,0.001457,-0.0278,-0.2591,-0.149483,-0.044201,1.608,0.807982,0.022537,0.031803
2024-03-06 00:00:00+00:00,-0.000652,-1570.8961,2.6681,0.366628,-5.841,21.5142,0.064033,-0.002728,-0.001,-0.2571,0.203761,0.069046,0.6533,0.820685,0.012703,0.077719
2024-03-07 00:00:00+00:00,0.000327,-912.4198,2.0817,0.324935,-10.0342,-2.7458,0.017986,0.002691,-0.042,-0.3612,0.075439,0.022551,2.3165,0.819298,-0.001387,0.033853
2024-03-08 00:00:00+00:00,0.000723,-904.0758,1.5408,0.29919,-8.2896,5.5917,-0.006667,0.001964,-0.0038,-0.3665,-0.01086,-0.002935,-1.1518,0.775198,-0.0441,-0.032784
2024-03-09 00:00:00+00:00,0.000228,-591.9917,1.1913,0.334335,-4.9573,5.2254,0.034359,0.014409,-0.001,-0.3623,0.123549,0.037644,0.1817,0.778063,0.002865,-0.042622
2024-03-10 00:00:00+00:00,-0.000565,335.7993,1.3464,0.39449,4.7508,9.032,0.055754,0.000127,0.1075,-0.0802,0.16702,0.0612,0.4013,0.78894,0.010877,-0.030358
2024-03-11 00:00:00+00:00,1.3e-05,918.5375,1.7945,0.40837,8.4328,-9.2922,-0.029742,-0.022548,-0.1461,-0.4489,-0.064737,-0.024686,0.5865,0.827629,0.03869,0.052431
2024-03-12 00:00:00+00:00,-0.00016,-762.3736,1.373,0.461426,-8.965,-24.9035,-0.047433,0.015512,0.0617,-0.2804,-0.096222,-0.042038,1.1087,0.841161,0.013532,0.063098
2024-03-13 00:00:00+00:00,0.000953,-19.2636,1.3429,0.269679,4.0035,-15.059,0.003084,-0.014519,-0.0402,-0.3747,0.025403,0.006352,0.8041,0.862458,0.021296,0.073518
2024-03-14 00:00:00+00:00,0.000476,-748.5307,0.9592,0.307421,-9.7409,-14.7656,-0.065308,0.007479,-0.0133,-0.3978,-0.208048,-0.057866,1.447,0.818074,-0.044384,-0.009555
2024-03-15 00:00:00+00:00,0.000838,-1059.2475,0.4133,0.35209,-10.2605,-16.7366,-0.053719,-0.006183,-0.1161,-0.6833,-0.143673,-0.046785,2.1304,0.827471,0.009397,-0.013691
2024-03-16 00:00:00+00:00,-0.00038,-948.0372,-0.08,0.387646,-8.8283,-20.6075,-0.007491,-0.004581,-0.0621,-0.8272,9.7e-05,3.5e-05,0.914,0.792053,-0.035418,-0.070405
2024-03-17 00:00:00+00:00,0.000788,-510.5288,-0.3321,0.300925,-4.0866,-29.4449,-0.06835,0.018442,0.0457,-0.6944,-0.22943,-0.063222,0.8991,0.818093,0.026041,1.9e-05
2024-03-18 00:00:00+00:00,-0.000615,756.9647,0.0811,0.322987,5.8393,-32.0385,-0.032894,0.029529,0.0523,-0.5501,-0.092523,-0.027827,1.2115,0.843487,0.025394,0.016016
2024-03-19 00:00:00+00:00,-0.000412,411.2046,0.3123,0.344797,4.998,-18.0755,-0.042102,0.006405,0.0632,-0.3817,-0.117045,-0.037124,0.6118,0.824391,-0.019096,0.032338
2024-03-20 00:00:00+00:00,0.000256,-405.8009,0.0977,0.360766,-4.1316,-26.2106,0.000829,-0.008706,-0.119,-0.6798,0.001837,0.000623,0.9494,0.849965,0.025574,0.031872
2024-03-21 00:00:00+00:00,7.7e-05,-552.6247,-0.1978,0.348883,-4.6301,-21.0998,-0.000563,-0.018562,0.0186,-0.6255,0.008505,0.002767,1.8058,0.825613,-0.024352,-0.017874
2024-03-22 00:00:00+00:00,-0.00054,-625.8012,-0.5367,0.32833,-6.5557,-17.395,-0.054988,-0.006628,-0.0757,-0.8058,-0.166119,-0.051083,1.3667,0.835759,0.010146,0.011368
2024-03-23 00:00:00+00:00,0.000661,-641.5066,-0.8793,0.330209,-5.5194,-14.0861,0.028572,0.02198,-0.0499,-0.9165,0.096205,0.029723,1.1678,0.806642,-0.029117,-0.043324
2024-03-24 00:00:00+00:00,-4.9e-05,-36.0726,-0.8951,0.316537,-0.1863,-10.1859,0.008809,-0.008433,0.0534,-0.7679,0.033696,0.009841,0.6299,0.778205,-0.028436,-0.047408
2024-03-25 00:00:00+00:00,-0.0005,752.5859,-0.4971,0.316679,6.2664,-9.7587,-0.027297,-0.023198,0.0734,-0.5736,-0.079736,-0.023562,1.4776,0.83988,0.061675,0.004121
2024-03-26 00:00:00+00:00,-0.000852,570.1667,-0.1925,0.384277,4.0527,-10.7041,-0.006026,0.023962,0.1813,-0.1128,-0.009407,-0.003422,1.4418,0.852849,0.012968,0.046207
2024-03-27 00:00:00+00:00,0.000207,374.936,0.0066,0.33992,4.4218,-2.1507,0.019065,-0.01325,0.0422,-0.0076,0.063478,0.020131,1.1972,0.839247,-0.013601,0.061042
2024-03-28 00:00:00+00:00,-0.000123,-144.0468,-0.0771,0.27482,0.0811,2.5605,-0.002602,-0.009214,-0.0628,-0.1612,-0.004607,-0.001146,0.8402,0.799913,-0.039334,-0.039967
2024-03-29 00:00:00+00:00,6.3e-05,-755.9744,-0.4911,0.291653,-7.7798,1.3364,0.028049,-0.009414,-0.102,-0.4136,0.120023,0.03215,1.1453,0.807664,0.007751,-0.045185
2024-03-30 00:00:00+00:00,0.000153,-430.1342,-0.7328,0.299665,-3.8815,2.9743,-0.026146,-0.000885,-0.05,-0.5309,-0.087434,-0.023832,0.6404,0.779416,-0.028248,-0.059831
2024-03-31 00:00:00+00:00,0.000169,-128.2303,-0.813,0.30816,-0.6834,2.4772,-0.003121,0.004824,0.0311,-0.4521,0.002696,0.000764,1.1051,0.78772,0.008304,-0.012193
2024-04-01 00:00:00+00:00,-0.000305,393.0016,-0.6031,0.27699,1.1967,-2.5925,-0.038317,0.011276,0.0364,-0.3558,-0.135466,-0.034314,0.2519,0.825273,0.037553,0.017609
2024-04-02 00:00:00+00:00,-0.000501,1339.1486,0.1304,0.376922,11.4778,4.8326,0.029478,0.010202,0.1646,0.0627,0.08831,0.031231,0.553,0.840366,0.015093,0.06095
2024-04-03 00:00:00+00:00,-0.000274,-636.5833,-0.2254,0.344315,-5.4566,-5.0458,-0.000208,-0.005727,0.0171,0.1091,0.005014,0.001605,0.011,0.818197,-0.022169,0.030477
2024-04-04 00:00:00+00:00,-4e-05,-363.1688,-0.4324,0.305138,-5.2957,-10.4226,-0.003341,-0.00709,-0.0877,-0.1089,-0.003404,-0.000968,-0.1105,0.834926,0.016728,0.009653
2024-04-05 00:00:00+00:00,0.000191,-821.507,-0.8895,0.287316,-5.3304,-7.9732,-0.003172,-0.006657,-0.1117,-0.3867,0.001297,0.000343,0.5734,0.816494,-0.018432,-0.023872
2024-04-06 00:00:00+00:00,0.00092,-738.9633,-1.2766,0.241661,-4.6739,-8.7656,-0.022711,0.00389,-0.0702,-0.5627,-0.094689,-0.020663,0.8959,0.783464,-0.03303,-0.034734
2024-04-07 00:00:00+00:00,-0.000172,212.0525,-1.1483,0.376923,2.106,-5.9762,-0.035181,0.006262,0.0739,-0.3712,-0.091858,-0.032631,-0.0251,0.801917,0.018453,-0.033008
2024-04-08 00:00:00+00:00,-0.000377,864.1866,-0.6788,0.31707,8.4699,1.2971,-0.027876,-0.001575,0.051,-0.2393,-0.076067,-0.022382,0.4174,0.836484,0.034567,0.01999
2024-04-09 00:00:00+00:00,0.000539,358.5191,-0.4747,0.278677,0.7228,-9.4578,0.016089,-0.019847,0.0205,-0.194,0.071978,0.018777,0.8953,0.86711,0.030626,0.083646
2024-04-10 00:00:00+00:00,-0.000662,-775.5556,-0.8859,0.311971,-6.1576,-10.1589,-0.003782,0.039398,0.0533,-0.0636,-0.006256,-0.001817,-0.0053,0.825969,-0.041141,0.024052
2024-04-11 00:00:00+00:00,3e-06,48.5401,-0.8546,0.369284,0.6113,-4.2519,0.026758,-0.011502,-0.0308,-0.1429,0.081943,0.02886,-0.1334,0.859434,0.033465,0.02295
2024-04-12 00:00:00+00:00,-2.7e-05,929.4873,-0.3596,0.389111,1.2554,2.3339,-0.038807,-0.036375,-0.0441,-0.2404,-0.093857,-0.034276,0.9496,0.827812,-0.031622,-0.039298
2024-04-13 00:00:00+00:00,0.001082,1550.619,0.4776,0.446353,-4.5733,2.4344,-0.063146,0.055434,0.0655,0.0685,-0.139135,-0.058755,-0.6487,0.846468,0.018655,0.020499
2024-04-14 00:00:00+00:00,6e-05,-3251.9674,-1.2781,0.38141,-3.1866,-2.8582,-0.005962,-0.003818,-0.0729,-0.4303,-0.005856,-0.002082,-0.835,0.824461,-0.022007,-0.034973
2024-04-15 00:00:00+00:00,-0.000818,267.6803,-1.1141,0.323218,2.0722,-9.2559,-0.028365,-0.017988,0.0118,-0.3369,-0.084679,-0.025531,-0.3196,0.851724,0.027263,0.023912
2024-04-16 00:00:00+00:00,0.001004,-363.5244,-1.2817,0.317261,-3.6965,-13.6752,-0.026765,-0.002926,-0.0976,-1.2382,-0.081634,-0.024199,-0.462,0.843071,-0.008653,-0.003396
2024-04-17 00:00:00+00:00,0.00047,871.2982,-0.806,0.288041,5.6146,-1.903,0.034348,-0.028686,0.0138,-1.1192,0.135795,0.036498,1.8453,0.852494,0.009423,0.028033
2024-04-18 00:00:00+00:00,-0.001059,-772.8604,-1.1957,0.463672,-4.2199,-6.7342,-0.029269,0.007113,0.0191,-0.908,-0.062384,-0.028,1.0921,0.87496,0.022466,0.023236
2024-04-19 00:00:00+00:00,0.00027,-99.7089,-1.241,0.337616,-0.936,-8.9256,-0.03926,0.011486,0.0281,-0.6065,-0.114623,-0.036125,0.4927,0.829275,-0.045685,-0.013796
2024-04-20 00:00:00+00:00,0.000335,-410.829,-1.4467,0.350544,-3.3187,-7.671,-0.031792,0.010476,-0.1011,-1.599,-0.088772,-0.029394,-0.575,0.818954,-0.010321,-0.033539
2024-04-21 00:00:00+00:00,-6e-05,-10.2145,-1.4347,0.319457,-0.0187,-4.5031,0.019636,0.014129,0.0685,-0.8842,0.078812,0.023265,-1.2004,0.771591,-0.047364,-0.10337
2024-04-22 00:00:00+00:00,-0.001068,299.0311,-1.2723,0.336313,2.0144,-4.5609,-0.044245,-0.019985,0.107,0.2239,-0.129505,-0.040973,-0.5237,0.831066,0.059475,0.001791
2024-04-23 00:00:00+00:00,-0.000361,199.7163,-1.169,0.331353,2.3218,1.4574,-0.014543,0.015573,0.0506,0.7544,-0.035498,-0.011025,-0.6017,0.823349,-0.007718,0.004394
2024-04-24 00:00:00+00:00,-0.000122,224.6946,-1.0418,0.337921,0.5578,-3.5994,-0.026072,-0.030774,0.0967,1.7164,-0.070861,-0.022361,-1.0944,0.818659,-0.00469,0.047068
2024-04-25 00:00:00+00:00,0.000366,-287.3831,-1.1792,0.337428,-2.0297,-1.4091,-0.022461,-0.004145,-0.1135,0.5519,-0.060981,-0.019379,-0.1844,0.825354,0.006695,-0.005712
2024-04-26 00:00:00+00:00,0.00137,-472.8803,-1.411,0.271774,-3.2013,-3.6743,-0.032858,0.009497,-0.1113,-0.6023,-0.119675,-0.030227,0.0022,0.821873,-0.003481,-0.001476
2024-04-27 00:00:00+00:00,0.000428,-130.7956,-1.4667,0.384732,-1.2204,-1.576,-0.016699,0.006276,-0.0499,-1.0999,-0.031166,-0.011353,-0.8755,0.804019,-0.017855,-0.01464
2024-04-28 00:00:00+00:00,-0.000677,77.5037,-1.4154,0.366755,0.888,-0.6694,-0.024677,0.00327,0.0346,-0.7359,-0.05864,-0.02042,-0.1758,0.824662,0.020643,-0.000693
2024-04-29 00:00:00+00:00,-0.000629,235.4031,-1.2751,0.32894,2.2626,-0.4212,-0.07671,-0.002785,-0.0885,-1.5959,-0.236768,-0.074136,-0.2908,0.859178,0.034517,0.037305
2024-04-30 00:00:00+00:00,-0.000323,587.2859,-0.9713,0.316866,1.658,-1.0851,0.007038,-0.005682,0.0301,-1.2636,0.045795,0.013262,-0.2762,0.826315,-0.032863,0.022297
2024-05-01 00:00:00+00:00,0.0005,-532.1591,-1.2153,0.221795,-1.5881,-3.2309,-0.0082,0.018371,0.0386,-0.854,-0.022241,-0.00451,-0.8114,0.869464,0.043148,0.044802
2024-05-02 00:00:00+00:00,-0.000183,-134.9961,-1.2651,0.330236,-1.7818,-2.9831,0.025589,-0.016924,-0.0447,-1.279,0.089116,0.027757,-0.5675,0.844216,-0.025248,-0.014963
2024-05-03 00:00:00+00:00,-0.000493,-107.9215,-1.3027,0.317724,-0.696,-0.4778,-0.067529,0.012755,0.0549,-0.7052,-0.218572,-0.065145,-0.3436,0.828914,-0.015302,0.002599
2024-05-04 00:00:00+00:00,0.000832,-133.8281,-1.3532,0.27913,-0.7896,-0.047,-0.010359,-0.003354,-0.1371,-2.0296,-0.024285,-0.0062,-1.0346,0.782135,-0.046779,-0.087328
2024-05-05 00:00:00+00:00,-4e-06,-9.9497,-1.3398,0.376975,-0.2267,-1.1617,0.017735,0.004683,-0.0332,-2.2684,0.062918,0.022392,-1.7749,0.801588,0.019452,-0.042628
2024-05-06 00:00:00+00:00,-0.000529,42.36,-1.2905,0.32417,0.5404,-2.8839,-0.039377,-0.001087,0.1365,-0.93,-0.117708,-0.035821,-1.1397,0.836405,0.034817,0.007491
2024-05-07 00:00:00+00:00,0.000466,20.5871,-1.2517,0.223479,0.2213,-4.3205,-0.059497,-0.034573,0.0766,-0.1715,-0.275311,-0.056844,-0.6565,0.85302,0.016615,0.070884
2024-05-08 00:00:00+00:00,-0.000171,-126.4392,-1.2823,0.288548,-1.2705,-4.0029,-0.044172,0.010087,-0.0475,-0.6265,-0.150939,-0.040703,-0.9634,0.837819,-0.015201,0.036231
2024-05-09 00:00:00+00:00,0.000469,-49.1152,-1.2836,0.276294,-0.4799,-2.701,-0.021725,0.004177,0.0048,-0.5612,-0.074081,-0.019268,-1.0259,0.846152,0.008333,0.009747
2024-05-10 00:00:00+00:00,-5.9e-05,180.6968,-1.1724,0.306392,1.0785,-0.9265,-0.018405,0.031123,-0.0621,-1.1748,-0.051033,-0.014631,-1.3819,0.835158,-0.010994,-0.017862
2024-05-11 00:00:00+00:00,6.9e-05,-177.0853,-1.2324,0.28043,-0.9742,-1.1111,-0.02654,0.049152,0.0384,-0.7607,-0.083617,-0.021366,-3.3048,0.745828,-0.089329,-0.09199
2024-05-12 00:00:00+00:00,0.00069,-96.0366,-1.248,0.29529,-1.1069,-1.9912,-0.056288,-0.042683,-0.0051,-0.7958,-0.189352,-0.051576,-3.5067,0.766842,0.021013,-0.07931
2024-05-13 00:00:00+00:00,-0.001498,485.0926,-1.0043,0.247272,2.6364,0.1047,-0.057886,-0.027097,0.0577,-0.1881,-0.234663,-0.054403,-1.1315,0.869919,0.103078,0.034762
2024-05-14 00:00:00+00:00,0.00022,-137.0008,-1.0506,0.271455,0.7065,0.5899,-0.053059,-0.01338,0.0001,-0.1862,-0.193557,-0.047955,-0.9036,0.788886,-0.081033,0.043058
2024-05-15 00:00:00+00:00,-0.000305,34.9411,-1.0141,0.279959,-0.1174,1.743,-0.060701,0.003449,-0.0273,-0.4595,-0.219275,-0.056842,-0.6206,0.817726,0.028839,0.050884
2024-05-16 00:00:00+00:00,-7e-05,-234.1768,-1.1016,0.288223,-1.6942,0.5287,-0.041347,0.000891,-0.0388,-0.847,-0.140107,-0.037787,-1.1521,0.843169,0.025443,-0.026751
2024-05-17 00:00:00+00:00,0.000734,60.8285,-1.0608,0.333183,0.4029,-0.147,-0.026355,0.013312,0.1129,0.3612,-0.071026,-0.022042,-0.9262,0.809661,-0.033507,0.020775
2024-05-18 00:00:00+00:00,0.000715,-249.0814,-1.1549,0.32796,-2.1956,-1.3684,-0.026255,-0.021006,-0.198,-1.7132,-0.069627,-0.021118,-2.3686,0.76882,-0.040841,-0.048905
2024-05-19 00:00:00+00:00,0.000912,-17.3152,-1.1387,0.299354,-0.146,-0.4075,-0.046871,-0.00193,0.1405,-0.2011,-0.149733,-0.041337,-2.4243,0.770122,0.001301,-0.073047
2024-05-20 00:00:00+00:00,-0.001467,1202.7708,-0.5908,0.395117,6.1008,3.057,-0.097761,-0.002428,0.1482,1.3823,-0.241692,-0.089996,-0.1973,0.847027,0.076905,0.037365
2024-05-21 00:00:00+00:00,-0.001867,-45.2848,-0.5974,0.386396,4.1371,6.4876,-0.072298,0.017878,-0.0953,0.3829,-0.168491,-0.060638,-0.1592,0.851883,0.004857,0.083063
2024-05-22 00:00:00+00:00,9.9e-05,-346.3496,-0.734,0.414831,-3.8698,2.7352,-0.006861,-0.031123,0.0629,1.0918,-0.001262,-0.000502,0.1888,0.88272,0.030836,0.112598
2024-05-23 00:00:00+00:00,0.001028,104.2018,-0.6722,0.391649,1.9129,6.3423,-0.017608,0.000371,0.0361,1.4907,-0.034102,-0.012717,-0.6436,0.87858,-0.00414,0.031553
2024-05-24 00:00:00+00:00,-0.00095,-389.1488,-0.8321,0.351943,-3.3221,2.6173,0.04501,-0.001092,0.0289,1.7685,0.138374,0.0468,-0.2196,0.896703,0.018123,0.044819
2024-05-25 00:00:00+00:00,0.00145,-386.057,-0.9857,0.21413,-3.4176,1.3953,-0.008899,-0.000378,-0.209,-0.4953,-0.033195,-0.006673,-0.244,0.853582,-0.04312,-0.029137
2024-05-26 00:00:00+00:00,-0.000366,92.7394,-0.9245,0.442646,0.5018,2.0431,-0.045519,0.004142,0.1511,1.1275,-0.099779,-0.042506,-0.6852,0.847456,-0.006127,-0.031124
2024-05-27 00:00:00+00:00,-0.00013,1031.9711,-0.4545,0.35182,9.6986,5.6409,0.008159,-0.002029,0.0704,1.8353,0.033687,0.011208,-0.249,0.848218,0.000763,-0.048484
2024-05-28 00:00:00+00:00,-0.000356,103.5007,-0.3915,0.349074,1.3016,2.8054,0.007695,0.009656,0.1439,3.1298,0.028569,0.009519,-0.4602,0.874699,0.02648,0.021116
2024-05-29 00:00:00+00:00,-0.000758,-459.59,-0.5823,0.34429,-5.2084,1.4668,0.02938,-0.003421,-0.1148,1.9383,0.093384,0.030711,0.0159,0.873077,-0.001622,0.025621
2024-05-30 00:00:00+00:00,0.000291,122.5133,-0.509,0.664997,1.6736,1.2275,-0.052629,0.000329,0.0283,2.1393,-0.078022,-0.051072,-0.6454,0.914569,0.041492,0.066351
2024-05-31 00:00:00+00:00,-0.000417,-147.1159,-0.5614,0.406787,-2.7158,1.8338,0.090989,-0.010123,-0.0326,1.7857,0.236191,0.092389,-0.0573,0.85967,-0.054899,-0.015028
2024-06-01 00:00:00+00:00,1.1e-05,-489.6981,-0.7736,0.346714,-3.4748,1.7766,-0.01286,0.010009,0.0489,2.162,-0.027395,-0.008899,-0.906,0.766845,-0.092825,-0.106231
2024-06-02 00:00:00+00:00,0.000209,145.2229,-0.6971,0.314874,1.9582,3.2329,-0.003828,-0.013178,0.0824,2.7842,-0.002443,-0.00071,-1.75,0.749098,-0.017748,-0.165471
2024-06-03 00:00:00+00:00,-0.000839,383.7353,-0.4999,0.3205,3.6542,-2.8115,-0.017897,0.012437,0.0259,2.8561,-0.052674,-0.015939,-0.5667,0.838273,0.089176,-0.021397
2024-06-04 00:00:00+00:00,0.000301,-253.083,-0.6324,0.263745,-2.4077,-6.5208,0.026114,0.000159,-0.1463,1.5985,0.114535,0.028231,-0.468,0.841724,0.003451,0.074879
2024-06-05 00:00:00+00:00,-0.000293,828.0177,-0.1252,0.327075,9.9328,8.6204,-0.029881,-0.014948,0.1101,2.4078,-0.089195,-0.027201,-0.3998,0.814383,-0.027341,0.065286
2024-06-06 00:00:00+00:00,-0.001155,145.8231,-0.0062,0.277175,-0.4942,6.4526,-0.045229,-0.00673,0.0373,2.5788,-0.164541,-0.042528,-0.4739,0.836535,0.022152,-0.001739
2024-06-07 00:00:00+00:00,0.000921,-382.6385,-0.2278,0.309345,-5.872,3.2964,-0.06907,0.034225,-0.0678,1.9898,-0.226035,-0.065066,0.5829,0.817662,-0.018873,-0.024062
2024-06-08 00:00:00+00:00,0.000225,-848.107,-0.7805,0.356159,-6.2146,0.5566,-0.027325,0.014441,-0.1261,1.0375,-0.070809,-0.023607,-0.8253,0.773811,-0.043851,-0.040572
2024-06-09 00:00:00+00:00,0.000269,-74.9956,-0.8442,0.264231,-0.9204,-2.322,-0.011293,-0.022427,-0.0056,0.9781,-0.026429,-0.006223,-1.2381,0.69092,-0.082892,-0.145615
2024-06-10 00:00:00+00:00,7.8e-05,354.328,-0.5743,0.286813,2.6084,-3.3677,-0.02725,0.004459,0.0168,1.09,-0.087958,-0.023421,-0.5136,0.813265,0.122345,-0.004397
2024-06-11 00:00:00+00:00,-0.000979,361.671,-0.2641,0.497953,3.7179,2.7579,-0.110711,0.005679,0.032,1.3026,-0.224313,-0.108193,-0.4887,0.880354,0.067089,0.106542
2024-06-12 00:00:00+00:00,0.000769,308.2953,0.0407,0.311081,3.4029,-3.772,-0.004305,-0.009945,-0.0415,0.9789,-0.010492,-0.003064,-0.2423,0.848682,-0.031671,0.157763
2024-06-13 00:00:00+00:00,0.00023,-235.335,-0.1507,0.312439,-3.6442,-6.922,-0.044079,-0.008368,0.0,0.9574,-0.143584,-0.042098,-0.4897,0.838663,-0.010019,0.025398
2024-06-14 00:00:00+00:00,-0.000357,-452.0887,-0.5671,0.374134,-3.4081,-4.458,0.006546,0.005099,-0.016,0.821,0.024824,0.008846,-0.3364,0.850879,0.012215,-0.029475
2024-06-15 00:00:00+00:00,0.000425,-542.6583,-1.0741,0.351832,-4.3407,-2.5841,-0.126461,0.005735,-0.1246,-0.1128,-0.367776,-0.121141,-1.2822,0.794303,-0.056576,-0.05438
2024-06-16 00:00:00+00:00,0.000443,-94.7847,-1.1532,0.374092,-0.7708,-2.4344,-0.042812,-0.013067,0.0419,0.1901,-0.110887,-0.039035,-2.9152,0.775614,-0.018689,-0.06305
2024-06-17 00:00:00+00:00,-0.000591,348.8781,-0.7958,0.355996,1.96,-3.0828,-0.024468,0.005333,0.0718,0.7137,-0.062204,-0.021195,-0.5875,0.874523,0.09891,0.023645
2024-06-18 00:00:00+00:00,0.00074,241.2896,-0.5286,0.349233,2.4438,-4.3569,-0.037525,0.022031,0.0837,1.3066,-0.100576,-0.03321,-0.5087,0.854633,-0.019891,0.06033
2024-06-19 00:00:00+00:00,-2.1e-05,-181.2932,-0.7075,0.387497,-0.522,-8.2817,-0.020286,-0.017938,-0.1109,0.4679,-0.048956,-0.018049,-0.5182,0.846499,-0.008133,0.070886
2024-06-20 00:00:00+00:00,-0.000658,237.6868,-0.4309,0.368974,1.35,-3.2876,-0.046966,0.007383,0.068,0.9559,-0.127769,-0.044644,-0.5097,0.844718,-0.001781,-0.029805
2024-06-21 00:00:00+00:00,0.000564,-521.9408,-0.9872,0.371461,-4.332,-4.2115,0.018223,-0.053548,-0.3976,-2.0403,0.05658,0.020247,2.4847,0.867756,0.023037,0.013123
2024-06-22 00:00:00+00:00,0.000488,-252.4607,-1.2367,0.341259,-2.2718,-2.1427,-0.037397,-0.020767,-0.246,-3.6227,-0.109756,-0.03518,-2.4084,0.78028,-0.087476,-0.066219
2024-06-23 00:00:00+00:00,0.000316,6.9438,-1.2039,0.436258,0.3646,-1.0073,-0.065758,0.048484,0.3854,-0.9047,-0.150879,-0.06341,-2.2231,0.83372,0.053441,-0.010998
2024-06-24 00:00:00+00:00,-0.000769,322.2368,-0.8347,0.384964,3.1078,0.1405,-0.051234,0.020328,0.1337,0.0422,-0.132658,-0.049078,0.3308,0.878017,0.044296,0.010261
2024-06-25 00:00:00+00:00,-0.000866,-33.0981,-0.8641,0.354804,-0.457,-2.7604,-0.097606,-0.02408,-0.079,-0.5036,-0.281185,-0.096058,0.4369,0.880096,0.002079,0.099816
2024-06-26 00:00:00+00:00,0.000441,16.2189,-0.8365,0.301244,-0.6684,-2.9068,-0.056982,-0.022366,-0.1255,-1.3596,-0.190284,-0.054881,1.6495,0.878157,-0.001939,0.044436
2024-06-27 00:00:00+00:00,-0.000106,191.7187,-0.5875,0.325141,1.5205,-2.7363,-0.029727,0.016974,0.1795,-0.1086,-0.089413,-0.027628,0.451,0.863156,-0.015001,-0.014861
2024-06-28 00:00:00+00:00,-0.000404,-319.9955,-0.9606,0.408839,-1.6595,-0.0637,-0.056597,0.014803,-0.0124,-0.2043,-0.136854,-0.054336,0.0795,0.895465,0.03231,0.015369
2024-06-29 00:00:00+00:00,0.001376,-232.9599,-1.2215,0.285214,-2.4037,-0.1956,-0.027552,-0.022713,-0.241,-1.8541,-0.089031,-0.023661,-2.0902,0.804718,-0.090747,-0.073439
2024-06-30 00:00:00+00:00,-0.000366,74.322,-1.1091,0.327925,0.8107,0.2505,0.017572,0.010802,0.2625,-0.0426,0.065178,0.020443,-2.2116,0.860054,0.055336,-0.003102
2024-07-01 00:00:00+00:00,-0.001255,268.8435,-0.7783,0.332555,2.289,-0.5683,-0.103167,0.024112,0.1026,0.6687,-0.314659,-0.100574,0.1499,0.881737,0.021683,-0.013728
2024-07-02 00:00:00+00:00,0.000159,-100.037,-0.9107,0.375925,-0.4502,-0.5614,-0.067031,-0.002682,-0.0194,0.5393,-0.177779,-0.064618,0.2728,0.886947,0.00521,0.082229
2024-07-03 00:00:00+00:00,0.000275,423.4017,-0.2954,0.296168,2.1895,2.2965,-0.021483,0.013054,0.2,1.8716,-0.067738,-0.018963,-0.2403,0.876759,-0.010188,0.016705
2024-07-04 00:00:00+00:00,0.000606,-63.7348,-0.3719,0.361409,1.4064,2.1824,-0.043344,0.035236,-0.2318,0.2849,-0.116351,-0.039923,-0.149,0.865729,-0.011031,-0.016008
2024-07-05 00:00:00+00:00,-0.000962,205.7146,-0.062,0.429944,0.3202,4.162,-0.046091,-8.5e-05,0.0284,0.4642,-0.103592,-0.04254,0.7759,0.880608,0.014879,-0.006339
2024-07-06 00:00:00+00:00,0.001079,-792.0641,-1.2057,0.370541,-6.5781,-0.0124,0.019173,-0.04229,-0.1993,-0.8937,0.063149,0.022215,-2.0028,0.840767,-0.039841,-0.035992
2024-07-07 00:00:00+00:00,0.001131,-42.9225,-1.2517,0.432061,-0.384,-1.2072,0.010612,0.002972,0.173,0.2819,0.036246,0.01506,-1.7811,0.863993,0.023226,-0.001736
2024-07-08 00:00:00+00:00,-0.001305,199.7022,-0.9474,0.350545,1.792,-1.7043,-0.044969,-0.015703,0.0217,0.4246,-0.10265,-0.033317,-0.097,0.854369,-0.009623,-0.026239
2024-07-09 00:00:00+00:00,-0.000463,26.9212,-0.8869,0.352436,0.2579,-0.9962,-0.060257,-0.000796,-0.0036,0.3992,-0.168841,-0.057151,0.5807,0.890769,0.0364,0.050002
2024-07-10 00:00:00+00:00,-0.000551,254.4149,-0.4702,0.294362,1.8577,-1.328,-0.034033,-0.003953,0.0235,0.5533,-0.112376,-0.031505,0.2941,0.875432,-0.015337,0.011439
2024-07-11 00:00:00+00:00,0.000523,-92.8858,-0.6127,0.35544,-0.5177,-3.2521,-0.04852,0.011504,-0.0164,0.4341,-0.133732,-0.045814,0.2173,0.884672,0.00924,0.030303
2024-07-12 00:00:00+00:00,2.5e-05,-252.1625,-1.2663,0.322724,-1.894,-5.4663,-0.093588,-0.015044,-0.1327,-0.4595,-0.294011,-0.091762,0.5944,0.896569,0.011897,0.0058
2024-07-13 00:00:00+00:00,0.00202,-43.1124,-1.3305,0.400493,-1.5807,-0.4689,-0.042712,-0.008724,0.0175,-0.3394,-0.100439,-0.038506,-1.5655,0.831455,-0.065114,-0.043977
2024-07-14 00:00:00+00:00,-0.002931,25.7551,-1.2482,0.350579,1.4311,1.3463,-0.032422,0.002362,0.2014,1.0089,-0.085617,-0.028008,-2.6113,0.782889,-0.048567,-0.101784
2024-07-15 00:00:00+00:00,0.00108,598.0026,0.1006,0.350325,3.1211,2.6754,-0.051567,-0.000233,0.0165,1.0951,-0.145076,-0.048848,0.7141,0.891323,0.108435,-0.005246
2024-07-16 00:00:00+00:00,-0.00085,-7.1989,0.1197,0.426481,1.9091,4.3267,-0.017529,0.0028,0.1299,1.905,-0.035238,-0.014533,0.8344,0.882963,-0.008361,0.051508
2024-07-17 00:00:00+00:00,-0.000481,129.89,0.436,0.31268,1.4427,3.9117,-0.017091,-0.018496,0.1834,2.9297,-0.04553,-0.013411,0.3591,0.851774,-0.031189,0.068885
2024-07-18 00:00:00+00:00,0.000795,63.3142,0.5911,0.332505,0.4007,4.8301,-0.003059,0.033835,-0.0829,2.3056,-0.001201,-0.000379,-0.3603,0.851294,-0.00048,-0.040029
2024-07-19 00:00:00+00:00,-0.000185,-385.0968,-0.3209,0.332373,-3.2488,3.4753,-0.046088,-0.008314,-0.126,1.4969,-0.135282,-0.042827,0.2117,0.868916,0.017622,-0.014047
2024-07-20 00:00:00+00:00,0.001065,-349.3783,-1.1306,0.288693,-3.2912,1.7648,0.008456,0.029815,-0.1349,0.6616,0.050054,0.013464,-1.2252,0.819379,-0.049537,-0.032395
2024-07-21 00:00:00+00:00,0.000917,231.3264,-0.572,0.365055,-0.1652,0.1685,-0.011837,-0.029136,0.151,1.5405,-0.0215,-0.00744,-1.4574,0.828272,0.008892,-0.023023
2024-07-22 00:00:00+00:00,-0.001875,4.2926,-0.5462,0.14998,2.8638,-0.0888,-0.048754,0.003854,0.0104,1.5651,-0.33055,-0.047112,0.1031,0.937783,0.109511,0.068866
2024-07-23 00:00:00+00:00,0.000629,-99.6918,-0.765,0.423239,-1.1701,-3.168,-0.054926,-0.012603,-0.1234,0.8331,-0.111096,-0.045065,0.4296,0.911273,-0.026509,0.091894
2024-07-24 00:00:00+00:00,0.000339,-49.9042,-0.8651,0.20274,-0.9017,-5.5124,-0.047697,-0.002964,0.018,0.9255,-0.235015,-0.046083,-0.1585,0.949708,0.038434,0.121436
2024-07-25 00:00:00+00:00,-0.000927,10.5508,-0.8282,0.281025,0.2522,-5.661,-0.032687,0.018273,0.0514,1.2,-0.119291,-0.032364,0.4565,0.934762,-0.014946,-0.003021
2024-07-26 00:00:00+00:00,0.000879,-192.891,-1.2698,0.242811,-1.7978,-4.21,-0.026954,-0.005067,-0.124,0.461,-0.109807,-0.025831,0.4263,0.940435,0.005673,0.029162
2024-07-27 00:00:00+00:00,0.000356,150.2708,-0.9008,0.432763,0.1061,-0.8127,-0.028866,-0.02003,0.0804,0.913,-0.05912,-0.024665,-0.4164,0.859238,-0.081197,-0.09047
2024-07-28 00:00:00+00:00,0.000451,-246.6521,-1.4473,0.295351,-0.9866,-1.634,-0.004921,0.015675,-0.1998,-0.271,0.002049,0.000555,-2.3744,0.775508,-0.08373,-0.159254
2024-07-29 00:00:00+00:00,-0.000722,95.6571,-1.2019,0.25143,1.1462,-3.3516,-0.056528,0.019157,0.1606,0.661,-0.225956,-0.054803,-0.0269,0.928911,0.153403,-0.011524
2024-07-30 00:00:00+00:00,-0.0003,471.5641,-0.0812,0.222069,4.778,2.5965,-0.020297,0.029176,0.1362,1.4325,-0.079657,-0.016802,0.9783,0.917984,-0.010927,0.058745
2024-07-31 00:00:00+00:00,-0.000511,40.678,0.0176,0.336373,-0.6823,2.8158,-0.065196,-0.043301,-0.0156,1.3101,-0.192666,-0.062517,0.0363,0.902214,-0.015769,0.126706
2024-08-01 00:00:00+00:00,-0.00041,75.7946,0.1946,0.33078,1.0547,3.6184,-0.020914,0.002891,0.1602,2.1666,-0.059415,-0.018867,-0.191,0.894636,-0.007578,-0.034275
2024-08-02 00:00:00+00:00,0.000176,-358.1826,-0.6482,0.287623,-4.2758,1.1403,-0.018969,0.011145,-0.0893,1.6181,-0.065193,-0.018121,-0.9104,0.910347,0.015711,-0.007636
2024-08-03 00:00:00+00:00,0.001659,-276.0372,-1.2785,0.400927,-1.762,-0.7278,-0.005467,-0.022593,-0.4061,-0.745,-0.010573,-0.004088,0.1411,0.869046,-0.041301,-0.033168
2024-08-04 00:00:00+00:00,0.001009,296.5551,-0.5793,0.412294,0.1143,0.3731,-0.046735,0.012643,0.0029,-0.736,-0.114513,-0.045212,-0.4007,0.86598,-0.003066,-0.028656
2024-08-05 00:00:00+00:00,-0.002196,4717.5727,6.9458,0.441413,25.4886,24.7155,-0.005878,0.047091,0.4955,2.0998,-0.021462,-0.008799,-0.7779,0.837741,-0.028238,-0.072606
2024-08-06 00:00:00+00:00,-0.000516,-4801.6374,-0.5982,0.342054,-23.5624,-3.6249,-0.01944,-0.036099,-0.2375,0.7161,-0.061148,-0.019963,-0.1233,0.908349,0.070608,0.039303
2024-08-07 00:00:00+00:00,0.000375,60.7862,-0.5024,0.314653,-0.4031,-3.3457,-0.043697,-0.023992,0.0186,0.8046,-0.13961,-0.042165,1.1566,0.906759,-0.00159,0.040779
2024-08-08 00:00:00+00:00,-0.000366,135.983,-0.2878,0.293583,1.5114,-2.889,-0.029831,0.004719,0.2218,2.0223,-0.097479,-0.027096,0.0132,0.885189,-0.02157,0.047447
2024-08-09 00:00:00+00:00,-9.7e-05,-247.5588,-0.6731,0.353734,-1.2817,0.1051,-0.005388,-0.014736,-0.1479,1.1526,-0.008922,-0.00305,0.1896,0.903389,0.0182,-0.00496
2024-08-10 00:00:00+00:00,0.002112,-248.7966,-1.0537,0.405602,-2.4075,-0.5403,-0.068566,-0.015354,-0.3666,-0.9479,-0.167508,-0.064937,-2.094,0.832416,-0.070973,-0.074343
2024-08-11 00:00:00+00:00,0.000238,27.4647,-0.9925,0.464884,0.219,-0.4356,-0.035151,0.012261,0.2195,0.298,-0.070166,-0.031457,-1.7782,0.852918,0.020502,-0.03227
2024-08-12 00:00:00+00:00,-0.001468,299.9993,-0.5208,0.421228,2.9231,-23.0011,-0.038295,0.006095,0.3359,2.1487,-0.087464,-0.035643,-0.6197,0.89453,0.041612,-0.008859
2024-08-13 00:00:00+00:00,-0.00032,-210.4901,-0.8342,0.370543,-2.1735,-1.6121,0.013038,0.005384,-0.2399,0.7792,0.045921,0.016073,0.1452,0.841268,-0.053262,0.008852
2024-08-14 00:00:00+00:00,4.4e-05,85.2163,-0.6972,0.302722,0.6615,-0.5475,-0.054388,-0.065795,-0.4753,-1.8813,-0.179816,-0.052568,3.5638,0.905841,0.064573,0.052923
2024-08-15 00:00:00+00:00,-0.000708,114.4553,-0.5173,0.314426,1.0136,-1.0454,-0.021907,0.006917,0.1139,-1.2306,-0.065954,-0.019702,2.0368,0.859009,-0.046832,-0.035521
2024-08-16 00:00:00+00:00,0.001846,-261.4806,-0.914,0.449546,-2.1862,-1.95,-0.028397,0.053618,0.2003,-0.1378,-0.058994,-0.025686,0.3144,0.873204,0.014195,0.031936
2024-08-17 00:00:00+00:00,0.0013,-61.3126,-1.0008,0.447566,-0.8176,-0.3601,-0.059912,-0.007644,-0.0576,-0.4727,-0.127971,-0.054271,-2.7444,0.787197,-0.086007,-0.118644
2024-08-18 00:00:00+00:00,-0.000529,16.3724,-0.9545,0.380322,0.1498,-0.4293,-0.054835,0.004091,0.0503,-0.1865,-0.138111,-0.049473,-2.6642,0.794317,0.00712,-0.064692
2024-08-19 00:00:00+00:00,-0.001394,39.2037,-0.8744,0.36194,0.7122,-2.6403,-0.013642,0.015625,0.2268,1.0803,-0.029042,-0.01003,-0.1103,0.866286,0.071968,-0.006918
2024-08-20 00:00:00+00:00,0.000139,2.5847,-0.8521,0.351452,-0.2464,-0.7132,-0.061495,0.005083,0.0129,1.1292,-0.174366,-0.058053,-0.4823,0.850027,-0.016258,0.06283
2024-08-21 00:00:00+00:00,0.000775,92.1114,-0.6943,0.378838,0.0883,-1.2864,-0.053196,-0.006675,-0.1328,0.3736,-0.135985,-0.049618,-0.2837,0.88369,0.033663,0.089372
2024-08-22 00:00:00+00:00,0.000162,-125.9849,-0.872,0.362078,-0.3929,-2.6928,-0.091823,0.000976,-0.0311,0.1956,-0.258678,-0.090068,-0.0984,0.883949,0.000259,0.017663
2024-08-23 00:00:00+00:00,-0.000314,44.3904,-0.7964,0.672956,0.2818,-0.2248,-0.077708,0.011018,0.0016,0.1902,-0.114121,-0.075615,0.2394,0.917603,0.033655,0.067576
2024-08-24 00:00:00+00:00,0.000501,-67.6915,-0.8881,0.467147,-0.8341,-0.2412,-0.051713,-0.010891,-0.1919,-0.892,-0.113801,-0.051704,0.0452,0.869414,-0.04819,-0.014276
2024-08-25 00:00:00+00:00,0.001686,-22.2324,-0.9021,0.384283,-0.1266,-0.5176,-0.04949,0.01693,0.2325,0.4197,-0.131298,-0.048556,-1.3601,0.831471,-0.037942,-0.052477
2024-08-26 00:00:00+00:00,-0.001788,115.1612,-0.7083,0.445783,1.3276,0.0978,-0.064616,-0.003128,-0.054,0.1224,-0.144421,-0.062719,-0.398,0.888705,0.057233,-0.028899
2024-08-27 00:00:00+00:00,-0.000191,-9.1441,-0.7056,0.424741,-0.3731,-0.0289,-0.045054,-0.010386,-0.0063,0.0872,-0.103355,-0.042255,-0.2217,0.878104,-0.010601,0.00869
2024-08-28 00:00:00+00:00,-0.000329,-17.1057,-0.7146,0.380789,0.1026,-0.0147,-0.00263,-0.013272,0.1029,0.666,-0.00762,-0.002761,-1.3497,0.827923,-0.050181,-0.003548
2024-08-29 00:00:00+00:00,-0.000473,8.1729,-0.6853,0.412364,-0.0504,0.3278,-0.016829,0.012723,-0.1303,-0.07,-0.036254,-0.014458,0.2414,0.883514,0.055591,-0.00519
2024-08-30 00:00:00+00:00,0.00054,-29.5645,-0.7194,0.457467,-0.4506,-0.4046,-0.106499,0.005411,0.0114,-0.0006,-0.235634,-0.104159,-0.1704,0.879437,-0.004077,0.001333
2024-08-31 00:00:00+00:00,0.001915,-74.4169,-0.8191,0.488582,-0.562,-0.1326,-0.246832,-0.005004,-0.0496,-0.2702,-0.514419,-0.242043,-1.8043,0.848296,-0.031141,0.020373
2024-09-01 00:00:00+00:00,0.000243,-6.6691,-0.8107,0.528531,-0.0162,-0.0222,-0.158975,-0.007278,0.0971,0.2929,-0.301591,-0.154708,-0.7909,0.861024,0.012728,-0.02249
2024-09-02 00:00:00+00:00,-0.001798,354.2752,-0.2496,0.413072,2.966,1.6162,-0.083853,0.005936,0.0608,0.6352,-0.203171,-0.080571,0.5925,0.856756,-0.004268,-0.022681
2024-09-03 00:00:00+00:00,-0.000797,-228.3075,-0.5891,0.588435,-1.6585,0.3308,0.006689,0.016892,0.0507,0.9236,0.017877,0.010283,1.3811,0.885695,0.028938,0.037399
2024-09-04 00:00:00+00:00,8e-05,211.8487,-0.2307,0.441339,1.2434,1.4717,-0.085044,-0.004712,0.0704,1.3179,-0.194296,-0.082734,0.0019,0.877275,-0.008419,0.016251
2024-09-05 00:00:00+00:00,-0.00033,33.3277,-0.1576,0.294871,0.495,2.0171,-0.046693,-0.021333,0.0214,1.4181,-0.156685,-0.043872,0.5312,0.864993,-0.012282,0.008237
2024-09-06 00:00:00+00:00,-0.000142,336.6618,0.4032,0.419739,0.7917,3.2593,-0.032759,0.011337,-0.0542,1.0918,-0.073402,-0.029478,0.4893,0.864126,-0.000867,-0.021569
2024-09-07 00:00:00+00:00,0.000138,-604.9744,-0.595,0.47605,-2.7825,1.0388,-0.081102,-0.006085,-0.0243,0.939,-0.171518,-0.078284,0.0405,0.842904,-0.021222,-0.034371
2024-09-08 00:00:00+00:00,0.000876,-60.0568,-0.6789,0.34718,-0.6523,0.4028,-0.021837,0.01669,-0.2297,-0.3378,-0.053438,-0.017601,-1.002,0.840029,-0.002876,-0.024964
2024-09-09 00:00:00+00:00,-0.000968,361.414,-0.0603,0.51078,2.6563,0.093,-0.066523,-0.027262,0.2171,0.8602,-0.128361,-0.063829,0.3126,0.882453,0.042424,0.018327
2024-09-10 00:00:00+00:00,-0.001207,85.9181,0.1085,0.467721,1.5015,3.253,-0.036894,-0.022967,-0.0746,0.4398,-0.075587,-0.034359,0.4497,0.892264,0.009811,0.049359
2024-09-11 00:00:00+00:00,0.000927,-262.8618,-0.328,0.609928,-2.3649,-0.3553,-0.074898,0.006601,-0.1391,-0.3281,-0.120615,-0.071945,1.7725,0.89153,-0.000734,0.051501
2024-09-12 00:00:00+00:00,-6.4e-05,94.5237,-0.1509,0.436734,0.5121,-0.3381,-0.130787,0.014364,0.2023,0.7791,-0.303542,-0.127653,0.7918,0.861697,-0.029833,-0.020755
2024-09-13 00:00:00+00:00,2.6e-05,-66.6001,-0.2653,0.352687,-0.6102,-1.74,0.05645,0.025821,0.0015,0.7695,0.181454,0.060748,1.796,0.845545,-0.016152,-0.046719
2024-09-14 00:00:00+00:00,2.9e-05,-155.768,-0.5348,0.566658,-0.9811,0.0614,-0.018224,-0.004456,-0.1157,0.1215,-0.024636,-0.01351,-1.2126,0.825464,-0.020081,-0.066066
2024-09-15 00:00:00+00:00,0.000778,14.5081,-0.4986,0.33796,-0.1539,0.5599,-0.063709,0.034513,-0.0195,0.0106,-0.184104,-0.058947,-0.765,0.842013,0.016549,-0.019684
2024-09-16 00:00:00+00:00,-0.000675,554.0288,0.4816,0.35386,5.2425,3.1461,-0.098064,-0.023704,0.3401,1.8403,-0.286187,-0.095599,-0.4109,0.831993,-0.01002,-0.013552
2024-09-17 00:00:00+00:00,-0.000468,166.6228,0.772,0.354892,-1.2754,0.3692,-0.039928,-0.009384,-0.1858,0.8144,-0.107779,-0.036541,0.129,0.868338,0.036346,0.042874
2024-09-18 00:00:00+00:00,-0.000181,-16.8791,0.7466,0.430899,2.6514,5.3855,-0.026005,-0.026048,0.2959,2.3168,-0.055975,-0.023359,0.26,0.882026,0.013688,0.040013
2024-09-19 00:00:00+00:00,-0.000384,794.2262,2.0729,0.6066,8.8291,13.7025,-0.127546,-0.003385,0.1047,2.7626,-0.209787,-0.124137,0.9571,0.877867,-0.004159,0.045874
2024-09-20 00:00:00+00:00,-0.000282,-34.9768,1.9445,0.35643,-2.1664,12.1463,-0.016347,-0.013121,-0.0541,2.508,-0.038631,-0.013111,0.5073,0.868476,-0.009391,0.000138
2024-09-21 00:00:00+00:00,-0.00022,-294.2315,1.413,0.431342,-3.292,9.8354,-0.072237,-0.015501,0.0756,2.776,-0.167409,-0.068676,-0.6776,0.808923,-0.059553,-0.073103
2024-09-22 00:00:00+00:00,0.000496,-243.7142,0.9911,0.488297,-0.6683,9.3209,-0.046846,0.014982,-0.0654,2.3349,-0.09112,-0.042547,-0.683,0.809568,0.000645,-0.068299
2024-09-23 00:00:00+00:00,0.000115,1126.4941,2.7082,0.410196,11.7921,15.8706,-0.017599,-0.00468,0.0341,2.4067,-0.03626,-0.014251,0.1732,0.862951,0.053383,-0.005525
2024-09-24 00:00:00+00:00,-0.000147,162.2431,2.7998,0.401785,0.998,18.1439,-0.05336,0.004551,-0.0919,1.9119,-0.131838,-0.051076,0.6065,0.879274,0.016323,0.070351
2024-09-25 00:00:00+00:00,-0.000662,-110.2749,2.5129,0.349353,-2.1193,13.3733,0.003975,-0.00326,-0.0448,1.6454,0.019004,0.006351,0.5718,0.873491,-0.005783,0.063923
2024-09-26 00:00:00+00:00,0.001026,-200.4905,2.136,0.364052,-2.7917,1.7525,-0.033516,0.021891,-0.0817,1.2174,-0.085648,-0.02954,0.1671,0.841952,-0.031538,-0.020998
2024-09-27 00:00:00+00:00,-0.000789,-553.0358,1.3169,0.355311,-5.2975,-1.3787,-0.039376,0.013785,-0.2015,0.2077,-0.104501,-0.035303,0.8013,0.863111,0.021159,-0.016163
2024-09-28 00:00:00+00:00,0.001384,-784.0244,0.203,0.348803,-6.2567,-4.3434,-0.01995,0.011721,-0.1191,-0.4079,-0.044244,-0.014429,-0.5761,0.813708,-0.049404,-0.059783
2024-09-29 00:00:00+00:00,-0.00033,24.9281,0.2345,0.391417,0.2277,-3.4475,-0.040461,-0.025112,0.0604,-0.1061,-0.095166,-0.034906,-0.2011,0.78907,-0.024637,-0.052882
2024-09-30 00:00:00+00:00,3.3e-05,399.8618,0.7853,0.386217,3.1641,-12.0755,-0.034317,0.011203,0.1037,0.4121,-0.083609,-0.031196,0.3682,0.893658,0.104588,0.030547
2024-10-01 00:00:00+00:00,-0.000255,776.3107,1.827,0.385898,6.6276,-6.4459,-0.074535,0.070588,-0.2016,-0.6124,-0.189678,-0.069763,0.5311,0.873806,-0.019852,0.060099
2024-10-02 00:00:00+00:00,0.000273,-761.728,0.766,0.415424,-9.5325,-13.8591,-0.107138,-0.044555,0.1508,0.1483,-0.259545,-0.103096,1.0372,0.869639,-0.004167,0.080569
2024-10-03 00:00:00+00:00,0.000553,-378.6316,0.2477,0.359108,-0.6358,-11.7032,-0.024591,-0.009994,0.0023,0.1495,-0.062848,-0.021573,-0.094,0.871213,0.001574,-0.022445
2024-10-04 00:00:00+00:00,-0.000607,-153.1916,0.0296,0.349804,-1.1655,-7.5712,-0.046938,0.008698,0.0211,0.2397,-0.130167,-0.043515,-0.5773,0.870293,-0.00092,-0.003513
2024-10-05 00:00:00+00:00,0.000379,-84.0562,-0.0929,0.224928,-0.7324,-2.0469,-0.023437,-0.019251,0.1252,0.8801,-0.095507,-0.020058,-1.1828,0.865422,-0.004871,-0.004217
2024-10-06 00:00:00+00:00,-0.000531,254.6517,0.2529,0.380047,1.9786,-0.2959,0.01074,-0.002564,0.1163,1.4568,0.044073,0.015559,-1.6665,0.755413,-0.110009,-0.1158
2024-10-07 00:00:00+00:00,-0.000437,1431.7267,2.1509,0.404239,7.8985,4.4386,-0.054095,-0.006509,-0.0064,1.3887,-0.130698,-0.05054,0.5097,0.853051,0.097638,-0.017242
2024-10-08 00:00:00+00:00,-1.4e-05,-175.8609,1.8548,0.434761,2.8045,0.6155,-0.065553,-0.002101,0.0252,1.4815,-0.149228,-0.062097,0.4749,0.835931,-0.01712,-0.029491
2024-10-09 00:00:00+00:00,-0.000344,256.2472,2.1123,0.283489,1.2746,11.4225,-0.065812,-0.005897,-0.2216,0.322,-0.232284,-0.062344,0.6081,0.866216,0.030285,0.110803
2024-10-10 00:00:00+00:00,0.000531,-982.1312,0.829,0.369581,-7.4106,4.6476,0.007577,0.026972,0.116,0.9066,0.031181,0.010993,0.7416,0.851922,-0.014294,-0.001129
2024-10-11 00:00:00+00:00,-0.000284,642.8727,1.6098,0.307349,4.371,10.1842,-0.002529,-0.038522,-0.0796,0.471,0.000162,4.8e-05,0.9153,0.896225,0.044303,0.060294
2024-10-12 00:00:00+00:00,9.1e-05,-654.8964,0.7624,0.440256,-5.7608,5.1558,-0.027096,0.011426,-0.0528,0.1809,-0.050916,-0.021337,0.6836,0.813229,-0.082997,-0.052987
2024-10-13 00:00:00+00:00,0.000259,-184.806,0.5237,0.475593,0.6212,3.7983,-0.016422,0.017408,0.1462,0.9427,-0.021382,-0.009624,-0.6861,0.775107,-0.038121,-0.076815
2024-10-14 00:00:00+00:00,0.000119,934.5344,1.663,0.408499,6.4459,2.3457,-0.072118,-0.006966,-0.2018,-0.1295,-0.166145,-0.064404,0.9297,0.845482,0.070375,-0.050744
2024-10-15 00:00:00+00:00,-0.000582,-303.2786,1.2635,0.394871,-1.8001,-2.2589,-0.069894,0.006634,-0.0527,-0.3956,-0.172566,-0.065395,1.3458,0.877007,0.031525,0.063778
2024-10-16 00:00:00+00:00,0.000639,-358.5027,0.8133,0.485096,-2.3292,-5.8628,0.073865,0.014138,0.0477,-0.1308,0.16761,0.078693,0.3258,0.872946,-0.004061,0.097839
2024-10-17 00:00:00+00:00,0.000757,619.3779,1.5365,0.313075,4.8981,6.446,-0.032078,-0.073831,-0.0903,-0.608,-0.095417,-0.028435,0.4425,0.876264,0.003319,0.030783
2024-10-18 00:00:00+00:00,-0.000868,406.7696,1.9612,0.437077,4.9433,7.0183,-0.080345,-0.038376,0.0695,-0.2407,-0.180276,-0.076034,1.018,0.874885,-0.001379,-0.002122
2024-10-19 00:00:00+00:00,0.000355,-1227.8431,0.4907,0.336028,-13.9196,-1.1406,-0.071961,0.062781,-0.1997,-1.2867,-0.207348,-0.065904,0.1182,0.840277,-0.034609,-0.032669
2024-10-20 00:00:00+00:00,-7.2e-05,-294.4243,0.1358,0.595139,-0.6183,-2.38,-0.031152,0.080701,0.0537,-0.9821,-0.044316,-0.025613,0.018,0.852949,0.012672,-0.023316
2024-10-21 00:00:00+00:00,-0.000222,-61.0585,0.058,0.29795,-0.2463,-9.0722,-0.031073,-0.025985,-0.0194,-1.0719,-0.09003,-0.025425,0.8823,0.873987,0.021038,-0.000898
2024-10-22 00:00:00+00:00,0.000493,165.9399,0.2477,0.313634,0.4517,-6.8203,-0.014643,-0.019645,0.0357,-0.8745,-0.035044,-0.010437,1.0184,0.857517,-0.01647,0.017241
2024-10-23 00:00:00+00:00,-0.000676,237.4911,0.5194,0.385305,-0.1953,-4.6864,-0.044989,0.00095,-0.0277,-1.0038,-0.111791,-0.041288,0.6556,0.865732,0.008215,0.012783
2024-10-24 00:00:00+00:00,0.000213,-277.7399,0.1789,0.339053,1.3807,-8.2037,-0.021479,-0.004152,0.1089,-0.4388,-0.051091,-0.016384,0.3243,0.852512,-0.013219,-0.021475
2024-10-25 00:00:00+00:00,0.00101,-210.6071,-0.0781,0.547365,-3.1722,-16.3192,0.012922,0.017415,-0.0099,-0.4879,0.029356,0.01579,0.4764,0.924817,0.072304,0.0673
2024-10-26 00:00:00+00:00,-0.000883,-237.5366,-0.369,0.432507,-1.5575,-3.9571,0.012233,-0.009737,-0.0321,-0.6683,0.040508,0.016836,-0.3416,0.848668,-0.076148,-0.017063
2024-10-27 00:00:00+00:00,0.002394,19.6743,-0.3506,0.424267,0.6647,-2.6741,-0.018017,0.013832,0.0281,-0.52,-0.030578,-0.012367,-1.6188,0.82825,-0.020419,-0.024263
2024-10-28 00:00:00+00:00,-0.001369,463.0031,0.2024,0.379304,4.8488,2.421,-0.019,-0.002643,0.0508,-0.2473,-0.040154,-0.01467,0.2213,0.885398,0.057148,-0.039419
2024-10-29 00:00:00+00:00,-0.001122,192.264,0.4271,0.337438,0.9521,2.9214,-0.038257,-0.007578,-0.1267,-0.8986,-0.102671,-0.033135,2.4799,0.891567,0.006169,0.042898
2024-10-30 00:00:00+00:00,0.000376,110.5558,0.5523,0.404159,0.5426,3.6593,-0.03969,-0.007689,0.2568,0.4551,-0.106559,-0.040611,-2.1793,0.815026,-0.07654,-0.013223
2024-10-31 00:00:00+00:00,0.000488,-304.1922,0.1799,0.408645,-2.9418,-0.6632,-0.007584,0.004401,-0.1393,-0.2696,-0.009576,-0.003769,-0.2894,0.873164,0.058138,-0.012234
2024-11-01 00:00:00+00:00,-0.000357,-167.4378,-0.0304,0.429035,-2.0085,0.5005,-0.068101,0.007342,-0.0045,-0.3122,-0.157086,-0.065247,0.1341,0.884285,0.011121,-0.007282
2024-11-02 00:00:00+00:00,-7.9e-05,-333.0579,-0.4329,0.383141,-2.7286,-0.6706,-0.045185,-0.008371,-0.0297,-0.4907,-0.110894,-0.040509,-0.7943,0.849807,-0.034478,0.034781
2024-11-03 00:00:00+00:00,-1.2e-05,-54.158,-0.5222,0.354925,-0.0135,-1.3489,-0.035205,-0.007343,-0.0754,-0.8796,-0.086604,-0.029092,-0.4903,0.849358,-0.000449,-0.023806
2024-11-04 00:00:00+00:00,0.000294,114.2552,-0.3601,0.381848,1.0948,-5.1029,-0.058863,0.0062,0.2047,0.2268,-0.147947,-0.054216,0.0093,0.876615,0.027256,-0.00767
2024-11-05 00:00:00+00:00,-0.000256,117.6148,-0.1936,0.37892,0.5864,-5.4685,-0.037279,0.009035,-0.0475,-0.0325,-0.095059,-0.034892,0.522,0.896951,0.020336,0.047144
2024-11-06 00:00:00+00:00,-0.000587,1512.9904,1.9378,0.50005,13.7537,7.7426,-0.039759,0.009946,0.0981,0.5089,-0.07526,-0.035987,-0.097,0.869338,-0.027613,0.01998
2024-11-07 00:00:00+00:00,-0.000128,-446.2832,1.2722,0.424146,-2.3115,8.3728,-0.052285,0.007618,-0.1384,-0.2409,-0.123158,-0.049362,-0.0158,0.850773,-0.018565,-0.025841
2024-11-08 00:00:00+00:00,-0.000569,-342.6996,0.7694,0.39934,-3.6927,6.6886,-0.011917,0.002481,-0.0301,-0.4267,-0.019409,-0.007432,0.6703,0.88309,0.032316,-0.013862
2024-11-09 00:00:00+00:00,0.000503,-448.9752,0.1198,0.711122,-3.9312,5.4861,-0.016407,-0.003654,0.0567,-0.1175,-0.015833,-0.010963,-0.6461,0.880978,-0.002112,0.011639
2024-11-10 00:00:00+00:00,-0.00011,805.8081,1.2412,0.505131,6.1039,11.6035,-0.097819,0.005494,-0.0346,-0.2947,-0.188492,-0.091395,0.8752,0.883838,0.002861,0.033065
2024-11-11 00:00:00+00:00,9.9e-05,860.7276,2.3593,0.539378,4.1453,14.6539,-0.021388,-0.010221,-0.0985,-0.8347,-0.028338,-0.014465,0.0913,0.845149,-0.038689,-0.03794
2024-11-12 00:00:00+00:00,-0.00088,421.2103,2.7805,0.411459,8.6359,22.7034,0.020112,0.013661,0.0754,-0.4569,0.064102,0.024949,1.4294,0.885713,0.040564,0.004735
2024-11-13 00:00:00+00:00,0.000839,1677.3351,4.3805,0.430035,5.1201,14.0698,-0.06461,-0.028508,0.0594,-0.1372,-0.14814,-0.059779,0.4454,0.857442,-0.028271,-0.026396
2024-11-14 00:00:00+00:00,-0.00043,-1567.7455,2.428,0.356903,-3.3369,13.0444,-0.111835,0.023708,-0.0576,-0.4898,-0.316862,-0.106139,1.5056,0.858875,0.001433,0.013726
2024-11-15 00:00:00+00:00,0.000176,-1186.3096,1.0502,0.378019,-12.4571,4.28,-0.109028,-0.018335,-0.0494,-0.7986,-0.290159,-0.103642,1.646,0.858682,-0.000193,-0.027031
2024-11-16 00:00:00+00:00,-0.000131,-653.2967,0.2904,0.488718,-4.9688,3.2424,0.007951,0.019664,-0.0591,-1.1542,0.031473,0.014539,0.5837,0.836445,-0.022237,-0.020997
2024-11-17 00:00:00+00:00,0.000505,-284.5148,-0.0484,0.455025,-3.0226,-5.884,-0.038759,0.007333,0.0066,-1.0921,-0.072091,-0.031093,0.363,0.842238,0.005794,-0.016637
2024-11-18 00:00:00+00:00,1.7e-05,387.6541,0.3858,0.439471,2.408,-7.6213,-0.096265,0.00393,0.0678,-0.6722,-0.212792,-0.089204,1.1838,0.874506,0.032267,0.015824
2024-11-19 00:00:00+00:00,3.1e-05,86.8992,0.4725,0.400607,0.2029,-16.0544,-0.068846,-0.006117,0.0049,-0.6392,-0.17285,-0.06468,0.0479,0.842387,-0.032118,0.005943
2024-11-20 00:00:00+00:00,-0.000217,-198.3347,0.2267,0.443658,-0.8962,-22.0707,-0.043714,-0.009954,-0.1008,-1.2269,-0.083872,-0.035539,1.4547,0.871823,0.029436,0.029585
2024-11-21 00:00:00+00:00,0.000184,378.143,0.6552,0.411977,2.4289,-16.3048,-0.022217,0.0088,-0.008,-1.2575,-0.043814,-0.016951,1.5532,0.871487,-0.000336,-0.003019
2024-11-22 00:00:00+00:00,6.7e-05,-401.5032,0.1654,0.439603,-1.7532,-5.601,-0.079986,-0.006696,-0.0161,-1.3642,-0.185966,-0.077808,-0.0293,0.869991,-0.001496,0.027603
2024-11-23 00:00:00+00:00,0.000181,63.1656,0.2258,0.398859,-0.4471,-1.0793,-0.07338,0.018379,0.0828,-0.8632,-0.193327,-0.069864,-1.6771,0.769798,-0.100193,-0.102026
2024-11-24 00:00:00+00:00,-0.000322,-427.1197,-0.3015,0.405676,-2.9217,-0.9785,-0.0585,0.010204,0.0293,-0.6892,-0.127952,-0.048243,-0.4322,0.824057,0.054259,-0.04743
2024-11-25 00:00:00+00:00,0.000129,380.1642,0.1462,0.470905,2.9618,-0.4246,-0.06311,-0.028613,-0.0765,-1.1308,-0.13026,-0.059089,0.7383,0.898168,0.074112,0.028177
2024-11-26 00:00:00+00:00,0.0002,-216.309,-0.1329,0.472062,-1.7789,-2.4065,-0.042604,-0.007875,0.0263,-0.9605,-0.082641,-0.037652,1.4247,0.890775,-0.007393,0.120977
2024-11-27 00:00:00+00:00,-0.000256,381.5245,0.3237,0.434226,3.7029,2.1927,-0.057351,0.017339,-0.0504,-1.2445,-0.126599,-0.052813,1.521,0.896062,0.005287,0.072005
2024-11-28 00:00:00+00:00,-0.00017,-450.6034,-0.2534,0.493751,-4.39,-4.6262,-0.044225,0.01242,-0.0375,-1.4421,-0.085412,-0.040802,0.6773,0.888767,-0.007295,-0.009401
2024-11-29 00:00:00+00:00,0.000354,16.2808,-0.2497,0.395762,0.0054,-2.8676,-0.00418,0.011074,0.0566,-1.1128,-0.005303,-0.002027,1.0873,0.906305,0.017538,0.01553
2024-11-30 00:00:00+00:00,1e-05,-29.1159,-0.3043,0.44181,-0.0049,-2.4254,-0.031396,-0.000886,0.042,-0.8632,-0.061697,-0.025946,0.7386,0.860616,-0.045689,-0.035446
2024-12-01 00:00:00+00:00,-0.000166,387.1406,0.1828,0.465425,3.7658,4.262,0.006074,0.007185,0.0238,-0.717,0.029376,0.012911,0.1286,0.832886,-0.02773,-0.055881
2024-12-02 00:00:00+00:00,0.000216,1351.7862,1.8863,0.453639,6.4276,7.7279,-0.034487,-0.019816,-0.0009,-0.7101,-0.070802,-0.030936,2.2753,0.900205,0.067318,-0.0061
2024-12-03 00:00:00+00:00,-0.000124,-32.8075,1.7911,0.52186,3.2966,12.8035,-0.036188,0.01226,0.0068,-0.6567,-0.063597,-0.032095,2.3476,0.898391,-0.001814,0.037775
2024-12-04 00:00:00+00:00,-0.000183,-56.1311,1.6731,0.525572,0.3178,9.4183,-0.038377,-0.008044,-0.0117,-0.7075,-0.070287,-0.035375,0.9381,0.886913,-0.011478,0.054026
2024-12-05 00:00:00+00:00,0.000346,-290.8917,1.2748,0.41538,-0.7834,13.0249,-0.059452,-0.004823,-0.0557,-1.0049,-0.14193,-0.055591,0.6713,0.875126,-0.011786,-0.025078
2024-12-06 00:00:00+00:00,8e-05,-170.366,1.0395,0.387941,-3.2053,9.8142,-0.030384,-0.001466,0.024,-0.8518,-0.072951,-0.026887,0.5225,0.895886,0.02076,-0.002505
2024-12-07 00:00:00+00:00,0.000266,-850.441,-0.0544,0.412618,-6.1493,3.6698,0.007404,0.005567,-0.0672,-1.2256,0.035171,0.013765,0.5402,0.864284,-0.031602,-0.022628
2024-12-08 00:00:00+00:00,-1e-06,-303.5379,-0.4558,0.431142,-2.9475,-3.0434,0.020129,0.006401,0.0069,-1.1619,0.06812,0.027656,-0.21,0.837799,-0.026486,-0.037328
2024-12-09 00:00:00+00:00,0.000344,1799.9345,1.8166,0.471758,17.1766,7.7056,-0.040792,0.0194,0.1557,-0.2863,-0.077515,-0.035027,1.9263,0.88024,0.042441,-0.015646
2024-12-10 00:00:00+00:00,-0.000466,-172.2071,1.56,0.422255,-6.9849,-2.5759,-0.064078,-0.045418,-0.0978,-0.8365,-0.146172,-0.058871,1.4094,0.885082,0.004842,0.020798
2024-12-11 00:00:00+00:00,0.000293,-684.0526,0.6701,0.559423,-3.0643,-5.9581,-0.034226,0.001554,-0.0464,-1.0755,-0.056803,-0.031026,1.3253,0.913934,0.028852,0.076136
2024-12-12 00:00:00+00:00,-0.000242,74.6978,0.7482,0.422759,0.9208,-4.2538,-0.060886,-0.008229,-0.0861,-1.5158,-0.135817,-0.0551,1.8862,0.88926,-0.024674,0.00902
2024-12-13 00:00:00+00:00,-0.000172,-530.1077,0.0405,0.394387,-4.8883,-5.9367,-0.063948,0.004342,0.0299,-1.3279,-0.158652,-0.060538,1.2706,0.907469,0.018209,0.022387
2024-12-14 00:00:00+00:00,0.000445,-609.519,-0.7877,0.353578,-4.442,-4.2294,-0.029304,0.016506,-0.0065,-1.3411,-0.063964,-0.020765,0.3401,0.794518,-0.112951,-0.119416
2024-12-15 00:00:00+00:00,0.00087,-75.7653,-0.893,0.403534,-0.6632,-1.9452,0.033759,0.004995,0.038,-1.112,0.104186,0.039612,-0.1206,0.81848,0.023962,-0.07078
2024-12-16 00:00:00+00:00,-0.001522,821.7025,0.2001,0.412961,5.6653,-13.4566,-0.094486,0.006162,0.0548,-0.7988,-0.223284,-0.08748,1.2423,0.866922,0.048443,-0.040547
2024-12-17 00:00:00+00:00,0.000437,50.8575,0.257,0.561118,-0.5247,-6.9964,0.066959,-0.015021,-0.1183,-1.4181,0.134193,0.07261,1.7726,0.87307,0.006148,0.078552
2024-12-18 00:00:00+00:00,0.000403,140.5491,0.4439,0.388778,3.0102,-0.9218,-0.056347,-0.006975,0.0926,-0.9041,-0.143122,-0.051913,-1.7891,0.802747,-0.070323,-0.015732
2024-12-19 00:00:00+00:00,-0.000535,317.7826,0.862,0.449835,-0.7656,-2.6083,-0.061436,0.011308,0.053,-0.5885,-0.135314,-0.057695,-0.5052,0.859462,0.056715,-0.00746
2024-12-20 00:00:00+00:00,0.000298,-88.9233,0.7289,0.468384,1.4049,3.6849,-0.031497,-0.013048,-0.0374,-0.8074,-0.061778,-0.027516,0.8811,0.878326,0.018864,0.005256
2024-12-21 00:00:00+00:00,-1e-05,-1275.9818,-0.9788,0.414906,-8.979,-0.8521,-0.050199,-0.007644,-0.0844,-1.3369,-0.113014,-0.044986,0.4747,0.89036,0.012034,0.087613
2024-12-22 00:00:00+00:00,5.2e-05,-191.1664,-1.2067,0.440301,-1.8572,-2.046,-0.034966,-0.005545,-0.0735,-1.8372,-0.069952,-0.029692,0.2241,0.893291,0.002931,0.033829
2024-12-23 00:00:00+00:00,0.000383,356.1535,-0.7138,0.386849,1.8721,-5.8392,-0.085545,-0.012839,-0.0037,-1.8625,-0.218496,-0.081817,0.9131,0.917644,0.024353,0.039318
2024-12-24 00:00:00+00:00,-0.000943,-307.4658,-1.101,0.360272,-1.6947,-7.0093,-0.002593,0.010413,-0.0103,-1.9232,0.001016,0.000356,0.9227,0.932207,0.014564,0.041847
2024-12-25 00:00:00+00:00,0.000945,-146.8115,-1.2672,0.35484,-1.8247,-11.8442,-0.047467,0.010285,0.0727,-1.39,-0.129293,-0.043559,0.467,0.85406,-0.078147,-0.039231
2024-12-26 00:00:00+00:00,-0.000677,102.4153,-1.11,0.470628,1.4159,-9.6627,-0.03324,0.018745,0.1041,-0.6215,-0.067143,-0.030746,0.6478,0.880809,0.026749,-0.036835
2024-12-27 00:00:00+00:00,8.4e-05,-43.9352,-1.1632,0.355153,-0.528,-11.5956,-0.020559,-0.007739,0.0183,-0.4825,-0.054743,-0.018768,0.4987,0.891324,0.010515,-0.040884
2024-12-28 00:00:00+00:00,1.1e-05,-162.4148,-1.3648,0.407563,-1.2041,-3.8207,-0.086019,0.02033,0.046,-0.1435,-0.213516,-0.08227,-0.4618,0.806024,-0.0853,-0.048036
2024-12-29 00:00:00+00:00,0.000231,-16.041,-1.3617,0.325331,-0.1742,-2.1378,0.047167,-0.00264,-0.0405,-0.4217,0.163228,0.0502,0.4019,0.854236,0.048212,-0.026572
2024-12-30 00:00:00+00:00,5.7e-05,232.7871,-1.0366,0.314007,1.7019,-2.308,-0.043511,-0.019122,-0.006,-0.4628,-0.134806,-0.040859,0.2491,0.920064,0.065828,0.028741
2024-12-31 00:00:00+00:00,-0.000635,271.1387,-0.6807,0.352261,2.3335,1.7202,-0.038224,0.000491,0.0908,0.2075,-0.102327,-0.034508,1.7311,0.89323,-0.026834,0.087206
2025-01-01 00:00:00+00:00,0.001542,839.4884,0.3906,0.347301,1.3446,4.8896,-0.157188,0.000688,0.0643,0.6814,-0.461052,-0.154845,-1.3634,0.911791,0.018561,0.057555
2025-01-02 00:00:00+00:00,-0.001807,554.1534,1.0839,0.407149,3.7935,7.2671,-0.087257,-0.008637,-0.1464,-0.3785,-0.21313,-0.083554,-1.0889,0.885351,-0.02644,-0.034713
2025-01-03 00:00:00+00:00,0.000401,-1130.1223,-0.3909,0.392259,-3.411,4.3841,-0.054092,0.012409,0.0268,-0.1602,-0.132307,-0.049698,0.6688,0.873775,-0.011577,-0.019455
2025-01-04 00:00:00+00:00,-0.000111,-270.1029,-0.7453,0.341618,-2.7714,2.8168,0.024352,-0.004733,0.0298,0.1012,0.088499,0.028842,-0.2297,0.859549,-0.014226,-0.052242
2025-01-05 00:00:00+00:00,0.000205,-175.5287,-0.953,0.457592,0.2661,3.2571,-0.055943,0.011591,0.0231,0.3335,-0.114829,-0.05,-0.5627,0.790309,-0.06924,-0.095042
2025-01-06 00:00:00+00:00,-0.000273,609.7623,-0.1466,0.350744,4.1567,5.7119,-0.048286,-0.023042,0.0578,0.909,-0.132332,-0.04444,-0.1544,0.876408,0.086099,0.002634
2025-01-07 00:00:00+00:00,0.000407,-304.7326,-0.5303,0.520145,-3.6485,-0.27,-0.043567,0.021939,-0.0661,0.337,-0.079127,-0.039995,-0.3904,0.892053,0.015644,0.032504
2025-01-08 00:00:00+00:00,-0.00024,-152.9102,-0.7231,0.334591,-0.8888,-2.5034,-0.035404,-0.001493,0.0435,0.7945,-0.102319,-0.032655,2.9649,0.889246,-0.002807,0.098937
2025-01-09 00:00:00+00:00,0.000282,-155.4558,-0.9075,0.481587,-0.8435,-7.1404,-0.09461,-0.008043,-0.0561,0.2878,-0.194662,-0.091104,0.671,0.898574,0.009328,0.022166
2025-01-10 00:00:00+00:00,-9.2e-05,-124.7436,-1.054,0.429468,-0.9472,-4.6766,-0.026388,0.007088,-0.0137,0.1744,-0.056271,-0.023368,-0.4352,0.888711,-0.009864,-0.003342
2025-01-11 00:00:00+00:00,0.00068,-307.5907,-1.427,0.39071,-2.279,-4.1843,-0.021035,-0.011355,-0.0801,-0.6272,-0.043938,-0.016275,-1.4415,0.814931,-0.07378,-0.074316
2025-01-12 00:00:00+00:00,0.000406,-71.7661,-1.4807,0.24845,-0.7458,-5.1961,-0.011339,0.0022,0.0395,-0.1862,-0.036975,-0.008779,-1.6563,0.891136,0.076206,-0.007438
2025-01-13 00:00:00+00:00,-0.000452,514.5434,-0.806,0.395439,4.3606,-4.9922,-0.021093,-0.017612,-0.0233,-0.4263,-0.046226,-0.017425,2.7187,0.881697,-0.009439,-0.007013
2025-01-14 00:00:00+00:00,-0.000528,-145.0211,-0.9741,0.421789,-0.9461,-2.2898,-0.032205,-0.014954,-0.1086,-1.5767,-0.067557,-0.027388,0.3581,0.869709,-0.011988,0.054779
2025-01-15 00:00:00+00:00,4.8e-05,180.2853,-0.7283,0.450177,0.0504,-1.3506,-0.056179,0.012939,0.114,-0.3225,-0.117369,-0.050517,0.6779,0.85461,-0.015099,-0.036526
2025-01-16 00:00:00+00:00,-0.000223,-125.3655,-0.8682,0.480882,0.5384,0.0313,-0.043265,0.010955,0.0502,0.24,-0.085087,-0.039669,0.0745,0.893153,0.038543,0.011456
2025-01-17 00:00:00+00:00,0.000535,180.4224,-0.6305,0.475835,1.3991,2.3776,-0.069351,-0.002381,0.025,0.5017,-0.140453,-0.064785,0.0855,0.896878,0.003725,0.027169
2025-01-18 00:00:00+00:00,7.7e-05,674.3928,0.2226,0.453821,5.7027,10.3593,-0.043042,0.011225,0.098,1.5443,-0.081644,-0.034938,0.6247,0.836239,-0.06064,-0.018372
2025-01-19 00:00:00+00:00,0.000166,2744.3131,3.4341,0.429949,17.1229,28.2279,-0.067834,-0.021732,-0.1615,-0.2233,-0.157748,-0.062665,0.744,0.817309,-0.01893,-0.075844
2025-01-20 00:00:00+00:00,-0.001678,-539.0556,2.6465,0.432062,0.4557,24.323,-0.01797,-0.00027,-0.0715,-0.9897,-0.028408,-0.011581,2.6027,0.852088,0.034779,-0.04479
2025-01-21 00:00:00+00:00,0.001013,-2300.3815,0.0114,0.393099,-17.2355,8.0337,-0.028062,0.007917,0.0154,-0.8157,-0.069143,-0.025841,-0.7826,0.854868,0.00278,0.01863
2025-01-22 00:00:00+00:00,-0.000238,-446.6697,-0.4996,0.402417,-4.8428,3.1405,-0.070362,0.005885,-0.0151,-0.958,-0.172819,-0.067075,0.1786,0.893017,0.038149,0.075708
2025-01-23 00:00:00+00:00,0.000847,98.1095,-0.3917,0.443673,-1.208,1.3941,-0.104255,-0.011622,-0.0426,-1.384,-0.233005,-0.099407,0.8176,0.883948,-0.009069,0.03186
2025-01-24 00:00:00+00:00,-0.000397,-15.8859,-0.4183,0.491643,2.1829,2.1779,-0.094288,-0.018038,0.039,-0.9472,-0.18688,-0.088935,1.4648,0.891992,0.008044,0.037124
2025-01-25 00:00:00+00:00,-3.3e-05,-489.69,-0.9825,0.576947,-4.3619,-7.8867,-0.024283,-0.014385,-0.397,-4.505,-0.037902,-0.021373,1.9367,0.889232,-0.00276,-0.003785
2025-01-26 00:00:00+00:00,0.000707,-95.3927,-1.0793,0.468436,-1.0406,-26.0502,-0.006986,0.053882,0.3318,-1.3556,-0.005989,-0.002684,-0.0869,0.831735,-0.057497,-0.052213
2025-01-27 00:00:00+00:00,-0.00105,511.0956,-0.49,0.452072,4.3206,-22.1853,-0.054765,0.004367,0.1717,0.2478,-0.124481,-0.053915,-0.6176,0.874454,0.042719,-0.017538
2025-01-28 00:00:00+00:00,0.000744,-441.4482,-0.9798,0.421791,-4.0086,-8.9584,-0.059414,-0.000731,-0.1009,-0.6829,-0.136651,-0.055697,0.535,0.900781,0.026326,0.011549
2025-01-29 00:00:00+00:00,-0.000301,-200.7704,-1.1911,0.497941,-1.6751,-5.7907,-0.054861,-0.005562,0.0385,-0.298,-0.104408,-0.050203,-0.7849,0.865548,-0.035233,0.033812
2025-01-30 00:00:00+00:00,1.7e-05,-15.0069,-1.194,0.433247,-0.023,-4.6057,-0.032673,0.00452,0.0213,-0.0789,-0.066122,-0.027455,-0.545,0.864821,-0.000726,-0.009633
2025-01-31 00:00:00+00:00,0.000181,101.8884,-1.0768,0.52939,0.2618,-6.5268,-0.218186,-0.00069,0.0707,0.6147,-0.414067,-0.214022,-0.1431,0.919052,0.054231,0.018272
2025-02-01 00:00:00+00:00,0.000601,-180.1749,-1.2718,0.466135,-0.9316,-3.0965,-0.026355,0.006174,0.0838,1.4034,-0.047215,-0.021127,-1.0039,0.855577,-0.063475,-0.00997
2025-02-02 00:00:00+00:00,0.000809,536.6159,-0.6754,0.427125,1.516,-0.5399,-0.074348,0.017882,0.0804,2.1722,-0.170906,-0.069613,-0.7565,0.880998,0.025421,0.016177
2025-02-03 00:00:00+00:00,-0.001776,2612.0633,2.1648,0.48524,10.9884,6.1279,-0.006167,0.000404,0.0316,2.4181,-0.024487,-0.011079,-1.0722,0.851644,-0.029354,-0.067408
2025-02-04 00:00:00+00:00,0.000454,-3086.2106,-1.1831,0.530596,-12.3262,-2.1897,-0.011935,-0.013855,-0.0438,2.0331,-0.021522,-0.011123,-0.476,0.914652,0.063008,0.059075
2025-02-05 00:00:00+00:00,0.001914,-131.5658,-1.2959,0.443544,-1.1996,-1.7141,0.067052,-0.020549,-0.13,0.7974,0.157977,0.068663,0.0885,0.93475,0.020098,0.053752
2025-02-06 00:00:00+00:00,-0.000441,26.2264,-1.2418,0.46063,0.0248,-1.6663,-0.037036,-0.018552,-0.1294,-0.4315,-0.073347,-0.032675,0.5164,0.89761,-0.03714,0.045966
2025-02-07 00:00:00+00:00,-6.1e-05,-46.0189,-1.2706,0.461812,-0.2303,-2.1584,0.046712,0.015317,0.0145,-0.2757,0.109304,0.048962,0.3668,0.904809,0.007199,-0.009844
2025-02-08 00:00:00+00:00,0.001476,-55.8587,-1.299,0.379883,-0.4998,-1.7266,-0.111925,-0.019487,0.0078,-0.1863,-0.301493,-0.112537,-0.3705,0.939964,0.035155,0.005213
2025-02-09 00:00:00+00:00,2e-05,6.181,-1.2651,0.758761,-0.0209,-3.2635,-0.110382,0.00823,0.0969,0.7578,-0.146126,-0.109613,-0.5231,0.926649,-0.013315,0.029038
2025-02-10 00:00:00+00:00,-0.001785,7.8374,-1.2361,0.435315,0.1497,-14.1022,-0.018423,0.002504,-0.2257,-1.4179,-0.039741,-0.016935,0.9065,0.915846,-0.010803,0.011037
2025-02-11 00:00:00+00:00,-0.000343,46.5658,-1.2218,0.422956,0.492,-1.284,0.000228,0.032724,0.2584,1.1101,0.006025,0.002475,0.0162,0.901653,-0.014193,-0.038311
2025-02-12 00:00:00+00:00,0.001133,18.6522,-1.1874,0.483981,-0.1287,-0.2132,0.023239,-0.010282,-0.0174,0.9411,0.055573,0.026163,-0.4506,0.896125,-0.005527,-0.030523
2025-02-13 00:00:00+00:00,-0.000989,-11.1136,-1.1734,0.45232,-0.0378,-0.2758,-0.004028,-0.033422,-0.0048,0.8867,-0.004072,-0.001792,0.193,0.899398,0.003272,-0.016448
2025-02-14 00:00:00+00:00,0.000502,-47.3323,-1.2033,0.424754,-0.2187,-0.2642,-0.028417,-0.00936,-0.0693,0.206,-0.059565,-0.024611,0.2159,0.916162,0.016765,0.01451
2025-02-15 00:00:00+00:00,0.001882,-38.1871,-1.2247,0.343623,-0.4544,-0.2188,-0.041415,0.004177,0.1297,1.44,-0.117353,-0.038543,-0.9108,0.870548,-0.045614,-0.025577
2025-02-16 00:00:00+00:00,8.5e-05,-5.1041,-1.2039,0.501123,-0.034,-0.2319,-0.032735,-0.009405,-0.1935,-0.4177,-0.063003,-0.030719,-0.5367,0.873656,0.003108,-0.025742
2025-02-17 00:00:00+00:00,-0.002228,930.2571,-0.1316,0.364559,1.9654,1.5838,-0.061766,0.026163,-0.002,-0.425,-0.164354,-0.056441,0.6806,0.846114,-0.027542,-0.070049
2025-02-18 00:00:00+00:00,-0.00036,-862.5627,-1.0985,0.339704,-1.3249,-0.2331,-0.083845,0.021202,0.1317,0.8358,-0.24842,-0.080731,-0.1589,0.880926,0.034813,0.010378
2025-02-19 00:00:00+00:00,0.001239,-59.2226,-1.14,0.427054,-0.4909,-0.5953,-0.033192,-0.028873,-0.0215,0.6161,-0.06969,-0.028646,-0.198,0.865258,-0.015668,-0.008398
2025-02-20 00:00:00+00:00,-0.000426,14.1113,-1.1015,0.421027,0.1575,-0.4,-0.044832,-0.003978,-0.1189,-0.5301,-0.102925,-0.042018,0.5973,0.888205,0.022947,0.042091
2025-02-21 00:00:00+00:00,0.000176,143.3546,-0.922,0.396388,0.4337,0.2524,-0.021093,0.002432,0.0965,0.3989,-0.058739,-0.022545,0.5376,0.932406,0.044202,0.05148
2025-02-22 00:00:00+00:00,0.001412,-163.5494,-1.0874,0.490706,-0.61,0.0968,-0.0764,0.004697,0.1112,1.4449,-0.161365,-0.077056,-0.3433,0.917552,-0.014855,0.052294
2025-02-23 00:00:00+00:00,0.001124,3.3647,-1.062,0.482022,-0.0962,0.0345,-0.101991,-0.032248,-0.2467,-0.8959,-0.209144,-0.098506,-0.6733,0.911292,-0.00626,0.023087
2025-02-24 00:00:00+00:00,-0.001051,67.0967,-0.9707,0.430834,0.4884,-1.4425,-0.066434,0.033751,0.0988,0.0424,-0.153385,-0.063534,-0.315,0.860737,-0.050555,-0.071669
2025-02-25 00:00:00+00:00,-0.002739,207.1688,-0.7274,0.408663,1.2735,1.1559,-0.038205,0.026285,0.1481,1.413,-0.095055,-0.037416,0.8079,0.880584,0.019847,-0.036968
2025-02-26 00:00:00+00:00,0.002238,-186.623,-0.9177,0.371724,-1.0396,0.6073,-0.045888,-0.038439,-0.0171,1.2232,-0.124982,-0.044249,0.3279,0.839282,-0.041302,-0.07201
2025-02-27 00:00:00+00:00,-0.000782,-83.5074,-0.9918,0.364068,-0.6318,-0.182,-0.060103,-0.004477,-0.0605,0.6465,-0.167209,-0.058585,0.2867,0.87422,0.034939,0.013484
2025-02-28 00:00:00+00:00,-0.000375,132.0949,-0.8349,0.417046,1.1422,0.5265,-0.059191,0.024047,0.136,1.8577,-0.145021,-0.057802,0.128,0.885188,0.010967,0.004604
2025-03-01 00:00:00+00:00,0.001712,-131.093,-0.9572,0.338991,-1.208,-0.0714,0.004049,-0.031294,-0.1012,0.9211,0.018343,0.005879,-1.4391,0.837599,-0.047589,-0.001682
2025-03-02 00:00:00+00:00,0.001137,399.3375,-0.5088,0.457508,0.7577,0.7825,-0.048844,0.001184,0.19,2.5289,-0.101096,-0.044024,-0.4699,0.824243,-0.013356,-0.049977
2025-03-03 00:00:00+00:00,-0.002399,-309.1996,-0.8335,0.416104,-0.1184,0.1757,0.032907,0.019446,-0.1144,1.4938,0.085135,0.034015,0.1286,0.886766,0.062523,0.001578
2025-03-04 00:00:00+00:00,-0.000345,18.3283,-0.797,0.415458,0.2331,-0.8647,-0.02141,-0.010654,0.02,1.6265,-0.053175,-0.021252,-0.5546,0.877822,-0.008944,0.040223
2025-03-05 00:00:00+00:00,0.000418,-117.2384,-0.9127,0.391932,-0.7977,-0.6229,-0.023666,-0.018919,-0.116,0.6245,-0.054244,-0.020618,0.2258,0.905284,0.027462,0.081041
2025-03-06 00:00:00+00:00,-0.000409,20.1405,-0.8706,0.41263,0.281,0.2899,0.041807,0.019728,-0.0316,0.3498,0.113008,0.045156,0.409,0.900755,-0.004529,0.013989
2025-03-07 00:00:00+00:00,6.7e-05,8.5818,-0.8426,0.403729,-0.0605,-0.9128,-0.06114,-0.008703,0.1671,1.7207,-0.149979,-0.059136,-0.184,0.927386,0.026631,0.049564
2025-03-08 00:00:00+00:00,0.001393,-37.566,-0.8702,0.443586,-0.3809,-0.0857,-0.040143,-0.014685,-0.0518,1.256,-0.085387,-0.036475,-1.2605,0.85881,-0.068576,-0.046474
2025-03-09 00:00:00+00:00,0.000304,11.6089,-0.8449,0.461783,0.1039,-0.7394,0.038558,0.006008,0.0551,1.6797,0.093677,0.04175,-1.3843,0.885433,0.026623,-0.015322
2025-03-10 00:00:00+00:00,-0.000909,374.5883,-0.3781,0.394367,1.2539,0.6328,-0.056122,0.032397,-0.0059,1.5877,-0.144412,-0.054616,-0.623,0.901932,0.016499,-0.025454
2025-03-11 00:00:00+00:00,-0.001547,-254.0065,-0.6737,0.412131,-0.5571,-0.1574,-0.028961,0.001495,-0.0517,1.1431,-0.066372,-0.026446,0.8295,0.910787,0.008855,0.051977
2025-03-12 00:00:00+00:00,0.001523,-124.647,-0.8111,0.483918,-0.6663,-0.026,-0.068277,-0.018389,0.1191,2.0357,-0.142477,-0.067238,0.3476,0.914477,0.00369,0.029044
2025-03-13 00:00:00+00:00,0.000528,-10.1514,-0.8052,0.411643,-0.0561,-0.3631,-0.097765,-0.005226,-0.0875,1.3098,-0.239429,-0.095438,-0.4899,0.900599,-0.013879,-0.001334
2025-03-14 00:00:00+00:00,0.000802,-7.198,-0.7994,0.357801,-0.0805,-0.3831,-0.033715,0.000412,-0.0026,1.2598,-0.089429,-0.030758,-1.0097,0.888492,-0.012106,-0.022295
2025-03-15 00:00:00+00:00,0.001226,-16.5954,-0.8061,0.307092,-0.1531,-0.1554,-0.028015,-0.014678,-0.088,0.5501,-0.087882,-0.02555,-1.6484,0.858381,-0.030111,-0.056097
2025-03-16 00:00:00+00:00,8.5e-05,6.1644,-0.7798,0.322927,0.0266,-0.2327,-0.014505,0.00186,0.1219,1.4775,-0.03948,-0.012166,-1.9219,0.877085,0.018704,-0.023513
2025-03-17 00:00:00+00:00,-0.001879,2.1442,-0.7589,0.405972,0.0541,-1.4325,-0.072288,0.027354,0.0495,1.8148,-0.177767,-0.070125,-0.8499,0.906266,0.029181,0.017774
2025-03-18 00:00:00+00:00,-0.000182,-7.6582,-0.7509,0.413031,-0.0741,-0.9494,-0.064578,-0.021949,0.0398,2.0478,-0.154153,-0.062179,-0.1083,0.924432,0.018166,0.066051
2025-03-19 00:00:00+00:00,-0.000662,30.4242,-0.6958,0.358382,0.4362,0.153,-0.026331,-0.006495,-0.1254,1.0716,-0.066112,-0.022881,0.8275,0.908976,-0.015456,0.031891
2025-03-20 00:00:00+00:00,0.000276,-13.9149,-0.6979,0.415192,-0.2544,-0.0452,-0.006098,0.006317,-0.0577,0.6214,-0.010867,-0.004383,0.2416,0.90568,-0.003296,-0.000587
2025-03-21 00:00:00+00:00,0.001196,-21.0347,-0.7127,0.302826,-0.2577,-0.2224,-0.031636,0.008521,0.0106,0.6845,-0.10159,-0.029589,-0.1956,0.90388,-0.0018,-0.020552
2025-03-22 00:00:00+00:00,0.001059,-3.8956,-0.707,0.316001,-0.1773,-0.2466,0.010747,-0.012514,0.0169,0.796,0.043933,0.013296,-1.3588,0.881738,-0.022142,-0.027238
2025-03-23 00:00:00+00:00,-0.000246,-3.0384,-0.6962,0.380123,0.0497,-0.2235,-0.030845,0.017731,0.0409,1.0945,-0.07639,-0.0279,-2.013,0.869441,-0.012297,-0.036239
2025-03-24 00:00:00+00:00,-0.001994,40.8117,-0.6315,0.379863,0.4032,0.1256,-0.033264,0.003642,-0.0034,1.0523,-0.082726,-0.030497,0.2814,0.902025,0.032584,-0.001855
2025-03-25 00:00:00+00:00,-0.000562,-22.3444,-0.6524,0.349299,-0.2488,-0.0491,-0.035075,0.009312,-0.0704,0.4726,-0.096772,-0.03238,0.196,0.87197,-0.030055,-0.009769
2025-03-26 00:00:00+00:00,-0.000308,15.6612,-0.6219,0.403627,0.2077,-0.2775,-0.084876,-0.025955,-0.0037,0.4299,-0.211697,-0.082701,0.3932,0.894916,0.022946,0.025475
2025-03-27 00:00:00+00:00,0.000227,-4.9889,-0.6192,0.258784,-0.0254,-0.0486,-0.090961,0.014719,0.039,0.7305,-0.362038,-0.088949,0.2919,0.89042,-0.004495,-0.011604
2025-03-28 00:00:00+00:00,-0.000105,2.5068,-0.6093,0.390206,0.0086,0.2177,-0.051778,0.002111,0.0146,0.8334,-0.133878,-0.050892,0.2117,0.922861,0.032441,0.050891
2025-03-29 00:00:00+00:00,0.001508,-19.6144,-0.6283,0.381147,-0.2267,0.1683,-0.014119,-0.011961,0.0502,1.2109,-0.031162,-0.011326,-1.0589,0.860085,-0.062776,-0.034831
2025-03-30 00:00:00+00:00,0.000324,-7.7709,-0.6282,0.396827,-0.0873,0.0313,-0.022228,-0.005404,-0.0264,0.9775,-0.051658,-0.019523,-1.5511,0.847344,-0.01274,-0.043076
2025-03-31 00:00:00+00:00,-0.002382,40.7662,-0.5623,0.392092,0.4632,0.0913,0.006215,0.009081,0.0635,1.4528,0.0206,0.007866,0.6549,0.913517,0.066172,-0.009344
2025-04-01 00:00:00+00:00,1.6e-05,23.991,-0.5139,0.422753,0.2854,0.6256,-0.005019,0.012973,-0.0478,1.0627,-0.00613,-0.002508,0.1744,0.890801,-0.022716,0.030716
2025-04-02 00:00:00+00:00,0.000346,-1.1457,-0.499,0.418074,-0.0918,0.3261,-0.043559,-0.0055,0.0053,1.0803,-0.098523,-0.039476,0.5504,0.868186,-0.022614,0.020842
2025-04-03 00:00:00+00:00,-0.001044,7.8192,-0.4739,0.367157,-0.0344,0.3171,-0.119478,0.002559,-0.0373,0.7725,-0.329657,-0.116324,0.2782,0.894095,0.025909,-0.019422
2025-04-04 00:00:00+00:00,0.00151,-46.158,-0.5249,0.49181,-0.3234,-0.0148,-0.113547,-0.002373,0.0543,1.173,-0.232666,-0.111075,-0.2978,0.882552,-0.011543,-0.008249
2025-04-05 00:00:00+00:00,0.00152,-23.3048,-0.5459,0.475433,-0.3157,-0.1038,-0.048397,-0.028686,-0.2435,-0.7097,-0.098228,-0.04528,-1.0752,0.873876,-0.008676,0.00569
2025-04-06 00:00:00+00:00,0.000758,305.3242,-0.1099,0.450019,1.1083,1.0918,-0.066392,0.02109,0.2432,1.1578,-0.147455,-0.063873,-0.5002,0.893035,0.019159,-0.00106
2025-04-07 00:00:00+00:00,-0.003834,396.7752,0.4491,0.424062,1.216,1.8445,-0.037092,-0.01533,-0.2489,-0.7483,-0.094066,-0.038219,1.871,0.895855,0.00282,0.013303
2025-04-08 00:00:00+00:00,0.000447,-633.0482,-0.4242,0.351842,-1.7516,-0.1925,-0.0327,-0.016403,-0.0187,-0.8761,-0.094157,-0.031953,2.2165,0.898387,0.002532,0.024511
2025-04-09 00:00:00+00:00,0.000706,291.2399,-0.0113,0.337013,0.4359,0.3351,-0.007372,0.011641,0.0365,-0.5916,-0.024983,-0.007978,1.1811,0.888224,-0.010164,-0.004811
2025-04-10 00:00:00+00:00,-0.000513,-81.3049,-0.1207,0.31151,-0.1511,0.2184,-0.017641,0.025512,0.2169,1.0418,-0.057224,-0.01703,0.1416,0.897999,0.009775,0.002144
2025-04-11 00:00:00+00:00,-0.000317,-215.0026,-0.4186,0.311881,-0.1005,0.4412,-0.018687,0.008407,0.1115,1.8291,-0.057266,-0.017094,0.1022,0.893878,-0.004121,-0.004509
2025-04-12 00:00:00+00:00,0.000923,-31.6028,-0.4599,0.378223,-0.3975,0.3595,-0.020605,-0.011182,-0.0342,1.5316,-0.048717,-0.017572,-0.2813,0.847129,-0.046749,-0.041095
2025-04-13 00:00:00+00:00,0.001704,-24.9685,-0.484,0.382564,-0.192,-0.9409,0.016015,-0.003793,-0.0107,1.4166,0.04936,0.018245,-1.0291,0.884868,0.037739,-0.013131
2025-04-14 00:00:00+00:00,-0.001269,129.6999,-0.2958,0.375958,0.9482,-1.2086,-0.071285,0.046428,-0.0171,1.267,-0.188124,-0.068361,-0.6275,0.901617,0.016749,0.007739
2025-04-15 00:00:00+00:00,-0.000131,-115.7332,-0.4468,0.357788,-0.7128,-0.1698,-0.060641,-0.001689,-0.0338,0.995,-0.167793,-0.057633,-0.6987,0.882719,-0.018898,0.03559
2025-04-16 00:00:00+00:00,0.000978,-14.59,-0.4576,0.349822,-0.1976,-0.8032,-0.060145,-0.025775,-0.001,0.9669,-0.177078,-0.059294,-0.4383,0.874063,-0.008655,-0.010805
2025-04-17 00:00:00+00:00,-0.000411,1.8208,-0.4433,0.301644,-0.0005,-0.6526,-0.01889,0.002399,-0.0118,0.8636,-0.059407,-0.017145,-0.9039,0.885183,0.01112,-0.016434
2025-04-18 00:00:00+00:00,5.9e-05,-14.1846,-0.4463,0.21536,-0.1525,-0.7046,0.007611,-0.018131,-0.0324,0.6227,0.052412,0.010589,-0.8357,0.87815,-0.007033,-0.004569
2025-04-19 00:00:00+00:00,0.001931,-3.3022,-0.4762,0.235455,-0.1521,-0.4592,0.001627,-0.027179,-0.2214,-0.992,0.015893,0.003573,-1.0618,0.903938,0.025788,0.029874
2025-04-20 00:00:00+00:00,0.000344,-2.2146,-0.5311,0.262384,0.0165,-0.2507,-0.065172,-0.000208,0.1514,0.0973,-0.251773,-0.063813,-1.2609,0.91098,0.007042,0.025797
2025-04-21 00:00:00+00:00,-0.001853,25.2528,-0.4566,0.327769,0.322,-0.8769,-0.022539,0.029137,0.1632,1.2712,-0.064339,-0.020418,-0.4003,0.918253,0.007273,0.040103
2025-04-22 00:00:00+00:00,-0.000873,198.209,0.0367,0.340037,1.1368,0.9727,-0.038116,0.005636,-0.0266,1.0525,-0.109853,-0.035823,-0.4972,0.874609,-0.043644,-0.029329
2025-04-23 00:00:00+00:00,-0.001059,-89.3728,-0.1598,0.388744,-0.2058,0.9644,-0.050203,0.002874,-0.1053,0.2546,-0.125857,-0.04734,0.8865,0.908314,0.033705,-0.002666
2025-04-24 00:00:00+00:00,0.000932,122.1114,0.1696,0.281911,0.0708,1.0357,-0.031624,-0.012614,0.0749,0.8005,-0.110998,-0.030312,-0.1734,0.926217,0.017903,0.007964
2025-04-25 00:00:00+00:00,-0.000795,-134.8794,-0.1635,0.39989,-0.2252,0.9629,0.026914,-0.011667,-0.1421,-0.3742,0.074178,0.028962,1.7001,0.919076,-0.007141,0.044467
2025-04-26 00:00:00+00:00,0.001723,-90.528,-0.3844,0.36788,-0.8184,0.2966,0.076748,-0.025643,-0.0457,-0.8132,0.224094,0.079694,0.2978,0.886983,-0.032093,-0.021331
2025-04-27 00:00:00+00:00,0.000818,-22.975,-0.4256,0.254394,-0.1837,0.0964,-0.010484,0.013316,0.3511,2.2379,-0.032446,-0.007916,-0.6564,0.904661,0.017678,-0.021556
2025-04-28 00:00:00+00:00,-0.001943,23.4589,-0.3514,0.428505,0.3038,0.0782,-0.021233,0.025857,0.0142,2.2896,-0.047278,-0.019845,0.0612,0.925625,0.020964,0.00655
2025-04-29 00:00:00+00:00,-0.000376,-6.1687,-0.3594,0.411013,-0.0576,-1.1162,-0.050979,-0.006897,-0.1118,1.2976,-0.123441,-0.049507,1.0873,0.910727,-0.014898,0.023744
2025-04-30 00:00:00+00:00,0.000231,16.4622,-0.3087,0.425126,0.051,-0.8594,0.017645,0.000742,0.0024,1.2903,0.046874,0.019362,0.8019,0.885524,-0.025203,-0.019137
2025-05-01 00:00:00+00:00,0.000185,21.6141,-0.2425,0.408662,0.2443,-0.6858,-0.085288,0.019442,-0.0229,1.0676,-0.206212,-0.081423,0.1816,0.880244,-0.00528,-0.045381
2025-05-02 00:00:00+00:00,0.000478,-36.1323,-0.3321,0.387456,-0.3134,-0.7741,0.012058,-0.014038,0.0447,1.4207,0.038707,0.01451,0.8217,0.885252,0.005008,-0.025475
2025-05-03 00:00:00+00:00,0.001646,-22.3973,-0.3743,0.340375,-0.2702,-0.2259,-0.035371,-0.001124,-0.1067,0.5092,-0.097795,-0.031452,-1.368,0.822804,-0.062448,-0.06272
2025-05-04 00:00:00+00:00,-0.000948,6.8979,-0.6434,0.454731,0.1208,0.0786,-0.00785,-0.066007,0.4917,4.1975,-0.008395,-0.003703,-0.8981,0.867957,0.045152,-0.012288
2025-05-05 00:00:00+00:00,-0.001298,5.0383,-0.5933,0.347743,-0.0009,-0.2262,-0.034211,0.033295,-0.0778,3.3342,-0.094578,-0.031796,0.1612,0.892554,0.024598,0.007302
2025-05-06 00:00:00+00:00,0.000159,40.0481,-0.3162,0.307265,0.4544,0.2858,-0.018024,0.065995,-0.352,0.7862,-0.046961,-0.013518,0.8146,0.839461,-0.053093,0.016657
2025-05-07 00:00:00+00:00,-0.000561,95.5596,0.3303,0.489772,0.339,0.5739,-0.040313,-0.012982,0.0061,0.8115,-0.079375,-0.037965,0.298,0.89923,0.059769,0.031273
2025-05-08 00:00:00+00:00,0.000608,754.5766,4.6588,0.429049,5.2584,5.5879,-0.091482,-0.036607,-0.0076,0.7387,-0.209997,-0.086619,0.3563,0.893192,-0.006037,0.000638
2025-05-09 00:00:00+00:00,-0.002053,-336.433,2.5549,0.416598,-2.8847,3.0166,-0.014371,0.030473,-0.1343,-0.2611,-0.032248,-0.01285,1.057,0.898004,0.004812,0.058543
2025-05-10 00:00:00+00:00,0.000576,-174.2949,1.5312,0.513542,0.3867,3.6736,-0.042204,-0.006908,0.3287,2.094,-0.077152,-0.038292,0.3894,0.878077,-0.019927,-0.021152
2025-05-11 00:00:00+00:00,-0.001542,14.237,1.5684,0.538875,-0.1043,3.4486,-0.036517,-0.013592,0.0805,2.6057,-0.063531,-0.03331,0.1925,0.893279,0.015202,8.7e-05
2025-05-12 00:00:00+00:00,0.000746,196.7604,2.5232,0.408377,2.0193,5.4688,0.020548,0.024616,-0.1609,1.4101,0.055165,0.021675,-1.0949,0.865655,-0.027624,-0.032349
2025-05-13 00:00:00+00:00,1.3e-05,-126.5703,1.8005,0.400835,-2.3101,2.7044,-0.020371,-0.005464,-0.1566,0.2815,-0.042303,-0.01641,1.6359,0.90615,0.040496,0.028073
2025-05-14 00:00:00+00:00,-0.000616,-247.4937,0.5098,0.513922,-1.2944,1.071,-0.136676,-0.008591,-0.1408,-0.7277,-0.267972,-0.134977,1.4855,0.919115,0.012964,0.025836
2025-05-15 00:00:00+00:00,0.000216,80.8198,0.9118,0.533888,0.2882,-3.8991,-0.053261,-0.00025,0.0147,-0.6343,-0.096775,-0.050828,1.7343,0.934264,0.015149,0.068609
2025-05-16 00:00:00+00:00,-0.000303,-116.1355,0.3045,0.475914,-0.5978,-1.6122,0.065255,0.006233,0.082,-0.0461,0.144941,0.06762,1.5731,0.922989,-0.011275,0.016839
2025-05-17 00:00:00+00:00,0.0011,-141.8955,-0.4285,0.659757,-1.2448,-3.2437,0.062084,-0.022463,-0.3002,-2.1877,0.100518,0.065252,1.1632,0.911743,-0.011246,-0.007371
2025-05-18 00:00:00+00:00,0.001884,2.5458,-0.4085,0.461008,0.0219,-3.1175,0.038755,0.00283,0.1594,-1.0678,0.091567,0.041053,0.097,0.886936,-0.024808,-0.047328
2025-05-19 00:00:00+00:00,-0.002797,57.5826,-0.0734,0.528654,0.6836,-4.4532,-0.06613,0.025291,0.1281,-0.1499,-0.123257,-0.064009,0.9167,0.921562,0.034626,-0.001427
2025-05-20 00:00:00+00:00,0.000136,30.0244,0.0956,0.409234,0.2065,-1.9366,-0.018648,-0.002283,-0.0291,-0.3702,-0.042503,-0.017027,1.8169,0.923716,0.002154,0.011972
2025-05-21 00:00:00+00:00,0.001397,125.2797,0.8097,0.406269,0.025,-0.6173,0.038558,-0.001119,0.05,-0.0266,0.09903,0.039405,1.1825,0.931341,0.007626,0.044405
2025-05-22 00:00:00+00:00,-0.001788,153.4549,1.6625,0.404464,1.5648,0.6593,-0.097484,0.006582,0.1116,0.7862,-0.240438,-0.094178,2.2878,0.905236,-0.026105,-0.016325
2025-05-23 00:00:00+00:00,0.000973,-171.9218,0.6653,0.420493,-1.2639,-0.0068,-0.015521,-0.016295,0.0186,0.907,-0.033114,-0.01365,1.1457,0.933733,0.028497,0.010018
2025-05-24 00:00:00+00:00,8.4e-05,-222.2568,-0.6026,0.3933,-1.4072,-0.1692,-0.049531,0.000752,-0.0023,0.8776,-0.121113,-0.046079,-2.1063,0.861385,-0.072349,-0.069956
2025-05-25 00:00:00+00:00,0.000689,-4.2663,-0.6195,0.430227,-0.0103,-0.2014,0.007484,-0.008496,0.1291,1.8204,0.023591,0.00991,-0.075,0.898482,0.037097,-0.006754
2025-05-26 00:00:00+00:00,-0.000841,73.5284,-0.1874,0.275735,0.6775,-0.2076,-0.023891,0.00333,-0.1002,1.0336,-0.081088,-0.021583,0.8669,0.900935,0.002453,-0.032798
2025-05-27 00:00:00+00:00,0.00059,355.8833,1.7997,0.456021,1.9235,1.5094,-0.093443,-0.000985,0.0081,1.0711,-0.200413,-0.088918,2.0203,0.905767,0.004832,0.044382
2025-05-28 00:00:00+00:00,-0.000874,-83.167,1.3007,0.427899,-0.4547,1.0297,-0.027086,-0.000239,-0.085,0.4129,-0.059563,-0.024936,1.1429,0.922326,0.016559,0.023844
2025-05-29 00:00:00+00:00,0.000226,-21.5773,1.1619,0.451334,0.663,0.1279,-0.034623,0.011591,0.0134,0.507,-0.072632,-0.032006,1.4575,0.912075,-0.010251,0.011139
2025-05-30 00:00:00+00:00,-0.000189,30.3683,1.2992,0.436357,-0.6082,0.7836,0.030194,-0.008578,0.0453,0.8325,0.075359,0.032244,2.5126,0.925957,0.013882,0.02019
2025-05-31 00:00:00+00:00,0.000246,-263.3224,-0.1287,0.347887,-1.3929,0.7979,-0.067708,-0.061238,0.0845,1.4496,-0.193521,-0.065146,0.686,0.890692,-0.035265,-0.031634
2025-06-01 00:00:00+00:00,0.000161,-13.4018,-0.2007,0.519871,-0.1237,0.6844,0.073932,0.049554,-0.2223,-0.2261,0.151773,0.076996,-0.7397,0.881882,-0.008811,-0.030193
2025-06-02 00:00:00+00:00,0.000329,197.7818,0.892,0.400449,1.7389,1.7458,0.007233,0.007274,0.0749,0.3319,0.025384,0.009903,1.8913,0.913123,0.031241,-0.012834
2025-06-03 00:00:00+00:00,-0.001064,51.489,1.1526,0.504475,-0.4441,-0.6217,-0.042391,0.013829,-0.0228,0.1471,-0.079851,-0.039578,1.5151,0.929709,0.016586,0.039016
2025-06-04 00:00:00+00:00,0.000409,-24.3336,0.9975,0.371878,0.7271,0.5601,0.024096,0.005863,0.0468,0.4861,0.070298,0.025662,1.1523,0.935446,0.005737,0.053564
2025-06-05 00:00:00+00:00,1.9e-05,176.3809,1.9031,0.363042,-0.534,-0.637,-0.091019,-0.007598,0.0312,0.7137,-0.251501,-0.089363,1.071,0.936536,0.00109,0.023413
2025-06-06 00:00:00+00:00,0.000249,-292.2174,0.3176,0.387129,-0.6907,-0.7195,-0.037246,0.008891,-0.0839,0.0669,-0.093461,-0.03542,0.7679,0.926436,-0.0101,-0.003272
2025-06-07 00:00:00+00:00,-0.00019,-139.2199,-0.4358,0.403153,-1.0589,-0.3855,-0.031508,-0.000382,-0.2251,-1.6119,-0.074252,-0.029004,-1.0544,0.872393,-0.054043,-0.063053
2025-06-08 00:00:00+00:00,0.000768,-28.538,-0.5731,0.88693,-0.288,-0.5498,0.025583,-0.009951,0.0377,-1.3023,0.031935,0.028002,-1.8693,0.900436,0.028043,-0.0361
2025-06-09 00:00:00+00:00,0.000294,225.4454,0.6508,0.396767,1.8364,-0.4523,-0.099473,0.000824,0.1322,-0.3185,-0.249959,-0.096538,0.6872,0.910001,0.009565,-0.016435
2025-06-10 00:00:00+00:00,-0.000203,144.6036,1.403,0.4361,0.7878,0.7796,-0.031673,-0.016057,-0.0479,-0.6632,-0.065504,-0.027974,1.995,0.932683,0.022682,0.06029
2025-06-11 00:00:00+00:00,-0.001855,-84.7086,0.9259,0.372021,-0.4941,-0.4416,0.006241,0.010483,-0.0255,-0.8431,0.024386,0.00887,1.0735,0.932059,-0.000624,0.031623
2025-06-12 00:00:00+00:00,0.000904,-13.3016,0.8361,0.344048,-0.5962,-0.5038,-0.019763,-0.014733,-0.0174,-0.9599,-0.053916,-0.018184,1.564,0.937625,0.005566,0.027624
2025-06-13 00:00:00+00:00,-6.3e-05,-85.0011,0.3672,0.379529,-0.515,-0.328,-0.001755,0.013772,0.2524,0.885,-0.002096,-0.000777,1.2228,0.927095,-0.010529,-0.005588
2025-06-14 00:00:00+00:00,0.000712,-210.8318,-0.7693,0.453336,-1.2775,-0.5466,-0.12665,-0.041138,-0.2122,-0.6737,-0.28342,-0.124875,-1.4184,0.852057,-0.075039,-0.080002
2025-06-15 00:00:00+00:00,0.000952,2.9894,-0.7533,0.362845,-0.0374,-0.296,-0.005839,0.03187,0.1256,0.2528,0.016458,0.005612,-1.3895,0.821138,-0.030919,-0.116487
2025-06-16 00:00:00+00:00,8e-05,118.6254,-0.1218,0.314432,1.3488,-0.7835,-0.049833,0.014683,-0.0046,0.224,-0.152916,-0.046193,1.3587,0.901362,0.080224,-0.025733
2025-06-17 00:00:00+00:00,-0.001841,20.8758,-0.016,0.405363,-0.201,-1.7723,-0.087575,0.015981,-0.1044,-0.5432,-0.213591,-0.083987,0.5486,0.899086,-0.002277,0.047029
2025-06-18 00:00:00+00:00,-0.00047,-75.1842,-0.428,0.584651,-0.4936,-1.7718,-0.032642,-0.019083,0.049,-0.1881,-0.052944,-0.030465,0.5986,0.915357,0.016272,0.094219
2025-06-19 00:00:00+00:00,0.000393,38.2388,-0.2281,0.292308,0.3537,-0.822,-0.058785,-0.014332,0.0892,0.4598,-0.200724,-0.057056,0.5495,0.913842,-0.001515,0.01248
2025-06-20 00:00:00+00:00,0.000401,-10.522,-0.2932,0.406155,-0.2713,-0.5783,-0.039082,0.006116,-0.0086,0.3864,-0.095438,-0.038199,0.6161,0.947132,0.03329,0.048046
2025-06-21 00:00:00+00:00,0.002173,-76.1039,-0.7135,0.405791,-0.7856,-0.0864,-0.053972,-0.03524,0.0083,0.4399,-0.130352,-0.050853,0.373,0.864414,-0.082718,-0.050943
2025-06-22 00:00:00+00:00,-0.001998,190.9031,0.3232,0.489911,1.2752,1.2262,-0.053065,0.028201,0.28,2.4008,-0.103186,-0.048952,-0.2343,0.895426,0.031012,-0.018416
2025-06-23 00:00:00+00:00,-0.000565,241.3457,1.6048,0.419075,1.4066,1.284,0.031563,-0.005956,-0.1807,1.0827,0.080416,0.032845,0.2521,0.911718,0.016292,-0.035414
2025-06-24 00:00:00+00:00,1.3e-05,-4.9868,1.5358,0.385273,0.8174,2.3024,-0.102711,-0.002919,-0.1693,-0.1336,-0.267858,-0.101201,1.6446,0.935429,0.023711,0.071015
2025-06-25 00:00:00+00:00,-0.001897,-19.8644,1.3936,0.35443,0.4818,3.2778,-0.073118,0.000943,-0.1068,-0.8926,-0.206019,-0.071476,2.157,0.932272,-0.003157,0.036846
2025-06-26 00:00:00+00:00,0.001545,-264.9552,-0.0305,0.656255,-2.2338,0.6903,-0.072123,-0.000884,0.0401,-0.604,-0.108723,-0.070425,1.2241,0.915802,-0.01647,0.004083
2025-06-27 00:00:00+00:00,-0.000282,-90.7424,-0.5232,0.335295,-0.8388,0.1228,-0.091367,0.021582,0.0757,-0.0638,-0.274596,-0.089564,0.3609,0.909841,-0.005961,-0.025588
2025-06-28 00:00:00+00:00,0.002318,-79.8554,-0.9532,0.422168,-0.9043,0.0041,-0.212432,-0.047738,-0.0743,-0.5899,-0.510987,-0.209546,-2.8624,0.878534,-0.031307,-0.053738
2025-06-29 00:00:00+00:00,5.4e-05,-6.7047,-0.9844,0.393143,0.0324,-1.2388,-0.048326,0.013325,0.1048,0.1572,-0.117843,-0.044835,-1.6541,0.877754,-0.00078,-0.038048
2025-06-30 00:00:00+00:00,-0.001526,178.5039,-0.0329,0.320049,1.6473,-0.9981,-0.005071,0.018867,0.0976,0.838,-0.008475,-0.002631,0.1476,0.915061,0.037307,0.00522
2025-07-01 00:00:00+00:00,-0.000778,-54.3692,-0.3294,0.509142,-0.2906,-2.1061,-0.043268,0.026335,-0.0301,0.6143,-0.082705,-0.041423,0.066,0.922266,0.007205,0.043732
2025-07-02 00:00:00+00:00,0.000573,-4.1403,-0.3549,0.370796,-0.2013,-2.7892,-0.042996,-0.01768,-0.1199,-0.237,-0.110424,-0.039728,0.8208,0.906722,-0.015544,0.028968
2025-07-03 00:00:00+00:00,-0.000838,-37.1273,-0.5598,0.298512,-0.1953,-0.7507,-0.014069,0.006728,-0.0235,-0.3987,-0.040911,-0.011865,1.3118,0.922496,0.015774,0.007435
2025-07-04 00:00:00+00:00,0.000438,-33.5306,-0.7455,0.353316,-0.3223,-0.2342,0.056698,-0.027249,-0.0782,-0.9733,0.171631,0.058963,0.8897,0.900512,-0.021984,-0.021754
2025-07-05 00:00:00+00:00,0.001436,-59.8554,-1.0468,0.32887,-0.892,-0.2219,0.082641,3.7e-05,0.1022,-0.2384,0.272505,0.086127,-2.6318,0.847772,-0.052741,-0.058951
2025-07-06 00:00:00+00:00,0.000776,7.5827,-1.0045,0.37726,0.1447,-0.1095,-0.092201,-0.012587,0.0811,0.325,-0.241725,-0.087197,-1.9304,0.815566,-0.032206,-0.10693
2025-07-07 00:00:00+00:00,-0.002048,155.5597,-0.1335,0.255121,1.4887,-0.2682,-0.056845,0.002923,-0.0388,0.0197,-0.223538,-0.054303,2.1664,0.889595,0.07403,-0.010917
2025-07-08 00:00:00+00:00,-0.000575,-53.4413,-0.4206,0.35129,-0.3106,-0.2881,-0.010677,0.002338,-0.0327,-0.2468,-0.024547,-0.008418,1.4447,0.907343,0.017747,0.059571
2025-07-09 00:00:00+00:00,0.000705,170.0324,0.5452,0.376171,1.2205,1.1337,-0.05766,0.004785,0.0593,0.2001,-0.149246,-0.054969,1.4784,0.927542,0.020199,0.111976
2025-07-10 00:00:00+00:00,-0.000313,174.8417,1.4976,0.392913,0.6017,1.9306,-0.047007,0.016648,-0.0154,0.0895,-0.113582,-0.043501,2.007,0.922156,-0.005386,0.032561
2025-07-11 00:00:00+00:00,-0.000923,27.6277,1.6072,0.366727,1.2054,3.4583,-0.042916,0.018979,-0.0122,0.0009,-0.110268,-0.03944,2.0786,0.933461,0.011305,0.026119
2025-07-12 00:00:00+00:00,0.000531,-413.2081,-0.691,0.339308,-3.4634,0.887,-0.091157,-0.024214,-0.088,-0.6588,-0.266245,-0.087942,0.9108,0.903997,-0.029464,-0.023545
2025-07-13 00:00:00+00:00,0.000469,8.9601,-0.6353,0.429396,0.1099,0.8521,-0.021376,0.011183,0.2626,1.3175,-0.044,-0.018432,-0.3719,0.887925,-0.016072,-0.034231
2025-07-14 00:00:00+00:00,-0.000346,352.2744,1.2898,0.338084,2.8548,2.2182,-0.016806,0.002565,-0.0339,1.0422,-0.041214,-0.013578,0.876,0.930934,0.043009,-0.002527
2025-07-15 00:00:00+00:00,0.000328,-149.4107,0.4505,0.460434,-1.6111,0.9177,-0.09532,-0.007365,-0.0402,0.7294,-0.204601,-0.092747,0.9358,0.93416,0.003226,0.030163
2025-07-16 00:00:00+00:00,-0.000451,330.297,2.1958,0.443328,2.9278,2.625,-0.053372,0.005997,-0.0894,0.0578,-0.117201,-0.050428,0.318,0.914766,-0.019394,0.026841
2025-07-17 00:00:00+00:00,0.00047,244.219,3.2723,0.323128,-0.2891,1.7342,-0.047282,-0.003112,-0.1022,-0.7028,-0.139391,-0.043871,1.4224,0.933687,0.018921,0.002752
2025-07-18 00:00:00+00:00,-0.000615,-345.4493,1.4683,0.319869,-0.1908,0.338,-0.064816,0.01351,-0.065,-1.2187,-0.202241,-0.062542,0.867,0.92969,-0.003997,-0.004471
2025-07-19 00:00:00+00:00,-0.000537,-427.8707,-0.7145,0.431264,-3.7961,0.0053,-0.01161,-0.031871,0.0417,-0.9038,-0.019649,-0.008317,0.1869,0.910119,-0.01957,-0.004647
2025-07-20 00:00:00+00:00,0.001077,90.5568,-0.2616,0.352214,0.7911,0.6865,-0.078147,0.018154,0.0818,-0.2755,-0.210898,-0.071425,0.6288,0.889048,-0.021071,-0.044638
2025-07-21 00:00:00+00:00,-0.00055,44.8004,-0.0312,0.354731,0.2299,-1.9384,-0.031185,0.012911,0.0687,0.245,-0.08069,-0.027945,1.9667,0.935939,0.04689,0.006249
2025-07-22 00:00:00+00:00,0.000504,-86.1687,-0.4728,0.416092,-0.6031,-0.9304,-0.103888,-0.010736,0.0064,0.2825,-0.249059,-0.101638,1.97,0.931847,-0.004092,0.021727
2025-07-23 00:00:00+00:00,0.001048,-22.2031,-0.5771,0.357266,-0.2111,-4.0692,-0.041597,0.016116,0.0337,0.5309,-0.113018,-0.039717,1.2294,0.944523,0.012676,0.055474
2025-07-24 00:00:00+00:00,-0.000801,-33.0882,-0.7424,0.409202,-0.437,-4.217,-0.031232,-0.005668,-0.0012,0.5058,-0.073139,-0.02952,1.471,0.945368,0.000846,0.00943
2025-07-25 00:00:00+00:00,0.000192,-50.0548,-0.9973,0.555033,-0.3992,-4.4255,-0.136594,-0.01469,-0.044,0.1505,-0.245609,-0.135355,1.8788,0.957533,0.012165,0.025686
2025-07-26 00:00:00+00:00,0.001955,-23.3509,-1.1154,0.445157,-0.3596,-0.9889,-0.052542,-0.010478,0.0275,0.3738,-0.113249,-0.049402,-0.6155,0.888548,-0.068985,-0.055975
2025-07-27 00:00:00+00:00,-0.000618,-1.0848,-1.1167,0.257934,0.0178,-1.7622,-0.038208,0.0002,-0.0353,0.11,-0.139002,-0.034853,0.9184,0.910638,0.02209,-0.03473
2025-07-28 00:00:00+00:00,-0.001152,43.1437,-0.8984,0.343597,0.5255,-1.4666,-0.07366,0.026604,0.0291,0.3395,-0.21072,-0.07107,1.5802,0.935278,0.02464,-0.022255
2025-07-29 00:00:00+00:00,0.000264,163.2203,-0.0754,0.344787,0.8488,-0.0147,-0.050583,-0.031504,-0.2072,-1.2669,-0.14035,-0.04735,1.2858,0.922336,-0.012942,0.033788
2025-07-30 00:00:00+00:00,-0.00037,117.4467,0.5128,0.304153,0.93,1.1263,-0.06857,-0.0586,-0.3586,-3.7005,-0.222357,-0.066479,0.6292,0.94377,0.021434,0.033132
2025-07-31 00:00:00+00:00,-0.000559,20.4827,0.6022,0.419305,0.1741,1.7374,-0.139055,0.006282,0.0522,-3.1024,-0.330999,-0.13684,1.5398,0.932609,-0.011161,-0.002669
2025-08-01 00:00:00+00:00,0.000682,-280.1072,-0.8472,0.440092,-2.0203,0.1163,-0.051597,0.056062,0.3915,-0.4385,-0.114243,-0.049618,2.2592,0.931695,-0.000913,0.00936
2025-08-02 00:00:00+00:00,0.001907,-55.2725,-1.1322,0.374674,-0.405,0.0709,-0.052887,-0.040432,0.0596,0.0013,-0.135729,-0.04976,0.5575,0.869188,-0.062508,-0.074582
2025-08-03 00:00:00+00:00,0.000323,-11.4563,-1.1884,0.249272,-0.1155,-0.0624,-0.035079,-0.000914,0.0025,0.0522,-0.133445,-0.032335,-1.655,0.863568,-0.00562,-0.06904
2025-08-04 00:00:00+00:00,-0.001563,25.7892,-1.0511,0.271125,0.3248,-0.2631,-0.059894,0.022984,0.0591,0.4953,-0.217649,-0.05812,2.2883,0.930353,0.066784,-0.001343
2025-08-05 00:00:00+00:00,-0.000717,90.799,-0.5805,0.316864,0.4054,-0.7066,-0.075232,0.004739,0.0482,0.85,-0.236407,-0.074006,1.2284,0.935111,0.004759,0.065924
2025-08-06 00:00:00+00:00,-0.000931,-84.7717,-1.0356,0.411117,-0.4717,-2.1082,-0.066561,0.009243,-0.0323,0.6025,-0.159133,-0.064598,1.0776,0.919046,-0.016065,0.055478
2025-08-07 00:00:00+00:00,0.00088,19.9403,-0.9095,0.440737,0.3712,-1.9112,-0.068079,0.00087,-0.1042,-0.1853,-0.149251,-0.064762,2.1774,0.917491,-0.001556,-0.012862
2025-08-08 00:00:00+00:00,-0.000293,33.6956,-0.7032,0.365106,0.0038,0.1129,-0.096002,0.01441,-0.029,-0.3857,-0.254697,-0.090509,1.8433,0.917128,-0.000362,-0.017983
2025-08-09 00:00:00+00:00,0.000274,-24.7935,-0.8237,0.448695,-0.0281,0.4898,-0.074529,0.003931,0.0579,0.0855,-0.15271,-0.066338,1.2352,0.883973,-0.033156,-0.035074
2025-08-10 00:00:00+00:00,-0.000362,-29.2106,-0.9769,0.365779,-0.2676,0.3377,-0.044177,-0.0269,-0.0464,-0.2665,-0.111147,-0.039794,1.5222,0.912631,0.028658,-0.00486
2025-08-11 00:00:00+00:00,-5e-05,52.8616,-0.6532,0.365405,0.4598,0.4727,-0.061644,0.02906,-0.0287,-0.4892,-0.162685,-0.058422,1.8099,0.943237,0.030606,0.026109
2025-08-12 00:00:00+00:00,0.000789,93.1117,-0.102,0.444872,0.9239,0.9913,-0.098817,0.009493,-0.0545,-0.9273,-0.214884,-0.093781,1.8178,0.935961,-0.007276,0.051989
2025-08-13 00:00:00+00:00,-7.5e-05,61.1519,0.2635,0.407783,0.0432,1.5062,-0.10701,-0.006654,0.018,-0.7876,-0.253172,-0.100712,2.0646,0.930929,-0.005032,0.018298
2025-08-14 00:00:00+00:00,-0.001085,3.8116,0.2833,0.393992,-0.3692,0.7658,-0.075771,0.000157,0.0092,-0.7081,-0.185281,-0.071657,1.7308,0.944954,0.014025,0.001717
2025-08-15 00:00:00+00:00,0.000373,-165.1312,-0.6913,0.407196,-0.8438,-0.0818,-0.115733,0.000241,-0.0758,-1.3738,-0.282128,-0.113592,1.4029,0.955082,0.010129,0.019121
2025-08-16 00:00:00+00:00,0.001746,-78.1011,-1.1429,0.672316,-0.5608,-0.6145,-0.024805,-0.028142,0.044,-1.0241,-0.032282,-0.021475,-0.8172,0.913902,-0.041181,-0.017027
2025-08-17 00:00:00+00:00,-0.000212,-5.6635,-1.1601,0.377368,0.0321,-0.3148,-0.069475,-0.014812,0.0778,-0.3793,-0.177581,-0.06559,-0.7966,0.879856,-0.034046,-0.065098
2025-08-18 00:00:00+00:00,-0.000381,38.3954,-0.9241,0.448808,0.3786,-0.396,-0.067614,0.020864,-0.0473,-0.7712,-0.148458,-0.066114,1.3575,0.953732,0.073876,-0.00135
2025-08-19 00:00:00+00:00,-0.00039,5.6829,-0.8731,0.392208,0.1485,-1.1714,-0.190349,0.006174,0.092,-0.0102,-0.486308,-0.188118,1.2032,0.928844,-0.024888,0.014943
2025-08-20 00:00:00+00:00,-0.000322,22.8572,-0.723,0.38109,-0.0381,-1.2527,-0.080258,-0.000572,-0.0382,-0.3175,-0.208576,-0.07868,1.6518,0.945463,0.016619,0.065607
2025-08-21 00:00:00+00:00,0.000288,-37.9783,-0.9258,0.313483,-0.1759,-1.0594,-0.072886,0.012721,0.0078,-0.242,-0.230265,-0.071261,1.1491,0.933741,-0.011722,-0.019991
2025-08-22 00:00:00+00:00,0.000889,240.2667,0.4582,0.48705,1.0559,0.8402,-0.089692,-0.002339,-0.0016,-0.2447,-0.176355,-0.084108,1.4433,0.912545,-0.021196,-0.016299
2025-08-23 00:00:00+00:00,-0.00139,-242.0689,-0.9524,0.30029,-1.2642,0.1368,-0.079829,-0.008775,-0.0577,-0.712,-0.259594,-0.0764,0.8316,0.928977,0.016432,-0.016486
2025-08-24 00:00:00+00:00,0.001453,8.7636,-0.8934,0.271961,0.2361,0.3408,-0.001087,-0.017914,0.0798,-0.0194,0.010859,0.002872,1.3173,0.921005,-0.007972,-0.012736
2025-08-25 00:00:00+00:00,-6.7e-05,21.779,-0.7492,0.316094,0.0924,0.0546,-0.014779,0.0357,-0.0014,-0.018,-0.040632,-0.012583,1.0444,0.940673,0.019668,0.028128
2025-08-26 00:00:00+00:00,-0.001691,-1.0874,-0.7377,0.483358,0.1856,0.0916,-0.047978,0.00832,0.0113,0.0839,-0.097667,-0.046717,0.5713,0.944716,0.004043,0.015739
2025-08-27 00:00:00+00:00,0.00123,38.7766,-0.4936,0.384326,0.2503,0.3801,-0.06982,0.001318,0.0314,0.3588,-0.17921,-0.068128,-0.0147,0.952341,0.007625,0.031336
2025-08-28 00:00:00+00:00,-0.001646,-36.2444,-0.6913,0.277164,-0.3283,0.2278,-0.052538,-0.004278,-0.0086,0.2933,-0.18646,-0.050716,0.1583,0.941151,-0.01119,0.000478
2025-08-29 00:00:00+00:00,0.001481,-10.4106,-0.7461,0.285989,-0.2236,-1.0517,-0.024288,0.006385,-0.0128,0.2023,-0.079343,-0.022208,0.7722,0.935287,-0.005865,-0.009429
2025-08-30 00:00:00+00:00,0.001457,-51.0665,-1.0369,0.350899,-0.419,-0.2065,-0.01359,-0.053697,-0.0152,0.0648,-0.03276,-0.011314,-0.6313,0.910253,-0.025033,-0.042088
2025-08-31 00:00:00+00:00,0.000288,0.6816,-1.0102,0.325329,0.0049,-0.4377,-0.018222,0.048218,0.0284,0.3192,-0.04836,-0.015439,-0.3274,0.91244,0.002186,-0.028712
2025-09-01 00:00:00+00:00,-0.00181,1061.303,4.591,0.380896,1.3903,0.8602,0.010004,0.043948,-0.0557,-0.1709,0.032039,0.012032,-0.0336,0.947308,0.034868,0.012022
2025-09-02 00:00:00+00:00,0.000143,-1028.8873,-0.7422,0.447915,-1.0576,-0.383,0.011063,-0.027993,-0.1054,-1.0833,0.028841,0.01278,0.1843,0.942841,-0.004467,0.032588
2025-09-03 00:00:00+00:00,-7.8e-05,22.0993,-0.6102,0.48889,0.1529,-0.4804,-0.03335,-0.001031,0.0631,-0.5103,-0.064896,-0.031422,0.1135,0.939316,-0.003525,0.026876
2025-09-04 00:00:00+00:00,-0.000618,3.6626,-0.5801,0.312574,0.1613,0.0092,-0.051123,-0.039417,0.0334,-0.208,-0.161645,-0.050023,0.5387,0.956373,0.017057,0.009065
2025-09-05 00:00:00+00:00,0.000571,-18.7043,-0.675,0.28441,-0.2748,-0.042,-0.055409,0.01917,-0.0071,-0.292,-0.192824,-0.0541,0.4216,0.945559,-0.010814,0.002718
2025-09-06 00:00:00+00:00,0.00114,-31.2813,-0.8353,0.336594,-0.3832,-0.0062,-0.034108,-0.023103,0.108,0.6667,-0.0941,-0.030913,-1.4991,0.883961,-0.061598,-0.055355
2025-09-07 00:00:00+00:00,0.000272,-14.2065,-0.891,0.431314,-0.0661,-0.0772,-0.107802,0.00149,-0.008,0.5829,-0.245521,-0.103365,-2.507,0.855312,-0.02865,-0.101062
2025-09-08 00:00:00+00:00,-0.001586,58.114,-0.569,0.400388,0.677,-0.7905,-0.076045,0.002227,-0.1334,-0.6337,-0.188366,-0.074749,0.6368,0.952339,0.097028,0.00678
2025-09-09 00:00:00+00:00,-0.000794,-4.0614,-0.5751,0.295917,-0.2351,0.0321,-0.008364,0.005774,-0.0016,-0.6535,-0.023029,-0.006735,0.452,0.93737,-0.014969,0.053409
2025-09-10 00:00:00+00:00,0.000794,12.9157,-0.4922,0.337216,0.1234,0.0025,-0.074674,0.017868,0.0696,-0.0299,-0.218655,-0.072862,0.5974,0.935801,-0.001569,0.080489
2025-09-11 00:00:00+00:00,-0.000696,-38.7832,-0.6851,0.375019,-0.197,-0.3558,-0.053489,-0.009796,-0.1041,-0.9665,-0.138668,-0.051463,0.8089,0.936931,0.00113,-0.015409
2025-09-12 00:00:00+00:00,-6.2e-05,15.6433,-0.6019,0.37824,0.1131,0.0321,-0.085484,-0.020538,0.0567,-0.4474,-0.221367,-0.082694,1.0898,0.927411,-0.00952,-0.009959
2025-09-13 00:00:00+00:00,0.000182,-32.7136,-0.7733,0.358521,-0.3776,0.0378,-0.051064,0.006295,0.0467,-0.0105,-0.129522,-0.04529,0.6485,0.86674,-0.06067,-0.06906
2025-09-14 00:00:00+00:00,0.001343,-9.7743,-0.8127,0.342032,-0.0686,0.0353,0.018071,-0.011756,0.1516,1.3677,0.06565,0.022013,-1.1133,0.875528,0.008788,-0.061402
2025-09-15 00:00:00+00:00,-0.000955,184.9939,0.169,0.301047,0.8193,0.1776,-0.066703,0.014539,-0.2506,-0.9224,-0.218093,-0.064933,0.3593,0.946593,0.071064,0.019182
2025-09-16 00:00:00+00:00,-0.000795,-100.3826,-0.3623,0.387976,-0.0749,0.3377,-0.105498,0.052905,0.0193,-0.737,-0.270227,-0.104074,0.4827,0.95724,0.010647,0.090499
2025-09-17 00:00:00+00:00,0.000862,-32.8775,-0.5303,0.265833,-0.232,-0.0177,-0.044034,0.001287,0.0558,-0.2193,-0.160188,-0.041961,0.0544,0.941715,-0.015525,0.066186
2025-09-18 00:00:00+00:00,-0.000996,199.1543,0.517,0.275358,0.5539,0.7332,0.018295,-0.06205,-0.1117,-1.2109,0.071984,0.019635,0.7707,0.963524,0.021809,0.016931
2025-09-19 00:00:00+00:00,-8e-05,-198.7593,-0.5337,0.413805,-0.6737,-0.0536,-0.146738,0.03225,0.0705,-0.5574,-0.353753,-0.145387,-0.1304,0.953802,-0.009721,-0.003437
2025-09-20 00:00:00+00:00,0.001022,-44.9162,-0.7555,0.361092,-0.3523,-0.0283,-0.00516,0.020317,0.0376,-0.1886,-0.002857,-0.001011,-2.5708,0.877347,-0.076455,-0.064367
2025-09-21 00:00:00+00:00,0.001243,-11.4796,-0.7991,0.311643,-0.0864,-0.0461,-0.015068,-0.028942,-0.0528,-0.6833,-0.037816,-0.011538,-2.4597,0.906356,0.029009,-0.057168
2025-09-22 00:00:00+00:00,-0.001153,54.0475,-0.4922,0.308797,0.5523,-0.3131,-0.056198,0.036809,0.2413,1.6479,-0.182806,-0.055291,-0.2964,0.935965,0.029609,-0.017837
2025-09-23 00:00:00+00:00,-0.00021,-23.3687,-0.6028,0.348903,-0.1931,-0.4313,-0.026969,-0.046492,-0.1193,0.4785,-0.072539,-0.02499,0.0277,0.930561,-0.005404,0.053214
2025-09-24 00:00:00+00:00,0.000616,-4.4362,-0.6155,0.281645,-0.0195,-0.2189,-0.117985,0.022105,0.0801,1.2288,-0.418058,-0.116374,-0.0057,0.948821,0.018259,0.042465
2025-09-25 00:00:00+00:00,-0.000331,181.1825,0.3821,0.287726,0.859,0.0862,-0.048536,0.029384,0.2096,3.0445,-0.164275,-0.046155,-0.1858,0.931167,-0.017654,-0.004798
2025-09-26 00:00:00+00:00,-0.001238,-150.3321,-0.4516,0.285528,-0.5686,0.1913,-0.048239,-0.023186,-0.1995,1.1952,-0.165368,-0.04665,0.2184,0.951875,0.020708,0.021313
2025-09-27 00:00:00+00:00,0.001037,-44.4527,-0.6963,0.372769,-0.4524,0.0912,-0.0663,-0.000596,0.0625,1.7193,-0.171978,-0.062713,-1.8373,0.880089,-0.071785,-0.068731
2025-09-28 00:00:00+00:00,0.00147,17.9158,-0.5856,0.217726,-0.0737,0.1039,-0.051037,8.7e-05,-0.1006,0.8304,-0.225232,-0.047317,-2.3139,0.881394,0.001305,-0.049773
2025-09-29 00:00:00+00:00,-0.001807,431.2324,1.7483,0.306732,1.1682,0.7199,-0.077826,0.008563,0.0431,1.2112,-0.249725,-0.075376,-0.6143,0.937319,0.055924,-0.014556
2025-09-30 00:00:00+00:00,-0.000778,-380.9949,-0.3169,0.461781,-0.4557,0.4573,-0.149316,0.021262,-0.0727,0.5529,-0.32205,-0.14763,-0.2051,0.952481,0.015162,0.072391
2025-10-01 00:00:00+00:00,0.001237,-12.8934,-0.384,0.321988,-0.0548,0.422,-0.046678,0.009355,-0.1275,-0.5822,-0.140365,-0.044657,0.0013,0.949495,-0.002986,0.068101
2025-10-02 00:00:00+00:00,-0.00055,9.7303,-0.3312,0.41064,-0.0432,-0.4802,-0.072688,-0.019812,0.2195,1.3429,-0.169846,-0.068679,0.9003,0.938168,-0.011327,0.00085
2025-10-03 00:00:00+00:00,-0.000214,-23.0256,-0.4588,0.318507,-0.1995,-0.1112,-0.06796,0.006115,-0.1601,-0.0788,-0.20668,-0.064684,-0.2204,0.935569,-0.002599,-0.016911
2025-10-04 00:00:00+00:00,0.002826,-56.134,-0.7612,0.492529,-0.522,-0.1807,-0.08604,-0.022911,-0.0438,-0.4564,-0.169056,-0.082174,-2.5624,0.918659,-0.01691,-0.030836
2025-10-05 00:00:00+00:00,-0.000956,0.3906,-0.7459,0.351781,0.0279,-0.0791,-0.139624,0.006223,0.0987,0.4185,-0.392832,-0.13574,-1.6309,0.928117,0.009458,-0.010051
2025-10-06 00:00:00+00:00,-0.000118,105.0422,-0.1762,0.348126,0.8282,-0.4191,-0.084391,-0.008797,-0.2083,-1.3999,-0.236821,-0.081186,0.0002,0.942593,0.014475,0.007023
2025-10-07 00:00:00+00:00,-0.001,-12.3809,-0.2317,0.322713,-0.0982,-0.0616,-0.037402,0.021551,0.1961,0.3249,-0.108437,-0.034441,-0.1647,0.94181,-0.000782,0.023151
2025-10-08 00:00:00+00:00,-0.000125,-64.5696,-0.5654,0.36071,-0.3973,-0.4042,-0.102,-0.001805,-0.0578,-0.177,-0.281089,-0.100724,-0.4179,0.968276,0.026466,0.040159
2025-10-09 00:00:00+00:00,0.000105,23.2677,-0.4189,0.316983,0.2363,-0.1247,-0.063595,-0.010291,0.1192,0.8615,-0.195785,-0.061105,-0.4261,0.931172,-0.037104,-0.01142
2025-10-10 00:00:00+00:00,0.003391,2477.365,7.695,0.354782,0.5428,0.6176,-0.045732,0.005389,0.0527,1.2925,-0.124911,-0.043095,-0.1082,0.903196,-0.027976,-0.038614
2025-10-11 00:00:00+00:00,-0.006622,-2211.888,0.5236,0.368295,0.3119,1.4515,-0.04599,0.021411,0.1037,2.1692,-0.125382,-0.04504,0.1112,0.927455,0.024259,-0.040821
2025-10-12 00:00:00+00:00,0.003812,-257.3589,-0.296,0.424046,-0.94,0.4835,-0.043421,-0.045114,-0.1661,0.7541,-0.097074,-0.040346,-0.6609,0.906602,-0.020853,-0.02457
2025-10-13 00:00:00+00:00,-0.000454,-9.9542,-0.3196,0.532307,0.0971,-0.2476,-0.180415,0.020829,-0.0019,0.7449,-0.337981,-0.17798,-0.3896,0.933698,0.027096,0.030502
2025-10-14 00:00:00+00:00,0.000329,16.8776,-0.2477,0.276951,0.1212,-0.0282,-0.080957,0.001531,0.0138,0.8573,-0.289978,-0.07891,-0.1453,0.947562,0.013865,0.020107
2025-10-15 00:00:00+00:00,0.000218,-12.3849,-0.2674,0.435225,-0.0641,0.3051,-0.080821,-0.009877,-0.2342,-1.1652,-0.18416,-0.079349,-0.0679,0.941227,-0.006335,0.034625
2025-10-16 00:00:00+00:00,-0.000976,17.1795,-0.1934,0.328343,-0.1294,-0.0606,-0.042991,-0.006756,0.1079,-0.2435,-0.126472,-0.040824,-0.3767,0.931829,-0.009398,-0.001869
2025-10-17 00:00:00+00:00,0.00028,116.4472,0.2045,0.322342,0.9791,0.3757,-0.055977,0.002573,0.0517,0.1963,-0.169405,-0.053551,-0.0296,0.927736,-0.004092,-0.019826
2025-10-18 00:00:00+00:00,0.001682,-185.819,-0.4281,0.359292,-1.485,-1.4211,-0.043971,-0.015673,-0.1647,-1.2168,-0.114348,-0.04012,-2.9852,0.8791,-0.048637,-0.062127
2025-10-19 00:00:00+00:00,0.000438,-2.3079,-0.4269,0.332837,-0.0262,-0.5072,-0.032022,-0.011939,0.2176,0.664,-0.089538,-0.029229,-1.9872,0.904519,0.02542,-0.027309
2025-10-20 00:00:00+00:00,-0.000638,6.0789,-0.4001,0.31675,0.0579,-0.5465,-0.09306,0.010603,0.0286,0.9062,-0.291615,-0.0913,-0.8062,0.948507,0.043987,0.02077
2025-10-21 00:00:00+00:00,-0.000255,27.2931,-0.3024,0.343769,0.229,-0.4387,-0.059066,-0.000225,-0.1352,-0.2482,-0.167351,-0.05676,-0.0461,0.935794,-0.012712,0.056695
2025-10-22 00:00:00+00:00,-0.000397,-21.6779,-0.3734,0.298921,-0.1219,-0.4964,-0.056799,0.00634,0.0841,0.4873,-0.187515,-0.054935,-0.3643,0.922499,-0.013295,0.01798
2025-10-23 00:00:00+00:00,0.000457,-5.8841,-0.3919,0.319639,-0.1241,-0.4911,-0.098108,0.038497,-0.0571,-0.0025,-0.305208,-0.096444,-0.6316,0.94406,0.021561,-0.004446
2025-10-24 00:00:00+00:00,-0.000137,7.8926,-0.3645,0.260363,0.0666,-1.4036,-0.060011,-0.021764,0.196,1.6736,-0.226998,-0.05825,-0.8368,0.944384,0.000324,0.00859
2025-10-25 00:00:00+00:00,0.001688,-20.0998,-0.4322,0.258646,-0.1925,-0.1111,-0.066638,-0.001297,0.0057,1.6834,-0.25107,-0.06303,-3.074,0.881106,-0.063279,-0.041393
2025-10-26 00:00:00+00:00,-0.000607,4.0848,-0.4153,0.434034,0.041,-0.0439,-0.215772,-0.013537,-0.0483,1.2596,-0.49626,-0.212801,-1.2903,0.932755,0.051649,-0.011305
2025-10-27 00:00:00+00:00,-0.002304,83.6858,-0.1229,0.288154,0.4462,0.3444,-0.063241,0.024643,-0.0498,0.8213,-0.211679,-0.059507,-0.2822,0.918559,-0.014196,-0.025825
2025-10-28 00:00:00+00:00,0.000309,-67.8456,-0.344,0.423878,-0.2629,-0.1475,-0.114835,-0.008247,-0.1028,-0.1012,-0.269176,-0.113166,0.1691,0.948505,0.029946,0.067399
2025-10-29 00:00:00+00:00,0.000262,21.1719,-0.2596,0.287203,0.177,0.1514,-0.044816,0.008877,0.1233,1.1035,-0.153512,-0.043508,-0.3942,0.946915,-0.00159,0.01416
2025-10-30 00:00:00+00:00,-0.001266,28.4813,-0.1603,0.237135,0.2986,0.574,-0.069015,0.007128,0.0395,1.4748,-0.291141,-0.06658,1.9756,0.916395,-0.03052,-0.002164
2025-10-31 00:00:00+00:00,0.000934,-48.1795,-0.3261,0.263623,-0.4826,0.0249,-0.099512,-0.045048,-0.2052,-0.6225,-0.375212,-0.096345,2.6499,0.916837,0.000442,-0.031668
2025-11-01 00:00:00+00:00,0.002431,-22.3544,-0.4021,0.452119,-0.2304,-0.013,-0.199972,0.003864,0.0136,-0.4763,-0.441529,-0.197944,-1.713,0.946554,0.029717,-0.000361
2025-11-02 00:00:00+00:00,-0.000263,5.4287,-0.3814,0.120107,0.0867,0.0326,-0.044,-0.045925,0.2457,1.9815,-0.355813,-0.040536,-0.4749,0.873983,-0.07257,-0.042412
2025-11-03 00:00:00+00:00,-0.002058,157.4696,0.1611,0.332288,0.8928,0.4792,-0.056691,0.068288,-0.0553,1.4182,-0.165763,-0.054073,-0.3798,0.930693,0.05671,0.013857
2025-11-04 00:00:00+00:00,7.2e-05,258.78,1.0337,0.37546,1.049,1.7911,-0.013533,0.019239,-0.0236,1.173,-0.024994,-0.009093,-0.2462,0.910813,-0.019881,-0.035741
2025-11-05 00:00:00+00:00,-0.002194,-327.0764,-0.0886,0.351852,-1.1567,0.4573,-0.060731,-0.005027,-0.1147,0.0294,-0.169379,-0.058357,-0.7926,0.930055,0.019243,0.056072
2025-11-06 00:00:00+00:00,-3.6e-05,242.2897,0.7316,0.285742,0.325,0.4837,-0.058824,0.015218,0.104,1.0414,-0.202163,-0.056832,-0.2141,0.944276,0.01422,0.013582
2025-11-07 00:00:00+00:00,0.00058,-166.4863,0.1591,0.286662,0.2369,1.2032,-0.062977,-0.003957,-0.0426,0.6116,-0.214261,-0.060234,-0.5477,0.938847,-0.005428,0.028035
2025-11-08 00:00:00+00:00,0.001475,-161.1172,-0.3897,0.377547,-1.3536,0.0799,-0.050323,-0.049475,-0.2041,-1.3799,-0.124718,-0.046045,-1.726,0.88246,-0.056388,-0.047596
2025-11-09 00:00:00+00:00,0.000956,-7.3796,-0.4104,0.417253,-0.0847,-0.0914,-0.013971,-0.01088,0.0607,-0.7851,-0.025238,-0.010359,-1.4417,0.896353,0.013893,-0.047923
2025-11-10 00:00:00+00:00,-0.001937,44.4449,-0.2527,0.353662,0.3758,-0.6084,-0.036519,0.020925,0.0482,-0.3268,-0.09832,-0.034346,-0.0875,0.94043,0.044077,0.001583
2025-11-11 00:00:00+00:00,0.000142,-15.5687,-0.2973,0.392676,-0.1046,-1.7621,0.049318,0.015927,0.0928,0.572,0.132489,0.05146,-0.3933,0.939283,-0.001147,0.056823
2025-11-12 00:00:00+00:00,0.000331,-2.2528,-0.2961,0.359762,-0.0667,-0.672,-0.052826,-0.00528,0.0191,0.7432,-0.143352,-0.051021,-0.6126,0.943068,0.003786,0.046715
2025-11-13 00:00:00+00:00,0.000592,52.6753,-0.1151,0.290043,0.501,-0.496,-0.128126,-0.000224,0.022,0.944,-0.443811,-0.126688,-0.4214,0.946903,0.003834,0.006473
2025-11-14 00:00:00+00:00,-0.000984,6.2696,-0.0961,0.374185,-0.0065,-0.7394,-0.079439,-0.006213,-0.029,0.635,-0.208393,-0.076859,0.0396,0.94126,-0.005642,0.001978
2025-11-15 00:00:00+00:00,0.002053,-88.3154,-0.3974,0.330371,-0.7138,-0.0995,-0.103453,-0.003102,-0.1078,-0.4623,-0.309665,-0.100409,-1.2166,0.89889,-0.04237,-0.044178
2025-11-16 00:00:00+00:00,0.000501,11.1724,-0.3572,0.295582,0.0931,0.0782,-0.047237,0.001045,0.2898,2.3813,-0.150451,-0.043478,-1.0316,0.914743,0.015853,-0.032159
2025-11-17 00:00:00+00:00,-0.001747,53.3894,-0.1746,0.323543,0.5296,0.2321,-0.075972,0.021986,-0.0788,1.5587,-0.227903,-0.071951,-0.4374,0.918396,0.003653,-0.022865
2025-11-18 00:00:00+00:00,-0.000899,-19.334,-0.2391,0.356891,-0.1792,0.1575,-0.089393,-0.003887,-0.0473,1.0725,-0.247808,-0.086757,-0.5855,0.937417,0.019022,0.038527
2025-11-19 00:00:00+00:00,0.000396,26.264,-0.1502,0.356179,0.0743,0.2985,-0.093799,-0.00864,-0.0198,0.8622,-0.259863,-0.09097,-0.3796,0.926256,-0.011161,0.011513
2025-11-20 00:00:00+00:00,-0.000315,47.6238,0.0192,0.46423,0.3275,0.125,-0.088022,-0.016861,0.0439,1.2583,-0.185751,-0.085053,0.1641,0.925895,-0.000361,0.0075
2025-11-21 00:00:00+00:00,0.000504,62.7917,0.2292,0.307066,0.4978,0.6293,-0.029807,0.039744,0.1064,2.1998,-0.094498,-0.028195,-0.7767,0.918722,-0.007173,-0.018695
2025-11-22 00:00:00+00:00,0.001048,-178.9352,-0.3816,0.368399,-1.3173,0.0258,-0.041093,-0.031736,-0.1395,0.8655,-0.107048,-0.038959,-1.209,0.924298,0.005576,-0.001958
2025-11-23 00:00:00+00:00,0.002062,-1.8946,-0.3848,0.06288,-0.0206,-0.0879,-0.01379,0.013691,0.0102,0.9425,-0.215296,-0.013296,-1.0243,0.984929,0.060631,0.059034
2025-11-24 00:00:00+00:00,-0.002149,25.0213,-0.2972,0.405876,0.3229,-0.2946,-0.103478,0.0034,0.0098,1.0133,-0.253325,-0.10163,-0.3666,0.940159,-0.044771,0.021436
2025-11-25 00:00:00+00:00,0.000303,-3.551,-0.3056,0.352635,-0.1347,-0.2501,0.006852,0.006582,-0.0589,0.4575,0.024571,0.008559,0.1245,0.935792,-0.004367,0.011494
2025-11-26 00:00:00+00:00,0.001317,-18.5919,-0.366,0.317656,-0.2032,-0.5275,-0.038488,-0.016277,-0.0593,-0.0952,-0.115714,-0.036207,0.1443,0.92302,-0.012772,-0.061909
2025-11-27 00:00:00+00:00,0.000432,-4.9523,-0.38,0.309715,-0.0443,-0.8993,-0.011574,-0.044375,-0.5108,-4.2764,-0.030964,-0.009428,0.6793,0.911294,-0.011726,-0.028864
2025-11-28 00:00:00+00:00,0.000478,4.774,-0.3631,0.323299,0.0623,-1.3348,-0.043373,0.040967,0.4849,-0.2559,-0.129326,-0.041299,0.3119,0.940993,0.029699,0.005202
2025-11-29 00:00:00+00:00,0.002102,-7.4816,-0.3877,0.370502,-0.082,-0.0995,-0.068011,-0.01338,0.1939,1.3232,-0.178388,-0.064954,-1.8165,0.907208,-0.033785,-0.015812
2025-11-30 00:00:00+00:00,0.000351,-0.4082,-0.3716,0.29881,0.0015,-0.0775,0.019925,-0.020708,-0.4033,-1.9346,0.087216,0.025186,-2.5355,0.866091,-0.041117,-0.045203
2025-12-01 00:00:00+00:00,-0.004267,32.0336,-0.2539,0.360153,0.2092,-0.1911,-0.004074,0.052224,0.3408,0.7915,-0.006534,-0.002323,1.0592,0.938311,0.07222,-0.002683
2025-12-02 00:00:00+00:00,0.00112,-17.1071,-0.3135,0.286989,-0.114,-0.1704,-0.080795,-0.015201,-0.1184,-0.178,-0.279538,-0.078827,1.0974,0.933209,-0.005101,0.026001
2025-12-03 00:00:00+00:00,-0.000262,-15.006,-0.3646,0.344452,-0.078,-0.0453,-0.063668,-0.010689,-0.055,-0.6265,-0.180811,-0.061535,0.9109,0.944147,0.010937,0.078056
2025-12-04 00:00:00+00:00,0.000708,-0.3839,-0.3632,0.335,-0.0012,-0.0021,-0.099856,0.014703,0.0001,-0.6275,-0.294342,-0.097262,0.6033,0.936113,-0.008034,-0.002198
2025-12-05 00:00:00+00:00,0.000208,0.5295,-0.3599,0.34839,-0.0041,-0.0685,-0.145186,-0.018922,0.2743,1.5722,-0.416099,-0.143494,0.2642,0.941733,0.00562,0.008524
2025-12-06 00:00:00+00:00,0.001296,-2.9974,-0.3699,0.283911,-0.0327,-0.0192,0.018503,-0.00248,-0.0397,1.2295,0.077715,0.021501,-1.9014,0.87442,-0.067313,-0.069727
2025-12-07 00:00:00+00:00,0.001612,60.2875,-0.1502,0.407475,0.4441,0.4235,-0.074317,0.002439,-0.0234,1.0199,-0.176399,-0.070657,-1.9383,0.900238,0.025818,-0.035875
2025-12-08 00:00:00+00:00,0.000322,3.8384,-0.1358,0.308647,-0.0426,0.1717,0.001035,0.030115,-0.1056,0.1655,0.013141,0.003979,-0.9491,0.927331,0.027093,-0.014402
2025-12-09 00:00:00+00:00,-0.000474,-10.618,-0.173,0.339882,-0.1017,0.184,-0.024504,0.008487,-0.0416,-0.1724,-0.061531,-0.020319,-0.4451,0.901051,-0.02628,0.026631
2025-12-10 00:00:00+00:00,-0.000923,-21.8048,-0.2515,0.320309,-0.0969,0.165,-0.080482,-0.028515,0.097,0.5898,-0.248157,-0.07802,-0.2241,0.935605,0.034554,0.035368
2025-12-11 00:00:00+00:00,-0.000924,-8.7461,-0.2815,0.330243,-0.063,0.1032,0.000387,0.011906,-0.1125,-0.3291,0.00869,0.002819,-0.0371,0.93426,-0.001345,0.00693
2025-12-12 00:00:00+00:00,3.9e-05,-8.374,-0.3112,0.385116,-0.0324,0.0749,-0.13167,-0.006787,0.2286,1.4902,-0.343047,-0.130753,-0.3768,0.949947,0.015687,0.048896
2025-12-13 00:00:00+00:00,-0.000243,-11.6804,-0.3528,0.243198,-0.0758,0.0318,-0.012203,-0.002873,-0.0827,0.8222,-0.040336,-0.009556,-1.5235,0.905211,-0.044737,-0.030395
2025-12-14 00:00:00+00:00,0.000533,1.1763,-0.3404,0.362519,0.0027,-0.4096,0.076182,0.023096,0.028,1.0249,0.219561,0.078575,-1.587,0.932907,0.027696,-0.001354
2025-12-15 00:00:00+00:00,-0.000513,11.5491,-0.2948,0.281345,0.0861,-0.2808,-0.096914,0.019687,-0.039,0.6925,-0.342939,-0.094722,-0.5229,0.935991,0.003084,-0.013957
2025-12-16 00:00:00+00:00,-0.0006,-11.0891,-0.332,0.340198,-0.0733,-0.2525,-0.081646,-0.007436,-0.1428,-0.4709,-0.238277,-0.080241,0.0843,0.949275,0.013284,0.044064
2025-12-17 00:00:00+00:00,0.000212,7.0424,-0.2965,0.193221,0.016,-0.1396,-0.052934,-0.011849,0.0473,-0.1058,-0.271694,-0.051711,-0.03,0.959542,0.010267,0.026635
2025-12-18 00:00:00+00:00,-0.000586,-1.8716,-0.3006,0.35249,-0.0123,-0.0889,-0.030534,-0.028757,0.0104,-0.0331,-0.082493,-0.028752,0.5834,0.940382,-0.01916,0.004391
2025-12-19 00:00:00+00:00,-0.000178,12.476,-0.2551,0.408663,0.0435,-0.0131,-0.124156,-0.002816,-0.015,-0.167,-0.30234,-0.122617,0.4387,0.955178,0.014796,0.005903
2025-12-20 00:00:00+00:00,0.001126,-22.113,-0.3346,0.203059,-0.0971,-0.0344,-0.051241,0.01345,-0.1327,-1.281,-0.238883,-0.046222,-1.8645,0.851792,-0.103386,-0.10775
2025-12-21 00:00:00+00:00,0.000199,0.485,-0.3298,0.354921,0.0032,-0.034,0.055381,0.057882,0.3857,1.9035,0.171106,0.059485,-2.3812,0.889958,0.038166,-0.050424
2025-12-22 00:00:00+00:00,-0.001665,1.3817,-0.3228,0.301284,0.0123,-0.1078,-0.06652,-0.066476,-0.4239,-1.5519,-0.21693,-0.064453,0.6732,0.936373,0.046415,-0.018805
2025-12-23 00:00:00+00:00,-0.000778,1.5696,-0.3154,0.224627,0.0068,-0.0276,-0.029405,0.041259,-0.1504,-2.631,-0.127017,-0.028168,0.2833,0.955331,0.018958,0.103539
2025-12-24 00:00:00+00:00,-0.00019,-1.4847,-0.3121,0.31567,-0.0121,-0.0557,-0.126877,-0.038949,0.1057,-1.7725,-0.398989,-0.124283,0.4806,0.940054,-0.015277,0.050096
2025-12-25 00:00:00+00:00,0.000802,-0.6399,-0.3113,0.235944,-0.0017,-0.0451,-0.042766,-0.027137,0.3216,0.7446,-0.171839,-0.039448,-0.8303,0.896595,-0.04346,-0.039778
2025-12-26 00:00:00+00:00,-0.000394,5.3131,-0.2911,0.445852,0.0075,-0.0811,-0.069799,0.017272,-0.0201,0.5934,-0.154081,-0.068182,0.2065,0.946131,0.049536,-0.009201
2025-12-27 00:00:00+00:00,0.001046,-5.642,-0.3095,0.173704,-0.0113,0.0047,-0.031542,0.015562,0.0002,0.5891,-0.170335,-0.028657,-1.97,0.902851,-0.04328,-0.037204
2025-12-28 00:00:00+00:00,0.000713,-0.1497,-0.2941,0.300681,-0.0007,0.0008,-0.084124,0.000944,-0.152,-0.59,-0.273746,-0.080393,-1.7822,0.891273,-0.011577,-0.005321
