block_date,deposit_tx_count,deposit_withdrawal_ratio,exchange_volume_ratio,mega_whale_ratio,mega_whale_tx_count,mega_whale_volume_eth,net_flow_ma7,non_exchange_ratio,non_exchange_tx_count,non_exchange_volume_eth,std_whale_tx_size_eth,whale_exchange_deposits_eth,whale_exchange_withdrawals_eth,whale_net_exchange_flow_eth,whale_tx_count,whale_volume_eth,withdrawal_tx_count,btc_price,eth_price,block_fullness_delta_1d,eth_burned_delta_1d,eth_burned_zscore_90d,exchange_flow_share,median_gas_delta_1d,median_gas_delta_7d,net_exchange_flow_ratio,smart_contract_ratio_delta_1d,tx_per_active_delta_1d,tx_per_active_zscore_90d,whale_exchange_asymmetry,whale_exchange_flow_ratio,whale_tx_zscore_90d,whale_volume_ratio,whale_volume_ratio_delta_1d,whale_volume_ratio_delta_3d
2017-10-16 00:00:00+00:00,9,0.5146,0.0902,0.8971,149,333562.9927,10749.2728,0.9098,176,338263.5592,2310.607296,11397.8066,22147.0794,10749.2728,190,371808.4451,5,5728.93275055115,331.967214731027,,,0.0,0.015021,,,0.002401,,,0.0,0.274629,0.001739,0.0,0.237421,,
2017-10-17 00:00:00+00:00,21,1.5295,0.0885,0.9456,185,1055397.6419,-4967.8372,0.9115,214,1017313.5166,13716.20324,59752.908,39067.9609,-20684.9471,250,1116134.3855,15,5643.85907705172,317.898212514702,-0.145119,,0.0,0.015033,-10.0808,,-0.000963,8.3e-05,-0.0661,-0.7071,-0.187957,-0.001727,0.7071,0.265178,0.027758,
2017-10-18 00:00:00+00:00,5,1.6254,0.0414,1.0,349,987235.5856,-6557.8066,0.9586,339,946356.5917,3957.459236,25308.3697,15570.6242,-9737.7455,349,987235.5856,5,5592.78222421231,314.456554240651,-0.057348,,0.0,0.010296,2.4649,,-0.000241,0.024143,0.0456,0.2477,-0.250389,-0.000781,0.0901,0.199802,-0.065376,
2017-10-19 00:00:00+00:00,6,0.1403,0.1034,0.7803,217,422143.005,5622.0035,0.8966,324,485045.3678,2819.239036,6879.7978,49041.2315,42161.4337,336,540966.3971,6,5696.38014134367,308.4746839282341,0.058294,,0.0,0.008123,0.5795,,0.003385,0.043882,0.0392,0.9788,0.753946,0.00341,0.2059,0.194496,-0.005306,-0.042924
2017-10-20 00:00:00+00:00,11,0.9605,0.0619,0.836,212,544851.5549,4660.2145,0.9381,298,611388.4089,3236.014159,19776.4748,20589.5335,813.0587,319,651754.4171,10,5952.7713587923,302.35649692557024,0.062177,,0.0,0.007958,-3.6454,,0.00145,-0.022849,0.0256,1.1727,0.020142,7.2e-05,0.2428,0.222178,0.027682,-0.043
2017-10-21 00:00:00+00:00,6,1.3043,0.0454,0.8181,216,377349.179,3422.1878,0.9546,291,440298.6394,1251.602631,11862.6881,9094.7423,-2767.9458,300,461256.0698,3,6043.96673129542,300.69384596228315,-0.202802,,0.0,0.006499,0.9719,,0.000343,-0.019961,-0.3122,-1.9276,-0.154623,-0.000354,0.1214,0.225166,0.002988,0.025364
2017-10-22 00:00:00+00:00,3,0.8243,0.0413,0.9336,245,407455.6346,3181.2474,0.9587,267,418425.9612,2037.817491,8144.3796,9879.985,1735.6054,274,436450.3258,4,6003.4640189335,295.4882479105146,-0.017633,,0.0,0.006439,-2.8054,,0.00119,-0.039965,-0.3126,-2.0148,0.044287,9.1e-05,0.6243,0.269289,0.044123,0.074792
2017-10-23 00:00:00+00:00,18,6.1642,0.168,0.9469,327,1141324.5286,-19202.1859,0.832,366,1002838.4529,10204.588172,174193.8304,28259.0694,-145934.7609,391,1205291.3527,7,5959.98304059248,289.4140251237576,0.11232,,0.0,0.032022,7.2091,-5.3062,0.000368,-0.013391,0.3885,-0.2794,-0.047931,-0.001245,0.764,0.252705,-0.016584,0.030527
2017-10-24 00:00:00+00:00,10,1.1579,0.0809,0.7571,207,562595.3435,-16875.447,0.9191,368,682979.3954,2854.628666,32252.9981,27855.2233,-4397.7748,388,743087.6168,10,5550.08158528565,298.75573430773346,0.106313,,0.0,0.011291,-1.5202,3.2544,6.2e-05,0.054463,0.1247,0.2949,-0.070421,-0.000349,0.5353,0.218392,-0.034313,-0.006774
2017-10-25 00:00:00+00:00,6,2.5878,0.0538,0.7867,161,492745.5496,-17616.5832,0.9462,285,592598.0784,3180.067004,24325.6983,9400.0,-14925.6983,295,626323.7767,4,5704.87480650775,298.4839668215046,0.001277,,0.0,0.008636,-5.0189,-4.2293,-0.001138,0.059462,0.1506,0.9487,-0.442562,-0.001468,-0.3804,0.238995,0.020603,-0.030294
2017-10-26 00:00:00+00:00,10,0.7819,0.1126,0.788,157,441412.8214,-22537.1247,0.8874,260,497122.7981,3089.308402,27667.8868,35385.53,7717.6432,277,560176.2149,7,5883.05318447111,295.7078546189935,-0.010509,,0.0,0.012131,0.3157,-4.4931,0.001895,-0.011827,-0.1416,0.2246,0.086774,0.000596,-0.3361,0.241486,0.002491,-0.011219
2017-10-27 00:00:00+00:00,3,0.384,0.0396,1.0,275,507413.8203,-21374.0733,0.9604,268,487295.1218,2061.391479,5582.1402,14536.5583,8954.4181,275,507413.8203,4,5775.51666530736,297.9291296930045,0.008863,,0.0,0.005764,-0.0971,-0.9448,0.001572,0.004979,0.0859,0.6399,0.403519,0.000865,-0.6044,0.224324,-0.017162,0.005932
2017-10-28 00:00:00+00:00,1,1.2878,0.0253,1.0,257,443776.5297,-21180.0825,0.9747,254,432566.5397,1020.161497,6310.0,4899.99,-1410.01,257,443776.5297,2,5734.30745398276,296.4649529071602,-0.054352,,0.0,0.003869,-2.5863,-4.503,0.00061,-0.058103,-0.1004,0.0904,-0.21448,-0.000213,-0.8772,0.217211,-0.007112,-0.021783
2017-10-29 00:00:00+00:00,3,1.2638,0.0326,1.0,266,563534.1914,-21733.6675,0.9674,260,545175.7018,3431.754831,10248.9896,8109.5,-2139.4896,266,563534.1914,3,6123.54977135535,303.74113040048763,0.016334,,0.0,0.005335,-0.6286,-2.3262,0.000872,0.002918,0.0111,0.148,-0.171802,-0.000293,-0.6739,0.24584,0.028628,0.004354
2017-10-30 00:00:00+00:00,6,3.5601,0.0196,0.8917,238,623453.4962,-1983.03,0.9804,306,685527.0618,2654.277798,10680.2984,3000.0,-7680.2984,314,699207.3601,2,6104.38870915078,306.2494615338919,0.05794,,0.0,0.005375,2.7188,-6.8165,-0.000221,-0.008455,0.1656,1.0445,-0.561413,-0.00071,0.2202,0.235811,-0.010029,0.011487
2017-10-31 00:00:00+00:00,4,0.4672,0.0443,0.6911,177,371970.0743,-118.4235,0.9557,333,514380.3283,1659.275475,7588.8758,16243.3461,8654.4703,344,538212.5502,7,6368.65164135745,303.54211702851427,0.047884,,0.0,0.006953,0.8804,-4.4159,0.001758,0.061924,-0.0177,0.8869,0.388215,0.000839,0.5746,0.215709,-0.020102,-0.001503
2017-11-01 00:00:00+00:00,6,4.2402,0.0265,1.0,317,770143.1135,209.4459,0.9735,309,749716.3111,2733.854023,16528.7073,3898.095,-12630.6123,317,770143.1135,2,6714.78898671902,292.33053872865435,0.012651,,0.0,0.007933,3.0441,3.647,0.001209,-0.013904,-0.1431,0.0409,-0.40799,-0.000728,1.1893,0.243874,0.028165,-0.001966
2017-11-02 00:00:00+00:00,19,1.2022,0.0828,0.8243,327,729655.4532,-1853.9671,0.9172,450,811963.5703,2134.214375,39998.5329,33272.285,-6726.2479,483,885234.3882,14,7059.7938605488,287.0696687458828,0.00711,,0.0,0.010797,5.3932,8.7245,0.000449,-0.021144,-0.1183,-0.6534,-0.099799,-0.000483,2.1428,0.199685,-0.044189,-0.036126
2017-11-03 00:00:00+00:00,6,0.8354,0.0438,0.7367,211,471349.697,-2774.422,0.9562,370,611832.2603,1989.191571,12746.888,15258.122,2511.234,380,639837.2703,4,7234.73838202036,305.8432726789198,-0.061221,,0.0,0.007398,-8.0253,0.7962,0.000971,-0.013494,0.1902,0.5088,0.119201,0.000278,0.3692,0.20495,0.005265,-0.010759
2017-11-04 00:00:00+00:00,5,1.1831,0.0363,0.7162,135,299412.0326,-2754.7706,0.9637,245,402901.6672,2597.752713,8220.4158,6947.9656,-1272.4501,254,418070.0486,4,7390.53522652395,299.9549103522952,-0.145137,,0.0,0.007023,-2.9029,0.4797,0.001159,-0.036268,0.0282,0.6628,-0.07484,-0.00015,-1.2292,0.241738,0.036788,-0.002136
2017-11-05 00:00:00+00:00,0,0.0,0.0078,0.839,195,322846.583,-2019.6292,0.9922,255,381795.1207,1371.666148,0.0,3006.5,3006.5,257,384801.6207,2,7416.26795098255,297.5173231052644,-0.06982,,0.0,0.005743,-1.3926,-0.2843,0.002187,0.001344,0.0146,0.729,1.0,0.000614,-1.465,0.246406,0.004668,0.046721
2017-11-06 00:00:00+00:00,12,1.8351,0.0848,0.9629,262,672814.1204,-3416.9362,0.9152,270,639481.2314,3045.077917,38370.2319,20908.7842,-17461.4477,288,698760.2474,6,7103.04608116249,301.370794552855,0.06431,,0.0,0.013307,-0.5499,-3.5529,-0.000671,0.000432,-0.0945,0.1121,-0.26274,-0.001816,-0.1602,0.262102,0.015696,0.057152
2017-11-07 00:00:00+00:00,9,1.0834,0.0705,0.8191,204,558442.8257,-4928.0984,0.9295,310,633750.5449,3182.091994,24993.9417,23070.2772,-1923.6645,328,681814.7639,9,7166.74137167631,295.23511338265723,0.040108,,0.0,0.014445,1.9456,-2.4877,0.002392,0.018502,0.0682,0.5506,0.013717,9e-05,-0.4594,0.291637,0.029535,0.049899
2017-11-08 00:00:00+00:00,14,5.6165,0.2008,0.914,300,1239657.0676,-30271.7458,0.7992,381,1083994.3978,11947.58133,231201.0066,41164.8619,-190036.1447,417,1356360.2664,22,7461.82443491069,308.9339866357258,0.011662,,0.0,0.04735,3.4756,-2.0562,0.001261,0.029949,-0.0968,-0.102,-0.021501,-0.00087,1.0014,0.29273,0.001093,0.046324
2017-11-09 00:00:00+00:00,4,1.1939,0.0269,1.0,416,2449024.2823,-30141.8521,0.9731,407,2383207.3108,12189.035955,35816.9815,29999.99,-5816.9915,416,2449024.2823,5,7186.29277509382,322.32952048358885,0.040581,,0.0,0.01114,6.2296,-1.2197,0.001153,-0.002819,-0.0833,-0.6586,-0.065282,-0.000257,-0.3034,0.36559,0.07286,0.103488
2017-11-10 00:00:00+00:00,10,1.2308,0.0546,0.9214,350,842911.3103,-31238.2221,0.9454,407,864924.2349,3061.971658,27538.9563,22375.6,-5163.3563,422,914838.7913,5,6656.83969350681,301.3549333527746,-0.040183,,0.0,0.01049,-2.258,4.5476,-0.000665,-0.017659,-0.009,-0.7008,-0.103444,-0.000382,1.3171,0.224044,-0.141546,-0.067593
2017-11-11 00:00:00+00:00,6,4.5565,0.0345,1.0,328,827092.1851,-33667.911,0.9655,320,798531.9232,3135.050769,23420.2669,5139.995,-18280.2719,328,827092.1851,2,6365.39785208573,316.2583419604271,-0.021558,,0.0,0.009015,3.7811,11.2315,-0.00049,0.018297,0.0334,-0.4548,-0.547886,-0.00138,-0.5698,0.206254,-0.01779,-0.086476
2017-11-12 00:00:00+00:00,8,1.1407,0.0454,0.936,466,1153512.4413,-34622.1777,0.9546,529,1176539.8837,3488.432598,29788.1856,26114.8181,-3673.3675,545,1232442.8873,8,5866.51312938529,314.1661277072687,0.007942,,0.0,0.01054,2.5837,15.2078,0.001023,-0.031827,-0.0796,-0.9895,-0.081063,-0.000268,1.8435,0.195378,-0.010876,-0.170212
2017-11-13 00:00:00+00:00,9,1.3161,0.1049,0.8293,272,721131.9103,-33905.9667,0.8951,404,778311.1274,2012.630641,51825.8729,39377.9022,-12447.9707,421,869514.9025,8,6423.09140246102,315.34395637188766,0.039991,,0.0,0.015677,-0.3245,15.4331,0.001484,0.005052,0.0773,-0.4261,-0.071692,-0.000618,0.9625,0.252366,0.056988,0.028323
2017-11-14 00:00:00+00:00,14,1.4828,0.0656,0.9226,334,1263770.3049,-36126.5346,0.9344,410,1279955.6299,12040.449387,53646.4147,36178.7753,-17467.6393,441,1369780.8199,17,6652.21677956026,338.937627406501,0.044339,,0.0,0.015693,0.1841,13.6716,0.000998,0.01863,-0.059,-0.8315,-0.098943,-0.000884,1.288,0.297014,0.044648,0.09076
2017-11-15 00:00:00+00:00,16,1.3234,0.0746,0.9554,418,1453920.9584,-11236.1592,0.9254,452,1408234.9334,3682.669256,64667.9837,48864.4666,-15803.5171,486,1521767.3837,18,7297.66883633256,334.286932546348,0.020667,,0.0,0.012223,-0.1726,10.0234,0.002079,-0.017636,0.0097,-0.7416,-0.119769,-0.000831,3.3026,0.260101,-0.036913,0.064723
2017-11-16 00:00:00+00:00,6,1.6494,0.0241,0.8507,338,705689.126,-11104.7007,0.9759,451,809556.1894,2082.997532,12436.9768,7540.195,-4896.7818,462,829533.3612,5,7814.9444036566,330.021315646911,-0.035045,,0.0,0.00695,-5.2906,-1.4968,0.001292,0.019487,0.0169,-0.6036,-0.245119,-0.00032,1.1903,0.198777,-0.061324,-0.053589
2017-11-17 00:00:00+00:00,7,0.5813,0.0305,0.7835,295,663154.7438,-9390.6635,0.9695,462,820617.287,2318.860617,9488.164,16323.0678,6834.9037,479,846428.5188,10,7783.54246476388,333.351255037181,0.022789,,0.0,0.006353,-1.6274,-0.8662,0.001889,-0.017436,-0.0776,-1.1397,0.314902,0.000566,1.6533,0.207758,0.008981,-0.089256
2017-11-18 00:00:00+00:00,7,13.5222,0.0404,0.6271,180,341585.2267,-9491.5314,0.9596,376,522654.3129,1459.597464,20502.5642,1516.2171,-18986.3471,384,544673.0942,1,7827.63146946899,348.74721545667,-0.051785,,0.0,0.006882,-2.838,-7.4853,0.000903,0.036857,0.1507,-0.0226,-0.385044,-0.000893,0.3753,0.199557,-0.008201,-0.060545
2017-11-19 00:00:00+00:00,9,0.4329,0.0749,0.6818,194,458236.6137,-6119.1066,0.9251,387,621726.6447,2703.466993,15218.3325,35151.9388,19933.6062,409,672096.916,13,8011.14742989044,353.43572964676,-0.017984,,0.0,0.010646,2.3867,-7.6823,0.003294,-0.00605,-0.0602,-0.4676,0.37833,0.001644,0.6872,0.217603,0.018046,0.018825
2017-11-20 00:00:00+00:00,19,18.1754,0.1281,0.9418,331,1710888.5843,-34108.8721,0.8719,412,1584006.1925,14259.881071,220508.6116,12132.2823,-208376.3293,437,1816647.0864,6,8220.50996617654,365.786815977961,0.057988,,0.0,0.02888,5.628,-1.7298,-0.000506,0.002333,-0.0182,-0.5949,-0.068462,-0.001689,0.948,0.237859,0.020256,0.030101
2017-11-21 00:00:00+00:00,15,0.9583,0.0435,0.8962,337,1379501.3368,-31409.7055,0.9565,476,1472235.0953,26471.513553,32786.4083,34212.9354,1426.527,497,1539234.439,6,8114.13367954416,361.055822571048,-0.00295,,0.0,0.009832,1.9627,0.0488,0.001136,-0.033917,-0.0152,-0.6972,-0.007613,-3.2e-05,1.816,0.244757,0.006898,0.0452
2017-11-22 00:00:00+00:00,5,1.2832,0.0259,0.8614,285,1152600.6552,-29765.3107,0.9741,457,1303491.7713,11128.319519,19449.4385,15156.685,-4292.7535,471,1338097.8948,9,8257.12389528835,379.409057274538,-0.004266,,0.0,0.00642,-1.4398,-1.2184,0.001242,0.022826,0.0578,-0.2464,-0.06702,-0.000147,1.8686,0.231173,-0.013584,0.01357
2017-11-23 00:00:00+00:00,19,1.0091,0.0702,0.8283,427,984659.6099,-29119.7076,0.9298,588,1105358.0126,2542.902183,41891.8328,41514.2724,-377.5604,632,1188764.1178,25,8117.66434762603,412.557611501513,0.022281,,0.0,0.012926,-2.2593,1.8129,0.001652,0.015335,-0.091,-0.9367,0.047184,0.000269,1.9108,0.220892,-0.010281,-0.016967
2017-11-24 00:00:00+00:00,19,0.8745,0.0914,0.9174,420,962658.2618,-29179.2869,0.9086,464,953465.3656,1936.48902,44728.8842,51146.7327,6417.8485,507,1049340.9825,24,8278.12843633886,475.002014978137,-0.014098,,0.0,0.014448,0.76,4.2003,0.001921,-0.023543,0.0608,-0.4525,0.087104,0.000657,1.8024,0.245919,0.025028,0.001162
2017-11-25 00:00:00+00:00,15,1.1567,0.0616,0.81,308,786636.7975,-27088.1842,0.9384,461,911301.7902,3385.720781,32103.0909,27754.4629,-4348.628,493,971159.344,17,8743.1593779107,467.446390045639,0.028893,,0.0,0.008335,-9.2953,-2.257,0.000962,-0.003866,0.1792,0.9461,-0.086716,-0.000327,1.3393,0.209585,-0.036334,-0.021588
2017-11-26 00:00:00+00:00,9,0.8767,0.0525,0.6043,169,426896.1802,-29587.9247,0.9475,431,669363.3309,3171.78661,17318.9615,19754.3845,2435.4229,451,706436.6769,11,9342.98864142167,468.998099373249,0.010348,,0.0,0.006519,5.7479,1.1043,0.001156,0.025576,-0.2402,-0.9393,0.110302,0.000275,1.0553,0.194064,-0.015521,-0.026828
2017-11-27 00:00:00+00:00,23,3.3169,0.193,0.8242,382,1005647.2557,-17870.9241,0.807,544,984701.4522,6156.767982,180893.9544,54536.6293,-126357.325,597,1220132.0359,30,9831.40292992241,484.362624150733,0.080414,,0.0,0.023399,4.0527,-0.471,0.001414,-0.044858,-0.0074,-0.9754,0.01492,0.00028,3.1905,0.221522,0.027457,-0.024398
2017-11-28 00:00:00+00:00,17,0.41,0.0879,0.7999,498,1045715.5895,-11206.9233,0.9121,720,1192347.7595,1817.787838,33411.6616,81486.1938,48074.5322,760,1307245.6149,23,10257.0674169803,474.182894748523,-0.008526,,0.0,0.00903,2.2884,-0.1453,0.003229,-0.009798,-0.0346,-1.2144,0.428022,0.002064,2.8683,0.180599,-0.040922,-0.028986
2017-11-29 00:00:00+00:00,19,0.7683,0.0671,0.837,590,1404212.9132,-8487.6857,0.9329,819,1565110.6692,4189.974941,48892.9504,63634.8601,14741.9098,864,1677638.4797,26,9875.89230818829,428.345443336342,-0.02037,,0.0,0.00845,0.2369,1.5314,0.001754,0.007102,-0.1014,-1.9075,0.173266,0.000743,3.2857,0.184376,0.003777,-0.009688
2017-11-30 00:00:00+00:00,25,1.3137,0.0509,0.7657,508,1147635.0171,-9910.9149,0.9491,827,1422573.2207,3966.650142,43299.0748,32958.9104,-10340.1644,861,1498831.2059,9,10406.18772373,454.160981519821,-0.020491,,0.0,0.007725,-0.3278,3.4629,0.000329,-0.000901,0.0562,-1.4277,-0.14223,-0.000436,2.5827,0.1777,-0.006676,-0.043821
2017-12-01 00:00:00+00:00,11,1.4095,0.0725,0.6534,281,668379.0214,-12627.9072,0.9275,616,948749.1043,2792.449848,43374.3068,30773.2087,-12601.0981,638,1022896.6197,11,10995.7235531179,469.863479570669,0.073714,,0.0,0.0075,-7.2589,-4.556,0.000691,0.023698,0.0155,-1.273,-0.186533,-0.000682,1.8102,0.184489,0.006789,0.00389
2017-12-02 00:00:00+00:00,10,1.4657,0.0239,0.5261,217,455232.1538,-12565.8787,0.9761,614,844596.1357,1767.008778,12319.1316,8404.7037,-3914.4279,629,865319.9711,5,11162.5450307617,469.857050536754,-0.030773,,0.0,0.004062,-1.6157,3.1235,0.000469,0.020702,-0.0286,-1.4385,-0.2636,-0.0003,1.5441,0.166099,-0.01839,-0.018277
2017-12-03 00:00:00+00:00,7,2.1674,0.0172,0.3372,141,281683.3002,-13671.9365,0.9828,694,821011.8259,996.169341,9852.8772,4545.895,-5306.9822,704,835410.5981,3,11256.7018287538,461.880481908051,0.072409,,0.0,0.008279,1.7879,-0.8366,-0.003831,0.03031,0.0143,-1.2957,-0.138071,-0.000162,2.373,0.186122,0.020023,0.008421
2017-12-04 00:00:00+00:00,11,1.0917,0.024,0.4056,204,479430.0328,4201.2303,0.976,900,1153699.4952,3356.450752,14821.1473,13575.99,-1245.1573,918,1182096.6325,7,11634.9849554034,472.252735495896,0.100732,,0.0,0.005406,7.4151,2.5259,0.000978,-0.001523,0.1564,-0.1444,-0.096016,-0.000149,2.6613,0.216961,0.030839,0.032472
2017-12-05 00:00:00+00:00,23,2.294,0.0493,0.7294,253,1062466.1088,-6694.6012,0.9507,804,1384845.4482,5600.649628,49986.6535,21790.3656,-28196.2879,846,1456622.4673,19,12174.2537397926,467.016662982671,0.017037,,0.0,0.015819,9.7295,9.9669,-0.000464,-0.005379,-0.2097,-1.6385,-0.366787,-0.002824,2.286,0.312183,0.095222,0.146084
2017-12-06 00:00:00+00:00,105,1.012,0.2341,0.5724,316,1327780.6198,-9262.8164,0.7659,1663,1776723.2147,5866.716356,273173.0797,269937.483,-3235.5967,1876,2319833.7774,108,13876.4735794148,448.328222164605,-0.011627,,0.0,0.054274,10.4352,20.1652,0.000951,-0.087065,-0.1631,-2.6046,0.005851,0.000246,3.8731,0.241001,-0.071182,0.054879
2017-12-07 00:00:00+00:00,85,0.8943,0.4507,0.8193,356,2115131.9114,1491.2774,0.5493,1020,1417990.3701,15989.930023,549294.0618,614232.5536,64938.4918,1161,2581516.9855,56,18491.1815542282,451.825581860168,0.030961,,0.0,0.118962,19.6761,40.1692,0.00411,0.113941,0.158,-1.4761,0.04841,0.005289,1.4164,0.312552,0.071552,0.095592
2017-12-08 00:00:00+00:00,81,1.8059,0.4356,0.7417,368,1182342.4604,-25199.196,0.5644,796,899694.3651,7374.848774,446889.9582,247455.5465,-199434.4118,1013,1594039.8698,136,16908.0049521112,467.881662612901,0.011742,,0.0,0.118634,-2.9551,44.473,0.009193,-0.009786,0.0131,-1.3507,0.029555,0.003151,2.3104,0.273051,-0.039501,-0.039132
2017-12-09 00:00:00+00:00,71,0.9579,0.3011,0.6136,211,534576.8698,-23834.5622,0.6989,628,608896.0504,2313.849158,128332.9844,133970.9934,5638.009,805,871200.0282,106,15266.4263894651,482.035518858509,0.004725,,0.0,0.064214,-1.8644,44.2243,0.002047,0.025657,-0.0461,-1.6046,0.03723,0.001669,1.5997,0.227606,-0.045445,-0.013395
2017-12-10 00:00:00+00:00,69,1.2011,0.2688,0.752,238,853335.3326,-27057.545,0.7312,583,829710.7316,3842.631297,166431.5451,138563.6829,-27867.8622,734,1134705.9596,82,15808.5098961544,446.691058078548,-0.016748,,0.0,0.06642,-13.5049,28.9316,0.000255,0.004481,0.0352,-1.3372,-0.082838,-0.004388,1.7324,0.274128,0.046522,-0.038424
2017-12-11 00:00:00+00:00,71,0.98,0.3877,0.7683,273,791623.4916,-26302.8808,0.6123,566,630904.996,2692.685835,197731.6617,201769.1536,4037.4919,723,1030405.8114,86,17106.5051488871,509.000876237775,-0.009794,,0.0,0.085312,-7.4182,14.0983,0.004211,-0.058927,-0.0768,-1.7718,0.024645,0.001611,2.6789,0.276023,0.001895,0.002972
2017-12-12 00:00:00+00:00,73,0.8228,0.1983,0.8069,439,1760426.2344,-16266.8749,0.8017,960,1749224.6592,5521.359694,195271.8897,237327.6432,42055.7535,1126,2181824.1922,93,17249.920214656,661.841332287634,0.000288,,0.0,0.049276,-0.0446,4.3243,0.004199,-0.007125,-0.0447,-1.9692,0.101707,0.003498,2.4601,0.321866,0.045844,0.09426
2017-12-13 00:00:00+00:00,127,0.9932,0.2977,0.6915,475,1434505.5116,-15505.4145,0.7023,1212,1456960.2841,2762.86666,307773.9573,309868.5834,2094.6262,1470,2074602.8248,131,16525.0444892988,709.883193572531,-0.02168,,0.0,0.080571,-3.8518,-9.9627,0.005065,-0.038182,-0.0127,-1.9615,0.026756,0.001792,1.7411,0.270528,-0.051338,-0.0036
2017-12-14 00:00:00+00:00,100,1.4117,0.212,0.7055,521,1573964.9511,-36314.4868,0.788,1343,1758158.5068,3687.343112,276807.7021,196082.6882,-80725.0139,1585,2231048.8972,142,16865.3616648753,704.621843737326,0.0457,,0.0,0.055047,10.9317,-18.7072,-0.003702,-0.012459,-0.035,-2.0752,-0.136595,-0.006108,2.7812,0.262717,-0.007811,-0.013306
2017-12-15 00:00:00+00:00,103,1.03,0.2948,0.6512,335,1009622.0766,-8787.5206,0.7052,1140,1093392.0343,2740.796895,231861.4709,225115.8222,-6745.6487,1339,1550369.3273,96,17978.6305581344,693.09706413276,-0.046889,,0.0,0.061438,-11.5517,-27.3038,0.003582,0.011345,0.0876,-1.5147,-0.009239,-0.000454,2.5993,0.25548,-0.007237,-0.066387
2017-12-16 00:00:00+00:00,117,3.163,0.3383,0.6786,217,775619.4912,-38291.0712,0.6617,1174,756340.2777,6139.493588,293762.7811,92875.9357,-200886.8454,1401,1142978.9946,110,19665.3949272416,702.244612799479,-0.003228,,0.0,0.086394,-4.3885,-29.8279,0.006707,0.017573,0.0765,-1.0496,0.050796,0.00393,2.2494,0.197405,-0.058074,-0.073123
2017-12-17 00:00:00+00:00,92,1.5596,0.1742,0.621,185,617655.0132,-39721.0695,0.8258,1167,821413.913,2259.874448,105565.1054,67687.2554,-37877.85,1347,994666.2738,88,19423.5801532525,728.700471211578,-0.013512,,0.0,0.033997,-2.3839,-18.707,-3.1e-05,0.021888,-0.0044,-1.0569,-0.11836,-0.002917,2.0411,0.180632,-0.016773,-0.082085
2017-12-18 00:00:00+00:00,108,1.0872,0.2702,0.6373,278,843888.4377,-42432.6175,0.7298,1304,966413.8021,1971.194315,186388.3763,171445.0321,-14943.3443,1546,1324247.2105,134,19188.0539569348,798.115404033608,0.032155,,0.0,0.05478,-1.8044,-13.0932,0.002328,-0.033658,-0.0913,-1.5464,-0.022083,-0.000973,2.5837,0.216232,0.0356,-0.039247
2017-12-19 00:00:00+00:00,155,1.2429,0.2654,0.6227,376,1115218.4916,-55796.7397,0.7346,1598,1315600.503,1998.425857,263449.9702,211956.8683,-51493.1019,1911,1791007.3416,158,18174.1867596316,829.989201766042,0.033039,,0.0,0.057861,12.0655,-0.9831,-0.001941,-0.041092,0.0785,-1.0754,-0.105701,-0.004809,2.8942,0.217329,0.001097,0.019924
2017-12-20 00:00:00+00:00,104,1.1434,0.227,0.574,382,1112139.7978,-60299.8315,0.773,1788,1497726.3514,1912.739895,234669.566,205242.5496,-29427.0164,2048,1937638.467,156,17059.8883502646,813.403602277568,-0.033913,,0.0,0.046781,6.6712,9.5399,0.001312,-0.028514,-0.1607,-1.9271,-0.041023,-0.001535,1.7579,0.200679,-0.016651,0.020047
2017-12-21 00:00:00+00:00,150,1.1206,0.1877,0.6131,308,1038875.1296,-51351.1449,0.8123,1888,1376348.408,3000.247806,168055.3585,149971.1511,-18084.2074,2246,1694374.9177,208,16355.2382257401,812.885159103535,0.027959,,0.0,0.033975,0.2576,-1.1342,0.002003,0.002423,-0.0014,-1.8683,-0.012437,-0.000325,2.903,0.172096,-0.028582,-0.044136
2017-12-22 00:00:00+00:00,219,1.0082,0.296,0.6511,547,1431561.6579,-50768.3412,0.704,1701,1548080.6498,2072.096063,326711.8427,324045.8198,-2666.0229,2168,2198838.3124,248,14084.8249267767,669.276492289395,-0.024476,,0.0,0.059999,0.0,10.4175,-0.000165,-0.002063,-0.0493,-2.0557,-0.003323,-0.000164,3.1545,0.208061,0.035964,-0.009269
2017-12-23 00:00:00+00:00,117,0.5695,0.2189,0.5064,210,497875.1875,-13636.6355,0.7811,1401,768013.1685,1055.038179,78089.9839,137125.0782,59035.0943,1686,983228.2307,168,15241.9164656487,715.719068265809,-0.060113,,0.0,0.033123,-9.7279,5.0781,0.009159,0.025551,0.0821,-1.5726,0.283864,0.007109,1.6348,0.153768,-0.054292,-0.04691
2017-12-24 00:00:00+00:00,103,1.8321,0.1748,0.6221,259,651076.645,-15903.0798,0.8252,949,863685.2157,2932.365558,118328.5305,64585.5701,-53742.9604,1131,1046599.3163,79,14451.1145466743,686.208308919806,-0.044481,,0.0,0.037726,-1.611,5.851,-0.004608,0.043664,0.1635,-0.6959,-0.192459,-0.00563,1.0335,0.205527,0.051758,0.033431
2017-12-25 00:00:00+00:00,62,0.9543,0.275,0.6811,263,774801.5887,-12723.4254,0.725,734,824678.8681,4468.45379,152772.3157,160086.5525,7314.2368,903,1137537.7363,107,14302.7537081839,733.902545910265,-0.067532,,0.0,0.067225,-7.6611,-0.0057,0.005589,-0.021961,-0.094,-1.1771,0.047818,0.002736,0.9212,0.275022,0.069496,0.066962
2017-12-26 00:00:00+00:00,47,1.1105,0.1241,0.6673,304,1058957.3408,-6840.4455,0.8759,1082,1389939.577,3574.41727,103639.6168,93327.3745,-10312.2423,1205,1586906.5683,76,16616.6820570844,774.110198124999,0.043224,,0.0,0.035836,0.0,-12.0712,0.00271,0.001369,-0.0426,-1.3753,0.000982,2.6e-05,1.1025,0.293919,0.018897,0.140151
2017-12-27 00:00:00+00:00,84,1.1316,0.1874,0.6129,244,754626.7281,-4671.3682,0.8126,1412,1000594.8066,1919.625207,122470.1612,108226.6854,-14243.4758,1595,1231291.6531,99,16373.0810795739,764.967062014162,0.062236,,0.0,0.034335,-0.8018,-19.5442,0.001294,0.009772,0.0951,-0.8619,-0.033736,-0.000857,0.7257,0.173211,-0.120708,-0.032315
2017-12-28 00:00:00+00:00,59,0.9377,0.2356,0.5282,261,904622.1859,-236.064,0.7644,1582,1309171.8356,2613.356135,195232.1628,208195.0852,12962.9224,1726,1712599.0837,85,15067.8994980567,736.840047017461,0.007562,,0.0,0.043781,-0.1982,-20.0,0.003573,-0.021153,-0.0515,-1.1171,0.033021,0.001136,1.796,0.206536,0.033325,-0.068486
2017-12-29 00:00:00+00:00,51,1.0927,0.1063,0.8184,1239,2713405.9761,-2086.9449,0.8937,2038,2962858.4601,5549.283945,184079.8673,168457.6779,-15622.1894,2155,3315396.0053,66,15096.5594360709,755.343641318154,0.060231,,0.0,0.035349,0.0,-20.0,0.001609,-0.025537,-0.0951,-1.5813,-0.013141,-0.000354,2.7414,0.304158,0.097622,0.010239
2017-12-30 00:00:00+00:00,99,1.3028,0.2238,0.6137,362,1132496.1304,-18280.1723,0.7762,2459,1432432.6398,2402.063928,233676.1765,179358.6791,-54317.4974,2696,1845467.4954,138,13620.3618741461,736.909191519636,-0.038232,,0.0,0.033317,0.0,-10.2721,-0.001755,-0.022971,-0.0463,-1.7727,-0.117867,-0.003111,2.4593,0.153976,-0.150183,-0.019236
2017-12-31 00:00:00+00:00,46,5.6144,0.2337,0.6602,225,931094.2667,-43444.7159,0.7663,1465,1080797.9922,5819.206554,279715.7779,49821.0123,-229894.7656,1573,1410334.7824,62,14839.5907854184,774.696255457107,-0.042963,,0.0,0.069097,0.7794,-7.8817,-0.000224,0.040013,0.1878,-0.7964,-0.028926,-0.001782,1.5682,0.219583,0.065607,0.013047
2018-01-01 00:00:00+00:00,56,1.8264,0.1927,0.6297,239,685754.3284,-53256.7934,0.8073,1038,879142.1461,2121.796481,135629.8804,74259.5745,-61370.3059,1171,1089031.6011,77,14093.6068305274,776.080330355968,-0.015187,,0.0,0.037468,-0.7123,-0.9329,-0.004583,0.012136,-0.1369,-1.4725,-0.24217,-0.006898,1.1272,0.198727,-0.020856,-0.105431
2018-01-02 00:00:00+00:00,146,1.1893,0.238,0.6482,394,1316041.7947,-57752.9616,0.762,1896,1546981.6605,3152.438167,262482.8098,220697.39,-41785.4198,2214,2030161.8602,172,15321.9328517642,876.890258814416,0.086465,,0.0,0.046123,-0.0671,-1.0,-0.000266,-0.033878,-0.044,-1.6571,-0.051753,-0.001914,2.5735,0.199494,0.000767,0.045518
2018-01-03 00:00:00+00:00,137,0.9223,0.1943,0.5244,343,883006.6754,-53827.8107,0.8057,2387,1356582.7934,1479.452005,156998.6703,170231.2513,13232.5809,2724,1683812.715,200,15583.8855377593,963.0557506903511,0.015278,,0.0,0.033454,1.0,0.8019,0.004126,-0.025881,0.0047,-1.5964,0.075415,0.001901,3.1051,0.177565,-0.021928,-0.042018
2018-01-04 00:00:00+00:00,214,1.5146,0.2831,0.6524,452,1779574.0546,-78255.0947,0.7169,2909,1955521.1306,3134.632247,465141.2702,307113.2041,-158028.0661,3442,2727775.6049,319,15976.365194174,978.416104183522,0.004185,,0.0,0.047105,7.958,8.9581,-0.004619,-0.023953,-0.0425,-1.7627,-0.178871,-0.007088,3.2956,0.174536,-0.003029,-0.024191
2018-01-05 00:00:00+00:00,179,1.2101,0.2439,0.5905,413,1161258.6032,-82538.3028,0.7561,2509,1486983.0284,1941.298104,262619.2445,217014.5985,-45604.646,2999,1966616.8715,311,18336.9229801691,1004.8949722625624,-0.002222,,0.0,0.034805,32.9378,41.8959,0.000303,0.006461,-0.0872,-2.1187,-0.072133,-0.001964,2.7158,0.146874,-0.027662,-0.05262
2018-01-06 00:00:00+00:00,117,1.1306,0.1291,0.5103,356,861127.2351,-76686.5316,0.8709,2513,1469507.3214,1230.097384,115589.378,102234.2794,-13355.0986,2771,1687330.9788,141,18343.6624934071,1052.02336010703,0.004644,,0.0,0.021868,29.4752,71.3711,0.001543,0.025091,0.0185,-1.9684,-0.012114,-0.000189,2.3392,0.157712,0.010838,-0.019853
2018-01-07 00:00:00+00:00,111,1.0282,0.2281,0.6017,384,1140783.6427,-44703.5385,0.7719,2027,1463509.698,3484.526999,219276.8815,213263.0674,-6013.8142,2308,1896049.6469,170,17039.8739138488,1137.6549188901813,0.005878,,0.0,0.062118,-21.7408,48.8508,0.014538,0.028679,0.0568,-1.6602,0.197072,0.009321,2.0251,0.217275,0.059563,0.042739
2018-01-08 00:00:00+00:00,153,1.8443,0.247,0.7008,548,1725090.7177,-61724.368,0.753,1757,1853399.9928,3516.100218,394312.7898,213796.6772,-180516.1126,2148,2461509.4598,238,15900.3650216006,1184.92393027798,0.004875,,0.0,0.059084,4.9876,54.5508,-0.003784,-0.022559,-0.0308,-1.7607,-0.233073,-0.010224,1.5156,0.216218,-0.001057,0.069344
2018-01-09 00:00:00+00:00,155,1.258,0.2303,0.6752,504,1810864.2094,-65838.0501,0.7697,2232,2064282.0848,3302.194144,344125.2891,273544.0947,-70581.1944,2631,2681951.4686,244,15604.7234082405,1361.4396682787146,-0.011102,,0.0,0.054252,-0.3492,54.2687,0.004074,-0.013082,-0.0857,-2.0887,-0.079019,-0.003254,2.1409,0.214729,-0.001489,0.057017
2018-01-10 00:00:00+00:00,175,1.9415,0.2156,0.607,486,1534349.0974,-92642.4851,0.7844,2157,1982875.8952,2819.399075,359631.5434,185233.0793,-174398.4641,2534,2527740.5179,202,15509.2701268168,1345.5876017375906,0.001945,,0.0,0.048278,25.2797,78.5483,-0.001999,0.000138,0.0323,-1.89,-0.273318,-0.009241,2.1445,0.209301,-0.005427,-0.007974
2018-01-11 00:00:00+00:00,154,1.7576,0.2922,0.6828,461,1618652.3464,-97247.6142,0.7078,2066,1677937.2172,3612.49146,441415.6182,251151.6489,-190263.9693,2459,2370504.4844,239,14050.5696063543,1181.6514100305303,-0.01038,,0.0,0.057688,-11.1462,59.444,-0.005358,-0.011034,-0.0204,-1.9272,-0.23801,-0.011058,1.8915,0.197313,-0.011989,-0.018905
2018-01-12 00:00:00+00:00,79,3.2622,0.2597,0.6441,329,1209755.5722,-127710.9007,0.7403,1918,1390376.1407,4561.490803,373271.83,114424.178,-258847.652,2148,1878072.1487,151,14759.294629915,1315.6187580839762,0.011782,,0.0,0.066549,-37.7854,-11.2792,4.3e-05,0.014001,0.069,-1.5911,-0.088598,-0.004958,1.4921,0.203506,0.006194,-0.011223
2018-01-13 00:00:00+00:00,94,0.9937,0.1281,0.5831,274,872491.5816,-125716.7867,0.8719,1648,1304552.8385,2243.221667,95526.0314,96129.7314,603.6999,1883,1496208.6013,141,15193.3148979847,1448.1800861342022,0.006741,,0.0,0.036776,4.8628,-35.8916,0.006921,-0.001669,-0.0279,-1.676,0.057148,0.001333,1.325,0.22473,0.021223,0.015428
2018-01-14 00:00:00+00:00,35,1.242,0.1222,0.5524,271,911382.9691,-127967.5162,0.8778,1531,1448258.8242,6063.141617,111737.2578,89968.3365,-21768.9213,1615,1649964.4185,49,14476.5889713691,1410.000214508519,-0.009356,,0.0,0.01519,-3.0723,-17.2231,0.002041,0.015767,-0.0022,-1.6422,-0.097877,-0.000801,1.2315,0.186004,-0.038726,-0.011309
2018-01-15 00:00:00+00:00,85,1.565,0.1949,0.6738,357,1206865.3316,-113166.8075,0.8051,1463,1442044.9249,3359.997525,213039.1647,136128.0134,-76911.1513,1668,1791212.1031,120,14411.9977069182,1329.6713965043375,0.018726,,0.0,0.049375,-0.4074,-22.6181,0.001935,-0.032016,-0.1344,-2.1371,-0.129079,-0.00454,1.7761,0.228322,0.042318,0.024815
2018-01-16 00:00:00+00:00,199,1.803,0.2245,0.5943,376,1134440.641,-120621.7157,0.7755,2108,1480212.3666,2023.393715,275648.3426,152882.7908,-122765.5518,2499,1908743.5,192,11723.9135206658,1068.6004106894156,-0.009625,,0.0,0.044799,0.0002,-22.2687,-0.002887,0.008122,0.0467,-1.8832,-0.254345,-0.007968,2.0771,0.186324,-0.041997,-0.038405
2018-01-17 00:00:00+00:00,295,1.4504,0.3497,0.6755,462,1671215.998,-118426.7872,0.6503,1977,1608881.3434,3339.5474,512151.8914,353117.927,-159033.9645,2594,2474151.1618,322,11415.3928442768,1022.3652131699664,-0.015229,,0.0,0.072598,-1.0,-48.5483,-0.005292,0.001803,0.0483,-1.6419,-0.162098,-0.009473,1.7523,0.20306,0.016736,0.017057
2018-01-18 00:00:00+00:00,169,1.3377,0.2842,0.6139,317,1017780.6458,-100970.12,0.7158,1816,1186681.4383,2007.643758,269629.3308,201562.0319,-68067.299,2243,1657872.801,258,11569.4249920858,1036.072312788025,-0.001354,,0.0,0.050894,1.1933,-36.2088,0.003297,0.007124,-0.0248,-1.7022,-0.084042,-0.003204,1.6454,0.174877,-0.028184,-0.053445
2018-01-19 00:00:00+00:00,96,1.4024,0.2941,0.6794,295,1031558.6156,-74677.5041,0.7059,1273,1071787.1292,2405.174983,260703.5207,185904.18,-74799.3407,1514,1518394.8298,145,11758.4693327652,1046.8985973958734,-0.048818,,0.0,0.071026,-2.0585,-0.4818,0.001407,0.026539,0.1422,-1.0945,-0.119117,-0.006376,0.8332,0.235649,0.060772,0.049324
2018-01-20 00:00:00+00:00,50,1.8395,0.1974,0.5846,211,798814.0394,-86153.8001,0.8026,1137,1096739.4714,5496.993479,174707.9994,94977.6272,-79730.3722,1262,1366425.098,75,13260.2711872786,1172.917206223946,0.004765,,0.0,0.060674,-1.044,-6.3886,0.001148,0.015016,0.2035,-0.272,-0.147017,-0.00641,0.7464,0.300435,0.064787,0.097375
2018-01-21 00:00:00+00:00,73,5.213,0.3558,0.6848,218,825081.1667,-124570.0806,0.6442,911,776241.2408,4950.836974,359678.8384,68995.9536,-290682.8848,1073,1204916.0328,89,11703.5048628599,1053.6332024800397,-0.013961,,0.0,0.076624,-8.2292,-11.5455,-0.029919,-0.025593,-0.3968,-1.8415,-0.610491,-0.037657,0.7972,0.255242,-0.045193,0.080366
2018-01-22 00:00:00+00:00,100,1.7368,0.2019,0.6486,301,906000.4631,-124428.5656,0.7981,1254,1114787.09,2617.397228,178958.9662,103038.4203,-75920.5459,1504,1396784.4766,150,10991.5950130802,1000.3871327788332,0.015933,,0.0,0.050655,-13.3068,-24.4448,-0.000147,0.009323,0.2144,-0.9546,-0.206999,-0.007212,0.6062,0.221287,-0.033955,-0.014361
2018-01-23 00:00:00+00:00,72,1.9635,0.1395,0.6731,304,922030.7688,-115766.0026,0.8605,1087,1178639.4164,2816.530985,126612.0606,64484.4497,-62127.6109,1270,1369735.9266,111,10894.0009053405,991.665320638703,0.001972,,0.0,0.04125,8.0982,-16.3469,0.001958,0.010774,0.0588,-0.6997,-0.199601,-0.005309,0.3209,0.224069,0.002782,-0.076366
2018-01-24 00:00:00+00:00,81,2.5708,0.2814,0.6777,297,1049387.7426,-120428.3801,0.7186,1089,1112684.4581,2544.75611,313693.0459,122022.4386,-191670.6074,1294,1548399.9427,124,11277.1159704489,1056.8792325682198,-0.040391,,0.0,0.071433,0.7547,-14.5921,-0.011416,0.012145,0.0717,-0.3904,-0.3498,-0.019588,0.282,0.246259,0.02219,-0.008983
2018-01-25 00:00:00+00:00,32,2.5173,0.2133,0.9165,327,1093696.5601,-126391.7517,0.7867,362,938789.9071,6316.655441,182182.1655,72371.2657,-109810.8998,435,1193343.3384,41,11225.2544568853,1059.3154960264808,-0.043723,,0.0,0.126321,-11.5524,-27.3379,0.007021,0.063073,0.1118,0.0907,-0.131902,-0.012005,-0.1506,0.529415,0.283156,0.308128
2018-01-26 00:00:00+00:00,80,3.1058,0.2374,0.6709,329,1142003.6047,-145313.7551,0.7626,1281,1298216.7508,4176.190783,305675.2445,98421.8802,-207253.3643,1475,1702313.8755,114,11044.9072365744,1048.7989058434846,0.034515,,0.0,0.058747,-4.8555,-30.1348,-0.011602,-0.04849,-0.1321,-0.4485,-0.411055,-0.018417,0.3292,0.230033,-0.299382,0.005964
2018-01-27 00:00:00+00:00,35,1.3058,0.1705,0.5614,196,501554.7817,-136809.9802,0.8295,865,740988.192,1977.987727,86277.9799,66074.0318,-20203.9481,981,893340.2037,81,11456.2135062799,1095.7825142892807,-0.084546,,0.0,0.04755,0.0,-29.0908,0.008359,0.003196,0.0086,-0.3965,0.012319,0.00037,0.0162,0.223955,-0.006079,-0.022305
2018-01-28 00:00:00+00:00,54,1.488,0.1824,0.6801,255,921798.3035,-102210.0875,0.8176,858,1108157.2691,7321.74608,147845.5106,99361.8746,-48483.636,1013,1355364.6543,101,11665.6969300847,1237.3241758467964,0.048578,,0.0,0.062136,0.0089,-20.8528,0.004845,-0.002661,0.0488,-0.1674,-0.085502,-0.003594,0.2845,0.278053,0.054098,-0.251362
2018-01-29 00:00:00+00:00,63,2.6334,0.2271,0.7339,353,1203133.399,-115272.199,0.7729,930,1267075.6732,3366.634379,269813.4539,102458.1271,-167355.3268,1077,1639347.2542,84,11157.6638878978,1169.6342569193446,0.032425,,0.0,0.074731,6.0604,-1.4856,-0.007423,-0.024828,-0.0912,-0.5493,-0.317854,-0.017389,0.179,0.295187,0.017134,0.065153
2018-01-30 00:00:00+00:00,74,2.3748,0.2447,0.7008,391,1112145.8907,-128994.5436,0.7553,998,1198743.5771,2474.689923,273246.9991,115062.9766,-158184.0225,1185,1587053.5527,113,11095.2106891266,1161.9086430994253,0.021274,,0.0,0.076602,-5.1283,-14.7121,-0.00416,0.007831,0.0663,-0.2361,-0.246594,-0.013883,0.2209,0.269531,-0.025656,0.045577
2018-01-31 00:00:00+00:00,59,1.766,0.2038,0.6978,371,1113994.676,-114486.8118,0.7962,1034,1270993.865,3324.685823,207765.3819,117648.8972,-90116.4847,1191,1596408.1442,98,9989.68977659669,1058.0960529662957,0.006186,,0.0,0.065773,0.0648,-15.402,0.000994,-0.008696,-0.0847,-0.6041,-0.147434,-0.007041,0.2976,0.278454,0.008923,0.000402
2018-02-01 00:00:00+00:00,98,1.5344,0.2636,0.6639,345,1168589.1532,-112773.82,0.7364,1045,1296331.4677,2669.890279,280877.0261,183057.0687,-97819.9574,1304,1760265.5625,161,10114.495086226,1106.1381723552724,0.021771,,0.0,0.08963,15.0631,11.2134,0.001171,-0.014677,-0.0118,-0.6409,-0.116341,-0.007949,0.4877,0.306885,0.028431,0.011699
2018-02-02 00:00:00+00:00,164,1.3269,0.3133,0.7244,443,1596108.3685,-97021.8315,0.6867,1201,1513047.6688,3410.852827,393653.8302,296664.3853,-96989.4449,1560,2203365.8843,195,9070.55544937356,1021.2693786534148,-0.027795,,0.0,0.090762,-5.8962,10.1727,-0.000972,0.002379,0.0417,-0.4301,-0.097037,-0.006828,0.3227,0.267627,-0.039258,-0.001904
2018-02-03 00:00:00+00:00,60,1.7261,0.2227,0.5411,131,482529.6487,-101692.4622,0.7773,790,693149.0369,2656.073722,125752.6376,72854.2744,-52898.3632,947,891755.9489,97,8830.16351005472,914.6388425021536,-0.040372,,0.0,0.055579,-8.843,1.3296,0.001692,0.028473,0.0603,-0.1218,-0.135507,-0.005281,-0.1299,0.22698,-0.040648,-0.051475
2018-02-04 00:00:00+00:00,52,1.2953,0.3801,0.5532,130,453649.3758,-100494.6264,0.6199,543,508350.6944,3456.173496,175904.6131,135805.8277,-40098.7854,728,820061.1352,133,8994.91486607664,941.8032295185238,-0.014574,,0.0,0.093321,-0.7619,0.5588,0.006085,-0.013686,-0.0556,-0.3749,-0.02997,-0.00225,-0.2179,0.275229,0.048249,-0.031656
2018-02-05 00:00:00+00:00,138,1.5272,0.3391,0.6091,289,765038.512,-89278.1995,0.6609,822,830133.6354,2018.524218,257366.5536,168526.215,-88840.3387,1106,1256026.404,146,8315.51749143615,834.8891703333355,0.019162,,0.0,0.101806,-0.5669,-6.0685,-0.003969,-0.001767,0.0355,-0.1764,-0.113847,-0.008755,0.1445,0.2739,-0.001329,0.006273
2018-02-06 00:00:00+00:00,155,1.3717,0.3074,0.6616,366,1069493.7401,-77804.2561,0.6926,938,1119644.634,2210.057557,287373.5174,209507.099,-77866.4184,1303,1616525.2504,210,6852.05270051491,684.3133397266745,-0.00428,,0.0,0.091629,1.4049,0.4647,-0.001785,0.004939,0.0099,-0.1062,-0.114849,-0.007709,0.0078,0.25538,-0.018521,0.0284
2018-02-07 00:00:00+00:00,82,1.1719,0.2691,0.7626,260,1232767.7212,-69849.8978,0.7309,771,1181435.1142,6269.345584,234715.0242,200279.0478,-34435.9764,970,1616429.1862,117,7711.2203289411,785.7389155049871,-0.006772,,0.0,0.094037,0.0561,0.4559,0.005104,8.4e-05,-0.0007,-0.0937,-0.018586,-0.001423,-0.1565,0.308143,0.052763,0.032914
2018-02-08 00:00:00+00:00,40,1.4076,0.1596,0.7109,207,521578.7083,-58707.2375,0.8404,426,616645.4601,2665.369213,68456.1642,48634.829,-19821.3352,513,733736.4532,47,7611.61027778882,751.8878893661607,-0.042804,,0.0,0.064486,-1.5724,-16.1796,0.003918,0.01314,0.0332,0.0977,-0.017896,-0.000839,-0.9001,0.331296,0.023154,0.057396
2018-02-09 00:00:00+00:00,60,1.5718,0.2515,0.621,191,528105.0504,-51646.5517,0.7485,616,636525.0213,1974.823355,130743.3143,83178.6698,-47564.6445,745,850447.0055,69,8208.57208449673,807.8227505154956,0.034794,,0.0,0.068446,0.0237,-10.2596,-0.001431,-0.024952,-0.0014,0.1095,-0.135018,-0.007051,-0.4713,0.267464,-0.063832,0.012084
2018-02-10 00:00:00+00:00,59,1.3509,0.1732,0.6538,213,672946.4755,-47892.2385,0.8268,699,850939.7241,4068.115834,102465.6213,75847.4506,-26618.1708,843,1029252.796,85,8650.71675042998,871.3268829432668,0.015323,,0.0,0.054529,-0.1513,-1.5679,0.004178,-0.002628,0.0418,0.3494,-0.076766,-0.002903,-0.3083,0.26968,0.002216,-0.038463
2018-02-11 00:00:00+00:00,32,3.6477,0.1931,0.5864,164,380272.4156,-52355.0398,0.8069,545,523232.6626,1958.483782,98281.8164,26943.4216,-71338.3948,613,648457.9006,36,8574.67763849023,854.3498784217315,-0.027431,,0.0,0.059153,-3.4307,-4.2367,-0.007122,0.013446,0.0616,0.708,-0.365389,-0.015105,-0.7694,0.279911,0.010231,-0.051386
2018-02-12 00:00:00+00:00,34,3.1112,0.1651,0.7176,172,762563.6071,-52534.5818,0.8349,575,887252.1151,8043.319621,132773.051,42675.9188,-90097.1323,663,1062701.085,54,8168.63777979963,817.2905243571003,0.011074,,0.0,0.063803,-3.1071,-6.7768,-0.010524,-0.018311,-0.1294,0.006,-0.358117,-0.017039,-0.402,0.348415,0.068504,0.080951
2018-02-13 00:00:00+00:00,26,1.2958,0.1989,0.7938,237,1120530.657,-46577.3253,0.8011,612,1130946.2556,10037.779754,158441.692,122276.0692,-36165.6229,704,1411664.0168,66,8911.3985742083,862.7487725902944,-0.038563,,0.0,0.062313,3.9917,-4.19,0.002804,0.018116,0.1098,0.6392,-0.085285,-0.004119,-0.6952,0.416571,0.068157,0.146891
2018-02-14 00:00:00+00:00,36,1.2421,0.2138,0.639,193,517316.3612,-44328.163,0.7862,594,636442.5862,2332.994007,95894.3616,77202.5212,-18691.8404,714,809539.4689,84,8518.26907619091,833.7791837295838,0.006201,,0.0,0.059105,2.5717,-1.6744,0.005663,0.001388,-0.127,-0.0636,-6.9e-05,-3e-06,-0.6325,0.268724,-0.147847,-0.011187
2018-02-15 00:00:00+00:00,59,1.6516,0.1966,0.7065,196,755876.2838,-48882.6436,0.8034,649,859528.7608,3871.606643,131048.2061,79345.5065,-51702.6996,781,1069922.4734,73,9428.02560716167,915.076543018882,0.018866,,0.0,0.05906,0.1111,0.0092,-0.001972,0.01533,0.0153,0.0385,-0.166022,-0.007522,-0.5685,0.284049,0.015325,-0.064366
2018-02-16 00:00:00+00:00,63,1.4025,0.2656,0.6123,121,379144.8727,-46023.1736,0.7344,560,454773.9598,2075.423989,95998.4842,68450.1294,-27548.3548,706,619222.5734,83,10112.5801434467,928.2935214045194,-0.00541,,0.0,0.056249,-0.0001,-0.0147,0.000375,0.011794,0.1267,0.8084,-0.115845,-0.004919,-0.9294,0.226912,-0.057137,-0.18966
2018-02-17 00:00:00+00:00,44,1.6464,0.24,0.5422,89,291722.2294,-46725.3252,0.76,563,408882.5206,1912.453579,80319.3594,48786.128,-31533.2315,674,537988.008,67,10155.2770555258,934.6767104527536,0.015779,,0.0,0.048571,-0.0638,0.0728,-0.000379,-0.0093,0.1808,1.8812,-0.163344,-0.005679,-0.9108,0.218697,-0.008215,-0.050027
2018-02-18 00:00:00+00:00,27,1.2773,0.0826,0.59,112,529905.2044,-37825.3912,0.9174,736,823939.4242,9077.986815,41633.5329,32594.6761,-9038.8568,785,898167.6331,22,11006.647685962,964.2765079107336,0.011418,,0.0,0.043227,0.4802,3.9837,0.00507,-0.002385,-0.082,1.4056,-0.027872,-0.000784,-0.8199,0.355871,0.137174,0.071823
2018-02-19 00:00:00+00:00,26,6.2576,0.3949,0.7375,125,576036.9325,-56870.5012,0.6051,459,472633.9296,8902.999719,265906.3838,42493.4812,-223412.9026,547,781033.7946,62,10523.429305801,915.0920469360246,0.016375,,0.0,0.157476,-5.8359,1.2548,0.003502,0.025972,-0.0807,0.9413,-0.01747,-0.002469,-0.898,0.319252,-0.036619,0.09234
2018-02-20 00:00:00+00:00,61,1.7268,0.3123,0.7047,178,610740.0482,-62010.1631,0.6877,474,596018.8749,2766.511463,171404.0633,99260.8073,-72143.256,608,866683.7455,73,11103.0900361497,928.2902425457684,0.062997,,0.0,0.088317,-1.3339,-4.0708,-0.009369,0.002651,0.059,1.324,-0.207187,-0.014845,-0.6632,0.310217,-0.009035,0.09152
2018-02-21 00:00:00+00:00,76,0.9569,0.2097,0.6181,163,456917.8364,-58852.3771,0.7903,521,584226.884,3208.509308,75809.2824,79221.9441,3412.6617,685,739258.1106,88,11502.3770496396,902.9690554385094,-0.029501,,0.0,0.064024,-3.4881,-10.1306,0.01112,-0.03979,0.0752,1.7718,0.082193,0.00378,-0.7024,0.281998,-0.028219,-0.073874
2018-02-22 00:00:00+00:00,61,1.8467,0.0711,0.9115,149,2218997.0107,-58815.4198,0.9289,407,2261354.3375,16792.393638,112205.0403,60761.0418,-51443.9985,534,2434320.4195,66,9973.59211951887,809.1296597083212,-0.0463,,0.0,0.050483,-1.4302,-11.672,-0.002109,-0.001307,-0.0947,1.2167,-0.192089,-0.007341,-0.985,0.510732,0.228735,0.19148
2018-02-23 00:00:00+00:00,23,1.5231,0.2053,0.746,178,512965.4425,-59061.9847,0.7947,380,546385.416,3100.081321,85232.8278,55958.5185,-29274.3093,431,687576.7623,28,10032.863112314,812.4468626177468,-0.025259,,0.0,0.07651,1.952,-9.7198,0.003986,0.051212,0.0105,1.3576,-0.08874,-0.00506,-1.065,0.373283,-0.137449,0.063066
2018-02-24 00:00:00+00:00,23,0.8521,0.1216,0.8397,112,709109.5658,-53386.5055,0.8784,261,741825.1734,16208.064847,47229.9274,55425.0504,8195.123,310,844480.1512,26,10301.883609336,864.6697536212578,0.015009,,0.0,0.064997,3.587,-6.069,0.012876,0.122673,0.2826,3.0333,0.139214,0.006263,-1.1891,0.447589,0.074306,0.165591
2018-02-25 00:00:00+00:00,16,2.2348,0.1662,0.6789,93,253414.1594,-55477.7713,0.8338,229,311216.2632,2617.93218,42853.7285,19176.0109,-23677.7177,268,373246.0026,23,9666.98707979739,832.646407106762,-0.009666,,0.0,0.074163,-5.1842,-11.7333,0.000262,-0.081625,-0.159,2.0214,-0.180277,-0.008903,-1.418,0.413951,-0.033638,-0.096781
2018-02-26 00:00:00+00:00,29,2.7806,0.176,0.8692,207,608927.4832,-31856.4843,0.824,258,577270.9083,3553.739638,90673.359,32609.4658,-58063.8932,307,700553.7331,20,9921.176123710238,854.5845937649669,-0.001352,,0.0,0.109569,0.7176,-5.1799,0.000452,-0.058281,-0.3175,0.0955,-0.13686,-0.011393,-0.9492,0.553823,0.139872,0.18054
2018-02-27 00:00:00+00:00,10,6.6278,0.2048,1.0,146,400557.5487,-30198.1369,0.7952,128,318510.1046,3885.876484,71291.1341,10756.3099,-60534.8243,146,400557.5487,8,10545.979237879825,871.5146236265358,-0.005159,,0.0,0.15062,-0.447,-4.2929,-0.006367,-0.013067,-0.024,-0.0446,-0.170154,-0.020461,-1.1854,0.692159,0.138336,0.24457
2018-02-28 00:00:00+00:00,12,5.0762,0.1466,1.0,153,388132.3823,-36138.3524,0.8534,136,331235.9878,1834.082741,47532.6209,9363.7736,-38168.8472,153,388132.3823,5,10631.42490005329,864.6887072652788,0.032898,,0.0,0.128819,5.9741,5.1693,0.018136,-0.026047,-0.085,-0.5544,0.022277,0.002195,-1.0445,0.688728,-0.003431,0.274777
2018-03-01 00:00:00+00:00,13,2.9058,0.1132,1.0,154,577931.2532,-33349.848,0.8868,134,512504.0169,8334.789797,48675.8517,16751.3846,-31924.4671,154,577931.2532,7,10589.425496520267,853.2510742033311,-0.032377,,0.0,0.1168,-5.7181,0.8815,0.014498,0.014292,0.0764,-0.0677,0.025134,0.002241,-1.2619,0.726324,0.037595,0.172501
2018-03-02 00:00:00+00:00,20,4.6585,0.2363,1.0,140,422598.2537,-38390.338,0.7637,111,322748.5338,3580.963338,82203.7298,17645.99,-64557.7399,140,422598.2537,9,10991.88723535996,854.7839780101021,0.046513,,0.0,0.15313,1.1457,0.0752,0.004028,0.013375,0.1363,0.7871,-0.082291,-0.010226,-1.2487,0.707287,-0.019037,0.015128
2018-03-03 00:00:00+00:00,10,8.1516,0.2735,0.9785,116,271824.9094,-48044.1395,0.7265,105,201810.8546,3042.012823,67684.7698,8303.2824,-59381.4873,122,277798.9068,7,11294.439854215396,848.6295806095619,-0.051615,,0.0,0.164124,-3.4371,-6.9489,-0.008866,0.024575,0.0718,1.2312,-0.201823,-0.026806,-1.5506,0.671131,-0.036156,-0.017597
2018-03-04 00:00:00+00:00,10,7.3584,0.2315,0.9526,98,299169.3184,-52562.0234,0.7685,95,241370.8528,3367.911785,64000.4822,8697.5771,-55302.9051,113,314068.912,8,11195.081336543615,839.8322441228552,0.027591,,0.0,0.166943,2.4895,0.7247,-0.007395,-0.049099,0.0544,1.5901,-0.174814,-0.023432,-1.52,0.689774,0.018643,-0.036549
2018-03-05 00:00:00+00:00,16,8.7709,0.2024,1.0,128,470385.7325,-55085.6707,0.7976,105,375165.7984,4943.511569,85474.679,9745.255,-75729.424,128,470385.7325,7,11420.07691800763,846.569711400601,0.000849,,0.0,0.160882,0.4836,0.4908,-0.013328,0.007064,-0.1422,0.6946,-0.198226,-0.02577,-1.0888,0.706493,0.016719,-0.000793
2018-03-06 00:00:00+00:00,18,6.8286,0.1807,1.0,155,732202.6055,-60513.0437,0.8193,131,599868.0669,9956.816798,115430.487,16904.0516,-98526.4353,155,732202.6055,6,11082.663641858797,827.6634074859818,-0.032313,,0.0,0.139987,0.5155,1.4532,-0.028731,0.018861,-0.1318,-0.1375,-0.361971,-0.040294,-1.0182,0.708594,0.002101,0.037463
2018-03-07 00:00:00+00:00,20,2.3406,0.3259,1.0,169,664317.9868,-67470.6028,0.6741,133,447847.1066,5628.740251,151671.3206,64799.5596,-86871.761,169,664317.9868,16,10452.200578655418,777.4150482642423,0.021127,,0.0,0.203604,9.237,4.7162,-0.01508,-0.034198,-0.2993,-1.9554,-0.145309,-0.025684,-0.6386,0.720834,0.01224,0.031059
2018-03-08 00:00:00+00:00,23,2.0145,0.3165,1.0,138,492844.1015,-70409.5044,0.6835,96,336849.3293,6198.803011,104245.7751,51748.9971,-52496.778,138,492844.1015,19,9794.112823524323,738.3069197892082,-0.013498,,0.0,0.201624,-9.9859,0.4484,0.0038,0.033784,0.3319,0.1046,-0.06763,-0.011329,-1.2639,0.689747,-0.031086,-0.016746
2018-03-09 00:00:00+00:00,28,1.5865,0.38,1.0,159,524566.5704,-67644.8323,0.62,109,325218.4053,2534.168606,122276.6002,77071.5648,-45205.0354,159,524566.5704,22,9003.404647799556,686.2412939120853,-0.014885,,0.0,0.222898,-0.8589,-1.5562,0.002824,-0.001693,-0.0389,-0.1295,-0.04805,-0.009117,-1.2619,0.70216,0.012413,-0.006434
2018-03-10 00:00:00+00:00,15,3.198,0.2624,1.0,110,312362.5788,-65292.1889,0.7376,87,230401.8461,1807.146638,62436.8581,19523.8746,-42912.9835,110,312362.5788,8,9300.63194504476,721.8157858890154,-0.019254,,0.0,0.168269,-3.2026,-1.3217,0.001134,-0.004967,-0.0512,-0.4351,-0.05501,-0.007957,-1.4314,0.707052,0.004892,-0.013781
2018-03-11 00:00:00+00:00,8,1.3094,0.1773,1.0,98,335928.7938,-58531.8013,0.8227,85,276364.0022,2993.323753,33772.4915,25792.3,-7980.1915,98,335928.7938,5,9093.326832751616,697.5291979105428,-0.032446,,0.0,0.145968,-0.4688,-4.28,0.032497,0.056025,0.2512,1.1118,0.180563,0.021655,-1.6141,0.740921,0.033869,0.051174
2018-03-12 00:00:00+00:00,16,3.9929,0.124,1.0,132,588244.5154,-53961.166,0.876,111,515283.5596,8109.031427,58347.9665,14612.9893,-43734.9772,132,588244.5154,5,9494.701310637029,711.0293462579082,0.066073,,0.0,0.130447,0.0585,-4.7051,0.006651,-0.05149,-0.0911,0.5414,-0.04729,-0.005009,-1.3147,0.745899,0.004978,0.043739
2018-03-13 00:00:00+00:00,19,1.1805,0.7909,1.0,141,1682206.8772,-55615.4675,0.2091,116,351808.9008,61975.816747,720252.2611,610145.7153,-110106.5459,141,1682206.8772,6,9212.7776929007,691.7862812105983,-0.043881,,0.0,0.53996,-0.1212,-5.3417,-0.018463,-0.000248,-0.0064,0.4949,-0.048104,-0.025292,-1.1563,0.848026,0.102127,0.140974
2018-03-14 00:00:00+00:00,23,5.9431,0.2488,1.0,155,598093.9293,-58339.7302,0.7512,121,449287.755,6015.381145,127373.887,21432.2873,-105941.5997,155,598093.9293,11,8864.507764431713,659.5446556854372,0.004939,,0.0,0.18772,0.0349,-14.5438,-0.022606,-0.00122,-0.1995,-0.7287,-0.236563,-0.036423,-1.13,0.707097,-0.140929,-0.033824
2018-03-15 00:00:00+00:00,24,3.6246,0.304,1.0,157,624960.7471,-66243.992,0.696,121,434968.3307,6777.490754,148909.5137,41082.9027,-107826.611,157,624960.7471,12,8173.247488618916,602.1603640900513,-0.008116,,0.0,0.209381,-0.1068,-4.6647,-0.018505,0.008148,0.1036,-0.0883,-0.191621,-0.033248,-1.2158,0.696568,-0.010528,-0.04933
2018-03-16 00:00:00+00:00,21,3.8483,0.4508,1.0,124,371678.9645,-73849.1905,0.5492,88,204114.6049,4133.865487,133002.8923,34561.4673,-98441.425,124,371678.9645,15,8342.190559158431,605.861249219968,-0.013725,,0.0,0.236889,0.0512,-3.7546,-0.035455,-0.021793,0.1266,0.6907,-0.221788,-0.045267,-1.3287,0.704971,0.008403,-0.143054
2018-03-17 00:00:00+00:00,20,3.9936,0.2103,1.0,113,351021.2313,-74039.5774,0.7897,84,277215.2273,4491.659627,59025.8478,14780.1563,-44245.6915,113,351021.2313,9,8152.513446710545,584.5266229053091,-0.066913,,0.0,0.193153,-0.8714,-1.4234,-0.006015,-0.018445,-0.003,0.6722,-0.084586,-0.013571,-1.3128,0.726175,0.021204,0.019078
2018-03-18 00:00:00+00:00,39,3.9967,0.301,1.0,183,1161990.3851,-102865.7706,0.699,129,812229.7325,18402.528178,279762.0982,69998.5544,-209763.5437,183,1161990.3851,15,7711.097855894932,508.4931793427744,0.09909,,0.0,0.261264,-0.0688,-1.0234,-0.04546,0.004431,0.0342,0.8701,-0.225176,-0.051086,-1.12,0.782309,0.056134,0.08574
2018-03-19 00:00:00+00:00,26,3.5361,0.4073,1.0,178,718315.8284,-119984.011,0.5927,135,425767.2145,5854.482387,228055.637,64492.9769,-163562.6601,178,718315.8284,17,8394.02830721603,539.7092300002967,-0.019539,,0.0,0.270575,0.1902,-0.8917,-0.011174,-0.007915,-0.1844,-0.2503,-0.082099,-0.019545,-1.0014,0.736176,-0.046132,0.031205
2018-03-20 00:00:00+00:00,21,3.7461,0.2817,1.0,153,579119.5941,-117738.5908,0.7183,118,415986.2754,6061.928325,128760.9618,34372.3569,-94388.6049,153,579119.5941,14,8694.310055455495,546.3507587175412,-0.020285,,0.0,0.227858,0.1783,-0.5923,0.018549,0.009402,0.1032,0.3743,0.023313,0.00447,-1.1876,0.73806,0.001884,0.011885
2018-03-21 00:00:00+00:00,25,4.9423,0.2378,0.9789,159,649203.9993,-117553.91,0.7622,135,505463.7323,12280.097477,131194.1046,26545.2712,-104648.8335,173,663203.1081,13,9033.012133284736,569.706211593488,0.039194,,0.0,0.19281,0.5371,-0.0902,-0.009261,0.027129,-0.0236,0.2222,-0.130816,-0.021089,-1.0603,0.712679,-0.025381,-0.069629
2018-03-22 00:00:00+00:00,14,4.1013,0.3128,1.0,116,506969.9276,-115921.8948,0.6872,93,348399.1823,5247.29532,127486.6251,31084.1201,-96402.505,116,506969.9276,9,8837.481258311329,547.8227922160947,-0.067782,,0.0,0.207747,-0.7596,-0.743,-0.016002,-0.008412,-0.0813,-0.2827,-0.127001,-0.023331,-1.0529,0.744083,0.031404,0.007907
2018-03-23 00:00:00+00:00,20,5.1645,0.3105,0.9854,175,744306.3681,-124490.4691,0.6895,153,520803.0508,8227.786928,196462.3108,38040.866,-158421.4448,186,755306.2277,13,8562.948912745753,522.2126078393947,0.021189,,0.0,0.220362,0.9728,0.1786,-0.028168,-0.004529,-0.1575,-1.2303,-0.171005,-0.033615,-0.879,0.73469,-0.009393,-0.00337
2018-03-24 00:00:00+00:00,11,2.465,0.2152,0.9583,106,381207.0454,-123339.8177,0.7848,101,312193.634,5033.168791,60895.7113,24704.5797,-36191.1317,123,397793.925,11,8868.779591893755,532.9637018125171,-0.044619,,0.0,0.153531,-0.7734,0.2765,-0.000548,0.003828,0.0245,-1.0572,-0.034198,-0.004523,-1.0099,0.716692,-0.017998,0.004013
2018-03-25 00:00:00+00:00,8,1.3,0.2119,0.9662,93,254809.9205,-94414.8536,0.7881,86,207839.3766,2625.30025,31586.3759,24297.5808,-7288.7951,102,263723.3332,8,8557.388374198898,517.9183793742644,-0.014732,,0.0,0.144799,-0.4795,-0.1342,0.022152,0.049072,0.2797,0.6396,0.152526,0.018234,-1.3028,0.695626,-0.021066,-0.048457
2018-03-26 00:00:00+00:00,17,3.372,0.1751,1.0,157,681712.3659,-80301.3156,0.8249,130,562334.7812,5501.931543,92072.7394,27304.8452,-64767.8942,157,681712.3659,10,8232.805914165367,496.93004137196,0.00185,,0.0,0.167403,0.834,0.5096,-0.006694,-0.03063,-0.0807,0.1475,-0.06552,-0.00912,-1.1046,0.730202,0.034576,-0.004489
2018-03-27 00:00:00+00:00,28,1.7308,0.426,1.0,160,1027647.416,-83556.1533,0.574,111,589826.7094,12218.860104,277496.5878,160324.1188,-117172.469,160,1027647.416,21,7984.790530747258,462.237242098024,-0.023879,,0.0,0.278138,-0.3495,-0.0181,-0.015632,-0.013237,0.0141,0.2371,-0.091571,-0.023131,-1.1295,0.769936,0.039734,0.053243
2018-03-28 00:00:00+00:00,13,3.9411,0.1267,1.0,157,1193013.2304,-81455.8909,0.8733,137,1041901.0066,47449.950413,120529.6103,30582.6135,-89946.9968,157,1193013.2304,7,7915.37684789287,449.1819996451986,-0.020116,,0.0,0.140504,-0.2434,-0.7987,-0.011263,-0.02886,0.0757,0.6908,-0.121221,-0.014588,-1.1383,0.783277,0.013341,0.087651
2018-03-29 00:00:00+00:00,34,2.1576,0.2151,1.0,206,880019.0444,-77597.7569,0.7849,153,690728.0927,4675.444729,129343.2593,59947.6923,-69395.567,206,880019.0444,19,7570.880044408241,415.8400515885398,0.030805,,0.0,0.179019,0.8458,0.8067,-0.018464,0.009398,-0.1338,-0.1233,-0.147074,-0.021985,-0.9567,0.719757,-0.06352,-0.010445
2018-03-30 00:00:00+00:00,22,1.6245,0.2131,1.0,196,694039.959,-59994.5723,0.7869,159,546120.6751,4062.018647,91559.2183,56360.0656,-35199.1527,196,694039.959,15,6938.112708241263,386.7623736696284,0.059567,,0.0,0.190281,-0.8542,-1.0203,0.014279,0.025891,0.042,0.1237,0.057407,0.009309,-0.8863,0.707956,-0.011801,-0.06198
2018-03-31 00:00:00+00:00,10,1.2183,0.2549,1.0,118,524879.716,-56705.2523,0.7451,95,391081.071,6698.510673,73482.268,60316.377,-13165.8911,118,524879.716,13,7039.50668661152,401.8970662330876,-0.017061,,0.0,0.178701,-0.7431,-0.99,0.020485,-0.034045,0.1456,0.9996,0.104277,0.016771,-1.1626,0.750906,0.04295,-0.032371
2018-04-01 00:00:00+00:00,15,3.6198,0.1979,1.0,114,339003.9397,-61099.4499,0.8021,92,271909.0034,3135.242481,52571.5574,14523.379,-38048.1784,114,339003.9397,7,6845.801101188367,383.0047057686186,-0.013215,,0.0,0.162056,-0.2994,-0.8098,-0.002237,-0.009666,-0.0197,0.8635,-0.038591,-0.005439,-1.2109,0.715236,-0.03567,-0.004521
2018-04-02 00:00:00+00:00,15,2.5154,0.1645,1.0,125,434361.4283,-56248.2051,0.8355,101,362890.4342,3015.576741,51140.0876,20330.9065,-30809.1811,125,434361.4283,9,7015.547251369945,385.7107462096705,0.021455,,0.0,0.153017,0.033,-1.6108,-0.021867,0.003746,-0.0236,0.7054,-0.141215,-0.017674,-1.0411,0.724445,0.009209,0.016489
2018-04-03 00:00:00+00:00,16,2.0654,0.2412,1.0,146,617069.2817,-46899.2799,0.7588,108,468226.7695,6017.426978,100286.2523,48556.26,-51729.9923,146,617069.2817,22,7359.677292398747,401.1758036067932,0.060655,,0.0,0.183607,0.0929,-1.1684,-0.011013,0.003717,-0.0176,0.5859,-0.090762,-0.014742,-0.7564,0.752665,0.02822,0.001759
2018-04-04 00:00:00+00:00,28,5.5066,0.3418,1.0,135,496168.5144,-50831.9238,0.6582,102,326558.2205,3519.516942,143542.899,26067.3948,-117475.5042,135,496168.5144,5,7129.807399138813,391.964790359802,0.029185,,0.0,0.228606,-0.7472,-1.6722,-0.037863,0.030743,0.083,1.0625,-0.249219,-0.048362,-1.0196,0.725044,-0.027621,0.009808
2018-04-05 00:00:00+00:00,20,1.9601,0.3218,0.9744,136,379991.6448,-46733.3456,0.6782,109,264464.6351,2910.423523,83101.4505,42395.9312,-40705.5193,146,389962.0167,17,6799.520040194179,378.9321733914444,0.000202,,0.0,0.206655,0.7581,-1.7599,0.007024,-0.019505,-0.0994,0.4483,-0.039598,-0.00676,-0.8328,0.698173,-0.026871,-0.026272
2018-04-06 00:00:00+00:00,11,3.349,0.2329,1.0,127,368432.89,-48327.276,0.7671,105,282607.6232,3514.394907,66090.9663,19734.3006,-46356.6657,127,368432.89,11,6674.724680478905,372.19893788871,0.031535,,0.0,0.181452,-0.9706,-1.8763,0.003675,0.046894,0.03,0.614,-0.034054,-0.005252,-0.7201,0.729812,0.031639,-0.022853
2018-04-07 00:00:00+00:00,17,2.5631,0.3292,0.943,81,214253.2937,-51133.7959,0.6708,64,152415.5517,2642.178465,53802.9321,20991.4014,-32811.5307,94,227209.8853,13,6879.087317865696,382.1865578176535,-0.096335,,0.0,0.212191,-0.1235,-1.2567,0.007027,-0.022504,-0.1145,-0.0987,-0.025314,-0.004557,-1.1062,0.708196,-0.021616,-0.016848
2018-04-08 00:00:00+00:00,8,13.1363,0.4397,1.0,94,523094.9247,-73906.0978,0.5603,78,293101.2369,14170.021059,213723.9896,16269.6982,-197454.2915,94,523094.9247,8,6966.441799890872,391.58261642275255,0.029726,,0.0,0.274593,0.222,-0.7354,-0.132508,-0.020472,0.0633,0.277,-0.557735,-0.140043,-1.0083,0.788197,0.08,0.090024
2018-04-09 00:00:00+00:00,19,4.6905,0.1893,1.0,138,490225.5731,-78102.3754,0.8107,110,397427.217,3256.575402,76490.7402,16307.6159,-60183.1243,138,490225.5731,9,6894.058243103391,402.6694596672521,0.001694,,0.0,0.172472,-0.0583,-0.8267,-0.006854,-0.004208,-0.1181,-0.48,-0.116388,-0.016487,-0.874,0.732184,-0.056013,0.002372
2018-04-10 00:00:00+00:00,18,3.7431,0.2554,0.9516,119,311699.2546,-77623.2698,0.7446,109,243899.2568,2205.629997,66011.7251,17635.4723,-48376.2528,135,327546.4542,8,6782.699549449366,400.7761225167432,-0.049047,,0.0,0.186675,0.6467,-0.2729,0.010336,-0.006674,0.0568,-0.1396,-0.011755,-0.001793,-0.9762,0.69007,-0.042114,-0.018127
2018-04-11 00:00:00+00:00,17,3.0379,0.2388,0.9609,152,438109.2453,-68691.2312,0.7612,139,347056.6108,3296.585388,81915.9521,26964.718,-54951.2341,170,455937.281,14,6854.619560273372,416.1156467231273,0.048186,,0.0,0.187892,0.2555,0.7299,-0.002314,0.008953,0.0692,0.2866,-0.078004,-0.012026,-1.0306,0.696866,0.006797,-0.09133
2018-04-12 00:00:00+00:00,33,2.717,0.2296,1.0,188,760778.5624,-74402.0348,0.7704,135,586118.4355,3762.418412,127670.6356,46989.4913,-80681.1443,188,760778.5624,20,7244.42148826165,443.73860155594446,0.066992,,0.0,0.205408,0.6047,0.5765,0.003297,0.008125,0.009,0.3297,-0.044324,-0.007501,-0.6687,0.729919,0.033053,-0.002265
2018-04-13 00:00:00+00:00,31,2.9934,0.2587,1.0,183,748653.4031,-81588.311,0.7413,141,555011.705,3762.326615,145151.1486,48490.5495,-96660.599,183,748653.4031,11,7935.3815306664255,499.8838856128102,0.017661,,0.0,0.211463,0.4946,2.0416,0.003254,-0.009501,0.0817,0.8514,-0.057512,-0.010085,-0.4939,0.728653,-0.001266,0.038583
2018-04-14 00:00:00+00:00,17,2.4646,0.3455,0.9291,90,205627.6398,-81519.0018,0.6545,76,144851.4448,2281.151016,54398.3494,22071.9831,-32326.3663,106,221321.7774,13,7940.26762366579,495.5494573790425,-0.060261,,0.0,0.219748,-1.7893,0.3759,0.000768,0.004888,-0.0278,0.6484,-0.076876,-0.013993,-0.9879,0.660958,-0.067695,-0.035909
2018-04-15 00:00:00+00:00,12,4.484,0.2924,1.0,104,298550.7769,-61232.887,0.7076,84,211266.8758,2999.666098,71367.6946,15916.2065,-55451.4881,104,298550.7769,8,8103.364896537661,510.3869955332336,0.003079,,0.0,0.207706,0.195,0.3489,0.007606,0.00715,-0.0173,0.5164,-0.046692,-0.007963,-0.858,0.69614,0.035182,-0.033779
2018-04-16 00:00:00+00:00,20,4.59,0.3343,1.0,130,347893.6694,-63306.8305,0.6657,99,231576.4389,2217.270577,95508.9796,20808.2509,-74700.7287,130,347893.6694,11,8046.040094678767,506.523106489222,0.085946,,0.0,0.212335,0.2314,0.6385,0.001657,0.007104,0.0245,0.6764,-0.090772,-0.015824,-0.8231,0.687979,-0.008161,-0.040674
2018-04-17 00:00:00+00:00,18,3.2764,0.2916,0.972,149,381737.375,-65105.0247,0.7084,125,278195.9983,2485.4152,87744.8898,26781.2771,-60963.6126,160,392722.1652,17,7995.133259083566,504.52345161506616,-0.004737,,0.0,0.197555,-0.3797,-0.3878,0.007925,-0.023863,0.1035,1.4151,-0.053915,-0.008721,-0.3896,0.697301,0.009322,0.036343
2018-04-18 00:00:00+00:00,27,2.0394,0.3038,0.9809,178,614697.1977,-66556.5596,0.6962,141,436296.2582,4154.476031,127755.407,62643.4291,-65111.9779,190,626695.0943,22,8010.042070225795,507.4187831027186,0.033513,,0.0,0.195014,0.742,0.0986,0.00435,0.027567,-0.0209,1.2527,-0.059154,-0.009721,-0.75,0.709086,0.011785,0.012946
2018-04-19 00:00:00+00:00,25,2.7844,0.2531,0.9763,179,533615.2594,-64347.5433,0.7469,145,408250.1146,3193.236251,101766.3651,36548.3346,-65218.0305,192,546564.8143,22,8186.58381802962,537.1738414620692,0.007941,,0.0,0.183967,0.0423,-0.4637,0.003687,-0.008107,0.1062,2.0025,-0.059653,-0.008584,-0.6443,0.656852,-0.052234,-0.031127
2018-04-20 00:00:00+00:00,25,4.1737,0.2308,1.0,192,698895.889,-64675.9427,0.7692,151,537574.4598,7788.380623,130140.4119,31181.0173,-98959.3946,192,698895.889,16,8374.569197711613,576.0511027963344,0.008642,,0.0,0.174378,0.7313,-0.227,-0.009456,-0.013801,-0.0594,1.5164,-0.14595,-0.020837,-0.2053,0.706322,0.049469,0.00902
2018-04-21 00:00:00+00:00,23,3.5506,0.1819,0.9795,155,619312.8426,-69266.9717,0.8181,127,517289.0497,13713.7617,89736.963,25273.3933,-64463.5697,168,632299.406,18,8791.605713102486,600.7618937314495,-0.058,,0.0,0.176718,-1.1841,0.3782,-0.009095,0.01528,-0.2885,-0.6934,-0.136122,-0.019971,-0.0188,0.745545,0.039223,0.036459
2018-04-22 00:00:00+00:00,22,3.3493,0.3359,0.9543,123,268895.2376,-68648.7126,0.6641,101,187133.4168,1987.264541,72885.2669,21761.5926,-51123.6743,136,281780.2764,13,8844.746782837748,615.0430550454804,0.005851,,0.0,0.198068,0.6827,0.8659,-0.004325,0.011955,-0.0624,-1.1913,-0.113512,-0.01806,-0.316,0.671456,-0.074089,0.014604
2018-04-23 00:00:00+00:00,23,0.9796,0.6919,1.0,166,1695153.2939,-56254.6426,0.3081,131,522301.4549,52175.086642,580397.0386,592454.8004,12057.7618,166,1695153.2939,12,8845.970123545147,631.2520075175426,0.010789,,0.0,0.448677,-0.3288,0.3057,0.029922,-0.029051,0.0121,-1.0944,0.051401,0.022053,0.4613,0.832906,0.16145,0.126584
2018-04-24 00:00:00+00:00,43,2.5195,0.23,1.0,225,1022989.1592,-62056.8503,0.77,153,787713.4604,14969.140411,168427.3828,66848.316,-101579.0668,225,1022989.1592,29,9260.930256139249,682.1143607945326,0.009435,,0.0,0.18949,1.7848,2.4702,-0.007411,0.00929,0.0404,-0.7713,-0.125426,-0.019604,0.2706,0.744459,-0.088447,-0.001086
2018-04-25 00:00:00+00:00,42,1.4703,0.4092,1.0,211,838901.2799,-62091.9362,0.5908,134,495619.3279,5645.955625,204319.7655,138962.1864,-65357.5791,211,838901.2799,35,9237.58802772805,643.3777124980435,-0.020966,,0.0,0.268387,-0.0729,1.6553,0.00333,-0.019628,0.206,0.8383,-0.037118,-0.008574,0.0887,0.728214,-0.016246,0.056758
2018-04-26 00:00:00+00:00,22,2.886,0.2098,1.0,188,682031.1435,-62693.8546,0.7902,150,538970.5324,3563.09933,106246.0352,36814.5759,-69431.4593,188,682031.1435,16,8871.162314346671,628.262348604916,-0.014512,,0.0,0.182172,-0.1467,1.4663,0.004717,0.026785,0.02,0.9735,-0.066331,-0.00991,-0.3041,0.721151,-0.007063,-0.111755
2018-04-27 00:00:00+00:00,20,3.1215,0.1679,1.0,172,729815.8834,-57566.0677,0.8321,138,607297.4597,3311.558497,92791.6551,29726.7685,-63064.8866,172,729815.8834,14,9185.425743538535,659.3485402972111,-0.013841,,0.0,0.176076,0.4099,1.1449,0.004833,-0.018971,0.0287,1.1705,-0.047843,-0.006867,-0.4265,0.730401,0.00925,-0.014058
2018-04-28 00:00:00+00:00,20,0.6579,0.506,1.0,138,686842.8972,-38111.0832,0.494,91,339314.9133,8628.864281,137903.3309,209624.653,71721.3221,138,686842.8972,27,9181.700950389846,668.718949207359,-0.018609,,0.0,0.290308,-0.3068,2.0221,0.077837,-0.017337,-0.0015,1.1359,0.251226,0.064887,-0.6087,0.734839,0.004438,0.006626
2018-04-29 00:00:00+00:00,20,2.3986,0.3183,0.9542,164,434657.9959,-39331.7606,0.6817,137,310532.2602,2803.897267,102332.1174,42663.7011,-59668.4163,185,455528.0787,28,9291.583649960648,675.8627844359144,0.028217,,0.0,0.204387,1.4095,2.749,0.011259,0.040497,0.1206,1.9946,-0.046068,-0.007465,-0.4245,0.663099,-0.07174,-0.058052
2018-04-30 00:00:00+00:00,17,2.3108,0.262,1.0,182,630838.5865,-50402.7196,0.738,143,465554.5352,4332.235008,115361.5012,49922.5502,-65438.951,182,630838.5865,22,9240.25156954604,674.7813913903702,0.026175,,0.0,0.182931,0.2186,3.2964,0.00763,0.000403,-0.2057,0.4302,-0.051879,-0.007641,-0.0562,0.691992,0.028892,-0.038409
2018-05-01 00:00:00+00:00,37,11.3316,0.3901,1.0,180,601937.264,-63996.1438,0.6099,130,367120.6039,4577.12778,215774.8482,19041.812,-196733.0362,180,601937.264,13,8969.695703421814,652.7005657661098,0.027634,,0.0,0.26605,-0.9051,0.6066,-0.030969,0.035718,0.0224,0.5834,-0.200642,-0.046381,-0.3257,0.70544,0.013448,-0.0294
2018-05-02 00:00:00+00:00,33,5.6592,0.2412,1.0,208,1187460.9811,-83288.4539,0.7588,156,901032.0482,13952.769184,243416.3416,43012.5913,-200403.7503,208,1187460.9811,19,9047.931833626086,669.8208864564092,0.004182,,0.0,0.224295,-0.113,0.5665,-0.01477,-0.015197,-0.0152,0.4522,-0.136166,-0.026615,0.0875,0.750565,0.045125,0.087465
2018-05-03 00:00:00+00:00,37,2.5324,0.3154,1.0,235,905767.5884,-91075.069,0.6846,176,620075.4509,10778.152976,204814.9511,80877.1864,-123937.7648,235,905767.5884,22,9285.183387911113,729.3109575265261,0.001278,,0.0,0.222242,1.1591,1.8723,-0.004121,0.012174,-0.0539,0.0298,-0.082098,-0.014696,0.6292,0.694763,-0.055801,0.002771
2018-05-04 00:00:00+00:00,42,4.8959,0.377,1.0,226,875344.9248,-113213.4603,0.623,162,545382.4881,3999.277968,273998.031,55964.4057,-218033.6253,226,875344.9248,22,9607.836906085528,778.8903565758532,-0.004384,,0.0,0.267663,1.3533,2.8157,-0.010791,-0.081958,-0.5893,-4.0277,-0.083516,-0.020094,3.9419,0.745378,0.050614,0.039938
2018-05-05 00:00:00+00:00,20,5.6302,0.4667,1.0,142,526680.4608,-147981.8938,0.5333,108,280875.6827,5847.584636,208731.2454,37073.5327,-171657.7127,142,526680.4608,14,9753.127293071782,800.7933799668303,-0.00449,,0.0,0.264442,-2.5779,0.5446,-0.045466,0.076313,0.4526,-0.8804,-0.24339,-0.055941,0.5604,0.716201,-0.029177,-0.034364
2018-05-06 00:00:00+00:00,18,2.4544,0.2913,0.9741,148,374159.7499,-146188.1521,0.7087,121,272224.8718,2682.608341,79504.9896,32392.7651,-47112.2245,158,384122.6265,19,9600.194414212803,786.8389241038094,-0.005446,,0.0,0.194571,-0.7783,-1.6433,0.026562,-0.062925,-0.1492,-1.8654,0.096313,0.014994,-0.1544,0.696087,-0.020115,0.001323
2018-05-07 00:00:00+00:00,35,10.9138,0.516,1.0,199,1350772.9811,-219698.4405,0.484,145,653751.5755,14714.367832,638516.1876,58505.218,-580010.9695,199,1350772.9811,19,9307.004242980043,738.351918164437,-0.016881,,0.0,0.450253,-0.2554,-2.1173,-0.041876,0.034394,0.1176,-1.0511,-0.128456,-0.053873,0.2287,0.791351,0.095264,0.045973
2018-05-08 00:00:00+00:00,16,4.3931,0.3858,1.0,174,746994.1428,-217493.2244,0.6142,145,458836.691,6254.639526,234726.9877,53430.464,-181296.5237,174,746994.1428,13,9211.032372280097,744.7608040382703,0.005564,,0.0,0.297863,0.688,-0.5242,0.01824,-0.041845,0.0655,-0.6042,0.014245,0.003728,0.2081,0.717431,-0.07392,0.00123
2018-05-09 00:00:00+00:00,24,2.5144,0.263,1.0,194,915903.0199,-203690.8602,0.737,162,675045.8376,6824.88524,172322.1915,68534.9909,-103787.2006,194,915903.0199,8,9143.186654649697,733.7790042695948,0.017171,,0.0,0.225122,1.2653,0.8541,0.020787,0.00502,0.0777,-0.0795,0.029887,0.005797,0.3168,0.74738,0.029949,0.051293
2018-05-10 00:00:00+00:00,24,3.2247,0.2492,1.0,190,703543.919,-199176.0224,0.7508,148,528200.3234,4610.585173,133838.748,41504.8476,-92333.9004,190,703543.919,18,9194.182215616596,745.1377414440744,0.029705,,0.0,0.179614,3.9914,3.6864,0.002424,0.036074,0.0723,0.4032,-0.085458,-0.012472,0.7947,0.71293,-0.03445,-0.078421
2018-05-11 00:00:00+00:00,32,2.9255,0.2174,0.9322,201,532680.693,-176733.9918,0.7826,188,447186.0512,2866.272881,92588.7376,31649.326,-60939.4115,240,571424.1148,20,8689.828471356206,695.2835572042433,-0.009473,,0.0,0.177009,0.1882,2.5213,0.004216,-0.034436,-0.0747,-0.1004,-0.069943,-0.00953,0.4505,0.654063,-0.058867,-0.063368
2018-05-12 00:00:00+00:00,27,4.0622,0.3168,0.9574,143,425445.4948,-164379.5376,0.6832,117,303591.3547,3603.038687,112991.7899,27815.2567,-85176.5332,162,444398.4014,18,8417.06828178163,667.8648438336911,-0.004556,,0.0,0.228013,-3.1339,1.9654,-0.014339,-0.018982,-0.0335,-0.3185,-0.12754,-0.025003,-0.1257,0.699175,0.045112,-0.048205
2018-05-13 00:00:00+00:00,9,1.0866,0.2977,0.8018,86,218502.1356,-158130.3683,0.7023,114,191398.2528,2512.518865,42241.8419,38873.8025,-3368.0395,146,272513.8972,23,8553.167071725453,701.4147371826842,0.002168,,0.0,0.207386,0.6354,3.3791,0.048628,0.010781,0.0449,-0.0187,0.18718,0.031404,0.4908,0.666446,-0.03273,-0.046484
2018-05-14 00:00:00+00:00,25,3.1077,0.2836,1.0,187,706148.3305,-89951.7311,0.7164,139,505876.8288,4581.553595,151516.0052,48755.4964,-102760.5088,187,706148.3305,23,8601.094190302818,718.098503051751,0.008243,,0.0,0.213954,2.3701,6.0045,0.018461,0.016899,-0.1035,-0.7063,0.033514,0.006117,1.0721,0.709952,0.043507,0.055889
2018-05-15 00:00:00+00:00,27,13.8617,0.2867,1.0,174,614200.9161,-85825.052,0.7133,140,438091.2877,4250.153839,164259.699,11849.9293,-152409.7697,174,614200.9161,7,8637.636476571899,720.5247307697841,-0.003548,,0.0,0.206318,-0.2517,5.0649,-0.02591,-0.004671,-0.0932,-1.3158,-0.228359,-0.039244,0.1403,0.69474,-0.015213,-0.004436
2018-05-16 00:00:00+00:00,17,4.3379,0.2086,1.0,153,427378.1967,-78960.9294,0.7914,129,338242.1749,2651.243191,72437.1823,16698.8394,-55738.3429,153,427378.1967,7,8289.824569585959,691.8638115710547,0.00799,,0.0,0.159938,0.4549,4.2544,0.006707,-0.013321,0.0198,-1.1655,-0.056427,-0.007116,0.0514,0.688733,-0.006006,0.022288
2018-05-17 00:00:00+00:00,25,5.3435,0.2385,0.9645,164,433072.0236,-76246.7552,0.7615,142,341890.5013,2712.165701,90218.5553,16883.8745,-73334.6808,180,448992.9311,13,8259.128354432933,693.0713482083553,0.000435,,0.0,0.177581,0.8987,1.1617,0.003763,-0.012966,0.0575,-0.7667,-0.08064,-0.011576,0.456,0.678542,-0.010191,-0.03141
2018-05-18 00:00:00+00:00,21,5.8091,0.2588,0.9621,152,506485.4799,-81288.442,0.7412,139,390158.9168,3475.821623,116241.3395,20010.1206,-96231.219,172,526410.3769,12,8080.099299195355,672.780234912757,-0.008783,,0.0,0.213372,1.1484,2.1219,0.001499,-0.012531,0.003,-0.7298,-0.051727,-0.00942,0.3923,0.697994,0.019453,0.003255
2018-05-19 00:00:00+00:00,12,2.9296,0.2475,0.9434,122,277891.3929,-74235.4595,0.7525,118,221654.7079,2414.003826,54362.095,18556.4389,-35805.656,139,294573.2418,9,8212.14986008221,687.797265521615,-0.003497,,0.0,0.172701,-2.4762,2.7796,0.015293,-0.005912,-0.0447,-1.0086,0.034297,0.00492,0.6038,0.708601,0.010606,0.019867
2018-05-20 00:00:00+00:00,10,4.0299,0.2434,0.9585,123,322304.3819,-80796.6612,0.7566,114,254437.3194,2908.849012,65566.5372,16270.086,-49296.4512,137,336273.9427,13,8288.178086666418,699.1177373300325,-0.000592,,0.0,0.164506,-0.1302,2.014,0.000863,0.038995,0.0541,-0.6285,-0.07476,-0.010218,-0.6025,0.715332,0.006732,0.03679
2018-05-21 00:00:00+00:00,24,5.9938,0.2992,0.9662,146,452581.2227,-80411.586,0.7008,127,328271.3722,3444.264837,120102.7802,20037.7982,-100064.9821,162,468411.9506,11,8399.454974242426,696.6193714389209,0.00644,,0.0,0.194458,0.6044,0.2483,-0.005915,0.00797,-0.0115,-0.6888,-0.115312,-0.018839,0.0062,0.693131,-0.022201,-0.004863
2018-05-22 00:00:00+00:00,18,2.7563,0.2431,1.0,175,747514.1276,-70777.5303,0.7569,143,565781.809,5021.132249,133351.8493,48380.4693,-84971.38,175,747514.1276,14,8211.124904255443,673.8285529475675,0.005373,,0.0,0.19994,2.035,2.535,0.023216,-0.017683,-0.0573,-1.0568,0.06273,0.010802,0.3757,0.742959,0.049828,0.034359
2018-05-23 00:00:00+00:00,52,17.8793,0.4211,1.0,223,880298.491,-110160.7123,0.5789,160,509608.3145,5575.56789,351055.3968,19634.7797,-331420.6171,223,880298.491,11,7830.835203856475,615.2886451861233,-0.012488,,0.0,0.316179,0.2726,2.3527,-0.017065,-0.000435,0.0937,-0.4009,-0.102741,-0.029088,0.7028,0.714468,-0.028491,-0.000864
2018-05-24 00:00:00+00:00,22,3.0427,0.2927,1.0,172,578054.3604,-111899.2815,0.7073,134,408831.8649,3528.715056,127363.5803,41858.9152,-85504.6651,172,578054.3604,16,7558.7831525345155,585.8663169411865,0.012776,,0.0,0.236966,-0.0823,1.3717,0.042181,-0.007321,-0.0994,-1.0612,0.125895,0.025573,0.599,0.71616,0.001692,0.023029
2018-05-25 00:00:00+00:00,19,6.2155,0.1779,1.0,152,597365.7156,-109123.8923,0.8221,127,491110.3694,4158.391038,91529.4205,14725.9256,-76803.4949,152,597365.7156,6,7495.801496312692,592.6024543234166,-0.008341,,0.0,0.17507,-1.1905,-0.9672,0.013891,0.002312,0.078,-0.5114,0.003828,0.000563,0.1355,0.738392,0.022232,-0.004567
2018-05-26 00:00:00+00:00,11,4.7114,0.1775,1.0,110,457170.9271,-111543.4959,0.8225,90,376005.9733,6752.69633,66953.9173,14211.0366,-52742.8807,110,457170.9271,9,7470.858849985837,589.7868870708558,-0.007938,,0.0,0.177301,-1.6309,-0.122,0.023423,-0.007626,-0.0263,-0.6882,0.075507,0.011462,-0.3441,0.74502,0.006629,0.030552
2018-05-27 00:00:00+00:00,21,9.002,0.5981,1.0,141,894996.1227,-165683.0233,0.4019,107,359681.8947,29503.987199,481793.6856,53520.5424,-428273.1432,141,894996.1227,13,7307.825496357522,570.2011180377319,0.009646,,0.0,0.578946,-0.8163,-0.808,0.04243,-0.001029,-0.0756,-1.2297,0.056315,0.031367,-0.0735,0.794213,0.049193,0.078053
2018-05-28 00:00:00+00:00,32,5.313,0.3421,1.0,195,1014195.5114,-185254.5049,0.6579,139,667198.7949,11349.412262,292031.0348,54965.6817,-237065.3531,195,1014195.5114,24,7254.558529563767,535.1220382972809,0.013583,,0.0,0.295439,3.8872,2.4747,0.021895,0.004823,0.0091,-1.1445,0.016328,0.004357,1.3021,0.760503,-0.03371,0.022111
2018-05-29 00:00:00+00:00,28,10.6275,0.2949,1.0,177,885200.0519,-203996.7049,0.7051,137,624127.1341,7890.87919,238619.8489,22453.0689,-216166.78,177,885200.0519,12,7305.804748195108,541.3800294940917,0.007354,,0.0,0.254883,1.7548,2.1946,-0.036158,0.010838,0.0514,-0.7691,-0.195793,-0.04456,0.4534,0.763468,0.002964,0.018447
2018-05-30 00:00:00+00:00,24,2.6738,0.2449,1.0,180,757833.001,-168729.1437,0.7551,140,572261.0229,9466.264258,135059.8333,50512.1448,-84547.6885,180,757833.001,16,7435.6505669929375,559.1858261401098,-0.007858,,0.0,0.188004,0.9415,2.8635,0.002267,0.003604,-0.002,-0.7764,-0.066609,-0.010727,0.5285,0.742296,-0.021171,-0.051917
2018-05-31 00:00:00+00:00,26,4.4334,0.25,1.0,213,668313.0844,-171596.9957,0.75,171,501232.4584,3124.517431,136330.1278,30750.4982,-105579.6296,213,668313.0844,16,7485.6418495727075,567.4090794402982,0.020911,,0.0,0.175368,4.7556,7.7014,-0.007609,0.012807,0.0155,-0.6476,-0.139355,-0.020475,0.8353,0.715576,-0.02672,-0.044927
2018-06-01 00:00:00+00:00,30,30.8291,0.4983,1.0,154,1132679.0783,-236194.0697,0.5017,114,568228.4426,21430.420854,546716.8241,17733.8116,-528983.0125,154,1132679.0783,10,7459.750400531392,571.6473599188766,-0.014468,,0.0,0.398171,-2.4532,6.4386,-0.091037,-0.002177,0.0529,-0.245,-0.26558,-0.100403,0.5273,0.794402,0.078826,0.030934
2018-06-02 00:00:00+00:00,25,5.2107,0.2705,0.9736,118,402130.1574,-239479.9816,0.7295,95,301320.3937,5350.778987,93732.9561,17988.6916,-75744.2645,129,413042.0413,9,7545.649760117032,580.9287060834739,-0.012774,,0.0,0.202212,-7.3731,0.6965,-0.016349,-0.011805,-0.1382,-1.244,-0.14291,-0.025253,0.0189,0.730519,-0.063883,-0.011777
2018-06-03 00:00:00+00:00,20,4.5033,0.2956,0.9204,106,242332.4361,-185376.3063,0.7044,97,185445.8014,2372.937158,63690.3315,14142.9155,-49547.416,127,263279.0484,10,7629.3811776067805,602.5113497003515,0.005627,,0.0,0.182801,-0.7658,0.747,-0.020258,0.006146,0.0361,-0.9543,-0.196892,-0.030346,-0.0014,0.692914,-0.037606,-0.022662
2018-06-04 00:00:00+00:00,24,2.2202,0.1895,0.9763,216,618565.3455,-158009.4228,0.8105,190,513476.9905,2865.178758,82785.1307,37287.9623,-45497.1684,231,633550.0835,17,7536.792546722871,595.002936131165,0.005405,,0.0,0.153708,4.6579,1.5177,0.009411,0.039308,0.0966,-0.2375,-0.027571,-0.003255,0.4638,0.691968,-0.000946,-0.102434
2018-06-05 00:00:00+00:00,18,2.6181,0.2644,1.0,180,660352.0206,-138285.3438,0.7356,152,485725.69,3932.415739,126362.2788,48264.0518,-78098.2271,180,660352.0206,10,7457.303112003919,588.1348666840056,-0.004906,,0.0,0.174911,-2.4759,-2.713,-0.006163,-0.030355,0.0078,-0.2143,-0.139249,-0.019841,0.0591,0.718764,0.026797,-0.011755
2018-06-06 00:00:00+00:00,21,1.6292,0.1884,1.0,180,882678.1115,-131893.5472,0.8116,139,716355.3952,19446.107872,103063.9142,63258.802,-39805.1122,180,882678.1115,20,7559.418960292413,596.8329862931394,-0.032587,,0.0,0.157103,0.2723,-3.3822,0.012363,-0.017328,-0.0506,-0.5986,0.010113,0.00133,0.0249,0.744711,0.025946,0.051797
2018-06-07 00:00:00+00:00,26,6.7288,0.3066,1.0,172,670688.3146,-138583.2369,0.6934,136,465073.3064,6210.131551,179011.2328,26603.7754,-152407.4574,172,670688.3146,10,7646.610607023195,600.2557801335943,0.008408,,0.0,0.193664,-1.2431,-9.3809,-0.028097,-0.006864,-0.0899,-1.2713,-0.233962,-0.038946,-0.3856,0.698928,-0.045782,0.00696
2018-06-08 00:00:00+00:00,13,1.7089,0.1235,1.0,177,971128.9144,-67497.5991,0.8765,148,851207.7325,14305.863971,75652.365,44268.8169,-31383.5481,177,971128.9144,16,7568.93466502395,592.1367243411163,0.008253,,0.0,0.116414,-0.9543,-7.882,0.003476,0.000462,0.0486,-0.8977,-0.057852,-0.005436,-0.8969,0.738549,0.039621,0.019785
2018-06-09 00:00:00+00:00,14,5.3355,0.2242,0.7743,83,201311.354,-62375.0673,0.7758,129,201701.4683,2286.40113,49086.5517,9200.01,-39886.5417,148,259988.03,5,7545.597118050922,590.8904135151478,-0.014766,,0.0,0.127381,-3.7144,-4.2233,-0.007686,-0.025657,0.0048,-0.8418,-0.181442,-0.018224,-0.7002,0.6432,-0.095349,-0.101511
2018-06-10 00:00:00+00:00,33,7.0973,0.2221,0.9655,153,467184.7443,-66859.6634,0.7779,128,376369.4668,7296.716092,94214.2951,13274.7059,-80939.5892,170,483858.4678,9,7108.040534289156,552.5494445257941,0.00499,,0.0,0.171257,0.1586,-3.299,-0.011853,0.028472,0.0016,-0.8132,-0.16761,-0.022943,-0.0942,0.662732,0.019532,-0.036197
2018-06-11 00:00:00+00:00,34,2.9353,0.2784,0.9564,210,585582.7786,-72333.1515,0.7216,185,441835.4713,3911.31354,127119.0769,43307.4923,-83811.5846,237,612262.0405,18,6769.072053818143,525.1477367689708,0.008877,,0.0,0.170306,0.8424,-7.1144,-0.002881,-0.01442,-0.0054,-0.8378,-0.110045,-0.015103,0.5184,0.666159,0.003427,-0.072391
2018-06-12 00:00:00+00:00,37,10.3489,0.4578,1.0,172,896745.9007,-109488.5411,0.5422,121,486211.9681,18458.482274,374359.9435,36173.989,-338185.9545,172,896745.9007,14,6779.471342908456,520.1953780910914,-0.00698,,0.0,0.25563,0.754,-3.8846,-0.043493,-0.001429,0.2626,1.1375,-0.247041,-0.055844,-1.0875,0.754625,0.088467,0.111425
2018-06-13 00:00:00+00:00,40,3.706,0.3719,1.0,217,922488.9189,-131983.6848,0.6281,156,579413.0749,5114.423864,270173.4811,72902.3629,-197271.1182,217,922488.9189,21,6475.479502911737,481.49329100018696,-0.025437,,0.0,0.174737,-0.0459,-4.2028,-0.01608,-0.004743,-0.0497,0.745,-0.174201,-0.024647,-0.1384,0.772468,0.017843,0.109737
2018-06-14 00:00:00+00:00,30,1.6997,0.3427,1.0,211,846554.1704,-120951.6204,0.6573,154,556460.9216,4772.042426,182638.1278,107455.121,-75183.0067,211,846554.1704,27,6517.1321354608335,491.9104467237368,-0.087786,,0.0,0.141697,1.957,-1.0027,0.012627,0.009588,-0.0946,0.0328,0.010901,0.001247,0.2839,0.761936,-0.010533,0.095777
2018-06-15 00:00:00+00:00,25,2.1259,0.3182,1.0,200,924881.1884,-131611.2469,0.6818,154,630592.2885,5510.388912,200144.9166,94143.9833,-106000.9333,200,924881.1884,21,6549.41192680303,499.5493788599583,0.012828,,0.0,0.153849,0.9587,0.9103,0.006431,-0.008594,-0.0929,-0.6604,-0.023311,-0.003078,-0.2136,0.775503,0.013568,0.020878
2018-06-16 00:00:00+00:00,12,8.2409,0.1393,0.8397,90,311749.8045,-131702.0851,0.8607,139,319554.9088,4554.13871,46118.7595,5596.3506,-40522.4089,156,371270.0189,5,6453.846880797265,492.51933222501447,0.062343,,0.0,0.099682,-5.7531,-1.1283,-0.001565,-0.002497,0.1106,0.1901,-0.156965,-0.011966,-1.5187,0.716835,-0.058668,-0.055634
2018-06-17 00:00:00+00:00,13,1.5011,0.2954,0.7747,84,194992.6912,-122267.6897,0.7046,121,177345.253,2006.444819,44630.9188,29732.0972,-14898.8216,147,251708.2689,13,6475.036490716237,494.6447626566872,-0.031209,,0.0,0.137385,-1.2072,-2.4941,0.020187,-0.016899,-0.0949,-0.535,0.092799,0.010506,-0.6495,0.60757,-0.109264,-0.154365
2018-06-18 00:00:00+00:00,27,5.3804,0.4172,0.9612,141,492876.6382,-131275.5869,0.5828,122,298847.7196,6909.341587,180394.9385,33528.0733,-146866.8652,161,512770.7315,12,6498.7404742465,496.7978035825868,0.011845,,0.0,0.242428,0.9899,-2.3467,-0.052247,0.028967,0.0637,-0.0449,-0.295928,-0.062692,-0.8072,0.687883,0.080313,-0.08762
2018-06-19 00:00:00+00:00,25,4.8853,0.2713,0.9394,176,469055.238,-95739.397,0.7287,167,363839.7182,3152.540561,112450.8763,23018.2515,-89432.6248,207,499308.846,15,6686.649453818885,520.8827693635546,0.042605,,0.0,0.17425,2.9478,-0.1528,-0.025378,0.01933,0.0065,0.0058,-0.250974,-0.035512,-0.0043,0.637462,-0.050421,-0.079373
2018-06-20 00:00:00+00:00,21,4.6454,0.1435,0.935,182,557937.2512,-75454.8382,0.8565,191,511130.5483,4989.635981,70443.0986,15163.8915,-55279.2071,221,596737.5385,9,6642.045481429205,522.9703955393645,0.017508,,0.0,0.119433,-1.8964,-2.0032,-0.002035,-0.01564,0.027,0.2042,-0.129519,-0.011763,-0.1378,0.649761,0.012299,0.042191
2018-06-21 00:00:00+00:00,24,10.1551,0.2511,0.9447,179,473842.3633,-79480.2279,0.7489,175,375648.6135,3560.776017,114650.6528,11289.9182,-103360.7345,207,501589.1845,8,6696.129546920227,526.6737830585307,-0.014077,,0.0,0.154773,-0.7159,-4.6761,-0.024165,0.008433,-0.0864,-0.4794,-0.267269,-0.033566,-0.183,0.634924,-0.014837,-0.052959
2018-06-22 00:00:00+00:00,32,3.7761,0.3272,0.9617,222,699493.9997,-84096.66,0.6728,201,489387.1829,4201.994436,188139.599,49823.6412,-138315.9578,250,727350.4232,17,6375.499684323313,489.2766563977639,-0.014834,,0.0,0.208434,0.2387,-5.3962,-0.011732,-0.018927,0.0084,-0.4334,-0.132494,-0.023307,0.6887,0.665465,0.030541,0.028003
2018-06-23 00:00:00+00:00,16,2.5324,0.2699,0.8808,99,232084.9421,-82714.5386,0.7301,101,192384.2892,2237.485691,50977.8174,20130.258,-30847.5594,131,263492.3645,14,6146.134493178351,470.4779879280088,-0.090974,,0.0,0.15437,-3.2948,-2.9378,0.01189,-0.018391,0.0094,-0.3497,0.023676,0.002903,-0.9913,0.652869,-0.012596,0.003108
2018-06-24 00:00:00+00:00,34,8.6675,0.3898,0.9857,188,687354.6213,-111387.3525,0.6102,148,425504.641,4829.330094,243728.1758,28119.6572,-215608.5185,198,697352.474,16,6035.031971127409,450.84221492480407,0.01038,,0.0,0.251214,1.0067,-0.724,-0.077857,0.006176,-0.0908,-1.0489,-0.398407,-0.087565,-0.5697,0.703756,0.050886,0.068832
2018-06-25 00:00:00+00:00,32,4.5942,0.382,1.0,186,988980.8827,-125078.3007,0.618,138,611225.3509,10382.928155,310229.5175,67526.0144,-242703.5031,186,988980.8827,16,6202.586460120236,455.7985083838109,0.070183,,0.0,0.263363,4.2306,2.5167,-0.056317,-0.021809,-0.2359,-2.7423,-0.258806,-0.062686,0.9739,0.75629,0.052535,0.090825
2018-06-26 00:00:00+00:00,26,2.2513,0.253,1.0,182,647180.8046,-121303.9042,0.747,143,483454.6903,4606.804371,113368.9815,50357.1328,-63011.8487,182,647180.8046,13,6197.355675790164,448.0194474038337,0.004267,,0.0,0.170348,-2.7741,-3.2052,-0.003914,0.022377,0.2698,-0.7014,-0.077047,-0.011349,0.0624,0.725005,-0.031285,0.072136
2018-06-27 00:00:00+00:00,22,1.619,0.2478,0.9815,195,634986.0842,-118820.2091,0.7522,166,486647.9775,4176.350181,99114.6612,61221.3195,-37893.3417,207,646983.9582,19,6092.803733620535,432.2311166315714,-0.003561,,0.0,0.18062,-0.1451,-1.454,0.015601,-0.000449,0.0616,-0.2401,0.029686,0.004503,0.1263,0.710499,-0.014506,0.006743
2018-06-28 00:00:00+00:00,23,3.6202,0.1754,0.9669,199,555773.7627,-112224.2493,0.8246,181,473930.9967,3121.966931,79015.3086,21826.2925,-57189.0161,218,574772.5978,14,6071.306799842354,431.95331104213153,-0.00812,,0.0,0.133431,-0.5582,-1.2963,-0.011308,0.013739,-0.1304,-1.1958,-0.187151,-0.019741,-0.0325,0.673481,-0.037017,-0.082809
2018-06-29 00:00:00+00:00,24,2.7821,0.1926,1.0,190,663746.2614,-101072.1804,0.8074,151,535876.732,4177.065545,94060.5021,33809.0272,-60251.4749,190,663746.2614,15,5902.163092069895,415.4728907426547,-0.003763,,0.0,0.155386,1.0712,-0.4638,-0.007077,0.001788,0.076,-0.6138,-0.127426,-0.015827,-0.0505,0.682951,0.00947,-0.042054
2018-06-30 00:00:00+00:00,25,3.4766,0.3278,0.9376,121,315695.0426,-105388.6893,0.6722,108,226321.6995,2750.036007,85719.5006,24656.3785,-61063.1221,143,336697.5786,10,6339.048076145242,446.377493544077,0.058184,,0.0,0.197325,14.5897,17.4207,-0.025043,0.050725,0.533,3.1663,-0.191457,-0.03341,-1.8906,0.647393,-0.035558,-0.063105
2018-07-01 00:00:00+00:00,6,6.8591,0.2395,0.903,94,228439.7642,-81041.6988,0.7605,109,192384.7293,2645.848228,52890.5672,7710.9823,-45179.5849,121,252986.2788,6,6312.752640266022,447.4706192294295,0.032808,,0.0,0.130247,29.1588,45.5728,-0.011768,0.127519,0.6746,6.036,-0.195885,-0.020992,-2.4278,0.640338,-0.007055,-0.033143
2018-07-02 00:00:00+00:00,18,2.0789,0.2488,0.9564,149,394821.7294,-51511.8965,0.7512,137,310091.0142,2682.599153,69358.4587,33363.5714,-35994.8873,167,412813.0442,12,6402.037536579421,454.7018515199721,-0.016534,,0.0,0.175147,22.8446,64.1868,-0.010032,-0.189082,-1.0928,0.1005,-0.086077,-0.011903,-1.8546,0.655878,0.01554,-0.027074
2018-07-03 00:00:00+00:00,21,2.209,0.2356,1.0,168,568957.5552,-49724.3511,0.7644,135,434921.0246,3978.71027,92267.7807,41768.7498,-50499.0309,168,568957.5552,12,6589.531520060574,469.83634421183046,0.007285,,0.0,0.192059,10.0874,77.0482,0.001589,-0.023427,0.3919,2.1657,-0.062171,-0.00943,-1.6295,0.674239,0.018361,0.026846
2018-07-04 00:00:00+00:00,11,7.7137,0.1289,1.0,141,440451.3858,-50560.6215,0.8711,125,383671.8883,3250.266728,50263.3659,6516.1315,-43747.2344,141,440451.3858,5,6553.104265106285,463.6768600324652,0.003441,,0.0,0.123649,-26.1118,51.0816,0.002698,0.066797,-0.53,-0.6391,-0.119167,-0.010492,-1.8068,0.658526,-0.015713,0.018187
2018-07-05 00:00:00+00:00,13,1.1589,0.1923,0.905,141,435238.0743,-43363.3617,0.8077,160,388453.019,4381.957149,49641.9806,42833.7832,-6808.1975,191,480928.7828,18,6575.66311590503,467.5996509450307,-0.006209,,0.0,0.139025,-9.9594,41.6804,0.038614,0.047061,0.1349,0.0807,0.227323,0.023612,-1.1453,0.623629,-0.034897,-0.032249
2018-07-06 00:00:00+00:00,15,2.2435,0.2166,0.957,154,498835.6076,-40939.3468,0.7834,147,408375.9342,4407.619741,78090.5275,34807.1573,-43283.3702,177,521273.619,15,6536.183441497492,464.43571580761295,-0.003815,,0.0,0.171,26.6899,67.2992,0.023448,-0.028153,0.0136,0.1497,0.050898,0.006908,-2.0018,0.637074,0.013445,-0.037165
2018-07-07 00:00:00+00:00,7,4.4747,0.1638,0.9284,110,280034.8412,-36696.6261,0.8362,122,252213.2631,2550.349551,40390.4048,9026.3272,-31364.0776,133,301629.9951,4,6565.981552685939,465.56509473026335,0.006345,,0.0,0.117971,-10.7605,41.9489,-0.014241,-0.075744,0.1205,0.7805,-0.228783,-0.019629,-2.0656,0.626565,-0.010509,-0.031961
2018-07-08 00:00:00+00:00,11,0.5239,0.1666,0.9456,120,347454.3452,-27511.1897,0.8334,121,306232.4591,2796.860345,21039.6212,40158.091,19118.4698,141,367430.1713,9,6733.936593693936,484.4778868750474,-0.065232,,0.0,0.133772,-29.5944,-16.8043,0.024153,0.103807,0.0666,1.1091,0.16779,0.017575,-1.0672,0.662415,0.035851,0.038786
2018-07-09 00:00:00+00:00,22,2.3156,0.2143,0.9866,179,660445.0141,-30501.2415,0.7857,152,525977.2719,4825.158198,100195.8347,43270.5852,-56925.2495,188,669443.6918,14,6697.878852907689,478.2796084829572,0.047895,,0.0,0.155917,-12.2305,-51.8794,-0.018917,-0.034623,-0.0279,0.945,-0.201988,-0.025998,-0.4294,0.710912,0.048496,0.073838
2018-07-10 00:00:00+00:00,23,3.9053,0.1783,0.9817,191,697724.4175,-34011.7843,0.8217,168,583971.9473,7759.772584,100912.4791,25839.6483,-75072.8308,204,710724.0747,13,6483.9241425389055,447.8375928071564,-0.019075,,0.0,0.156078,-6.8466,-68.8133,-0.01006,-0.004958,0.1081,1.4779,-0.155129,-0.019699,-0.682,0.697754,-0.013158,0.07119
2018-07-11 00:00:00+00:00,16,2.0345,0.1434,0.9242,116,405770.091,-30828.8066,0.8566,120,376105.9755,6386.387745,42216.1031,20749.7128,-21466.3902,150,439071.7914,14,6353.794347293703,436.2944450467455,0.005617,,0.0,0.133994,-1.6034,-44.3049,0.006817,0.001199,0.0163,1.5269,-0.004816,-0.000485,-1.393,0.65352,-0.044234,-0.008895
2018-07-12 00:00:00+00:00,21,5.9488,0.2445,0.9379,136,373151.1648,-39754.6041,0.7555,129,300580.2567,3221.43002,83289.8124,14001.0324,-69288.78,161,397871.1014,11,6229.219672285651,431.9276962619885,0.013238,,0.0,0.176285,10.5374,-23.8081,-0.012606,-0.029462,-0.1441,0.7884,-0.174178,-0.025074,-1.8769,0.64834,-0.00518,-0.062572
2018-07-13 00:00:00+00:00,11,3.3626,0.1765,0.9805,127,399432.0276,-39132.858,0.8235,115,335493.1065,3848.384179,55409.2996,16478.1517,-38931.1479,135,407380.5578,9,6232.881269433085,433.9354412169221,0.02282,,0.0,0.142232,0.7126,-49.7855,0.007286,-0.023436,0.1589,1.5658,-0.071716,-0.008289,-1.7612,0.685512,0.037172,-0.012243
2018-07-14 00:00:00+00:00,6,1.9256,0.2093,0.915,77,273722.404,-37481.5644,0.7907,90,236549.1307,4314.371735,41201.9885,21396.9665,-19805.022,106,299148.0856,10,6234.717151955069,431.7503234626378,-0.004902,,0.0,0.155513,27.1953,-11.8297,-0.003871,-0.024956,-0.1616,0.7467,-0.050596,-0.006359,-1.6393,0.681004,-0.004507,0.027484
2018-07-15 00:00:00+00:00,5,2.1189,0.1128,0.867,71,168380.5483,-41335.4068,0.8872,90,172307.601,2775.426482,14881.9301,7023.5033,-7858.4268,100,194213.0344,5,6316.834421759354,440.680298356228,-0.021169,,0.0,0.113659,-12.188,5.5768,0.020974,0.030335,-0.2474,-0.4843,0.125726,0.010829,-1.7704,0.647845,-0.033159,-0.000495
2018-07-16 00:00:00+00:00,33,6.3441,0.3286,1.0,160,548449.0775,-51940.3312,0.6714,116,368203.7915,3876.322347,155702.5034,24542.7826,-131159.7208,160,548449.0775,11,6514.941212030723,461.1002883129671,-0.015979,,0.0,0.229862,-28.9982,-11.1909,-0.059525,0.028864,0.1276,0.1668,-0.317011,-0.064004,-0.7853,0.697376,0.049531,0.011865
2018-07-17 00:00:00+00:00,29,4.1262,0.3114,1.0,159,519103.3723,-55298.0685,0.6886,121,357460.5769,3855.803347,130109.8935,31532.9019,-98576.9916,159,519103.3723,9,6851.299439446287,477.8140502281836,0.001481,,0.0,0.214323,-2.1366,-6.4809,-0.028199,-0.027751,-0.0631,-0.1405,-0.17601,-0.032243,-0.7337,0.675382,-0.021994,-0.005622
2018-07-18 00:00:00+00:00,22,4.0142,0.2274,1.0,229,630968.6443,-64552.2096,0.7726,192,487497.2716,3588.312505,114858.3754,28612.9974,-86245.3781,229,630968.6443,15,7386.491754944423,493.0785175613359,-0.004923,,0.0,0.161144,-0.9473,-5.8249,-0.029565,-0.004448,-0.1684,-0.9744,-0.281829,-0.037099,0.1013,0.676472,0.001091,0.028628
2018-07-19 00:00:00+00:00,17,3.7005,0.3002,1.0,177,594450.3308,-69300.7734,0.6998,150,415987.7843,5368.703245,140495.6366,37966.9099,-102528.7268,177,594450.3308,10,7367.921124582662,471.0450671917519,0.016763,,0.0,0.203319,-1.6255,-17.9877,-0.02321,-0.004665,0.1376,-0.2569,-0.178851,-0.0317,-0.8215,0.702506,0.026033,0.00513
2018-07-20 00:00:00+00:00,12,4.2668,0.1228,1.0,189,549424.0634,-69716.336,0.8772,169,481968.6235,4083.195571,54647.7631,12807.6769,-41840.0862,189,549424.0634,8,7406.145748888417,456.30405910066776,0.00372,,0.0,0.12656,2.9957,-15.7046,-0.000319,0.043039,-0.01,-0.3077,-0.118594,-0.011562,-0.4771,0.669264,-0.033241,-0.006118
2018-07-21 00:00:00+00:00,9,4.3842,0.1771,0.8257,85,220141.5144,-71127.5499,0.8229,121,219390.7334,2457.324743,38454.8363,8771.3169,-29683.5194,139,266616.8865,9,7325.770507940476,456.9739518342133,-0.009188,,0.0,0.129441,0.4763,-42.4236,0.008188,0.006243,0.1305,0.3547,-0.051807,-0.005177,-1.1739,0.615715,-0.053549,-0.060757
2018-07-22 00:00:00+00:00,10,11.0426,0.3849,1.0,102,384230.9182,-87625.4209,0.6151,87,236323.4146,6816.781804,135625.5136,12281.99,-123343.5236,102,384230.9182,5,7434.113642173193,460.28288677294086,0.000376,,0.0,0.305476,-4.4654,-34.701,-0.004432,-0.03313,-0.1054,-0.1927,-0.039083,-0.011166,-0.9565,0.734485,0.11877,0.031979
2018-07-23 00:00:00+00:00,25,3.4742,0.2957,1.0,160,496428.4097,-80484.04,0.7043,119,349643.9777,3060.833114,113977.2434,32807.1886,-81170.0547,160,496428.4097,16,7668.583210247848,457.8609371564936,0.002868,,0.0,0.205036,3.9049,-1.7979,-0.01515,0.057948,-0.1226,-0.8172,-0.132672,-0.023051,-0.6696,0.693607,-0.040878,0.024343
2018-07-24 00:00:00+00:00,19,2.3641,0.3224,1.0,137,476612.1987,-75302.0905,0.6776,105,322959.118,4618.122217,107978.2127,45674.8681,-62303.3446,137,476612.1987,13,8040.007208502476,465.1589692285585,-0.012015,,0.0,0.208627,-1.93,-1.5913,-0.006947,-0.018289,-0.0207,-0.9038,-0.074066,-0.013277,-0.1789,0.698831,0.005224,0.083115
2018-07-25 00:00:00+00:00,11,3.5521,0.2111,1.0,171,424155.8609,-70152.6201,0.7889,151,334616.9776,4258.408618,69868.9843,19669.8991,-50199.0852,171,424155.8609,9,8229.348917131161,472.1095550480959,0.006134,,0.0,0.143612,-0.7538,-1.3977,-0.01918,-0.027089,-0.0062,-0.9152,-0.225757,-0.025631,-0.3443,0.676757,-0.022074,-0.057728
2018-07-26 00:00:00+00:00,11,5.7729,0.2146,1.0,139,301713.4138,-62024.2314,0.7854,123,236962.9139,2330.28066,55190.2532,9560.2468,-45630.0064,139,301713.4138,5,8165.34205291305,472.5201206502914,0.001101,,0.0,0.132974,-0.5759,-0.3481,-0.016275,-0.015909,0.0589,-0.5968,-0.201361,-0.021627,0.4714,0.685571,0.008814,-0.008036
2018-07-27 00:00:00+00:00,12,2.7821,0.285,1.0,149,388747.0274,-63503.9717,0.715,128,277969.251,2995.742819,81488.0222,29289.7543,-52198.268,149,388747.0274,9,7997.07865804229,462.7737689026112,-0.046415,,0.0,0.181951,-1.569,-4.9128,-0.010659,0.002411,-0.0094,-0.6289,-0.11004,-0.017345,-0.0619,0.724242,0.038672,0.025412
2018-07-28 00:00:00+00:00,6,1.9175,0.1902,0.747,58,124771.1382,-60690.905,0.8098,96,135265.1857,1995.533555,20883.115,10891.0623,-9992.0527,110,167039.363,8,8178.047113424451,467.0662644144006,-0.070549,,0.0,0.119474,-0.1811,-5.5702,0.007382,-0.010721,-0.0298,-0.7661,0.004188,0.000403,-0.5264,0.645411,-0.078831,-0.031346
2018-07-29 00:00:00+00:00,8,3.8875,0.2134,0.8982,68,191817.6515,-46916.4535,0.7866,77,167985.3606,3041.909904,36246.2777,9323.915,-26922.3627,92,213555.5533,7,8193.998095174466,465.40096601699776,-0.005373,,0.0,0.144617,-0.7742,-1.879,-0.012956,-0.010368,0.1009,-0.2265,-0.156704,-0.019383,-0.6004,0.706006,0.060595,0.020436
2018-07-30 00:00:00+00:00,14,2.2692,0.1648,1.0,147,504147.7661,-39928.7498,0.8352,126,421061.6368,5838.734447,57671.1293,25415.0,-32256.1293,147,504147.7661,7,8137.501153156314,459.5740585901577,0.070021,,0.0,0.151167,0.8144,-4.9695,-0.009688,0.008553,0.0155,-0.1348,-0.095177,-0.011755,-0.1771,0.719473,0.013467,-0.004769
2018-07-31 00:00:00+00:00,22,59.401,0.7826,1.0,190,1674171.5282,-212004.558,0.2174,159,363953.5215,60916.795337,1288526.0044,21692.0023,-1266834.0021,190,1674171.5282,9,7933.184921469538,441.6650827827293,0.018544,,0.0,0.936908,0.12,-2.9196,-0.015246,0.009594,-0.0219,-0.2401,-0.020926,-0.019259,0.1036,0.814957,0.095483,0.169546
2018-08-01 00:00:00+00:00,16,8.639,0.231,1.0,169,480279.0416,-217391.7836,0.769,149,369353.2357,3495.652828,99417.7348,11508.071,-87909.6638,169,480279.0416,4,7583.200274774183,421.6037170608572,0.028102,,0.0,0.195051,-0.1658,-2.3316,-0.004137,-0.021005,0.0142,-0.1577,-0.091035,-0.014757,-0.1401,0.709575,-0.105382,0.003569
2018-08-02 00:00:00+00:00,16,0.9593,0.2501,1.0,139,526349.3218,-210482.2648,0.7499,114,394685.9569,6123.179177,64463.3699,67199.995,2736.6251,139,526349.3218,9,7586.976454715978,415.6369482262805,-0.000742,,0.0,0.169506,0.0683,-1.6874,0.02278,0.049577,0.0835,0.2635,0.107745,0.015033,-0.5342,0.710535,0.00096,-0.008938
2018-08-03 00:00:00+00:00,15,1.6252,0.2324,0.911,118,321759.299,-205818.327,0.7676,122,271092.3169,2971.596356,50820.2958,31269.5922,-19550.7036,150,353182.2049,13,7400.772717396423,409.9943979457101,-0.003371,,0.0,0.160748,0.9244,0.806,0.009646,-0.033344,-0.168,-0.6596,0.02835,0.003729,-0.4609,0.672157,-0.038378,-0.142799
2018-08-04 00:00:00+00:00,13,1.8174,0.2282,0.935,76,269049.4638,-207112.2739,0.7718,77,222104.2025,3951.312678,42355.5447,23305.8635,-19049.6812,96,287765.6106,6,7264.642132933538,412.2872424819428,-0.011826,,0.0,0.165843,-1.0141,-0.0271,0.007546,0.04334,0.1859,0.3518,0.0019,0.000273,-1.3019,0.712124,0.039967,0.002549
2018-08-05 00:00:00+00:00,12,14.2537,0.2851,0.967,92,233293.7742,-211803.4935,0.7149,85,172474.871,3279.498503,64269.8969,4508.9973,-59760.8996,100,241253.7653,3,6995.2654215083885,406.3431776726228,-0.004897,,0.0,0.194253,-0.1677,0.5794,-0.060133,0.014222,0.0959,0.8665,-0.358938,-0.062251,-0.8716,0.717238,0.005114,0.006703
2018-08-06 00:00:00+00:00,17,2.0258,0.1225,0.9613,145,347700.3328,-209340.8252,0.8775,134,317384.0262,2951.82937,29657.4155,14639.9646,-15017.4509,159,361681.4063,8,6994.823188575498,407.3663960542656,0.02511,,0.0,0.118605,1.2203,0.9853,0.013464,-0.047857,-0.2013,-0.2464,0.092283,0.008729,-0.0961,0.675564,-0.041674,0.003407
2018-08-07 00:00:00+00:00,30,8.3415,0.2475,0.9745,152,381789.82,-39250.8947,0.7525,124,294821.3584,2679.206719,86584.4661,10379.9773,-76204.4888,162,391785.8018,8,6996.985755612799,403.264290955572,0.027701,,0.0,0.190666,5.3643,6.2297,-0.017875,-0.019102,-0.0059,-0.2728,-0.148143,-0.023882,-0.1926,0.68007,0.004506,-0.032054
2018-08-08 00:00:00+00:00,28,3.6818,0.2862,1.0,158,602168.7845,-40793.8878,0.7138,116,429844.1677,3508.939528,135517.6161,36807.0007,-98710.6153,158,602168.7845,14,6448.759315203375,366.278025178489,0.015343,,0.0,0.220143,51.5956,57.9911,-0.027164,-0.008263,-0.0074,-0.3032,-0.171672,-0.032891,1.3953,0.707121,0.027051,-0.010117
2018-08-09 00:00:00+00:00,13,2.2491,0.2415,1.0,170,541077.29,-48362.4682,0.7585,145,410385.6068,6386.448147,90467.5604,40224.1228,-50243.4376,170,541077.29,12,6396.437966525016,361.3650797918288,-0.011006,,0.0,0.187486,-1.1442,56.7786,-0.017057,-0.011574,-0.0417,-0.5247,-0.131374,-0.021687,-0.2721,0.701759,-0.005362,0.026195
2018-08-10 00:00:00+00:00,16,5.086,0.163,1.0,139,598533.4233,-54926.6376,0.837,116,500972.5453,5823.225249,81530.3838,16030.4941,-65499.8897,139,598533.4233,7,6400.943516999968,356.2078027217701,-0.046473,,0.0,0.152982,-33.993,21.8612,-0.012273,0.023281,-0.0324,-0.6931,-0.152441,-0.0195,-0.1592,0.729439,0.02768,0.049369
2018-08-11 00:00:00+00:00,27,4.7587,0.2758,1.0,159,478937.5334,-64523.2083,0.7242,119,346831.5686,3894.17031,109165.8206,22940.1442,-86225.6764,159,478937.5334,13,6192.723956123594,318.4123158618418,-0.066205,,0.0,0.253632,-18.8254,4.0499,-0.028219,-0.013835,0.0438,-0.4416,-0.157889,-0.034626,-0.8261,0.696421,-0.033018,-0.010699
2018-08-12 00:00:00+00:00,14,3.1835,0.2521,1.0,113,278790.9252,-61226.3511,0.7479,90,208508.0516,2622.230768,53482.8863,16799.9873,-36682.899,113,278790.9252,9,6309.70609229086,321.46850204940336,0.002285,,0.0,0.202117,-2.095,2.1226,-0.012978,-0.00744,-0.0543,-0.7332,-0.096129,-0.01744,-0.9984,0.705052,0.008631,0.003293
2018-08-13 00:00:00+00:00,37,3.9758,0.3199,1.0,211,945890.7539,-84937.0521,0.6801,158,643255.0557,8551.050149,241814.028,60821.6702,-180992.3578,211,945890.7539,16,6347.64267010957,308.70191660707314,0.002633,,0.0,0.237022,0.9932,1.8955,-0.049026,0.042231,0.0751,-0.324,-0.279414,-0.058146,0.0237,0.732395,0.027343,0.002955
2018-08-14 00:00:00+00:00,54,5.6967,0.326,1.0,265,1026869.9084,-107592.1254,0.674,189,692098.0385,4674.284073,284780.9359,49990.934,-234790.0018,265,1026869.9084,22,6063.649412157859,264.0499420738046,-0.011044,,0.0,0.259387,1.3793,-2.0895,-0.044953,0.023479,0.0918,0.1746,-0.255158,-0.055541,-0.6654,0.682437,-0.049957,-0.013984
2018-08-15 00:00:00+00:00,27,1.899,0.2555,1.0,192,762663.1143,-102123.6154,0.7445,144,567789.9602,3545.900897,127652.0998,67221.0543,-60431.0455,192,762663.1143,21,6370.156601875992,286.79204396818807,0.052494,,0.0,0.242223,0.3386,-53.3465,-0.023112,-0.031294,-0.0751,-0.2408,-0.106094,-0.021949,-0.4449,0.731884,0.049447,0.026832
2018-08-16 00:00:00+00:00,14,1.9616,0.239,1.0,142,436518.0911,-99784.2024,0.761,113,332208.8259,2991.405301,69088.4059,35220.8592,-33867.5467,142,436518.0911,15,6344.119797514671,287.7907644350317,0.002047,,0.0,0.168576,-2.1063,-54.3086,-0.011954,-0.032156,0.0408,-0.0176,-0.101359,-0.014117,-0.6957,0.696735,-0.035149,-0.03566
2018-08-17 00:00:00+00:00,26,1.5765,0.222,1.0,172,703231.7472,-95416.538,0.778,130,547142.3857,7805.165131,95507.8003,60581.5612,-34926.2391,172,703231.7472,16,6467.728904555567,299.67985013709733,0.033238,,0.0,0.176675,14.781,-5.5345,-0.003714,0.016964,-0.1086,-0.6168,-0.054942,-0.008477,-0.0058,0.721496,0.024761,0.039059
2018-08-18 00:00:00+00:00,11,2.5904,0.2873,1.0,102,311221.1898,-88756.9848,0.7127,84,221803.1992,3452.007137,64513.3973,24904.5934,-39608.8039,102,311221.1898,7,6445.217950516219,302.3750040822243,-0.004186,,0.0,0.200163,-14.7563,-1.4655,0.001242,0.002638,0.1365,0.1341,-0.054277,-0.009669,-1.7611,0.684676,-0.03682,-0.047209
2018-08-19 00:00:00+00:00,11,0.6516,0.2327,0.9109,75,142765.3716,-82417.2452,0.7673,63,120250.7206,1420.895868,14390.4292,22085.7073,7695.2782,89,156726.8571,15,6393.557338035342,296.6957754244424,-0.026547,,0.0,0.133923,-1.9561,-1.3266,0.030515,-0.01978,-0.0469,-0.1267,0.174007,0.019878,-1.6552,0.668872,-0.015804,-0.027863
2018-08-20 00:00:00+00:00,9,1.865,0.2783,1.0,131,420110.1085,-61604.559,0.7217,108,303181.1264,3809.423189,76116.2683,40812.7138,-35303.5545,131,420110.1085,14,6440.494285709864,291.1157633306421,-0.007555,,0.0,0.194259,0.3162,-2.0035,0.049494,0.00736,0.0035,-0.1126,0.204139,0.035434,-0.6776,0.710985,0.042113,-0.010511
2018-08-21 00:00:00+00:00,17,3.0091,0.2458,1.0,161,443477.6794,-35867.3577,0.7542,135,334466.5151,3257.493021,81820.3784,27190.7859,-54629.5925,161,443477.6794,9,6392.221158406076,277.63351878497696,0.02344,,0.0,0.187795,0.9806,-2.4022,-0.048482,0.008886,0.064,0.2382,-0.322898,-0.04991,-0.6604,0.703439,-0.007546,0.018764
2018-08-22 00:00:00+00:00,18,4.5537,0.3651,1.0,148,553674.6119,-45713.9218,0.6349,116,351515.8651,7302.297594,165757.8703,36400.8765,-129356.9938,148,553674.6119,14,6577.287503147093,281.4638987308404,-0.002531,,0.0,0.234605,1.0841,-1.6567,-0.040977,0.015425,-0.1226,-0.4436,-0.24111,-0.050502,-1.059,0.717073,0.013634,0.048201
2018-08-23 00:00:00+00:00,16,1.0101,0.3962,1.0,121,415348.9306,-40994.1225,0.6038,91,250779.8754,3922.542688,82699.0037,81870.0516,-828.9521,121,415348.9306,14,6438.499271562748,273.67914085654434,0.005464,,0.0,0.198644,-0.8222,-0.3726,0.034423,-0.006304,0.0482,-0.1766,0.136359,0.024693,-0.5367,0.718803,0.001729,0.007817
2018-08-24 00:00:00+00:00,12,2.2031,0.2196,1.0,107,402926.2395,-40752.7622,0.7804,86,314439.6491,5802.295491,60861.6536,27624.9368,-33236.7168,107,402926.2395,9,6551.265784221174,276.1462651219035,-0.000413,,0.0,0.131681,0.8508,-14.3028,-0.000942,-0.009484,-0.1098,-0.7784,-0.11009,-0.012464,-1.0411,0.719003,0.000201,0.015564
2018-08-25 00:00:00+00:00,7,8.0026,0.0518,1.0,122,347848.7023,-37095.9695,0.9482,114,329835.711,3153.151271,16012.123,2000.8683,-14011.2547,122,347848.7023,1,6717.800216962737,279.52548560297544,-0.006505,,0.0,0.112743,-1.9367,-1.4832,-0.009044,-0.00686,0.04,-0.5603,-0.151841,-0.013837,-0.8325,0.71296,-0.006043,-0.004113
2018-08-26 00:00:00+00:00,3,0.5218,0.1691,1.0,93,243801.058,-36344.387,0.8309,82,202570.729,2677.226457,14136.9867,27093.3423,12956.3556,93,243801.058,8,6678.103187585925,273.61926171279055,-0.00145,,0.0,0.135217,0.1498,0.6226,0.065558,-0.003295,-0.0911,-1.0571,0.481201,0.055799,-0.8086,0.691277,-0.021684,-0.027526
2018-08-27 00:00:00+00:00,23,3.1977,0.2637,1.0,143,524347.6983,-41643.9071,0.7363,111,386059.3486,3387.219857,105344.2726,32944.0771,-72400.1955,143,524347.6983,9,6721.377359382446,276.5529621826728,-0.015931,,0.0,0.197652,1.0455,1.3519,-0.071423,0.012155,0.1114,-0.4421,-0.427404,-0.072813,-0.7947,0.712042,0.020765,-0.006961
2018-08-28 00:00:00+00:00,23,3.6644,0.2983,1.0,175,402207.3275,-43630.9843,0.7017,140,282219.4517,3036.334136,94263.5042,25724.3716,-68539.1327,175,402207.3275,12,6993.453515775876,288.2184161053878,0.027637,,0.0,0.210399,0.3339,0.7052,-0.034592,0.016034,-0.0334,-0.6235,-0.229053,-0.041786,-0.2447,0.675195,-0.036847,-0.037766
2018-08-29 00:00:00+00:00,35,5.3765,0.449,1.0,147,494311.2363,-46912.5137,0.551,101,272371.3102,6995.550897,187133.8129,34806.1132,-152327.6997,147,494311.2363,11,7062.884976771544,292.4351616281628,-0.033152,,0.0,0.254405,1.0606,0.6817,-0.079884,0.004598,0.1484,0.1886,-0.376972,-0.085777,-1.1574,0.69956,0.024365,0.008283
2018-08-30 00:00:00+00:00,12,3.4892,0.2391,1.0,127,413968.518,-54634.8354,0.7609,106,314985.4264,3349.897435,76934.1479,22048.9437,-54885.2042,127,413968.518,9,6945.706164099711,282.38627341788805,0.013061,,0.0,0.149533,-0.5456,0.9583,-0.01377,0.000567,0.0409,0.4084,-0.175765,-0.021776,-1.0405,0.696069,-0.00349,-0.015973
2018-08-31 00:00:00+00:00,8,0.9615,0.2843,1.0,119,465778.7525,-49515.6179,0.7157,100,333359.1351,4308.410082,64910.9057,67508.7117,2597.806,119,465778.7525,11,6986.833600157402,280.98104790434434,0.007248,,0.0,0.153772,0.5845,0.692,0.026411,0.008032,-0.0916,-0.1047,0.120729,0.016133,-0.7608,0.700971,0.004901,0.025776
2018-09-01 00:00:00+00:00,10,2.4639,0.2917,1.0,129,335838.943,-53429.3824,0.7083,108,237860.2289,3302.558297,69693.1601,28285.554,-41407.606,129,335838.943,11,7113.104675560519,290.5573784480927,0.001237,,0.0,0.19423,-1.7226,0.906,-0.019225,-0.028489,0.0589,0.2121,-0.146496,-0.025003,-0.0871,0.685162,-0.015809,-0.014398
2018-09-02 00:00:00+00:00,20,5.6754,0.3048,0.9425,105,213116.6803,-62175.5747,0.6952,93,157201.216,2128.243502,58590.6685,10323.6779,-48266.9906,118,226115.5625,5,7240.468990009346,294.1072560581682,-0.024615,,0.0,0.207461,-0.7192,0.0371,-0.012034,-0.010592,-0.1685,-0.7127,-0.123143,-0.022628,-0.5279,0.684603,-0.000559,-0.011466
2018-09-03 00:00:00+00:00,31,5.352,0.268,1.0,137,802519.377,-72881.942,0.732,96,587460.3748,13479.509749,181201.8846,33857.1176,-147344.767,137,802519.377,10,7259.339385373674,289.8374393423656,0.011252,,0.0,0.207334,0.9267,-0.0817,-0.080784,0.02148,0.014,-0.6274,-0.454295,-0.0829,-0.2166,0.750043,0.06544,0.049073
2018-09-04 00:00:00+00:00,26,2.2663,0.1676,1.0,161,1685883.4566,-78735.8334,0.8324,115,1403392.7681,51458.833011,196003.5305,86487.158,-109516.3725,161,1685883.4566,20,7324.674518768502,287.54351622523615,-0.005237,,0.0,0.163474,0.6763,0.2607,-0.001416,-0.001997,-0.0105,-0.6802,-0.06492,-0.00964,-0.2993,0.828035,0.077992,0.142874
2018-09-05 00:00:00+00:00,30,1.8979,0.3843,1.0,219,822377.8258,-70962.8322,0.6157,159,506364.0267,4666.123109,206965.2451,109048.554,-97916.6911,219,822377.8258,30,7142.576910551743,265.2062799578561,-0.028125,,0.0,0.279144,-0.2088,-1.0087,0.065298,0.002369,0.0947,-0.1671,0.171101,0.041913,0.6688,0.692061,-0.135974,0.007458
2018-09-06 00:00:00+00:00,37,2.8758,0.3188,1.0,243,1138575.953,-88220.0396,0.6812,184,775574.2835,5358.763235,269343.6627,93658.0067,-175685.656,243,1138575.953,22,6440.905031075658,226.51653356399416,0.01953,,0.0,0.251818,2.4393,1.9762,0.008098,0.006919,-0.0464,-0.4254,-0.033822,-0.007544,1.2427,0.746269,0.054208,-0.003775
2018-09-07 00:00:00+00:00,44,4.9994,0.4,1.0,195,938487.8808,-124342.6423,0.6,133,563078.2328,6804.735601,312835.0305,62574.6175,-250260.413,195,938487.8808,18,6446.581684494116,222.93622609090357,0.019981,,0.0,0.278126,-0.9668,0.4249,-0.090218,-0.000398,-0.0414,-0.6525,-0.388383,-0.092998,-1.3104,0.726059,-0.020209,-0.101976
2018-09-08 00:00:00+00:00,25,1.6648,0.2641,1.0,162,767018.4197,-125648.4303,0.7359,122,564410.5759,4646.199397,126577.9828,76029.861,-50548.1218,162,767018.4197,15,6369.951404669052,212.35629581840715,0.014086,,0.0,0.214788,-1.0065,1.1411,0.023903,0.005607,-0.0076,-0.6921,0.060992,0.011709,-1.0165,0.759971,0.033912,0.06791
2018-09-09 00:00:00+00:00,15,1.5659,0.1628,1.0,167,807796.7853,-122895.9349,0.8372,138,676305.6312,7632.881027,80245.3386,51245.8155,-28999.5231,167,807796.7853,14,6296.566818316464,197.1586471332359,-0.008502,,0.0,0.157341,0.2945,2.1547,0.016924,-0.004598,0.0647,-0.338,0.046033,0.005909,-0.9346,0.741483,-0.018488,-0.004786
2018-09-10 00:00:00+00:00,38,3.3676,0.3036,1.0,193,865660.4435,-122197.9477,0.6964,138,602859.2129,4819.676261,202630.0436,60171.187,-142458.8566,193,865660.4435,17,6296.06515140694,196.27717793627264,-0.022481,,0.0,0.227122,0.7,1.928,-0.056766,0.008717,0.0338,-0.1402,-0.308292,-0.060655,0.1269,0.732238,-0.009245,0.006179
2018-09-11 00:00:00+00:00,36,7.3535,0.3346,1.0,190,984572.0013,-142342.3986,0.6654,141,655182.1978,8259.759768,289958.6661,39431.1374,-250527.5287,190,984572.0013,13,6302.865649641408,190.40308505891645,-0.021889,,0.0,0.248758,0.8186,2.0703,-0.058279,0.021046,0.1695,0.7967,-0.314865,-0.06953,-0.1364,0.744588,0.01235,-0.015383
2018-09-12 00:00:00+00:00,58,5.1162,0.3747,1.0,233,1463144.399,-181063.2576,0.6253,159,914909.3453,5201.761913,458598.8787,89636.1749,-368962.7038,233,1463144.399,16,6275.454160978612,175.8457954205608,0.022071,,0.0,0.30464,0.2644,2.5435,-0.073599,-0.01103,0.0506,1.0594,-0.275372,-0.07405,-0.8503,0.738813,-0.005775,-0.002669
2018-09-13 00:00:00+00:00,44,2.0755,0.3718,1.0,185,689105.8225,-168763.3623,0.6282,122,432921.2307,3449.279319,172885.4904,83299.1014,-89586.389,185,689105.8225,19,6444.309979351534,196.8644020370802,-0.032694,,0.0,0.261161,0.6967,0.8009,-0.034559,-0.019891,-0.1975,-0.032,-0.159366,-0.035811,-0.8212,0.689467,-0.049347,-0.042771
2018-09-14 00:00:00+00:00,25,1.9719,0.2993,1.0,176,653818.4593,-142153.6511,0.7007,132,458135.3568,4166.201921,129837.7686,65845.3338,-63992.4348,176,653818.4593,19,6509.300619418281,213.6238444127757,0.015455,,0.0,0.196777,-1.6456,0.1221,-0.00291,0.011014,0.0504,0.245,-0.081553,-0.013592,-1.8529,0.685565,-0.003902,-0.059023
2018-09-15 00:00:00+00:00,31,3.3697,0.4048,1.0,127,413744.239,-147907.5491,0.5952,81,246261.7759,2805.340371,129153.9355,38328.5276,-90825.4079,127,413744.239,15,6521.207515105566,218.7852461564493,0.030144,,0.0,0.283684,-0.34,0.7886,-0.020522,-0.000809,0.1298,0.9414,-0.116586,-0.030561,-1.7188,0.706635,0.02107,-0.032179
2018-09-16 00:00:00+00:00,9,2.1587,0.2515,1.0,107,345298.43,-148314.9619,0.7485,88,258467.4389,3751.48822,59341.2018,27489.7893,-31851.4124,107,345298.43,10,6487.839474311968,218.0054815796218,-0.012405,,0.0,0.174024,-0.5468,-0.0528,0.034677,0.002707,-0.0907,0.4386,0.128749,0.019295,-2.4318,0.678362,-0.028273,-0.011105
2018-09-17 00:00:00+00:00,25,2.1715,0.2691,1.0,173,561806.5353,-135941.3892,0.7309,131,410626.163,3806.976308,103512.1102,47668.2622,-55843.848,173,561806.5353,17,6411.433991841102,213.29538090622395,-0.001853,,0.0,0.206532,1.4889,0.7362,0.018601,0.004168,-0.007,0.396,0.038075,0.006649,-0.7591,0.698083,0.019721,0.012518
2018-09-18 00:00:00+00:00,27,3.4763,0.2755,1.0,155,549681.266,-112120.2485,0.7245,113,398236.0121,4362.630765,117612.3987,33832.8553,-83779.5434,155,549681.266,15,6300.113199660272,203.3985328389723,-0.005002,,0.0,0.221144,0.929,0.8465,0.002639,-0.011613,0.0507,0.6662,-0.063597,-0.012266,-0.9953,0.697136,-0.000947,-0.009499
2018-09-19 00:00:00+00:00,25,3.9227,0.3015,1.0,129,470658.6281,-71447.627,0.6985,90,328749.7382,5867.397538,113081.6217,28827.2682,-84254.3535,129,470658.6281,14,6344.1201373387485,209.590304030973,0.012609,,0.0,0.225861,2.6326,3.2147,-0.016367,-0.004659,0.1252,1.3188,-0.123697,-0.025112,-0.8473,0.708859,0.011722,0.030497
2018-09-20 00:00:00+00:00,43,3.3094,0.3923,1.0,161,687863.3036,-79308.1746,0.6077,100,418014.8527,5962.981671,207229.3366,62619.1142,-144610.2224,161,687863.3036,18,6414.64119588158,210.5289830640381,-0.029384,,0.0,0.29122,-1.095,1.4229,-0.031656,-0.004523,-0.2097,0.1797,-0.15175,-0.041289,-0.8621,0.736989,0.02813,0.038906
2018-09-21 00:00:00+00:00,68,2.9936,0.3559,1.0,256,984152.2384,-95145.9617,0.6441,170,633881.0047,4860.154634,262564.0891,87707.1446,-174856.9446,256,984152.2384,18,6666.099085634841,230.04646313059456,0.012395,,0.0,0.278502,1.2203,4.2889,-0.038838,0.007259,0.0855,0.6311,-0.179647,-0.045367,-0.148,0.695338,-0.041651,-0.001798
2018-09-22 00:00:00+00:00,53,7.6242,0.5008,1.0,134,461312.8975,-107520.71,0.4992,73,230288.0956,4785.889643,204236.7237,26788.0782,-177448.6455,134,461312.8975,8,6749.026553294658,242.0302868190052,-0.004423,,0.0,0.338731,-2.8425,1.7864,-0.16013,-0.006481,-0.0562,0.3166,-0.500065,-0.145299,-1.0785,0.687993,-0.007344,-0.020865
2018-09-23 00:00:00+00:00,29,4.4025,0.3414,1.0,168,473065.6879,-117501.0809,0.6586,127,311564.3187,3864.921173,131607.6892,29893.68,-101714.0091,168,473065.6879,12,6727.061605789056,242.66790777856215,-0.009283,,0.0,0.245026,-1.4231,0.9101,-0.047326,-0.008102,0.0265,0.4426,-0.237707,-0.052768,-1.5148,0.672331,-0.015662,-0.064657
2018-09-24 00:00:00+00:00,19,0.1547,0.7186,1.0,129,880428.1962,-43350.9223,0.2814,86,247715.274,19520.52452,84752.83,547960.0922,463207.2622,129,880428.1962,24,6645.622797437004,236.5002745331576,0.011924,,0.0,0.421565,2.4148,1.836,0.257003,0.010337,0.0095,0.4832,0.637366,0.252561,-1.0655,0.741323,0.068991,0.045985
2018-09-25 00:00:00+00:00,16,2.6028,0.3978,0.9327,153,525149.8497,-45617.5592,0.6022,146,339065.189,6198.065784,161814.7443,62168.7431,-99646.0012,192,563048.6764,30,6429.436122233044,215.08718087369957,0.003329,,0.0,0.303314,0.9952,1.9022,0.07257,0.0007,0.0586,0.7931,0.212199,0.057942,0.2054,0.650632,-0.090691,-0.037361
2018-09-26 00:00:00+00:00,24,1.3768,0.4464,1.0,142,736328.0803,-41025.1626,0.5536,91,407625.3226,8462.316175,190405.1677,138297.5901,-52107.5776,142,736328.0803,27,6476.781832080479,215.7041466054433,0.021153,,0.0,0.329664,0.3542,-0.3761,0.048117,0.008341,0.0399,0.9912,0.13578,0.040668,-1.1782,0.728421,0.077788,0.056089
2018-09-27 00:00:00+00:00,11,1.3873,0.1937,1.0,142,518455.2921,-22693.7177,0.8063,116,418038.8215,5207.050343,58353.2892,42063.1814,-16290.1078,142,518455.2921,15,6527.862835857726,218.8004326355548,-0.004947,,0.0,0.169048,0.4395,1.1584,0.007547,-0.012097,-0.1544,0.1305,-0.02165,-0.003066,-0.7453,0.716032,-0.012388,-0.025291
2018-09-28 00:00:00+00:00,10,0.425,0.2658,1.0,149,579979.7526,11172.8216,0.7342,119,425795.934,7441.273085,45987.4942,108196.3243,62208.8301,149,579979.7526,20,6681.779431967366,226.20986509853512,-0.012183,,0.0,0.193752,1.474,1.4122,0.078016,0.009771,-0.0244,0.0222,0.37971,0.06436,-0.6959,0.716009,-2.4e-05,0.065376
2018-09-29 00:00:00+00:00,10,5.9407,0.1976,1.0,131,414411.6694,28193.9879,0.8024,116,332511.2319,4118.779742,70100.4593,11799.9782,-58300.4811,131,414411.6694,5,6561.923911436843,226.611292452433,-0.046754,,0.0,0.176794,2.3434,6.5981,-0.000502,0.024631,0.0324,0.3704,-0.08375,-0.012248,-2.1225,0.679112,-0.036896,-0.049308
2018-09-30 00:00:00+00:00,25,3.7521,0.2321,1.0,137,413545.326,34785.0756,0.7679,103,317580.588,3992.505217,75770.5666,20194.1714,-55576.3952,137,413545.326,9,6601.751615948222,232.68989160063185,-0.011097,,0.0,0.196958,-3.9821,4.039,-0.064945,-0.034288,-0.0759,-0.21,-0.379224,-0.060415,-1.2758,0.68577,0.006657,-0.030262
2018-10-01 00:00:00+00:00,7,1.267,0.2621,1.0,114,410139.1419,-33195.8663,0.7379,91,302658.0918,4135.687,60070.1905,47410.8595,-12659.331,114,410139.1419,16,6602.653284669873,230.39691167915032,-0.014291,,0.0,0.187063,2.5797,4.2039,0.017103,0.003935,0.0716,0.3963,0.05738,0.009144,-1.3096,0.685849,8e-05,-0.030159
2018-10-02 00:00:00+00:00,14,1.8098,0.357,0.9289,121,286858.4927,-23499.2672,0.643,107,198575.8359,3164.985025,71003.6641,39233.8567,-31769.8074,143,308813.3567,22,6576.596102880592,228.6650248840625,0.004376,,0.0,0.192126,1.1105,4.3192,0.024453,0.015712,0.0797,1.0249,0.057128,0.009642,-1.2591,0.656286,-0.029563,-0.022826
2018-10-03 00:00:00+00:00,12,2.5866,0.2078,0.9026,144,419397.3718,-22155.9517,0.7922,163,368099.4759,4586.90079,69619.7645,26915.3953,-42704.3691,195,464634.6357,20,6486.48933277836,220.15359246171587,0.038016,,0.0,0.168341,-6.3338,-2.3688,0.048436,0.007401,-0.066,0.4819,0.244127,0.033761,0.3756,0.60642,-0.049866,-0.07935
2018-10-04 00:00:00+00:00,31,5.6322,0.2632,0.9079,133,454689.7752,-32983.4785,0.7368,141,369000.0218,4737.36506,111961.4458,19878.6498,-92082.796,183,500840.1173,11,6576.578684753922,223.7233851654659,-0.001874,,0.0,0.153532,0.0744,-2.7339,-0.037368,0.012124,-0.0813,-0.1762,-0.358668,-0.045076,-0.0965,0.620015,0.013595,-0.065834
2018-10-05 00:00:00+00:00,16,1.9609,0.1991,0.9521,135,462808.0141,-46356.2924,0.8009,127,389319.4854,7479.22897,64078.5373,32677.6702,-31400.8671,159,486075.6929,16,6578.574942563838,222.7507338114107,-0.017163,,0.0,0.137259,-1.0392,-5.2471,0.012643,-0.007633,0.0182,-0.0132,0.017901,0.002026,-0.6797,0.652917,0.032902,-0.003369
2018-10-06 00:00:00+00:00,3,1.1219,0.1748,0.8931,79,250957.4644,-38430.7898,0.8252,98,231871.1561,3778.991055,25974.9995,23153.037,-2821.9625,116,280999.1926,15,6593.627812655949,225.9075004711431,-0.019239,,0.0,0.102573,-3.6202,-11.2108,0.027025,-0.045723,-0.0048,-0.032,0.182311,0.015311,-0.7084,0.630961,-0.021956,0.024541
2018-10-07 00:00:00+00:00,10,2.7627,0.3227,0.8268,75,201174.217,-35745.9519,0.6773,101,164808.8024,3240.918549,57649.5858,20867.0556,-36782.5301,130,243325.4438,19,6576.472886823134,224.12807824211808,-0.114808,,0.0,0.151276,1.9072,-5.3215,0.007142,0.007445,0.0498,0.4063,-0.028956,-0.003572,-1.8638,0.583878,-0.047083,-0.036137
2018-10-08 00:00:00+00:00,26,5.4155,0.3023,1.0,166,454008.4111,-47430.1183,0.6977,135,316779.9262,4401.593485,115838.4903,21389.9946,-94448.4957,166,454008.4111,5,6619.283053989772,227.03059838558627,0.059589,,0.0,0.261598,2.8834,-5.0177,-0.031632,0.005133,0.0137,0.5676,-0.155675,-0.035932,-0.5778,0.658113,0.074235,0.005196
2018-10-09 00:00:00+00:00,21,3.7655,0.3038,1.0,141,409339.2107,-53200.8493,0.6962,112,284985.7672,3132.293411,98259.1839,26094.2596,-72164.9243,141,409339.2107,8,6633.016211635147,228.5534531663669,0.012015,,0.0,0.214847,-1.9017,-8.0299,-0.032867,-0.002077,-0.0569,0.0995,-0.218967,-0.042653,-0.6338,0.70844,0.050327,0.077479
2018-10-10 00:00:00+00:00,9,1.2823,0.1073,1.0,212,539400.8358,-48123.1421,0.8927,193,481513.2344,2321.924521,32524.0102,25363.5912,-7160.419,212,539400.8358,10,6571.760175246595,225.66182537717933,-0.058699,,0.0,0.132562,2.3006,0.6045,0.039732,0.014588,-0.019,-0.0583,0.284625,0.030239,-1.52,0.706752,-0.001688,0.122874
2018-10-11 00:00:00+00:00,45,4.9455,0.5095,1.0,205,1151308.6672,-90582.4687,0.4905,129,564671.0591,9981.069761,487967.8453,98669.7629,-389298.0824,205,1151308.6672,31,6287.927276189685,202.03075448490432,0.074126,,0.0,0.403133,-0.3685,0.1616,-0.009818,0.015442,0.0987,0.9599,-0.061588,-0.022357,-0.6825,0.716614,0.009862,0.058501
2018-10-12 00:00:00+00:00,21,2.9093,0.3729,1.0,164,654376.1647,-103121.2156,0.6271,126,410367.7155,5955.001406,181590.2721,62418.177,-119172.0951,164,654376.1647,17,6289.454775388905,196.8488604727795,0.013753,,0.0,0.288159,-0.326,0.8748,0.058104,0.016979,0.0093,1.0782,0.141965,0.036466,-1.6416,0.689901,-0.026714,-0.018539
2018-10-13 00:00:00+00:00,4,0.4977,0.0554,1.0,131,361192.1203,-101760.146,0.9446,119,341199.7243,3231.563583,6643.4358,13348.9602,6705.5244,131,361192.1203,8,6307.650093388347,200.0792061957383,-0.046802,,0.0,0.083798,-3.0204,1.4746,0.044427,-0.057729,-0.0578,0.4761,0.498737,0.031935,-1.5025,0.651475,-0.038426,-0.055277
2018-10-14 00:00:00+00:00,13,2.1811,0.2805,0.8304,75,260448.5087,-101171.2739,0.7195,102,225662.7966,4070.776551,60313.0702,27652.6453,-32660.4249,140,313628.5121,25,6359.665222973352,201.5698157025979,-0.017722,,0.0,0.145715,-0.339,-0.7715,0.001669,0.013698,0.0031,0.5104,-0.10495,-0.012239,-1.6814,0.583085,-0.06839,-0.13353
2018-10-15 00:00:00+00:00,57,2.2365,0.3811,1.0,231,1033882.8164,-109184.2269,0.6189,144,639843.3945,4880.813453,272289.2943,121750.1276,-150539.1667,231,1033882.8164,30,6619.776189412183,209.5686477693201,-0.032024,,0.0,0.272842,5.0734,1.4185,-0.012428,0.012267,-0.039,0.1109,-0.120975,-0.026815,-0.6669,0.652922,0.069838,-0.036978
2018-10-16 00:00:00+00:00,17,1.6309,0.1873,1.0,197,824077.1024,-104162.2546,0.8127,163,669739.1905,16010.019923,95674.5152,58663.3968,-37011.1184,197,824077.1024,17,6637.466725529226,211.74328709401885,0.048161,,0.0,0.147637,-3.5473,-0.2271,0.013104,-0.009236,-0.016,-0.0722,0.013434,0.001609,0.908,0.679411,0.026489,0.027936
2018-10-17 00:00:00+00:00,11,2.0877,0.209,1.0,205,632661.433,-109793.256,0.791,180,500443.5912,3698.730866,89397.6354,42820.2065,-46577.4289,205,632661.433,14,6623.349245014689,211.55669078829712,0.009829,,0.0,0.154808,0.7703,-1.7573,0.01968,0.013053,-0.025,-0.3312,0.081764,0.010247,0.4445,0.649437,-0.029975,0.066352
2018-10-18 00:00:00+00:00,30,5.5084,0.2246,1.0,259,911382.8187,-74435.2878,0.7754,221,706689.1493,4785.995098,173242.9871,31450.6823,-141792.3048,259,911382.8187,8,6599.364269320323,208.59027877182564,0.003135,,0.0,0.187754,-0.817,-2.2059,-0.046358,-0.022211,0.0464,0.1451,-0.329799,-0.052929,-1.4278,0.672316,0.022879,0.019394
2018-10-19 00:00:00+00:00,8,3.0507,0.193,1.0,182,488829.7705,-64235.3177,0.807,165,394466.14,4227.396829,71067.9676,23295.6629,-47772.3047,182,488829.7705,9,6503.319304992845,204.02116956844728,-0.020209,,0.0,0.170336,1.9783,0.0984,0.041158,0.005536,0.1791,1.9614,0.223599,0.031809,-0.1759,0.637439,-0.034877,-0.041973
2018-10-20 00:00:00+00:00,8,26.8647,0.2216,0.9803,141,497655.1628,-80108.7615,0.7784,140,395173.1163,6103.467492,108445.3005,4036.7182,-104408.5823,151,507655.1351,3,6516.856189119179,206.26393910864684,0.001034,,0.0,0.140673,-1.3937,1.7251,-0.055255,-0.008352,-0.1911,0.0063,-0.527804,-0.063308,-0.8514,0.677518,0.040079,0.028081
2018-10-21 00:00:00+00:00,13,50.2572,0.8496,0.959,70,1158004.9712,-216285.0698,0.1504,103,181558.0521,77377.049804,1005909.8316,20015.2492,-985894.5824,133,1207483.1329,17,6552.104041237286,207.90975810230196,0.007313,,0.0,1.054753,-0.5727,1.4914,0.016537,0.005665,-0.0043,-0.0539,0.009774,0.010194,-1.1808,0.785772,0.108254,0.113456
2018-10-22 00:00:00+00:00,21,1.624,0.3121,0.9161,151,423008.0823,-199675.1775,0.6879,149,317650.7487,3274.950529,89189.2196,54919.299,-34269.9206,192,461759.2673,22,6527.925666407454,205.96523918635248,0.036192,,0.0,0.16597,0.9417,-2.6403,0.007244,0.004387,-0.0721,-0.8181,-0.019296,-0.002678,-0.3732,0.613378,-0.172394,-0.024061
2018-10-23 00:00:00+00:00,32,2.9747,0.2961,0.9185,145,515458.9683,-206180.4715,0.7039,139,395039.6499,4279.306155,124350.6823,41802.5058,-82548.1765,191,561192.838,20,6495.524040499219,203.90823805134423,-0.030753,,0.0,0.18875,1.1981,2.105,-0.035734,0.017202,0.0423,-0.3974,-0.276849,-0.043689,-0.1303,0.636465,0.023087,-0.041053
2018-10-24 00:00:00+00:00,10,0.6992,0.1472,1.0,162,504517.894,-197648.2048,0.8528,133,430251.5096,4068.234069,30558.9732,43707.4112,13148.438,162,504517.894,19,6508.855709286811,204.6148427224242,0.033497,,0.0,0.112938,2.1272,3.4618,0.02378,0.032453,-0.095,-1.4006,0.177402,0.015384,-0.2184,0.646749,0.010284,-0.139023
2018-10-25 00:00:00+00:00,15,1.9082,0.1445,1.0,183,941087.5956,-183457.4508,0.8555,152,805131.6044,14408.892334,89206.5089,46749.4822,-42457.0267,183,941087.5956,16,6473.533705767107,202.71344469663055,0.043201,,0.0,0.102043,0.1017,4.3805,-0.004897,-0.012188,0.1052,-0.2984,-0.161269,-0.013545,0.2257,0.709479,0.06273,0.096101
2018-10-26 00:00:00+00:00,33,1.8383,0.2091,0.9619,164,626376.5134,-182378.2399,0.7909,129,515021.7832,8362.764093,88195.1806,47977.352,-40217.8286,189,651194.3157,27,6460.303801091931,202.80348491705152,-0.044564,,0.0,0.146425,-0.2493,2.1529,-0.009377,-0.005435,-0.0126,-0.4515,-0.120775,-0.014686,0.3153,0.660445,-0.049034,0.023981
2018-10-27 00:00:00+00:00,7,2.3479,0.1537,0.8121,44,232045.7949,-169988.782,0.8463,117,241818.3457,4888.439301,30801.1017,13118.7249,-17682.3768,134,285738.1724,10,6460.562805082653,203.2503517131223,-0.056269,,0.0,0.084188,-3.9077,-0.3611,0.001518,-0.020969,0.0006,-0.446,-0.133896,-0.008271,-1.5034,0.575807,-0.084638,-0.070942
2018-10-28 00:00:00+00:00,7,0.3752,0.1328,0.7599,69,174312.3777,-27169.1748,0.8672,117,198914.2119,2987.520237,8312.6506,22155.3186,13842.668,138,229382.1811,14,6446.243287284389,203.36450208558128,-0.006522,,0.0,0.081593,-0.1581,0.0535,0.037693,0.001299,0.0239,-0.1887,0.429486,0.024676,-0.8003,0.5736,-0.002207,-0.135879
2018-10-29 00:00:00+00:00,34,2.5685,0.2766,0.9552,192,592092.6877,-33037.4238,0.7234,164,448430.981,5029.07218,123385.3773,48037.713,-75347.6643,220,619854.0712,22,6399.305852961115,200.6979632288493,0.020215,,0.0,0.180103,3.1143,2.2261,-0.040427,0.01614,0.0306,0.1351,-0.274516,-0.038281,1.5866,0.633434,0.059833,-0.027012
2018-10-30 00:00:00+00:00,10,1.713,0.228,0.952,182,413116.0294,-24959.9891,0.772,176,334971.6102,3137.434436,62478.9804,36472.8474,-26006.133,203,433923.4381,17,6335.433173996426,196.90282882331184,-0.004628,,0.0,0.120099,-0.479,0.549,0.01453,0.009813,-0.0774,-0.7021,0.033578,0.003196,0.7859,0.608306,-0.025128,0.032499
2018-10-31 00:00:00+00:00,14,0.8388,0.1184,0.9449,175,491433.9635,-26067.1118,0.8816,176,458504.3876,5106.77784,28099.6047,33498.1838,5398.5791,204,520102.1761,14,6336.051265624873,197.23236120840969,-0.001189,,0.0,0.09717,-0.4289,-2.007,0.026755,-0.012622,-0.0247,-0.9501,0.207079,0.015046,0.6372,0.6238,0.015494,0.0502
2018-11-01 00:00:00+00:00,20,2.1957,0.2363,0.9271,159,439406.5515,-25987.9453,0.7637,159,361976.302,3840.151331,76947.8285,35044.9669,-41902.8616,198,473969.0975,19,6369.5131335706965,198.5718832123306,-0.006127,,0.0,0.124729,-0.1716,-2.2803,-0.004517,-0.019212,0.1463,0.6136,-0.163383,-0.016253,0.3799,0.609988,-0.013813,-0.023446
2018-11-02 00:00:00+00:00,41,5.6706,0.1819,0.976,194,690996.3714,-33124.0289,0.8181,161,579210.2861,15822.7853,109476.2097,19305.796,-90170.4137,211,707992.2919,9,6423.110040999663,201.1925603697274,0.00011,,0.0,0.17952,1.957,-0.0739,-0.049387,0.005432,0.1321,1.995,-0.333167,-0.048862,-0.0399,0.670229,0.060242,0.061923
2018-11-03 00:00:00+00:00,10,2.2845,0.22,0.8158,86,207628.6591,-33726.725,0.78,121,198511.1725,2725.656173,38952.0255,17050.7762,-21901.2493,145,254513.9743,14,6391.178783289262,200.5942736651713,-0.022793,,0.0,0.109884,-1.3946,2.4391,0.008243,0.002907,-0.0894,1.0574,-0.029269,-0.002486,-1.3129,0.562668,-0.107561,-0.061132
2018-11-04 00:00:00+00:00,26,4.3823,0.3267,1.0,158,364428.4303,-46392.2543,0.6733,119,245372.4426,3547.810961,96936.0124,22119.9753,-74816.0371,158,364428.4303,13,6405.923834913104,203.80300974698628,0.012581,,0.0,0.210702,-0.3991,2.1981,-0.026129,0.029694,-0.0406,0.6072,-0.187957,-0.034199,-1.8154,0.586336,0.023668,-0.023652
2018-11-05 00:00:00+00:00,31,2.9182,0.1244,0.9039,174,783715.4861,-43170.1591,0.8756,225,759162.8621,14205.214897,80315.754,27522.7559,-52792.9981,277,867001.3721,21,6430.610433250733,208.6727397407965,0.023284,,0.0,0.116857,2.6853,1.7691,-0.001552,-0.031217,0.0534,1.156,-0.076079,-0.007333,1.1219,0.621288,0.034952,-0.048941
2018-11-06 00:00:00+00:00,28,2.2983,0.3414,0.9591,223,539115.1477,-50247.4242,0.6586,198,370188.6697,3396.324947,133735.9329,58188.9439,-75546.989,246,562113.5465,20,6444.390299258307,213.2572204846263,-0.003565,,0.0,0.200967,0.5354,2.7835,-0.007342,0.014864,0.1548,2.6667,-0.102671,-0.01771,0.9709,0.618955,-0.002334,0.056287
2018-11-07 00:00:00+00:00,40,8.2469,0.3119,1.0,212,660717.2406,-74093.8624,0.6881,162,454612.9489,3842.790403,183815.3897,22288.9019,-161526.4878,212,660717.2406,10,6554.296820630637,219.76317564602155,-0.00881,,0.0,0.235743,-1.1596,2.0529,-0.076864,0.006934,-0.0043,2.5049,-0.379934,-0.077714,-0.7163,0.630242,0.011287,0.043906
2018-11-08 00:00:00+00:00,21,3.9916,0.2096,0.9372,180,451356.0969,-76751.1431,0.7904,182,380658.4936,2863.382537,80728.637,20224.8107,-60503.8264,212,481611.9413,9,6521.322713647228,215.69551983736667,0.002179,,0.0,0.133584,0.4081,2.6326,-0.004897,-0.001931,0.0142,2.5355,-0.133302,-0.014517,0.7724,0.59818,-0.032062,-0.023108
2018-11-09 00:00:00+00:00,17,0.9013,0.3508,0.9733,180,478988.596,-62589.7153,0.6492,158,319500.93,4597.307507,81839.2665,90798.8469,8959.5804,194,492139.0434,19,6443.468709215943,212.08852692579185,-0.014741,,0.0,0.18213,-0.9201,-0.2446,0.051889,-0.014719,-0.261,-0.0164,0.256163,0.039911,0.3516,0.600434,0.002254,-0.018521
2018-11-10 00:00:00+00:00,11,2.9455,0.1867,0.8075,73,231438.8777,-63230.0965,0.8133,129,233088.4643,3823.162061,39945.6601,13561.7425,-26383.9176,151,286595.8669,11,6432.43941436002,212.90034080111607,0.01164,,0.0,0.098737,-3.5376,-2.3876,-0.006316,-0.002663,-0.0712,-0.7319,-0.228658,-0.016619,-1.3437,0.56357,-0.036864,-0.066672
2018-11-11 00:00:00+00:00,11,1.0801,0.3176,0.8406,100,225055.0783,-53009.9982,0.6824,111,182680.8,3056.891469,44158.6069,40883.2577,-3275.3492,152,267722.6646,30,6413.131350713455,211.83968128843145,0.003535,,0.0,0.132409,-2.0474,-4.0359,0.023091,0.021018,-0.0376,-1.099,0.100695,0.010769,-1.1534,0.575268,0.011698,-0.022912
2018-11-12 00:00:00+00:00,38,5.4201,0.1884,0.9717,223,548447.3901,-55924.8584,0.8116,192,458126.5976,2737.222659,89757.2226,16560.2036,-73197.0191,239,564444.0238,9,6430.9711559860925,212.18871905335425,-0.008562,,0.0,0.137772,3.1094,-3.6118,-0.038476,-0.020399,0.1816,0.6864,-0.35714,-0.037796,1.1046,0.62333,0.048062,0.022896
2018-11-13 00:00:00+00:00,25,1.4511,0.2598,0.9473,171,426018.2613,-48204.5143,0.7402,148,332894.6729,3107.604124,69171.7318,47667.1514,-21504.5804,195,449733.556,22,6397.097310176129,209.8350037222864,-0.01431,,0.0,0.141791,0.4548,-3.6925,0.026469,0.004717,0.0352,1.0109,0.10787,0.012327,1.0375,0.594132,-0.029199,0.030561
2018-11-14 00:00:00+00:00,44,3.4793,0.3047,1.0,279,890551.1525,-46585.8997,0.6953,216,619196.4426,4690.320982,210775.4479,60579.2621,-150196.1858,279,890551.1525,19,6161.554187505968,198.1882570983928,0.038763,,0.0,0.24476,2.8663,0.3334,0.012852,0.011939,0.035,1.3233,0.020629,0.004168,0.4057,0.614219,0.020088,0.038951
2018-11-15 00:00:00+00:00,46,3.0622,0.2786,1.0,280,1122626.1498,-60624.2411,0.7214,214,809868.44,5056.626188,235764.9629,76992.7469,-158772.2161,280,1122626.1498,20,5619.172574717497,179.17811066106492,-0.014358,,0.0,0.226243,1.7578,1.6831,-0.035015,-0.005844,-0.0135,1.1668,-0.229893,-0.042007,0.0476,0.649293,0.035074,0.025963
2018-11-16 00:00:00+00:00,21,2.8838,0.2157,1.0,201,747603.1182,-73080.0337,0.7843,161,586316.0298,5265.623003,119759.0283,41528.0602,-78230.9681,201,747603.1182,19,5617.490240743706,178.9978462538656,-0.005273,,0.0,0.183437,-2.4269,0.1763,0.017671,-0.006199,0.0519,1.6293,0.014227,0.002184,-0.9173,0.658064,0.008771,0.063933
2018-11-17 00:00:00+00:00,10,5.7484,0.1891,0.9589,150,344841.9233,-76145.5766,0.8109,149,291627.4271,2606.750661,57918.2235,10075.5061,-47842.7174,165,359621.1566,6,5574.008236626755,175.1120205421324,-0.000826,,0.0,0.141174,-3.309,0.4049,0.024291,-0.008542,0.0016,1.5993,0.099768,0.011258,-0.6652,0.613837,-0.044227,-0.000382
2018-11-18 00:00:00+00:00,12,6.3613,0.1943,1.0,144,911420.5912,-94107.5022,0.8057,125,734286.1537,10570.643244,153071.6331,24062.8044,-129008.8287,144,911420.5912,7,5630.9479074407145,177.23825417276552,0.022915,,0.0,0.152835,0.4472,2.8995,-0.042227,0.016221,-0.0411,1.1817,-0.376625,-0.050831,-0.9537,0.732185,0.118348,0.082892
2018-11-19 00:00:00+00:00,56,2.5767,0.262,1.0,329,1941176.6197,-115676.0287,0.738,245,1432630.7007,12533.269249,366361.3117,142184.6073,-224176.7043,329,1941176.6197,28,5293.87648867224,160.52286252327764,0.078485,,0.0,0.214804,4.1516,3.9417,-0.016075,0.011397,-0.1185,0.0636,-0.15278,-0.028076,1.5337,0.706372,-0.025813,0.048308
2018-11-20 00:00:00+00:00,69,3.5246,0.3705,1.0,319,2140970.613,-175837.3846,0.6295,217,1347672.8392,8169.837273,617965.923,175331.8509,-442634.0721,319,2140970.613,33,4644.815934349705,140.38716556001722,-0.032436,,0.0,0.266351,0.5069,3.9939,-0.036228,0.003708,0.2074,1.9559,-0.226886,-0.051839,0.6711,0.696319,-0.010053,0.082481
2018-11-21 00:00:00+00:00,27,1.8724,0.1636,1.0,254,1711449.6938,-166527.8797,0.8364,206,1431482.0694,13899.394086,182498.6378,97468.9866,-85029.6512,254,1711449.6938,21,4536.838572231142,134.7918196479965,-0.030904,,0.0,0.152096,-2.2682,-1.1406,0.009698,-0.018017,0.1069,2.7852,-0.015926,-0.002041,-0.1028,0.721642,0.025323,-0.010543
2018-11-22 00:00:00+00:00,51,8.8068,0.3425,1.0,247,897133.0236,-178791.8115,0.6575,181,589845.0818,4578.901603,275953.8402,31334.1016,-244619.7386,247,897133.0236,15,4534.987354025104,133.99238900138553,-0.025944,,0.0,0.234479,-1.0228,-3.9212,-0.085242,-0.026974,0.0233,2.8476,-0.454667,-0.088149,-1.0883,0.637186,-0.084456,-0.069186
2018-11-23 00:00:00+00:00,41,5.363,0.2705,1.0,264,968197.8531,-193268.0082,0.7295,208,706320.3414,4920.927496,220720.9285,41156.5832,-179564.3453,264,968197.8531,15,4324.670052495507,123.43454811539324,0.010978,,0.0,0.224275,0.9274,-0.5668,-0.015022,0.001058,-0.0473,2.3458,-0.144314,-0.027548,-0.613,0.648067,0.010881,-0.048252
2018-11-24 00:00:00+00:00,33,4.5573,0.3169,1.0,193,777845.1641,-208971.1196,0.6831,144,531382.0811,5529.671478,202113.7898,44349.2932,-157764.4967,193,777845.1641,16,4293.853387799897,122.71137804880942,-0.076552,,0.0,0.225021,-1.5995,1.1427,-0.032021,0.005621,-0.001,2.2777,-0.220213,-0.043174,-1.5692,0.66391,0.015843,-0.057732
2018-11-25 00:00:00+00:00,67,2.5958,0.3498,1.0,271,1309716.5955,-219584.7881,0.6502,172,851608.5877,4519.136761,330706.258,127401.7497,-203304.5084,271,1309716.5955,32,3842.093070780575,110.65290745705548,0.027189,,0.0,0.296839,2.3262,3.0216,-0.02852,0.02561,-0.0452,1.8427,-0.131571,-0.033988,-1.101,0.674224,0.010314,0.037039
2018-11-26 00:00:00+00:00,58,2.7273,0.3787,1.0,257,1213885.0419,-217990.7287,0.6213,171,754214.8436,4485.593199,336344.2434,123325.9549,-213018.2886,257,1213885.0419,28,3940.005770928106,113.37344917212845,0.035466,,0.0,0.269638,-0.3837,-1.5136,-0.072566,-0.012637,-0.013,1.693,-0.312004,-0.070625,-0.056,0.673162,-0.001062,0.025095
2018-11-27 00:00:00+00:00,26,1.6262,0.2688,1.0,270,903415.4082,-163028.9721,0.7312,221,660577.383,3658.272238,150369.9004,92468.1248,-57901.7756,270,903415.4082,23,3780.307151769512,107.31744259434645,0.035047,,0.0,0.198442,-1.6697,-3.6903,0.014637,-0.011556,0.1604,2.843,0.0149,0.002418,-0.4072,0.639796,-0.033366,-0.024114
2018-11-28 00:00:00+00:00,29,2.5762,0.2894,1.0,269,1219383.8721,-173104.3452,0.7106,220,866443.4177,12562.754811,254248.8588,98691.5956,-155557.2631,269,1219383.8721,20,4110.061523428999,117.33161343610398,0.034016,,0.0,0.216087,2.2366,0.8144,-0.044856,0.008813,-0.025,2.5205,-0.273518,-0.049943,0.0952,0.672852,0.033056,-0.001372
2018-11-29 00:00:00+00:00,16,8.2211,0.5951,1.0,251,1786333.7206,-257084.2154,0.4049,204,723286.1056,54022.223804,947763.2225,115284.3925,-832478.83,251,1786333.7206,31,4257.003813860184,119.1328256838599,0.034898,,0.0,0.603965,1.5995,3.4367,0.020878,0.012999,-0.0023,2.3925,0.019891,0.011527,-0.1253,0.739118,0.066266,0.065956
2018-11-30 00:00:00+00:00,3,20.1212,0.0127,1.0,185,8322558.0254,-245090.1662,0.9873,181,8216952.0263,105857.870405,100606.0,4999.9991,-95606.0009,185,8322558.0254,1,4136.799097139542,115.77706403731392,0.029139,,0.0,0.027765,4.1771,6.6864,0.003092,-0.025183,0.0108,2.364,-0.009012,-0.000172,0.2621,0.926215,0.187098,0.286419
2018-12-01 00:00:00+00:00,0,,0.0,1.0,239,13406299.2118,-222552.3809,1.0,239,13406299.2118,165265.353517,0.0,0.0,0.0,239,13406299.2118,0,4115.319635778875,115.88939141054392,-0.076221,,0.0,0.022627,-5.5652,2.7207,-0.003543,0.008419,-0.0566,1.907,-0.227799,-0.004274,-1.2514,0.953044,0.026829,0.280192
2018-12-02 00:00:00+00:00,15,1.3787,0.2065,0.9823,150,388433.5535,-195366.4719,0.7935,123,313759.1082,3752.694168,47338.787,34335.6417,-13003.1454,157,395433.5369,19,4181.855077003625,117.54700485310468,-0.019293,,0.0,0.154241,-0.7506,-0.3561,0.013487,-0.010456,-0.084,1.285,0.057731,0.007338,-0.2234,0.63568,-0.317365,-0.103438
2018-12-03 00:00:00+00:00,22,1.7934,0.2193,1.0,202,670524.9187,-170901.9455,0.7807,160,523475.9482,4104.882781,94407.787,52641.1835,-41766.6036,202,670524.9187,20,3989.985891514341,112.02213640180064,0.034466,,0.0,0.172496,0.7524,0.7799,0.017734,0.005234,0.0971,1.9212,0.064037,0.008825,-0.343,0.626664,-0.009015,-0.299551
2018-12-04 00:00:00+00:00,17,0.9859,0.1849,1.0,231,702860.476,-162498.0709,0.8151,189,572901.5688,3339.014595,64516.7801,65442.1271,925.3469,231,702860.476,25,3941.215348493999,110.20518842306944,0.000113,,0.0,0.146852,-0.1992,2.2504,0.019942,0.002911,0.1299,2.6906,0.09603,0.011154,-1.2445,0.611445,-0.015219,-0.341599
2018-12-05 00:00:00+00:00,24,2.9936,0.1679,1.0,244,1160764.9318,-154170.0941,0.8321,202,965927.7974,14933.136816,146049.2801,48787.8544,-97261.4256,244,1160764.9318,18,3846.9970004800703,106.55463491909782,0.030602,,0.0,0.160697,0.2782,0.2921,-0.010361,0.025912,-0.0696,2.1416,-0.133056,-0.017166,-0.3965,0.678339,0.066894,0.04266
2018-12-06 00:00:00+00:00,42,2.6264,0.2861,1.0,267,1353335.9776,-60056.1686,0.7139,202,966082.2169,5570.494401,280467.5563,106786.2044,-173681.352,267,1353335.9776,23,3741.738711310925,99.95881673468352,-0.02282,,0.0,0.221259,-0.2987,-1.6062,-0.054422,-0.000733,0.0218,2.2115,-0.318884,-0.058508,0.915,0.684333,0.005994,0.057669
2018-12-07 00:00:00+00:00,69,3.384,0.3069,1.0,353,1664381.4117,-86084.6689,0.6931,253,1153517.0796,4710.393847,394334.9173,116529.4148,-277805.5025,353,1664381.4117,31,3380.423207758024,87.15380919623618,-0.01736,,0.0,0.249528,0.1575,-5.6257,-0.041207,-0.002301,-0.2188,0.757,-0.248277,-0.049088,0.1881,0.649291,-0.035042,0.037846
2018-12-08 00:00:00+00:00,39,4.2376,0.269,1.0,237,1016434.948,-110227.7853,0.731,181,743034.9041,5199.82383,221200.9293,52199.1146,-169001.8148,237,1016434.948,17,3401.1526777813524,90.57274855780769,-0.033325,,0.0,0.230649,-3.9479,-4.0084,-0.048393,0.008883,-0.1893,-0.5132,-0.258748,-0.052686,0.7361,0.709244,0.059953,0.030905
2018-12-09 00:00:00+00:00,32,3.6943,0.3023,1.0,209,944289.563,-131774.3783,0.6977,157,658847.442,7872.823376,224635.7087,60806.4123,-163829.2964,209,944289.563,20,3488.3093054551177,92.4727766935374,-0.014506,,0.0,0.256528,-0.5254,-3.7831,-0.038842,-0.017659,0.0827,0.029,-0.190394,-0.043932,-0.6289,0.704436,-0.004808,0.020103
2018-12-10 00:00:00+00:00,22,2.6993,0.2747,1.0,214,824741.6404,-140672.8108,0.7253,167,598215.532,5527.047488,165290.8697,61235.2387,-104055.6309,214,824741.6404,25,3495.48180262452,91.29145026548387,-0.010037,,0.0,0.190649,2.6821,-1.8534,-0.002064,-0.012518,-0.0366,-0.2137,-0.074239,-0.011992,0.0478,0.659879,-0.044557,0.010587
2018-12-11 00:00:00+00:00,24,1.3422,0.1411,1.0,215,866534.7692,-143356.2786,0.8589,177,744291.4023,8684.522688,70051.1474,52192.2195,-17858.9279,215,866534.7692,14,3394.4091909154245,88.53207994643675,0.013797,,0.0,0.147646,-0.4065,-2.0607,0.015986,-0.000168,0.2392,1.373,0.05387,0.00615,-0.8855,0.65285,-0.007029,-0.056394
2018-12-12 00:00:00+00:00,26,2.0603,0.2393,1.0,223,706141.6661,-137825.8121,0.7607,180,537153.4879,7009.520163,113768.1691,55220.0091,-58548.16,223,706141.6661,17,3413.1534436276265,88.98823331867862,-0.010513,,0.0,0.164771,-0.0684,-2.4073,-0.003033,-0.009476,-0.0235,1.1889,-0.083532,-0.011145,-0.8417,0.631471,-0.021379,-0.072965
2018-12-13 00:00:00+00:00,16,0.2216,0.4723,1.0,243,1245070.2013,-59486.0622,0.5277,198,656998.3503,13398.114987,106687.4771,481384.3739,374696.8968,243,1245070.2013,29,3384.116426709352,88.615018311932,0.012922,,0.0,0.288563,2.0201,-0.0884,0.138575,0.000871,0.1286,1.9727,0.523324,0.134101,-0.6317,0.691321,0.059851,0.031443
2018-12-14 00:00:00+00:00,35,1.6035,0.3141,1.0,241,994612.3859,-30144.1679,0.6859,179,682243.1311,4802.627137,192390.7485,119978.5064,-72412.2421,241,994612.3859,27,3267.6482467041296,85.34066461131134,-0.011944,,0.0,0.224442,-0.8483,-1.0943,-0.003513,-0.002252,-0.0098,1.8541,-0.04288,-0.008144,-0.3062,0.668346,-0.022975,0.015496
2018-12-15 00:00:00+00:00,15,1.0072,0.3205,1.0,173,502191.8044,-6083.398,0.6795,139,341260.2489,4311.968238,80753.9905,80177.565,-576.4255,173,502191.8044,19,3209.803323707501,83.6283489305048,0.010221,,0.0,0.201925,-3.1611,-0.3076,0.022412,0.015478,-0.1439,0.9178,0.117083,0.01953,-1.2117,0.614714,-0.053632,-0.016756
2018-12-16 00:00:00+00:00,17,1.1821,0.286,1.0,171,543760.4227,15467.0104,0.714,139,388267.1777,5828.889239,84234.8411,71258.4038,-12976.4373,171,543760.4227,15,3243.635214984457,85.75826516462241,-0.00253,,0.0,0.176588,-1.1801,-0.9623,-0.008485,0.051638,-0.1727,-0.1821,-0.087258,-0.013026,-1.4173,0.644816,0.030102,-0.046505
2018-12-17 00:00:00+00:00,46,2.3891,0.2243,1.0,230,1161961.5627,15074.7513,0.7757,165,901389.575,7050.944265,183686.7162,76885.2715,-106801.4447,230,1161961.5627,19,3348.371467443482,88.50175341515758,0.023754,,0.0,0.199566,3.412,-0.2323,-0.022555,-0.059176,0.2246,1.2211,-0.172331,-0.028112,-0.0763,0.67712,0.032304,0.008774
2018-12-18 00:00:00+00:00,44,3.3852,0.2581,1.0,266,1138895.3742,-5214.0331,0.7419,203,844956.8893,6178.82914,226909.4519,67029.033,-159880.4189,266,1138895.3742,19,3510.220465943025,93.61862482507098,0.014031,,0.0,0.211896,1.2178,1.392,-0.028285,-0.002732,0.0629,1.5883,-0.208051,-0.03615,-0.1186,0.667446,-0.009674,0.052732
2018-12-19 00:00:00+00:00,49,1.919,0.2429,1.0,300,1724744.6369,-15693.8009,0.7571,215,1305764.735,7447.963838,275443.2184,143536.6835,-131906.5349,300,1724744.6369,36,3748.4785422609752,102.5000717658362,0.00622,,0.0,0.212212,0.3864,1.8467,-0.00649,-0.002257,-0.0432,1.2881,-0.102485,-0.017974,0.7608,0.708867,0.041421,0.064051
2018-12-20 00:00:00+00:00,27,1.6405,0.2306,1.0,311,1961719.1745,-84900.1787,0.7694,258,1509285.5409,13007.787553,281090.6906,171342.943,-109747.7476,311,1961719.1745,26,3903.093521962482,106.36616911988278,0.005686,,0.0,0.200989,0.227,0.0536,-0.00859,0.006748,0.0084,1.3107,-0.112765,-0.018546,-0.2983,0.704956,-0.003912,0.027835
2018-12-21 00:00:00+00:00,27,4.105,0.403,1.0,243,2273247.8665,-154153.3617,0.597,188,1357171.9871,26593.967716,736630.2012,179445.6783,-557184.5229,243,2273247.8665,28,3975.005033870235,112.14034110731652,-0.007924,,0.0,0.338373,-0.0383,0.8637,-0.050106,-0.001595,0.0546,1.6002,-0.187861,-0.058642,0.1773,0.747605,0.042649,0.080158
2018-12-22 00:00:00+00:00,18,2.212,0.1684,0.9711,151,884392.3574,-162335.7699,0.8316,137,757415.6995,8637.559266,105588.7697,47735.4864,-57853.2833,178,910739.9555,23,3854.010263119273,109.767523991988,-0.047829,,0.0,0.148078,-1.369,2.6558,-0.003608,0.011967,-0.0597,1.2122,-0.074843,-0.009353,-1.8185,0.686003,-0.061601,-0.022864
2018-12-23 00:00:00+00:00,26,2.478,0.2142,1.0,249,872162.9398,-171825.7326,0.7858,201,685302.4218,5831.99121,133133.347,53727.1711,-79406.1759,249,872162.9398,22,3972.59572197263,126.8697421819071,0.016527,,0.0,0.189758,0.9888,4.8247,0.005679,0.000879,-0.0676,0.7918,-0.036278,-0.005412,-0.1334,0.636747,-0.049257,-0.068209
2018-12-24 00:00:00+00:00,43,3.975,0.3075,1.0,305,1286931.5085,-190374.3973,0.6925,230,891204.2078,7405.550766,316184.6992,79542.6015,-236642.0977,305,1286931.5085,32,4114.344018621609,144.1429382173511,0.025703,,0.0,0.264541,0.2695,1.6822,-0.017225,-0.006887,0.0562,1.108,-0.143051,-0.031225,0.4369,0.653338,0.016592,-0.094266
2018-12-25 00:00:00+00:00,30,3.5014,0.2573,1.0,231,683498.7615,-181495.7353,0.7427,185,507629.6887,3622.841493,136799.4288,39069.644,-97729.7848,231,683498.7615,16,3769.575131309664,127.5444314029138,0.010209,,0.0,0.205001,-0.6232,-0.1588,-0.031949,0.022494,-0.0736,0.6649,-0.226738,-0.038326,-0.4728,0.639914,-0.013424,-0.046089
2018-12-26 00:00:00+00:00,19,2.4156,0.2251,1.0,186,628734.8254,-171029.5136,0.7749,149,487237.8497,4559.572316,100069.9795,41426.9962,-58642.9834,186,628734.8254,18,3763.7326007677607,128.8133007849883,-0.018692,,0.0,0.187286,-0.5906,-1.1358,0.003842,-0.050738,0.0381,0.8716,-0.047563,-0.007391,-0.3608,0.647934,0.008019,0.011187
2018-12-27 00:00:00+00:00,27,2.2559,0.2105,1.0,221,1062815.8698,-167681.2792,0.7895,169,839056.9421,12011.74792,155034.5171,68724.4106,-86310.1065,221,1062815.8698,25,3716.841142472527,123.08969499845972,-0.023997,,0.0,0.200215,-0.2593,-1.6221,-0.012284,-0.003564,-0.1002,0.2675,-0.121013,-0.020734,-0.1895,0.70319,0.055257,0.049852
2018-12-28 00:00:00+00:00,61,4.3736,0.3876,1.0,212,899108.5157,-119341.5539,0.6124,130,550586.9928,3877.476526,283663.9844,64857.5385,-218806.446,212,899108.5157,21,3683.005258745932,120.86627148925174,0.019636,,0.0,0.281498,0.7739,-0.8099,-0.043005,0.001202,0.01,0.3168,-0.197655,-0.048481,-0.4958,0.665721,-0.037469,0.025807
2018-12-29 00:00:00+00:00,14,2.5858,0.098,1.0,199,1840188.3599,-122474.2296,0.902,177,1659787.3205,17774.966849,130091.5262,50309.5133,-79782.0129,199,1840188.3599,8,3847.4878867126376,135.40705607063913,-0.028019,,0.0,0.15932,-0.6543,-0.0952,-0.014377,0.011398,-0.0485,0.016,-0.126316,-0.017086,-1.3194,0.764955,0.099234,0.117022
2018-12-30 00:00:00+00:00,13,1.4644,0.1889,1.0,144,454522.6231,-113441.5255,0.8111,117,368670.3925,5673.910562,51014.7391,34837.4915,-16177.2475,144,454522.6231,14,3774.2479851809912,135.36346271381333,0.04928,,0.0,0.183602,0.8382,-0.2458,0.017584,-0.01555,-0.0489,-0.2819,0.067149,0.010209,-1.7749,0.644436,-0.120519,-0.058754
2018-12-31 00:00:00+00:00,21,0.6431,0.2918,1.0,196,729302.6112,-73032.7677,0.7082,140,516509.2329,6227.988255,83287.0856,129506.2927,46219.2071,196,729302.6112,35,3753.685600145488,134.5454468424978,-0.045075,,0.0,0.200587,-0.3958,-0.9111,0.038963,-0.001912,0.1153,0.4023,0.181296,0.031409,-1.3428,0.664138,0.019702,-0.001583
2019-01-01 00:00:00+00:00,17,1.3235,0.3353,1.0,148,426263.6272,-61913.4199,0.6647,115,283356.8084,3788.06686,81400.5846,61506.2342,-19894.3504,148,426263.6272,16,3703.43160394288,133.66159053983145,-0.038772,,0.0,0.199752,-1.6927,-1.9806,-0.011065,0.003008,-0.0902,-0.144,-0.088695,-0.015229,-1.8824,0.638091,-0.026047,-0.126864
2019-01-02 00:00:00+00:00,26,2.2447,0.2361,1.0,236,747197.1958,-63201.9618,0.7639,191,570813.9458,5160.543292,122023.0134,54360.2366,-67662.7768,236,747197.1958,19,3811.2686725374792,145.86862000791038,0.044162,,0.0,0.179773,0.8844,-0.5056,-0.008514,0.009198,0.2216,1.1613,-0.10304,-0.014719,-0.6424,0.633284,-0.004807,-0.011152
2019-01-03 00:00:00+00:00,17,2.0914,0.271,1.0,215,786074.0586,-61613.9377,0.729,179,573085.117,4674.82103,144091.4396,68897.502,-75193.9377,215,786074.0586,19,3816.652714106348,148.94276143255166,0.014535,,0.0,0.188001,-0.1556,-0.4019,0.004971,0.002306,-0.1461,0.2712,-0.030584,-0.004769,-0.6413,0.653071,0.019787,-0.011067
2019-01-04 00:00:00+00:00,16,1.0583,0.6168,1.0,266,1904707.0632,-35110.9397,0.3832,220,729895.8281,33057.123858,604048.3475,570762.8875,-33285.46,266,1904707.0632,30,3777.655258740279,150.10926761835566,-0.000598,,0.0,0.510423,1.3182,0.1424,0.153489,0.010322,0.0947,0.8239,0.29295,0.142569,-0.8548,0.741241,0.08817,0.10315
2019-01-05 00:00:00+00:00,38,1.221,0.7994,1.0,215,2504735.9707,-52177.9293,0.2006,149,502531.0362,63559.577943,1100727.9371,901476.9973,-199250.9398,215,2504735.9707,28,3819.8260407929024,156.12007376709397,-0.040984,,0.0,0.776398,-2.1356,-1.3389,0.180316,0.001712,-0.026,0.6506,0.235045,0.177358,-1.0985,0.799368,0.058127,0.166084
2019-01-06 00:00:00+00:00,34,3.7639,0.3346,1.0,187,833914.7621,-72994.2004,0.6654,129,554878.2778,10724.007756,220463.8147,58572.6695,-161891.1453,187,833914.7621,24,3851.822780541007,152.55086950636112,-0.044161,,0.0,0.260179,1.3161,-0.861,-0.044955,-0.009652,-0.159,-0.3189,-0.237936,-0.053173,-1.2536,0.681012,-0.118356,0.027941
2019-01-07 00:00:00+00:00,27,6.8103,0.4988,1.0,202,1084203.5431,-137072.4293,0.5012,148,543386.2377,17036.831514,471572.8505,69244.4549,-402328.3956,202,1084203.5431,27,4000.259492584328,152.44575683469253,0.035929,,0.0,0.393506,0.6541,0.1889,-0.044987,-0.00343,0.0,-0.3297,-0.131115,-0.04811,-0.2261,0.701028,0.020017,-0.040213
2019-01-08 00:00:00+00:00,26,2.6657,0.2923,1.0,203,747269.5026,-148411.1492,0.7077,159,528813.4349,4678.212655,158860.7284,59595.3393,-99265.3891,203,747269.5026,18,3989.238463387049,148.73698557405254,-0.010359,,0.0,0.220267,0.037,1.9185,-0.015516,0.005222,0.0391,-0.1039,-0.10692,-0.02014,-0.2016,0.663121,-0.037907,-0.136247
2019-01-09 00:00:00+00:00,34,1.0581,0.3402,1.0,204,712250.186,-139722.1257,0.6598,139,469941.6132,3861.4062,124574.0926,117734.4802,-6839.6123,204,712250.186,31,3991.021520391285,149.61927427198106,-0.003304,,0.0,0.222892,-0.8072,0.2269,0.004811,-0.008417,0.0011,-0.1032,0.035266,0.006878,-0.5011,0.647905,-0.015216,-0.033106
2019-01-10 00:00:00+00:00,37,1.6199,0.2922,1.0,293,1051401.1149,-139363.3961,0.7078,227,744212.127,4935.574671,189935.9091,117253.0787,-72682.8303,293,1051401.1149,29,3791.352412714013,135.35912152087175,0.02543,,0.0,0.207022,0.7684,1.151,-0.005078,0.004774,0.1447,0.7751,-0.066464,-0.011295,0.1342,0.637472,-0.010433,-0.063556
2019-01-11 00:00:00+00:00,24,1.6187,0.1051,1.0,232,2186239.6756,-142361.913,0.8949,183,1956529.3447,60106.776712,141992.7048,87717.6262,-54275.0786,232,2186239.6756,25,3622.8401027369546,125.55234999425464,0.025501,,0.0,0.119126,-0.7531,-0.9203,0.010095,0.015629,-0.0983,0.1564,0.046839,0.004774,-0.6706,0.77025,0.132778,0.107129
2019-01-12 00:00:00+00:00,13,6.6486,0.2584,1.0,142,423472.0207,-125444.0467,0.7416,121,314028.2827,4950.633427,95134.8067,14308.9313,-80825.8754,142,423472.0207,8,3610.883163436241,124.98997772702025,-0.078153,,0.0,0.151483,-2.0129,-0.7976,-0.020915,-0.008965,0.0887,0.6902,-0.18901,-0.024711,-0.7212,0.644245,-0.126005,-0.00366
2019-01-13 00:00:00+00:00,16,1.8011,0.1472,1.0,161,631892.0804,-106117.578,0.8528,133,538858.8306,6434.563937,59819.5572,33213.6927,-26605.8645,161,631892.0804,12,3569.10841376729,120.90613411305344,-0.014756,,0.0,0.130286,0.9311,-1.1825,-0.005295,0.016583,0.0299,0.8565,-0.071566,-0.007796,-0.7766,0.677282,0.033037,0.03981
2019-01-14 00:00:00+00:00,33,10.5378,0.6176,1.0,201,1888445.222,-186375.4429,0.3824,143,722141.7582,46474.367779,1065218.457,101085.0069,-964133.4501,201,1888445.222,25,3561.7431692703726,119.862606589851,0.087844,,0.0,0.538605,3.7756,1.9389,-0.149316,-0.030532,-0.2924,-0.9796,-0.290761,-0.151932,0.6861,0.7853,0.108018,0.01505
2019-01-15 00:00:00+00:00,24,0.605,0.384,1.0,215,788457.2004,-161549.2773,0.616,161,485716.1022,5780.768672,114111.6639,188629.4343,74517.7704,215,788457.2004,30,3622.099757348656,125.66809960830103,-0.040868,,0.0,0.225406,-0.7712,1.1308,0.061098,0.016599,0.0756,-0.5221,0.279818,0.056226,0.0255,0.655847,-0.129453,0.011602
2019-01-16 00:00:00+00:00,22,2.4987,0.1392,1.0,195,1177100.9457,-170596.325,0.8608,157,1013294.0181,33490.683538,116987.9371,46818.9906,-70168.9465,195,1177100.9457,16,3591.286081566848,121.1660303268324,0.026612,,0.0,0.133106,-0.3423,1.5956,-0.012785,0.002593,0.1364,0.3296,-0.154848,-0.01729,-1.6504,0.709766,0.053919,0.032484
2019-01-17 00:00:00+00:00,18,1.5082,0.2145,1.0,186,776661.9598,-165033.8593,0.7855,146,610105.6044,4898.989153,100150.9629,66405.3925,-33745.5704,186,776661.9598,22,3592.913460584616,120.73201994926764,-0.031242,,0.0,0.166149,-0.2891,0.5381,-0.009808,-0.007951,0.0441,0.6025,-0.090625,-0.013147,-1.1069,0.673339,-0.036427,-0.111961
2019-01-18 00:00:00+00:00,29,7.4421,0.3367,1.0,160,629539.8178,-180386.4406,0.6633,120,417582.0482,4793.558369,186850.4587,25107.311,-161743.1477,160,629539.8178,11,3604.1266742162793,120.46441078893292,0.014561,,0.0,0.260862,0.219,1.5102,-0.000453,-0.00959,0.0863,1.1303,-0.020959,-0.005049,-0.1127,0.661924,-0.011414,0.006077
2019-01-19 00:00:00+00:00,18,2.3413,0.3423,1.0,143,348128.2418,-175672.9925,0.6577,110,228975.6648,3059.664621,83492.158,35660.419,-47831.739,143,348128.2418,15,3655.524678488578,121.92242277646876,0.034874,,0.0,0.184609,-2.9066,0.6165,-0.025124,-0.004764,0.1116,1.7975,-0.161891,-0.025704,-2.2624,0.586841,-0.075084,-0.122925
2019-01-20 00:00:00+00:00,14,2.4421,0.2372,1.0,136,685736.0321,-181608.2271,0.7628,102,523067.3432,11522.887514,115410.5977,47258.0912,-68152.5066,136,685736.0321,20,3608.0921457895824,120.15692491683144,-0.005319,,0.0,0.226663,1.0445,0.7298,0.045535,-0.000941,0.1357,2.5651,0.199773,0.041819,-1.0368,0.727342,0.140501,0.054003
2019-01-21 00:00:00+00:00,14,2.35,0.2002,0.9739,199,520701.809,-50038.2507,0.7998,182,427622.0159,3291.78887,75101.5374,31957.9223,-43143.6151,213,534681.4756,17,3534.129406120697,116.43644278893778,0.091917,,0.0,0.123711,0.5304,-2.5154,-0.010461,-0.00863,-0.0163,2.3757,-0.139675,-0.014275,-1.5948,0.585132,-0.142209,-0.076792
2019-01-22 00:00:00+00:00,24,1.7924,0.2366,1.0,177,529652.105,-65764.158,0.7634,135,404326.1802,4517.148532,80444.7528,44881.172,-35563.5809,177,529652.105,18,3547.166465978029,116.745741954952,0.021156,,0.0,0.161306,-0.0089,-1.7531,-0.01312,0.004727,0.1977,3.3882,-0.123003,-0.016523,-1.4032,0.610513,0.02538,0.023672
2019-01-23 00:00:00+00:00,19,1.1667,0.3063,0.9784,192,675008.9801,-58062.2348,0.6937,163,478614.1522,4737.442254,113786.1832,97530.6989,-16255.4842,207,689931.0344,25,3568.6152244446384,117.47273849035228,-0.059379,,0.0,0.167843,0.4321,-0.9786,0.000415,0.015924,-0.4583,0.6623,0.007391,0.001064,-1.7848,0.586304,-0.024209,-0.141038
2019-01-24 00:00:00+00:00,20,1.0873,0.2496,0.9826,213,992374.4175,-54747.2785,0.7504,185,757935.9075,7215.708952,131291.6508,120750.775,-10540.8758,231,1009978.3333,26,3551.0872218104846,115.80356183778105,-0.014554,,0.0,0.15898,0.5655,-0.124,0.007262,-2.2e-05,0.0605,1.0053,0.030586,0.004295,-1.3821,0.629163,0.04286,0.044031
2019-01-25 00:00:00+00:00,23,1.6545,0.1944,0.9407,189,545067.2573,-35608.2903,0.8056,183,466808.8967,3787.52022,70201.3483,42431.1178,-27770.2305,226,579441.3628,20,3558.890709703928,115.65175551519704,-0.022864,,0.0,0.124329,0.1793,-0.1637,-0.001453,0.004884,-0.1355,0.1662,-0.046696,-0.004836,-1.1198,0.550369,-0.078795,-0.060144
2019-01-26 00:00:00+00:00,17,1.9075,0.2432,0.7764,93,200170.9894,-31571.5893,0.7568,139,195116.6438,2129.507276,41144.3609,21569.529,-19574.8319,175,257830.5336,19,3576.4478732587145,115.79665464340565,0.065395,,0.0,0.101031,-2.0081,0.7349,-0.003978,-0.002082,-0.0002,0.1469,-0.113404,-0.008912,0.3398,0.514387,-0.035982,-0.071917
2019-01-27 00:00:00+00:00,18,0.958,0.1731,0.917,144,607684.728,-21484.1105,0.8269,148,547976.3557,8543.362657,56113.5321,58573.3767,2459.8447,207,662663.2645,41,3559.503162134892,114.32470361671088,-0.037185,,0.0,0.121887,-0.3566,-0.6662,0.022772,-0.000808,0.0608,0.5114,0.183799,0.018881,-1.9318,0.572669,0.058283,-0.056494
2019-01-28 00:00:00+00:00,25,1.5434,0.2145,1.0,272,1244803.7026,-23468.4075,0.7855,218,977850.0695,7636.575123,161993.6636,104959.9695,-57033.6941,272,1244803.7026,29,3450.578754478076,106.21227658319695,0.070081,,0.0,0.165097,2.3439,1.1474,0.001283,0.00116,-0.0795,-0.0167,-0.011527,-0.001626,0.6247,0.65105,0.07838,0.100681
2019-01-29 00:00:00+00:00,27,1.7127,0.2842,0.9684,247,712563.0472,-26235.9546,0.7158,215,526750.7047,4031.299755,132017.1642,77080.7539,-54936.4104,271,735848.6228,29,3407.750149105432,104.65083574614164,-0.011556,,0.0,0.149254,-1.4006,-0.2443,-0.006864,-0.008218,0.229,1.4586,-0.08958,-0.011383,-0.7218,0.569682,-0.081368,0.055295
2019-01-30 00:00:00+00:00,20,1.1075,0.1773,1.0,232,745749.8652,-24877.2308,0.8227,190,613530.5523,4018.063086,69481.8653,62737.4476,-6744.4177,232,745749.8652,22,3438.6085182664483,106.40312746792254,-0.011328,,0.0,0.133057,0.6228,-0.0537,0.004603,0.015803,0.077,1.9131,0.020584,0.002268,-0.5011,0.603249,0.033567,0.030579
2019-01-31 00:00:00+00:00,19,2.3054,0.17,1.0,202,811302.3989,-31152.9542,0.83,169,673374.8617,7601.631918,96199.2383,41728.2989,-54470.9394,202,811302.3989,14,3448.638202359597,107.59091358849264,0.061679,,0.0,0.128066,0.5133,-0.1059,-0.014022,0.004993,-0.1837,0.6911,-0.1675,-0.017688,-0.8421,0.603672,0.000423,-0.047378
2019-02-01 00:00:00+00:00,22,1.6211,0.2201,1.0,182,748832.5618,-32764.1523,0.7799,132,584042.1827,5430.420394,101919.4981,62870.881,-39048.617,182,748832.5618,28,3445.926077964287,106.05342426022544,-0.049208,,0.0,0.157442,-0.5213,-0.8065,-0.010462,0.003053,-0.0681,0.2301,-0.102064,-0.01388,0.0544,0.667832,0.064161,0.098151
2019-02-02 00:00:00+00:00,13,2.8612,0.2506,0.8701,100,306011.8127,-36036.4302,0.7494,128,263567.3418,3643.512874,65305.4023,22824.6246,-42480.7776,153,351697.3687,12,3462.6059305764065,107.25160063785182,-0.077773,,0.0,0.14665,-1.8502,-0.6487,-0.026232,-0.016535,0.0476,0.5286,-0.220908,-0.027338,-1.4403,0.588605,-0.079227,-0.014643
2019-02-03 00:00:00+00:00,14,0.4831,0.1882,1.0,120,496256.569,-31736.832,0.8118,88,402849.0951,8264.492698,30425.2209,62982.253,32557.032,120,496256.569,18,3466.3476415574137,108.35397051781882,-0.044859,,0.0,0.169709,-0.1318,-0.4239,0.03827,-0.002236,0.0561,0.8842,0.237707,0.036128,-2.5439,0.703511,0.114906,0.099839
2019-02-04 00:00:00+00:00,14,2.3213,0.2641,1.0,91,335822.9489,-28630.1148,0.7359,70,247125.8509,6867.322978,61991.8856,26705.2123,-35286.6733,91,335822.9489,7,3459.138484103427,107.51776080621704,-0.009389,,0.0,0.203545,0.5185,-2.2493,-0.004417,0.008169,0.0038,0.8937,-0.062415,-0.011031,-2.7479,0.68072,-0.022791,0.012888
2019-02-05 00:00:00+00:00,11,2.5705,0.2064,0.9774,111,344982.0855,-25359.7688,0.7936,98,280114.4798,7146.41547,52447.109,20403.1202,-32043.9888,119,352964.709,10,3462.8509772684797,107.33054869859,0.00232,,0.0,0.176293,0.1491,-0.6996,-0.004058,0.018001,-0.065,0.4513,-0.090009,-0.013336,-2.4665,0.672411,-0.008309,0.083806
2019-02-06 00:00:00+00:00,15,2.0476,0.3561,1.0,111,624096.1156,-35310.4905,0.6439,74,401834.8788,7279.35134,149330.353,72930.8838,-76399.4691,111,624096.1156,22,3413.925659879413,103.7777207864622,0.017542,,0.0,0.279473,0.5359,-0.7865,0.024768,-0.003587,0.0354,0.677,0.063719,0.015897,-2.3002,0.721091,0.04868,0.01758
2019-02-07 00:00:00+00:00,7,1.4975,0.1353,1.0,163,571754.4726,-29730.1029,0.8647,146,494405.0674,4448.890716,46378.816,30970.5892,-15408.2268,163,571754.4726,10,3407.132149950123,104.89130522484236,0.015439,,0.0,0.145115,-0.1326,-1.4324,-0.002233,-0.013474,0.0598,1.057,-0.048368,-0.005895,-1.9411,0.713235,-0.007856,0.032515
2019-02-08 00:00:00+00:00,32,2.7498,0.2895,1.0,165,711092.5633,-37875.2096,0.7105,116,505226.9218,5402.271474,150965.0025,54900.6389,-96064.3637,165,711092.5633,17,3490.4924349573835,110.07178099071923,0.021472,,0.0,0.244361,0.8477,-0.0633,-0.040797,0.017491,-0.068,0.5829,-0.198622,-0.041753,-1.1428,0.690221,-0.023014,0.01781
2019-02-09 00:00:00+00:00,18,2.1127,0.2906,0.9557,103,301137.6456,-36482.0603,0.7094,88,223539.9036,3236.023403,62141.4359,29412.7032,-32728.7326,117,315094.0427,11,3653.769493069237,118.87346442606912,-0.011962,,0.0,0.208525,-1.5755,0.2114,-0.028682,-0.001318,-0.0462,0.238,-0.1597,-0.02948,-1.8842,0.648524,-0.041697,-0.072567
2019-02-10 00:00:00+00:00,22,3.141,0.2659,1.0,120,522379.1162,-51392.1632,0.7341,87,383481.149,5973.59892,105355.8276,33542.1397,-71813.6879,120,522379.1162,11,3644.405788434026,118.15679949128932,0.019939,,0.0,0.228651,0.7918,1.135,-0.033637,0.021239,-0.0173,0.0938,-0.169874,-0.035051,-2.1199,0.721496,0.072971,0.00826
2019-02-11 00:00:00+00:00,18,1.1175,0.2468,1.0,151,797783.68,-47912.1047,0.7532,115,600884.5648,6403.386166,103912.6897,92986.4254,-10926.2643,151,797783.68,18,3635.421712025255,121.0847691020163,0.046154,,0.0,0.19372,0.7058,1.3223,0.019957,-0.021627,-0.0208,-0.0757,0.095673,0.01646,-1.9104,0.709923,-0.011572,0.019702
2019-02-12 00:00:00+00:00,20,1.8932,0.2568,1.0,126,506956.8414,-49076.5878,0.7432,93,376758.7226,3701.103377,85196.7443,45001.3745,-40195.3699,126,506956.8414,13,3621.328406508521,120.85213820034694,0.01149,,0.0,0.185307,-0.7964,0.3768,-0.018055,-0.010336,-0.0175,-0.2191,-0.137782,-0.022593,-1.4641,0.698817,-0.011107,0.050292
2019-02-13 00:00:00+00:00,11,0.7553,0.1536,1.0,149,748048.0057,-35874.2175,0.8464,121,633169.3161,9450.876061,49430.7834,65447.9062,16017.1227,149,748048.0057,17,3620.7593350155353,122.56863225664688,0.052572,,0.0,0.149167,1.1951,1.036,0.023358,-0.003962,0.1987,1.2502,0.14665,0.018842,-1.1966,0.719613,0.020797,-0.001882
2019-02-14 00:00:00+00:00,13,1.7421,0.2301,1.0,137,562381.8818,-38676.853,0.7699,113,432951.7915,8025.106344,82228.3829,47201.7073,-35026.6756,137,562381.8818,11,3603.989858211727,122.02695495252526,-0.015222,,0.0,0.175807,-0.992,0.1766,0.014977,-0.012647,-0.0554,0.8139,0.063698,0.009523,-1.4361,0.665892,-0.053722,-0.044032
2019-02-15 00:00:00+00:00,14,1.0363,0.1523,1.0,159,484534.1153,-25141.5173,0.8477,135,410747.2908,3810.486368,37551.9191,36234.9054,-1317.0136,159,484534.1153,10,3604.484645311239,121.68815349457884,0.034417,,0.0,0.136824,1.7205,1.0493,0.018309,0.011041,-0.1007,0.0432,0.122713,0.01356,-1.5112,0.63443,-0.031462,-0.064387
2019-02-16 00:00:00+00:00,21,3.0149,0.3104,0.8526,79,259373.7882,-27234.7731,0.6896,91,209790.7982,5299.217784,70897.5981,23516.0748,-47381.5233,131,304204.4711,19,3621.5302716474544,122.7030010335751,-0.019224,,0.0,0.184506,-1.1578,1.4671,-0.030985,0.021923,0.0237,0.2082,-0.218584,-0.035172,-1.7079,0.594203,-0.040227,-0.12541
2019-02-17 00:00:00+00:00,27,2.1943,0.2898,1.0,146,599287.3581,-26251.569,0.7102,103,425623.0791,6773.665207,119297.7691,54366.5099,-64931.2591,146,599287.3581,16,3628.418591446317,125.91857567462532,0.014718,,0.0,0.224941,0.4411,1.1163,-0.023153,0.000717,0.0389,0.4885,-0.132683,-0.026125,-1.6556,0.665459,0.071255,-0.000433
2019-02-18 00:00:00+00:00,29,1.5742,0.3274,1.0,271,1151618.3881,-36703.1597,0.6726,211,774629.9434,7237.471091,230537.922,146450.5227,-84087.3993,271,1151618.3881,31,3782.678821042285,140.41885759943443,0.025932,,0.0,0.24972,2.4552,2.8657,0.004884,0.004826,-0.2221,-1.2413,0.015132,0.00329,0.349,0.6601,-0.005359,0.02567
2019-02-19 00:00:00+00:00,35,1.793,0.3328,1.0,234,991152.3055,-44339.8674,0.6672,168,661292.7338,4822.000771,211755.9477,118103.624,-93652.3238,234,991152.3055,31,3919.193003587703,146.45234244994936,0.003629,,0.0,0.242524,-0.2651,3.397,-0.03992,-0.00196,0.154,-0.0367,-0.208852,-0.043771,0.2402,0.672471,0.012371,0.078268
2019-02-20 00:00:00+00:00,35,1.7253,0.3978,1.0,190,700819.3569,-57228.2387,0.6022,136,422010.7809,5072.575401,176505.026,102303.5501,-74201.4759,190,700819.3569,19,3933.3884725469056,144.7196024927541,0.001344,,0.0,0.266541,0.4237,2.6256,-0.024549,-0.026686,0.1775,1.3257,-0.110137,-0.025566,-0.9483,0.642908,-0.029563,-0.022551
2019-02-21 00:00:00+00:00,16,1.5343,0.1427,1.0,181,874938.5169,-55986.0823,0.8573,151,750047.296,16398.659355,75611.4011,49279.8198,-26331.5813,181,874938.5169,14,3940.754891877645,145.47334795497264,0.010776,,0.0,0.153108,-1.6662,1.9514,0.002489,-0.007909,0.2,2.7187,0.006734,0.000876,-0.8714,0.682822,0.039914,0.022722
2019-02-22 00:00:00+00:00,30,4.2414,0.2566,1.0,164,764891.8661,-73134.4023,0.7434,127,568657.5763,4370.472356,158794.7717,37439.5181,-121355.2536,164,764891.8661,7,3956.449491347823,146.89898047045486,-0.00265,,0.0,0.277741,0.2531,0.484,-0.047069,0.005711,-0.1253,1.7399,-0.19087,-0.048499,-0.9224,0.710029,0.027207,0.037558
2019-02-23 00:00:00+00:00,25,2.4166,0.2809,0.9643,175,432302.4546,-73824.7625,0.7191,150,322369.0204,3418.383985,89073.1904,36859.1457,-52214.0447,191,448301.3565,16,3993.1540443117815,149.75063169635868,-0.037607,,0.0,0.213131,-0.507,1.1348,-0.010775,0.020957,-0.1511,0.6282,-0.078311,-0.014906,-0.49,0.617927,-0.092102,-0.024981
2019-02-24 00:00:00+00:00,39,1.6744,0.2699,1.0,245,1078409.2031,-75034.0804,0.7301,175,787334.8122,6986.747222,182235.4375,108838.9534,-73396.4842,245,1078409.2031,31,4008.5701067438094,153.41793603745018,0.017453,,0.0,0.218789,0.6185,1.3122,0.021345,0.04575,0.1401,1.6008,0.057369,0.010769,-0.9413,0.648831,0.030903,-0.033992
2019-02-25 00:00:00+00:00,40,2.0529,0.6998,1.0,243,1944045.6764,-130052.4606,0.3002,169,583537.6555,47198.316736,914862.041,445645.9799,-469216.0611,243,1944045.6764,34,3806.836534612048,137.84466995983266,0.034904,,0.0,0.656932,2.1864,1.0434,0.092682,0.032818,0.0611,1.9821,0.143134,0.089752,0.1853,0.746611,0.09778,0.036581
2019-02-26 00:00:00+00:00,20,0.9413,0.2814,1.0,194,561934.4432,-115990.9424,0.7186,147,403827.0501,3086.937789,76664.5445,81442.8486,4778.3042,194,561934.4432,27,3814.169396875599,136.4381172528036,0.001625,,0.0,0.178044,0.7044,2.0129,0.030762,-0.055302,-0.0924,1.3118,0.167824,0.024947,-0.109,0.612248,-0.134363,-0.005679
2019-02-27 00:00:00+00:00,22,2.5067,0.2415,1.0,237,1334142.3825,-125164.3215,0.7585,192,1011991.0473,11058.697183,230283.2325,91868.1026,-138415.1299,237,1334142.3825,23,3807.190238685256,136.0738477238773,-0.005983,,0.0,0.194638,-1.9602,-0.371,-0.013284,-0.012847,-0.1315,0.3967,-0.105237,-0.018082,-0.205,0.704341,0.092093,0.055511
2019-02-28 00:00:00+00:00,22,1.3081,0.1923,1.0,238,820374.5041,-124410.7387,0.8077,187,662639.2424,3391.816476,89395.8818,68339.3799,-21056.5018,238,820374.5041,29,3824.379710904069,136.0708373667575,-0.006285,,0.0,0.159236,3.9431,5.2383,0.017412,-0.014388,-0.0632,-0.0371,0.096661,0.01286,0.5823,0.649484,-0.054858,-0.097127
2019-03-01 00:00:00+00:00,21,2.0619,0.245,1.0,176,649552.0856,-114959.8182,0.755,134,490388.5262,4594.643921,107181.1845,51982.3748,-55198.8097,176,649552.0856,21,3831.4485558645465,136.0733426954337,-0.123756,,0.0,0.188467,-7.6969,-2.7117,-0.017833,0.031375,-0.0311,-0.2499,-0.134915,-0.021764,-0.4897,0.671986,0.022502,0.059738
2019-03-02 00:00:00+00:00,17,1.809,0.2108,0.9937,181,471364.3786,-111614.5517,0.7892,148,374375.4548,2768.908088,64393.0483,35595.8689,-28797.1794,184,474364.3719,19,3816.4957690256783,133.3170361761377,-0.068422,,0.0,0.15356,-0.6179,-2.8226,0.012373,-0.033891,0.101,0.4436,0.056873,0.007544,-0.0154,0.623325,-0.04866,-0.081016
2019-03-03 00:00:00+00:00,15,0.9252,0.1375,0.991,172,769732.0917,-100536.7181,0.8625,146,669890.7132,13220.931337,51342.8086,55491.1593,4148.3507,179,776724.6811,18,3817.108750079025,132.7656474840902,-0.044272,,0.0,0.136243,0.1103,-3.3308,0.018245,0.013429,0.0106,0.5134,0.123322,0.014632,-0.8705,0.710702,0.087377,0.061218
2019-03-04 00:00:00+00:00,28,1.4436,0.1911,1.0,243,880986.6408,-37871.6269,0.8089,186,712644.1116,5914.538232,99451.4756,68891.0536,-30560.4221,243,880986.6408,29,3738.09235169725,126.6256429688341,0.108876,,0.0,0.153957,-0.2903,-5.8075,-0.002852,-0.013272,0.1731,1.6945,-0.051752,-0.006627,-0.4265,0.628474,-0.082228,-0.043512
2019-03-05 00:00:00+00:00,38,2.4911,0.2201,1.0,208,799808.6501,-49297.1459,0.7799,148,623740.1359,4926.946738,125634.4216,50434.0925,-75200.329,208,799808.6501,22,3773.805828519025,130.4044554980538,-0.041933,,0.0,0.171717,1.8135,-4.6984,-0.031625,0.024601,-0.0666,1.2201,-0.25535,-0.036958,0.3407,0.644687,0.016213,0.021362
2019-03-06 00:00:00+00:00,19,1.3415,0.2104,1.0,212,699513.1382,-32589.7324,0.7896,175,552355.1045,3125.636988,84310.6345,62847.3991,-21463.2354,212,699513.1382,18,3848.6931372906142,136.70136920152717,-0.038059,,0.0,0.150054,-0.8804,-3.6186,0.002181,-0.020787,-0.0786,0.6828,-0.010298,-0.001307,0.4036,0.633395,-0.011292,-0.077307
2019-03-07 00:00:00+00:00,31,0.5677,0.4685,1.0,200,747591.6946,-15784.2474,0.5315,133,397315.4598,5848.233188,126847.171,223429.0638,96581.8928,200,747591.6946,36,3874.019188476076,137.45206942173175,-0.005128,,0.0,0.244541,0.4823,-7.0795,0.066253,0.006159,-0.0293,0.4692,0.263561,0.059223,0.1354,0.650618,0.017223,0.022144
2019-03-08 00:00:00+00:00,29,2.2678,0.1327,1.0,199,1047530.7987,-15602.7336,0.8673,151,908529.2969,17655.200978,96464.8572,42536.6446,-53928.2126,199,1047530.7987,19,3893.510028522111,136.4643257000608,0.02628,,0.0,0.154889,-1.426,-0.8085,0.01252,0.027411,-0.0542,0.0745,0.047253,0.006428,0.4704,0.708441,0.057822,0.063754
2019-03-09 00:00:00+00:00,42,3.5905,0.3817,1.0,163,578198.5542,-29280.1022,0.6183,92,357509.9649,4984.57581,172613.6746,48074.9148,-124538.7598,163,578198.5542,29,3906.1697025815706,136.24266271130242,-0.009368,,0.0,0.23808,-1.3331,-1.5238,-0.062981,0.000354,-0.0182,-0.072,-0.293244,-0.061238,0.5951,0.636352,-0.072089,0.002956
2019-03-10 00:00:00+00:00,16,2.5844,0.1223,0.9855,172,678230.5477,-35187.7689,0.8777,157,604056.9425,8970.064735,60687.6846,23482.3686,-37205.3159,182,688226.9957,9,3912.409862054561,135.67961983843912,-0.054171,,0.0,0.138611,0.2553,-1.3788,0.021267,-0.00653,0.0686,0.4,0.139455,0.016443,-0.3316,0.675125,0.038773,0.024506
2019-03-11 00:00:00+00:00,22,1.615,0.1632,1.0,220,979710.8418,-36195.4749,0.8368,182,819783.0538,12031.803364,98771.0761,61156.7119,-37614.3642,220,979710.8418,16,3879.005367147773,133.47026733521625,0.065513,,0.0,0.160927,0.2326,-0.8559,0.020602,-0.002871,0.0558,0.7926,0.112006,0.015262,0.1497,0.682791,0.007667,-0.025649
2019-03-12 00:00:00+00:00,18,1.9747,0.1816,1.0,233,788349.6042,-32153.1523,0.8184,203,645205.4261,3275.321589,95024.1246,48120.0535,-46904.0711,233,788349.6042,12,3868.083038936545,132.47282531817214,-0.005207,,0.0,0.153141,0.0485,-2.6208,-0.008507,-0.005,-0.142,-0.2401,-0.105946,-0.013765,0.6503,0.647637,-0.035154,0.011286
2019-03-13 00:00:00+00:00,12,2.335,0.1505,1.0,205,704610.1823,-35151.5188,0.8495,186,598558.4216,3237.261725,74251.7807,31799.98,-42451.8007,205,704610.1823,7,3870.9054646302848,132.13204771511982,0.048193,,0.0,0.123153,-0.5609,-2.3013,0.001801,-0.009718,0.1335,0.7266,-0.045485,-0.004587,0.3869,0.642576,-0.005061,-0.032548
2019-03-14 00:00:00+00:00,24,2.3586,0.1144,0.9804,226,1001445.7373,-55702.184,0.8856,209,904575.3643,12910.203856,82068.6079,34795.8439,-47272.764,246,1021439.816,13,3870.7012935788553,131.89335241330372,-0.018701,,0.0,0.11946,-0.5279,-3.3115,-0.006939,-0.006829,-0.0646,0.2603,-0.082547,-0.008127,1.2148,0.691913,0.049336,0.009121
2019-03-15 00:00:00+00:00,26,2.0825,0.1939,1.0,210,734714.6649,-55144.3643,0.8061,173,592265.4921,5624.499306,96236.3235,46212.8492,-50023.4743,210,734714.6649,11,3904.332064405466,134.72514873167057,-0.011819,,0.0,0.152466,-0.3502,-2.2358,-0.023213,0.006411,0.0552,0.6474,-0.197425,-0.025777,0.5005,0.647003,-0.044909,-0.000634
2019-03-16 00:00:00+00:00,32,1.6904,0.3468,1.0,180,638810.5249,-45473.484,0.6532,130,417291.2548,3551.429452,139180.9341,82338.336,-56842.5981,180,638810.5249,18,3992.889202680152,140.4945952594091,-0.049894,,0.0,0.229736,0.4139,-0.4888,-0.031676,0.018619,0.0314,0.8581,-0.154249,-0.031812,-0.1717,0.660631,0.013628,0.018054
2019-03-17 00:00:00+00:00,14,1.8879,0.1127,0.9638,140,822696.9885,-44382.2399,0.8873,142,757412.9074,14479.132322,62865.3553,33298.7484,-29566.6069,174,853577.0111,18,3981.914693511894,138.78492285713963,-0.008846,,0.0,0.102107,-0.4299,-1.174,-0.000928,-0.008418,-0.1584,-0.3084,-0.050108,-0.004393,-0.5082,0.707411,0.04678,0.015498
2019-03-18 00:00:00+00:00,22,3.1113,0.3557,1.0,194,1081960.8039,-67238.6914,0.6443,155,697157.8153,11634.431768,291206.2565,93596.732,-197609.5245,194,1081960.8039,17,3985.654082011845,138.1188852734902,0.123257,,0.0,0.29577,1.2805,-0.1261,0.029575,0.010394,0.0479,0.0462,0.097767,0.027145,-0.1601,0.677534,-0.029877,0.030531
2019-03-19 00:00:00+00:00,22,1.5086,0.2064,0.9521,200,612257.8865,-64382.8695,0.7936,188,510302.0144,4126.07367,79826.7818,52913.4637,-26913.3182,232,643042.2599,22,3992.058282011436,137.9059456124476,-0.007437,,0.0,0.141393,2.0295,1.8549,0.003952,0.030614,0.2198,1.6218,-0.00887,-0.001026,1.875,0.60652,-0.071014,-0.054111
2019-03-20 00:00:00+00:00,24,2.6045,0.1632,1.0,228,1253364.9521,-71323.891,0.8368,191,1048847.7513,15371.093919,147778.0761,56739.1247,-91038.9514,228,1253364.9521,13,4011.0145191357183,137.89705058010065,-0.01719,,0.0,0.166666,-2.428,-0.0122,0.003898,-0.035418,0.0235,1.7415,0.009236,0.001332,1.3068,0.69162,0.0851,-0.015791
2019-03-21 00:00:00+00:00,18,1.5106,0.1809,1.0,238,839699.8907,-68983.7643,0.8191,204,687804.8102,4063.773198,91393.4786,60501.6019,-30891.8767,238,839699.8907,16,4018.818423670453,137.27816994513606,0.089103,,0.0,0.149116,1.7785,2.2942,0.028509,-0.022439,0.0957,2.3272,0.179341,0.022385,1.1419,0.626631,-0.064989,-0.050902
2019-03-22 00:00:00+00:00,21,2.0484,0.1993,0.931,198,566786.3243,-67799.6461,0.8007,190,487436.7448,2994.635944,81541.914,39807.2673,-41734.6467,243,608785.9261,32,3990.743097824672,135.907833194776,-0.057946,,0.0,0.141097,-1.543,1.1014,0.006544,0.00411,-0.0007,2.2295,0.046587,0.005436,2.5434,0.602641,-0.02399,-0.003879
2019-03-23 00:00:00+00:00,5,1.5864,0.0304,1.0,171,1473936.9827,-61129.9891,0.9696,161,1429148.1836,20776.919259,27471.8991,17316.9,-10154.9991,171,1473936.9827,5,3997.159745842249,136.77468252384682,-0.07184,,0.0,0.060518,-0.7336,-0.0461,0.008015,-0.008893,-0.085,1.6126,0.130525,0.006558,1.5279,0.795009,0.192368,0.103389
2019-03-24 00:00:00+00:00,12,2.424,0.1215,0.9804,196,599365.2917,-61317.6101,0.8785,188,537076.8626,4745.643309,52564.5772,21684.6231,-30879.9541,208,611326.0628,8,3990.980408476184,136.27813507525062,-0.009204,,0.0,0.124058,0.2684,0.6522,0.006422,0.029628,-0.024,1.4186,0.036283,0.003872,1.9594,0.654802,-0.140207,0.028171
2019-03-25 00:00:00+00:00,38,1.5132,0.2045,0.9323,283,906746.4916,-38889.4114,0.7955,274,773656.325,4481.836353,119753.816,79141.6827,-40612.1333,353,972551.8238,41,3970.528151288895,135.07634411933552,0.044519,,0.0,0.141006,2.5686,1.9403,0.007241,-0.006464,-0.1629,0.3395,0.019869,0.002361,2.5216,0.574699,-0.080103,-0.027942
2019-03-26 00:00:00+00:00,18,1.4871,0.1496,0.98,253,920281.8551,-38975.6204,0.8504,231,798606.3952,5895.845587,84003.8516,56487.0702,-27516.7814,272,939097.317,23,3928.022886013501,133.70227944246426,0.017836,,0.0,0.134261,-1.5029,-1.5921,0.010839,0.007342,0.0471,0.6358,0.058163,0.006448,3.134,0.638109,0.06341,-0.1569
2019-03-27 00:00:00+00:00,30,2.2061,0.2872,0.9712,251,703972.8905,-37159.8087,0.7128,206,516668.2471,3260.936179,143271.4935,64943.2236,-78328.2699,272,724882.9641,36,4006.737166314195,137.5028647131442,0.005916,,0.0,0.200268,2.4485,3.2844,-0.012427,0.000899,0.1003,1.2655,-0.068525,-0.011771,1.4637,0.602021,-0.036088,-0.052781
2019-03-28 00:00:00+00:00,21,2.18,0.1177,0.9751,231,897216.8489,-38485.8451,0.8823,209,811852.4079,7858.694068,74219.3317,34045.2007,-40174.131,254,920116.9403,24,4024.7802885310034,138.08211976122715,-0.031258,,0.0,0.114166,-1.6883,-0.1823,-0.006881,0.006328,-0.0586,0.8612,-0.099712,-0.009204,1.682,0.645353,0.043332,0.070654
2019-03-29 00:00:00+00:00,24,4.214,0.1587,1.0,259,906550.2892,-45189.5089,0.8413,220,762719.4203,3686.469714,116245.5814,27585.2876,-88660.2938,259,906550.2892,15,4071.613718296855,139.933484312466,0.090044,,0.0,0.136138,1.2475,2.6082,-0.028806,0.007231,0.0774,1.3418,-0.262266,-0.029379,1.5446,0.641116,-0.004237,0.003007
2019-03-30 00:00:00+00:00,22,6.3554,0.1249,1.0,210,1091370.1867,-57916.5686,0.8751,177,955062.1676,27756.095889,117776.2179,18531.8012,-99244.4168,210,1091370.1867,11,4093.7738109549286,142.4117715725036,-0.029689,,0.0,0.132672,-2.9249,0.4169,-0.023542,-0.024956,0.169,2.3767,-0.228576,-0.02567,1.5013,0.696431,0.055315,0.09441
2019-03-31 00:00:00+00:00,24,3.9149,0.131,0.99,240,894615.9559,-63533.5955,0.869,206,785250.9771,5765.183085,94282.0522,24082.91,-70199.1422,249,903615.9393,19,4101.183018946858,141.30619882048686,0.011443,,0.0,0.117333,-0.791,-0.6425,-0.01449,-0.016615,0.0275,2.4454,-0.169364,-0.016409,0.7649,0.660673,-0.035757,0.01532
2019-04-01 00:00:00+00:00,25,2.0513,0.1797,0.9709,255,811671.9077,-65125.8552,0.8203,229,685800.4681,4597.844666,100988.6969,49230.7458,-51757.9511,280,836019.9107,26,4135.656843078829,141.95250015271031,-0.014283,,0.0,0.13689,2.2398,-0.9713,-0.001848,0.0157,-0.4524,-0.438,-0.06855,-0.007778,2.8436,0.617407,-0.043267,-0.023709
2019-04-02 00:00:00+00:00,74,6.2202,0.287,1.0,372,1361674.9685,-101558.4835,0.713,278,970879.05,4037.086517,336670.5493,54125.3693,-282545.18,372,1361674.9685,20,4678.953734746507,153.60569342787076,0.024093,,0.0,0.221178,2.2061,2.7378,-0.065316,0.012393,-0.0093,-0.4954,-0.349952,-0.063743,3.8146,0.627417,0.01001,-0.069014
2019-04-03 00:00:00+00:00,64,2.8917,0.2432,1.0,378,1443734.9717,-114746.8832,0.7568,285,1092669.0452,4472.255993,260856.497,90209.4295,-170647.0674,378,1443734.9717,29,5000.377984945204,168.88341734690073,0.024147,,0.0,0.231586,1.2543,1.5436,-0.022839,0.023989,0.1079,0.183,-0.132452,-0.024564,2.8615,0.631534,0.004117,-0.029139
2019-04-04 00:00:00+00:00,24,1.7765,0.1757,1.0,257,1010668.8997,-116102.9829,0.8243,207,833076.2161,5122.230671,113629.7563,63962.9274,-49666.8289,257,1010668.8997,26,4961.496585970046,159.85072530487716,-0.082112,,0.0,0.167185,-0.9304,2.3014,0.012405,-0.036047,0.0377,0.4158,0.057576,0.007767,1.2953,0.635679,0.004145,0.018273
2019-04-05 00:00:00+00:00,21,2.5535,0.1623,1.0,206,1227741.1037,-115882.9945,0.8377,168,1028460.7985,10750.621901,143200.3402,56079.965,-87120.3752,206,1227741.1037,17,4966.283905922418,162.4681122916477,-0.069727,,0.0,0.15244,-2.8304,-1.7765,-0.006198,-0.002185,-0.1127,-0.3222,-0.072942,-0.009526,1.3082,0.719157,0.083478,0.09174
2019-04-06 00:00:00+00:00,9,1.2969,0.1398,0.9847,188,636011.9844,-103373.2194,0.8602,164,555608.5348,5576.950663,50997.0602,39321.069,-11675.9912,198,645926.664,25,5033.335579365551,164.79895587682566,-0.029378,,0.0,0.157672,-0.5734,0.575,0.025171,0.005501,0.0201,-0.2147,0.156608,0.021035,0.6311,0.649678,-0.069479,0.018143
2019-04-07 00:00:00+00:00,13,1.3637,0.1417,0.9886,245,949697.3413,-96336.3096,0.8583,210,824583.2273,5978.391623,78522.1885,57581.4149,-20940.7736,256,960686.8307,33,5122.12786478294,167.86939107745857,-0.018167,,0.0,0.138804,0.3888,1.7548,-0.003631,-0.002667,-0.0308,-0.4452,-0.047196,-0.005473,1.2465,0.652787,0.00311,0.017108
2019-04-08 00:00:00+00:00,50,1.9276,0.2316,1.0,337,1287535.9705,-102438.1575,0.7684,260,989368.0264,4455.080253,196319.4151,101848.529,-94470.886,337,1287535.9705,27,5209.679833048095,179.25069325432898,0.113032,,0.0,0.182145,1.593,1.108,-0.00862,0.006157,0.0732,0.0322,-0.063068,-0.009589,2.0691,0.637588,-0.015199,-0.081568
2019-04-09 00:00:00+00:00,36,2.1882,0.2549,1.0,263,1270843.5068,-79318.7369,0.7451,199,946955.1685,5653.986201,222298.7872,101589.5512,-120709.236,263,1270843.5068,28,5185.596275181159,176.3215809082457,-0.04812,,0.0,0.20734,-0.8605,-1.9586,-0.024102,0.000234,-0.0355,-0.2344,-0.133573,-0.024312,1.7957,0.677183,0.039594,0.027505
2019-04-10 00:00:00+00:00,25,1.6573,0.1998,1.0,265,963671.8337,-61744.9896,0.8002,213,771102.3677,3740.632515,120100.1511,72469.3148,-47630.8363,265,963671.8337,27,5243.718290700964,178.82730768911438,0.068835,,0.0,0.169568,-0.9173,-4.1302,0.007204,0.006487,0.1938,1.1022,0.040392,0.005687,1.321,0.631138,-0.046045,-0.02165
2019-04-11 00:00:00+00:00,30,1.5421,0.2163,1.0,271,922760.0357,-60731.0005,0.7837,209,723139.6105,3563.662015,121094.6653,78525.7599,-42568.9054,271,922760.0357,32,5127.469767671958,167.86219820877042,0.03127,,0.0,0.175968,1.6644,-1.5353,0.022967,-0.000111,-0.129,0.1816,0.143225,0.021442,2.1879,0.623196,-0.007942,-0.014393
2019-04-12 00:00:00+00:00,27,2.0095,0.1962,1.0,234,904021.86,-56783.3907,0.8038,185,726675.9728,3957.418487,118416.4967,58929.3905,-59487.1062,234,904021.86,22,5042.192225826865,164.0684582694018,-0.074513,,0.0,0.165583,0.7696,2.0647,0.007396,0.008114,-0.2281,-1.422,0.059758,0.008697,2.368,0.677501,0.054305,0.000318
2019-04-13 00:00:00+00:00,7,1.3375,0.2715,0.907,130,464005.5789,-57980.3652,0.7285,143,372665.0911,4770.416923,79477.5868,59422.7741,-20054.8127,183,511565.452,33,5081.57588070381,164.01971940636386,-0.075078,,0.0,0.190828,-2.2158,0.4223,0.034732,0.015621,0.113,-0.6263,0.204966,0.035168,0.5496,0.618836,-0.058665,-0.012302
2019-04-14 00:00:00+00:00,9,1.3044,0.1113,0.9927,190,675442.5573,-56418.4939,0.8887,166,604673.6621,5015.595167,42887.1749,32879.5001,-10007.6748,195,680440.337,20,5074.428402517846,163.6513854362611,0.005745,,0.0,0.111098,-1.4334,-1.3999,0.017015,-0.00274,0.2174,0.9029,0.162963,0.01583,0.1597,0.668096,0.04926,0.0449
2019-04-15 00:00:00+00:00,24,2.0251,0.1859,1.0,229,900041.2375,-51022.2297,0.8141,186,732725.4032,3778.971234,112006.4355,55309.3988,-56697.0367,229,900041.2375,19,5131.078767969516,165.38389208977958,0.087355,,0.0,0.154551,0.6654,-2.3276,0.012873,-0.026499,-0.183,-0.4789,0.073855,0.010016,1.2952,0.659783,-0.008313,-0.017719
2019-04-16 00:00:00+00:00,19,1.5609,0.2612,0.9759,218,761924.5427,-40159.0611,0.7388,185,576775.111,5094.030915,124301.1216,79634.0659,-44667.0557,237,780710.2986,33,5100.043964292044,163.0809106971678,0.065568,,0.0,0.1893,0.2358,-1.2312,0.028324,0.01049,0.1695,0.7884,0.151904,0.025945,1.0506,0.630172,-0.029611,0.011336
2019-04-17 00:00:00+00:00,18,1.9512,0.1628,0.9823,237,826935.4779,-39665.1027,0.8372,211,704750.2615,3567.629976,90613.4193,46440.2922,-44173.1271,252,841803.9729,23,5219.320808802758,166.1215744992309,-0.052879,,0.0,0.113884,0.541,0.227,-0.010688,-0.007438,0.0214,0.931,-0.130415,-0.012485,1.2242,0.64311,0.012938,-0.024986
2019-04-18 00:00:00+00:00,25,1.5526,0.1626,1.0,254,960803.618,-38414.4789,0.8374,217,804615.5217,3918.937076,95001.3176,61186.7787,-33814.5389,254,960803.618,12,5257.890597973642,171.97677576172714,0.029882,,0.0,0.127658,0.4612,-0.9762,-0.014538,-0.003455,0.0249,1.0977,-0.148439,-0.015659,0.8466,0.654217,0.011108,-0.005565
2019-04-19 00:00:00+00:00,19,2.9387,0.2157,1.0,229,864181.9433,-43024.0842,0.7843,184,677772.4988,4526.476273,139081.8939,47327.5507,-91754.3432,229,864181.9433,26,5258.884393470375,172.3622915377721,-0.076224,,0.0,0.142065,-0.4191,-2.1649,-0.021716,-0.01114,-0.2394,-0.7153,-0.197448,-0.024724,1.1066,0.65561,0.001392,0.025437
2019-04-20 00:00:00+00:00,20,1.9806,0.1965,0.9888,206,708101.2659,-46771.9344,0.8035,168,575401.5469,3958.188792,93494.6866,47204.9223,-46289.7643,214,716101.1558,26,5306.414964897008,173.62146616992248,-0.021236,,0.0,0.128044,-2.5619,-2.5111,-0.012179,0.001629,-0.3879,-3.4023,-0.126782,-0.014353,1.5889,0.668451,0.012842,0.025342
2019-04-21 00:00:00+00:00,18,2.2439,0.1591,0.9926,210,781762.3553,-52205.707,0.8409,174,662287.1266,4828.640355,86669.3639,38625.2811,-48044.0827,216,787581.7716,24,5281.53321982294,169.95357639137666,0.04275,,0.0,0.127509,1.1074,0.0297,-0.024894,0.003891,0.2624,-1.4841,-0.239381,-0.026265,1.0253,0.661947,-0.006504,0.00773
2019-04-22 00:00:00+00:00,22,1.7155,0.16,0.9735,258,827812.9829,-49227.5936,0.84,231,714313.1927,3547.819737,85958.7605,50108.5173,-35850.2432,281,850380.4705,28,5312.191333898707,170.5943371077665,0.009253,,0.0,0.114462,0.908,0.2723,-0.004709,0.004822,0.1885,-0.1112,-0.072259,-0.006872,1.7324,0.631634,-0.030313,-0.023975
2019-04-23 00:00:00+00:00,17,1.2869,0.1813,1.0,242,993635.3822,-46076.2599,0.8187,201,813455.0054,4922.647491,101394.0483,78786.3286,-22607.7197,242,993635.3822,24,5528.82166895353,173.4114694494757,0.029739,,0.0,0.137115,-0.2811,-0.2446,0.00538,-0.002162,-0.0063,-0.1634,0.029451,0.003448,2.0247,0.654561,0.022926,-0.013891
2019-04-24 00:00:00+00:00,31,1.7749,0.1697,1.0,314,1280498.439,-48433.3984,0.8303,252,1063228.4323,4577.80409,138971.5515,78298.4552,-60673.0964,314,1280498.439,31,5487.147391863091,165.78214208822905,-0.038089,,0.0,0.134106,1.7519,0.9663,0.002574,0.007007,-0.0127,-0.2567,-0.018136,-0.002015,1.3167,0.637133,-0.017427,-0.024814
2019-04-25 00:00:00+00:00,21,1.6501,0.2317,1.0,269,1224206.3366,-53542.824,0.7683,220,940571.1684,6159.877002,176607.8434,107027.3248,-69580.5185,269,1224206.3366,28,5444.037273604125,163.61977043259347,-0.047041,,0.0,0.187367,-1.5942,-1.0891,0.022119,0.00352,0.1815,1.074,0.105242,0.017278,1.0209,0.660042,0.022909,0.028408
2019-04-26 00:00:00+00:00,31,1.3792,0.617,1.0,275,2309358.8668,-72878.1601,0.383,198,884584.7331,32975.912542,825937.9147,598836.219,-227101.6958,275,2309358.8668,46,5274.671933091653,155.5588978571511,0.029314,,0.0,0.565472,2.1593,1.4893,0.151342,-0.013251,-0.0454,0.7173,0.263296,0.142492,0.8548,0.732068,0.072026,0.077508
2019-04-27 00:00:00+00:00,6,0.8369,0.1087,0.9863,190,718095.0742,-65261.8435,0.8913,167,648963.6005,5324.923088,36049.9921,43074.444,7024.4519,200,728088.0366,27,5270.856001398913,157.5318590183306,-0.117806,,0.0,0.105757,-3.2667,0.7845,0.023436,0.052514,-0.0273,0.4994,0.213213,0.017926,-0.3735,0.638432,-0.093637,0.001298
2019-04-28 00:00:00+00:00,12,3.2894,0.1312,1.0,185,990144.8528,-68302.2642,0.8688,164,860254.2126,6920.251781,99608.8338,30281.8064,-69327.0274,185,990144.8528,9,5276.301686093,157.89114513789755,0.061709,,0.0,0.148424,0.1359,-0.187,0.005048,0.017759,0.0777,1.0614,0.019026,0.002512,0.1895,0.705234,0.066803,0.045192
2019-04-29 00:00:00+00:00,33,2.3957,0.2293,1.0,246,1445515.7349,-82642.9749,0.7707,186,1114052.232,17237.646991,233849.3606,97614.1423,-136235.2183,246,1445515.7349,27,5240.723528315929,155.34788048256846,0.020121,,0.0,0.189358,-0.2179,-1.3128,-0.004611,-0.065526,-0.1036,0.2791,-0.045352,-0.007693,0.3046,0.689578,-0.015656,-0.04249
2019-04-30 00:00:00+00:00,21,1.4904,0.2276,1.0,249,1198310.4153,-87087.0613,0.7724,202,925523.1198,6819.560315,163251.8102,109535.4854,-53716.3248,249,1198310.4153,26,5241.729807010562,157.20780893904112,0.070402,,0.0,0.180979,0.1671,-0.8646,0.015262,0.052229,0.1148,1.1405,0.079119,0.012764,0.5875,0.653237,-0.036341,0.014805
2019-05-01 00:00:00+00:00,19,1.077,0.3565,1.0,205,1227971.1011,-80739.1566,0.6435,158,790228.7514,13882.929617,226990.0565,210752.2932,-16237.7633,205,1227971.1011,28,5331.08703287607,160.08304118503642,-0.026949,,0.0,0.287885,0.83,-1.7864,0.053184,0.002597,-0.0276,0.9139,0.191999,0.052568,0.8809,0.732453,0.079217,0.027219
2019-05-02 00:00:00+00:00,27,1.562,0.2568,1.0,194,781731.5236,-77089.9579,0.7432,149,580987.1532,4850.582029,122390.249,78354.1214,-44036.1276,194,781731.5236,18,5405.847683614252,159.7839050442462,0.083179,,0.0,0.174586,0.7834,0.5911,0.005496,-0.01333,0.0922,1.5645,0.022078,0.00343,0.6064,0.655369,-0.077084,-0.034209
2019-05-03 00:00:00+00:00,30,1.589,0.294,1.0,237,895016.6232,-53198.8719,0.706,181,631873.7193,4963.329767,161503.499,101639.4049,-59864.0941,237,895016.6232,26,5663.585928933149,164.84272549149264,-0.063627,,0.0,0.190743,-0.5321,-2.1003,-0.009622,0.021076,0.0403,1.8067,-0.061363,-0.010322,0.1118,0.639371,-0.015999,-0.013866
2019-05-04 00:00:00+00:00,15,1.9215,0.1682,0.956,182,710857.8106,-59837.7096,0.8318,176,618497.3044,4674.855196,82255.8996,42808.4876,-39447.412,217,743561.6917,26,5734.52174179073,163.92680354427958,-0.072604,,0.0,0.135419,-0.0637,1.1027,-0.00116,-0.028947,0.0383,2.0139,-0.023856,-0.002811,0.4004,0.641731,0.00236,-0.090722
2019-05-05 00:00:00+00:00,13,1.103,0.0989,0.9624,170,674724.0019,-50418.8447,0.9011,165,631766.1881,5274.944004,36351.2943,32956.3212,-3394.9732,198,701073.8036,20,5758.94147229474,162.4297365367925,0.036693,,0.0,0.098545,-0.4573,0.5095,0.008335,-0.013,0.0169,2.0579,0.088,0.007117,0.2185,0.633996,-0.007735,-0.021373
2019-05-06 00:00:00+00:00,46,4.1302,0.2033,1.0,260,1111471.6666,-50653.0807,0.7967,195,885504.4935,5253.404221,181921.0214,44046.1516,-137874.8698,260,1111471.6666,19,5697.124273719554,166.07183605815865,0.110393,,0.0,0.17231,0.5058,1.2332,-0.044195,-0.015104,0.0089,2.0443,-0.295658,-0.044942,0.5908,0.657854,0.023858,0.018483
2019-05-07 00:00:00+00:00,36,2.3908,0.2116,1.0,274,1259409.3029,-58591.2986,0.7884,219,992973.8913,4901.049258,187859.6308,78575.7808,-109283.8501,274,1259409.3029,19,5892.851617316501,175.443335173459,0.071837,,0.0,0.149429,2.682,3.7481,-0.0269,-0.012293,-0.167,0.8833,-0.19026,-0.024695,0.6211,0.664634,0.00678,0.022903
2019-05-08 00:00:00+00:00,20,1.0003,0.1425,1.0,279,1223845.6063,-56275.7842,0.8575,227,1049394.5849,9896.1346,87240.0919,87210.9295,-29.1624,279,1223845.6063,32,5884.213252561418,169.29232199393985,-0.062539,,0.0,0.123773,-2.3255,0.5925,0.033417,0.01506,0.0605,1.2687,0.307916,0.034343,0.6284,0.647558,-0.017076,0.013562
2019-05-09 00:00:00+00:00,26,1.3158,0.1436,1.0,261,1061432.4713,-52953.648,0.8564,210,909057.8965,4694.255837,86577.8745,65796.7004,-20781.1741,261,1061432.4713,25,6071.618649713792,169.83617120067925,-0.017064,,0.0,0.112732,0.1403,-0.0505,0.006217,0.036727,0.0722,1.7056,0.083645,0.008275,1.1873,0.652201,0.004643,-0.005653
2019-05-10 00:00:00+00:00,28,3.4785,0.1098,1.0,270,1076304.4445,-53742.2341,0.8902,232,958159.1921,5125.585789,91764.7247,26380.5276,-65384.1971,270,1076304.4445,10,6309.661795553072,173.0012314438553,0.000498,,0.0,0.101979,1.053,1.5346,-0.021814,0.001865,-0.0707,1.2062,-0.201174,-0.017825,1.1333,0.657388,0.005188,-0.007246
2019-05-11 00:00:00+00:00,39,2.4369,0.2011,1.0,305,2205653.7728,-74596.8398,0.7989,258,1762122.6403,10998.099835,314480.3923,129050.7403,-185429.652,305,2205653.7728,8,6771.374909850859,186.05661556634013,-0.026211,,0.0,0.209597,-0.9793,0.619,-0.065443,0.007852,0.0534,1.5209,-0.308513,-0.058989,0.8461,0.739246,0.081858,0.091688
2019-05-12 00:00:00+00:00,29,1.6891,0.2021,1.0,244,1115610.7749,-82365.3969,0.7979,182,890142.9501,6480.017803,141621.3488,83846.4759,-57774.8729,244,1115610.7749,33,7147.135559780753,191.2972321966896,-0.031694,,0.0,0.194181,1.6921,2.7684,0.009308,-0.013232,-0.0352,1.2603,0.075756,0.013576,1.5345,0.692398,-0.046848,0.040198
2019-05-13 00:00:00+00:00,34,1.4922,0.0961,1.0,305,1676052.5925,-67213.4253,0.9039,251,1514987.6397,18594.371782,96438.0105,64626.9423,-31811.0682,305,1676052.5925,20,7360.342602849051,193.49801740313455,0.046189,,0.0,0.121371,0.6691,2.9317,-0.002236,-0.004697,-0.1632,0.1692,0.007931,0.000855,1.4372,0.708753,0.016354,0.051364
2019-05-14 00:00:00+00:00,17,0.507,0.0924,1.0,299,1207669.6982,-46386.3189,0.9076,254,1096075.8333,5037.200645,37543.9854,74049.8795,36505.8942,299,1207669.6982,28,7970.505651285883,206.45147550803668,0.054232,,0.0,0.119697,1.2346,1.4843,0.031028,-0.001816,-0.0193,0.0392,0.3008,0.031408,2.1667,0.651248,-0.057505,-0.087998
2019-05-15 00:00:00+00:00,25,2.513,0.2208,1.0,376,1703624.194,-69529.6362,0.7792,312,1327408.8962,8107.457674,269123.8405,107091.4572,-162032.3833,376,1703624.194,39,8015.185307427201,231.6899570195033,0.020393,,0.0,0.151538,1.8087,5.6185,-0.0019,0.008152,-0.0857,-0.53,-0.05665,-0.007641,2.5906,0.66709,0.015842,-0.025309
2019-05-16 00:00:00+00:00,56,0.9887,0.3852,1.0,402,3800928.3998,-65367.5086,0.6148,319,2336855.5966,38823.546134,727859.5422,736213.2611,8353.7189,402,3800928.3998,27,7997.340349104023,260.71484445752293,0.0025,,0.0,0.310383,6.9988,12.477,0.069918,0.001319,-0.0248,-0.7025,0.213405,0.062612,3.1172,0.757733,0.090643,0.04898
2019-05-17 00:00:00+00:00,91,7.3393,0.3053,1.0,352,1937482.8922,-120262.2497,0.6947,240,1345974.1571,6929.877359,520578.0599,70930.6752,-449647.3847,352,1937482.8922,21,7302.702684113283,239.33891368817112,-0.00446,,0.0,0.220699,-3.3113,8.1126,-0.083791,-0.008903,0.0042,-0.6797,-0.425264,-0.08578,1.8252,0.689706,-0.068026,0.038458
2019-05-18 00:00:00+00:00,20,3.0358,0.1425,1.0,216,907315.7293,-103092.4677,0.8575,182,777979.1555,6238.967263,97288.8757,32047.6981,-65241.1777,216,907315.7293,14,7330.165514419617,238.66031991984485,-0.005544,,0.0,0.15213,-5.2348,3.8572,0.005472,-0.061296,0.0425,-0.399,0.106212,0.013195,0.6846,0.663309,-0.026398,-0.003781
2019-05-19 00:00:00+00:00,43,2.9997,0.2243,1.0,223,933291.5753,-109787.9447,0.7757,164,723990.5338,3990.324939,156972.127,52328.9145,-104643.2125,223,933291.5753,16,7876.410073191656,252.47448108997008,-0.038004,,0.0,0.183137,0.0042,2.1692,-0.039771,0.092193,0.1127,0.3384,-0.244827,-0.040423,0.5255,0.687835,0.024527,-0.069897
2019-05-20 00:00:00+00:00,47,4.0215,0.157,1.0,266,1307460.793,-122892.8547,0.843,205,1102138.2101,7220.690157,164434.0104,40888.5725,-123545.438,266,1307460.793,14,7899.671828685682,249.4336438861212,0.015087,,0.0,0.149349,2.0987,3.5989,-0.007443,0.027001,0.1699,1.4754,-0.077139,-0.010268,1.3201,0.698228,0.010393,0.008522
2019-05-21 00:00:00+00:00,42,4.5305,0.1982,1.0,274,1038475.206,-146874.0968,0.8018,217,832697.3018,4013.030781,168570.3524,37207.5517,-131362.8007,274,1038475.206,15,7928.995803013451,252.6883329918836,0.007534,,0.0,0.157681,-2.6425,-0.2782,-0.045236,-0.090044,-0.3303,-0.785,-0.341082,-0.047728,1.9245,0.670485,-0.027743,0.007176
2019-05-22 00:00:00+00:00,30,1.679,0.1505,1.0,278,1093808.0314,-129686.6858,0.8495,221,929204.7938,5507.128043,103161.8716,61441.3659,-41720.5057,278,1093808.0314,27,7888.087650280864,253.57607899582212,-0.002444,,0.0,0.138671,5.5279,3.441,0.00422,0.122793,0.3796,1.7962,-0.006775,-0.000804,1.3386,0.659459,-0.011026,-0.028376
2019-05-23 00:00:00+00:00,29,1.2414,0.1749,1.0,300,1180253.2556,-134055.6477,0.8251,229,973824.9866,6012.195576,114328.6419,92099.6271,-22229.0148,300,1180253.2556,42,7699.755654097033,241.11473466373016,0.008551,,0.0,0.148355,-5.1511,-8.7089,0.035421,-0.082721,-0.122,0.9577,0.226747,0.029454,1.4039,0.665487,0.006028,-0.032741
2019-05-24 00:00:00+00:00,29,1.3479,0.1705,1.0,237,886415.7014,-73019.22,0.8295,183,735312.4071,4396.776776,86747.8426,64355.4518,-22392.3908,237,886415.7014,25,7954.989202229067,248.8555385171504,-0.024669,,0.0,0.125274,0.9357,-4.4619,0.005141,0.031877,0.0979,1.5766,0.016035,0.001753,1.7416,0.655453,-0.010034,-0.015032
2019-05-25 00:00:00+00:00,26,1.8298,0.184,0.9796,203,694132.2964,-69159.5016,0.816,165,578234.7334,4170.851718,84288.4694,46065.3203,-38223.1491,218,708588.523,27,8015.641593757383,251.21560122541712,-0.044194,,0.0,0.127453,-2.6978,-1.9249,-0.025623,-0.015291,-0.0048,1.5123,-0.235604,-0.02644,0.2762,0.641267,-0.014186,-0.018192
2019-05-26 00:00:00+00:00,31,3.8505,0.174,1.0,228,974327.7108,-68441.6233,0.826,176,804814.3634,5660.942456,134565.7057,34947.6416,-99618.0641,228,974327.7108,21,8083.656962795176,251.5756485287129,-0.031908,,0.0,0.163944,-2.6417,-4.5708,-0.037598,-0.030448,-0.2289,0.0094,-0.25181,-0.037265,0.6694,0.683575,0.042309,0.018088
2019-05-27 00:00:00+00:00,45,3.4355,0.1527,1.0,309,1149137.5579,-64554.1263,0.8473,247,973697.9577,3747.490316,135886.2797,39553.3205,-96332.9592,309,1149137.5579,17,8734.402905209128,267.6018300717409,0.099193,,0.0,0.151833,5.6954,-0.974,-0.028293,0.045889,0.1584,1.0419,-0.216949,-0.029021,2.1278,0.661381,-0.022194,0.005928
2019-05-28 00:00:00+00:00,27,1.924,0.1725,1.0,257,973438.1017,-53366.2788,0.8275,204,805563.3002,4184.795379,110461.3346,57413.4668,-53047.8678,257,973438.1017,26,8719.900632733357,270.4338830682566,-0.006614,,0.0,0.145399,0.5388,2.2072,0.000874,-0.002272,0.0266,1.1892,-0.007975,-0.001008,1.4598,0.6634,0.002019,0.022133
2019-05-29 00:00:00+00:00,32,0.249,0.4471,1.0,242,2126187.219,34253.7408,0.5529,183,1175590.667,50336.194551,189488.4602,761108.0918,571619.6316,242,2126187.219,27,8646.89653376956,269.18390530663856,0.024535,,0.0,0.306879,-1.5697,-4.8904,0.167463,-0.022939,0.0757,1.6406,0.566057,0.166415,1.3383,0.769975,0.106575,0.0864
2019-05-30 00:00:00+00:00,37,1.4441,0.2098,1.0,338,1475215.1348,29395.501,0.7902,259,1165722.1159,6557.115837,182864.8562,126628.1626,-56236.6936,338,1475215.1348,42,8650.874176834677,275.87576533212865,-0.025027,,0.0,0.177895,6.7233,6.984,0.016638,0.035275,-0.2022,0.3108,0.078112,0.012132,1.1188,0.66641,-0.103566,0.005029
2019-05-31 00:00:00+00:00,29,1.5306,0.207,1.0,336,1281192.3226,24651.9234,0.793,258,1016046.4367,4546.763206,160371.66,104774.2258,-55597.4342,336,1281192.3226,49,8369.350389713145,257.8128766295804,-0.005566,,0.0,0.168726,-2.68,3.3683,0.039377,-0.001746,-0.2063,-1.0375,0.222961,0.033446,1.5067,0.655684,-0.010725,-0.007716
2019-06-01 00:00:00+00:00,25,1.4453,0.2269,0.9668,216,636580.1556,26225.6078,0.7731,177,509016.5096,4232.969989,88311.9075,61104.5497,-27207.3578,238,658432.9667,36,8550.396815004826,268.2306078963404,0.0161,,0.0,0.153854,-3.4207,2.6454,-0.006041,-0.030318,-0.3044,-2.8682,-0.054542,-0.007593,2.3106,0.665585,0.0099,-0.104391
2019-06-02 00:00:00+00:00,14,0.7959,0.1669,0.9575,168,517638.7051,41921.4817,0.8331,146,450390.306,2518.236048,39980.6746,50233.7275,10253.0529,191,540604.7081,31,8662.817476840983,268.46907941531856,-0.05443,,0.0,0.121064,-4.936,0.3511,0.021653,0.016108,0.0464,-2.4581,0.188818,0.020219,2.6802,0.684084,0.018499,0.017674
2019-06-03 00:00:00+00:00,31,3.3851,0.1785,1.0,252,1106621.4054,40335.8297,0.8215,200,909102.0142,5371.832636,152475.957,45043.4342,-107432.5228,252,1106621.4054,21,8568.659643432824,263.5543534662003,0.041376,,0.0,0.160332,3.7128,-1.6316,0.007465,0.020134,0.2592,-0.8781,0.022513,0.003239,1.478,0.704013,0.019929,0.048329
2019-06-04 00:00:00+00:00,39,2.1413,0.3222,1.0,284,1320988.3626,25824.8124,0.6778,210,895411.1144,6768.670936,290101.1186,135476.1296,-154624.989,284,1320988.3626,35,7898.464530809518,245.72030152078813,-0.001719,,0.0,0.233194,0.9535,-1.2169,-0.002393,0.002497,0.275,0.7607,-0.023872,-0.005141,1.4133,0.694093,-0.009919,0.028509
2019-06-05 00:00:00+00:00,28,1.3923,0.0869,0.9819,274,1879891.5231,-59732.9493,0.9131,239,1748150.5134,34708.69174,96836.5237,69551.8232,-27284.7006,309,1914538.8603,42,7783.474504188722,244.06798725411576,-0.01871,,0.0,0.087788,1.1777,1.5305,0.002054,0.012028,-0.0201,0.6265,-0.002652,-0.000203,0.4004,0.730828,0.036735,0.046745
2019-06-06 00:00:00+00:00,25,2.2918,0.2592,1.0,187,801057.4408,-63338.917,0.7408,140,593430.0026,6741.688452,144552.9529,63074.4853,-81478.4676,187,801057.4408,22,7766.872194730629,244.5483999574488,0.022735,,0.0,0.170867,-2.2148,-7.4075,-0.017087,-0.063186,-0.3632,-1.5308,-0.122469,-0.019161,0.0346,0.69118,-0.039649,-0.012833
2019-06-07 00:00:00+00:00,29,2.0391,0.2839,1.0,189,712313.1985,-65272.454,0.7161,141,510119.6654,2632.29779,135662.8631,66530.67,-69132.1931,189,712313.1985,19,7928.79050984595,248.93518869427453,-0.037542,,0.0,0.193141,0.48,-4.2475,-0.004007,0.068398,0.4722,1.2471,-0.045172,-0.007971,-0.1694,0.686538,-0.004642,-0.007556
2019-06-08 00:00:00+00:00,13,1.5858,0.1864,0.9672,132,392144.7367,-63832.023,0.8136,117,329851.6948,3691.770999,46357.8276,29233.4866,-17124.3411,146,405443.009,16,7949.146173000754,247.20954292183444,0.027986,,0.0,0.123981,9.8566,9.0298,0.006839,0.184967,0.7168,4.7054,0.033329,0.003591,-1.0534,0.620936,-0.065602,-0.109893
2019-06-09 00:00:00+00:00,5,0.3373,0.1521,1.0,171,663429.3244,-58153.5898,0.8479,144,562537.2385,5696.664643,25445.0,75447.0859,50002.0859,171,663429.3244,22,7817.229183282859,238.8481066961234,-0.037519,,0.0,0.13743,-14.6369,-0.6711,0.070591,-0.268357,-1.2149,-1.5048,0.549698,0.067051,-0.2125,0.675016,0.05408,-0.016164
2019-06-10 00:00:00+00:00,25,1.3472,0.2438,1.0,221,854158.7641,-47205.9698,0.7562,181,645927.5336,3683.835332,119515.2068,88716.0237,-30799.1831,221,854158.7641,15,7818.480220914739,239.36949417673,0.039201,,0.0,0.152234,14.6369,10.2531,0.004436,0.259294,1.0061,3.337,0.021016,0.002785,0.0996,0.627554,-0.047462,-0.058983
2019-06-11 00:00:00+00:00,22,2.8182,0.1388,1.0,232,780127.0496,-32482.936,0.8612,193,671844.244,4976.550702,79923.279,28359.5265,-51563.7525,232,780127.0496,17,7900.629315158258,244.00921373633847,0.015292,,0.0,0.123016,-5.5247,3.7748,-0.000164,-0.121933,-0.7009,-0.0108,-0.015386,-0.001607,0.6895,0.661297,0.033743,0.040361
2019-06-12 00:00:00+00:00,21,2.0232,0.1572,1.0,245,850502.2625,-35047.7026,0.8428,204,716835.3713,3161.642577,89452.479,44214.4122,-45238.0668,245,850502.2625,20,8013.36999334444,250.41847946366585,-0.010615,,0.0,0.145981,-8.9956,-6.3985,-0.01145,-0.181386,-0.6985,-3.1341,-0.093297,-0.012329,3.2279,0.703049,0.041752,0.028033
2019-06-13 00:00:00+00:00,29,6.1697,0.3087,1.0,258,1144452.0009,-59802.5197,0.6913,204,791129.7654,8594.787995,304042.2113,49280.0241,-254762.1872,258,1144452.0009,25,8156.2939150725315,259.3159116963163,-0.008583,,0.0,0.201546,1.5,-2.6837,-0.073796,0.022812,0.3648,-1.4588,-0.405749,-0.07547,0.1827,0.681363,-0.021686,0.053809
2019-06-14 00:00:00+00:00,23,1.6727,0.3488,1.0,238,1114666.3972,-63905.7697,0.6512,187,725876.8786,8459.238371,243322.2309,145467.2876,-97854.9433,238,1114666.3972,28,8338.723369560495,256.49342898962726,0.002985,,0.0,0.242596,2.8995,-0.2641,0.014956,0.079443,0.3038,-0.1046,0.049743,0.011234,0.6173,0.672708,-0.008655,0.011411
2019-06-15 00:00:00+00:00,28,3.1703,0.1614,1.0,204,1016392.7078,-73658.9402,0.8386,167,852300.4262,6781.989304,124744.408,39347.8736,-85396.5343,204,1016392.7078,9,8703.062908994385,265.66363930773605,0.00014,,0.0,0.141683,7.2782,-2.8426,-0.023055,0.107566,0.4113,1.6817,-0.199817,-0.025392,0.6419,0.716781,0.044073,0.013732
2019-06-16 00:00:00+00:00,37,5.8207,0.2497,1.0,213,824827.9614,-101595.965,0.7503,164,618882.7696,5334.454034,175751.1397,30194.052,-145557.0877,213,824827.9614,12,9068.59512922804,270.6772409544612,-0.046087,,0.0,0.219683,-9.5621,2.2321,-0.056113,-0.163372,-0.8698,-2.0911,-0.279937,-0.057565,3.263,0.715142,-0.001639,0.033779
2019-06-17 00:00:00+00:00,17,0.9692,0.1761,0.9569,247,727702.808,-96896.6646,0.8239,217,626524.8981,2993.758881,65915.9897,68011.9093,2095.9196,280,760452.797,46,9203.557620113095,271.01644173250247,0.051118,,0.0,0.123117,12.2983,-0.1065,0.01549,0.180339,1.0528,2.3482,0.11407,0.011927,0.8792,0.622087,-0.093054,-0.05062
2019-06-18 00:00:00+00:00,21,1.0494,0.1582,1.0,272,1127460.317,-90145.218,0.8418,229,949052.6689,5218.105466,91355.6371,87052.011,-4303.6261,272,1127460.317,22,9166.597758012478,267.8565919784642,0.004226,,0.0,0.126291,-10.3653,-4.9471,0.025468,-0.164609,-0.4923,0.2926,0.197019,0.022124,0.3619,0.697324,0.075237,-0.019456
2019-06-19 00:00:00+00:00,21,2.0442,0.106,1.0,231,1431442.5812,-91118.4282,0.894,192,1279699.8793,24809.418201,101896.6203,49846.0817,-52050.5387,231,1431442.5812,18,9152.65246919561,267.38104969045975,0.001738,,0.0,0.099038,1.9242,5.9727,0.004232,0.089027,0.1775,1.0274,0.013773,0.001195,0.2825,0.726184,0.02886,0.011042
2019-06-20 00:00:00+00:00,26,1.9773,0.1786,1.0,229,849298.9378,-61837.4141,0.8214,185,697600.5009,4602.423177,100746.7624,50951.6745,-49795.088,229,849298.9378,18,9349.942546005534,269.4695634459772,0.001251,,0.0,0.127098,8.5477,13.0203,-0.004034,0.133583,0.5618,3.1525,-0.071552,-0.007819,-0.5721,0.648984,-0.0772,0.026897
2019-06-21 00:00:00+00:00,43,1.9834,0.2043,1.0,265,1065934.9538,-58114.2946,0.7957,209,848135.9455,6895.585554,144796.0576,73002.9507,-71793.1069,265,1065934.9538,13,9787.864118710444,286.46732619661213,-0.070079,,0.0,0.159518,-11.8709,-1.7501,-0.030034,-0.248916,-1.1586,-1.3716,-0.218304,-0.030537,1.1314,0.655013,0.006029,-0.042311
2019-06-22 00:00:00+00:00,37,3.7097,0.2004,1.0,239,985396.708,-62144.587,0.7996,182,787935.365,11370.220906,155534.962,41926.381,-113608.581,239,985396.708,20,10698.341944610833,306.3800610424358,-0.038062,,0.0,0.15414,0.2007,-8.8276,-0.029154,0.014746,0.0407,-1.1878,-0.240424,-0.031826,0.5507,0.642337,-0.012676,-0.083847
2019-06-23 00:00:00+00:00,34,4.5807,0.3378,0.9721,209,802165.2735,-66902.2277,0.6622,166,546401.8725,8605.953689,228811.9391,49951.3661,-178860.573,232,825165.1777,32,10789.661333375225,312.3731351112135,-0.007094,,0.0,0.24054,-0.2834,0.4511,-0.035673,0.076281,0.2666,-0.1603,-0.170522,-0.038024,-0.5341,0.665807,0.023469,0.016822
2019-06-24 00:00:00+00:00,25,1.9278,0.1822,1.0,219,916841.8403,-74762.2727,0.8178,171,749834.5636,5026.601206,109965.836,57041.4407,-52924.3953,219,916841.8403,23,10884.150305661387,308.2883919661196,0.046041,,0.0,0.144899,1.6415,-10.2057,0.003101,-0.064039,-0.0953,-0.5244,-0.000318,-4.1e-05,0.5436,0.671724,0.005917,0.016711
2019-06-25 00:00:00+00:00,32,1.7053,0.1957,1.0,261,1227094.8002,-83089.1283,0.8043,205,987012.2038,7850.424363,151337.1059,88745.4905,-62591.6153,261,1227094.8002,24,11334.159781752222,312.438077066876,0.050602,,0.0,0.160693,10.2936,10.4532,0.006331,0.127152,0.3858,0.9518,0.022734,0.003289,0.2463,0.687194,0.01547,0.044857
2019-06-26 00:00:00+00:00,52,2.1364,0.2296,1.0,340,1281712.819,-90889.1711,0.7704,249,987368.8843,9761.563866,200497.3864,93846.5483,-106650.838,340,1281712.819,39,12712.694654648314,337.48378321572443,0.035009,,0.0,0.182257,-4.689,3.8401,-0.005249,-0.141109,-0.4941,-0.9315,-0.061744,-0.00966,1.318,0.633634,-0.05356,-0.032172
2019-06-27 00:00:00+00:00,39,1.6004,0.2657,1.0,344,1368105.9977,-95767.3902,0.7343,263,1004545.464,4652.017229,223751.5777,139808.956,-83942.6217,344,1368105.9977,42,12000.756744943275,314.9534262016955,0.002058,,0.0,0.206391,2.3946,-2.313,0.021788,-0.003291,0.1223,-0.4555,0.096779,0.017572,1.1235,0.648864,0.015229,-0.02286
2019-06-28 00:00:00+00:00,22,1.171,0.2781,1.0,242,908340.1118,-88353.7618,0.7219,178,655772.539,4192.768952,136232.6405,116334.9323,-19897.7082,242,908340.1118,42,11772.394202718564,304.9416967435715,-0.01775,,0.0,0.214127,2.2473,11.8052,0.058221,0.199567,0.8443,2.6495,0.273439,0.053021,0.4482,0.656715,0.007852,-0.030478
2019-06-29 00:00:00+00:00,24,1.6019,0.2127,0.9818,246,1077378.8165,-79836.1104,0.7873,194,863955.3128,23392.467343,143680.9347,89695.9133,-53985.0215,266,1097332.1608,48,11927.554811007723,306.09819502307045,-0.165144,,0.0,0.175628,-9.5454,2.0592,0.020145,-0.200664,-0.7409,-0.0669,0.110546,0.017589,-0.2218,0.667418,0.010702,0.033784
2019-06-30 00:00:00+00:00,20,1.6512,0.2205,0.9578,214,540167.3448,-58648.2432,0.7795,185,439606.6322,1863.56704,77450.7619,46905.2598,-30545.5021,238,563962.6539,33,11628.892585723155,308.1469272601422,-0.013383,,0.0,0.151632,3.2226,5.5652,0.012257,0.035516,0.0548,0.1272,0.060648,0.007902,-0.9929,0.589865,-0.077552,-0.058998
2019-07-01 00:00:00+00:00,26,2.3358,0.1936,1.0,236,804124.9871,-59992.5031,0.8064,193,648465.1316,3369.281133,108997.0351,46662.8203,-62334.2148,236,804124.9871,17,10777.350868397009,292.41574305068866,0.135115,,0.0,0.143392,6.3885,10.3122,0.000114,0.202583,0.5886,2.2198,-0.026584,-0.003266,-0.2081,0.649219,0.059354,-0.007496
2019-07-02 00:00:00+00:00,23,2.0186,0.2383,1.0,205,772706.2375,-59927.5269,0.7617,162,588563.5606,4388.346513,123139.7294,61002.9475,-62136.782,205,772706.2375,20,10359.224154544734,285.6587949866375,0.013912,,0.0,0.171066,-4.7566,-4.7379,-0.013134,-0.110653,-0.6808,-0.2439,-0.100449,-0.015191,0.0211,0.668435,0.019216,0.001018
2019-07-03 00:00:00+00:00,24,2.5558,0.1948,1.0,203,681398.3258,-52986.5669,0.8052,165,548694.408,2100.228692,95384.018,37319.8998,-58064.1182,203,681398.3258,14,11340.08872567665,295.71490583049285,-0.014103,,0.0,0.141733,-6.6292,-6.6781,-0.009152,-0.141802,-0.2531,-1.1412,-0.092064,-0.011477,0.06,0.656799,-0.011636,0.066934
2019-07-04 00:00:00+00:00,18,2.872,0.2448,1.0,156,601025.6025,-51155.5387,0.7552,122,453912.8906,4514.426593,109119.0679,37993.644,-71125.4239,156,601025.6025,16,11786.371013331094,296.75297854127683,-0.061412,,0.0,0.174426,-1.7636,-10.8363,-0.015082,-0.001101,0.0346,-1.009,-0.120286,-0.018934,-0.2209,0.68361,0.026811,0.03439
2019-07-05 00:00:00+00:00,22,0.8714,0.2578,1.0,159,523924.0144,-46987.0248,0.7422,119,388854.2453,2789.885841,62893.9401,72175.829,9281.8889,159,523924.0144,18,11172.67272404268,288.7858752509593,0.018562,,0.0,0.164927,9.0888,-3.9948,0.022718,0.200723,0.5924,1.0875,0.127976,0.018711,-1.5477,0.663573,-0.020037,-0.004862
2019-07-06 00:00:00+00:00,12,1.9931,0.2346,0.965,130,346540.3188,-43268.6797,0.7654,114,274845.6435,1838.753564,56107.393,28150.7871,-27956.6059,143,359103.8235,17,11400.37159638183,292.4044135302898,-0.020384,,0.0,0.146537,-5.2775,0.2731,-0.01647,-0.032269,-0.1431,0.5643,-0.156778,-0.019955,-1.6897,0.631309,-0.032264,-0.02549
2019-07-07 00:00:00+00:00,24,3.77,0.2092,1.0,130,526355.2602,-48040.395,0.7908,99,416236.671,6373.290845,87033.0491,23085.5401,-63947.5091,130,526355.2602,7,11314.818623005298,294.4458216969511,-0.078524,,0.0,0.161787,-5.1417,-8.0912,-0.034943,-0.152214,-0.4117,-0.8945,-0.258649,-0.037185,-1.999,0.70558,0.074271,0.02197
2019-07-08 00:00:00+00:00,19,2.3469,0.2216,1.0,164,599310.1666,-46770.9626,0.7784,133,466495.1819,2409.932462,93131.5865,39683.3982,-53448.1882,164,599310.1666,12,11756.484992131023,307.36782165540336,0.100877,,0.0,0.154392,9.2123,-5.2674,-0.016074,0.12637,0.3281,0.262,-0.141619,-0.01904,-0.8038,0.690298,-0.015282,0.026726
2019-07-09 00:00:00+00:00,31,37.1539,0.8207,1.0,176,3009886.0563,-372288.618,0.1793,124,539636.9548,148109.901164,2405504.7354,64744.3661,-2340760.3693,176,3009886.0563,21,12476.607328781392,311.4212383506492,0.003089,,0.0,1.079182,-5.2245,-5.7353,-0.081337,-0.123796,-0.2866,-0.7449,-0.077526,-0.082999,-0.4329,0.856522,0.166224,0.225214
2019-07-10 00:00:00+00:00,34,1.0269,0.2883,1.0,228,1018076.7574,-364549.7204,0.7117,158,724579.7355,5106.760875,148694.4287,144802.5933,-3891.8354,228,1018076.7574,36,12667.515773572355,302.00447597094575,-0.033581,,0.0,0.221432,-2.0906,-1.1967,0.028547,0.003544,-0.006,-0.759,0.128429,0.025819,-0.455,0.715484,-0.141038,0.009904
2019-07-11 00:00:00+00:00,22,3.3433,0.2482,1.0,217,1868966.7803,-390143.8133,0.7518,191,1405064.5844,22791.232106,357093.135,106809.0609,-250284.074,217,1868966.7803,4,11663.635505318818,274.88064672946774,0.087182,,0.0,0.229196,12.5819,13.1488,-0.017681,0.238491,1.0177,2.6961,-0.097842,-0.021008,-0.05,0.789359,0.073874,0.099061
2019-07-12 00:00:00+00:00,15,0.3093,0.3833,1.0,152,697534.5129,-371320.0558,0.6167,111,430185.3602,9220.592395,63150.4807,204198.6721,141048.1914,152,697534.5129,26,11586.743990319816,273.68980935884343,-0.063822,,0.0,0.217712,-12.0307,-7.9708,0.108769,-0.259009,-1.0249,-0.798,0.517894,0.104613,-0.6995,0.707996,-0.081362,-0.148526
2019-07-13 00:00:00+00:00,12,1.2147,0.1643,0.8704,84,247909.5297,-367974.1131,0.8357,98,238028.839,2043.438044,25658.7874,21123.7801,-4535.0073,126,284811.4065,16,11463.193276912556,270.4600149298041,-0.136939,,0.0,0.123371,-0.6659,-3.3592,-0.00042,0.015629,0.035,-0.6694,-0.027124,-0.002803,-1.4959,0.626841,-0.081155,-0.088643
2019-07-14 00:00:00+00:00,26,4.1043,0.3043,1.0,178,713839.9759,-377711.3829,0.6957,135,496618.5279,3607.591195,174664.9228,42556.5252,-132108.3976,178,713839.9759,17,10910.37807990408,251.3712951723734,0.064972,,0.0,0.226552,0.374,2.1565,0.004234,0.016289,-0.0143,-0.716,-0.015947,-0.003207,-1.4391,0.692197,0.065356,-0.097162
2019-07-15 00:00:00+00:00,31,2.1938,0.3778,1.0,234,1075144.1501,-391767.9161,0.6222,174,668907.0894,4385.960332,279040.4905,127196.5702,-151843.9203,234,1075144.1501,29,10436.468954061977,226.2698044433901,0.122124,,0.0,0.24065,2.66,-4.3957,-0.003043,-0.000215,0.0407,-0.5707,-0.043633,-0.009382,-0.5087,0.688626,-0.003571,-0.01937
2019-07-16 00:00:00+00:00,30,1.9405,0.2731,1.0,225,899651.0348,-68598.9099,0.7269,167,653974.0201,3965.566572,162127.1702,83549.8445,-78577.3257,225,899651.0348,28,10418.27400422144,219.2603838379828,0.045913,,0.0,0.218743,9.6631,10.4919,0.027696,0.347505,1.6792,4.4579,0.099439,0.018688,-1.3553,0.676454,-0.012172,0.049613
2019-07-17 00:00:00+00:00,28,1.6778,0.2495,1.0,221,1076999.9818,-77758.5743,0.7505,171,808314.7127,5718.837012,168347.3777,100337.8914,-68009.4863,221,1076999.9818,22,9600.580506459157,205.7357663085237,-0.029457,,0.0,0.186019,-0.0345,12.548,0.009375,-0.225531,-1.2564,0.7007,0.030817,0.005111,-0.1603,0.69728,0.020825,0.005083
2019-07-18 00:00:00+00:00,24,1.5004,0.2972,1.0,187,975659.6101,-50295.4463,0.7028,140,685656.3542,8350.104629,174022.7169,115980.5389,-58042.178,187,975659.6101,23,10021.508314330486,217.97288996578743,-0.082876,,0.0,0.207711,-11.1698,-11.2037,-0.011301,-0.130789,-0.4523,-0.6448,-0.078033,-0.014609,-0.786,0.711408,0.014128,0.022782
2019-07-19 00:00:00+00:00,23,1.1731,0.2909,1.0,169,794183.5479,-73073.9356,0.7091,125,563149.7572,4984.508168,124717.5122,106316.2786,-18401.2336,169,794183.5479,21,10473.9022902693,220.4718995329372,0.020471,,0.0,0.190034,11.1279,11.9549,0.013108,0.18152,0.5725,1.0397,0.063769,0.011108,-1.2901,0.710219,-0.001189,0.033765
2019-07-20 00:00:00+00:00,10,0.5168,0.2229,0.9551,121,478616.0972,-67342.9993,0.7771,114,389392.0925,7647.441722,38060.4138,73641.96,35581.5462,145,501094.4664,21,10661.523070013038,227.57977634907613,-0.117148,,0.0,0.154343,-14.1937,-1.573,0.044977,-0.16612,-0.5785,-0.7096,0.312766,0.04245,-2.0359,0.6602,-0.050019,-0.03708
2019-07-21 00:00:00+00:00,11,2.2027,0.1948,0.9596,112,318872.878,-51942.6582,0.8052,100,267581.7164,2372.262858,44515.9654,20209.956,-24306.0094,126,332307.6377,15,10588.390999401943,224.7099832796682,-0.043174,,0.0,0.123592,1.0372,-0.9098,0.001503,-0.007098,-0.04,-0.8249,-0.008967,-0.000959,-1.9785,0.627414,-0.032786,-0.083994
2019-07-22 00:00:00+00:00,13,3.3774,0.1065,1.0,155,612282.4375,-35312.099,0.8935,137,547047.2285,4116.016771,50332.6076,14902.6014,-35430.0061,155,612282.4375,5,10466.19253424983,221.19039355410928,0.05683,,0.0,0.109257,-0.4121,-3.982,-0.005955,-0.020792,-0.0997,-1.1127,-0.088134,-0.008105,-0.9341,0.695799,0.068386,-0.01442
2019-07-23 00:00:00+00:00,15,1.2728,0.208,0.9884,169,513080.1318,-25938.3466,0.792,138,411087.0117,2364.737727,60476.5829,47515.5238,-12961.0591,175,519079.1183,22,10115.29769141561,214.3407007493771,-0.003577,,0.0,0.13439,2.4312,-11.2139,0.007588,0.015223,0.2087,-0.4874,0.041474,0.004787,-1.6562,0.635837,-0.059963,-0.024363
2019-07-24 00:00:00+00:00,18,2.5637,0.2098,1.0,147,492280.6805,-22695.3333,0.7902,118,389022.9049,2164.251231,74283.0844,28974.6912,-45308.3932,147,492280.6805,11,9731.731560592934,209.33118726145736,0.138066,,0.0,0.134095,11.2139,0.0345,-0.011039,0.297484,1.4494,3.5369,-0.111831,-0.013107,-1.6792,0.63775,0.001913,0.010336
2019-07-25 00:00:00+00:00,20,3.3458,0.2093,1.0,155,651855.7486,-24922.2431,0.7907,126,515450.0315,5345.244093,105018.1319,31387.5853,-73630.5467,155,651855.7486,9,10010.368457956443,221.181231381602,0.045744,,0.0,0.151625,0.0,11.2043,-0.032614,0.013044,0.1216,3.5463,-0.246356,-0.033511,-1.9582,0.680163,0.042413,-0.015637
2019-07-26 00:00:00+00:00,15,5.5474,0.4211,1.0,131,1575101.3731,-88102.0366,0.5789,102,911836.0964,57119.14453,561962.5323,101302.7444,-460659.7879,131,1575101.3731,14,9781.115228974351,216.8107285906559,-0.097492,,0.0,0.488394,-13.4451,-13.3687,0.017395,-0.313721,-1.6059,-0.5818,0.034115,0.016339,-1.2652,0.817906,0.137744,0.18207
2019-07-27 00:00:00+00:00,11,1.2535,0.2074,0.9172,112,276755.04,-94190.7625,0.7926,107,239170.9127,2119.074102,34806.8962,27767.3611,-7039.5351,138,301745.17,20,9738.596782735927,213.57470251297676,-0.017015,,0.0,0.142695,-0.5662,0.2589,0.020281,0.024045,-0.1095,-0.8507,0.13558,0.016737,-1.365,0.626611,-0.191296,-0.011139
2019-07-28 00:00:00+00:00,8,1.1273,0.1489,0.8853,87,216611.2312,-91029.9702,0.8511,100,208252.8187,1879.621208,19302.5552,17122.092,-2180.4632,121,244677.4659,13,9516.777434411,208.7033094549944,-0.002949,,0.0,0.113255,-1.0888,-1.8671,0.017599,-0.01319,0.0102,-0.8163,0.160137,0.015273,-1.605,0.610446,-0.016164,-0.069716
2019-07-29 00:00:00+00:00,15,2.0055,0.1306,1.0,142,703917.2157,-90361.3155,0.8694,117,612007.4495,8001.650243,61329.5947,30580.1716,-30749.4231,142,703917.2157,10,9556.353548830864,210.94738406260504,0.010341,,0.0,0.128511,1.3227,-0.1323,-0.012424,0.007784,0.0902,-0.5788,-0.114901,-0.013094,-1.0452,0.722831,0.112384,-0.095075
2019-07-30 00:00:00+00:00,17,4.9812,0.1598,1.0,150,554630.7159,-96936.8197,0.8402,126,466006.9756,4575.264128,73806.6646,14817.0757,-58989.5888,150,554630.7159,7,9533.064726491351,209.18673287666925,0.014975,,0.0,0.109077,-0.445,-3.0084,-0.020832,-0.018383,-0.1101,-0.847,-0.242857,-0.022917,-0.3968,0.673137,-0.049694,0.046526
2019-07-31 00:00:00+00:00,17,2.3941,0.2097,1.0,160,516808.6206,-96824.5215,0.7903,134,408413.3003,2688.406089,76458.8131,31936.5073,-44522.3058,160,516808.6206,9,9830.911493431657,213.79974998960688,0.042001,,0.0,0.13532,2.9737,-11.2486,-0.01951,0.011283,0.235,-0.2466,-0.169488,-0.020094,-1.2162,0.647988,-0.025149,0.037542
2019-08-01 00:00:00+00:00,20,2.2457,0.0883,1.0,152,1858977.7264,-95305.8303,0.9117,118,1694834.3275,47546.097136,113571.5534,50571.8455,-62999.7079,152,1858977.7264,14,10065.183360363508,214.41635671674285,0.039133,,0.0,0.092869,11.2474,-0.0012,-0.006558,0.237525,0.9466,2.0799,-0.091278,-0.00767,-1.351,0.821581,0.173593,0.09875
2019-08-02 00:00:00+00:00,13,0.7689,0.2133,1.0,146,823063.6258,-26220.1762,0.7867,124,647489.2053,19406.333324,76317.315,99257.1055,22939.7905,146,823063.6258,9,10446.422284248642,217.80734256856496,-0.066763,,0.0,0.158331,-8.6719,4.7719,0.011787,-0.102168,-0.6825,0.3913,0.079557,0.011396,-1.187,0.725364,-0.096216,0.052227
2019-08-03 00:00:00+00:00,17,3.0849,0.1373,1.0,118,479860.6558,-30017.1259,0.8627,93,413993.3139,5826.823708,49742.7623,16124.5796,-33618.1827,118,479860.6558,8,10750.478957775777,221.5033217656424,-0.011521,,0.0,0.127114,8.6427,13.9808,-0.021264,0.10842,0.602,1.8287,-0.190692,-0.021819,-1.8057,0.698737,-0.026627,0.050749
2019-08-04 00:00:00+00:00,8,1.0614,0.2312,0.9768,108,283188.2938,-29990.9972,0.7688,91,222882.4166,1957.04706,34510.7476,32513.1848,-1997.5628,115,289906.349,16,10777.797119907624,219.77157117119395,-0.050523,,0.0,0.125231,-15.034,0.0355,0.020258,-0.240581,-1.0817,-0.7813,0.152083,0.017114,-1.9012,0.650347,-0.04839,-0.171234
2019-08-05 00:00:00+00:00,32,1.7815,0.1665,1.0,228,1204644.4276,-33648.8109,0.8335,182,1004070.3178,14592.602556,128464.1144,72109.9953,-56354.1191,228,1204644.4276,14,11604.992006859977,229.8352756509695,0.071035,,0.0,0.156253,3.5334,2.2462,-0.024634,0.005137,-0.0056,-0.7835,-0.161026,-0.022307,-0.6434,0.708697,0.058351,-0.016667
2019-08-06 00:00:00+00:00,33,3.3274,0.1917,1.0,177,960095.8717,-39362.7744,0.8083,129,776046.063,6625.965996,141518.5708,42531.2379,-98987.3328,177,960095.8717,15,11749.143920922768,229.16367042559625,0.063763,,0.0,0.182062,-0.0769,2.6143,-0.024261,-0.003501,-0.0446,-0.8758,-0.149808,-0.025375,0.0933,0.757432,0.048735,0.058695
2019-08-07 00:00:00+00:00,22,1.409,0.321,1.0,156,576986.2249,-37494.4631,0.679,112,391784.5512,2763.172805,108322.9004,76878.7733,-31444.1272,156,576986.2249,22,11683.8890479552,225.6618775387092,-0.027885,,0.0,0.182749,-2.0653,-2.4247,0.006106,-0.00616,0.3202,-0.102,0.028249,0.004717,-0.4894,0.705608,-0.051824,0.055261
2019-08-08 00:00:00+00:00,25,5.5126,0.3394,1.0,179,901370.4999,-58774.9455,0.6606,138,595464.4152,7762.115994,258934.5848,46971.5,-211963.0848,179,901370.4999,16,11797.919445837324,222.9378876675985,-0.008644,,0.0,0.199081,3.3539,-10.3182,-0.074966,0.004571,-0.1329,-0.4146,-0.413811,-0.077045,-1.0179,0.721916,0.016307,0.013218
2019-08-09 00:00:00+00:00,12,0.8533,0.214,1.0,187,579819.5342,-60649.5162,0.786,151,455762.7325,2589.784181,57119.5029,66937.2988,9817.7959,187,579819.5342,24,11825.44480168428,213.29014340777255,-0.032584,,0.0,0.142609,-0.1687,-1.815,0.046632,-0.022579,-0.0271,-0.4706,0.326851,0.041016,-0.199,0.676085,-0.045831,-0.081348
2019-08-10 00:00:00+00:00,20,1.7245,0.2767,0.9877,165,402938.7405,-60135.5329,0.7233,125,295046.5161,1981.425867,71456.2065,41435.9067,-30020.2998,170,407938.6292,25,11608.465513041469,208.62410965198276,-0.067996,,0.0,0.149185,-1.7432,-12.2009,-0.002473,0.012921,-0.1683,-0.8589,-0.03604,-0.004785,-1.1448,0.651277,-0.024808,-0.054331
2019-08-11 00:00:00+00:00,13,1.4727,0.2967,0.9577,124,336696.2459,-62698.6586,0.7033,104,247263.4438,2677.973586,62123.4453,42184.0026,-19939.4427,139,351570.8918,22,11387.295657499162,211.4049232151248,-0.013405,,0.0,0.1764,-1.8161,1.017,0.016124,0.000762,0.0869,-0.6444,0.08592,0.013963,-1.3624,0.661994,0.010717,-0.059922
2019-08-12 00:00:00+00:00,14,3.5503,0.1444,1.0,138,474245.7322,-60130.9575,0.8556,115,405766.6511,3502.270689,53429.6461,15049.435,-38380.2111,138,474245.7322,9,11400.13264646123,212.40253976460008,0.062761,,0.0,0.104584,3.4398,0.9235,-0.016358,-0.019534,-0.0276,-0.7029,-0.192251,-0.017877,-0.1676,0.687802,0.025808,0.011717
2019-08-13 00:00:00+00:00,16,1.2097,0.2119,1.0,139,588145.4357,-47679.3691,0.7881,105,463518.8168,4722.759146,68226.4166,56400.2022,-11826.2144,139,588145.4357,18,11167.67086083784,208.90663693910412,-0.025857,,0.0,0.128234,-3.3927,-2.3923,0.00496,0.024443,0.0634,-0.55,0.036448,0.004211,-0.8336,0.708393,0.020591,0.057116
2019-08-14 00:00:00+00:00,17,1.7242,0.2327,1.0,190,777240.9722,-50055.4945,0.7673,147,596391.0079,4706.357841,114463.4845,66386.4798,-48077.0047,190,777240.9722,26,10493.815249916504,202.0564856461345,0.09073,,0.0,0.160564,0.8535,0.5266,0.00741,0.025529,0.1345,-0.2332,0.028449,0.004112,-0.2419,0.710764,0.002371,0.04877
2019-08-15 00:00:00+00:00,16,0.97,0.153,1.0,215,972233.9097,-19451.2851,0.847,174,823475.4075,6105.293168,73246.0603,75512.4418,2266.3815,215,972233.9097,25,10041.113842656596,184.56985186596285,-0.005051,,0.0,0.127181,3.275,0.4477,0.034969,-0.020802,0.0315,-0.1618,0.27421,0.030442,-1.0009,0.699937,-0.010827,0.012136
2019-08-16 00:00:00+00:00,22,3.3376,0.1638,1.0,171,822103.5897,-31220.2152,0.8362,138,687454.5126,10178.065328,103606.8962,31042.1809,-72564.7153,171,822103.5897,11,10240.522209596313,185.1154729323097,-0.044611,,0.0,0.134021,-2.8113,-2.1948,-0.007784,-0.020964,-0.1835,-0.5952,-0.080176,-0.009678,0.0144,0.728539,0.028602,0.020146
2019-08-17 00:00:00+00:00,10,1.1293,0.1367,1.0,122,348406.0503,-27344.7805,0.8633,102,300774.5302,3265.625552,25261.8885,22369.6317,-2892.2569,122,348406.0503,10,10308.718054087416,184.75105771840552,-0.057239,,0.0,0.087321,-1.7101,-2.1618,0.006162,0.001014,0.0932,-0.3702,0.070573,0.005295,-1.2321,0.656427,-0.072112,-0.054337
2019-08-18 00:00:00+00:00,5,5.2551,0.0865,1.0,138,370758.7326,-27613.3834,0.9135,129,338683.2815,2742.432625,26947.557,5127.8941,-21819.663,138,370758.7326,4,10291.445439773768,190.2584228253179,-0.010443,,0.0,0.071216,0.378,0.0323,-0.016354,0.00851,0.0315,-0.2884,-0.27782,-0.016517,-1.3023,0.655714,-0.000713,-0.044223
2019-08-19 00:00:00+00:00,9,1.6436,0.1487,1.0,171,573591.7137,-25096.3574,0.8513,153,488318.7277,3583.989829,53017.0075,32255.9785,-20761.029,171,573591.7137,9,10606.363980754062,198.8422661053679,0.127096,,0.0,0.091794,3.8188,0.4113,-0.0058,0.003939,0.0847,-0.0913,-0.091029,-0.007194,-0.4314,0.69287,0.037156,-0.035669
2019-08-20 00:00:00+00:00,10,1.4736,0.199,1.0,159,1160944.5614,-29725.5573,0.801,140,929948.93,15378.1411,137613.1224,93382.5089,-44230.6135,159,1160944.5614,9,10759.003564623696,198.20939840691688,0.010056,,0.0,0.146203,0.1812,3.9851,0.00195,0.038683,-0.089,-0.2951,0.003897,0.000535,-0.2826,0.785764,0.092894,0.129337
2019-08-21 00:00:00+00:00,17,2.3602,0.1462,1.0,179,581996.9382,-27777.6907,0.8538,149,496913.9577,2931.151536,59762.4598,25320.5208,-34441.939,179,581996.9382,13,10225.845090688606,187.7505873930245,0.00784,,0.0,0.122103,1.1229,4.2545,0.006839,0.024618,-0.0503,-0.4081,0.037586,0.004,-0.1572,0.700124,-0.08564,0.04441
2019-08-22 00:00:00+00:00,11,3.9582,0.1505,1.0,178,563859.7099,-35333.7501,0.8495,158,479005.7597,3265.214718,67739.9922,17113.9581,-50626.0341,178,563859.7099,9,10053.176544212109,188.4256775490516,-0.017205,,0.0,0.109536,-0.5953,0.3841,-0.021209,-0.004596,0.0992,-0.166,-0.219303,-0.020922,-0.5159,0.683962,-0.016162,-0.008908
2019-08-23 00:00:00+00:00,10,2.2754,0.1203,1.0,161,556716.219,-28693.4858,0.8797,142,489733.4765,3958.079241,46532.8038,20449.9387,-26082.8652,161,556716.219,9,10253.653012698514,192.48961389573628,-0.001879,,0.0,0.102601,-0.2129,2.9825,0.004955,0.014566,-0.101,-0.3976,0.059143,0.005393,-0.8062,0.709584,0.025622,-0.07618
2019-08-24 00:00:00+00:00,4,0.5916,0.068,1.0,116,351245.2769,-27405.5356,0.932,105,327377.8855,3182.299158,8871.9984,14995.393,6123.3946,116,351245.2769,7,10159.60589090886,190.05099769284573,-0.037644,,0.0,0.068676,-0.423,4.2696,0.007085,-0.003799,0.0568,-0.261,0.11696,0.006672,-1.0555,0.656954,-0.052629,-0.04317
2019-08-25 00:00:00+00:00,4,0.2812,0.0636,0.9708,149,399561.0772,-22189.4475,0.9364,144,385370.9434,3805.209591,5748.5508,20441.5048,14692.954,161,411560.999,13,10113.132261840246,188.6750086874806,0.042722,,0.0,0.057342,0.2062,4.0979,0.00767,0.020318,0.0502,-0.1373,0.232589,0.011044,-1.2741,0.658033,0.001078,-0.025929
2019-08-26 00:00:00+00:00,6,0.8712,0.0421,1.0,156,754901.4967,-18910.7383,0.9579,144,723095.6138,12293.082966,14807.9739,16997.909,2189.9351,156,754901.4967,6,10313.320593416212,189.1298765679252,0.038084,,0.0,0.064236,2.2333,2.5124,-0.004172,-0.017,-0.0032,-0.14,-0.020256,-0.001109,-0.7085,0.726768,0.068735,0.017184
2019-08-27 00:00:00+00:00,16,7.6992,0.1325,1.0,150,559091.723,-20744.7299,0.8675,130,484985.6668,4384.025524,65587.3055,8518.7507,-57068.5548,150,559091.723,4,10204.129053185268,186.852020149303,-0.023973,,0.0,0.104212,-1.3368,0.9944,-0.025252,-0.00191,-0.0211,-0.1829,-0.270928,-0.024866,-0.8508,0.695649,-0.031119,0.038695
2019-08-28 00:00:00+00:00,19,0.8526,0.2376,1.0,171,617086.5602,-14157.7714,0.7624,135,470459.059,4525.048297,67480.3654,79147.1359,11666.7705,171,617086.5602,17,10085.375713466376,183.183889309055,0.004319,,0.0,0.156918,-0.7932,-0.9217,0.032392,-0.032816,0.0046,-0.1699,0.216932,0.030126,-0.7874,0.689386,-0.006263,0.031353
2019-08-29 00:00:00+00:00,16,1.8406,0.1626,1.0,193,678225.9501,-11588.0268,0.8374,161,567936.4692,3338.230176,71463.6512,38825.8297,-32637.8215,193,678225.9501,16,9540.843744324691,169.51227948672738,0.001031,,0.0,0.131805,1.1032,0.7768,0.005603,0.015412,-0.0405,-0.269,0.034792,0.003896,-0.2638,0.690001,0.000614,-0.036767
2019-08-30 00:00:00+00:00,12,2.1036,0.1492,1.0,180,800440.7373,-13928.8385,0.8508,156,681008.8637,5319.062753,80950.2105,38481.6631,-42468.5474,180,800440.7373,12,9547.808929838651,168.81134650043796,-0.00541,,0.0,0.115202,-0.2336,0.7561,-0.002715,-0.009634,0.0716,-0.1114,-0.041526,-0.004224,-0.7448,0.725961,0.03596,0.030312
2019-08-31 00:00:00+00:00,11,20.7135,0.3373,1.0,156,1414448.1972,-76680.2514,0.6627,134,937368.4678,42643.06557,455108.1125,21971.6169,-433136.4957,156,1414448.1972,11,9604.074733984007,168.76396004282088,-0.006448,,0.0,0.399364,-0.9834,0.1957,0.007585,0.021947,0.0006,-0.1219,0.015087,0.005911,-0.991,0.79533,0.06937,0.105944
2019-09-01 00:00:00+00:00,7,2.7849,0.1086,1.0,136,344273.5975,-81299.2222,0.8914,123,306868.4142,2289.674936,27522.5125,9882.6708,-17639.8417,136,344273.5975,6,9610.927836265151,170.9967337106111,0.00735,,0.0,0.096011,-0.0582,-0.0687,-0.012783,0.01247,0.1359,0.1997,-0.177489,-0.014269,-1.5357,0.646252,-0.149078,-0.043748
2019-09-02 00:00:00+00:00,13,2.9631,0.1388,1.0,164,593970.8156,-87444.6041,0.8612,145,511547.1574,6245.265389,61625.6983,20797.96,-40827.7383,164,593970.8156,6,9892.24686721148,173.16084254601864,0.018743,,0.0,0.123828,2.5111,0.2091,-0.003137,0.04096,-0.1659,-0.1988,-0.044608,-0.004881,-0.8294,0.698683,0.052431,-0.027277
2019-09-03 00:00:00+00:00,11,41.5453,0.3279,1.0,179,1366123.0482,-140279.393,0.6721,164,918152.4648,25239.912622,437441.33,10529.2534,-426912.0766,179,1366123.0482,4,10464.813684028992,178.69520104590515,0.009271,,0.0,0.305896,-0.6097,0.9362,-0.089628,-0.032801,0.0539,-0.066,-0.308747,-0.090651,-0.6019,0.785619,0.086936,-0.009711
2019-09-04 00:00:00+00:00,13,0.5367,0.2622,1.0,165,694276.0576,-134106.0934,0.7378,144,512242.1791,7953.50114,63577.0054,118456.8731,54879.8678,165,694276.0576,8,10539.774647160271,177.16936911153434,-0.006398,,0.0,0.17343,-0.2175,1.5119,0.041415,0.014187,-0.0804,-0.2674,0.255291,0.040136,-1.0734,0.72085,-0.064769,0.074598
2019-09-05 00:00:00+00:00,13,3.2028,0.1103,1.0,183,597995.622,-134384.0689,0.8897,163,532011.8723,3696.568743,50283.7002,15700.0495,-34583.6506,183,597995.622,7,10537.454664509603,173.08531160410334,0.007032,,0.0,0.111311,3.5801,3.9889,0.001939,0.017771,-0.0762,-0.4435,-0.009209,-0.000886,-0.5198,0.68255,-0.0383,-0.016133
2019-09-06 00:00:00+00:00,15,1.4158,0.2333,1.0,181,619522.857,-131870.1208,0.7667,148,475019.1082,2842.703418,84687.3296,59816.4192,-24870.9105,181,619522.857,18,10637.66237682317,174.03165520457253,0.004731,,0.0,0.153955,1.1719,5.3944,0.00275,0.018467,0.0614,-0.2743,0.013983,0.001924,-0.6408,0.672287,-0.010263,-0.113332
2019-09-07 00:00:00+00:00,13,3.3319,0.4256,1.0,155,839960.078,-97485.9605,0.5744,136,482458.7341,16742.246073,274974.3589,82526.985,-192447.3739,155,839960.078,6,10419.509102334372,172.86260946372406,-0.00568,,0.0,0.350344,-0.5514,5.8263,0.00319,0.010647,-0.029,-0.353,0.009704,0.003316,-0.7184,0.742982,0.070694,0.022131
2019-09-08 00:00:00+00:00,14,2.2739,0.1719,1.0,161,498678.7353,-99732.3486,0.8281,138,412934.297,2260.935333,59554.4983,26189.94,-33364.5583,161,498678.7353,9,10444.81445023873,180.53046571545497,-0.001011,,0.0,0.141865,0.7216,6.6062,-0.037145,0.003872,0.034,-0.2503,-0.277839,-0.035354,-1.206,0.66679,-0.076192,-0.01576
2019-09-09 00:00:00+00:00,24,3.2496,0.1949,1.0,178,703942.9609,-104277.9686,0.8051,145,566710.5653,3606.956733,104939.7367,32292.6589,-72647.0777,178,703942.9609,9,10303.92088725178,180.2352177482484,0.000435,,0.0,0.158953,1.832,5.927,-0.024083,-0.013794,-0.0424,-0.3544,-0.175855,-0.02527,-0.3954,0.693111,0.026321,0.020824
2019-09-10 00:00:00+00:00,18,0.7296,0.2458,0.9832,181,582729.6009,-40036.2984,0.7542,154,447015.3506,5607.913974,61458.8064,84238.421,22779.6146,191,592712.578,19,10226.536296339484,180.87034516973165,-0.000621,,0.0,0.154793,1.5532,8.09,0.022325,0.006708,-0.062,-0.5358,0.154556,0.02117,-1.1011,0.666705,-0.026405,-0.076276
2019-09-11 00:00:00+00:00,23,0.9794,0.3041,1.0,177,773847.2014,-47525.7498,0.6959,126,538547.6256,7258.397663,116422.934,118876.6418,2453.7079,177,773847.2014,28,10072.38972967467,178.3256303820419,-0.004138,,0.0,0.195633,-0.1369,8.1705,0.033959,-0.032502,0.036,-0.4497,0.177598,0.032243,-0.6622,0.697909,0.031204,0.031119
2019-09-12 00:00:00+00:00,11,1.3205,0.1508,1.0,150,594674.0373,-44354.3545,0.8492,125,505000.1854,5984.678969,51028.8679,38644.984,-12383.8839,150,594674.0373,14,10206.645905236795,178.7385545946824,0.002186,,0.0,0.115109,0.8644,5.4548,0.00107,0.019362,0.0458,-0.3285,-0.002408,-0.00024,-0.6868,0.67784,-0.020069,-0.015271
2019-09-13 00:00:00+00:00,15,0.5538,0.1099,1.0,137,1150106.2823,-35617.6698,0.8901,106,1023747.7051,33558.603947,45036.3472,81322.23,36285.8828,137,1150106.2823,16,10313.878067472724,179.57380023447286,0.003176,,0.0,0.112415,0.1868,4.4697,0.026266,0.004941,-0.0658,-0.4851,0.246645,0.024879,-1.4251,0.79816,0.12032,0.131455
2019-09-14 00:00:00+00:00,13,1.831,0.2296,0.9288,128,348123.8966,-11733.3811,0.7704,124,288782.7008,2824.496522,55650.8659,30393.5127,-25257.3532,157,374827.0793,20,10338.720674380593,183.1282080358459,0.000112,,0.0,0.137835,0.8291,5.8502,-0.022275,-0.011085,0.0166,-0.4556,-0.175552,-0.021758,-1.4179,0.640202,-0.157958,-0.057707
2019-09-15 00:00:00+00:00,7,0.4592,0.2189,0.9421,116,475956.62,-1111.697,0.7811,114,394617.6816,7504.82276,34795.9922,75783.2225,40987.2303,147,505196.8963,26,10316.064967477903,188.3315824946502,0.008116,,0.0,0.138492,0.0801,5.2088,0.032949,-0.015979,-0.0593,-0.5945,0.264153,0.033245,-1.1888,0.675674,0.035473,-0.002166
2019-09-16 00:00:00+00:00,24,11.2019,0.481,1.0,188,1091688.3807,-53447.5055,0.519,149,566628.319,29283.333366,482028.8995,43031.1622,-438997.7373,188,1091688.3807,15,10250.78992414295,193.00398297062347,0.004234,,0.0,0.461878,-0.352,3.0247,-0.005679,-0.00244,0.0631,-0.4204,-0.014,-0.006266,-0.2767,0.74486,0.069186,-0.0533
2019-09-17 00:00:00+00:00,27,2.5699,0.2743,1.0,220,1025918.5341,-74379.9174,0.7257,165,744521.9832,5905.688465,202571.9098,78824.6411,-123747.2687,220,1025918.5341,28,10217.12604966753,202.02355705396704,-0.003814,,0.0,0.19996,2.6811,4.1526,-0.02212,0.015625,-0.0501,-0.5404,-0.140183,-0.025314,-1.0633,0.709995,-0.034866,0.069793
2019-09-18 00:00:00+00:00,18,1.2792,0.349,1.0,206,1279876.6951,-82547.1373,0.651,166,833205.7532,12586.798673,250693.8864,195977.0554,-54716.831,206,1279876.6951,22,10188.410390208212,212.46684923810636,-0.004076,,0.0,0.232285,5.2341,9.5236,-0.001536,-0.039538,0.0418,-0.4115,-0.015432,-0.003387,0.1461,0.758512,0.048517,0.082837
2019-09-19 00:00:00+00:00,20,1.6169,0.1979,1.0,180,645110.565,-85077.4661,0.8021,142,517444.2905,3211.67451,78881.2299,48785.0446,-30096.1853,180,645110.565,18,9989.29568575283,211.02365866772692,-0.000747,,0.0,0.159523,-0.2813,8.3778,-0.009695,0.01555,0.0389,-0.314,-0.060714,-0.008468,-0.932,0.686844,-0.071668,-0.058017
2019-09-20 00:00:00+00:00,16,1.6569,0.2376,1.0,174,729039.813,-96379.138,0.7624,144,555818.908,3774.604226,108023.3629,65197.5421,-42825.8208,174,729039.813,14,10172.182620551586,217.36486230569932,0.003654,,0.0,0.148732,-1.9613,6.2297,-0.004769,-0.035376,-0.031,-0.4048,-0.038832,-0.005338,-0.0845,0.716488,0.029644,0.006493
2019-09-21 00:00:00+00:00,15,1.6261,0.1884,0.9301,104,366153.184,-95297.103,0.8116,105,319510.1429,4580.949938,45924.1724,28241.0639,-17683.1085,136,393675.3792,16,10050.415575472443,216.86270565360064,0.003779,,0.0,0.116093,-6.0693,-0.6687,-0.006686,-0.027816,0.105,-0.1168,-0.065688,-0.006747,-1.5719,0.662486,-0.054002,-0.096026
2019-09-22 00:00:00+00:00,9,1.5137,0.1235,0.933,103,352056.7721,-102512.9533,0.8765,109,330717.8843,4955.506688,28062.3376,18538.6159,-9523.7217,132,377318.8378,14,9981.011628259845,210.34360754628293,-0.014393,,0.0,0.097226,-1.3018,-2.0507,0.005531,0.016338,0.0528,0.0235,0.062122,0.005156,-1.1597,0.652924,-0.009562,-0.03392
2019-09-23 00:00:00+00:00,15,1.2947,0.2413,1.0,158,719360.4312,-42983.5942,0.7587,123,545769.0647,5961.580761,97941.7951,75649.5715,-22292.2236,158,719360.4312,20,9897.9364820899,207.9807358830832,0.016337,,0.0,0.164462,3.383,1.6844,0.006236,-0.011886,0.1072,0.3224,0.031532,0.004764,-1.0751,0.691449,0.038526,-0.025038
2019-09-24 00:00:00+00:00,31,1.8612,0.4048,1.0,259,1382761.632,-49371.301,0.5952,192,823059.166,10281.086615,364081.8411,195620.625,-168461.2161,259,1382761.632,36,9683.045413658192,197.22421773886936,-0.00186,,0.0,0.281858,2.4906,1.4938,-0.024856,0.04814,-0.1586,-0.1199,-0.118738,-0.030294,-0.5507,0.702298,0.010849,0.039812
2019-09-25 00:00:00+00:00,20,1.5245,0.1788,1.0,258,1126865.5974,-47534.596,0.8212,205,925377.9551,5984.157228,121673.7691,79813.8732,-41859.8958,258,1126865.5974,33,8493.34936402926,168.41362124287062,-0.010321,,0.0,0.156547,1.5442,-2.1961,0.014373,-0.017621,0.074,0.0793,0.065241,0.008719,-0.6293,0.665454,-0.036844,0.01253
2019-09-26 00:00:00+00:00,15,0.7388,0.2109,1.0,219,1307141.6006,-37318.9611,0.7891,179,1031429.321,12734.498781,117149.5104,158562.7692,41413.2588,219,1307141.6006,25,8270.448704571985,166.79646901968627,-0.029636,,0.0,0.163369,-4.064,-5.9787,0.037869,-0.017299,0.0043,0.1146,0.222227,0.032644,-0.4476,0.737145,0.071691,0.045696
2019-09-27 00:00:00+00:00,9,1.1394,0.1461,1.0,175,998239.9453,-32558.7282,0.8539,150,852422.4786,6208.622467,77660.8286,68156.6381,-9504.1905,175,998239.9453,16,8041.173995570265,166.53888712115946,0.000274,,0.0,0.143869,1.183,-2.8344,0.013817,0.003505,-0.1009,-0.1686,0.080458,0.010409,-1.2666,0.76048,0.023335,0.058182
2019-09-28 00:00:00+00:00,12,3.0002,0.0978,1.0,138,706748.3821,-34971.345,0.9022,119,637609.0204,9321.501166,51855.394,17283.9677,-34571.4263,138,706748.3821,7,8161.361187195704,173.54232999415424,0.038832,,0.0,0.101836,-3.7477,-0.5128,-0.004803,0.000662,0.023,-0.1013,-0.070238,-0.006345,-1.7898,0.735393,-0.025087,0.069939
2019-09-29 00:00:00+00:00,12,2.8733,0.1796,0.9648,164,438294.2485,-39247.7351,0.8204,156,372698.786,2599.537261,60521.5976,21063.1455,-39458.4521,180,454283.5291,12,8082.250480412999,169.95433590201768,0.004498,,0.0,0.133333,1.1393,1.9284,-0.006316,-0.020874,0.2442,0.6105,-0.070262,-0.008414,-1.6107,0.657161,-0.078232,-0.079984
2019-09-30 00:00:00+00:00,11,1.4513,0.0984,1.0,192,1327564.6125,-39499.45,0.9016,166,1196916.9637,27629.465614,77350.9385,53296.7103,-24054.2282,192,1327564.6125,15,8076.329307877522,173.01964449778447,-0.019785,,0.0,0.115328,-1.394,-2.8486,-0.001505,-0.004156,-0.0891,0.3496,-0.031729,-0.003228,-1.6112,0.765416,0.108255,0.004936
2019-10-01 00:00:00+00:00,13,1.4052,0.1904,1.0,136,671318.1863,-18510.1466,0.8096,109,543477.6022,5148.773112,74688.3381,53152.2459,-21536.0922,136,671318.1863,14,8345.495750819438,179.55760546480744,-0.120328,,0.0,0.158901,-9.1471,-14.4863,0.018956,-0.012471,-0.2109,-0.2623,0.111642,0.016004,-1.4169,0.744405,-0.021011,0.009012
2019-10-02 00:00:00+00:00,11,2.7119,0.1752,1.0,115,449557.9673,-17718.8649,0.8248,96,370802.5234,5418.603617,57538.1839,21217.26,-36320.9239,115,449557.9673,8,8245.847479559454,176.32063719212752,-0.039349,,0.0,0.139016,-0.1588,-16.1892,-0.013835,-0.010008,-0.0446,-0.3957,-0.129862,-0.015985,-1.4832,0.718699,-0.025706,0.061538
2019-10-03 00:00:00+00:00,13,4.6329,0.2058,1.0,97,293045.1838,-29192.8063,0.7942,78,232723.1327,2332.121573,49613.1911,10708.86,-38904.3311,97,293045.1838,6,8242.775042228972,176.38133505683945,0.038816,,0.0,0.165053,3.8655,-8.2597,-0.000994,0.005319,0.2719,0.3959,-0.036907,-0.005426,-1.9498,0.7035,-0.015199,-0.061916
2019-10-04 00:00:00+00:00,8,1.3201,0.1386,1.0,106,381941.8567,-28878.1046,0.8614,86,329020.628,9339.561251,30111.2538,22809.975,-7301.2788,106,381941.8567,12,8151.54619227485,174.93079219266392,-0.091062,,0.0,0.1193,-1.9532,-11.3959,5e-05,0.017277,-0.0444,0.2704,-0.030066,-0.003057,-2.0382,0.700083,-0.003417,-0.044322
2019-10-05 00:00:00+00:00,9,2.8247,0.2122,0.9497,87,277736.7171,-28168.0129,0.7878,83,230388.1847,3493.722872,45823.0238,16222.2396,-29600.7842,102,292433.4481,10,8110.550877480761,175.11868718102468,-0.081213,,0.0,0.130212,-1.6108,-9.259,-0.016319,-0.015884,-0.1034,-0.0363,-0.169825,-0.019519,-2.1668,0.671451,-0.028632,-0.047248
2019-10-06 00:00:00+00:00,19,3.1876,0.2471,1.0,88,289534.3342,-27871.2425,0.7529,61,217977.3504,3540.309772,54469.0215,17087.9623,-37381.0592,88,289534.3342,8,7990.887282556262,173.25261604013795,0.066815,,0.0,0.161714,-1.8004,-12.1987,-0.007765,-0.001874,0.0322,0.0599,-0.080611,-0.011594,-2.5702,0.661299,-0.010153,-0.042201
2019-10-07 00:00:00+00:00,14,8.9064,0.2807,1.0,115,439908.6562,-38515.0037,0.7193,96,316416.1053,3813.719614,111026.5538,12465.997,-98560.5568,115,439908.6562,5,8027.288584290516,175.1658065993089,-0.02121,,0.0,0.209363,1.2964,-9.5083,-0.045205,0.012786,0.0468,0.1878,-0.253843,-0.048263,-1.3291,0.716412,0.055113,0.016328
2019-10-08 00:00:00+00:00,9,2.5197,0.1339,1.0,134,582849.1783,-40251.8024,0.8661,116,504812.9275,5219.493895,55864.9669,22171.2839,-33693.683,134,582849.1783,9,8197.270259705076,180.51110560660592,0.012624,,0.0,0.126353,0.0459,-0.3153,-0.008433,-0.014573,0.1276,0.5467,-0.090357,-0.010052,-0.6591,0.755074,0.038662,0.083622
2019-10-09 00:00:00+00:00,14,2.7272,0.1484,1.0,157,623110.0873,-41184.1698,0.8516,134,530646.3217,2965.983817,67655.6306,24808.135,-42847.4956,157,623110.0873,9,8314.396181332408,185.29850975801853,0.058564,,0.0,0.145404,3.5941,3.4375,-0.019352,0.038946,-0.1259,0.2114,-0.164888,-0.020912,-0.1298,0.730417,-0.024657,0.069118
2019-10-10 00:00:00+00:00,12,2.635,0.2266,1.0,126,483017.3861,-42659.5318,0.7734,102,373564.0611,4177.017633,79342.595,30110.73,-49231.865,126,483017.3861,12,8544.182759788288,191.6659769562756,-0.060978,,0.0,0.161369,-1.7202,-2.1483,-0.013931,-0.02186,-0.0315,0.1089,-0.112432,-0.016218,0.0518,0.709109,-0.021308,-0.007302
2019-10-11 00:00:00+00:00,11,1.9834,0.1773,1.0,130,472668.9184,-45562.2099,0.8227,110,388874.9732,3118.325724,55706.9852,28086.96,-27620.0252,130,472668.9184,9,8414.216486768788,186.1185041186303,-0.008489,,0.0,0.166077,-1.5392,-1.7343,0.028625,-0.00871,-0.0025,0.0946,0.156943,0.023597,0.4704,0.732989,0.02388,-0.022085
2019-10-12 00:00:00+00:00,5,0.1574,0.3745,1.0,95,528844.9638,-20737.6703,0.6255,83,330801.9891,17044.726135,26935.991,171106.9836,144170.9926,95,528844.9638,7,8333.126266293779,182.55946224022463,-0.05267,,0.0,0.201044,-1.4712,-1.5947,0.137334,0.022101,0.051,0.24,0.696817,0.132002,-1.3588,0.766009,0.03302,0.035592
2019-10-13 00:00:00+00:00,2,3.5604,0.0656,1.0,73,228614.7914,-16601.1382,0.9344,68,213608.1268,3343.626651,11715.9996,3290.665,-8425.3346,73,228614.7914,3,8354.601207901047,182.20953431472745,0.004174,,0.0,0.051566,1.6388,1.8445,0.003386,0.006593,-0.0484,0.0876,-0.036822,-0.001427,-2.2022,0.693757,-0.072252,-0.015352
2019-10-14 00:00:00+00:00,7,13.3254,0.2962,1.0,121,1200775.1297,-46231.0025,0.7038,104,845156.8656,41324.693309,330793.9355,24824.3286,-305969.6068,121,1200775.1297,10,8306.316911433036,183.58318420640992,0.043381,,0.0,0.2075,-0.3905,0.1576,-0.139343,0.003469,0.0547,0.3469,-0.719847,-0.142762,-0.7286,0.826343,0.132586,0.093354
2019-10-15 00:00:00+00:00,11,3.9635,0.1709,1.0,120,385163.0743,-47033.0448,0.8291,103,319327.1277,2295.908633,52571.9629,13263.9836,-39307.9792,120,385163.0743,6,8271.782635227226,183.14961025925163,-0.014891,,0.0,0.11622,-0.1395,-0.0278,-0.008836,-0.020812,0.0148,0.407,-0.142423,-0.014571,-0.5224,0.717046,-0.109297,-0.048964
2019-10-16 00:00:00+00:00,8,3.0497,0.1239,1.0,134,540086.536,-45749.3626,0.8761,119,473183.4188,4969.956161,50382.4186,16520.6986,-33861.72,134,540086.536,7,8079.373508063301,176.94058102704682,0.026306,,0.0,0.101839,-0.7654,-4.3873,0.001734,0.03006,0.1166,0.7979,-0.054119,-0.004712,-1.0672,0.732456,0.01541,0.038699
2019-10-17 00:00:00+00:00,9,1.2647,0.1976,1.0,106,386137.7696,-39990.0773,0.8024,86,309836.147,3753.828248,42609.2452,33692.3774,-8916.8678,106,386137.7696,11,8036.454697967599,175.81499834739955,-0.001325,,0.0,0.128747,-0.3374,-3.0045,0.017392,-0.017188,0.0568,1.0065,0.11204,0.012592,-1.263,0.712015,-0.020441,-0.114328
2019-10-18 00:00:00+00:00,7,0.8269,0.1435,1.0,115,603558.2267,-34871.4839,0.8565,99,516923.8806,12182.01642,39212.1088,47422.2373,8210.1285,115,603558.2267,9,7972.831586071713,173.8643396175353,-0.003998,,0.0,0.106217,0.0754,-1.3899,0.03144,-0.011751,-0.1753,0.3809,0.285294,0.027187,-0.1286,0.764907,0.052892,0.047861
2019-10-19 00:00:00+00:00,4,,0.1833,0.9194,80,262198.6,-62933.6256,0.8167,99,232933.4865,4597.532038,52263.9991,0.0,-52263.9991,103,285197.4856,0,7963.376840676831,172.90292870143898,-0.065147,,0.0,0.150352,0.0752,0.1566,0.001807,0.003974,0.0447,0.5247,-0.017721,-0.002461,-1.4714,0.694796,-0.070111,-0.03766
2019-10-20 00:00:00+00:00,6,4.238,0.1964,1.0,91,466979.9363,-69829.016,0.8036,79,375269.0289,4624.081775,74201.9874,17508.92,-56693.0674,91,466979.9363,6,8009.932584440648,172.39788680978089,-0.036729,,0.0,0.123926,3.7705,2.2883,-0.031581,-0.013294,0.0172,0.5694,-0.301178,-0.034603,-1.3469,0.775855,0.081058,0.063839
2019-10-21 00:00:00+00:00,5,1.5887,0.1222,1.0,116,505441.9494,-28125.9592,0.8778,104,443668.1602,4910.847179,37910.9993,23862.7898,-14048.2096,116,505441.9494,7,8216.420865769951,174.52660335385283,0.050852,,0.0,0.099008,-1.5721,1.1067,0.009415,-0.008516,-0.0173,0.4977,0.057308,0.004951,-0.8244,0.742411,-0.033443,-0.022496
2019-10-22 00:00:00+00:00,4,3.5929,0.0958,1.0,105,426103.1597,-25803.9313,0.9042,97,385267.2614,5485.143224,31944.8411,8891.0571,-23053.784,105,426103.1597,4,8207.470113953495,173.5283915255426,0.06107,,0.0,0.085596,2.5893,3.8355,-0.002736,0.003254,0.123,1.1192,-0.107215,-0.007715,-0.8307,0.738742,-0.003669,0.043946
2019-10-23 00:00:00+00:00,9,2.9442,0.0808,1.0,146,890264.1174,-26032.5426,0.9192,131,818322.1215,9185.250265,53701.9972,18239.9987,-35461.9985,146,890264.1174,6,7768.613062649397,164.44021764565937,0.073791,,0.0,0.100858,-1.6684,2.9325,0.024288,0.004803,0.1154,2.0658,0.168113,0.01379,-0.4633,0.749065,0.010322,-0.02679
2019-10-24 00:00:00+00:00,11,2.0533,0.0919,1.0,142,1402007.6186,-31111.1695,0.9081,123,1273104.2342,37654.101471,86685.3205,42218.064,-44467.2565,142,1402007.6186,8,7449.513132432505,161.30954909456864,-0.004916,,0.0,0.091883,-1.8014,1.4686,-0.003364,-0.024456,-0.0261,1.8694,-0.080873,-0.006692,-0.7858,0.830056,0.080992,0.087645
2019-10-25 00:00:00+00:00,12,2.3847,0.1285,1.0,154,689602.1765,-37463.5301,0.8715,132,600979.1297,5207.661542,62439.7213,26183.3255,-36256.3959,154,689602.1765,10,7845.188209062642,168.64089392386617,-0.027053,,0.0,0.102603,0.6743,2.0675,-0.003315,0.028746,-0.057,1.5433,-0.093776,-0.007961,-0.5341,0.721704,-0.108352,-0.017038
2019-10-26 00:00:00+00:00,20,11.5432,0.1688,1.0,170,798677.1339,-46183.3803,0.8312,146,663881.0894,5200.91968,124049.4972,10746.5473,-113302.9499,170,798677.1339,4,9254.868058716032,182.15514224863,-0.046509,,0.0,0.152859,1.6269,3.6192,-0.023343,0.015838,-0.0764,1.1352,-0.197902,-0.025956,-0.1535,0.721328,-0.000376,-0.027737
2019-10-27 00:00:00+00:00,6,1.8578,0.198,1.0,122,376839.719,-41283.7798,0.802,109,302227.7506,2766.514738,48503.9162,26108.0522,-22395.864,122,376839.719,7,9360.694206883323,181.71098234003296,-0.070632,,0.0,0.108454,-2.284,-2.4353,-0.007546,-0.02074,0.0292,1.2516,-0.123415,-0.01135,-1.3827,0.685768,-0.03556,-0.144288
2019-10-28 00:00:00+00:00,10,1.1839,0.067,1.0,142,2051005.5397,-40930.3685,0.933,120,1913584.5314,81871.989355,74497.6695,62923.3388,-11574.3307,142,2051005.5397,12,9455.58182702273,183.46358089874457,0.099481,,0.0,0.069941,2.1353,1.2721,0.003031,0.007624,-0.0471,0.995,0.017026,0.001066,-0.1355,0.864031,0.178263,0.142327
2019-10-29 00:00:00+00:00,6,4.4548,0.0572,1.0,137,858695.638,-42078.8259,0.9428,128,809602.6525,12610.23518,40092.9856,9000.0,-31092.9856,137,858695.638,3,9361.435229350862,186.29944246441195,0.027656,,0.0,0.071218,1.1406,-0.1766,-0.002401,-0.004283,-0.0397,0.7827,-0.086031,-0.005144,-0.5005,0.772363,-0.091668,0.051035
2019-10-30 00:00:00+00:00,15,1.6049,0.2627,1.0,125,676994.8859,-42913.1401,0.7373,105,499136.9277,4967.12694,109580.0782,68277.88,-41302.1982,125,676994.8859,5,9196.070257399151,185.0916551654592,0.008681,,0.0,0.15399,-1.3966,0.0952,-0.003812,-0.010387,0.0782,1.3667,-0.05634,-0.007923,-0.47,0.759028,-0.013335,0.07326
2019-10-31 00:00:00+00:00,9,2.9509,0.0767,1.0,132,849634.3089,-41159.4478,0.9233,118,784441.1584,33495.154092,48692.2805,16500.87,-32191.4105,132,849634.3089,5,9159.126587543306,182.23013920515825,-0.047918,,0.0,0.07932,-0.6917,1.2049,-0.001169,-0.010542,0.1253,2.0349,-0.066194,-0.004568,-0.7136,0.778416,0.019388,-0.085615
2019-11-01 00:00:00+00:00,10,4.0829,0.1325,1.0,119,556620.8318,-42371.6181,0.8675,104,482853.3036,4526.089449,59254.5582,14512.97,-44741.5882,119,556620.8318,5,9152.259260911913,181.60254026098357,-0.017909,,0.0,0.103512,-1.4239,-0.8934,-0.00953,0.015969,-0.1556,1.3737,-0.154795,-0.013944,-0.7206,0.752581,-0.025835,-0.019782
2019-11-02 00:00:00+00:00,4,0.9409,0.1581,0.9348,78,269282.5769,-25987.4311,0.8419,88,242513.4412,3241.863538,22076.9893,23463.3486,1386.3593,97,288053.7791,5,9265.590229349113,183.1434336193488,-0.016654,,0.0,0.082607,-0.802,-3.3223,0.002236,0.002836,-0.1017,0.7139,-0.030063,-0.002087,-1.4067,0.665091,-0.08749,-0.093937
2019-11-03 00:00:00+00:00,4,15.2227,0.2488,0.9701,100,421781.583,-36337.0411,0.7512,104,326599.3213,8691.920042,101511.5824,6668.4487,-94843.1337,113,434779.3523,5,9224.560373216798,182.20009700604243,0.059072,,0.0,0.127241,-0.1149,-1.1532,-0.083467,0.004753,0.0039,0.7215,-0.7548,-0.087119,-1.6054,0.712814,0.047724,-0.065602
2019-11-04 00:00:00+00:00,12,2.1641,0.1738,1.0,120,674500.9185,-40846.5429,0.8262,99,557240.5815,4051.445426,80200.5903,37059.7467,-43140.8436,120,674500.9185,9,9237.639222979828,183.75670496974024,0.031454,,0.0,0.115494,0.8913,-2.3972,-0.003522,0.000594,0.0684,1.1455,-0.062107,-0.006464,-0.6788,0.762763,0.049949,0.010183
2019-11-05 00:00:00+00:00,5,1.4292,0.0527,1.0,124,1192199.7276,-37989.0314,0.9473,111,1129428.1323,21370.946762,36931.0,25840.5953,-11090.4047,124,1192199.7276,8,9333.323849087605,187.1801541828664,0.00484,,0.0,0.067618,-0.3834,-3.9213,0.005489,-0.016716,-0.0774,0.6307,0.060128,0.003546,0.4141,0.821422,0.058658,0.156331
2019-11-06 00:00:00+00:00,6,1.5572,0.1535,1.0,121,429036.2759,-34139.1094,0.8465,107,363167.2599,5212.863823,40110.8802,25758.1358,-14352.7444,121,429036.2759,8,9325.373758339896,190.3533775871277,-0.045924,,0.0,0.099328,-0.532,-3.0568,-0.0007,0.035024,0.0999,1.2543,-0.058005,-0.004933,-0.4389,0.727199,-0.094223,0.014384
2019-11-07 00:00:00+00:00,7,2.3666,0.1771,1.0,99,321963.5744,-32847.2074,0.8229,87,264937.6919,2745.567446,40086.9895,16938.893,-23148.0965,99,321963.5744,5,9247.554049674518,187.79074372072415,0.032469,,0.0,0.113063,8.5362,6.1712,0.000947,0.029559,-0.2606,-0.4491,-0.018297,-0.001835,2.0457,0.751916,0.024717,-0.010847
2019-11-08 00:00:00+00:00,8,1.5835,0.164,1.0,112,546153.8777,-29344.7364,0.836,93,456608.1849,5669.168268,54884.992,34660.7008,-20224.2913,112,546153.8777,11,9011.997882879466,185.00700917370784,0.045056,,0.0,0.12245,-8.3314,-0.7363,0.015784,-0.047462,0.1865,0.7543,0.111173,0.012396,-0.4151,0.7701,0.018185,-0.051321
2019-11-09 00:00:00+00:00,2,2.2248,0.0691,0.9698,76,252589.0046,-30519.7891,0.9309,79,242436.1669,7621.240028,12422.9998,5583.99,-6839.0098,84,260443.1567,3,8818.535276605404,184.56544085848492,-0.040516,,0.0,0.058929,-0.0343,0.0314,0.004871,0.003616,0.0849,1.2957,0.024332,0.001111,-1.5823,0.689717,-0.080384,-0.037482
2019-11-10 00:00:00+00:00,3,,0.0739,1.0,73,203140.0333,-19115.0557,0.9261,70,188130.034,2960.565742,15009.9993,0.0,-15009.9993,73,203140.0333,0,8882.966757933884,187.2205271899068,-0.021556,,0.0,0.06989,0.3181,0.4643,-0.011832,-0.007524,-0.2436,-0.3636,-0.283051,-0.015478,-1.6857,0.693409,0.003692,-0.058507
2019-11-11 00:00:00+00:00,6,0.7355,0.2085,1.0,106,434729.0431,-10978.7603,0.7915,93,344089.5731,5377.461574,38413.1229,52226.3471,13813.2241,106,434729.0431,7,8818.564867645295,187.02808403984287,0.053682,,0.0,0.140837,0.9085,0.4816,0.030507,0.020911,0.091,0.243,0.216695,0.027345,-0.5492,0.736408,0.042999,-0.033693
2019-11-12 00:00:00+00:00,6,1.3245,0.3341,1.0,104,814953.936,-14824.7784,0.6659,93,542643.1035,15357.629495,155161.6822,117149.1503,-38012.5319,104,814953.936,5,8744.724783294369,185.59387406380384,-0.010271,,0.0,0.204695,-0.5509,0.3141,-0.007893,-0.008255,-0.0266,0.0522,-0.059834,-0.011628,-0.2116,0.788316,0.051908,0.098599
2019-11-13 00:00:00+00:00,8,5.6979,0.2806,1.0,111,533874.0023,-27784.7917,0.7194,97,384069.225,10026.579238,127438.8073,22365.97,-105072.8373,111,533874.0023,6,8758.252434146467,186.68606025456376,-0.004964,,0.0,0.160253,0.5666,1.4127,-0.072828,0.001722,0.1049,0.7651,-0.52174,-0.076651,-0.4921,0.755192,-0.033124,0.061784
2019-11-14 00:00:00+00:00,7,2.1348,0.123,1.0,106,389900.5768,-26958.8698,0.877,95,341926.2104,7337.423775,32670.5049,15303.8615,-17366.6434,106,389900.5768,4,8675.983201318102,185.47978762434687,0.018845,,0.0,0.096026,-0.8327,-7.9562,0.004785,-0.006773,-0.047,0.4234,0.017752,0.00146,-0.6469,0.721563,-0.03363,-0.014845
2019-11-15 00:00:00+00:00,9,1.0555,0.2316,1.0,112,531824.9844,-24545.0959,0.7684,94,408667.1661,5340.095366,63242.846,59914.9723,-3327.8737,112,531824.9844,9,8562.989479527505,181.98735248802063,0.018806,,0.0,0.141814,-0.378,-0.0028,0.018664,0.006245,0.1296,1.3004,0.108184,0.013904,-0.6061,0.760382,0.03882,-0.027934
2019-11-16 00:00:00+00:00,5,7.1108,0.1311,1.0,77,247432.3727,-27059.9557,0.8689,70,214989.3843,3344.024833,28443.0084,3999.98,-24443.0284,77,247432.3727,2,8487.29626196371,181.6457314238834,-0.036947,,0.0,0.089704,-0.6251,-0.5936,-0.008528,-0.001464,-0.0617,0.8509,-0.144895,-0.011059,-1.9215,0.713362,-0.04702,-0.04183
2019-11-17 00:00:00+00:00,5,1.4963,0.1388,1.0,76,230843.5791,-25825.5372,0.8612,67,198808.0303,2930.44209,19202.3095,12833.2394,-6369.0701,76,230843.5791,4,8523.568115873197,183.56062053905248,0.020337,,0.0,0.081832,0.4243,-0.4874,0.004593,-0.012201,-0.1099,0.0809,0.02469,0.001683,-1.9492,0.692782,-0.020581,-0.028781
2019-11-18 00:00:00+00:00,8,2.9811,0.1601,1.0,108,437399.2958,-32776.4177,0.8399,93,367380.2784,3707.637538,52430.9782,17588.0393,-34842.9389,108,437399.2958,7,8413.072940903332,181.84195321297992,0.01432,,0.0,0.116427,-0.0283,-1.4241,-0.005236,-0.00436,0.26,1.8367,-0.098491,-0.010096,-0.5316,0.736111,0.043329,-0.024272
2019-11-19 00:00:00+00:00,9,2.9186,0.1544,1.0,114,543640.5689,-33215.4853,0.8456,100,459724.6034,3907.714044,62500.9855,21414.98,-41086.0055,114,543640.5689,5,8137.449603456862,175.80990855538474,-0.008052,,0.0,0.112192,0.3061,-0.5671,-0.006535,0.01961,0.0118,1.8615,-0.11594,-0.011292,-0.6971,0.747001,0.010891,0.033639
2019-11-20 00:00:00+00:00,5,1.1211,0.089,1.0,111,464971.4797,-18542.5583,0.911,99,423607.0016,4895.554582,21863.4131,19501.065,-2362.3481,111,464971.4797,7,8109.213627740333,175.6248735619605,0.015557,,0.0,0.083379,-0.0216,-1.1553,0.020892,0.003248,-0.0675,1.369,0.244056,0.017007,-0.7147,0.755983,0.008982,0.063201
2019-11-21 00:00:00+00:00,9,4.6673,0.1519,1.0,137,592957.877,-24386.1822,0.8481,124,502906.8823,4049.774815,74161.5027,15889.492,-58272.0107,137,592957.877,4,7879.829669695507,168.168716349003,0.022783,,0.0,0.111362,3.8225,3.4998,-0.003177,0.020443,-0.1093,0.6163,-0.137739,-0.012494,-0.082,0.732518,-0.023465,-0.003593
2019-11-22 00:00:00+00:00,21,2.243,0.1747,1.0,192,1263840.3698,-36000.3747,0.8253,161,1043047.3986,7622.447422,152710.0961,68082.875,-84627.2211,192,1263840.3698,10,7380.380094357571,153.85037531749086,0.035737,,0.0,0.143941,5.2436,9.1214,-0.013704,0.029267,0.023,0.7549,-0.175395,-0.020721,1.3825,0.747778,0.01526,0.000777
2019-11-23 00:00:00+00:00,5,5.2279,0.0916,1.0,102,409089.3605,-36144.5134,0.9084,94,371597.3613,2683.900935,31471.9992,6020.0,-25451.9992,102,409089.3605,3,7242.994198874188,150.43067815285633,-0.160162,,0.0,0.087649,-9.3561,0.3905,0.006599,0.00644,0.0916,1.3439,-0.000752,-5.4e-05,-0.9021,0.730295,-0.017483,-0.025688
2019-11-24 00:00:00+00:00,5,1.8276,0.1625,1.0,97,330589.236,-37480.8946,0.8375,87,276865.4157,2804.192844,34723.7793,19000.041,-15723.7384,97,330589.236,5,7156.9322784017895,148.0472254881141,0.000898,,0.0,0.115375,-0.0172,-0.051,-0.006806,0.00143,0.0964,1.9262,-0.137942,-0.013262,-1.4805,0.711992,-0.018303,-0.020526
2019-11-25 00:00:00+00:00,23,1.4938,0.1969,1.0,176,1138604.9599,-38843.6578,0.8031,132,914467.3413,19423.834669,134259.9501,89877.6685,-44382.2817,176,1138604.9599,21,6962.672674016837,142.25935860482767,0.17343,,0.0,0.143654,7.9799,7.9572,-0.001941,0.002341,0.0244,2.0144,-0.069678,-0.008434,0.1535,0.742548,0.030556,-0.00523
2019-11-26 00:00:00+00:00,5,6.4372,0.0784,1.0,114,471651.8581,-36836.1731,0.9216,106,434674.2656,4826.998932,32005.6025,4971.99,-27033.6125,114,471651.8581,3,7138.064619420399,146.50318939303548,-0.000878,,0.0,0.087471,-4.4019,3.2492,0.009064,-0.025123,-0.0374,1.7205,0.040484,0.002834,-0.6218,0.713866,-0.028682,-0.016429
2019-11-27 00:00:00+00:00,6,2.1871,0.0889,1.0,126,1143396.9666,-41908.1254,0.9111,117,1041734.9823,32048.248334,69763.9993,31897.985,-37866.0143,126,1143396.9666,3,7237.068661850971,148.53779473185483,-0.03363,,0.0,0.093118,-2.6543,0.6165,-0.008963,-0.013912,0.0777,2.1365,-0.182797,-0.0144,-1.2257,0.803231,0.089365,0.091239
2019-11-28 00:00:00+00:00,9,2.1504,0.1223,1.0,103,1221394.2948,-41374.2515,0.8777,84,1072052.4117,19787.243745,101938.3881,47403.4949,-54534.8932,103,1221394.2948,10,7502.469799836905,152.32998314712657,0.014612,,0.0,0.129656,-0.2756,-3.4816,0.005876,-0.005043,-0.204,0.843,0.024459,0.002945,-1.3979,0.841547,0.038316,0.098999
2019-11-29 00:00:00+00:00,4,4.9163,0.11,1.0,92,537717.3743,-34879.3563,0.89,87,478554.3297,4484.842369,49162.9996,10000.045,-39162.9546,92,537717.3743,1,7589.045110685537,153.56029804938453,-0.050012,,0.0,0.100925,-0.5747,-9.2999,-0.017141,-0.013323,-0.081,0.3275,-0.231,-0.020423,-0.3395,0.778582,-0.062965,0.064716
2019-11-30 00:00:00+00:00,9,2.4606,0.1156,1.0,86,685837.9266,-36022.8063,0.8844,72,606569.0801,41322.677235,56362.498,22906.3485,-33456.1495,86,685837.9266,5,7645.806178816841,152.81750389639407,-0.036326,,0.0,0.096852,-0.2067,-0.1505,-0.007623,-0.012398,0.1064,0.9791,-0.129052,-0.011355,-1.2248,0.813488,0.034906,0.010257
2019-12-01 00:00:00+00:00,3,2.3148,0.1806,1.0,73,276918.7757,-36610.5348,0.8194,66,226904.6138,3386.598579,34926.0,15088.1618,-19837.8382,73,276918.7757,4,7364.650503369437,148.95834728858216,0.013581,,0.0,0.113196,1.2969,1.1636,-0.005004,0.057005,0.0068,0.9994,-0.105114,-0.010298,-1.5173,0.738223,-0.075265,-0.103324
2019-12-02 00:00:00+00:00,5,2.7809,0.0838,1.0,98,889722.0086,-35287.214,0.9162,87,815163.0677,10628.45619,54838.9884,19719.9525,-35119.0359,98,889722.0086,6,7311.995682835968,148.87965761434018,-0.003976,,0.0,0.092143,-0.0349,-6.8512,0.001661,-0.024422,-0.2286,-0.4211,-0.024974,-0.002037,0.2272,0.830027,0.091804,0.051445
2019-12-03 00:00:00+00:00,5,0.5532,0.1946,1.0,103,441055.5206,-27897.5818,0.8054,87,355205.8088,3573.041051,30577.9493,55271.7624,24693.8131,103,441055.5206,11,7312.9038669467,148.16166555036648,-0.030021,,0.0,0.129765,-1.008,-3.4573,0.036875,-0.011295,0.0596,-0.0619,0.268435,0.029879,-1.0351,0.724874,-0.105153,-0.088614
2019-12-04 00:00:00+00:00,8,2.9188,0.1524,1.0,117,482052.1791,-27626.7259,0.8476,102,408589.5543,3355.602305,54716.3238,18746.301,-35970.0227,117,482052.1791,7,7268.053078018518,146.34922918840482,0.061507,,0.0,0.118489,0.0043,-0.7986,-0.003127,0.047794,0.1818,1.052,-0.08116,-0.008116,-0.6004,0.732983,0.008109,-0.00524
2019-12-05 00:00:00+00:00,5,1.5423,0.1032,1.0,101,596123.1959,-21711.4159,0.8968,91,534584.9213,8846.452207,37332.9992,24205.2754,-13127.7238,101,596123.1959,5,7319.495632147983,146.48936343556136,-0.047763,,0.0,0.090371,-0.5086,-1.0317,0.004526,-0.04185,-0.179,-0.0863,-0.002057,-0.000156,-0.5716,0.768941,0.035958,-0.061086
2019-12-06 00:00:00+00:00,6,3.3422,0.0756,1.0,108,689386.1254,-20134.2803,0.9244,98,637249.4278,14809.682259,40129.8513,12006.8463,-28123.005,108,689386.1254,4,7391.162681062257,147.40927550508846,-0.017867,,0.0,0.073221,0.3571,-0.0999,-0.010339,-0.005427,-0.0675,-0.5281,-0.208449,-0.013029,-1.2234,0.8018,0.032859,0.076926
2019-12-07 00:00:00+00:00,1,0.8096,0.0958,1.0,68,302238.5538,-14919.566,0.9042,62,273281.7031,4491.705367,12955.0,16001.8507,3046.8507,68,302238.5538,5,7515.329107092584,148.0451635566084,-0.039491,,0.0,0.079774,-1.9397,-1.8329,0.017923,-0.009614,0.0179,-0.4247,0.199712,0.013255,-2.3508,0.746448,-0.055352,0.013465
2019-12-08 00:00:00+00:00,4,2.6583,0.2127,1.0,55,175538.229,-14503.2767,0.7873,46,138203.4894,3363.812853,27129.2763,10205.4633,-16923.8131,55,175538.229,5,7485.17867941454,148.54482982076885,0.004513,,0.0,0.127331,-3.3792,-6.509,-0.006976,0.006219,-0.1036,-1.1009,-0.120232,-0.013197,-2.8014,0.72162,-0.024828,-0.047321
2019-12-09 00:00:00+00:00,5,1.6887,0.1174,1.0,93,388315.2491,-11154.044,0.8826,82,342739.6581,3453.211939,28624.9992,16950.5918,-11674.4073,93,388315.2491,6,7457.952688733425,148.95943648913726,0.041268,,0.0,0.094338,2.6553,-3.8187,0.007834,-0.005206,0.0439,-0.8417,0.036164,0.002979,-0.3518,0.773282,0.051663,-0.028518
2019-12-10 00:00:00+00:00,12,3.0165,0.107,1.0,108,818180.5183,-20959.9213,0.893,91,730645.8231,23892.66952,65741.0115,21793.6836,-43947.3279,108,818180.5183,5,7310.63556044696,146.40526034536563,0.05154,,0.0,0.095934,0.4768,-2.334,-0.015888,0.00673,0.1672,0.24,-0.228373,-0.019381,-1.2719,0.794529,0.021247,0.048081
2019-12-11 00:00:00+00:00,5,1.0473,0.1959,1.0,87,298996.8005,-16014.5995,0.8041,73,240421.3071,3202.989748,29964.1317,28611.3617,-1352.77,87,298996.8005,9,7215.481569949799,144.63045785513006,0.023724,,0.0,0.136228,-0.6131,-2.9514,0.016661,-0.016694,-0.0187,0.0994,0.101172,0.012087,-1.0637,0.706318,-0.088211,-0.015301
2019-12-12 00:00:00+00:00,8,1.395,0.1731,1.0,91,482059.1228,-16105.8648,0.8269,77,398590.708,7179.096733,48617.4977,34850.917,-13766.5807,91,482059.1228,6,7177.619742013217,143.19095266924276,0.002965,,0.0,0.131713,0.1676,-2.2752,0.000283,-0.009372,0.1569,1.1404,-0.024968,-0.002925,-1.2634,0.771907,0.065588,-0.001375
2019-12-13 00:00:00+00:00,7,1.5795,0.158,1.0,92,483312.7434,-14538.8725,0.842,75,406958.8045,8985.587743,46753.9989,29599.94,-17154.0589,92,483312.7434,10,7229.464430815966,144.4278408577699,-0.01321,,0.0,0.117693,0.3261,-2.3062,-0.00853,-0.008461,-0.0959,0.467,-0.109911,-0.011643,-1.2897,0.770662,-0.001245,-0.023867
2019-12-14 00:00:00+00:00,6,4.5984,0.1052,1.0,71,266019.9672,-17544.3815,0.8948,63,238028.2846,4113.630094,22991.6976,4999.985,-17991.7126,71,266019.9672,2,7169.893787180088,143.1072504893977,-0.030466,,0.0,0.08562,-0.3898,-0.7562,-0.012658,0.007061,0.0684,0.9317,-0.233068,-0.016803,-2.1263,0.724418,-0.046244,0.0181
2019-12-15 00:00:00+00:00,4,1.5197,0.2227,1.0,66,174462.819,-16271.2289,0.7773,55,135616.5643,2932.415913,23428.9997,15417.255,-8011.7447,66,174462.819,7,7093.575247395009,142.09257239864596,-0.006086,,0.0,0.120167,1.1493,3.7722,0.004713,0.004168,-0.1726,-0.3282,0.002927,0.000307,-1.1075,0.706952,-0.017466,-0.064955
2019-12-16 00:00:00+00:00,11,2.9875,0.1858,1.0,112,531271.1948,-21632.6721,0.8142,96,432552.5333,3566.180986,73961.5856,24757.076,-49204.5095,112,531271.1948,5,7049.205624574214,139.3887573838174,0.056024,,0.0,0.142089,1.3558,2.4727,0.001322,0.024011,0.0535,0.037,-0.08474,-0.009866,-1.2081,0.728093,0.021141,-0.042569
2019-12-17 00:00:00+00:00,9,4.5153,0.1292,1.0,124,1126848.7149,-28606.3261,0.8708,110,981309.8083,10572.410111,119150.9064,26388.0001,-92762.9064,124,1126848.7149,5,6814.532293054447,129.32400483869287,0.043184,,0.0,0.137312,0.9861,2.9821,-0.020181,-0.013394,0.1693,1.3009,-0.212763,-0.025097,-0.6526,0.795633,0.06754,0.071215
2019-12-18 00:00:00+00:00,37,3.1353,0.4088,1.0,207,1366300.6218,-69611.6769,0.5912,157,807787.8599,16370.906695,423451.4937,135061.2682,-288390.2255,207,1366300.6218,13,6762.035664906233,124.84626003520272,-0.007249,,0.0,0.306797,-0.1995,3.3957,-0.012404,0.010195,-0.0905,0.5877,-0.065441,-0.019022,0.3411,0.713963,-0.08167,0.007011
2019-12-19 00:00:00+00:00,33,2.5789,0.1549,1.0,144,1778759.3522,-85007.8657,0.8451,103,1503261.3228,65493.399383,198518.9657,76979.0637,-121539.9021,144,1778759.3522,8,7144.681126936154,127.8192468613136,-0.015478,,0.0,0.119585,-2.1549,1.0732,-0.027556,0.002837,-0.0381,0.2683,-0.290828,-0.031781,-1.2818,0.750307,0.036344,0.022214
2019-12-20 00:00:00+00:00,26,4.9103,0.2392,1.0,92,643673.3105,-97111.537,0.7608,62,489684.8382,13428.620342,127934.1152,26054.3571,-101879.7582,92,643673.3105,4,7154.652845201185,127.49360156143946,-0.000677,,0.0,0.161421,0.4613,1.2085,-0.062475,-0.017942,-0.0079,0.1879,-0.447726,-0.066539,-1.423,0.793563,0.043256,-0.00207
2019-12-21 00:00:00+00:00,3,3.282,0.1126,1.0,70,223099.3048,-96454.6059,0.8874,65,197967.8558,1964.729735,19262.322,5869.127,-13393.195,70,223099.3048,2,7150.28610833038,127.27485252468408,-0.064268,,0.0,0.078735,-2.1072,-0.509,-0.012255,-0.011834,-0.064,-0.3472,-0.261967,-0.016328,-1.9585,0.723509,-0.070054,0.009546
2019-12-22 00:00:00+00:00,3,,0.0689,1.0,71,237768.3691,-97649.9281,0.9311,68,221389.3693,2048.54609,16378.9998,0.0,-16378.9998,71,237768.3691,0,7216.242091816021,129.2369009553067,-0.011997,,0.0,0.08095,-0.0618,-1.7201,-0.005939,0.005742,0.1081,0.5347,-0.194479,-0.012599,-2.062,0.734904,0.011395,-0.015403
2019-12-23 00:00:00+00:00,29,8.5783,0.2677,1.0,113,769164.9028,-113896.9946,0.7323,82,563230.9676,5120.028065,184433.9552,21499.98,-162933.9752,113,769164.9028,2,7497.079915491288,131.80599667084093,0.066519,,0.0,0.165921,1.597,-1.4789,-0.073184,-0.00522,0.0281,0.7483,-0.513563,-0.077926,-0.4208,0.80172,0.066817,0.008157
2019-12-24 00:00:00+00:00,24,12.4377,0.3361,1.0,87,436622.6889,-118490.563,0.6639,60,289861.6438,2936.742521,135839.4651,10921.58,-124917.8851,87,436622.6889,3,7316.05125557285,128.0348946219935,-0.044764,,0.0,0.178163,-0.4107,-2.8757,-0.084045,-0.014969,0.0998,1.5379,-0.53217,-0.087598,-1.6975,0.771011,-0.03071,0.047502
2019-12-25 00:00:00+00:00,27,4.5046,0.4672,1.0,86,638088.3996,-104403.656,0.5328,49,340000.5429,13678.272135,243934.8667,54152.99,-189781.8767,86,638088.3996,10,7223.216207471288,125.36277683018648,-0.011377,,0.0,0.263311,-0.4488,-3.1251,-0.100961,0.003368,-0.0592,1.0256,-0.422405,-0.106184,-1.6779,0.824699,0.053688,0.089795
2019-12-26 00:00:00+00:00,23,7.5239,0.3382,1.0,75,429853.4642,-102936.679,0.6618,47,284470.5273,4787.812024,128327.0,17055.9369,-111271.0631,75,429853.4642,5,7228.985738179617,125.88758459706774,0.000729,,0.0,0.189922,0.5262,-0.444,-0.071575,0.003108,-0.0908,0.2573,-0.419728,-0.074538,-1.1274,0.800972,-0.023727,-0.000748
2019-12-27 00:00:00+00:00,28,3.4346,0.4943,1.0,75,422963.7727,-104781.3039,0.5057,43,213871.6404,4647.558307,161942.1323,47150.0,-114792.1323,75,422963.7727,4,7206.614444647042,125.27286013881768,-0.00038,,0.0,0.255954,-0.654,-1.5593,-0.072461,0.012083,0.0449,0.6177,-0.328063,-0.078696,-1.1628,0.773632,-0.02734,0.002622
2019-12-28 00:00:00+00:00,2,0.6438,0.0412,1.0,69,441987.5943,-102304.4778,0.9588,63,423785.223,17368.321366,7128.8917,11073.4795,3944.5878,69,441987.5943,4,7306.300746139346,127.6427087831858,-0.087453,,0.0,0.113081,1.121,1.6688,0.009169,-0.003087,-0.1026,-0.2518,0.054888,0.005579,-1.4773,0.794774,0.021141,-0.029925
2019-12-29 00:00:00+00:00,7,2.0211,0.357,1.0,75,309059.1582,-105292.7586,0.643,59,198712.1724,3559.579412,73821.9758,36525.01,-37296.9658,75,309059.1582,9,7348.004038079974,130.35733007288056,0.01384,,0.0,0.207568,-0.9706,0.76,-0.001064,0.007789,0.004,-0.2202,-0.02996,-0.005779,-1.9238,0.752682,-0.042092,-0.04829
2019-12-30 00:00:00+00:00,9,1.98,0.1805,1.0,87,573646.6691,-86880.1717,0.8195,73,470116.8651,7416.166157,68787.8355,34741.9685,-34045.867,87,573646.6691,5,7316.88299747149,133.04252421430303,0.03316,,0.0,0.148121,0.7828,-0.0542,-0.00506,-0.001757,-0.0938,-1.058,-0.070603,-0.009555,-0.7556,0.801456,0.048774,0.027823
2019-12-31 00:00:00+00:00,51,19.9497,0.2641,1.0,91,1113763.4252,-107040.299,0.7359,38,819646.2343,40294.199796,280077.9835,14039.2074,-266038.7761,91,1113763.4252,2,7222.119330179262,130.8098227268182,0.006533,,0.0,0.189442,-0.5665,-0.21,-0.120985,0.008962,0.2009,0.687,-0.690464,-0.124374,-1.3377,0.864581,0.063126,0.069807
2020-01-01 00:00:00+00:00,4,1.5766,0.3016,1.0,67,177741.8245,-81642.6094,0.6984,53,124129.8955,2645.157882,32804.9891,20806.94,-11998.0491,67,177741.8245,10,7210.970288341825,130.80304899681812,-0.02753,,0.0,0.16532,-0.8169,-0.5781,-0.006884,-0.00999,0.0505,1.1221,-0.077855,-0.011384,-2.3666,0.689342,-0.175239,-0.06334
2020-01-02 00:00:00+00:00,7,0.8339,0.2033,1.0,75,425869.1183,-64626.1134,0.7967,65,339280.7305,8486.470159,39371.9895,47216.3983,7844.4088,75,425869.1183,3,7101.149693418412,128.9737973548971,-0.085774,,0.0,0.148195,-0.929,-2.0333,0.025656,0.013966,-0.0859,0.335,0.149727,0.0202,-1.6829,0.795068,0.105725,-0.006388
2020-01-03 00:00:00+00:00,11,1.5165,0.2058,1.0,121,535268.7202,-51457.2017,0.7942,100,425102.8474,4517.110548,66387.8116,43778.0612,-22609.7504,121,535268.7202,10,7217.217663541854,130.9143654689265,-0.01149,,0.0,0.128163,1.3582,-0.0211,0.002025,0.014592,-0.0661,-0.2841,-0.040842,-0.004449,0.2649,0.681289,-0.113778,-0.183292
2020-01-04 00:00:00+00:00,6,8.1944,0.1479,1.0,71,401675.6592,-58661.1442,0.8521,63,342270.6696,6062.721406,52943.9996,6460.99,-46483.0096,71,401675.6592,2,7325.967457625945,133.5431557752585,-0.058242,,0.0,0.105217,-2.32,-3.462,-0.009726,-0.011056,0.0395,0.0634,-0.147613,-0.013876,0.0921,0.806895,0.125606,0.117552
2020-01-05 00:00:00+00:00,3,2.8515,0.1414,1.0,61,264349.7376,-55900.7233,0.8586,55,226959.7576,2658.556575,27682.0,9707.98,-17974.02,61,264349.7376,3,7427.406757276657,135.93778346914007,0.001272,,0.0,0.106899,0.016,-2.4755,-0.002341,0.004539,-0.0418,-0.3362,-0.076532,-0.007118,-1.1607,0.77181,-0.035084,-0.023257
2020-01-06 00:00:00+00:00,9,3.4825,0.1204,1.0,114,717664.5384,-57872.8797,0.8796,100,631263.4993,12803.745477,67126.0002,19275.0389,-47850.9613,114,717664.5384,5,7519.060464666178,139.96956878012392,0.070774,,0.0,0.114864,2.0406,-1.2176,-0.007772,-0.018948,0.0701,0.3191,-0.14478,-0.014431,0.0513,0.799676,0.027866,0.118387
2020-01-07 00:00:00+00:00,7,6.8507,0.1572,1.0,94,449397.0155,-27389.6269,0.8428,85,378741.0391,3539.933129,61655.9914,8999.985,-52656.0064,94,449397.0155,2,7890.595361840727,142.47857427206915,0.021335,,0.0,0.140681,-0.935,-1.5861,-0.010302,-0.006698,0.0496,0.7656,-0.175195,-0.020784,0.2191,0.746976,-0.052701,-0.059919
2020-01-08 00:00:00+00:00,14,3.9043,0.3149,1.0,114,827868.9218,-47733.0182,0.6851,89,567141.4147,13639.13167,207564.6479,53162.8592,-154401.7887,114,827868.9218,11,8219.442677281198,142.31847032947627,0.037204,,0.0,0.207311,1.4879,0.7187,-0.064167,0.024354,-0.0917,-0.1127,-0.391129,-0.073583,0.9313,0.797408,0.050432,0.025597
2020-01-09 00:00:00+00:00,10,2.619,0.2118,1.0,95,486159.7209,-55433.2353,0.7882,80,383206.1901,6953.261025,74505.3207,28448.2101,-46057.1106,95,486159.7209,5,7904.341714982373,138.32667307322598,-0.081678,,0.0,0.165271,-0.8234,0.8243,-0.013694,-0.001273,-0.1181,-1.2415,-0.141477,-0.020944,0.2726,0.777149,-0.020258,-0.022527
2020-01-10 00:00:00+00:00,9,3.303,0.1787,1.0,105,433480.3206,-58125.1331,0.8213,89,356027.3752,3947.2284,59452.9904,17999.955,-41453.0354,105,433480.3206,7,7875.57822311692,138.84032734923423,0.058509,,0.0,0.132747,1.5897,1.0559,-0.00555,-0.005516,0.1412,0.0938,-0.131781,-0.014783,0.0881,0.7322,-0.044949,-0.014776
2020-01-11 00:00:00+00:00,4,1.1281,0.1679,1.0,92,468959.4305,-52161.7248,0.8321,85,390244.5826,3929.70855,41726.9997,36987.8482,-4739.1515,92,468959.4305,3,8098.979797185974,143.6959432961279,-0.071137,,0.0,0.117975,-0.6473,2.7285,0.021728,0.004982,-0.0392,-0.2985,0.14083,0.014558,-0.5321,0.782025,0.049825,-0.015382
2020-01-12 00:00:00+00:00,5,3.3064,0.1215,1.0,73,376868.1715,-53096.4335,0.8785,63,331091.2307,6689.518667,35146.9608,10629.98,-24516.9808,73,376868.1715,5,8099.929328256266,143.9265447182128,-0.013396,,0.0,0.092445,0.1812,2.8937,-0.01065,-0.000933,0.1115,0.7654,-0.174915,-0.014232,-0.6113,0.782925,0.0009,0.005776
2020-01-13 00:00:00+00:00,4,1.7576,0.1562,1.0,94,394622.1181,-48679.8926,0.8438,85,332977.4935,3496.172639,39289.8995,22354.7251,-16935.1744,94,394622.1181,5,8098.139363586611,143.38859135305543,0.069418,,0.0,0.101372,-0.8993,-0.0462,0.009645,-0.002709,-0.2248,-1.4014,0.056378,0.004907,-0.2647,0.769669,-0.013256,0.037469
2020-01-14 00:00:00+00:00,12,2.3715,0.2033,1.0,161,778231.2726,-50353.9169,0.7967,138,619985.5002,3098.190219,111309.9746,46935.7979,-64374.1767,161,778231.2726,11,8534.707036692076,153.47143547916951,0.054517,,0.0,0.160995,1.0887,1.9776,-0.003895,0.030599,0.0692,-0.721,-0.067376,-0.009324,1.649,0.7604,-0.009269,-0.021625
2020-01-15 00:00:00+00:00,8,1.2903,0.185,1.0,119,766390.7758,-30864.5809,0.815,103,624572.2562,6001.664546,79897.4782,61921.0415,-17976.4367,119,766390.7758,8,8742.265460196133,164.64303735026263,0.044356,,0.0,0.159673,-0.4617,0.028,0.007698,-0.01559,0.0277,-0.4412,0.028988,0.004015,0.6543,0.767843,0.007442,-0.015082
2020-01-16 00:00:00+00:00,10,1.9909,0.1581,1.0,100,767234.6632,-30025.6572,0.8419,81,645946.4894,10428.080703,80736.4094,40551.7645,-40184.6449,100,767234.6632,9,8682.352485577683,162.1915061263737,-0.063748,,0.0,0.152122,-2.0121,-1.1607,-0.022862,-0.004546,-0.1068,-1.4519,-0.200343,-0.028044,1.2128,0.821313,0.053471,0.051645
2020-01-17 00:00:00+00:00,8,1.529,0.2094,1.0,123,543529.1072,-27505.4579,0.7906,106,429693.2591,3815.2754,68823.744,45012.1041,-23811.6399,123,543529.1072,9,8832.424179696185,168.32204665818173,0.012761,,0.0,0.154146,1.402,-1.3484,0.00802,-0.000107,0.1918,0.3752,1.3e-05,2e-06,0.9635,0.761112,-0.060201,0.000712
2020-01-18 00:00:00+00:00,7,3.7075,0.1022,1.0,90,696060.2476,-32675.01,0.8978,77,624902.2811,17484.529853,56041.9915,15115.975,-40926.0165,90,696060.2476,6,8882.144646508428,171.86739820622583,-0.055065,,0.0,0.101097,-0.1299,-0.8311,0.008947,-0.001539,-0.0754,-0.3447,0.020107,0.00172,0.5372,0.807224,0.046112,0.039382
2020-01-19 00:00:00+00:00,7,1.8413,0.1846,1.0,97,337303.1223,-31807.0254,0.8154,83,275020.6929,2419.738772,40361.759,21920.6704,-18441.0886,97,337303.1223,7,8851.683787108945,170.10816766289926,-0.012074,,0.0,0.117718,-0.17,-1.1822,0.011091,0.008098,0.0446,0.0768,0.025089,0.002518,0.4813,0.767977,-0.039247,-0.053336
2020-01-20 00:00:00+00:00,6,4.1773,0.1578,1.0,80,295661.5063,-33477.8541,0.8422,70,249008.5735,4319.829924,37641.9541,9010.9787,-28630.9754,80,295661.5063,4,8649.364543150075,165.54618511233895,0.013217,,0.0,0.119076,-1.0104,-1.2933,-0.009862,0.013061,-0.0571,-0.4564,-0.139813,-0.014136,0.4687,0.750916,-0.017062,-0.010196
2020-01-21 00:00:00+00:00,8,1.4839,0.2958,1.0,81,296742.9604,-26724.5018,0.7042,64,208958.2699,2819.395505,52442.7005,35341.99,-17100.7105,81,296742.9604,9,8641.617679866617,167.26955977768537,-0.001038,,0.0,0.173595,-0.0159,-2.3979,0.00638,-0.020772,-0.1517,-1.8715,0.006394,0.000996,-0.1527,0.752021,0.001105,-0.055203
2020-01-22 00:00:00+00:00,5,1.756,0.1954,1.0,73,291495.8476,-26389.02,0.8046,62,234526.0138,6152.931234,36298.9488,20670.885,-15628.0638,73,291495.8476,6,8676.791199317622,168.14110869987763,-0.06277,,0.0,0.126291,-0.6929,-2.6291,0.009589,-0.003955,0.0089,-1.7464,0.020929,0.002266,-0.7516,0.748485,-0.003536,-0.019492
2020-01-23 00:00:00+00:00,9,2.1314,0.4094,1.0,76,385348.495,-28790.4184,0.5906,57,227605.6257,6224.750591,107368.6515,50374.2178,-56994.4338,76,385348.495,10,8464.132923055973,163.20958045121253,0.041173,,0.0,0.27619,-0.1732,-0.7902,0.032932,-0.024834,-0.0669,-2.2964,0.104958,0.027494,0.7797,0.79172,0.043234,0.040804
2020-01-24 00:00:00+00:00,8,3.6873,0.1057,1.0,67,756385.0907,-31936.1784,0.8943,55,676443.2707,20000.094303,62886.8899,17054.93,-45831.9599,67,756385.0907,4,8394.271149444074,160.6671084676382,0.064953,,0.0,0.110293,-1.6013,-3.7935,-0.007663,-0.000944,0.2625,0.1728,-0.124174,-0.01231,-0.9705,0.840402,0.048682,0.088381
2020-01-25 00:00:00+00:00,3,1.5549,0.0867,1.0,44,114930.2998,-26398.7474,0.9133,39,104966.3,1363.786614,6063.9998,3900.0,-2163.9998,44,114930.2998,2,8333.573376963986,160.02368339148788,-0.079409,,0.0,0.104032,-0.4779,-4.1415,0.025361,-0.02778,-0.2502,-2.1005,0.233909,0.020146,-1.1824,0.734019,-0.106383,-0.014467
2020-01-26 00:00:00+00:00,6,6.1956,0.2207,1.0,56,172794.0356,-27697.442,0.7793,48,134663.9949,2520.999811,32830.9957,5299.045,-27531.9507,56,172794.0356,2,8440.03489050648,162.9690290744618,0.009344,,0.0,0.152851,-0.1643,-4.1359,-0.043304,0.014014,0.2414,0.123,-0.349643,-0.046987,-0.5551,0.746853,0.012834,-0.044867
2020-01-27 00:00:00+00:00,7,1.7609,0.2268,1.0,77,362873.1858,-26846.835,0.7732,65,280589.089,3131.430905,52480.4115,29803.6852,-22676.7263,77,362873.1858,5,8714.677587095552,168.4737386269896,-0.004086,,0.0,0.178332,1.0941,-2.0314,-0.010013,0.040944,-0.2292,-1.9232,-0.099287,-0.015821,-0.6785,0.767395,0.020542,-0.073007
2020-01-28 00:00:00+00:00,7,0.9825,0.1745,1.0,97,394449.3347,-24317.1621,0.8255,81,325636.7887,3170.627299,34102.7731,34709.7729,606.9998,97,394449.3347,9,9019.078482823928,171.58735653976456,0.067749,,0.0,0.167811,-0.2678,-2.2832,0.001525,-0.010012,0.179,-0.2993,-0.01634,-0.002379,-0.465,0.769412,0.002016,0.035393
2020-01-29 00:00:00+00:00,10,2.1163,0.2578,1.0,83,413642.06,-27541.4446,0.7422,64,307009.7026,3761.513076,72415.1994,34217.158,-38198.0414,83,413642.06,9,9316.24788650569,176.03624617604828,0.011484,,0.0,0.192447,0.43,-1.1604,-0.031726,-0.000679,0.0046,-0.2384,-0.202089,-0.035164,-0.2287,0.770841,0.00143,0.023988
2020-01-30 00:00:00+00:00,10,1.8182,0.2268,1.0,110,484993.4126,-23962.4932,0.7732,92,374976.9902,3377.972848,70979.0983,39037.3242,-31941.7741,110,484993.4126,8,9370.25760385761,176.80150831547908,0.019379,,0.0,0.177488,0.6006,-0.3866,-0.010134,0.022799,0.0822,0.5191,-0.100549,-0.015915,0.0401,0.770428,-0.000413,0.003033
2020-01-31 00:00:00+00:00,14,0.7924,0.2145,1.0,108,1011216.2385,-13827.5539,0.7855,81,794353.6753,37732.129958,95874.9741,120987.5891,25112.6151,108,1011216.2385,13,9344.618665136708,180.8179408521603,0.020749,,0.0,0.184467,-0.1267,1.088,0.031654,0.002485,-0.0057,0.4566,0.158626,0.027149,-0.2968,0.823648,0.053219,0.054236
2020-02-01 00:00:00+00:00,13,23.1386,0.3557,1.0,77,475057.7661,-35656.9717,0.6443,62,306087.8422,10584.208071,161969.9239,7000.0,-154969.9239,77,475057.7661,2,9357.15668749896,181.77852238868115,-0.094965,,0.0,0.288988,-0.3008,1.2651,-0.087802,-0.002627,-0.0219,0.2477,-0.329314,-0.09102,-0.6574,0.803143,-0.020505,0.032302
2020-02-02 00:00:00+00:00,7,2.851,0.2094,1.0,90,307925.3792,-36150.4067,0.7906,79,243458.7352,2576.248773,47726.3201,16740.3239,-30985.9962,90,307925.3792,4,9366.844762332756,187.53567072919017,-0.041274,,0.0,0.145796,-0.0223,1.4071,-0.002045,0.016152,-0.0192,0.0725,-0.072709,-0.009118,-0.3657,0.736431,-0.066712,-0.033998
2020-02-03 00:00:00+00:00,9,1.2863,0.2167,1.0,99,455096.4797,-34674.8189,0.7833,82,356496.0929,4724.108915,55473.9992,43126.3877,-12347.6115,99,455096.4797,8,9326.793298063822,189.6210100694486,0.086199,,0.0,0.151067,1.6685,1.9815,0.023815,0.001369,-0.1827,-1.5789,0.140955,0.019348,1.6918,0.786645,0.050214,-0.037003
2020-02-04 00:00:00+00:00,9,1.5135,0.2569,1.0,86,766039.1227,-40504.7158,0.7431,69,569243.6543,15609.45842,118498.8734,78296.595,-40202.2784,86,766039.1227,8,9208.674883565656,187.5881565432852,0.084252,,0.0,0.187207,1.8292,4.0784,-0.001311,0.033266,-0.0451,-1.9225,-0.040211,-0.006907,-0.0202,0.826163,0.039518,0.02302
2020-02-05 00:00:00+00:00,11,1.9136,0.2506,1.0,102,463926.9265,-40255.874,0.7494,81,347664.9246,3063.155663,76359.0753,39902.9266,-36456.1486,102,463926.9265,10,9385.433058289656,195.22703673602973,0.026622,,0.0,0.15446,-0.0191,3.6293,0.011665,0.000468,0.0345,-1.6255,0.007044,0.000903,0.7784,0.741573,-0.08459,0.005142
2020-02-06 00:00:00+00:00,12,1.4788,0.2953,1.0,127,1004138.8347,-43876.4241,0.7047,102,707577.8034,20647.208378,176923.3284,119637.703,-57285.6254,127,1004138.8347,13,9677.041689949829,209.25879585969687,0.013379,,0.0,0.227521,1.0445,4.0732,0.033866,0.009856,-0.017,-1.731,0.116381,0.023836,1.1859,0.795063,0.05349,0.008419
2020-02-07 00:00:00+00:00,12,3.0594,0.1886,1.0,110,1131774.2461,-62935.6681,0.8114,81,918294.4514,26298.863509,160890.9436,52588.851,-108302.0926,110,1131774.2461,17,9772.060821348654,219.3133950762952,0.014462,,0.0,0.191065,-0.2709,3.9291,0.009247,-0.00517,-0.017,-1.8217,0.004147,0.000706,1.1215,0.812486,0.017423,-0.013677
2020-02-08 00:00:00+00:00,7,1.5896,0.2498,1.0,105,398040.536,-44030.8801,0.7502,87,298618.9508,2553.73153,61028.9966,38392.5886,-22636.408,105,398040.536,11,9796.524952377027,222.7851900313308,-0.070432,,0.0,0.160147,-1.2087,3.0211,0.006215,-0.020198,-0.0088,-1.8805,-0.015869,-0.002192,1.3364,0.750107,-0.062379,0.008534
2020-02-09 00:00:00+00:00,8,2.3046,0.3699,1.0,95,518653.8574,-50424.9297,0.6301,80,326790.549,9478.045951,133803.8258,58059.4826,-75744.3432,95,518653.8574,7,10053.434687119056,226.9752178835908,-0.06641,,0.0,0.263875,-0.5872,2.4562,0.025204,0.019542,-0.1435,-2.9415,0.077581,0.019191,1.7606,0.793654,0.043547,-0.001409
2020-02-10 00:00:00+00:00,9,1.3581,0.1614,1.0,108,654196.117,-50951.3,0.8386,88,548616.5226,6557.664876,60805.8991,44773.6952,-16032.2039,108,654196.117,11,9925.642383310853,222.80942661057037,0.009258,,0.0,0.139813,0.9779,1.7656,0.019024,-0.011871,0.2558,-0.8469,0.09574,0.011675,2.0917,0.789278,-0.004376,-0.023208
2020-02-11 00:00:00+00:00,9,2.6779,0.2479,1.0,120,402176.4689,-51706.4412,0.7521,100,302468.2324,2745.797162,72598.2515,27109.985,-45488.2665,120,402176.4689,11,9923.050069330411,225.42022198365015,0.020717,,0.0,0.161872,-0.9403,-1.0039,-0.022871,-0.013319,-0.0575,-1.2913,-0.206201,-0.029354,2.9237,0.757832,-0.031446,0.007725
2020-02-12 00:00:00+00:00,24,1.8761,0.283,1.0,168,934641.4263,-58007.9541,0.717,124,670158.9724,5068.842671,172524.5963,91957.8575,-80566.7388,168,934641.4263,20,10298.696907805588,254.4029723418915,0.123039,,0.0,0.198047,1.9226,0.9378,-0.004599,0.013914,-0.1264,-2.2326,-0.091144,-0.01532,3.4523,0.734362,-0.02347,-0.059293
2020-02-13 00:00:00+00:00,16,2.3927,0.2531,1.0,191,788764.4096,-61532.2559,0.7469,158,589115.4277,4444.311185,140802.3601,58846.6218,-81955.7383,191,788764.4096,17,10270.80954867162,267.5714581877314,-0.034724,,0.0,0.18578,0.5561,0.4495,0.019362,0.014058,0.0954,-1.4419,0.03578,0.005704,2.5342,0.736173,0.001811,-0.053105
2020-02-14 00:00:00+00:00,12,2.2018,0.2387,1.0,144,659051.1446,-54497.2471,0.7613,117,501712.1971,6526.880837,108197.9892,49140.9583,-59057.0309,144,659051.1446,15,10242.497575625055,271.52526149345687,-0.012953,,0.0,0.191528,-0.7271,-0.0067,0.014415,-0.019807,0.2349,0.3914,0.033999,0.005694,1.4567,0.760833,0.02466,0.003
2020-02-15 00:00:00+00:00,17,3.7288,0.491,1.0,140,696688.2237,-79464.0472,0.509,103,354603.7984,11626.587878,269744.217,72340.2083,-197404.0087,140,696688.2237,20,10130.91994029995,276.8863339604274,-0.077925,,0.0,0.287591,0.5254,1.7274,-0.039882,0.016575,-0.1601,-0.8563,-0.194504,-0.051227,1.032,0.745508,-0.015325,0.011146
2020-02-16 00:00:00+00:00,20,2.8652,0.3102,1.0,132,450713.6524,-78282.0827,0.6898,101,310897.7648,2501.714114,103643.2396,36172.648,-67470.5916,132,450713.6524,11,9896.655314340169,262.81748170048587,0.01654,,0.0,0.202247,-0.6565,1.6581,-0.009777,-0.014853,0.0311,-0.5965,-0.110903,-0.019266,0.7652,0.70532,-0.040188,-0.030853
2020-02-17 00:00:00+00:00,37,27.2573,0.2283,1.0,144,1034317.8133,-107331.7573,0.7717,105,798227.887,9250.129673,227734.9263,8355.0,-219379.9263,144,1034317.8133,2,9724.097241471596,253.6370257442817,0.029,,0.0,0.244112,0.2524,0.9327,-0.056393,0.01405,-0.0283,-0.801,-0.28266,-0.063234,1.6081,0.802574,0.097254,0.041741
2020-02-18 00:00:00+00:00,11,2.1044,0.2131,1.0,141,782393.4142,-109307.0413,0.7869,119,615658.1832,5607.510861,113025.2428,53709.9883,-59315.2545,141,782393.4142,11,9811.838728751987,271.4850027603938,0.001109,,0.0,0.148273,-1.1242,0.7487,-0.006101,-0.01925,0.0007,-0.7775,-0.107487,-0.013699,1.4136,0.765433,-0.03714,0.019925
2020-02-19 00:00:00+00:00,13,3.6408,0.2787,1.0,119,556284.5928,-110400.0956,0.7213,98,401254.4896,5247.25213,121624.1112,33405.992,-88218.1192,119,556284.5928,8,10070.946145619828,277.7711365979251,0.005156,,0.0,0.215543,0.4021,-0.7718,-0.006441,0.002652,0.0327,-0.5097,-0.071522,-0.013667,0.8178,0.742852,-0.022581,0.037532
2020-02-20 00:00:00+00:00,14,1.3648,0.3196,1.0,118,753389.2295,-103997.6765,0.6804,83,512639.6466,3850.18769,138944.1936,101805.3893,-37138.8043,118,753389.2295,21,9590.451836998216,257.72630833548425,-0.007405,,0.0,0.214098,0.4721,-0.8558,0.010734,0.002659,0.0203,-0.341,0.000298,5.6e-05,1.2254,0.789428,0.046576,-0.013146
2020-02-21 00:00:00+00:00,6,2.4608,0.1966,1.0,100,777446.687,-104776.8097,0.8034,83,624611.7496,16433.164103,108672.9504,44161.987,-64510.9635,100,777446.687,11,9672.063338324126,262.0472246833776,-0.043473,,0.0,0.197803,-2.9358,-3.0645,0.026352,-0.008774,-0.1528,-1.515,0.113055,0.020867,1.116,0.835421,0.045993,0.069987
2020-02-22 00:00:00+00:00,6,,0.1143,1.0,57,395627.3443,-83034.808,0.8857,51,350417.3479,16564.428514,45209.9964,0.0,-45209.9964,57,395627.3443,0,9642.193975674883,261.4391634128665,-0.080078,,0.0,0.122924,0.1749,-3.415,-0.015955,-0.033448,-0.1711,-2.7433,-0.180759,-0.020147,0.8866,0.829984,-0.005437,0.087132
2020-02-23 00:00:00+00:00,9,4.466,0.1139,1.0,90,516167.4871,-78722.4679,0.8861,78,457369.2762,11579.496256,48041.211,10757.0,-37284.211,90,516167.4871,3,9827.343098866471,268.7736433487508,-0.026209,,0.0,0.119532,2.7959,0.0374,-0.003775,0.01213,-0.0998,-3.3071,-0.067498,-0.007327,1.8557,0.827512,-0.002471,0.038084
2020-02-24 00:00:00+00:00,14,3.8089,0.2127,1.0,115,651359.4269,-58945.0701,0.7873,93,512791.9428,7922.299822,109752.8129,28814.6713,-80938.1416,115,651359.4269,8,9730.255080465207,267.4757568118853,0.112394,,0.0,0.146959,-0.914,-1.129,-0.010038,0.037727,0.2425,-1.4889,-0.138439,-0.017993,1.3286,0.808003,-0.019509,-0.027418
2020-02-25 00:00:00+00:00,12,5.9799,0.1561,1.0,116,668477.1976,-61109.5504,0.8439,100,564103.7665,5992.251742,89420.0241,14953.407,-74466.6171,116,668477.1976,4,9506.579234318762,256.8530919272376,0.049121,,0.0,0.150668,0.1166,0.1117,-0.009056,0.004719,0.1878,-0.0718,-0.123525,-0.016277,1.25,0.806323,-0.00168,-0.02366
2020-02-26 00:00:00+00:00,30,5.6626,0.2037,1.0,176,1043710.2496,-69762.4684,0.7963,137,831099.9143,4609.629337,180699.4402,31910.895,-148788.5452,176,1043710.2496,9,9078.38971595437,234.99810317242896,0.021482,,0.0,0.197051,1.4901,1.1998,-0.032018,0.014317,0.0392,0.2374,-0.245085,-0.040889,0.9573,0.744651,-0.061673,-0.082861
2020-02-27 00:00:00+00:00,21,11.7476,0.1738,1.0,158,981756.8246,-85005.4872,0.8262,133,811150.0627,7516.144526,157223.3487,13383.4133,-143839.9354,158,981756.8246,4,8809.777063321697,226.62086696681408,-0.008925,,0.0,0.200729,-0.8581,-0.1304,-0.027131,-0.034975,-0.063,-0.2415,-0.198134,-0.035142,1.7779,0.795045,0.050394,-0.012958
2020-02-28 00:00:00+00:00,17,3.0549,0.2672,1.0,117,629677.5857,-87970.5773,0.7328,91,461421.1888,5210.348537,126761.4956,41494.9014,-85266.5942,117,629677.5857,9,8702.91720210622,225.11394111886676,-0.01829,,0.0,0.167884,-0.5437,2.2618,-0.019327,0.007762,-0.0146,-0.3397,-0.167309,-0.025231,1.3082,0.79277,-0.002275,-0.013553
2020-02-29 00:00:00+00:00,4,2.6278,0.0769,1.0,87,501488.5936,-83983.9185,0.9231,77,462926.0017,27846.413441,27932.9886,10629.6033,-17303.3853,87,501488.5936,6,8690.108788142932,226.6395390906231,-0.105717,,0.0,0.079944,-1.7477,0.3392,0.007889,-0.013729,-0.0093,-0.3966,0.044008,0.003015,1.0028,0.804608,0.011838,0.059957
2020-03-01 00:00:00+00:00,10,0.7923,0.3932,1.0,77,584578.8957,-74852.0517,0.6068,59,354713.4754,12216.000542,101613.2816,128252.1386,26638.8569,77,584578.8957,8,8570.270336744414,219.9175507466399,0.009837,,0.0,0.228229,0.792,-1.6647,0.059525,0.010199,0.1017,0.3863,0.246891,0.052213,0.1992,0.806253,0.001645,0.011209
2020-03-02 00:00:00+00:00,18,1.9561,0.26,1.0,98,912402.8641,-74248.3925,0.74,72,675216.3632,15977.252445,156949.5139,80236.987,-76712.5269,98,912402.8641,8,8743.652701342507,225.2653005032108,0.027961,,0.0,0.172953,-0.3685,-1.1192,-0.007984,0.017371,-0.1717,-0.9406,-0.065909,-0.010506,1.1683,0.838951,0.032698,0.046181
2020-03-03 00:00:00+00:00,13,1.7086,0.2079,1.0,98,620023.7987,-68426.5682,0.7921,80,491149.9617,7021.428923,81293.842,47579.995,-33713.847,98,620023.7987,5,8797.009906808931,227.265401099226,0.0235,,0.0,0.166231,0.3409,-0.8949,0.009739,-0.012086,0.2041,0.6574,0.017531,0.002586,-0.1221,0.805357,-0.033594,0.000749
2020-03-04 00:00:00+00:00,7,1.8561,0.1496,1.0,96,559942.6996,-50758.4449,0.8504,87,476166.0174,5141.643248,54444.1821,29332.5,-25111.6821,96,559942.6996,2,8770.445660936231,224.59686582615012,-0.04322,,0.0,0.136143,0.9221,-1.4629,0.014207,-0.004635,-0.1107,-0.2078,0.065164,0.007795,0.9548,0.806409,0.001052,0.000156
2020-03-05 00:00:00+00:00,10,2.2084,0.2066,1.0,96,562572.2851,-36462.1658,0.7934,79,446369.634,4829.245959,79984.3165,36218.3346,-43765.9819,96,562572.2851,7,9030.405820441592,230.17265462224037,0.056241,,0.0,0.156759,0.6847,0.0799,-0.004895,-0.002687,-0.0239,-0.3972,-0.080067,-0.011414,1.6653,0.820914,0.014505,-0.018037
2020-03-06 00:00:00+00:00,7,1.1583,0.1956,1.0,101,690286.2397,-25696.6553,0.8044,86,555234.2736,7887.623664,72479.9935,62571.9727,-9908.0208,101,690286.2397,8,9084.969237820258,235.23724199562147,-0.005437,,0.0,0.141963,-0.4452,0.1783,0.015706,0.009262,0.0456,-0.0445,0.080643,0.010323,0.9757,0.826117,0.005203,0.02076
2020-03-07 00:00:00+00:00,5,4.3237,0.1555,1.0,99,427363.6388,-29150.3242,0.8445,87,360924.7063,4632.380987,53959.0,12479.9325,-41479.0675,99,427363.6388,7,9053.114771450126,242.90859661047787,-0.073679,,0.0,0.134535,-0.2316,1.6944,0.004828,-0.002284,0.0062,-0.01,-0.017138,-0.002019,0.9902,0.768825,-0.057293,-0.037585
2020-03-08 00:00:00+00:00,14,3.4852,0.2645,1.0,135,554617.1143,-44567.9329,0.7355,109,407918.2639,3243.986947,113991.6273,32707.2231,-81284.4042,135,554617.1143,12,8600.936169180619,224.35993615717825,0.083779,,0.0,0.178368,1.034,1.9364,0.019989,0.006156,0.1633,1.2536,0.005451,0.000792,0.5806,0.725669,-0.043155,-0.095245
2020-03-09 00:00:00+00:00,23,1.4342,0.2729,1.0,186,1256441.9691,-42346.348,0.7271,148,913555.4402,6124.679011,202023.9808,140862.5481,-61161.4327,186,1256441.9691,15,7913.735450226271,200.98503997903825,0.11495,,0.0,0.180644,1.9334,4.2383,0.012317,0.025308,0.0342,1.4918,0.005127,0.000782,1.4096,0.753981,0.028311,-0.072137
2020-03-10 00:00:00+00:00,14,2.4193,0.1859,1.0,121,1197691.4412,-50734.7513,0.8141,97,975006.8664,13409.515916,157558.6223,65125.9524,-92432.6699,121,1197691.4412,10,7948.314052855086,201.7584203442286,-0.058362,,0.0,0.169965,-2.6659,1.2314,0.000217,-0.000944,0.087,2.0942,-0.056286,-0.00858,0.6759,0.831921,0.07794,0.063096
2020-03-11 00:00:00+00:00,32,13.9088,0.2011,1.0,151,902840.9028,-69605.0629,0.7989,115,721281.0497,5801.767772,169381.8582,12177.995,-157203.8632,151,902840.9028,4,7857.818147602684,196.08640199484896,-0.004458,,0.0,0.15633,1.2708,1.58,-0.024783,-0.02559,-0.1329,1.0909,-0.257546,-0.03478,0.7028,0.781755,-0.050166,0.056086
2020-03-12 00:00:00+00:00,63,7.6917,0.228,1.0,325,4093481.4117,-166023.5433,0.772,245,3159985.648,17661.267439,826095.5543,107400.2093,-718695.345,325,4093481.4117,17,6807.6469907887,156.69555665033712,0.112078,,0.0,0.214975,36.6093,37.5047,-0.043366,0.037181,0.0911,1.7453,-0.293571,-0.05275,1.5495,0.770282,-0.011473,0.016301
2020-03-13 00:00:00+00:00,58,5.8375,0.2261,1.0,396,3657595.4988,-248191.7074,0.7739,320,2830613.7218,12724.551033,706033.4731,120948.3039,-585085.1692,396,3657595.4988,18,5360.918554986475,123.32135287327333,-0.006924,,0.0,0.212512,-3.8697,34.0802,-0.032497,0.009158,-0.0909,1.0639,-0.261285,-0.046475,2.6297,0.746119,-0.024163,-0.085802
2020-03-14 00:00:00+00:00,13,1.8324,0.1569,1.0,174,1217359.3064,-250285.0102,0.8431,155,1026366.8438,5578.150969,123562.3249,67430.1376,-56132.1873,174,1217359.3064,6,5426.235049018204,129.6793486186487,-0.091298,,0.0,0.13218,-32.0483,2.2635,0.01346,-0.060432,-0.1472,-0.0434,0.011004,0.001176,0.8712,0.7621,0.015981,-0.019656
2020-03-15 00:00:00+00:00,25,3.83,0.2366,1.0,159,1071570.3976,-259897.8497,0.7634,127,817996.151,5578.879213,201074.2637,52499.983,-148574.2807,159,1071570.3976,7,5319.212757798626,123.70917112326212,-0.002714,,0.0,0.178159,-1.9502,-0.7207,-0.004056,0.00773,0.0705,0.4827,-0.136248,-0.020037,0.5972,0.744846,-0.017254,-0.025437
2020-03-16 00:00:00+00:00,30,8.7188,0.2217,1.0,290,2529493.0391,-314801.0134,0.7783,250,1968581.8634,13863.406373,503197.3772,57713.7985,-445483.5787,290,2529493.0391,10,5046.848895884382,113.47625631233072,0.052069,,0.0,0.195514,12.3197,9.6656,-0.005277,0.027127,0.0548,0.9083,-0.157143,-0.025505,2.2549,0.759314,0.014468,0.013195
2020-03-17 00:00:00+00:00,13,1.2955,0.1523,1.0,171,1491435.1765,-305771.7759,0.8477,150,1264360.1397,9844.159658,128151.5221,98923.5147,-29228.0075,171,1491435.1765,8,5275.619766937599,116.49580002170327,-0.020648,,0.0,0.140619,-9.5243,2.8072,0.021638,-0.010185,-0.0767,0.3344,0.094063,0.011167,1.4735,0.79611,0.036796,0.034011
2020-03-18 00:00:00+00:00,15,3.1012,0.2191,1.0,159,1066141.6911,-300410.7747,0.7809,134,832553.5572,7724.851938,176632.4942,56955.6396,-119676.8546,159,1066141.6911,10,5281.216298990424,115.20531796498432,-0.031218,,0.0,0.161387,-1.3327,0.2038,-0.005239,-0.040836,-0.2399,-1.4499,-0.124858,-0.017137,0.6152,0.772375,-0.023735,0.027529
2020-03-19 00:00:00+00:00,53,2.0119,0.4231,1.0,213,1355457.2811,-225264.051,0.5769,138,781976.6654,7340.977501,383074.4474,190406.1683,-192668.2791,213,1355457.2811,22,5698.497864657459,125.53247856551748,0.037797,,0.0,0.259786,1.4232,-34.9823,-0.022486,0.024281,-0.1607,-2.5291,-0.138116,-0.031965,1.8175,0.755804,-0.016572,-0.003511
2020-03-20 00:00:00+00:00,39,4.0595,0.2086,1.0,201,1420660.9477,-167285.073,0.7914,152,1124265.0287,9662.913341,237814.1211,58581.7979,-179232.3232,201,1420660.9477,10,6350.960295563772,138.63042120012776,0.001508,,0.0,0.16676,-0.7238,-31.8363,-0.008113,0.007587,0.1223,-1.6005,-0.182811,-0.024509,1.5944,0.743776,-0.012027,-0.052334
2020-03-21 00:00:00+00:00,9,3.1109,0.2098,1.0,122,528348.9326,-167399.1896,0.7902,105,417477.9441,5369.097451,83900.9958,26969.9927,-56931.0031,122,528348.9326,8,6180.389283991397,131.8922400686316,-0.031592,,0.0,0.136441,-1.7104,-1.4984,-0.004169,-0.081653,-0.3132,-3.5224,-0.110113,-0.012882,1.2508,0.768099,0.024322,-0.004277
2020-03-22 00:00:00+00:00,10,2.0283,0.1972,1.0,121,598358.9871,-151897.9149,0.8028,102,480369.767,4158.586152,79027.2891,38961.9311,-40065.358,121,598358.9871,9,6152.982840818343,130.49422344993022,-0.020837,,0.0,0.149451,0.5209,0.9727,0.020764,0.03087,0.2986,-1.499,0.067228,0.008459,1.2555,0.772139,0.004041,0.016336
2020-03-23 00:00:00+00:00,36,4.4891,0.2474,1.0,153,951024.2919,-109625.3579,0.7526,105,715708.6346,9682.214505,192445.6687,42869.9887,-149575.68,153,951024.2919,12,6070.893045942482,126.94510231678072,-0.007358,,0.0,0.171141,1.2479,-10.0991,-0.017057,0.009457,0.035,-1.245,-0.172259,-0.025817,1.9808,0.786566,0.014426,0.042789
2020-03-24 00:00:00+00:00,19,2.3684,0.4089,1.0,139,2140426.9047,-156243.2844,0.5911,108,1265213.2978,32040.500467,615383.5499,259830.057,-355553.493,139,2140426.9047,12,6608.299520471155,137.09493767954908,0.008882,,0.0,0.328895,-0.6427,-1.2175,-0.007277,-0.004546,0.0189,-1.0959,-0.042128,-0.013317,1.3018,0.862084,0.075518,0.093985
2020-03-25 00:00:00+00:00,30,8.6836,0.3183,1.0,126,995210.5317,-175049.1137,0.6817,85,678476.444,17235.258975,284025.8737,32708.214,-251317.6597,126,995210.5317,11,6655.087535034642,137.02652110365324,0.002493,,0.0,0.196829,-0.0752,0.04,-0.0834,0.001087,0.1308,-0.2127,-0.513286,-0.092336,0.6752,0.808957,-0.053126,0.036818
2020-03-26 00:00:00+00:00,27,20.6794,0.1801,1.0,128,842847.7776,-167204.5019,0.8199,99,691091.7943,8597.038325,144755.9897,6999.9937,-137755.996,128,842847.7776,2,6664.32629624403,135.59424961054825,-0.010226,,0.0,0.1513,-1.4041,-2.7874,-0.031471,0.013425,-0.0674,-0.6472,-0.275517,-0.037675,1.6729,0.815678,0.00672,0.029112
2020-03-27 00:00:00+00:00,23,16.6042,0.1944,1.0,115,601605.0775,-156410.5145,0.8056,90,484642.6756,4609.605184,110318.4069,6643.995,-103674.4119,115,601605.0775,2,6690.784892386545,137.11512804524827,-0.042522,,0.0,0.142878,-0.1598,-2.2234,-0.025665,0.001932,-0.0964,-1.2656,-0.257979,-0.03312,1.0283,0.797813,-0.017864,-0.06427
2020-03-28 00:00:00+00:00,11,6.7438,0.3175,1.0,107,627500.186,-169386.3117,0.6825,89,428287.3934,6403.272219,173487.1879,25725.6047,-147761.5832,107,627500.186,7,6241.166163976643,128.93958684196792,0.00505,,0.0,0.214726,-1.1193,-1.6323,-0.009692,0.013834,0.2151,0.1728,-0.101874,-0.01996,0.7163,0.795815,-0.001999,-0.013143
2020-03-29 00:00:00+00:00,4,2.692,0.1771,1.0,69,400355.7163,-168305.4019,0.8229,61,329442.7448,5774.763152,51705.9805,19206.991,-32498.9895,69,400355.7163,4,6131.198100069112,128.79586221959218,-0.074355,,0.0,0.14233,-0.6574,-2.8106,-0.002392,0.002706,-0.0174,0.0541,-0.070535,-0.008967,-0.5431,0.79462,-0.001194,-0.021057
2020-03-30 00:00:00+00:00,28,9.1747,0.3263,1.0,129,537191.1502,-167057.1156,0.6737,95,361896.4098,4522.383986,158066.2082,17228.5322,-140837.676,129,537191.1502,6,6245.31805515835,130.592752528111,0.099303,,0.0,0.185425,1.1178,-2.9407,-0.058272,-0.010874,-0.0203,-0.0679,-0.397925,-0.065964,0.6965,0.763478,-0.031143,-0.034336
2020-03-31 00:00:00+00:00,25,7.6645,0.1352,1.0,109,936655.287,-130176.9702,0.8648,79,810035.7832,36469.266469,112005.9894,14613.5144,-97392.475,109,936655.287,5,6442.613117915687,132.63981070955074,0.020117,,0.0,0.122723,1.3731,-0.9248,-0.020161,0.021397,0.17,1.0893,-0.229723,-0.025486,0.6528,0.825761,0.062284,0.029947
2020-04-01 00:00:00+00:00,33,5.0562,0.3232,1.0,114,488546.727,-109380.5709,0.6768,72,330665.5384,4970.395962,131812.0266,26069.162,-105742.8646,114,488546.727,9,6313.107014568505,131.89536146919068,-0.002351,,0.0,0.18434,-0.4525,-1.3021,-0.044076,0.004638,-0.1213,0.2759,-0.297322,-0.04989,0.0603,0.759108,-0.066653,-0.035512
2020-04-02 00:00:00+00:00,29,8.8149,0.2441,1.0,136,725765.0255,-109854.5988,0.7559,101,548586.9657,5798.78663,159126.1256,18051.9342,-141074.1915,136,725765.0255,6,6696.06518068982,138.38882402760095,0.018713,,0.0,0.15909,1.3757,1.4776,-0.037738,0.007554,-0.0122,0.197,-0.320048,-0.044073,0.4363,0.758194,-0.000914,-0.005283
2020-04-03 00:00:00+00:00,29,1.8931,0.1811,1.0,122,910015.0733,-102313.3998,0.8189,79,745172.5204,10680.980267,107864.2858,56978.2671,-50886.0187,122,910015.0733,14,6808.334871170184,142.35169625149578,-0.001405,,0.0,0.158335,-0.6164,1.0209,-0.00512,-0.006651,-0.0449,-0.0995,-0.071297,-0.01044,0.9627,0.824018,0.065823,-0.001744
2020-04-04 00:00:00+00:00,3,0.7569,0.1338,1.0,93,453979.2675,-80003.8685,0.8662,81,393242.9028,7693.581316,26165.6143,34570.7503,8405.136,93,453979.2675,9,6760.121370312604,141.91747367025485,-0.032471,,0.0,0.084322,-2.4449,-0.3046,0.014201,-0.031486,-0.002,-0.1057,0.177181,0.013618,-0.5499,0.773729,-0.050288,0.014621
2020-04-05 00:00:00+00:00,4,1.4363,0.0553,1.0,81,364966.868,-75877.2614,0.9447,74,344794.1477,8048.273058,11892.7303,8279.99,-3612.7403,81,364966.868,3,6791.720804338925,143.247463482514,-0.013351,,0.0,0.066569,-0.2622,0.0906,-0.000845,0.009966,0.0533,0.2699,-0.032409,-0.001917,-0.4009,0.781921,0.008192,0.023727
2020-04-06 00:00:00+00:00,10,1.0377,0.1099,1.0,169,935722.0611,-56029.573,0.8901,152,832848.2289,6727.23966,52388.8447,50484.9875,-1903.8572,169,935722.0611,7,7055.17446227589,154.50802283102664,0.085036,,0.0,0.100918,3.8839,2.8566,0.00277,0.026188,-0.0594,-0.1242,0.020632,0.001771,1.7461,0.767871,-0.01405,-0.056146
2020-04-07 00:00:00+00:00,29,1.0533,0.2163,1.0,163,909129.7846,-42845.1335,0.7837,126,712471.7792,7514.765198,100879.7017,95778.3037,-5101.398,163,909129.7846,8,7301.286436674094,170.42913593223935,0.002791,,0.0,0.11807,-0.8587,0.6248,0.005659,0.013632,0.1502,0.9213,0.037767,0.003865,0.8073,0.737822,-0.03005,-0.035908
2020-04-08 00:00:00+00:00,24,12.2277,0.1613,1.0,118,545302.0764,-38404.4707,0.8387,92,457344.8609,4885.100994,81307.7205,6649.495,-74658.2255,118,545302.0764,2,7286.708561170628,169.30215774766697,-0.009238,,0.0,0.096773,-1.6291,-0.5517,-0.035263,-0.039191,-0.3905,-1.7489,-0.404323,-0.035877,2.8346,0.801746,0.063924,0.019824
2020-04-09 00:00:00+00:00,26,28.4225,0.1991,1.0,112,487527.5381,-31174.8684,0.8009,85,390462.5431,3956.080687,93765.985,3299.01,-90466.9751,112,487527.5381,1,7297.244813412904,170.58295635543584,-0.018756,,0.0,0.102784,0.396,-1.5314,-0.058456,0.030656,0.1786,-0.5116,-0.621683,-0.058332,1.0412,0.779311,-0.022434,0.01144
2020-04-10 00:00:00+00:00,75,22.6778,0.4911,1.0,152,1017765.881,-89279.2558,0.5089,73,517929.3602,5098.073745,478726.6257,21109.895,-457616.7307,152,1017765.881,4,6997.614509541826,160.46967352148732,0.006112,,0.0,0.407031,0.4285,-0.4864,-0.130613,0.020594,0.1372,0.4345,-0.313892,-0.121217,0.6321,0.794186,0.014875,0.056364
2020-04-11 00:00:00+00:00,7,2.5939,0.1991,1.0,89,266659.9796,-93844.5762,0.8009,79,213555.9452,2924.877513,38328.0704,14775.964,-23552.1064,89,266659.9796,3,6872.883005491971,158.27820381464983,-0.03555,,0.0,0.130185,-2.3866,-0.4281,-0.014957,-0.002061,-0.0414,0.1662,-0.118422,-0.014455,0.0931,0.746131,-0.048055,-0.055615
2020-04-12 00:00:00+00:00,7,2.1272,0.0836,1.0,98,280231.2484,-94534.2254,0.9164,88,256814.9737,2103.113866,15928.2797,7487.995,-8440.2847,98,280231.2484,3,6936.155485557193,159.64768716789658,-0.002149,,0.0,0.074601,-0.4242,-0.5901,-0.012344,-0.042045,-0.1375,-0.781,-0.185292,-0.012306,0.2479,0.753331,0.0072,-0.02598
2020-04-13 00:00:00+00:00,30,3.4016,0.3024,1.0,126,749152.3838,-111920.1949,0.6976,90,522610.9554,7691.087303,175073.5361,51467.8923,-123605.6438,126,749152.3838,6,6760.250854234473,154.09730813495352,0.029077,,0.0,0.174989,2.6437,-1.8304,-0.037506,0.01473,0.0207,-0.625,-0.228529,-0.038285,1.6809,0.812048,0.058717,0.017862
2020-04-14 00:00:00+00:00,32,3.3759,0.3848,1.0,107,414904.0787,-123575.7627,0.6152,69,255237.9058,3589.227334,123178.2729,36487.9,-86690.3729,107,414904.0787,6,6869.117574459188,158.269322850395,0.01242,,0.0,0.175089,-0.0047,-0.9764,-0.054736,-0.011369,-0.1026,-1.3045,-0.329113,-0.05545,2.8409,0.802929,-0.009119,0.056798
2020-04-15 00:00:00+00:00,5,0.9995,0.1119,1.0,111,404163.1967,-112908.6655,0.8881,99,358957.2527,2776.464533,22597.2445,22608.6995,11.455,111,404163.1967,7,6805.277301186522,157.99396944293355,-0.008309,,0.0,0.087606,-0.1871,0.4656,0.013953,0.000497,0.1412,-0.3299,0.163205,0.012934,1.3819,0.77328,-0.029649,0.019949
2020-04-16 00:00:00+00:00,13,1.8391,0.14,1.0,138,676850.2148,-103984.8925,0.86,115,582107.4891,5318.14621,61371.6448,33371.081,-28000.5638,138,676850.2148,10,6883.881036365682,164.5666849732378,0.021546,,0.0,0.092423,2.3085,2.3781,-0.016661,0.019779,0.1519,0.7249,-0.225528,-0.017242,1.3726,0.72977,-0.04351,-0.082278
2020-04-17 00:00:00+00:00,19,2.1756,0.1814,1.0,126,635219.8101,-44705.0559,0.8186,103,519989.6991,6600.933461,78943.993,36286.118,-42657.875,126,635219.8101,4,7057.42002578606,170.5372795634254,-0.008802,,0.0,0.132386,-1.5941,0.3555,-0.024478,-0.014425,-0.2041,-0.672,-0.196613,-0.024697,1.7493,0.805648,0.075878,0.002719
2020-04-18 00:00:00+00:00,2,0.1803,0.0623,1.0,141,515131.3736,-38157.6053,0.9377,133,483052.8824,2452.498071,4899.2216,27179.2696,22280.048,141,515131.3736,6,7139.052927555143,177.54357918286087,-0.002482,,0.0,0.056585,0.0718,2.8139,0.013181,-0.017131,-0.0539,-1.0223,0.256047,0.012309,2.0887,0.773757,-0.031891,0.000477
2020-04-19 00:00:00+00:00,8,7.1307,0.0982,1.0,112,469812.6058,-41920.2551,0.9018,102,423687.9662,3903.879094,40451.7364,5672.9031,-34778.8333,112,469812.6058,2,7165.1222990287415,182.93438954759,-0.005986,,0.0,0.074456,-0.1601,3.078,-0.014238,0.007445,0.0077,-0.9486,-0.217164,-0.014562,1.7414,0.780984,0.007227,0.051214
2020-04-20 00:00:00+00:00,6,0.609,0.0526,1.0,142,1034911.2956,-22373.1147,0.9474,129,980498.3838,12599.805632,20594.2863,33818.6255,13224.3393,142,1034911.2956,7,7060.977892116527,179.11438172145054,0.034809,,0.0,0.070706,1.4645,1.8988,0.013461,0.021499,0.0649,-0.4983,0.209076,0.012674,1.9265,0.813118,0.032134,0.00747
2020-04-21 00:00:00+00:00,11,6.2217,0.1838,1.0,143,932938.4904,-27699.2161,0.8162,126,761481.6321,15163.66261,147714.9705,23741.8879,-123973.0826,143,932938.4904,6,6868.881737003755,171.66093760576052,0.003134,,0.0,0.1191,0.2473,2.1509,-0.051625,0.000345,0.039,-0.2297,-0.466924,-0.052674,2.0435,0.811367,-0.001751,0.037609
2020-04-22 00:00:00+00:00,7,1.8544,0.4165,1.0,133,773149.6935,-41471.39,0.5835,119,451127.961,17039.482656,209207.7474,112813.985,-96393.7624,133,773149.6935,7,6979.642676457074,176.81020921780382,-0.006713,,0.0,0.217306,-0.0866,2.2514,-0.055281,0.002421,-0.0094,-0.3003,-0.261336,-0.054831,1.3396,0.812114,0.000748,0.03113
2020-04-23 00:00:00+00:00,14,1.0349,0.1772,1.0,132,525259.8652,-37699.0412,0.8228,111,432181.1817,2559.605991,47336.403,45742.2805,-1594.1225,132,525259.8652,7,7266.688891724112,185.0679590159189,0.005558,,0.0,0.105674,-0.1099,-0.1671,-0.011952,0.002615,-0.0866,-0.8795,-0.122661,-0.011885,2.3034,0.782396,-0.029718,-0.030722
2020-04-24 00:00:00+00:00,2,0.1224,0.0358,1.0,130,2100352.2709,-23201.8188,0.9642,122,2025118.0545,44951.192952,8205.7671,67028.4493,58822.6822,130,2100352.2709,6,7503.0281814777,187.4680987859078,0.000995,,0.0,0.06119,0.1909,1.6179,0.017279,-0.00958,-0.0063,-0.9181,0.298256,0.01713,2.1983,0.893814,0.111418,0.082448
2020-04-25 00:00:00+00:00,3,0.2421,0.0786,1.0,117,461895.4622,-23220.6392,0.9214,111,425597.767,4829.26895,7074.6953,29223.0,22148.3047,117,461895.4622,3,7536.834956746466,192.4116227279375,-0.018887,,0.0,0.065433,-1.3546,0.1915,0.014149,-0.018581,0.0681,-0.4329,0.245024,0.014204,1.3934,0.773475,-0.120339,-0.038639
2020-04-26 00:00:00+00:00,3,0.7623,0.0582,1.0,102,467351.2639,-17728.4184,0.9418,94,440165.8722,8512.083641,11759.3395,15426.0522,3666.7127,102,467351.2639,5,7590.85444211591,195.2679875662765,0.003104,,0.0,0.067529,0.8425,1.1942,0.014884,0.014953,0.067,0.0262,0.232473,0.013844,0.9627,0.777526,0.004051,-0.00487
2020-04-27 00:00:00+00:00,3,0.7334,0.0652,1.0,108,691225.6449,-18626.8284,0.9348,99,646134.1919,6759.67546,19077.9921,26013.4609,6935.4688,108,691225.6449,6,7701.799793181766,195.22188875046527,0.015662,,0.0,0.069064,0.3792,0.1089,0.009815,0.017464,-0.0481,-0.2985,0.141682,0.008729,2.1169,0.82363,0.046104,-0.070184
2020-04-28 00:00:00+00:00,5,3.5646,0.0859,1.0,114,336584.4416,-3235.8467,0.9141,106,307686.4507,2484.330681,22567.1009,6330.89,-16236.2109,114,336584.4416,3,7723.967248544829,195.55123708433655,-0.005806,,0.0,0.073434,-0.4511,-0.5896,-0.009227,-0.000859,-0.0211,-0.4336,-0.151806,-0.009863,1.289,0.755028,-0.068602,-0.018448
2020-04-29 00:00:00+00:00,8,0.9306,0.0933,1.0,156,741924.4604,10889.931,0.9067,141,672715.6751,5413.326508,33361.0516,35847.7337,2486.682,156,741924.4604,7,8197.255132426088,207.10980120911765,0.019151,,0.0,0.086338,4.8466,4.3436,-0.008202,0.009981,-0.0056,-0.4566,-0.095523,-0.007015,2.5241,0.759368,0.004341,-0.018158
2020-04-30 00:00:00+00:00,10,0.6455,0.0739,1.0,169,1143256.2694,13719.4174,0.9261,148,1058715.5074,21767.679472,33164.2398,51376.5222,18212.2824,169,1143256.2694,11,8881.29159556968,214.23423633691684,0.026281,,0.0,0.068313,5.4408,9.8944,0.002552,0.011981,0.0389,-0.167,0.047477,0.002689,2.3078,0.779386,0.020018,-0.044244
2020-05-01 00:00:00+00:00,3,0.2488,0.1167,1.0,114,389359.1176,9219.4595,0.8833,105,343934.3218,3975.725703,9050.9096,36373.8862,27322.9766,114,389359.1176,6,8775.448310739403,211.15270884828692,-0.029776,,0.0,0.070435,-9.87,-0.1665,0.020836,-0.021817,-0.1293,-1.0647,0.321181,0.020129,1.9199,0.78594,0.006554,0.030912
2020-05-02 00:00:00+00:00,6,2.4964,0.1348,1.0,78,363008.0607,3062.5803,0.8652,70,314058.2108,4196.613288,34949.85,14000.0,-20949.85,78,363008.0607,2,8862.217084943279,212.84090079707,-0.038034,,0.0,0.083872,-2.6665,-1.4785,-0.013825,-0.021218,-0.0759,-1.5645,-0.167727,-0.013084,1.2825,0.818747,0.032807,0.059378
2020-05-03 00:00:00+00:00,3,0.3967,0.0906,1.0,97,334414.9756,4409.167,0.9094,89,304105.8188,3378.147293,8608.1684,21700.9883,13092.8199,97,334414.9756,5,8971.433336596332,212.76618395788415,0.015852,,0.0,0.071161,1.5642,-0.7568,0.026861,-0.007535,-0.0483,-1.8509,0.416563,0.026361,1.3689,0.791631,-0.027116,0.012244
2020-05-04 00:00:00+00:00,2,0.2579,0.0621,1.0,124,414353.7088,5588.5287,0.9379,116,388604.7147,2226.235663,5278.9967,20469.9973,15191.0006,124,414353.7088,6,8772.87469254227,203.39170743378824,0.029031,,0.0,0.072142,1.5039,0.3679,0.010247,0.035899,0.203,-0.4421,0.130843,0.007729,0.6407,0.74435,-0.047281,-0.04159
2020-05-05 00:00:00+00:00,8,4.8724,0.3281,1.0,109,554537.4957,-9234.1352,0.6719,94,372567.7401,7130.41234,150982.3066,30987.4489,-119994.8577,109,554537.4957,7,8917.869865728508,205.92633558230872,-0.010573,,0.0,0.208846,1.3615,2.1805,-0.010262,-0.001209,0.0312,-0.2256,-0.070071,-0.013764,0.5026,0.793614,0.049264,-0.025133
2020-05-06 00:00:00+00:00,9,2.2783,0.1419,1.0,134,826613.9173,-16124.6048,0.8581,117,709291.338,7339.408718,81534.5922,35787.987,-45746.6052,134,826613.9173,8,9131.544794204849,206.76234257509748,0.025927,,0.0,0.120586,2.5624,-0.1038,0.000627,0.005083,-0.0043,-0.2567,-0.044402,-0.004817,1.3644,0.814768,0.021155,0.023138
2020-05-07 00:00:00+00:00,18,1.7957,0.24,1.0,146,1095629.4896,-29419.1636,0.76,123,832643.7603,11048.47394,168917.6792,94068.0501,-74849.6292,146,1095629.4896,5,9441.817523941703,206.51163425090877,0.010304,,0.0,0.184177,3.6645,-1.8801,-0.021447,0.037788,0.0671,0.202,-0.151407,-0.025328,1.435,0.805609,-0.009159,0.06126
2020-05-08 00:00:00+00:00,12,3.0436,0.1456,1.0,131,832397.345,-42075.0093,0.8544,114,711169.3972,13594.174507,91247.9458,29980.002,-61267.9438,131,832397.345,5,9899.498802952146,211.9671643995613,-0.00241,,0.0,0.137572,-1.0423,6.9476,-0.01406,-0.028697,-0.0232,0.0344,-0.157247,-0.019465,1.5664,0.808541,0.002931,0.014927
2020-05-09 00:00:00+00:00,9,2.006,0.2251,1.0,114,495265.7486,-44412.18,0.7749,98,383782.3745,2872.600551,74396.7092,37086.6649,-37310.0443,114,495265.7486,7,9732.877564625916,212.02229920421743,-0.003209,,0.0,0.143904,-3.0473,6.5669,-0.003035,-0.007534,-0.0537,-0.3584,-0.055546,-0.007347,2.5325,0.806322,-0.002219,-0.008446
2020-05-10 00:00:00+00:00,33,4.1988,0.3554,1.0,151,1067784.6255,-79641.5376,0.6446,107,688272.9832,5978.116384,306512.163,72999.4793,-233512.6837,151,1067784.6255,11,8746.787924498838,189.51316121590787,0.002721,,0.0,0.232618,6.7053,11.7079,-0.024501,0.008719,0.0064,-0.3075,-0.152548,-0.03239,1.805,0.809976,0.003654,0.004366
2020-05-11 00:00:00+00:00,13,2.0816,0.188,1.0,134,859787.876,-89918.4546,0.812,114,698110.632,10681.530794,109212.3312,52464.9128,-56747.4183,134,859787.876,7,8708.65327492438,187.18570609942245,0.000871,,0.0,0.152946,-2.5657,7.6382,0.002412,0.008514,0.03,-0.097,-0.040054,-0.005521,1.5278,0.806245,-0.003731,-0.002296
2020-05-12 00:00:00+00:00,15,1.0597,0.2543,1.0,106,780113.882,-73598.3027,0.7457,83,581760.1072,7268.383236,102053.7847,96299.99,-5753.7947,106,780113.882,8,8761.13528806653,189.12502225023243,-0.004233,,0.0,0.180854,3.7989,10.0756,0.018098,-0.02932,0.1145,0.6946,0.077261,0.013082,1.3307,0.842364,0.036119,0.036042
2020-05-13 00:00:00+00:00,9,1.6516,0.1808,1.0,160,960131.4542,-73155.1895,0.8192,143,786586.6669,4899.117248,108094.7998,65449.9875,-42644.8123,160,960131.4542,8,9016.729174502552,193.26460473584476,0.005247,,0.0,0.14248,5.8401,13.3534,0.001124,0.000406,0.1448,1.6718,-0.022723,-0.003007,1.4984,0.825554,-0.01681,0.015579
2020-05-14 00:00:00+00:00,13,1.3435,0.2708,1.0,173,790185.4338,-66943.6085,0.7292,144,576182.4012,5034.879741,122685.7977,91317.235,-31368.5627,173,790185.4338,16,9539.851872424324,200.65125316717936,-0.022659,,0.0,0.15483,7.2509,16.9398,0.004749,0.020169,-0.1573,0.5838,0.002025,0.000285,1.1477,0.789414,-0.036141,-0.016831
2020-05-15 00:00:00+00:00,6,1.216,0.1272,1.0,140,657487.8733,-59355.5246,0.8728,128,573849.2307,5549.669677,45894.9994,37743.6432,-8151.3562,140,657487.8733,6,9531.336095608522,199.02479323616228,-0.004754,,0.0,0.098445,-8.4652,9.5168,0.013287,-0.021525,0.0471,0.9013,0.096038,0.00821,2.2601,0.806279,0.016866,-0.036085
2020-05-16 00:00:00+00:00,5,1.5618,0.1933,1.0,107,377078.4765,-56309.0275,0.8067,95,304191.4999,4051.119435,44435.7706,28451.206,-15984.5646,107,377078.4765,7,9403.330728515632,199.779147232175,0.02467,,0.0,0.12113,-5.1961,7.3681,0.006736,-0.02604,0.0183,1.0154,0.030831,0.003381,2.4144,0.781074,-0.025205,-0.04448
2020-05-17 00:00:00+00:00,8,2.7974,0.1922,1.0,150,434215.4192,-28592.8005,0.8078,133,350764.745,3986.686432,61474.8844,21975.7898,-39499.0947,150,434215.4192,9,9601.190247897195,204.08004563418112,0.003042,,0.0,0.126703,0.2261,0.8889,-0.005407,0.037007,-0.1157,0.2089,-0.086864,-0.009912,1.0637,0.734525,-0.046549,-0.054889
2020-05-18 00:00:00+00:00,9,1.9093,0.1854,1.0,169,800608.2916,-27112.8286,0.8146,150,652191.6807,4766.685408,97402.1132,51014.4977,-46387.6154,169,800608.2916,10,9698.695069339195,212.4101300716213,0.001363,,0.0,0.14172,11.198,14.6526,-0.006377,0.018248,-0.008,0.1523,-0.092191,-0.011896,1.1334,0.792939,0.058414,-0.01334
2020-05-19 00:00:00+00:00,7,1.5678,0.2365,1.0,125,547023.9311,-30378.298,0.7635,104,417627.6136,5912.264458,79004.1988,50392.1187,-28612.0801,125,547023.9311,14,9662.348425013291,212.31625251337016,0.002164,,0.0,0.140929,-3.1269,7.7268,0.010365,-0.012919,-0.1018,-0.5456,0.042736,0.005495,1.0661,0.78263,-0.010309,0.001556
2020-05-20 00:00:00+00:00,13,1.4467,0.2708,1.0,128,596286.2878,-28498.0923,0.7292,101,434785.0614,4683.521049,95492.2994,66008.927,-29483.3724,128,596286.2878,14,9670.633639205802,212.0639800424292,0.00077,,0.0,0.157746,2.5801,4.4667,-0.002733,0.004364,0.071,-0.0469,-0.064047,-0.009161,0.6524,0.775082,-0.007548,0.040557
2020-05-21 00:00:00+00:00,11,1.5736,0.2645,1.0,144,701968.0639,-29928.3249,0.7355,119,516308.28,3964.498618,113519.9875,72139.7964,-41380.1912,144,701968.0639,14,9301.012126452157,204.5978246754596,-0.005223,,0.0,0.165774,11.1627,8.3785,0.00441,0.007125,0.0053,-0.0168,-0.012386,-0.001883,1.898,0.79804,0.022958,0.005101
2020-05-22 00:00:00+00:00,9,1.5776,0.1658,1.0,141,735398.9184,-32668.1312,0.8342,124,613439.0737,5909.969146,74644.9224,47314.9223,-27330.0002,141,735398.9184,8,9122.226186194148,202.7136640357148,0.007878,,0.0,0.130954,-10.8414,6.0024,0.006081,0.0021,0.0614,0.3935,0.003154,0.000374,1.8955,0.806296,0.008256,0.023667
2020-05-23 00:00:00+00:00,7,3.8183,0.0813,1.0,113,799423.3856,-35817.8044,0.9187,101,734401.6785,17092.592179,51526.992,13494.7151,-38032.2769,113,799423.3856,5,9201.460122052018,207.67436117802276,0.002978,,0.0,0.086871,-13.3308,-2.1323,-0.005669,-0.024307,-0.1146,-0.4598,-0.110669,-0.008755,1.4969,0.827698,0.021401,0.052616
2020-05-24 00:00:00+00:00,3,0.3927,0.2176,1.0,112,451985.5532,-24047.0144,0.7824,102,353621.1176,5714.890505,27734.0,70630.4356,42896.4356,112,451985.5532,7,9126.429839747898,207.12220371397325,-0.002136,,0.0,0.141205,7.1092,4.7508,0.050463,-0.001537,0.1172,0.3906,0.360352,0.046564,0.8898,0.779229,-0.048469,-0.018812
2020-05-25 00:00:00+00:00,7,2.1272,0.1685,1.0,118,575052.7422,-22409.3577,0.8315,104,478163.3197,5545.036043,65906.7207,30982.7019,-34924.0189,118,575052.7422,7,8811.38779928566,202.82965576451912,0.001233,,0.0,0.128962,8.7565,2.3094,-0.002159,0.031823,0.0395,0.6791,-0.050351,-0.005959,1.6646,0.794905,0.015676,-0.011392
2020-05-26 00:00:00+00:00,10,0.6379,0.241,1.0,129,791671.1445,-12294.6591,0.759,106,600843.3692,10199.571966,74318.4824,116509.2928,42190.8104,129,791671.1445,13,8856.350997032538,202.0422906849421,-0.001454,,0.0,0.158471,-0.7939,4.6424,0.047524,-0.02,-0.0245,0.5023,0.29181,0.042936,1.4662,0.817948,0.023043,-0.00975
2020-05-27 00:00:00+00:00,12,3.6512,0.1456,1.0,146,494176.7185,-13941.2571,0.8544,128,422230.2982,4319.383591,56477.9893,15468.431,-41009.5584,146,494176.7185,6,9009.283171529456,204.31610216833005,-0.004789,,0.0,0.127637,2.1873,4.2496,-0.007702,-0.008528,-0.0424,0.1902,-0.117561,-0.013224,1.5816,0.749146,-0.068801,-0.030082
2020-05-28 00:00:00+00:00,14,1.6792,0.2481,1.0,167,774987.8739,-14993.4854,0.7519,139,582694.632,7396.115171,120519.5157,71773.7262,-48745.7895,167,774987.8739,14,9296.109038579429,209.69362353599956,0.006912,,0.0,0.159592,-1.173,-8.0861,-0.004848,0.004261,-0.0181,0.058,-0.061342,-0.009045,1.7795,0.784714,0.035568,-0.010191
2020-05-29 00:00:00+00:00,14,3.2597,0.2062,1.0,154,985098.8588,-26480.261,0.7938,127,782007.5135,9441.915632,155414.3873,47676.958,-107737.4293,154,985098.8588,13,9449.904055575513,220.33583830193376,-0.004672,,0.0,0.125481,-1.8273,0.9279,-0.02384,0.000902,-0.1295,-0.885,-0.235182,-0.027129,2.3219,0.812829,0.028115,-0.005119
2020-05-30 00:00:00+00:00,22,2.0485,0.2782,1.0,184,1000971.3814,-34730.4155,0.7218,152,722474.0802,8627.612824,187140.3299,91356.9712,-95783.3587,184,1000971.3814,10,9497.59734642399,231.96941264566428,-0.000906,,0.0,0.17145,-1.851,12.4077,-0.010627,0.005288,0.0144,-0.7613,-0.09352,-0.014819,1.7932,0.785061,-0.027768,0.035915
2020-05-31 00:00:00+00:00,8,0.9156,0.187,1.0,140,1048922.7106,-39624.3609,0.813,117,852819.8941,23958.502327,93731.9991,102370.8174,8638.8183,140,1048922.7106,15,9545.273048983208,237.64530829012347,0.004702,,0.0,0.143587,-6.4584,-1.1598,0.034836,0.001269,0.0412,-0.4564,0.230874,0.030492,0.7926,0.82366,0.038598,0.038945
2020-06-01 00:00:00+00:00,10,1.5777,0.2153,1.0,144,851972.5735,-40508.1462,0.7847,122,668545.5171,12209.794251,112268.7864,71158.27,-41110.5164,144,851972.5735,12,9552.449398660869,238.11157637935264,-0.016845,,0.0,0.142879,5.0708,-4.8455,0.001673,0.01522,0.0285,-0.2328,-0.021947,-0.002833,1.2706,0.802446,-0.021213,-0.010383
2020-06-02 00:00:00+00:00,15,1.1927,0.1106,1.0,165,1844424.7118,-49095.1027,0.8894,136,1640503.044,39612.526845,110919.7765,93001.8913,-17917.8852,165,1844424.7118,14,9873.9937389743,243.69409937510304,0.010891,,0.0,0.104923,2.7942,-1.2574,0.016298,0.002769,-0.0942,-0.914,0.127069,0.012014,2.8943,0.851925,0.049479,0.066864
2020-06-03 00:00:00+00:00,14,2.2974,0.2286,1.0,123,525327.8494,-49986.5262,0.7714,100,405238.7301,3694.117814,83669.321,36419.7983,-47249.5227,123,525327.8494,9,9551.17001889415,238.6457406525032,0.001916,,0.0,0.140633,-6.1517,-9.5963,-0.0009,-0.01262,0.024,-0.7245,-0.04398,-0.005613,1.5555,0.772602,-0.079323,-0.051057
2020-06-04 00:00:00+00:00,9,1.356,0.2128,1.0,144,532594.9465,-45468.9374,0.7872,121,419283.7308,6919.786081,65216.9418,48094.2739,-17122.6679,144,532594.9465,14,9688.399557722236,243.20019659415672,0.005997,,0.0,0.13768,3.1187,-5.3046,0.016469,-0.007165,-0.0115,-0.7929,0.087678,0.010843,1.946,0.759488,-0.013114,-0.042958
2020-06-05 00:00:00+00:00,10,7.3137,0.3715,1.0,137,802723.9597,-62434.2681,0.6285,118,504482.1461,16807.738511,262368.2789,35873.5347,-226494.7442,137,802723.9597,9,9740.231136934684,242.8896619348179,0.001347,,0.0,0.206188,-0.7789,-4.2562,-0.099976,-0.001222,0.0594,-0.3457,-0.532539,-0.103662,1.2796,0.785038,0.02555,-0.066887
2020-06-06 00:00:00+00:00,5,2.7128,0.2356,1.0,92,251750.417,-52659.9127,0.7644,81,192436.4837,2851.805077,43338.4021,15975.5312,-27362.8709,92,251750.417,6,9639.036191877629,241.2767507274428,0.001497,,0.0,0.121452,1.5734,-0.8319,0.001651,0.051073,0.2442,1.4671,-0.021592,-0.002369,0.9818,0.754577,-0.030461,-0.018025
2020-06-07 00:00:00+00:00,5,2.0974,0.2056,1.0,112,317251.8713,-57196.0326,0.7944,97,252013.8962,2905.069673,44175.9981,21061.977,-23114.0211,112,317251.8713,10,9622.2358131277,240.58455109150236,-0.010569,,0.0,0.12626,7.7408,13.3673,0.022417,0.026017,0.1242,2.3658,0.155469,0.017518,0.9216,0.761396,0.006819,0.001908
2020-06-08 00:00:00+00:00,9,1.3278,0.1682,1.0,110,583705.1035,-53298.2586,0.8318,91,485533.0502,8196.111298,55999.0758,42172.9774,-13826.0984,110,583705.1035,10,9715.08046385373,243.2118125139901,-0.002995,,0.0,0.116646,0.7598,9.0563,0.00806,-0.045541,-0.3549,-0.2217,0.037303,0.00392,1.6071,0.803009,0.041613,0.017972
2020-06-09 00:00:00+00:00,9,0.5444,0.3894,1.0,129,623861.8575,-40501.536,0.6106,92,380952.6926,6827.643295,85624.996,157284.169,71659.173,129,623861.8575,28,9713.746943629554,243.5199958955005,0.006382,,0.0,0.207582,-4.2807,1.9814,0.068067,-0.000353,-0.0654,-0.7073,0.329183,0.063677,1.1327,0.776267,-0.026743,0.02169
2020-06-10 00:00:00+00:00,7,2.4258,0.0988,1.0,128,778074.7555,-38323.2295,0.9012,115,701183.5286,8833.533803,54446.3019,22444.9251,-32001.3768,128,778074.7555,6,9778.904042302183,244.32027356858268,0.003479,,0.0,0.098927,2.4474,10.5805,0.005311,0.000129,0.1464,0.477,0.006651,0.000568,0.6764,0.802383,0.026116,0.040986
2020-06-11 00:00:00+00:00,13,3.3199,0.133,1.0,175,900507.1088,-45066.4814,0.867,153,780725.3355,9079.684525,92053.6023,27728.171,-64325.4313,175,900507.1088,9,9662.713279777585,242.12860183223836,0.001007,,0.0,0.111727,-1.7144,5.7474,-0.011346,-0.001892,-0.0464,0.1245,-0.190556,-0.018253,1.2863,0.790103,-0.01228,-0.012906
2020-06-12 00:00:00+00:00,10,1.0854,0.2551,1.0,124,574835.6351,-13568.3138,0.7449,103,428198.2978,5428.276119,76322.4543,70314.883,-6007.5713,124,574835.6351,11,9418.13854766924,235.40186315442236,-0.007473,,0.0,0.153573,-2.8695,3.6568,0.028595,0.012899,-0.2092,-1.5672,0.170881,0.02412,1.0707,0.783324,-0.006779,0.007057
2020-06-13 00:00:00+00:00,3,2.5898,0.1484,1.0,97,260776.7143,-12108.3038,0.8516,89,222067.5151,3571.539986,27926.0,10783.1992,-17142.8008,97,260776.7143,5,9434.245305852224,236.8036677214945,0.000297,,0.0,0.109436,-6.1622,-4.0788,0.005122,-0.018697,-0.0075,-1.5903,0.018248,0.001756,0.4268,0.722267,-0.061058,-0.080116
2020-06-14 00:00:00+00:00,3,1.4153,0.1678,1.0,92,294977.3535,-10022.3111,0.8322,79,245471.2665,5781.090272,29009.0796,20497.0074,-8512.0721,92,294977.3535,10,9418.34855505146,235.8351687929029,0.006232,,0.0,0.104394,-6.003,-17.8227,0.011907,-0.012866,0.0377,-1.2613,0.081991,0.007452,-0.3202,0.74526,0.022994,-0.044843
2020-06-15 00:00:00+00:00,11,1.4784,0.1741,1.0,151,993476.0052,-12816.3593,0.8259,136,820533.5755,10311.194368,103163.4327,69778.997,-33384.4357,151,993476.0052,4,9252.280597649651,227.096045433333,-0.000964,,0.0,0.126414,18.3035,-0.279,0.014689,0.019399,0.0963,-0.4479,0.081518,0.009348,0.9185,0.82353,0.078269,0.040205
2020-06-16 00:00:00+00:00,5,0.9648,0.1793,1.0,127,490506.3709,-22828.543,0.8207,109,402542.49,4365.546841,43194.9969,44768.884,1573.8872,127,490506.3709,13,9489.302753265669,233.0712647256552,0.002697,,0.0,0.119942,-1.2352,2.7665,0.014575,0.010824,0.0042,-0.4159,0.086079,0.009105,0.6234,0.773281,-0.050249,0.051014
2020-06-17 00:00:00+00:00,5,2.1956,0.107,1.0,117,554559.8549,-21428.0194,0.893,106,495229.573,6941.980151,40763.9969,18566.285,-22197.7119,117,554559.8549,6,9449.665662747106,232.9709173482228,0.001209,,0.0,0.096482,1.4943,1.8134,0.00842,-0.012915,-0.0258,-0.6607,0.047743,0.003964,0.8236,0.796331,0.02305,0.051071
2020-06-18 00:00:00+00:00,9,2.2923,0.1699,1.0,150,739707.699,-19286.603,0.8301,133,614017.2329,6655.31672,87512.9911,38177.475,-49335.5161,150,739707.699,8,9419.393111792286,232.44602890641428,-0.002804,,0.0,0.119661,-3.2817,0.2461,-0.002851,0.019173,-0.0972,-1.476,-0.063401,-0.006893,0.881,0.815043,0.018712,-0.008486
2020-06-19 00:00:00+00:00,9,2.513,0.1302,1.0,140,840765.1075,-25164.3,0.8698,124,731285.7549,7313.324437,78315.4017,31163.951,-47151.4507,140,840765.1075,7,9343.02657915056,229.4584294620104,0.005459,,0.0,0.103278,1.4858,4.6013,0.000444,-0.000351,0.1593,-0.1773,-0.05037,-0.004655,0.8277,0.816452,0.001409,0.043172
2020-06-20 00:00:00+00:00,3,2.1713,0.1197,1.0,110,350335.9434,-24928.3886,0.8803,100,308393.3647,4065.834909,28717.0,13225.5788,-15491.4212,110,350335.9434,7,9309.252169162191,228.65395074264413,-0.007323,,0.0,0.090337,-10.0563,0.7072,0.014429,-0.001021,-0.0441,-0.5955,0.130168,0.010193,0.6558,0.739719,-0.076733,-0.056612
2020-06-21 00:00:00+00:00,4,1.4912,0.0626,1.0,101,772957.177,-25075.7874,0.9374,90,724551.8402,17439.217201,28974.6,19430.7368,-9543.8632,101,772957.177,7,9359.266679193504,229.8001027045245,0.002651,,0.0,0.065397,-2.0561,4.6542,0.006692,0.008794,0.2206,1.4163,0.065271,0.003706,0.2802,0.825029,0.08531,0.009986
2020-06-22 00:00:00+00:00,13,5.6126,0.355,1.0,183,984270.3202,-55123.7209,0.645,156,634874.3835,15160.537825,296557.9535,52837.9832,-243719.9702,183,984270.3202,14,9477.938969407482,237.58082307241352,-0.00384,,0.0,0.280828,12.8092,-0.8401,-0.008501,0.024473,0.0265,1.6149,-0.050752,-0.013544,1.5978,0.78809,-0.03694,-0.028363
2020-06-23 00:00:00+00:00,8,2.9172,0.0778,1.0,157,1187512.0555,-61808.2706,0.9222,143,1095123.5906,12407.001613,68803.213,23585.2519,-45217.9611,157,1187512.0555,6,9637.541678621716,242.94859775263757,0.001195,,0.0,0.083631,6.2269,6.622,-0.004882,0.012195,-0.0295,1.3224,-0.120706,-0.008928,2.1251,0.837591,0.049501,0.097871
2020-06-24 00:00:00+00:00,17,6.1289,0.0812,1.0,170,2752861.7353,-81623.5861,0.9188,143,2529212.8228,85449.74569,192276.9165,31371.996,-160904.9205,170,2752861.7353,10,9457.07281807397,239.9260192419784,0.003367,,0.0,0.10125,-0.5513,4.5763,-0.01258,-0.055267,0.0085,1.3664,-0.180001,-0.016688,1.2928,0.879464,0.041873,0.054434
2020-06-25 00:00:00+00:00,7,1.3022,0.0621,1.0,199,2003255.19,-76908.4642,0.9379,190,1878840.9524,24452.326571,70371.95,54042.2876,-16329.6624,199,2003255.19,2,9246.559027212632,233.0552695804596,-0.002823,,0.0,0.047124,-2.6773,5.1808,0.010328,-0.010215,-0.0535,0.8684,0.150224,0.005738,0.6647,0.788113,-0.091351,2.3e-05
2020-06-26 00:00:00+00:00,6,1.1715,0.0466,1.0,142,1677589.5245,-71054.647,0.9534,124,1599405.3043,21684.461928,42179.4752,36004.745,-6174.7302,142,1677589.5245,12,9203.253210321447,230.9891212043604,0.005279,,0.0,0.059239,-5.6721,-1.9771,0.016025,0.009472,-0.0837,0.1252,0.238909,0.012406,1.8193,0.864246,0.076133,0.026655
2020-06-27 00:00:00+00:00,5,2.5601,0.1279,1.0,135,706062.6815,-74497.0552,0.8721,120,615724.9606,4938.395565,64963.0,25374.7209,-39588.2791,135,706062.6815,10,9123.552172052505,227.41094173897463,-0.00197,,0.0,0.105635,-2.1697,5.9096,0.011631,-0.003821,0.0439,0.5214,0.051704,0.004893,0.7983,0.799168,-0.065078,-0.080296
2020-06-28 00:00:00+00:00,5,1.341,0.1575,1.0,118,395436.9531,-74429.7723,0.8425,104,333148.7508,3868.046314,35680.5424,26607.6599,-9072.8825,118,395436.9531,9,9069.844369693412,222.84062791618527,-0.001117,,0.0,0.114016,-0.9777,6.988,0.026198,-0.013986,-0.1386,-0.7119,0.220837,0.02186,1.3499,0.760883,-0.038285,-0.027229
2020-06-29 00:00:00+00:00,9,2.3955,0.178,1.0,139,471375.4295,-44538.238,0.822,118,387480.7536,3606.981728,59186.953,24707.7229,-34479.2301,139,471375.4295,12,9126.839096246951,224.87716218670167,0.001324,,0.0,0.125823,4.7642,-1.057,0.011364,-0.011416,-0.1923,-2.3675,0.061415,0.00701,2.6997,0.782008,0.021125,-0.082238
2020-06-30 00:00:00+00:00,5,2.5582,0.0644,1.0,126,989004.8285,-42065.7449,0.9356,114,925270.0307,26890.971687,45822.6537,17912.1441,-27910.5096,126,989004.8285,7,9155.076229320144,226.3663934182105,-0.002834,,0.0,0.074963,14.032,6.7481,0.00368,0.021721,0.2351,-0.2627,0.018241,0.001205,2.3316,0.824725,0.042717,0.025557
2020-07-01 00:00:00+00:00,9,4.4464,0.1916,1.0,150,660288.8093,-30517.2218,0.8084,134,533760.079,5645.351446,103296.9944,23231.7359,-80065.2585,150,660288.8093,7,9185.041556561458,228.02850529487668,0.005514,,0.0,0.158166,-6.6462,0.6533,0.001588,0.004198,-0.0729,-0.8944,-0.020082,-0.002922,2.3469,0.780893,-0.043831,0.02001
2020-07-02 00:00:00+00:00,12,3.5548,0.1593,1.0,153,598142.8276,-35821.3463,0.8407,132,502835.1858,4720.566145,74383.0879,20924.5539,-53458.534,153,598142.8276,9,9175.229744193706,228.6087596781992,-0.009389,,0.0,0.115274,-3.6269,-0.2963,0.000105,0.004397,0.0256,-0.652,-0.056229,-0.00566,1.9079,0.770375,-0.010519,-0.011633
2020-07-03 00:00:00+00:00,8,1.1782,0.158,1.0,158,710180.4027,-36249.9503,0.842,148,598005.45,5745.399168,60674.9557,51499.997,-9174.9587,158,710180.4027,2,9097.561849688254,226.7989419678013,0.003836,,0.0,0.1178,3.283,8.6588,0.024589,0.009903,0.0658,-0.0589,0.183646,0.01935,1.6187,0.780218,0.009844,-0.044506
2020-07-04 00:00:00+00:00,4,2.1516,0.1243,1.0,120,344270.2963,-32828.7815,0.8757,109,301466.6491,2994.021907,29221.8721,13581.7752,-15640.0969,120,344270.2963,7,9092.647725903716,226.72748756081853,0.005165,,0.0,0.090549,-14.2147,-3.3863,0.012227,-0.007901,-0.1688,-1.5271,0.098976,0.007518,0.9953,0.730914,-0.049305,-0.049979
2020-07-05 00:00:00+00:00,4,3.7304,0.1323,1.0,103,299977.4968,-34805.2268,0.8677,96,260289.5089,3862.872757,31297.9939,8389.994,-22907.9999,103,299977.4968,3,9066.718313330422,226.44083935713172,0.001491,,0.0,0.094717,-1.2232,-3.6318,0.002309,-0.007184,0.0886,-0.7278,-0.025893,-0.002093,0.2469,0.716384,-0.01453,-0.053991
2020-07-06 00:00:00+00:00,12,2.7034,0.1807,1.0,177,753234.4472,-38822.828,0.8193,154,617129.575,4314.331901,99353.6554,36751.2168,-62602.4387,177,753234.4472,11,9209.956050184705,234.07642856498043,-0.004698,,0.0,0.12271,10.2882,1.8922,-0.007536,0.003987,0.1147,0.3089,-0.117304,-0.012797,1.476,0.782171,0.065787,0.001952
2020-07-07 00:00:00+00:00,18,3.7019,0.1608,1.0,190,831941.1649,-45819.186,0.8392,163,698143.8133,7739.493004,105341.1836,28456.1681,-76885.0155,190,831941.1649,9,9269.985575634624,238.3536011040719,0.000172,,0.0,0.120618,0.7926,-11.3472,-0.010096,0.011937,-0.0416,-0.0847,-0.136717,-0.014425,2.4428,0.772884,-0.009286,0.041971
2020-07-08 00:00:00+00:00,13,2.4497,0.1068,1.0,175,1377389.1334,-43212.8961,0.8932,148,1230277.5546,16657.205901,104466.404,42645.1748,-61821.2293,175,1377389.1334,14,9334.843045669611,242.96937019832933,0.007171,,0.0,0.101611,9.8455,5.1445,-0.004581,0.004314,0.0658,0.5097,-0.119201,-0.010371,2.1845,0.814513,0.041629,0.098129
2020-07-09 00:00:00+00:00,13,1.6698,0.1596,1.0,165,991075.6733,-41245.1655,0.8404,136,832890.1182,10534.553251,98934.9872,59250.5679,-39684.4193,165,991075.6733,16,9334.482426666194,243.93779901074825,-0.005299,,0.0,0.128891,-5.7837,2.9877,0.005429,-0.00878,-0.0332,0.2181,0.004256,0.000488,1.6146,0.793611,-0.020902,0.01144
2020-07-10 00:00:00+00:00,7,3.1846,0.1219,1.0,200,746389.2975,-46721.1955,0.8781,183,655388.4568,7109.548049,69254.0048,21746.836,-47507.1688,200,746389.2975,10,9200.299373026886,239.37856592878188,0.001245,,0.0,0.073305,-6.8883,-7.1836,-0.005937,-0.012188,0.0429,0.6156,-0.235838,-0.013278,1.8209,0.696045,-0.097566,-0.076839
2020-07-11 00:00:00+00:00,4,1.675,0.1619,1.0,121,332415.7221,-46426.5661,0.8381,109,278605.4149,5330.008179,33693.9992,20116.308,-13577.6911,121,332415.7221,8,9238.03159486564,239.55549031858143,-0.000254,,0.0,0.122993,-5.0549,1.9762,0.02099,-0.01319,-0.1746,-0.9837,0.150842,0.016264,1.0996,0.718991,0.022946,-0.095522
2020-07-12 00:00:00+00:00,6,3.2117,0.1783,1.0,131,366179.4634,-48053.1564,0.8217,120,300873.5992,2405.580729,49799.9981,15505.8661,-34294.132,131,366179.4634,5,9247.506909749818,239.4864550737291,-0.005935,,0.0,0.132886,-3.2629,-0.0636,0.009669,0.010968,0.1695,0.5619,0.021048,0.002426,0.3087,0.720188,0.001197,-0.073423
2020-07-13 00:00:00+00:00,12,1.9559,0.1325,1.0,209,976036.7485,-45083.7297,0.8675,186,846725.5386,5181.360759,85563.8309,43747.379,-41816.4519,209,976036.7485,11,9279.344388378526,242.1822961059484,0.004188,,0.0,0.108582,17.8769,7.5251,0.000663,0.021821,0.0296,0.8142,-0.069943,-0.006486,2.2002,0.77567,0.055482,0.079625
2020-07-14 00:00:00+00:00,7,0.9911,0.13,1.0,219,1145151.2664,-34005.157,0.87,202,996322.2762,14289.617707,74081.9983,74746.992,664.9937,219,1145151.2664,10,9218.094402796718,239.49494206825295,0.002376,,0.0,0.090787,-2.8855,3.847,0.022814,-0.016441,-0.0893,-0.0081,0.210658,0.015998,2.2913,0.774837,-0.000833,0.055846
2020-07-15 00:00:00+00:00,9,2.8805,0.1678,1.0,164,500085.1979,-30982.8573,0.8322,146,416170.2246,4528.932856,62290.0527,21624.9206,-40665.132,164,500085.1979,9,9226.78776666694,239.1863013170823,0.001071,,0.0,0.095449,4.5389,-1.4596,0.003608,-0.007435,-0.081,-0.7364,-0.082255,-0.006246,2.103,0.71792,-0.056917,-0.002268
2020-07-16 00:00:00+00:00,8,2.3105,0.1564,1.0,198,616793.9423,-30770.2226,0.8436,179,520303.9324,3508.100584,67342.993,29147.0169,-38195.976,198,616793.9423,11,9140.89884093674,234.40456103236872,-0.007399,,0.0,0.099586,4.159,8.4831,0.011758,0.000134,0.1495,0.6403,0.050153,0.004155,2.8866,0.757442,0.039522,-0.018228
2020-07-17 00:00:00+00:00,6,0.9973,0.1352,1.0,164,690509.8842,-23965.3067,0.8648,148,597124.6593,5447.02508,46628.9911,46756.2337,127.2426,164,690509.8842,10,9135.16723775559,233.0655131459923,-0.003008,,0.0,0.105709,5.6547,21.0262,0.02299,-0.000993,0.0784,1.3352,0.181879,0.01652,2.5171,0.760315,0.002873,-0.014522
2020-07-18 00:00:00+00:00,7,4.9003,0.1641,0.9511,140,375313.8454,-28140.4372,0.8359,146,329858.557,3265.715271,53777.994,10974.3891,-42803.6049,160,394610.9401,7,9158.983674975249,234.2922294666413,0.005645,,0.0,0.111379,-11.981,14.1001,0.002991,-0.00298,0.1478,2.5694,-0.053277,-0.004992,1.4163,0.693958,-0.066356,-0.023961
2020-07-19 00:00:00+00:00,7,3.3449,0.1505,1.0,163,609729.4149,-30316.3627,0.8495,148,517963.0285,5128.053591,70645.9984,21120.388,-49525.6104,163,609729.4149,8,9153.593599149,234.87585940634509,0.007604,,0.0,0.103913,6.283,23.6461,-0.003398,-0.021086,-0.0772,1.8218,-0.123915,-0.01103,1.4792,0.74867,0.054712,-0.008772
2020-07-20 00:00:00+00:00,8,2.8674,0.1112,1.0,209,778076.3379,-30308.543,0.8888,193,691586.9564,5259.091208,64125.5479,22363.8336,-41761.7143,209,778076.3379,8,9175.324889236434,237.88090820771916,-0.006893,,0.0,0.096993,16.4082,22.1774,0.009438,0.014604,-0.0882,1.0314,0.024403,0.001907,1.4608,0.721702,-0.026968,-0.038613
2020-07-21 00:00:00+00:00,13,3.6608,0.1524,1.0,209,748804.063,-39710.0928,0.8476,189,634690.8056,3378.275423,89629.5561,24483.7013,-65145.8548,209,748804.063,7,9296.115636222376,241.47534353693425,0.009554,,0.0,0.104018,3.6597,28.7226,-0.002608,0.005022,0.1797,2.4746,-0.136188,-0.011834,1.0941,0.734761,0.013059,0.040802
2020-07-22 00:00:00+00:00,12,3.4521,0.1119,1.0,233,1158078.9857,-44096.3845,0.8881,212,1028498.1901,7261.691829,100474.9847,29105.8108,-71369.1739,233,1158078.9857,9,9355.58492692479,244.98759098097733,-0.001042,,0.0,0.09645,-2.2723,21.9114,-0.009537,-0.005186,-0.0984,1.6039,-0.210353,-0.016784,1.5818,0.771624,0.036864,0.022954
2020-07-23 00:00:00+00:00,18,8.7096,0.151,1.0,241,2507968.1038,-81584.2234,0.849,213,2129373.9748,26004.720375,339602.4884,38991.6405,-300610.8479,241,2507968.1038,10,9525.910885903328,267.5238473883862,0.000538,,0.0,0.124078,6.3654,24.1178,-0.04058,-0.002911,-0.0932,0.8112,-0.406656,-0.044795,3.163,0.837914,0.06629,0.116212
2020-07-24 00:00:00+00:00,11,3.0522,0.1322,1.0,255,1202218.3199,-93103.6691,0.8678,233,1043247.217,7177.721043,119739.9902,39231.1128,-80508.8774,255,1202218.3199,11,9549.008373371498,275.7567913901592,-0.000191,,0.0,0.110163,-2.9213,15.5417,-0.000747,0.003826,0.1487,1.9765,-0.101338,-0.009252,0.9233,0.755499,-0.082415,0.020739
2020-07-25 00:00:00+00:00,22,1.1957,0.3085,1.0,245,1024954.6721,-91014.4659,0.6915,207,708767.1092,5333.738968,172183.3729,144004.1901,-28179.1828,245,1024954.6721,16,9606.043825412176,287.6208809321552,0.004804,,0.0,0.190442,6.8486,34.3713,0.034808,-0.023338,-0.0843,1.2672,0.137222,0.023047,1.1352,0.739771,-0.015728,-0.031854
2020-07-26 00:00:00+00:00,15,2.762,0.1711,1.0,253,1321421.7637,-99066.7969,0.8289,221,1095335.7462,8856.582583,165988.9725,60097.045,-105891.9275,253,1321421.7637,17,9813.875953780178,307.70171892761886,0.002772,,0.0,0.132656,-14.0661,14.0222,0.000987,0.0285,-0.0922,0.5153,-0.083184,-0.009212,1.4628,0.753423,0.013652,-0.084492
2020-07-27 00:00:00+00:00,18,3.9502,0.2797,1.0,302,2048241.9002,-141884.1803,0.7203,266,1475262.4122,13108.586376,457231.443,115748.0451,-341483.3979,302,2048241.9002,18,10416.879651772755,322.5710489664329,-0.004124,,0.0,0.204136,25.1159,22.7298,-0.018959,0.0133,0.0378,0.8035,-0.149106,-0.027515,3.3889,0.791033,0.037611,0.035534
2020-07-28 00:00:00+00:00,12,2.0581,0.1636,1.0,237,1229149.6045,-142519.5922,0.8364,211,1028010.3789,8998.893289,135366.4817,65772.7439,-69593.7378,237,1229149.6045,14,10970.237717762371,317.64614908202594,0.003412,,0.0,0.125029,-21.4907,-2.4206,0.001014,0.000248,-0.2371,-1.0864,-0.037973,-0.004114,3.0253,0.780382,-0.010651,0.040611
2020-07-29 00:00:00+00:00,17,1.3035,0.2546,1.0,214,1309486.8981,-138597.9011,0.7454,183,976144.0834,10242.763228,188630.0754,144712.7393,-43917.3361,214,1309486.8981,14,11078.190018793524,320.2564565235587,-0.004473,,0.0,0.198685,0.5953,0.447,0.01046,-0.006193,0.2711,1.0576,0.021314,0.003923,1.2809,0.792446,0.012064,0.039023
2020-07-30 00:00:00+00:00,14,3.6853,0.1395,1.0,234,1358088.3077,-111170.1064,0.8605,209,1168574.3718,9742.968911,149065.1107,40448.8252,-108616.2855,234,1358088.3077,11,11030.22686100536,321.6841340574229,-0.003061,,0.0,0.124647,-0.8322,-6.7505,-0.00162,0.001167,-0.0341,0.7685,-0.082149,-0.008758,1.1546,0.780538,-0.011908,-0.010495
2020-07-31 00:00:00+00:00,13,2.7653,0.1404,1.0,254,1322231.6206,-112101.5564,0.8596,226,1136602.5418,7598.335019,136329.0531,49300.0257,-87029.0274,254,1322231.6206,15,11182.666717128182,339.90475647566217,0.00372,,0.0,0.117355,5.9131,2.0839,0.002426,0.007173,0.0643,1.2591,-0.052673,-0.005257,1.3301,0.770315,-0.010223,-0.010067
2020-08-01 00:00:00+00:00,13,4.8605,0.199,1.0,227,1165102.8677,-129896.4667,0.801,202,933227.0514,9880.389311,192309.6855,39566.1308,-152743.5547,227,1165102.8677,12,11590.163296863777,360.7946541428123,-0.002422,,0.0,0.16346,-15.578,-20.3427,0.002987,0.000894,-0.1995,-0.3798,-0.031365,-0.004518,1.6676,0.757971,-0.012344,-0.034475
2020-08-02 00:00:00+00:00,16,4.2064,0.3052,1.0,259,1194913.5788,-146855.8676,0.6948,217,830208.1274,6278.56791,294656.5926,70048.8588,-224607.7338,259,1194913.5788,26,11335.316649389177,378.9761839200367,-0.000763,,0.0,0.211124,8.7633,2.4867,-0.000472,0.006752,-0.0205,-0.5518,-0.054848,-0.010378,2.0217,0.7529,-0.005071,-0.027638
2020-08-03 00:00:00+00:00,12,2.5271,0.112,1.0,206,1270645.8457,-106878.0255,0.888,187,1128281.3118,6393.569502,102001.5186,40363.0153,-61638.5033,206,1270645.8457,7,11241.999034219143,386.39250546354725,-0.001202,,0.0,0.102335,-8.5008,-31.1299,0.006184,0.026233,0.0013,-0.5395,-0.024315,-0.002049,1.0233,0.7839,0.031,0.013585
2020-08-04 00:00:00+00:00,9,1.7511,0.117,1.0,222,1319183.5615,-102957.4707,0.883,202,1164802.8368,7680.746836,98265.2893,56115.4354,-42149.8539,222,1319183.5615,11,11238.779460452208,390.8815099539886,0.00206,,0.0,0.103364,-2.4943,-12.1335,0.019145,-0.012284,-0.0677,-1.0872,0.144273,0.01282,1.7636,0.814616,0.030715,0.056645
2020-08-05 00:00:00+00:00,14,4.8589,0.1851,1.0,202,838794.0595,-111291.6728,0.8149,181,683539.0475,3849.820775,128755.8814,26499.1306,-102256.7508,202,838794.0595,7,11448.553563525516,394.2468936154232,-0.000456,,0.0,0.133531,-7.4084,-20.1372,-0.014475,0.000633,0.0115,-0.9747,-0.184752,-0.021432,1.7419,0.75732,-0.057296,0.00442
2020-08-06 00:00:00+00:00,12,3.4761,0.1812,1.0,231,808595.5258,-107356.8851,0.8188,208,662038.4799,5685.824282,113814.9089,32742.137,-81072.7719,231,808595.5258,11,11744.860359102497,396.67258005421326,-0.006417,,0.0,0.123403,4.631,-14.6741,0.003733,-0.004253,0.0257,-0.7534,-0.063676,-0.006453,2.0474,0.73455,-0.02277,-0.049351
2020-08-07 00:00:00+00:00,17,3.0128,0.2102,1.0,235,1083838.8884,-111250.2565,0.7898,201,855997.5752,5231.503836,171061.9702,56779.343,-114282.6272,235,1083838.8884,17,11714.618246766971,389.19071978822217,0.006176,,0.0,0.158996,17.9216,-2.6656,0.012601,0.0119,0.2185,1.0111,0.023783,0.003382,1.7358,0.76758,0.03303,-0.047036
2020-08-08 00:00:00+00:00,9,2.5004,0.2555,0.9043,144,415075.8625,-96611.0732,0.7445,170,341732.872,3332.905664,83773.8289,33504.5577,-50269.2711,192,459011.2586,13,11675.274262993657,385.6526700603294,-0.005696,,0.0,0.142381,-12.6584,0.254,0.001563,0.007017,-0.0091,0.918,-0.062691,-0.007475,1.0712,0.678863,-0.088717,-0.078457
2020-08-09 00:00:00+00:00,10,1.4377,0.2058,1.0,200,594921.3819,-67664.0325,0.7942,174,472515.213,2974.374776,72192.309,50213.86,-21978.449,200,594921.3819,16,11663.866933992918,391.4190217761764,0.009352,,0.0,0.130941,11.3026,2.7933,0.021512,-0.006916,0.2867,3.0333,0.109512,0.011892,1.3676,0.694808,0.015945,-0.039742
2020-08-10 00:00:00+00:00,12,2.3518,0.1711,1.0,274,1481010.3591,-73458.077,0.8289,245,1227609.4012,13532.714799,177798.8864,75602.0715,-102196.8149,274,1481010.3591,17,11884.249857142977,394.6926240165915,0.000196,,0.0,0.146552,36.3566,47.6507,0.012181,0.004244,0.0013,2.8777,0.030518,0.003947,1.9268,0.763848,0.06904,-0.003731
2020-08-11 00:00:00+00:00,12,1.1822,0.2003,1.0,284,1174261.3101,-70242.4923,0.7997,247,939023.3718,5488.192305,127439.3498,107798.5885,-19640.7613,284,1174261.3101,25,11650.928741030357,388.2251788121848,-0.004618,,0.0,0.132533,15.7541,65.8992,0.024506,0.007904,-0.0323,2.5686,0.126089,0.0143,1.561,0.735579,-0.02827,0.056716
2020-08-12 00:00:00+00:00,16,2.3148,0.3322,1.0,303,1976330.182,-92841.1082,0.6678,263,1319697.1745,18659.447474,458540.0347,198092.9728,-260447.0619,303,1976330.182,24,11463.338440117372,381.055696826221,0.004362,,0.0,0.273906,93.513,166.8206,0.038306,0.000233,0.3618,4.4878,0.09947,0.025617,0.7167,0.767501,0.031922,0.072693
2020-08-13 00:00:00+00:00,20,2.5938,0.1387,1.0,343,1551022.3883,-94893.129,0.8613,308,1335825.1649,5535.487205,155317.0704,59880.153,-95436.9175,343,1551022.3883,15,11542.133607974894,394.63864660242206,0.000298,,0.0,0.104621,44.2606,206.4502,-0.002994,-0.002444,-0.2742,2.6363,-0.15875,-0.013492,0.2999,0.715939,-0.051562,-0.04791
2020-08-14 00:00:00+00:00,25,2.3163,0.1169,1.0,351,2017411.3925,-91940.8483,0.8831,313,1781553.8824,7229.927775,164737.0861,71120.424,-93616.6622,351,2017411.3925,13,11745.02046373274,429.3533807476804,0.002846,,0.0,0.10536,-54.6309,133.8977,-0.003786,-0.017212,-0.1302,1.8068,-0.138875,-0.012289,1.4927,0.783872,0.067933,0.048293
2020-08-15 00:00:00+00:00,13,1.0863,0.227,0.966,208,895536.7168,-86002.6816,0.773,206,716587.2008,11543.263118,109580.5641,100878.4599,-8702.1042,240,927046.2248,21,11860.206220900252,435.8586238027219,-0.002764,,0.0,0.165135,-90.9987,55.5573,0.031555,0.014546,-0.282,0.1264,0.18495,0.026035,0.0375,0.717735,-0.066138,-0.049767
2020-08-16 00:00:00+00:00,12,4.6455,0.1412,0.9259,191,713683.2505,-92901.4448,0.8588,228,661936.0708,6211.330785,89545.8177,19276.0263,-70269.7914,252,770757.9148,12,11848.165248911677,427.9041639287793,0.002875,,0.0,0.120276,-21.1605,23.0942,-0.006798,-0.020248,0.1334,0.9057,-0.155333,-0.014713,0.0457,0.689072,-0.028663,-0.026867
2020-08-17 00:00:00+00:00,11,1.9382,0.1608,1.0,268,1175759.2792,-86926.8262,0.8392,234,986678.4812,11587.491661,124727.6416,64353.1564,-60374.4852,268,1175759.2792,23,12031.278880582404,430.7452715947565,0.003652,,0.0,0.137461,6.8633,-6.3991,0.003086,0.016239,0.0741,1.313,-0.059083,-0.006621,0.5702,0.724624,0.035553,-0.059248
2020-08-18 00:00:00+00:00,9,3.2019,0.1261,1.0,285,1086938.926,-94385.052,0.8739,265,949831.3041,4189.134596,104477.9819,32629.64,-71848.3419,285,1086938.926,11,12150.24668972678,427.3038326664578,-0.005464,,0.0,0.105991,25.384,3.2307,0.003317,0.007434,0.1641,2.1888,-0.089101,-0.007308,0.4869,0.709938,-0.014686,-0.007797
2020-08-19 00:00:00+00:00,11,2.3597,0.154,1.0,278,1088447.3895,-66866.4078,0.846,249,920875.9915,5378.050186,117693.9752,49877.4227,-67816.5525,278,1088447.3895,18,11805.0093566039,411.6296528120413,0.003501,,0.0,0.111527,6.7304,-83.5519,0.002368,-0.007423,-0.0482,1.8522,-0.084997,-0.007703,0.6149,0.723965,0.014027,0.034893
2020-08-20 00:00:00+00:00,16,5.3694,0.1428,1.0,264,1217320.1087,-70267.8476,0.8572,235,1043490.0839,12159.850233,146538.5104,27291.5145,-119246.9959,264,1217320.1087,13,11787.905772176497,410.79168322814417,0.002435,,0.0,0.122113,-24.1078,-151.9202,-0.004177,-0.015087,-0.065,1.4541,-0.114833,-0.011724,0.097,0.735246,0.011282,0.010622
2020-08-21 00:00:00+00:00,22,3.8154,0.2428,1.0,290,1244675.6398,-82134.5243,0.7572,252,942480.7816,6605.857799,239439.1285,62755.7297,-176683.3987,290,1244675.6398,16,11748.218816137596,406.44585075800734,0.000247,,0.0,0.169258,39.9333,-57.356,-0.006156,0.01275,-0.025,1.2845,-0.133702,-0.019692,0.4303,0.719093,-0.016153,0.009155
2020-08-22 00:00:00+00:00,13,2.4762,0.2375,0.9694,232,726474.2672,-91689.1348,0.7625,230,571413.4843,4273.39206,126786.6551,51202.2769,-75584.3782,255,749402.4162,12,11556.629873749687,389.1809494068868,-0.005334,,0.0,0.141448,-51.441,-17.7983,-0.005311,0.003303,-0.0738,0.8658,-0.106,-0.01252,-0.3256,0.691387,-0.027706,-0.032577
2020-08-23 00:00:00+00:00,10,4.63,0.1541,0.8559,118,365917.5934,-87719.7739,0.8459,170,361652.9626,2912.810402,54187.8271,11703.5626,-42484.2645,189,427544.3523,9,11618.40911187677,390.7289337487369,0.002237,,0.0,0.106293,-19.1099,-15.7476,0.003824,0.011159,-0.0548,0.5613,-0.056168,-0.004736,-0.0457,0.657185,-0.034202,-0.078061
2020-08-24 00:00:00+00:00,13,1.9583,0.1476,1.0,248,1180450.8206,-87158.5536,0.8524,225,1006198.9266,7513.954122,115348.9189,58902.9751,-56445.9438,248,1180450.8206,10,11727.23980576582,400.005870474864,0.002872,,0.0,0.113612,8.6577,-13.9532,0.003519,0.007155,0.0449,0.7964,-0.046399,-0.004459,-0.0887,0.752594,0.095408,0.0335
2020-08-25 00:00:00+00:00,13,1.144,0.1811,1.0,259,1080751.5623,-78772.1935,0.8189,223,885021.4428,6056.666628,104436.9701,91293.1494,-13143.8206,259,1080751.5623,23,11521.68205326121,391.7310921226344,-0.002222,,0.0,0.12865,15.017,-24.3202,0.02828,-0.01201,0.0409,1.0013,0.173048,0.018608,0.1484,0.723461,-0.029133,0.032074
2020-08-26 00:00:00+00:00,12,3.5193,0.1515,1.0,257,1226220.9294,-83874.4827,0.8485,230,1040497.9715,12306.171881,144627.7674,41095.1905,-103532.5769,257,1226220.9294,15,11394.070939052635,384.680865195282,-0.00108,,0.0,0.131439,-21.9862,-53.0368,0.006706,-0.001079,-0.0172,0.8914,-0.016064,-0.001807,0.1987,0.738205,0.014744,0.08102
2020-08-27 00:00:00+00:00,11,3.3313,0.29,0.9457,212,776892.6449,-85155.5721,0.71,220,583276.6689,6428.524124,183210.6552,54996.0336,-128214.6216,259,821483.3577,28,11348.02239926377,383.4141782311448,-0.000162,,0.0,0.196051,12.5476,-16.3815,0.010442,0.008143,-0.0236,0.7466,0.008292,0.001451,0.5967,0.704964,-0.033241,-0.04763
2020-08-28 00:00:00+00:00,11,2.1651,0.1448,1.0,277,1288712.6478,-69726.9617,0.8552,254,1102124.2648,5948.540868,127635.7546,58952.6285,-68683.1261,277,1288712.6478,12,11434.42418544254,390.6920667558154,-0.004141,,0.0,0.107153,-15.6947,-72.0095,0.008433,0.006434,0.1354,1.4417,0.010171,0.000913,0.0375,0.739007,0.034043,0.015546
2020-08-29 00:00:00+00:00,8,5.8323,0.1248,1.0,256,917845.5961,-70501.4347,0.8752,240,803313.3012,4034.563091,97768.9921,16763.3028,-81005.6893,256,917845.5961,8,11501.944708987588,399.2593193061545,0.003969,,0.0,0.105285,17.5448,-3.0237,0.00326,-0.002146,0.2191,2.4948,-0.117015,-0.009391,-0.5956,0.689518,-0.04949,-0.048687
2020-08-30 00:00:00+00:00,10,2.5157,0.1406,1.0,338,1086509.6656,-73843.3975,0.8594,313,933702.3184,3737.1614,109342.6755,43464.6716,-65878.0039,338,1086509.6656,15,11601.881056833556,411.1496288006458,0.000354,,0.0,0.10226,120.4004,136.4865,0.022163,-0.011445,0.235,3.42,0.010349,0.000784,-0.4915,0.643986,-0.045532,-0.060978
2020-08-31 00:00:00+00:00,20,6.2829,0.1442,1.0,419,2214035.2563,-98864.5503,0.8558,386,1894764.8059,9816.860396,275432.2319,43838.2185,-231594.0134,419,2214035.2563,13,11677.81770973612,429.3540019852549,0.000908,,0.0,0.11762,10.1534,137.9822,0.003805,0.0278,-0.2263,2.2349,-0.11774,-0.011589,0.5555,0.710439,0.066453,-0.028568
2020-09-01 00:00:00+00:00,23,2.9899,0.1723,1.0,526,2442639.6217,-126964.8287,0.8277,479,2021884.2673,9887.802065,315300.5621,105454.7923,-209845.7698,526,2442639.6217,24,11855.834733161626,463.1524063015316,0.001106,,0.0,0.132095,244.648,367.6133,0.012869,0.005623,0.0358,2.3056,-0.06102,-0.006403,1.2725,0.668765,-0.041674,-0.020752
2020-09-02 00:00:00+00:00,19,0.4883,0.2781,1.0,484,2503979.6643,-77975.9374,0.7219,443,1807730.1418,18858.930922,228429.9301,467819.5923,239389.6622,484,2503979.6643,22,11571.101433754582,452.8826594468548,-0.00081,,0.0,0.164003,18.8852,408.4847,0.070124,8.4e-05,-0.0415,2.0417,0.380474,0.052312,0.3733,0.680326,0.011561,0.03634
2020-09-03 00:00:00+00:00,26,1.3202,0.1867,1.0,471,2388348.5583,-68452.855,0.8133,424,1942334.8629,7391.88432,253783.3699,192230.3254,-61553.0446,471,2388348.5583,21,11073.359434123213,421.9043120932081,0.002748,,0.0,0.123396,-95.5575,300.3796,0.019733,-0.007555,-0.06,1.7186,0.024799,0.002424,0.3708,0.688437,0.008111,-0.022002
2020-09-04 00:00:00+00:00,16,2.5431,0.1289,1.0,422,2443015.7326,-78233.1825,0.8711,390,2128117.1764,10784.244661,226021.9875,88876.5686,-137145.4189,422,2443015.7326,16,10404.987583157606,388.70058513257567,-0.005952,,0.0,0.107498,-170.5347,145.5397,0.00653,-0.008034,-0.3112,0.3329,-0.062267,-0.005367,0.5901,0.746601,0.058164,0.077836
2020-09-05 00:00:00+00:00,17,4.3204,0.1285,1.0,372,2160328.8064,-91410.1061,0.8715,340,1882734.7124,5539.382627,225419.124,52174.97,-173244.154,372,2160328.8064,15,10287.131317167146,361.69528520178136,-0.009066,,0.0,0.098041,26.9045,154.8994,0.005021,0.006538,0.3569,1.881,-0.173483,-0.01209,-1.3707,0.679369,-0.067232,-0.000957
2020-09-06 00:00:00+00:00,11,6.0498,0.0839,1.0,295,1972514.1791,-98927.0212,0.9161,277,1807086.8375,14472.422481,141961.8758,23465.4658,-118496.41,295,1972514.1791,7,10218.38326125495,343.70278160454313,0.01657,,0.0,0.088733,-131.3043,-96.8053,0.000432,-0.018444,-0.3181,0.4742,-0.150747,-0.009462,-0.9487,0.727071,0.047702,0.038634
2020-09-07 00:00:00+00:00,18,3.6926,0.1541,1.0,306,1496287.1683,-84738.5096,0.8459,272,1265760.7708,4958.786307,181400.4147,49125.9829,-132274.4318,306,1496287.1683,16,10162.51006286562,345.32617150722086,-0.003463,,0.0,0.112753,-16.4543,-123.413,0.001496,-0.004988,0.0463,0.6612,-0.131127,-0.011651,-0.9691,0.715874,-0.011197,-0.030727
2020-09-08 00:00:00+00:00,16,2.2044,0.1618,1.0,298,1487537.2117,-67684.5062,0.8382,262,1246845.8444,5991.312774,165579.5567,75111.8106,-90467.7461,298,1487537.2117,20,10157.555399278372,342.5554299027998,-0.000668,,0.0,0.114322,-12.2903,-380.3514,0.012491,0.003117,0.0128,0.7043,-0.009402,-0.000884,-1.313,0.73541,0.019536,0.056041
2020-09-09 00:00:00+00:00,13,2.4822,0.0949,1.0,282,1751612.1711,-111993.6158,0.9051,262,1585336.3254,13844.160777,118524.9756,47750.8702,-70774.1054,282,1751612.1711,7,10186.582031810163,345.64190167318503,0.002516,,0.0,0.08215,13.9796,-385.257,0.004031,0.021292,0.277,1.8597,-0.105273,-0.006542,-1.6689,0.733848,-0.001563,0.006776
2020-09-10 00:00:00+00:00,13,2.9153,0.1357,1.0,315,1927342.6161,-121471.0389,0.8643,283,1665897.6226,7080.862081,194670.0,66774.9935,-127895.0065,315,1927342.6161,19,10332.214896349218,366.6962053440173,-0.001827,,0.0,0.09078,57.7262,-231.9733,0.007965,-0.004786,0.246,2.7785,-0.127966,-0.008745,-1.4936,0.690874,-0.042973,-0.025
2020-09-11 00:00:00+00:00,10,4.1281,0.0815,1.0,301,1773871.1412,-114477.6831,0.9185,285,1629292.773,13223.277859,116385.1482,28193.22,-88191.9282,301,1773871.1412,6,10301.925473654615,365.975321066484,0.004234,,0.0,0.067268,-20.6321,-82.0707,0.003841,0.005077,-0.0836,2.341,-0.120008,-0.006062,-1.3958,0.723658,0.032783,-0.011753
2020-09-12 00:00:00+00:00,11,0.3177,0.283,1.0,286,1982870.3293,-48218.0482,0.717,266,1421744.1984,17561.997409,135276.4203,425849.7106,290573.2903,286,1982870.3293,9,10368.915811922689,373.2228708165799,-0.000706,,0.0,0.170283,-44.4942,-153.4694,0.092334,-0.014427,-0.1558,1.6604,0.538185,0.083359,-1.745,0.751266,0.027609,0.017419
2020-09-13 00:00:00+00:00,8,5.7799,0.0822,1.0,308,1359222.6999,-42544.3198,0.9178,295,1247479.0109,6000.684447,95262.0,16481.6891,-78780.3109,308,1359222.6999,5,10401.061883665385,374.8905985830388,7.8e-05,,0.0,0.067702,8.8893,-13.2757,0.008413,0.011307,0.2789,2.6572,-0.142242,-0.00651,-2.3805,0.667862,-0.083404,-0.023012
2020-09-14 00:00:00+00:00,14,3.1241,0.0983,1.0,327,2145027.5081,-39168.5421,0.9017,303,1934086.2518,7064.740992,159792.622,51148.6343,-108643.9877,327,2145027.5081,10,10500.074340690337,370.1252120781058,0.000756,,0.0,0.07664,77.7836,80.9622,0.002219,0.004927,-0.1604,1.9601,-0.147335,-0.009034,-1.1863,0.745313,0.077451,0.021656
2020-09-15 00:00:00+00:00,8,3.8235,0.0949,1.0,277,1453936.6244,-37782.8593,0.9051,262,1315957.1728,4240.471146,109373.7091,28605.7425,-80767.9666,277,1453936.6244,7,10771.903614824285,372.01583522777474,0.001641,,0.0,0.072914,-19.8302,73.4224,0.004809,0.01362,-0.2305,1.0457,-0.121189,-0.006527,-1.1852,0.717482,-0.027831,-0.033784
2020-09-16 00:00:00+00:00,15,1.9692,0.1217,1.0,266,2021427.0493,-39139.6484,0.8783,235,1775510.357,20233.94499,163094.1607,82822.5316,-80271.6292,266,2021427.0493,16,10898.334854963065,364.8439281805626,-0.001152,,0.0,0.096887,-17.5919,41.8508,0.007884,-0.000329,0.0785,1.3219,-0.011457,-0.000923,-1.8363,0.761245,0.043763,0.093383
2020-09-17 00:00:00+00:00,17,1.4755,0.1668,1.0,322,2229727.8731,-31076.4498,0.8332,294,1857761.337,7572.913681,221709.5762,150256.9599,-71452.6162,322,2229727.8731,11,10898.1526118214,381.48350914561496,-0.002761,,0.0,0.111254,396.7319,380.8564,0.024885,0.052015,-0.175,0.6267,0.120945,0.011405,1.0173,0.763967,0.002722,0.018654
2020-09-18 00:00:00+00:00,15,1.3935,0.1129,1.0,341,3036485.0111,-26527.7278,0.8871,314,2693715.7666,16769.19849,199560.0595,143209.185,-56350.8745,341,3036485.0111,12,10927.469673379455,384.5863802934496,0.000987,,0.0,0.086087,-238.9183,162.5702,0.018568,-0.020683,-0.2077,-0.1938,0.124961,0.009325,1.2187,0.796103,0.032136,0.078622
2020-09-19 00:00:00+00:00,12,1.1939,0.1954,1.0,245,1275675.8584,-71186.088,0.8046,220,1026354.0544,6057.744546,135678.5174,113643.2866,-22035.2309,245,1275675.8584,13,11014.750720046712,383.2958447562863,0.001989,,0.0,0.110343,-151.6441,55.4202,0.015493,-0.017676,-0.0084,-0.2273,0.078467,0.007347,-1.4541,0.718401,-0.077702,-0.042844
2020-09-20 00:00:00+00:00,13,1.5228,0.1812,1.0,240,1285121.7511,-66827.2099,0.8188,210,1052217.5446,6317.408669,140586.1853,92318.0213,-48268.164,240,1285121.7511,17,10929.341881240776,376.8981187248103,-0.003159,,0.0,0.1358,-43.2847,3.2462,0.005381,-0.020522,-0.1287,-0.7238,0.010914,0.001297,0.3587,0.755487,0.037085,-0.00848
2020-09-21 00:00:00+00:00,16,1.2299,0.1438,1.0,274,1981695.8448,-55504.6627,0.8562,250,1696703.637,8311.273192,157189.1828,127803.025,-29386.1578,274,1981695.8448,8,10694.908933445657,357.38543626664614,-0.000951,,0.0,0.117647,19.4519,-55.0855,0.024074,-0.003258,0.0936,-0.357,0.158005,0.016028,0.0942,0.777967,0.02248,-0.018137
2020-09-22 00:00:00+00:00,11,1.4462,0.2184,1.0,254,1527316.6288,-52658.2015,0.7816,226,1193782.8183,7216.311415,197188.274,136345.5365,-60842.7376,254,1527316.6288,17,10469.32302046422,342.4267617812866,0.000841,,0.0,0.155908,-0.4205,-35.6758,0.025717,0.003311,0.0966,0.0176,0.111711,0.015449,-1.2267,0.755138,-0.022829,0.036736
2020-09-23 00:00:00+00:00,19,0.3085,0.3576,1.0,257,1942052.1625,11248.1857,0.6424,220,1247529.7827,20954.269611,163724.6493,530797.7305,367073.0811,257,1942052.1625,18,10444.43263681757,337.1861905754388,-0.001186,,0.0,0.21186,-18.5761,-36.66,0.115206,-0.001649,-0.0552,-0.2016,0.550373,0.10756,-0.6754,0.784646,0.029508,0.029159
2020-09-24 00:00:00+00:00,17,5.7656,0.1142,1.0,234,1424117.9886,5095.1444,0.8858,208,1261531.3724,14349.536081,138555.2608,24031.3554,-114523.9054,234,1424117.9886,9,10431.62526276365,334.1712040390866,0.002826,,0.0,0.100418,-16.388,-449.7799,-0.002805,-0.005759,-0.09,-0.5579,-0.114662,-0.009881,0.0337,0.780109,-0.004537,0.002142
2020-09-25 00:00:00+00:00,9,1.9254,0.1678,1.0,219,981442.2836,5704.136,0.8322,203,816776.5364,4499.189649,108376.8403,56288.9069,-52087.9334,219,981442.2836,7,10665.06252007502,346.5300936559031,-0.001937,,0.0,0.106762,0.8294,-210.0321,0.004749,0.013157,0.1128,-0.1215,-0.040242,-0.003642,-1.5682,0.724197,-0.055911,-0.03094
2020-09-26 00:00:00+00:00,4,2.3819,0.1244,1.0,206,768813.2103,3271.2228,0.8756,194,673208.8334,4280.665891,67335.0,28269.3769,-39065.6231,206,768813.2103,8,10710.6789297478,352.0343247687356,0.004965,,0.0,0.080133,-22.4541,-80.8422,0.0066,0.007293,-0.1304,-0.6438,-0.029246,-0.001977,-1.1595,0.719042,-0.005155,-0.065604
2020-09-27 00:00:00+00:00,7,2.8087,0.1156,1.0,210,948649.9372,2726.1531,0.8844,191,838974.9101,7936.202282,80879.3396,28795.6875,-52083.6521,210,948649.9372,12,10713.643134868447,354.6411432985352,-0.002442,,0.0,0.083038,-2.5684,-40.1259,0.003316,-0.014195,-0.0042,-0.6879,-0.05372,-0.00384,-1.0651,0.722687,0.003645,-0.057421
2020-09-28 00:00:00+00:00,9,3.6052,0.1001,1.0,232,1205946.5629,-2827.6386,0.8999,217,1085278.6885,6234.186216,94465.2872,26202.5871,-68262.7001,232,1205946.5629,6,10873.562382457068,360.3823142790604,0.003012,,0.0,0.073773,37.0051,-22.5726,-0.006192,0.006762,0.1417,-0.1281,-0.232006,-0.014405,-0.2681,0.749161,0.026474,0.024964
2020-09-29 00:00:00+00:00,9,3.6114,0.4003,1.0,259,1591270.7886,-45668.7366,0.5997,235,954264.548,26754.363113,498868.3321,138137.9085,-360730.4236,259,1591270.7886,15,10727.049712391452,355.5486334920779,-0.002365,,0.0,0.330749,22.9934,0.8413,0.034243,0.001284,0.0335,-0.0077,0.083966,0.026846,-0.4159,0.767497,0.018335,0.048455
2020-09-30 00:00:00+00:00,4,7.9088,0.0308,1.0,214,1882673.2568,-104525.0594,0.9692,208,1824748.0132,22300.109666,51423.2108,6502.0328,-44921.178,214,1882673.2568,2,10746.91365564934,356.29190940482044,0.000956,,0.0,0.043712,-25.3981,-5.9807,0.00731,-0.005684,0.0013,-0.0167,0.047612,0.001649,-0.9551,0.798864,0.031367,0.076177
2020-10-01 00:00:00+00:00,9,2.9089,0.1809,1.0,229,1679802.4362,-109360.659,0.8191,210,1375974.1149,15894.361928,226100.7119,77727.6094,-148373.1025,229,1679802.4362,10,10760.41464750666,360.28748785868885,0.000856,,0.0,0.130997,-25.2082,-14.8008,-0.00404,-0.025236,-0.1031,-0.4529,-0.096913,-0.011576,-1.2357,0.776138,-0.022726,0.026976
2020-10-02 00:00:00+00:00,6,1.6863,0.1394,1.0,234,1179730.3561,-107921.7847,0.8606,215,1015274.1693,5887.328929,103236.0,61220.1867,-42015.8133,234,1179730.3561,13,10531.443875173916,344.90073663962767,0.001362,,0.0,0.091779,0.4613,-15.1689,0.010317,0.011783,0.0223,-0.3821,0.011648,0.00091,-1.2337,0.730279,-0.045859,-0.037218
2020-10-03 00:00:00+00:00,4,28.0064,0.0666,1.0,178,552768.5,-107238.905,0.9334,173,515943.9767,3316.32533,35554.9943,1269.5289,-34285.4654,178,552768.5,1,10552.6430029671,347.3239765105371,-0.001284,,0.0,0.054979,-25.8435,-18.5584,0.00473,0.013475,0.0558,-0.1619,-0.106895,-0.004502,-1.7305,0.68535,-0.044929,-0.113514
2020-10-04 00:00:00+00:00,2,3.1775,0.0889,0.973,189,468758.8297,-102985.8595,0.9111,194,438948.5357,2597.304871,32559.0,10246.6666,-22312.3334,202,481754.2023,6,10602.869489484665,348.38273872510536,0.00133,,0.0,0.056967,9.6219,-6.368,0.007,-0.021591,-0.0374,-0.3312,-0.012075,-0.000548,-1.1957,0.669982,-0.015368,-0.106156
2020-10-05 00:00:00+00:00,7,11.1983,0.0776,1.0,217,1008714.897,-102581.2051,0.9224,207,930453.2561,5475.621758,71845.8803,6415.7606,-65430.1197,217,1008714.897,3,10700.958414967145,352.22384918786673,-0.003115,,0.0,0.063921,7.1979,-36.1753,-0.00831,0.028536,0.2244,0.6186,-0.270493,-0.014438,-1.5133,0.737392,0.06741,0.007113
2020-10-06 00:00:00+00:00,8,2.06,0.1313,1.0,231,757076.7372,-55966.7293,0.8687,208,657685.9188,3331.691733,66909.9557,32480.8627,-34429.0929,231,757076.7372,15,10698.007351317274,348.4584937446751,0.001253,,0.0,0.081931,9.8982,-49.2704,0.012608,0.005824,-0.043,0.4188,0.069064,0.004773,-0.5887,0.693653,-0.043739,0.008303
2020-10-07 00:00:00+00:00,10,3.1088,0.1559,1.0,227,1487683.5536,-66557.7364,0.8441,202,1255707.5806,15684.542854,175517.1005,56458.8726,-119058.2279,227,1487683.5536,15,10622.732384579898,339.8896884862415,-0.001265,,0.0,0.106435,-12.6673,-36.5397,-0.012051,-0.004347,-0.1241,-0.1324,-0.194797,-0.018681,-0.8444,0.782968,0.089315,0.112986
2020-10-08 00:00:00+00:00,7,3.6025,0.0798,1.0,220,1230006.9535,-53289.994,0.9202,206,1131857.8428,12300.239941,76824.0079,21325.1027,-55498.9052,220,1230006.9535,7,10727.986958215672,343.4843393451169,0.001194,,0.0,0.071499,-3.123,-14.4546,-0.001587,-0.003862,-0.0077,-0.1752,-0.13003,-0.007889,-1.2251,0.764892,-0.018075,0.0275
2020-10-09 00:00:00+00:00,9,1.5272,0.1101,1.0,217,1390784.7435,-51851.1582,0.8899,191,1237665.9176,15882.040594,92531.3945,60587.4315,-31943.963,217,1390784.7435,17,10976.094975298782,356.702194944097,-0.001561,,0.0,0.08724,-1.0914,-16.0072,0.000342,0.007321,-0.1024,-0.6461,-0.046394,-0.003623,-0.5827,0.775698,0.010806,0.082045
2020-10-10 00:00:00+00:00,4,1.9877,0.0622,1.0,187,865230.5401,-49494.356,0.9378,177,811425.7176,11147.834391,35796.3362,18008.4863,-17787.8499,187,865230.5401,6,11318.510771241308,373.0781473603072,-0.030531,,0.0,0.053252,-11.2557,-1.4194,0.005575,0.003424,0.0304,-0.5177,0.005769,0.000251,-1.0835,0.740062,-0.035637,-0.042906
2020-10-11 00:00:00+00:00,5,9.8107,0.0567,1.0,158,781739.4526,-51466.95,0.9433,150,737419.7488,12228.554098,40220.0975,4099.6063,-36120.4911,158,781739.4526,3,11355.221394276905,372.9546867917516,0.030678,,0.0,0.054901,-14.2345,-25.2758,-0.003654,0.006316,-0.0129,-0.5798,-0.180771,-0.008362,-1.686,0.750188,0.010126,-0.014705
2020-10-12 00:00:00+00:00,11,1.8889,0.1512,1.0,215,986992.7632,-48681.3905,0.8488,192,837714.1691,5380.863468,97604.8987,51673.6954,-45931.2034,215,986992.7632,12,11437.700728158014,378.7233113544658,-0.001835,,0.0,0.106515,20.1779,-12.2957,0.009276,0.007268,0.1021,-0.1355,0.034247,0.003219,-1.335,0.731047,-0.019141,-0.044651
2020-10-13 00:00:00+00:00,7,1.4116,0.1273,1.0,195,821479.5609,-46313.4953,0.8727,173,716876.1985,4868.398647,61228.5945,43374.7679,-17853.8266,195,821479.5609,15,11447.710310092132,382.0969892020045,0.004203,,0.0,0.078772,1.5527,-20.6412,0.01523,-0.0162,-0.1649,-0.8996,0.137336,0.009405,-0.0858,0.756753,0.025706,0.016691
2020-10-14 00:00:00+00:00,5,2.7863,0.0545,1.0,232,1719500.4389,-35622.6063,0.9455,223,1625766.4512,19546.540506,68977.9965,24755.9912,-44222.0053,232,1719500.4389,4,11403.189751537866,380.1294924215472,-0.001135,,0.0,0.060078,1.2648,-6.7091,0.005666,0.001316,0.006,-0.8745,0.024197,0.001275,-0.5774,0.829194,0.072441,0.079006
2020-10-15 00:00:00+00:00,3,1.0132,0.0771,1.0,205,899451.325,-27759.1525,0.9229,189,830072.415,5642.970614,34916.819,34462.091,-454.728,205,899451.325,13,11412.882915768849,376.8911772824161,0.003243,,0.0,0.062629,5.1876,1.6015,0.014991,-0.023422,-0.401,-2.5892,0.188443,0.010174,1.0243,0.771191,-0.058003,0.040144
2020-10-16 00:00:00+00:00,8,2.1237,0.1431,1.0,204,1114462.4658,-31391.0165,0.8569,185,954989.4773,14010.068046,108420.0,51052.9885,-57367.0115,204,1114462.4658,11,11372.07521399204,369.8862776712875,-0.004783,,0.0,0.105607,-8.6375,-5.9446,0.009831,0.008178,0.0636,-2.2177,0.036969,0.003537,0.5764,0.796711,0.02552,0.039958
2020-10-17 00:00:00+00:00,3,1.4283,0.1255,0.9875,144,473164.9724,-30365.5735,0.8745,135,418989.7905,5631.79346,35382.9992,24773.2508,-10609.7484,150,479146.0406,12,11343.99677772728,367.4692558951052,-0.000159,,0.0,0.080939,-29.4832,-24.1722,0.009205,0.016396,0.0393,-1.9838,0.045034,0.003231,-0.4923,0.731363,-0.065348,-0.09783
2020-10-18 00:00:00+00:00,4,16.9038,0.1011,1.0,129,383860.9306,-30130.0026,0.8989,123,345054.4367,4064.940029,36638.9945,2167.4994,-34471.495,129,383860.9306,2,11423.7726200134,373.02645014684,0.000925,,0.0,0.062766,-3.5508,-13.4885,-0.010737,0.025656,0.2576,-0.8982,-0.312815,-0.016571,-1.3313,0.710201,-0.021162,-0.060989
2020-10-19 00:00:00+00:00,7,2.1011,0.1265,1.0,183,738101.2586,-28304.2664,0.8735,167,644733.3313,5427.324226,63259.4887,30108.4386,-33151.0501,183,738101.2586,9,11573.137338172255,377.6190519824338,0.002578,,0.0,0.087409,12.9512,-20.7152,0.002331,-0.013212,0.1127,-0.42,-0.042641,-0.00326,-0.75,0.749811,0.039609,-0.046901
2020-10-20 00:00:00+00:00,10,2.1298,0.1447,1.0,199,752516.4256,-31370.7428,0.8553,176,643594.694,4048.478315,74120.4465,34801.285,-39319.1616,199,752516.4256,13,11836.551334742646,373.623298383144,-0.002433,,0.0,0.099652,3.8862,-18.3817,0.012933,0.013266,-0.0037,-0.4326,0.045286,0.003802,-0.6695,0.722768,-0.027042,-0.008595
2020-10-21 00:00:00+00:00,12,3.5086,0.0998,1.0,216,1577782.1195,-37567.8241,0.9002,192,1420340.5841,16202.241589,122521.5549,34919.9805,-87601.5744,216,1577782.1195,12,12422.59781005591,383.4902010441724,0.002426,,0.0,0.087591,14.4065,-5.24,-0.00769,-0.014097,-0.0792,-0.7607,-0.172955,-0.013087,0.4007,0.801707,0.078938,0.091505
2020-10-22 00:00:00+00:00,9,4.8726,0.1919,1.0,253,1596009.9173,-66350.0599,0.8081,233,1289791.7854,15587.114081,254074.2552,52143.8767,-201930.3786,253,1596009.9173,11,12907.173933578728,405.4227430186939,-0.002152,,0.0,0.124803,1.2045,-9.2231,-0.039505,-0.00614,-0.1089,-1.1913,-0.399103,-0.044818,0.4701,0.787402,-0.014305,0.037592
2020-10-23 00:00:00+00:00,14,2.9988,0.1232,1.0,183,1209867.9359,-68800.0665,0.8768,163,1060787.5293,10585.427301,111798.7319,37281.6747,-74517.0572,183,1209867.9359,6,12918.462026923957,412.3386567324725,0.00083,,0.0,0.09298,-10.9965,-11.5821,-0.003932,-0.000647,-0.0156,-1.2356,-0.129972,-0.010658,-0.0018,0.780185,-0.007218,0.057416
2020-10-24 00:00:00+00:00,3,1.2705,0.1194,1.0,131,750768.3634,-68809.3898,0.8806,122,661161.3753,10813.702934,50141.0,39465.9881,-10675.0119,131,750768.3634,6,13011.227153553857,412.0337614342309,-0.00055,,0.0,0.095885,-21.0006,-3.0995,0.008948,-0.002544,-0.0404,-1.3818,0.054864,0.004794,-0.728,0.791654,0.011469,-0.010053
2020-10-25 00:00:00+00:00,3,3.4754,0.1159,1.0,122,441125.3882,-67925.9797,0.8841,113,389983.0142,6478.284526,39714.9992,11427.3748,-28287.6244,122,441125.3882,6,13040.74912607535,409.1423395781214,0.002285,,0.0,0.082452,0.3119,0.7633,0.007177,0.008376,0.1672,-0.6987,0.040967,0.002926,-1.2449,0.74178,-0.049874,-0.045623
2020-10-26 00:00:00+00:00,11,4.2194,0.1008,1.0,182,1339885.8744,-75095.9713,0.8992,165,1204770.9033,8740.053332,109227.981,25886.9901,-83340.9909,182,1339885.8744,6,13047.311329971337,401.1340358393539,0.0017,,0.0,0.084045,18.8412,6.6533,0.00276,-0.007562,0.0709,-0.4276,-0.043471,-0.003193,-0.246,0.807083,0.065304,0.026898
2020-10-27 00:00:00+00:00,5,1.4438,0.1319,1.0,166,974722.7474,-72814.9309,0.8681,150,846127.7684,5872.353268,75973.429,52621.55,-23351.879,166,974722.7474,11,13340.493375958977,399.3030592006186,-0.001532,,0.0,0.086606,-11.51,-8.743,0.011256,0.001531,-0.0336,-0.5633,0.0791,0.006,-0.9347,0.785973,-0.02111,-0.005681
2020-10-28 00:00:00+00:00,6,3.5891,0.0693,1.0,202,1550419.6686,-68961.0498,0.9307,189,1442964.0777,14975.672533,84039.9986,23415.5923,-60624.4064,202,1550419.6686,7,13441.96439010084,394.42023167053,-0.001553,,0.0,0.072913,9.6056,-13.5439,0.006164,0.005371,-0.0322,-0.6932,-0.007036,-0.000433,-0.1207,0.797416,0.011443,0.055637
2020-10-29 00:00:00+00:00,4,2.5254,0.1001,1.0,181,633531.7757,-44032.6857,0.8999,171,570132.4793,2990.790509,45415.5632,17983.7332,-27431.8299,181,633531.7757,6,13310.456876242068,388.7577574764791,0.0013,,0.0,0.070597,8.0926,-6.6557,0.011033,0.008934,0.1395,-0.1226,0.055134,0.003185,-0.5331,0.727224,-0.070192,-0.079859
2020-10-30 00:00:00+00:00,10,5.4937,0.1178,1.0,227,1321633.9691,-48781.7394,0.8822,208,1165912.5806,13438.317346,131740.9108,23980.4777,-107760.4331,227,1321633.9691,9,13421.776043064638,382.3774275481112,0.000345,,0.0,0.098818,3.943,8.2838,-0.005517,-0.006493,-0.0666,-0.4063,-0.133822,-0.011617,-0.1255,0.782156,0.054932,-0.003817
2020-10-31 00:00:00+00:00,3,2.3904,0.0649,1.0,149,780002.2389,-50220.3093,0.9351,143,729417.2567,16371.470004,35664.9919,14919.9902,-20745.0017,149,780002.2389,3,13718.145499146169,386.372433285151,-0.004226,,0.0,0.061531,-24.6909,4.5935,0.00348,-0.020393,-0.1898,-1.1901,-0.025987,-0.001366,0.0655,0.779109,-0.003047,-0.018307
2020-11-01 00:00:00+00:00,3,1.5453,0.115,1.0,128,487821.1811,-47895.6022,0.885,119,431739.8567,4981.315673,34047.9993,22033.3251,-12014.6742,128,487821.1811,6,13736.819635691494,387.9351158595551,0.002148,,0.0,0.079394,-4.4112,-0.1296,0.002535,0.014307,0.0778,-0.8757,-0.028936,-0.001995,-0.5253,0.736418,-0.042691,0.009194
2020-11-02 00:00:00+00:00,8,2.6209,0.1009,1.0,181,1148794.5547,-43401.4992,0.8991,166,1032894.5347,6778.414731,83891.145,32008.875,-51882.27,181,1148794.5547,7,13572.969149730772,390.0620527386163,0.002205,,0.0,0.082359,24.0215,5.0506,-0.005235,0.002579,0.0447,-0.7058,-0.155787,-0.011089,0.5981,0.791983,0.055565,0.009827
2020-11-03 00:00:00+00:00,9,4.4881,0.1167,1.0,185,1038911.0526,-51070.1937,0.8833,171,917709.814,9268.528947,99116.9898,22084.2488,-77032.741,185,1038911.0526,5,13587.565333062716,380.3884541004698,0.000624,,0.0,0.088143,-7.9853,8.5753,-0.004155,0.023449,-0.0311,-0.8498,-0.147303,-0.01132,-0.3647,0.784625,-0.007358,0.005516
2020-11-04 00:00:00+00:00,8,0.4599,0.274,1.0,170,1307311.9021,-23481.3124,0.726,147,949154.4048,20794.487741,112829.867,245327.6303,132497.7632,170,1307311.9021,15,13875.81470310742,388.7261506790839,-0.002624,,0.0,0.159999,-11.2525,-12.2828,0.059535,-0.045681,-0.2712,-1.9637,0.368014,0.055563,0.8572,0.828181,0.043556,0.091762
2020-11-05 00:00:00+00:00,10,2.6682,0.1247,1.0,224,1495028.6342,-31675.0093,0.8753,203,1308590.5117,10864.55962,135612.9153,50825.2072,-84787.7082,224,1495028.6342,11,14674.640041557788,406.85400445114254,0.000285,,0.0,0.106113,4.4774,-15.898,-0.004226,0.018346,0.193,-1.1435,-0.109753,-0.01001,-0.5426,0.775627,-0.052553,-0.016356
2020-11-06 00:00:00+00:00,10,3.9149,0.2462,1.0,246,1508257.632,-47746.6404,0.7538,219,1136869.5653,12050.288921,295824.9587,75563.108,-220261.8507,246,1508257.632,17,15554.754542500405,437.62208515204776,-0.000772,,0.0,0.140141,18.2451,-1.5959,-0.032486,0.00109,-0.092,-1.495,-0.316641,-0.039742,0.5316,0.762926,-0.012701,-0.021698
2020-11-07 00:00:00+00:00,20,6.4438,0.3115,1.0,234,1291908.51,-86830.28,0.6885,196,889444.4809,12387.315668,348397.2542,54066.7749,-294330.4793,234,1291908.51,18,15350.414147406176,453.26991876729977,0.000208,,0.0,0.182165,-7.2178,15.8772,-0.056079,-0.003733,0.0589,-1.2252,-0.373185,-0.062355,-0.3207,0.751315,-0.011612,-0.076866
2020-11-08 00:00:00+00:00,10,3.1875,0.2824,1.0,139,431274.6482,-94204.2103,0.7176,118,309463.9142,3773.628612,92721.4599,29089.2741,-63632.1858,139,431274.6482,11,15179.006123137347,445.3623820014975,0.001508,,0.0,0.13357,-21.114,-0.8256,-0.013147,0.016426,-0.042,-1.3623,-0.164929,-0.019984,-0.9416,0.743093,-0.008221,-0.032534
2020-11-09 00:00:00+00:00,7,1.4524,0.1812,1.0,192,968366.7786,-91416.8253,0.8188,168,792883.3561,6463.637218,103926.999,71556.4235,-32370.5756,192,968366.7786,17,15375.784751174917,449.00998300291775,0.000569,,0.0,0.118193,9.3647,-15.4824,0.02065,0.009702,0.0949,-0.9581,0.136598,0.014398,-0.1683,0.788852,0.045759,0.025926
2020-11-10 00:00:00+00:00,8,2.8732,0.1369,1.0,189,886116.1946,-88795.3401,0.8631,172,764779.1515,4680.059086,90009.6937,31327.3494,-58682.3443,189,886116.1946,9,15312.583776645466,447.9563685707255,0.000943,,0.0,0.10164,8.7784,1.2814,0.003121,-0.002068,0.098,-0.5465,-0.055252,-0.004853,-0.1591,0.768633,-0.020219,0.017318
2020-11-11 00:00:00+00:00,7,5.3876,0.0847,1.0,201,1187823.81,-117601.223,0.9153,188,1087162.423,18735.364568,84902.4021,15758.985,-69143.4171,201,1187823.81,6,15557.348464151246,462.65139495796114,-0.001038,,0.0,0.078514,2.9486,15.4824,-0.00592,-0.013528,-0.2049,-1.3598,-0.184131,-0.011773,-0.4117,0.749985,-0.018648,0.006891
2020-11-12 00:00:00+00:00,6,0.2184,0.3146,1.0,204,1766109.4304,-54563.9868,0.6854,190,1210440.4854,28953.750928,99598.0,456070.945,356472.945,204,1766109.4304,8,15901.246259217163,459.6749638815456,0.003462,,0.0,0.186561,-3.12,7.885,0.114608,0.005248,0.1402,-0.7669,0.617966,0.107361,-0.293,0.802932,0.052947,0.014079
2020-11-13 00:00:00+00:00,9,0.9326,0.163,1.0,196,1385648.7868,-21973.4557,0.837,176,1159798.6962,10701.897882,108989.1116,116860.9791,7871.8676,196,1385648.7868,11,16275.05129424014,466.5546220353201,-0.003113,,0.0,0.12616,4.7774,-5.5827,0.029392,-0.011224,0.0064,-0.7381,0.211434,0.024417,0.4276,0.806606,0.003675,0.037973
2020-11-14 00:00:00+00:00,5,6.812,0.1735,1.0,154,545648.3865,10010.0092,0.8265,144,450960.6129,4300.766814,82566.9994,12120.7742,-70446.2253,154,545648.3865,5,16026.420598113718,463.62836076511286,-0.001119,,0.0,0.130918,-20.6388,-19.0037,0.022441,-0.006218,-0.1783,-1.4364,0.132669,0.015715,-0.2538,0.737241,-0.069366,-0.012744
2020-11-15 00:00:00+00:00,6,0.952,0.3021,0.9302,138,448450.8743,19611.8874,0.6979,158,336468.1205,4358.443747,71030.0138,74610.975,3580.9612,174,482109.1094,10,15997.482127768912,455.3982526059597,-0.00155,,0.0,0.140204,-1.1337,0.9766,0.035663,0.008688,0.1625,-0.7635,0.200179,0.024929,-1.1587,0.683434,-0.053807,-0.119497
2020-11-16 00:00:00+00:00,6,1.2729,0.1795,1.0,197,886419.1918,21507.621,0.8205,174,727341.6736,4349.600917,89088.979,69988.5392,-19100.4399,197,886419.1918,17,16349.90290939968,455.6854433192095,0.003483,,0.0,0.114406,10.6676,2.2795,0.014361,-0.006032,-0.0357,-0.8876,0.065942,0.00664,0.2061,0.75809,0.074656,-0.048517
2020-11-17 00:00:00+00:00,8,2.0655,0.0775,1.0,248,1924621.5762,22484.4966,0.9225,229,1775467.2411,18596.855785,100499.275,48655.06,-51844.215,248,1924621.5762,11,17049.748855092184,470.2129013555173,-0.003284,,0.0,0.081394,26.9004,20.4014,0.004895,0.014982,0.0359,-0.726,0.007769,0.000546,0.9019,0.810924,0.052834,0.073683
2020-11-18 00:00:00+00:00,17,2.5171,0.2219,1.0,268,1820881.1964,7467.8918,0.7781,230,1416888.2666,12634.590379,289126.2904,114866.6394,-174259.651,268,1820881.1964,21,17886.47966862938,477.98357557841,0.003755,,0.0,0.189695,4.3991,21.8519,0.005259,-0.034155,0.0025,-0.7011,-0.011181,-0.001943,-0.2029,0.783344,-0.02758,0.09991
2020-11-19 00:00:00+00:00,10,1.0851,0.2406,1.0,214,1237281.591,-45191.9089,0.7594,191,939538.5996,7040.949855,154944.3255,142798.6658,-12145.6597,214,1237281.591,13,17833.868982498512,474.4583505360234,-0.001025,,0.0,0.170615,-28.5639,-3.592,0.033636,-0.004079,-0.118,-1.1526,0.172723,0.027516,1.2979,0.792377,0.009033,0.034287
2020-11-20 00:00:00+00:00,12,0.7138,0.2269,1.0,258,1271703.9578,-39432.948,0.7731,226,983213.6674,6075.012479,120152.8484,168337.442,48184.5936,258,1271703.9578,20,18298.9557812546,497.04320050715256,-0.003261,,0.0,0.133759,22.1344,13.765,0.028478,0.006007,0.0594,-0.898,0.194814,0.023538,2.6985,0.75955,-0.032826,-0.051374
2020-11-21 00:00:00+00:00,9,3.7409,0.0637,1.0,258,2182826.2247,-40847.9608,0.9363,238,2043843.5534,16814.943472,109666.9931,29315.6782,-80351.3149,258,2182826.2247,11,18690.34935633583,522.7305993689941,-0.00049,,0.0,0.077936,-7.8333,26.5705,0.006993,-0.006697,-0.1068,-1.2983,0.00144,9.5e-05,1.9465,0.803426,0.043875,0.020082
2020-11-22 00:00:00+00:00,14,8.148,0.3555,1.0,275,1126983.0447,-86077.6157,0.6445,242,726372.3919,10703.065914,356818.6379,43792.0148,-313026.6231,275,1126983.0447,19,18377.982804010757,545.9008666121794,9e-06,,0.0,0.196333,3.327,31.0312,-0.043169,-0.003912,0.0165,-1.2075,-0.291112,-0.051778,0.6133,0.711771,-0.091654,-0.080605
2020-11-23 00:00:00+00:00,14,2.8846,0.1815,1.0,341,1529148.808,-102589.3327,0.8185,305,1251534.6422,5112.192181,206148.3122,71465.8536,-134682.4586,341,1529148.808,22,18415.790021758028,585.9416292237077,0.003988,,0.0,0.141673,9.3438,29.7074,0.02158,0.005741,0.0522,-0.9829,0.103078,0.012545,1.4692,0.714124,0.002353,-0.045426
2020-11-24 00:00:00+00:00,14,2.7304,0.1711,1.0,346,2281207.6625,-121046.4962,0.8289,310,1890911.8191,11643.675262,285670.1016,104625.7418,-181044.3597,346,2281207.6625,22,18801.441774007737,607.6084844322447,-0.005809,,0.0,0.151468,26.1463,28.9533,0.015013,-0.008368,0.1061,-0.5582,0.034915,0.004627,1.5071,0.751592,0.037468,-0.051833
2020-11-25 00:00:00+00:00,15,2.2235,0.1764,1.0,226,1023883.37,-105944.3738,0.8236,198,843288.9084,5418.58718,124569.6278,56024.8338,-68544.7941,226,1023883.37,13,19014.078463980808,591.2853112277911,0.003767,,0.0,0.124085,-36.657,-12.1028,0.007091,0.001256,-0.1643,-1.1748,-0.022733,-0.002429,1.4397,0.745659,-0.005934,0.033887
2020-11-26 00:00:00+00:00,11,2.3146,0.1212,1.0,328,1825941.7073,-116743.2008,0.8788,301,1604726.6998,12680.81552,154476.2282,66738.7793,-87737.449,328,1825941.7073,16,17418.35177129781,520.2356363478762,-0.003262,,0.0,0.102393,39.3832,55.8443,0.006128,-0.003073,0.2784,-0.0876,-0.029556,-0.00237,0.5108,0.718422,-0.027237,0.004298
2020-11-27 00:00:00+00:00,8,2.5157,0.0891,1.0,200,1322487.4525,-130886.0505,0.9109,182,1204620.7723,12244.322833,84341.0172,33525.663,-50815.3542,200,1322487.4525,10,16983.959291906354,514.4441774425372,0.005507,,0.0,0.091492,-60.1513,-26.4413,0.005761,-0.009108,-0.3277,-1.3336,-0.020099,-0.001578,0.5173,0.792432,0.07401,0.04084
2020-11-28 00:00:00+00:00,11,2.89,0.249,1.0,153,511319.9774,-128245.4088,0.751,131,383986.9454,4836.076707,94599.9274,32733.1046,-61866.8228,153,511319.9774,11,17299.424250199634,525.1784552422159,-0.001785,,0.0,0.139806,-12.67,-31.278,-0.004659,-0.00311,-0.039,-1.4784,-0.120383,-0.01477,-0.9271,0.7345,-0.057932,-0.011159
2020-11-29 00:00:00+00:00,8,2.2618,0.1519,1.0,139,709734.5642,-89485.4142,0.8481,119,601921.2586,13681.157788,74759.9832,33053.3224,-41706.6608,139,709734.5642,12,17970.338713111592,549.0061889358786,-0.001163,,0.0,0.115498,-2.843,-37.448,0.000603,-0.020926,-0.1695,-2.097,-0.064594,-0.006675,0.096,0.77938,0.04488,0.060957
2020-11-30 00:00:00+00:00,10,1.9446,0.1472,1.0,243,1106991.1697,-77710.9048,0.8528,215,944079.8364,4372.822974,107586.1133,55325.22,-52260.8933,243,1106991.1697,18,18844.63471738021,592.0771422302272,0.002222,,0.0,0.115472,38.6116,-8.1802,0.010704,0.030815,0.467,-0.2227,0.047067,0.004752,1.401,0.763735,-0.015644,-0.028697
2020-12-01 00:00:00+00:00,12,0.9138,0.2085,1.0,303,1686323.1691,-49586.2741,0.7915,278,1334727.1394,7705.519295,167883.9871,183712.0426,15828.0555,303,1686323.1691,13,19278.72500257139,601.9436732179375,-0.001834,,0.0,0.156292,18.8718,-15.4547,0.043833,-0.005338,-0.0657,-0.4721,0.254725,0.035541,-0.0848,0.770978,0.007243,0.036478
2020-12-02 00:00:00+00:00,8,2.8786,0.158,1.0,210,889235.0846,-49517.7981,0.842,187,748705.834,5383.233769,104297.3564,36231.8942,-68065.4621,210,889235.0846,15,18946.77100116312,592.7284327347054,-0.000167,,0.0,0.108869,-40.4251,-19.2228,-0.006521,-0.0012,-0.022,-0.546,-0.143462,-0.013759,-0.5617,0.739292,-0.031686,-0.040087
2020-12-03 00:00:00+00:00,9,2.0056,0.1738,1.0,196,949385.8388,-44870.9295,0.8262,170,784372.3503,5976.44474,110111.4288,54902.0597,-55209.369,196,949385.8388,17,19265.854897206376,605.2229051151887,-0.002719,,0.0,0.129666,3.5873,-55.0186,0.009465,-0.003208,0.0395,-0.3722,0.019521,0.00228,0.5843,0.757997,0.018705,-0.005738
2020-12-04 00:00:00+00:00,11,2.152,0.2065,1.0,207,947243.4545,-47823.6949,0.7935,178,751648.1826,5800.177879,133539.992,62055.28,-71484.712,207,947243.4545,18,19135.96855398672,597.8609950057316,0.003798,,0.0,0.161287,8.1018,13.2345,0.017671,-0.003547,0.0558,-0.1187,0.079478,0.011427,0.1997,0.758037,4e-05,-0.012941
2020-12-05 00:00:00+00:00,8,2.2602,0.2447,1.0,157,611979.4361,-47256.1647,0.7553,129,462201.4748,4653.998055,103836.0363,45941.925,-57894.1113,157,611979.4361,20,18989.63821911185,586.9405781947327,-0.00088,,0.0,0.158113,-19.5945,6.31,0.008797,-0.011136,-0.1304,-0.6615,0.020565,0.002984,0.3123,0.748527,-0.00951,0.009234
2020-12-06 00:00:00+00:00,8,1.2802,0.1703,0.9597,167,475382.4956,-42778.8653,0.8297,164,410973.5684,2989.099129,47363.2213,36997.6565,-10365.5648,187,495334.4463,15,19136.976015175856,595.6903934025777,-0.000532,,0.0,0.105053,-1.8865,7.2664,0.013018,0.030012,0.0617,-0.386,0.072942,0.006569,-0.2828,0.691868,-0.056659,-0.066129
2020-12-07 00:00:00+00:00,9,0.5851,0.1789,1.0,212,1339108.2661,-26355.3556,0.8211,196,1099519.1394,12725.660735,88442.7261,151146.4006,62703.6744,212,1339108.2661,7,19198.983551742,594.1483675201721,0.001068,,0.0,0.136533,13.9826,-17.3626,0.04865,-0.009439,0.0782,-0.0412,0.34383,0.043367,-0.0886,0.805423,0.113555,0.047386
2020-12-08 00:00:00+00:00,15,3.3081,0.122,1.0,204,1019508.3161,-38135.9551,0.878,179,895130.2302,11097.81723,95507.1133,28870.9726,-66636.1407,204,1019508.3161,10,18951.270067087764,579.5039207165843,0.001524,,0.0,0.101601,10.4132,-25.8211,-0.001162,-0.009481,0.0485,0.1933,-0.092145,-0.008162,0.8103,0.751846,-0.053577,0.00332
2020-12-09 00:00:00+00:00,10,2.3026,0.1528,1.0,227,1475889.7942,-41119.2794,0.8472,209,1250374.9361,12396.45194,157231.7954,68283.0627,-88948.7326,227,1475889.7942,8,18277.759350607,558.8914442877735,-0.002149,,0.0,0.138395,5.9646,20.5685,0.015131,0.013642,0.0178,0.3244,0.066933,0.00843,0.9707,0.799862,0.048015,0.107994
2020-12-10 00:00:00+00:00,4,0.8167,0.0965,1.0,202,1489632.7792,-31160.4262,0.9035,186,1345929.4328,10686.106988,64600.3714,79102.975,14502.6036,202,1489632.7792,12,18323.738236588604,562.5943676499743,0.002296,,0.0,0.083886,-9.9924,6.9887,0.020359,0.005205,0.0103,0.4261,0.205171,0.015054,-0.7788,0.804457,0.004595,-0.000966
2020-12-11 00:00:00+00:00,8,0.9294,0.2034,1.0,179,1137015.0084,-19738.9273,0.7966,157,905752.8386,9753.048195,111398.1949,119863.975,8465.7801,179,1137015.0084,14,17959.613094090702,546.6029970418741,0.002494,,0.0,0.125788,5.1077,3.9946,0.019567,-0.005642,-0.1182,-0.136,0.123035,0.014104,0.34,0.794717,-0.00974,0.04287
2020-12-12 00:00:00+00:00,9,7.1238,0.1724,1.0,151,608409.3613,-22766.7636,0.8276,137,503490.3459,6632.61539,92003.9904,12915.025,-79088.9654,151,608409.3613,5,18454.100352254867,558.5394817858323,-0.00333,,0.0,0.120331,-18.0473,5.5418,-0.019631,0.012619,-0.1456,-0.9182,-0.245706,-0.026637,0.8312,0.76012,-0.034597,-0.039742
2020-12-13 00:00:00+00:00,8,1.9115,0.2029,1.0,140,443995.881,-25315.8882,0.7971,122,353888.4944,3151.190048,59158.4116,30948.975,-28209.4366,140,443995.881,10,19106.463816226085,580.6680235875725,0.000954,,0.0,0.116166,2.1125,9.5408,-0.004599,-0.011996,-0.0485,-1.2272,-0.098606,-0.010267,1.9931,0.748082,-0.012038,-0.056375
2020-12-14 00:00:00+00:00,4,0.7366,0.2024,1.0,160,772992.869,-30883.1396,0.7976,151,616513.8033,6526.314974,66373.0757,90105.99,23732.9143,160,772992.869,5,19154.34010523866,584.8312220246554,-0.000535,,0.0,0.121436,20.7293,16.2875,0.029227,-0.007056,0.1117,-0.5276,0.217786,0.024237,2.6056,0.795345,0.047263,0.000628
2020-12-15 00:00:00+00:00,6,1.5598,0.114,1.0,165,1091933.2477,-25253.8272,0.886,151,967418.3542,11237.105307,75872.9235,48641.97,-27230.9535,165,1091933.2477,8,19336.44655768578,586.928769870302,-0.001922,,0.0,0.098939,22.8531,28.7274,0.004343,0.021967,0.0757,-0.0105,-0.013451,-0.001191,1.5389,0.80012,0.004775,0.04
2020-12-16 00:00:00+00:00,11,2.4239,0.1266,1.0,236,1203211.7031,-21599.6112,0.8734,213,1050835.7773,8630.713262,107872.5734,44503.3524,-63369.2209,236,1203211.7031,12,20026.9457393584,602.3507251061308,0.00414,,0.0,0.11487,-5.4077,17.3551,0.004859,0.000696,-0.1133,-0.764,-0.006054,-0.000616,2.1029,0.786697,-0.013423,0.038615
2020-12-17 00:00:00+00:00,21,6.3133,0.2407,1.0,300,1892751.6381,-70950.8608,0.7593,265,1437219.9231,10057.178608,393243.9293,62287.7856,-330956.1437,300,1892751.6381,14,22582.280519940698,650.7913866611136,-0.004694,,0.0,0.185479,49.4733,76.8209,-0.005442,-0.032896,-0.0977,-1.4082,-0.073742,-0.012476,3.4831,0.786182,-0.000515,-0.009163
2020-12-18 00:00:00+00:00,9,2.9682,0.1658,1.0,211,1168466.2672,-85884.1791,0.8342,188,974780.8394,6537.670341,144876.4379,48808.99,-96067.4479,211,1168466.2672,14,22848.22723105797,646.0761127402458,0.000228,,0.0,0.153643,-54.9879,16.7253,0.032442,0.021391,0.0121,-1.2935,0.177866,0.025131,1.3891,0.801819,0.015637,0.001699
2020-12-19 00:00:00+00:00,10,1.8459,0.4414,1.0,205,1368722.9452,-100242.4944,0.5586,186,764509.7241,28233.170546,391905.1967,212308.0244,-179597.1724,205,1368722.9452,9,23304.950496335336,656.1264581386309,0.003127,,0.0,0.355035,-18.9207,15.852,0.071104,-0.01644,-0.0848,-1.8201,0.189647,0.06547,2.0046,0.779879,-0.021941,-0.006818
2020-12-20 00:00:00+00:00,8,3.2367,0.1951,1.0,151,526301.3105,-103957.8744,0.8049,132,423604.4409,5108.552833,78456.9834,24239.8863,-54217.0971,151,526301.3105,11,23615.1938320702,649.2045552063663,0.005013,,0.0,0.139032,-12.4781,1.2613,0.016543,0.036358,0.1966,-0.4819,0.041782,0.005071,-0.6812,0.703703,-0.076175,-0.082479
2020-12-21 00:00:00+00:00,8,1.1503,0.1296,1.0,272,1219218.8844,-108926.048,0.8704,250,1061234.2133,4631.706521,84514.4857,73470.1853,-11044.3005,272,1219218.8844,14,23315.44097667005,625.5669664202716,-0.003839,,0.0,0.139268,31.4444,11.9765,0.025168,-0.00219,0.166,0.6519,0.135097,0.016648,0.8188,0.760622,0.056919,-0.041197
2020-12-22 00:00:00+00:00,16,1.3881,0.2658,1.0,217,1193869.2189,-112403.2289,0.7342,180,876518.3277,8444.581643,184461.0555,132889.8358,-51571.2197,217,1193869.2189,21,23106.107385761297,615.1952842891294,-0.001564,,0.0,0.185817,-8.3678,-19.2444,0.011924,0.003283,-0.0071,0.6096,0.003077,0.00052,0.5305,0.764313,0.003691,-0.015566
2020-12-23 00:00:00+00:00,8,1.6403,0.1769,1.0,233,882429.3561,-108757.9093,0.8231,206,726342.1455,4935.487244,96969.5972,59117.6133,-37851.9839,233,882429.3561,19,23555.478253322188,613.1952178394216,-0.002093,,0.0,0.125504,34.9355,21.0988,0.017307,-0.024487,-0.05,0.2692,0.06466,0.006904,1.133,0.724029,-0.040284,0.020326
2020-12-24 00:00:00+00:00,9,2.7608,0.1445,1.0,205,1072737.304,-71848.0676,0.8555,186,917700.0721,9158.207761,113812.2419,41224.99,-72587.2519,205,1072737.304,10,23269.189783855105,588.6543006990539,0.000405,,0.0,0.114187,-23.5425,-51.917,0.003814,0.017047,-0.0463,-0.0344,-0.056452,-0.005511,-0.0326,0.773998,0.049969,0.013376
2020-12-25 00:00:00+00:00,4,3.3499,0.1637,1.0,148,466362.4359,-64014.6695,0.8363,137,390034.1087,3710.40027,58780.9942,17547.3331,-41233.6611,148,466362.4359,7,24028.25043086807,617.2845060616029,5.9e-05,,0.0,0.107495,9.0729,12.1438,0.001222,0.039239,0.1272,0.8321,-0.097572,-0.008793,-0.3266,0.693055,-0.080942,-0.071258
2020-12-26 00:00:00+00:00,10,2.8381,0.2307,1.0,168,547072.8468,-46994.1871,0.7693,146,420838.8831,3892.591112,93343.8797,32890.084,-60453.7956,168,547072.8468,12,25247.38693157908,632.029917132124,0.001675,,0.0,0.157797,-20.8727,10.1917,0.000887,-0.020076,-0.0481,0.4989,-0.045523,-0.006478,0.8227,0.72683,0.033774,0.0028
2020-12-27 00:00:00+00:00,14,3.1358,0.2113,1.0,248,1011287.6498,-55011.0264,0.7887,219,797633.8062,4760.744614,161994.4078,51659.4358,-110334.972,248,1011287.6498,15,27105.58376454825,663.1417294371853,0.001822,,0.0,0.152299,16.3311,39.001,0.016609,-0.03104,-0.0548,0.1368,0.054577,0.007121,0.6181,0.71734,-0.009489,-0.056657
2020-12-28 00:00:00+00:00,14,2.5553,0.2033,1.0,291,1190613.1084,-68557.8336,0.7967,256,948595.1872,4573.69173,173944.9362,68072.985,-105871.9512,291,1190613.1084,21,26987.64863304404,724.5192841062599,-0.004359,,0.0,0.160164,5.8,13.3566,0.024032,-0.010366,-0.0344,-0.0846,0.094464,0.013125,1.0357,0.741226,0.023885,0.04817
2020-12-29 00:00:00+00:00,12,2.4923,0.0931,1.0,229,2189964.2524,-73632.1284,0.9069,206,1986151.8075,15369.535082,145451.8638,58360.581,-87091.2828,229,2189964.2524,11,26763.50130429652,720.9863564560775,0.005061,,0.0,0.109982,5.5584,27.2828,0.013767,0.023985,-0.0106,-0.1419,0.073058,0.007081,1.097,0.829874,0.088648,0.103045
2020-12-30 00:00:00+00:00,8,1.0255,0.1667,1.0,189,1539348.9119,-68686.0188,0.8333,170,1282771.771,12604.818355,129903.179,126673.9619,-3229.2171,189,1539348.9119,11,28189.624084306368,737.5876613599116,-0.005089,,0.0,0.136443,18.0437,10.391,0.027629,-0.008075,0.045,0.1846,0.16662,0.020381,0.9126,0.81411,-0.015764,0.09677
2020-12-31 00:00:00+00:00,9,1.9012,0.1598,1.0,158,1045754.6471,-65729.8565,0.8402,137,878690.6015,6229.55007,109479.0806,57584.965,-51894.1156,158,1045754.6471,12,28902.762810058804,741.0201548313703,0.000162,,0.0,0.119829,-8.5725,25.361,0.018933,-0.000774,0.0135,0.2898,0.10999,0.011452,0.2031,0.783185,-0.030925,0.04196
2021-01-01 00:00:00+00:00,5,4.1605,0.097,1.0,178,1081198.608,-69019.871,0.903,168,976268.3706,13308.083982,84597.0,20333.2374,-64263.7626,178,1081198.608,5,29229.8334164774,736.3532734849783,0.003545,,0.0,0.097132,-39.7434,-23.4553,0.002768,-0.001002,-0.1791,-0.9684,-0.042956,-0.003608,0.5853,0.792512,0.009327,-0.037362
2021-01-02 00:00:00+00:00,10,3.0174,0.1746,1.0,210,749349.368,-69769.9234,0.8254,189,618508.217,3848.030406,98272.6567,32568.4943,-65704.1623,210,749349.368,11,30697.77352907225,749.9927358477848,0.002957,,0.0,0.133391,20.7967,18.2141,0.007355,0.001616,0.2129,0.5712,-0.014958,-0.001639,0.3174,0.715391,-0.077121,-0.098719
2021-01-03 00:00:00+00:00,32,3.3272,0.2801,1.0,379,2114779.2919,-99517.2744,0.7199,315,1522431.4083,7786.782521,455457.1566,136890.7271,-318566.4295,379,2114779.2919,32,33541.18340367208,856.0622580099316,-0.005011,,0.0,0.211968,34.2829,36.1659,0.011408,-0.041278,-0.2564,-1.2832,-0.0094,-0.001723,1.9604,0.745782,0.030391,-0.037404
2021-01-04 00:00:00+00:00,34,1.7696,0.3732,1.0,403,2863986.6141,-126825.5384,0.6268,312,1795033.5136,9544.005328,682991.4497,385961.6509,-297029.7988,403,2863986.6141,57,31972.2467414774,1013.1452939847678,-0.00087,,0.0,0.281332,87.0277,117.3935,0.058114,-0.026281,-0.0152,-1.393,0.161361,0.039785,2.9368,0.735138,-0.010644,-0.057374
2021-01-05 00:00:00+00:00,25,2.0461,0.3007,1.0,323,1675418.4725,-139099.7899,0.6993,261,1171643.8805,5412.13508,338392.8177,165381.7743,-173011.0434,323,1675418.4725,37,32103.053555009,1055.6165356261952,0.001681,,0.0,0.22079,-76.7575,35.0777,0.035478,0.036393,-0.0039,-1.3972,0.109171,0.021181,2.1488,0.744471,0.009333,0.02908
2021-01-06 00:00:00+00:00,19,1.3046,0.2145,1.0,301,2647167.8551,-149359.0865,0.7855,242,2079382.5601,11417.691739,321414.7943,246370.5007,-75044.2936,301,2647167.8551,40,34927.945645346605,1138.850245937546,0.001556,,0.0,0.197989,-1.9878,15.0462,0.041275,0.008715,-0.0693,-1.8905,0.182124,0.032347,2.3399,0.80054,0.05607,0.054759
2021-01-07 00:00:00+00:00,27,2.0856,0.2094,1.0,305,2626208.1111,-169588.6666,0.7906,248,2076215.1364,10532.859163,371747.0752,178245.8995,-193501.1757,305,2626208.1111,30,38091.52867965294,1223.3577476212583,-0.002001,,0.0,0.206097,-3.0941,20.5246,0.036153,-0.025375,-0.1245,-2.7097,0.141811,0.02605,2.3027,0.796967,-0.003574,0.061829
2021-01-08 00:00:00+00:00,25,7.6364,0.3322,1.0,324,2720950.2309,-259629.1868,0.6678,266,1817088.6408,27218.60539,799204.4974,104657.0927,-694547.4047,324,2720950.2309,33,39851.92924550399,1203.0050118055008,0.00121,,0.0,0.233589,3.5251,63.7931,-0.064631,-0.002114,0.14,-1.6212,-0.364292,-0.07689,2.2192,0.796452,-0.000515,0.051981
2021-01-09 00:00:00+00:00,13,2.8789,0.1298,1.0,230,1209702.0711,-261112.4804,0.8702,206,1052622.5956,7947.648821,116583.3465,40496.1291,-76087.2174,230,1209702.0711,11,40380.75931951838,1223.725914711392,-0.001754,,0.0,0.133168,-35.1835,7.8129,0.009833,0.011666,-0.1264,-2.4499,0.008838,0.000998,1.8255,0.762803,-0.033649,-0.037738
2021-01-10 00:00:00+00:00,15,3.356,0.2342,1.0,266,1104519.1877,-235588.5644,0.7658,234,845860.1679,7463.144524,199279.0184,59380.0014,-139899.017,266,1104519.1877,17,39800.27198017296,1305.427343422721,-2e-05,,0.0,0.168253,-9.1506,-35.6206,0.003105,0.007714,0.0119,-2.2948,-0.07328,-0.010383,2.1511,0.72961,-0.033193,-0.067357
2021-01-11 00:00:00+00:00,29,1.0604,0.2196,1.0,390,2522215.5024,-195474.6355,0.7804,337,1968324.7297,13874.527709,285061.5345,268829.2381,-16232.2964,390,2522215.5024,24,34582.78688977601,1081.5698725100065,0.002525,,0.0,0.164097,81.5159,-41.1324,0.029217,-0.030244,0.1759,-1.0138,0.134394,0.018567,1.5146,0.719691,-0.009919,-0.076761
2021-01-12 00:00:00+00:00,16,3.5697,0.268,1.0,270,1227090.1978,-197179.7599,0.732,240,898200.6187,6299.104082,256918.2467,71971.3323,-184946.9144,270,1227090.1978,14,35060.594028600535,1093.5676156787983,0.000706,,0.0,0.209982,-78.615,-42.9899,0.026329,0.042936,0.0014,-0.9821,0.084195,0.01574,0.4099,0.726766,0.007075,-0.036037
2021-01-13 00:00:00+00:00,11,0.1409,0.4209,1.0,206,1751335.596,-107158.4622,0.5791,181,1014118.444,42340.623686,91056.1808,646160.9713,555104.7905,206,1751335.596,14,34683.09818633999,1069.13456412165,-0.000326,,0.0,0.255124,-18.0234,-59.0255,0.167547,0.006638,-0.0351,-1.2588,0.67236,0.162601,-0.6051,0.798554,0.071788,0.068943
2021-01-14 00:00:00+00:00,13,0.3815,0.6811,1.0,240,4266254.9068,106321.2367,0.3189,207,1360353.7602,104667.350966,802522.2152,2103378.9314,1300856.7163,240,4266254.9068,20,38435.44758994526,1168.224806483697,-0.002159,,0.0,0.58894,14.1434,-41.788,0.320765,-0.000149,-0.0336,-1.505,0.546882,0.317105,1.3381,0.876913,0.07836,0.157222
2021-01-15 00:00:00+00:00,11,2.8463,0.1502,1.0,215,1312727.0373,192025.2209,0.8498,189,1115608.7408,9302.292541,145868.9058,51249.3906,-94619.5152,215,1312727.0373,15,37449.0929921148,1193.5851605898372,-0.001544,,0.0,0.130487,-3.8447,-49.1578,0.018076,-0.010346,-0.0004,-1.5005,0.092864,0.010704,1.9439,0.789186,-0.087728,0.06242
2021-01-16 00:00:00+00:00,23,2.6113,0.1432,1.0,222,838460.2492,195241.4835,0.8568,183,718389.5921,4902.134105,86822.0181,33248.639,-53573.3791,222,838460.2492,16,36892.09158608075,1216.5255581023523,0.000607,,0.0,0.119211,-2.0468,-16.0212,0.001195,0.004089,-0.0001,-1.4625,-0.038694,-0.003904,1.1418,0.735339,-0.053847,-0.063215
2021-01-17 00:00:00+00:00,13,2.5618,0.1575,1.0,183,829101.6398,207048.1582,0.8425,154,698531.4056,5807.141875,93911.2642,36658.97,-57252.2942,183,829101.6398,16,35664.61525388409,1225.7149999616113,-0.002348,,0.0,0.125421,-12.0591,-18.9297,0.007281,0.011811,0.047,-1.1036,0.006665,0.000726,0.0722,0.759543,0.024205,-0.11737
2021-01-18 00:00:00+00:00,5,1.3256,0.1409,1.0,185,941208.9701,206715.4535,0.8591,172,808621.781,6972.492547,75574.2092,57012.98,-18561.2292,185,941208.9701,8,36065.76460542948,1226.2489098107174,-0.002939,,0.0,0.100806,11.2519,-89.1937,0.019047,0.005742,0.0457,-0.7576,0.139414,0.012006,0.8719,0.767604,0.00806,-0.021582
2021-01-19 00:00:00+00:00,26,2.4206,0.1285,1.0,343,1902943.4466,218627.1793,0.8715,302,1658392.6651,7107.108672,173057.8077,71492.9738,-101564.8338,343,1902943.4466,15,36828.16216788609,1365.5153158803478,-0.000504,,0.0,0.119715,26.3135,15.7348,-0.001111,-0.033686,-0.0638,-1.1909,-0.060517,-0.006211,2.0058,0.751206,-0.016398,0.015867
2021-01-20 00:00:00+00:00,23,1.9723,0.5927,1.0,270,3132658.6679,52558.0886,0.4073,218,1275850.6213,31537.713134,1232093.4457,624714.6009,-607378.8447,270,3132658.6679,29,35201.69711654093,1335.4878262160516,0.00467,,0.0,0.56707,-22.757,11.0012,0.10667,0.009159,0.0026,-1.1492,0.180129,0.099862,0.9675,0.835576,0.08437,0.076033
2021-01-21 00:00:00+00:00,16,1.6935,0.3395,1.0,262,1666026.0271,-154079.8938,0.6605,229,1100492.985,16261.563123,355571.1014,209961.9408,-145609.1606,262,1666026.0271,17,33060.65318720345,1257.7342954872108,0.0053,,0.0,0.261422,23.9652,20.823,0.053865,0.001348,0.1291,-0.2242,0.177234,0.042743,0.2118,0.76219,-0.073386,-0.005414
2021-01-22 00:00:00+00:00,14,1.8359,0.3461,1.0,250,1889059.4814,-168092.3169,0.6539,220,1235274.0503,18361.349925,423245.954,230539.4771,-192706.4769,250,1889059.4814,16,31818.639441749405,1195.108161068289,-0.004898,,0.0,0.281788,5.7383,30.406,0.051042,-0.005837,0.0285,-0.0238,0.163628,0.043307,0.7062,0.795191,0.033002,0.043986
2021-01-23 00:00:00+00:00,10,1.5076,0.2377,1.0,175,902595.6543,-166641.9434,0.7623,157,688082.7557,8514.537649,128966.8315,85546.067,-43420.7645,175,902595.6543,8,32384.183885403985,1242.8862657132065,0.001146,,0.0,0.171636,-28.9376,3.5152,0.035081,0.010813,-0.0945,-0.6825,0.18641,0.029747,0.5874,0.796375,0.001183,-0.039201
2021-01-24 00:00:00+00:00,18,4.7265,0.1686,1.0,217,1006650.3007,-174240.4995,0.8314,188,836934.1376,6439.514025,140079.1748,29636.9882,-110442.1866,217,1006650.3007,11,32224.222972319043,1313.8633770542156,0.001637,,0.0,0.174807,-1.7894,13.7849,0.004589,0.004825,-0.0161,-0.7792,-0.011776,-0.001879,0.6528,0.766591,-0.029784,0.004401
2021-01-25 00:00:00+00:00,11,2.1312,0.1866,1.0,264,1268477.8197,-183803.9625,0.8134,234,1031793.1635,5124.846736,161095.0634,75589.5929,-85505.4705,264,1268477.8197,19,33372.43888788057,1402.860808593871,-0.00193,,0.0,0.140617,24.7766,27.3097,0.013992,-0.000556,0.0716,-0.2483,0.030657,0.003713,1.1906,0.751167,-0.015423,-0.044024
2021-01-26 00:00:00+00:00,19,4.0607,0.2614,1.0,211,1502804.9785,-203233.2564,0.7386,176,1109995.8405,10014.105128,315189.5144,77619.6236,-237569.8907,211,1502804.9785,16,32054.79845289094,1327.4562476873275,-0.00139,,0.0,0.217814,-15.3518,-14.3556,-0.014437,-0.00404,-0.0759,-0.7825,-0.101545,-0.020607,0.7816,0.799993,0.048826,0.003618
2021-01-27 00:00:00+00:00,24,4.143,0.1599,1.0,223,1467844.8328,-136954.8459,0.8401,192,1233144.1647,10094.806118,189065.3198,45635.3483,-143429.9715,223,1467844.8328,7,31163.797601287515,1281.4522353121204,-0.000183,,0.0,0.169784,1.5491,9.9504,-0.008109,0.013363,0.1479,0.3232,-0.097206,-0.014732,-0.1786,0.78008,-0.019913,0.01349
2021-01-28 00:00:00+00:00,18,8.4535,0.2066,1.0,205,1155329.682,-143038.5438,0.7934,176,916636.2287,7262.313581,213444.2496,25249.2037,-188195.0459,205,1155329.682,11,31739.263188512883,1309.158107411599,0.002383,,0.0,0.196708,5.0475,-8.9673,0.024709,-0.006693,-0.1528,-0.8003,0.09615,0.017488,1.0423,0.794781,0.0147,0.043613
2021-01-29 00:00:00+00:00,22,5.836,0.2046,1.0,258,1985881.535,-156574.5358,0.7954,222,1579541.2889,7677.571281,346899.3333,59440.9128,-287458.4205,258,1985881.535,14,35036.385686007765,1357.7941764095792,0.000966,,0.0,0.181874,41.2887,26.5831,0.014837,-0.016186,-0.0421,-1.0963,0.045239,0.007601,1.9042,0.79973,0.004949,-0.000263
2021-01-30 00:00:00+00:00,9,0.4615,0.3198,1.0,181,1435225.0654,-126213.8138,0.6802,159,976242.0527,11251.010527,144939.3617,314043.651,169104.2893,181,1435225.0654,13,34048.49315541144,1358.5300887984026,-0.001938,,0.0,0.23162,-26.6642,28.8565,0.105316,0.00132,-0.0254,-1.257,0.451108,0.098959,1.3938,0.813794,0.014065,0.033714
2021-01-31 00:00:00+00:00,11,3.4418,0.1841,1.0,191,1099502.3747,-126329.2114,0.8159,162,897132.8503,8279.126778,156809.7472,45559.7772,-111249.97,191,1099502.3747,18,33371.55957393086,1334.8242347165617,0.000791,,0.0,0.165571,17.7082,48.3541,0.030574,0.011341,0.1399,-0.198,0.149918,0.022691,1.4178,0.793714,-0.02008,-0.001066
2021-02-01 00:00:00+00:00,6,1.5808,0.1235,1.0,209,1114515.6827,-118537.8427,0.8765,190,976913.8194,6232.71117,84283.8763,53317.987,-30965.8893,209,1114515.6827,13,33605.62436254895,1318.8385897031878,-0.000251,,0.0,0.110816,33.201,56.7785,0.02114,-0.010323,0.0085,-0.1224,0.132562,0.012777,1.8893,0.76597,-0.027745,-0.03376
2021-02-02 00:00:00+00:00,10,3.7183,0.0611,1.0,284,1856484.2002,-93927.4486,0.9389,266,1743145.1365,14581.626594,89318.0979,24020.9657,-65297.1323,284,1856484.2002,8,34529.25027377587,1430.406187115561,0.000737,,0.0,0.078913,14.3529,86.4833,0.000277,-0.007036,-0.0698,-0.6581,-0.074579,-0.004795,2.4736,0.77578,0.009811,-0.038014
2021-02-03 00:00:00+00:00,12,3.5711,0.1265,1.0,271,1808678.2809,-91825.3176,0.8735,251,1579838.7906,7421.779204,178777.2723,50062.218,-128715.0542,271,1808678.2809,8,36439.01221416287,1565.8340745712403,-0.000242,,0.0,0.131219,-3.3173,81.6169,0.020927,-0.007558,-0.1083,-1.444,0.114484,0.013313,2.9255,0.799283,0.023503,0.005569
2021-02-04 00:00:00+00:00,14,3.3457,0.1879,1.0,280,2414318.8219,-99924.0197,0.8121,244,1960639.4985,17578.641661,349282.6424,104396.6811,-244885.9613,280,2414318.8219,22,37458.77381077353,1642.6993872117955,-0.004841,,0.0,0.198797,62.8181,139.3875,0.029864,-0.005745,0.0469,-1.0762,0.120588,0.022405,2.506,0.818782,0.019499,0.052813
2021-02-05 00:00:00+00:00,11,2.1814,0.1066,1.0,263,1849822.4977,-69320.4861,0.8934,238,1652611.2131,16737.877514,135222.4848,61988.7999,-73233.6849,263,1849822.4977,14,37558.91429942066,1672.1202170038698,0.006943,,0.0,0.119527,3.1172,101.216,0.028397,0.007819,0.0594,-0.6226,0.196068,0.020666,2.084,0.80285,-0.015932,0.02707
2021-02-06 00:00:00+00:00,12,4.1385,0.111,1.0,197,1288848.0683,-105960.6529,0.889,179,1145791.2168,7131.359363,115216.8649,27839.9866,-87376.8783,197,1288848.0683,6,39750.383521562,1691.0445271465114,-0.004896,,0.0,0.117686,-68.9456,58.9346,-0.003923,0.007537,-0.0644,-1.0848,-0.11143,-0.011502,2.1236,0.798448,-0.004403,-0.000836
2021-02-07 00:00:00+00:00,14,2.1659,0.2077,1.0,190,838736.3209,-99231.0204,0.7923,162,664563.832,5030.030467,119157.5156,55014.9733,-64142.5423,190,838736.3209,14,38612.1405316751,1606.6743380594971,-0.000779,,0.0,0.153956,-20.5261,20.7004,0.014529,-0.004533,0.0038,-1.0338,0.028014,0.003785,1.0196,0.750492,-0.047956,-0.068291
2021-02-08 00:00:00+00:00,18,1.8738,0.1211,1.0,241,1546305.7155,-102940.679,0.8789,209,1359066.513,14757.283236,122086.3511,65152.8514,-56933.4997,241,1546305.7155,14,40991.60112688953,1657.3727455710352,0.003264,,0.0,0.120417,21.1226,8.622,0.00179,-0.003045,-0.0175,-1.1385,-0.024231,-0.002563,2.2312,0.794188,0.043696,-0.008662
2021-02-09 00:00:00+00:00,14,2.2608,0.1425,1.0,251,1385189.3672,-104511.8909,0.8575,223,1187867.8434,7001.456935,136808.5698,60512.954,-76295.6158,251,1385189.3672,14,46639.27296538328,1749.046136804351,-0.000507,,0.0,0.131456,57.5864,51.8554,0.014239,0.002628,0.0358,-0.8621,0.057182,0.006661,1.6506,0.76794,-0.026248,-0.030508
2021-02-10 00:00:00+00:00,9,1.872,0.1747,1.0,233,1358130.8403,-96416.1389,0.8253,205,1120846.3071,8822.456167,154664.6616,82619.8716,-72044.79,233,1358130.8403,19,45723.08595689972,1764.69426684242,-0.00076,,0.0,0.145018,-4.4789,50.6938,0.02339,-1.3e-05,-0.0282,-1.0461,0.121437,0.015834,1.7768,0.765206,-0.002734,0.014714
2021-02-11 00:00:00+00:00,11,1.1155,0.1219,1.0,232,1208938.3125,-62581.4618,0.8781,204,1061579.8094,15562.866801,77700.8623,69657.6408,-8043.2215,232,1208938.3125,17,46118.043459675486,1758.8345141621287,-0.002836,,0.0,0.113376,-57.4335,-69.5578,0.012027,-0.008416,-0.0466,-1.3551,0.096121,0.009178,2.519,0.784517,0.019311,-0.009671
2021-02-12 00:00:00+00:00,13,3.5533,0.101,1.0,218,1492644.287,-64193.6659,0.899,191,1341921.6805,17539.013387,117620.8601,33101.7464,-84519.1137,218,1492644.287,14,47467.22473808058,1788.2056148220693,0.003911,,0.0,0.107104,7.4315,-65.2436,-0.004307,0.011623,0.0728,-0.815,-0.11193,-0.010403,1.6869,0.793665,0.009149,0.025725
2021-02-13 00:00:00+00:00,5,2.794,0.1026,1.0,167,649743.855,-56216.0394,0.8974,154,583055.3901,9980.530871,49110.979,17577.4859,-31533.4931,167,649743.855,8,47165.39395759345,1818.32799140333,7.9e-05,,0.0,0.091031,19.3956,23.0976,0.018984,0.006201,0.0571,-0.386,0.145093,0.010685,1.4787,0.72572,-0.067945,-0.039486
2021-02-14 00:00:00+00:00,5,1.7574,0.1166,1.0,173,763941.1004,-50547.9467,0.8834,156,674873.8562,6240.455286,56766.5686,32300.6756,-24465.8929,173,763941.1004,12,48363.78485938953,1818.2704109788192,-0.002274,,0.0,0.109128,-44.7962,-1.1725,0.004015,0.009318,0.0294,-0.1631,-0.041005,-0.00381,0.8551,0.738589,0.012869,-0.045927
2021-02-15 00:00:00+00:00,12,1.2728,0.1999,1.0,222,959990.1246,-45705.8215,0.8001,187,768056.4997,5124.878814,107486.1243,84447.5006,-23038.6237,222,959990.1246,23,47831.56570507438,1778.5607312015634,0.000815,,0.0,0.136627,11.5134,-10.7818,0.030591,-0.006624,-0.044,-0.4717,0.163719,0.019284,0.4752,0.744717,0.006127,-0.048949
2021-02-16 00:00:00+00:00,8,1.0985,0.1762,1.0,231,1119218.3232,-36128.6889,0.8238,211,921973.2003,6339.319057,103250.4051,93994.7177,-9255.6875,231,1119218.3232,12,48856.15637868907,1783.9124332989716,0.00106,,0.0,0.136177,18.3172,-50.0509,0.022354,-0.001562,-0.0827,-1.0552,0.118999,0.01441,1.4885,0.779826,0.03511,0.054106
2021-02-17 00:00:00+00:00,13,2.4874,0.084,1.0,221,1199467.0541,-31977.3321,0.916,199,1098682.7608,9204.467415,71884.793,28899.5003,-42985.2927,221,1199467.0541,9,50846.46910359487,1801.880861972201,0.000161,,0.0,0.1293,-14.6166,-60.1886,-0.002546,-0.011461,0.0232,-0.8708,-0.077099,-0.008793,0.8852,0.768204,-0.011622,0.029615
2021-02-18 00:00:00+00:00,15,1.5419,0.1253,1.0,249,1637015.17,-37076.5733,0.8747,213,1431852.0781,15399.109005,124450.5007,80712.5911,-43737.9096,249,1637015.17,21,51943.66461087831,1909.2899218109244,0.003906,,0.0,0.121911,29.1435,26.3884,0.024632,0.00618,-0.0033,-0.8769,0.16748,0.018284,1.3464,0.78298,0.014776,0.038263
2021-02-19 00:00:00+00:00,12,2.2576,0.106,1.0,257,1119138.6508,-31545.1785,0.894,230,1000502.5428,5538.258511,82217.7292,36418.3789,-45799.3503,257,1119138.6508,15,53045.0121842171,1936.8579230398493,-0.003258,,0.0,0.101031,-1.6602,17.2967,0.001383,0.000557,-0.0517,-1.2321,-0.065099,-0.005667,1.7228,0.745773,-0.037207,-0.034053
2021-02-20 00:00:00+00:00,16,3.7991,0.3138,1.0,272,1419284.1908,-64151.7155,0.6862,225,973887.7401,12815.896284,352587.8512,92808.5996,-259779.2516,272,1419284.1908,31,56449.07519810408,2000.5296453027372,-0.000908,,0.0,0.225329,9.3807,7.2818,-0.020004,0.001271,0.0137,-1.1137,-0.135095,-0.028141,1.3089,0.747424,0.00165,-0.020781
2021-02-21 00:00:00+00:00,11,1.8781,0.1756,1.0,214,754659.1448,-66430.6733,0.8244,186,622177.888,5469.088496,86449.9275,46031.3294,-40418.5981,214,754659.1448,17,57150.06359639034,1950.3766905712955,0.000561,,0.0,0.129364,-52.3404,-0.2624,0.005526,0.007789,-0.0321,-1.3134,-0.020354,-0.002322,1.3235,0.741369,-0.006055,-0.041611
2021-02-22 00:00:00+00:00,11,1.6526,0.1108,1.0,276,1571168.5632,-69260.3459,0.8892,252,1397017.0448,6581.933442,108498.9251,65652.5934,-42846.3317,276,1571168.5632,13,55002.11961443509,1822.0368737119888,0.000428,,0.0,0.107364,47.1314,35.3556,0.019082,-0.016927,0.1366,-0.3296,0.105595,0.009463,1.2031,0.757681,0.016313,0.011908
2021-02-23 00:00:00+00:00,30,1.9668,0.4422,1.0,333,3560677.6896,-141233.6936,0.5578,278,1986181.2201,39079.552177,1043782.7952,530713.6743,-513069.121,333,3560677.6896,25,49176.394193733744,1578.3789580542418,0.000401,,0.0,0.386919,113.2616,130.3,0.052839,-0.015312,0.0716,0.1788,0.12137,0.04509,0.4727,0.810264,0.052583,0.062841
2021-02-24 00:00:00+00:00,13,1.1394,0.1374,1.0,260,1357399.8573,-136828.2724,0.8626,226,1170958.1035,6099.926215,99294.5493,87147.2045,-12147.3448,260,1357399.8573,21,49897.93102935333,1636.316426046572,0.000659,,0.0,0.134658,-119.5105,25.4061,0.015818,0.012607,-0.1037,-0.5449,0.059932,0.00715,0.9699,0.777291,-0.032973,0.035923
2021-02-25 00:00:00+00:00,9,1.342,0.1284,1.0,214,1162996.7896,-133695.8459,0.8716,188,1013623.7919,8155.907764,85591.9607,63781.037,-21810.9237,214,1162996.7896,17,50178.27865104392,1613.7255614839255,-0.001588,,0.0,0.123344,-19.5811,-23.3184,0.018862,0.000679,-0.0216,-0.6983,0.096996,0.010627,0.6342,0.767173,-0.010118,0.009492
2021-02-26 00:00:00+00:00,16,0.7209,0.11,1.0,254,1681295.4306,-122869.0052,0.89,216,1496368.3717,11605.493529,77469.2623,107457.7966,29988.5343,254,1681295.4306,22,46797.03602496188,1485.6915395255976,0.001642,,0.0,0.124618,-14.5802,-36.2383,0.022126,-0.005082,0.0024,-0.6818,0.173652,0.01911,1.0009,0.793211,0.026037,-0.017054
2021-02-27 00:00:00+00:00,12,2.1711,0.1382,1.0,190,936966.4609,-92588.399,0.8618,165,807494.3005,5824.253326,88643.5843,40828.5761,-47815.0082,190,936966.4609,13,47301.31776751805,1490.7023568849545,0.001738,,0.0,0.110969,-33.4285,-79.0475,0.002104,0.002488,-0.0382,-0.9869,-0.02922,-0.002907,0.9311,0.781587,-0.011624,0.004296
2021-02-28 00:00:00+00:00,8,1.2866,0.1256,1.0,267,1053714.3846,-89184.7965,0.8744,243,921315.8213,5301.934041,74495.9719,57902.5914,-16593.3806,267,1053714.3846,16,44975.89703481605,1388.329813782759,-0.002846,,0.0,0.114009,-4.8388,-31.5459,0.001233,0.003752,0.04,-0.6739,-0.049808,-0.004948,1.0406,0.753367,-0.02822,-0.013807
2021-03-01 00:00:00+00:00,12,2.3587,0.1524,1.0,206,1134676.879,-93055.3303,0.8476,177,961785.3329,10138.044732,121415.8071,51475.739,-69940.0681,206,1134676.879,17,47572.937295312666,1494.536634367528,-0.001162,,0.0,0.160154,-0.3019,-78.9793,0.016757,0.005026,-0.0283,-0.8656,0.118148,0.016947,0.6838,0.776752,0.023385,-0.016459
2021-03-02 00:00:00+00:00,5,0.8208,0.0741,1.0,203,1158593.862,-18553.1131,0.9259,182,1072750.3103,7319.482627,38698.5761,47144.9756,8446.3995,203,1158593.862,16,48683.88421385525,1542.6812420447516,0.00378,,0.0,0.094575,6.9777,-185.2632,0.016373,0.001126,0.0044,-0.8145,0.143062,0.011932,1.1543,0.783282,0.00653,0.001695
2021-03-03 00:00:00+00:00,5,2.2882,0.0849,1.0,202,947550.3485,-21318.1759,0.9151,188,867137.8929,6116.908205,55957.6198,24454.8358,-31502.7841,202,947550.3485,9,50431.01222425467,1579.807005866464,-0.001118,,0.0,0.086441,6.4342,-59.3185,0.003261,0.002979,0.1134,0.0461,-0.03084,-0.002269,-0.0519,0.75538,-0.027902,0.002014
2021-03-04 00:00:00+00:00,12,3.2949,0.0491,1.0,223,1030743.1248,-22061.7256,0.9509,205,980183.156,8411.155506,38787.8704,11772.0983,-27015.7721,223,1030743.1248,6,49491.0339146095,1564.0931152166522,-0.004884,,0.0,0.070484,-12.8508,-52.5883,0.001676,0.002865,-0.1154,-0.8053,-0.074583,-0.004275,0.893,0.739415,-0.015965,-0.037337
2021-03-05 00:00:00+00:00,17,3.0307,0.1888,1.0,184,910654.5157,-38722.7096,0.8112,159,738686.2137,6104.292895,129303.3277,42664.9743,-86638.3534,184,910654.5157,8,47920.13957880306,1498.0299432863364,0.006471,,0.0,0.155049,22.7499,-15.2582,-0.020182,0.000583,0.2113,0.8019,-0.171531,-0.024758,0.6319,0.779196,0.039781,-0.004086
2021-03-06 00:00:00+00:00,7,2.3425,0.1727,1.0,176,870166.3439,-40512.6337,0.8273,152,719921.0537,6532.101887,105294.8836,44950.4065,-60344.4771,176,870166.3439,17,48487.45924034724,1576.5177465102315,-0.002366,,0.0,0.149004,-43.0467,-24.8765,0.028454,-0.011873,-0.2121,-0.7935,0.175963,0.024504,0.2394,0.793488,0.014292,0.038108
2021-03-07 00:00:00+00:00,5,1.8473,0.0397,1.0,214,3122201.7334,-43407.298,0.9603,200,2998345.831,33148.989026,80355.9664,43499.936,-36856.0304,214,3122201.7334,9,50218.67039963381,1667.465406464781,0.003812,,0.0,0.054714,32.4708,12.4331,0.005755,0.011205,0.1857,0.647,0.060779,0.002982,-0.4219,0.873831,0.080343,0.134416
2021-03-08 00:00:00+00:00,7,2.3425,0.1558,1.0,209,1102500.6372,-43274.0038,0.8442,191,930687.5133,6296.137772,120410.0666,51403.0573,-69007.0092,209,1102500.6372,11,50839.55288281443,1734.8554011584508,9.2e-05,,0.0,0.138105,9.3994,22.1345,0.020402,-0.000406,-0.0756,0.0864,0.118005,0.01507,0.6403,0.796204,-0.077627,0.017008
2021-03-09 00:00:00+00:00,8,0.8034,0.2063,1.0,198,1217275.031,-40570.2694,0.7937,181,966147.6305,7718.006863,111877.43,139249.9705,27372.5404,198,1217275.031,9,53944.03686768774,1832.3433228351637,-0.00113,,0.0,0.141883,7.5342,22.691,0.039866,0.005354,-0.0562,-0.3423,0.268612,0.035207,0.6936,0.792944,-0.00326,-0.000544
2021-03-10 00:00:00+00:00,9,1.5749,0.0921,1.0,177,1186245.1039,-39555.0591,0.9079,156,1076971.5194,10326.053684,66834.9484,42438.6361,-24396.3122,177,1186245.1039,12,55394.89325348587,1827.207048570408,-0.005505,,0.0,0.09793,-11.0004,5.2565,0.001037,-0.014014,-0.0923,-1.0965,-0.030271,-0.002676,1.4571,0.815461,0.022517,-0.05837
2021-03-11 00:00:00+00:00,7,0.9546,0.0941,1.0,173,1268062.4835,-35299.7818,0.9059,157,1148682.0758,9835.766774,58304.6193,61075.7883,2771.169,173,1268062.4835,9,56342.66113524809,1794.3426029775644,0.009573,,0.0,0.116045,-5.4764,12.6309,0.0075,-0.009202,-0.0083,-1.1458,0.032762,0.003515,1.869,0.820035,0.004574,0.023831
2021-03-12 00:00:00+00:00,13,1.479,0.1469,1.0,187,1831583.8221,-30348.9356,0.8531,162,1562539.209,11806.325958,160513.5214,108531.0917,-51982.4298,187,1831583.8221,12,56972.00667771976,1786.013967673328,-0.001575,,0.0,0.128318,45.8629,35.7439,0.005063,0.028803,0.109,-0.2017,0.007284,0.000881,2.1045,0.844376,0.02434,0.051432
2021-03-13 00:00:00+00:00,26,4.4784,0.1983,1.0,187,746232.306,-35153.2383,0.8017,151,598225.1094,4110.678106,120990.8962,27016.3005,-93974.5957,187,746232.306,10,58781.57351327738,1838.084307645977,0.002027,,0.0,0.158392,-3.0013,75.7892,0.007089,-0.011518,-0.0226,-0.3903,0.005905,0.000862,1.5571,0.752348,-0.092028,-0.063113
2021-03-14 00:00:00+00:00,12,0.7997,0.2049,1.0,160,488374.322,-28297.497,0.7951,128,388306.5736,3627.242132,44466.7949,55600.9535,11134.1586,160,488374.322,20,60543.02460011293,1887.554891509673,-0.003936,,0.0,0.120386,-16.0905,27.2279,0.022988,0.015578,-0.0579,-0.8683,0.168915,0.018048,1.4422,0.712704,-0.039644,-0.107332
2021-03-15 00:00:00+00:00,34,3.2963,0.3207,1.0,199,1706767.4405,-60234.0256,0.6793,154,1159390.9888,18252.159112,419969.5807,127406.8709,-292562.7098,199,1706767.4405,11,57671.585333261326,1812.884247155492,0.002717,,0.0,0.27255,40.8211,58.6495,-0.023273,-0.009947,0.0729,-0.2219,-0.102787,-0.027161,2.5055,0.832306,0.119602,-0.01207
2021-03-16 00:00:00+00:00,6,0.998,0.1051,1.0,185,1257245.6345,-64125.6426,0.8949,164,1125068.3547,10765.144476,66023.0291,66154.2507,131.2217,185,1257245.6345,15,55496.22751406942,1786.13879875731,-0.002411,,0.0,0.125445,-15.1668,35.9486,0.024351,-0.000391,-0.001,-0.2203,0.175961,0.02039,1.4496,0.799533,-0.032773,0.047186
2021-03-17 00:00:00+00:00,13,1.9,0.0889,1.0,195,1279918.2026,-65686.7337,0.9111,166,1166100.3244,19033.051295,74570.9139,39246.9642,-35323.9497,195,1279918.2026,16,56247.327795777885,1791.321845498642,0.001741,,0.0,0.119666,13.7752,60.7241,0.017316,-0.003477,0.0014,-0.2065,0.12509,0.013815,0.9344,0.803763,0.004229,0.091059
2021-03-18 00:00:00+00:00,8,1.5766,0.1164,1.0,187,1123884.2323,-70264.8889,0.8836,164,993068.2087,15789.50523,80045.9706,50770.053,-29275.9176,187,1123884.2323,15,58694.30925128975,1815.8601240207825,-0.002345,,0.0,0.119779,-13.3907,52.8099,0.023087,-0.004761,-0.068,-0.7921,0.166797,0.01821,0.8795,0.782027,-0.021736,-0.050279
2021-03-19 00:00:00+00:00,6,2.2026,0.078,1.0,185,778040.5097,-66092.9676,0.922,170,717377.2595,4589.531247,41721.1153,18942.1349,-22778.9804,185,778040.5097,9,58442.68426931288,1810.4359869193904,0.00178,,0.0,0.073729,-15.8075,-8.8605,0.009775,0.013658,0.0394,-0.4505,0.049164,0.003111,0.9697,0.752027,-0.03,-0.047506
2021-03-20 00:00:00+00:00,9,5.2753,0.0886,1.0,147,601994.9672,-57858.2618,0.9114,132,548667.3289,4956.203102,44829.6468,8497.9915,-36331.6553,147,601994.9672,6,59020.72218572272,1842.2994543948053,-0.000606,,0.0,0.073219,-22.8572,-28.7163,-0.006525,-0.010152,-0.0454,-0.8296,-0.201903,-0.012684,1.2872,0.729717,-0.02231,-0.074046
2021-03-21 00:00:00+00:00,6,2.6528,0.0835,1.0,156,684453.7687,-63143.9371,0.9165,146,627288.2589,4809.490477,41515.5392,15649.9706,-25865.5686,156,684453.7687,4,57476.98681381177,1792.9579579350357,0.004435,,0.0,0.092678,-6.2968,-18.9226,0.015284,0.004336,0.0405,-0.4567,0.101265,0.008269,0.0823,0.742749,0.013032,-0.039278
2021-03-22 00:00:00+00:00,6,0.9773,0.1164,1.0,203,1181739.6077,-21123.9896,0.8836,185,1044234.6459,8954.983225,67964.0196,69540.9422,1576.9226,203,1181739.6077,12,56899.83943529538,1770.8007176616732,-0.003409,,0.0,0.10581,40.3992,-19.3444,0.026763,0.008289,0.074,0.2548,0.213708,0.020531,0.7669,0.777576,0.034828,0.025549
2021-03-23 00:00:00+00:00,3,1.0606,0.081,1.0,178,896863.9585,-21447.7679,0.919,161,824230.3316,5409.267533,37384.4264,35249.2005,-2135.226,178,896863.9585,14,54754.23168394119,1694.057043570497,-0.000784,,0.0,0.081171,-14.457,-18.6347,0.010684,-0.012542,-0.1308,-0.9738,0.107691,0.007342,1.1049,0.761925,-0.015651,0.032208
2021-03-24 00:00:00+00:00,4,0.4953,0.0809,1.0,202,835498.0535,-13141.7914,0.9191,190,767898.6258,4904.306228,22390.771,45208.6567,22817.8857,202,835498.0535,8,55275.27423470088,1683.598914377986,-0.001322,,0.0,0.092708,17.2785,-15.1314,0.023104,-0.005598,0.0254,-0.7101,0.198932,0.015966,0.8638,0.748956,-0.012969,0.006207
2021-03-25 00:00:00+00:00,6,2.168,0.0605,1.0,194,1958109.6304,-15200.1488,0.9395,184,1839623.2268,23384.295789,81085.4116,37400.992,-43684.4196,194,1958109.6304,4,52218.44601406791,1594.3878134724366,0.003808,,0.0,0.064081,-0.5518,-2.2925,-0.001019,-0.013646,-0.0325,-1.0415,-0.073819,-0.004201,1.1619,0.858781,0.109825,0.081205
2021-03-26 00:00:00+00:00,5,0.379,0.166,1.0,164,1262622.2984,1537.402,0.834,148,1053044.4428,16520.939083,57596.9904,151980.8652,94383.8748,164,1262622.2984,11,53261.50767482566,1640.0316018045778,-0.003118,,0.0,0.140807,-32.7671,-19.2522,0.061294,0.008752,-0.0083,-1.1328,0.429584,0.056988,0.3621,0.812959,-0.045822,0.051034
2021-03-27 00:00:00+00:00,5,,0.0166,1.0,157,701598.9007,5065.9124,0.9834,152,689966.8182,8717.480582,11632.0825,0.0,-11632.0825,157,701598.9007,0,55197.31775888918,1699.238444997437,0.001882,,0.0,0.075415,-25.1579,-21.5529,-0.000158,0.005599,0.0057,-1.0631,-0.07461,-0.004958,0.6057,0.768612,-0.044347,0.019656
2021-03-28 00:00:00+00:00,24,1.381,0.2304,1.0,149,493438.6024,6161.798,0.7696,106,379732.8438,3973.546283,65950.0637,47755.6949,-18194.3689,149,493438.6024,19,55859.76173182644,1702.1688959694511,-0.001409,,0.0,0.138386,1.4682,-13.7879,0.001248,-0.000908,0.0154,-0.8764,-0.036068,-0.004568,0.3225,0.711418,-0.057194,-0.147363
2021-03-29 00:00:00+00:00,6,1.584,0.0815,1.0,203,1070901.33,3117.5344,0.9185,188,983584.3879,5691.37816,53524.9324,33792.0098,-19732.9227,203,1070901.33,9,56927.07062011483,1755.8058884681486,0.000246,,0.0,0.096912,20.0764,-34.1106,0.007297,0.010952,0.0397,-0.3972,0.029184,0.002546,-0.0238,0.775051,0.063633,-0.037908
2021-03-30 00:00:00+00:00,8,2.8467,0.1086,1.0,195,1342008.6117,-6571.0595,0.8914,177,1196292.1141,8838.055511,107835.9407,37880.5569,-69955.3838,195,1342008.6117,10,58378.03384923749,1827.783021295464,-0.002068,,0.0,0.115596,18.0901,-1.5636,0.012553,-0.001047,0.0155,-0.1866,0.076273,0.00812,1.3704,0.797319,0.022267,0.028707
2021-03-31 00:00:00+00:00,13,1.4631,0.1033,1.0,243,1472414.5368,-13916.0385,0.8967,219,1320319.9965,7127.548196,90345.7537,61748.7865,-28596.9672,243,1472414.5368,11,58687.62140550464,1847.054208065867,0.003397,,0.0,0.097564,36.2542,17.4122,0.006828,-0.016124,-0.0067,-0.2467,0.01506,0.001318,1.1685,0.777735,-0.019584,0.066317
2021-04-01 00:00:00+00:00,9,1.9682,0.1304,1.0,225,1035887.9239,-13970.7845,0.8696,199,900790.0484,5641.058374,89582.7585,45515.117,-44067.6415,225,1035887.9239,17,58853.70280985616,1939.3419405497664,-0.000823,,0.0,0.116902,3.9061,21.8702,0.024735,-0.005251,-0.1601,-2.2917,0.175544,0.018808,2.3438,0.771573,-0.006161,-0.003478
2021-04-02 00:00:00+00:00,9,5.0256,0.2965,1.0,225,1932945.3441,-82155.9582,0.7035,205,1359793.1008,29593.638357,478032.2919,95119.9514,-382912.3406,225,1932945.3441,11,59312.02199969452,2023.3694601012585,-0.00045,,0.0,0.192088,-16.9192,37.7181,-0.067967,0.017276,-0.0233,-2.6587,-0.392709,-0.071852,1.362,0.805514,0.03394,0.008195
2021-04-03 00:00:00+00:00,13,1.6928,0.1908,1.0,234,1948862.3161,-94161.1205,0.8092,208,1577006.8125,41773.45551,233761.8611,138093.6425,-95668.2186,234,1948862.3161,13,58976.08119935607,2092.2295539562056,-0.00095,,0.0,0.155146,-37.8246,25.0513,0.024802,0.005332,0.0813,-1.5015,0.139075,0.020288,0.9386,0.813581,0.008068,0.035846
2021-04-04 00:00:00+00:00,14,0.1751,0.5964,1.0,155,864718.649,-39851.3518,0.4036,119,349022.7142,32066.056113,76860.9615,438834.9733,361974.0117,155,864718.649,22,57735.41774465165,2049.374900708918,-6.7e-05,,0.0,0.320355,-29.8329,-6.2498,0.210063,-0.002911,-0.015,-1.6568,0.658707,0.205601,-0.2611,0.784704,-0.028877,0.013131
2021-04-05 00:00:00+00:00,7,1.1498,0.2945,1.0,174,1303638.7976,-40855.0661,0.7055,153,919659.1466,20835.36857,205369.287,178610.364,-26758.923,174,1303638.7976,14,58090.74201683056,2069.203156495237,0.002983,,0.0,0.196448,26.7593,0.4331,0.055631,0.000513,0.1004,-0.3041,0.271588,0.050894,-0.1191,0.811262,0.026558,0.005749
2021-04-06 00:00:00+00:00,6,0.3308,0.2257,1.0,227,1008323.2964,-14516.0801,0.7743,212,780781.8479,9266.597911,56561.9649,170979.4835,114417.5186,227,1008323.2964,9,58470.27876853955,2113.478390618037,-0.001099,,0.0,0.13661,11.6351,-6.0219,0.06034,0.005721,-0.0385,-0.8147,0.43797,0.054723,1.0353,0.768692,-0.042571,-0.044889
2021-04-07 00:00:00+00:00,10,1.7872,0.1453,1.0,197,989876.6159,-16234.7894,0.8547,174,846021.5534,5654.607054,92241.4974,51613.5651,-40627.9323,197,989876.6159,13,57074.54216517993,2038.4773602334203,0.001811,,0.0,0.122754,2.0801,-40.196,0.006841,0.001033,0.031,-0.4308,0.006414,0.000715,0.4417,0.769445,0.000753,-0.015259
2021-04-08 00:00:00+00:00,5,1.9706,0.076,1.0,184,952973.7088,-13318.5521,0.924,173,880577.7217,6629.289669,48024.984,24371.0032,-23653.9807,184,952973.7088,6,57136.02195634466,2025.9093245149888,0.000198,,0.0,0.082726,-29.9909,-74.093,0.016758,-0.000373,-0.0439,-1.0203,0.158992,0.011687,0.6161,0.795233,0.025788,-0.01603
2021-04-09 00:00:00+00:00,5,0.4042,0.1469,1.0,161,969150.0511,50014.5802,0.8531,139,826767.1938,7668.724208,40981.6356,101401.2217,60419.5861,161,969150.0511,17,58205.53847204844,2076.143903931329,0.000855,,0.0,0.123144,-3.806,-60.9798,0.030257,0.008524,0.054,-0.3094,0.221449,0.025281,0.4179,0.793787,-0.001445,0.025095
2021-04-10 00:00:00+00:00,4,1.4889,0.0877,1.0,194,979540.5708,61270.1267,0.9123,180,893603.9713,7112.147278,51407.9966,34528.6029,-16879.3936,194,979540.5708,10,59802.031979429616,2138.591806278709,-0.000624,,0.0,0.089146,-15.9926,-39.1478,0.012224,-0.026615,-0.1719,-2.652,0.094438,0.007481,1.4515,0.793519,-0.000268,0.024074
2021-04-11 00:00:00+00:00,6,18.9771,0.2123,1.0,142,600481.6848,-6831.0073,0.7877,133,472983.316,6981.492715,121116.1476,6382.2213,-114733.9263,142,600481.6848,3,59825.6997968877,2141.14727040218,0.001782,,0.0,0.130645,-16.4689,-25.7839,-0.029633,0.021806,0.0431,-1.9896,-0.288641,-0.034767,0.4287,0.758149,-0.03537,-0.037084
2021-04-12 00:00:00+00:00,9,2.1514,0.0962,1.0,192,937600.2115,-7718.0811,0.9038,172,847366.6925,5688.660902,61600.9793,28632.5397,-32968.4396,192,937600.2115,11,60153.46347007857,2148.943134558334,-0.000648,,0.0,0.086383,21.3574,-31.1857,0.008311,-0.001354,0.0709,-1.016,0.030628,0.002312,1.3647,0.786042,0.027893,-0.007745
2021-04-13 00:00:00+00:00,7,0.9973,0.122,1.0,193,1282644.6212,-24033.439,0.878,172,1126124.5569,6614.181753,78155.0255,78365.0388,210.0134,193,1282644.6212,14,62119.01614082968,2222.35428213729,-0.000449,,0.0,0.113441,4.7213,-38.0996,0.029714,-0.00627,-0.0022,-1.0264,0.246598,0.025059,0.2367,0.801495,0.015453,0.007976
2021-04-14 00:00:00+00:00,7,3.2929,0.1051,1.0,227,1470386.8592,-30026.3071,0.8949,212,1315778.877,6972.327961,118592.9954,36014.9868,-82578.0086,227,1470386.8592,8,63506.12083928135,2357.3021669040368,0.001136,,0.0,0.108778,25.3669,-14.8128,0.01775,-0.000345,-0.052,-1.6749,0.129358,0.012538,1.6345,0.814635,0.01314,0.056487
2021-04-15 00:00:00+00:00,9,1.2439,0.1945,1.0,167,766824.2859,-28963.2832,0.8055,136,617639.2413,4907.873589,82698.9291,66486.1155,-16212.8136,167,766824.2859,22,62923.49748160892,2460.323643365425,0.000262,,0.0,0.145313,-42.0168,-26.8387,0.033985,0.014187,-0.0118,-1.7802,0.216099,0.028744,-1.0789,0.774496,-0.040139,-0.011546
2021-04-16 00:00:00+00:00,6,0.1626,0.3481,1.0,194,1724998.086,24196.2405,0.6519,175,1124517.4275,36319.465738,83972.2033,516508.4551,432536.2518,194,1724998.086,13,61742.94773566356,2437.1783897186574,0.000758,,0.0,0.223011,72.2967,49.264,0.147963,-0.026867,0.0056,-1.666,0.669304,0.143438,2.5674,0.830223,0.055727,0.028728
2021-04-17 00:00:00+00:00,8,4.4958,0.0743,1.0,158,1104142.9433,19152.7071,0.9257,146,1022103.7594,6145.128261,67111.6558,14927.5282,-52184.1276,158,1104142.9433,4,61430.33436901956,2428.200628744169,-0.001001,,0.0,0.085188,-13.5832,51.6733,0.004245,-0.007392,-0.0594,-2.3145,0.013493,0.001042,2.815,0.819539,-0.010684,0.004904
2021-04-18 00:00:00+00:00,14,6.6705,0.0435,1.0,198,2972933.4808,21885.5883,0.9565,179,2843610.2835,48972.849684,112463.4777,16859.7197,-95603.758,198,2972933.4808,5,56388.384915296025,2192.335985442613,0.002745,,0.0,0.076379,-2.2727,65.8695,-0.004805,0.008454,0.0671,-1.4537,-0.132593,-0.009023,1.9519,0.877923,0.058384,0.103427
2021-04-19 00:00:00+00:00,4,1.2459,0.0955,1.0,200,1245820.8598,24734.4943,0.9045,185,1126826.9573,6139.99798,66010.0,52983.9024,-13026.0976,200,1245820.8598,11,56399.66806265412,2213.597473162691,-0.002144,,0.0,0.095887,30.2309,74.7431,0.020799,-0.017546,-0.0541,-2.0381,0.186809,0.016417,3.3695,0.828385,-0.049538,-0.001838
2021-04-20 00:00:00+00:00,9,1.1101,0.1236,1.0,210,916295.4617,23860.2579,0.8764,191,803000.8339,4691.434095,59602.1345,53692.4933,-5909.6412,210,916295.4617,10,55612.05077381715,2191.765312769214,-0.00092,,0.0,0.111802,88.458,158.4798,0.022928,-0.007581,-0.0277,-2.2698,0.173823,0.017934,4.0183,0.795296,-0.033089,-0.024243
2021-04-21 00:00:00+00:00,16,2.7174,0.2242,1.0,213,1284642.6173,16649.3042,0.7758,176,996636.6025,6886.246019,210530.3497,77475.6651,-133054.6846,213,1284642.6173,21,55486.51402157853,2351.5892426834203,-0.00017,,0.0,0.186496,-98.7858,34.3271,0.032289,0.020504,-0.025,-2.4639,0.160053,0.028272,2.3859,0.824825,0.029529,-0.053098
2021-04-22 00:00:00+00:00,19,6.3093,0.3467,1.0,249,2275462.754,-62905.4518,0.6533,210,1486483.1076,27494.671783,681037.8759,107941.7705,-573096.1054,249,2275462.754,20,53889.74718971592,2485.2890098007624,-0.001068,,0.0,0.258044,-32.5759,43.768,-0.047779,0.00668,0.0412,-1.9566,-0.207955,-0.051738,1.988,0.84143,0.016605,0.013045
2021-04-23 00:00:00+00:00,12,1.8196,0.1082,1.0,218,1788925.3734,-132730.982,0.8918,190,1595438.3357,12219.534701,124864.7487,68622.289,-56242.4597,218,1788925.3734,16,50040.50680527092,2289.527210415815,0.000328,,0.0,0.098234,-22.2395,-50.7682,0.010031,0.014645,0.0914,-0.9,0.072629,0.006497,2.2483,0.84221,0.00078,0.046915
2021-04-24 00:00:00+00:00,5,1.6472,0.0951,1.0,151,760433.3882,-127802.1697,0.9049,141,688111.774,6182.38433,45002.0278,27319.5864,-17682.4414,151,760433.3882,5,50154.36935833452,2269.9461852097243,-0.000242,,0.0,0.092738,-48.2577,-85.4428,0.009031,-0.015919,-0.2632,-3.5627,0.068227,0.005865,1.6317,0.824124,-0.018087,-0.000701
2021-04-25 00:00:00+00:00,9,8.2424,0.2421,1.0,135,626686.2772,-131127.2033,0.7579,121,474978.5414,6468.661991,135293.3644,16414.3713,-118878.9931,135,626686.2772,5,49645.14329042958,2256.909205936085,0.001979,,0.0,0.163193,-14.9139,-98.0839,-0.018162,0.000621,-0.0294,-3.5762,-0.137484,-0.021435,1.1386,0.824695,0.000571,-0.016735
2021-04-26 00:00:00+00:00,9,2.5967,0.0833,1.0,185,1069917.8025,-134915.3486,0.9167,172,980843.5022,5877.588942,64308.7074,24765.5929,-39543.1145,185,1069917.8025,4,52952.27120580073,2472.0603497760544,-0.001837,,0.0,0.08757,7.1383,-121.1766,0.007217,0.021604,0.1413,-2.099,0.03919,0.003118,1.1684,0.826676,0.00198,-0.015535
2021-04-27 00:00:00+00:00,11,1.3466,0.1262,1.0,178,1200552.2914,-137267.8643,0.8738,149,1049038.9627,8011.267775,86945.2899,64568.0388,-22377.2511,178,1200552.2914,18,54548.077145955256,2574.4136944847714,-4.6e-05,,0.0,0.101695,3.8873,-205.7473,0.014401,-0.011785,0.0614,-1.4882,0.108002,0.01008,1.2923,0.838068,0.011392,0.013944
2021-04-28 00:00:00+00:00,8,0.9013,0.1942,1.0,205,1506456.5357,-116090.4445,0.8058,184,1213875.2803,11631.422113,138697.0006,153884.2548,15187.2542,205,1506456.5357,13,54778.06205801692,2677.844904297776,0.001695,,0.0,0.169682,8.8908,-98.0706,0.056586,-0.002761,0.0775,-0.7094,0.325706,0.052627,1.342,0.845141,0.007073,0.020445
2021-04-29 00:00:00+00:00,12,1.44,0.272,1.0,178,1325626.2864,-43509.2628,0.728,159,965040.8442,12224.131679,212806.6378,147778.8043,-65027.8335,178,1325626.2864,7,53933.60989972801,2739.715356014808,0.000203,,0.0,0.212263,-6.4096,-71.9043,0.045853,0.012218,-0.0119,-0.81,0.203697,0.041565,0.7654,0.843265,-0.001876,0.01659
2021-04-30 00:00:00+00:00,24,1.3295,0.3977,1.0,168,1203938.3749,-45149.3449,0.6023,99,725116.194,5142.194114,273272.6077,205549.5732,-67723.0345,168,1203938.3749,45,55240.509975923975,2763.092418410245,-0.001614,,0.0,0.276862,-14.6187,-64.2835,0.017928,0.011754,-0.0093,-0.8855,0.032352,0.008352,0.6746,0.851297,0.008031,0.013229
2021-05-01 00:00:00+00:00,16,2.142,0.1301,1.0,177,859772.9465,-48430.8544,0.8699,138,747922.1491,8948.802017,76251.9027,35598.8946,-40653.0081,177,859772.9465,23,57787.14470273657,2865.042488314541,-0.0037,,0.0,0.177997,-9.0705,-25.0963,0.012862,-0.008603,-0.1881,-2.6092,-0.036491,-0.005323,0.2427,0.804473,-0.046824,-0.040668
2021-05-02 00:00:00+00:00,14,1.506,0.2812,1.0,140,551955.6585,-35924.9722,0.7188,102,396752.4625,4549.203618,93270.507,61932.689,-31337.8181,140,551955.6585,24,56933.62356334296,2934.1990471523877,0.007054,,0.0,0.205861,-4.1637,-14.3461,0.011272,0.004057,0.0783,-1.8178,0.001919,0.000345,0.5933,0.771669,-0.032804,-0.071596
2021-05-03 00:00:00+00:00,29,1.1591,0.308,1.0,248,1372741.5101,-34727.3013,0.692,184,949924.7251,7890.421103,226988.1016,195828.6834,-31159.4182,248,1372741.5101,35,57913.33063358238,3163.949213641641,-0.004667,,0.0,0.285808,16.3744,-5.11,0.047942,-0.018452,0.0088,-1.6862,0.151049,0.038392,1.3474,0.784319,0.01265,-0.066978
2021-05-04 00:00:00+00:00,43,4.614,0.4563,1.0,284,2103987.3301,-119821.6185,0.5437,206,1143921.2595,24048.547378,789051.7711,171014.2995,-618037.4716,284,2103987.3301,35,55361.06766110851,3359.508993069101,0.001303,,0.0,0.359698,7.3793,-1.618,-0.065554,-0.004895,-0.0101,-1.7305,-0.261475,-0.084628,1.6305,0.807612,0.023293,0.003139
2021-05-05 00:00:00+00:00,21,1.0515,0.2235,1.0,277,1620965.8868,-123289.8978,0.7765,188,1258645.1981,11535.378807,185705.6947,176614.994,-9090.7007,277,1620965.8868,68,55857.03463834173,3371.7850054500395,-0.001658,,0.0,0.230631,-5.1258,-15.6346,0.028142,0.00995,-0.0003,-1.6829,0.023927,0.004409,1.5008,0.806564,-0.001048,0.034895
2021-05-06 00:00:00+00:00,20,4.2893,0.2521,1.0,170,1016853.5501,-136772.9332,0.7479,135,760519.2939,13289.398419,207871.6688,48462.5873,-159409.0815,170,1016853.5501,15,56961.44243755792,3490.5178390133938,0.001382,,0.0,0.264874,6.6641,-2.5609,0.01863,0.009618,0.0299,-1.3771,0.017291,0.004039,1.6466,0.812792,0.006228,0.028473
2021-05-07 00:00:00+00:00,22,3.1874,0.189,1.0,180,1788590.4658,-152326.1539,0.811,138,1450526.4762,17968.706422,257329.7843,80734.2053,-176595.579,180,1788590.4658,20,56831.14639798826,3483.220114579888,0.002297,,0.0,0.219193,-0.1161,11.9417,0.007233,0.008745,0.0469,-0.9325,-0.067789,-0.012803,1.1368,0.85137,0.038578,0.043758
2021-05-08 00:00:00+00:00,8,4.2155,0.0812,1.0,194,1519786.0862,-157381.914,0.9188,180,1396444.9397,6623.947831,99692.2377,23648.9087,-76043.329,194,1519786.0862,6,58493.920419752045,3644.1938015095625,-0.001769,,0.0,0.156035,58.1172,79.1295,0.019152,-0.024279,-0.0608,-1.4442,0.071513,0.009582,3.5248,0.852352,0.000983,0.045789
2021-05-09 00:00:00+00:00,21,1.7117,0.2758,1.0,220,869177.3103,-161894.6449,0.7242,159,629415.8073,7575.610775,151344.2187,88417.2842,-62926.9346,220,869177.3103,40,57983.90849460915,3906.329486758059,-0.004039,,0.0,0.227164,-2.7419,80.5513,0.016121,-0.01177,-0.0884,-2.1482,0.041185,0.008304,4.1877,0.805492,-0.04686,-0.007299
2021-05-10 00:00:00+00:00,34,2.1749,0.242,1.0,255,2298469.7845,-186847.0483,0.758,190,1742283.8932,15559.434037,381006.0666,175179.8248,-205826.2418,255,2298469.7845,31,57870.88936136875,4073.826059745288,0.003665,,0.0,0.27198,125.6666,189.8435,0.036052,0.013931,0.0836,-1.385,0.113538,0.0284,3.219,0.855386,0.049893,0.004016
2021-05-11 00:00:00+00:00,15,0.3076,0.2334,1.0,212,2450051.9229,-55302.8271,0.7666,181,1878262.7095,29718.812095,134508.5684,437280.645,302772.0766,212,2450051.9229,16,55839.25338226127,3991.154448967941,-0.003679,,0.0,0.229277,66.5033,248.9674,0.103646,-0.032405,-0.0704,-1.9259,0.451904,0.095271,4.1098,0.868637,0.013251,0.016284
2021-05-12 00:00:00+00:00,32,2.1977,0.1835,1.0,259,2089832.4202,-74523.3859,0.8165,198,1706356.7036,23384.349237,263555.1644,119920.5522,-143634.6122,259,2089832.4202,29,56091.80652117718,4224.24299564463,0.001811,,0.0,0.214195,-41.8017,212.2915,0.021862,0.019104,0.0338,-1.5971,0.036378,0.00669,2.2656,0.819056,-0.049581,0.013563
2021-05-13 00:00:00+00:00,21,1.4447,0.1697,1.0,278,2439931.2919,-62508.7785,0.8303,235,2025923.0341,7369.29006,244657.5438,169350.714,-75306.8298,278,2439931.2919,22,49873.32560057447,3834.4483692370154,0.001161,,0.0,0.189251,-108.2226,97.4049,0.009765,0.019604,-0.075,-2.1389,0.007032,0.001139,1.5607,0.834615,0.015559,-0.020771
2021-05-14 00:00:00+00:00,21,1.4603,0.2076,1.0,206,1193978.9695,-43904.951,0.7924,156,946119.8718,8310.22683,147113.9419,100745.1558,-46368.7861,206,1193978.9695,29,50179.98497567296,3963.7745510787463,0.002024,,0.0,0.190427,-35.1701,62.3509,0.017841,0.00732,0.0126,-1.9725,0.014923,0.002406,1.0144,0.815696,-0.018919,-0.052941
2021-05-15 00:00:00+00:00,15,2.8217,0.1445,1.0,159,882510.8076,-41725.3292,0.8555,132,754988.8519,10352.006106,94153.966,33367.9897,-60785.9764,159,882510.8076,12,48987.7416560851,3918.3622859692273,-0.002027,,0.0,0.152411,-31.0652,-26.8315,0.009239,-0.004754,-0.0088,-1.9837,0.003553,0.000459,1.4612,0.825411,0.009715,0.006355
2021-05-16 00:00:00+00:00,17,1.2151,0.1775,1.0,205,1031169.7499,-35274.0688,0.8225,156,848162.7562,8245.876814,100387.5528,82619.4409,-17768.1119,205,1031169.7499,32,47730.19335684378,3707.3308825359823,3.4e-05,,0.0,0.196735,-24.6205,-48.7101,0.005175,-0.0061,0.0394,-1.6265,-0.008968,-0.001563,0.7853,0.824341,-0.00107,-0.010274
2021-05-17 00:00:00+00:00,38,6.0661,0.3113,1.0,254,1793731.7624,-63053.4279,0.6887,195,1235424.8248,14870.243955,479294.3465,79012.5911,-400281.7553,254,1793731.7624,21,44381.240570594295,3393.1743035937347,0.00185,,0.0,0.308317,18.0789,-156.2978,-0.001072,0.016062,0.0798,-0.9763,-0.041768,-0.011697,0.2908,0.818395,-0.005946,0.002699
2021-05-18 00:00:00+00:00,21,4.0999,0.279,1.0,178,1310318.4026,-138050.0246,0.721,137,944751.4,12967.023195,293885.5517,71681.4509,-222204.1008,178,1310318.4026,20,44204.71135929148,3426.6430244414387,-0.000351,,0.0,0.31621,-5.7595,-228.5606,0.05544,0.005782,0.0614,-0.4812,0.129241,0.036957,0.1244,0.836418,0.018024,0.011008
2021-05-19 00:00:00+00:00,47,5.2571,0.2564,1.0,391,4876929.9619,-239062.076,0.7436,319,3626538.7221,29833.906006,1050555.1059,199836.1339,-850718.972,391,4876929.9619,25,39550.92810144155,2866.1932919022424,-0.002152,,0.0,0.30853,102.0444,-84.7145,0.022255,-0.028733,0.061,0.007,0.036285,0.010198,0.5981,0.848917,0.012499,0.024576
2021-05-20 00:00:00+00:00,49,8.1021,0.3654,1.0,283,3823181.4767,-384025.7993,0.6346,200,2426161.7486,27326.300971,1243536.3105,153483.4176,-1090052.8928,283,3823181.4767,34,40106.43390062442,2704.412936482392,-0.000663,,0.0,0.426959,-79.7188,-56.2107,-0.008864,0.000514,-0.1259,-0.9679,-0.056397,-0.022683,-0.0035,0.867743,0.018826,0.049349
2021-05-21 00:00:00+00:00,34,2.4624,0.2461,1.0,248,2143831.3713,-409232.7388,0.7539,181,1616289.6384,19525.281977,375179.5477,152362.1852,-222817.3625,248,2143831.3713,33,39194.81677537214,2628.1842726758755,0.002605,,0.0,0.269944,-30.5735,-51.6142,0.018,0.011817,0.0798,-0.3322,-0.010709,-0.002525,0.0828,0.840616,-0.027127,0.004198
2021-05-22 00:00:00+00:00,42,5.2783,0.5429,1.0,191,1883571.6508,-500088.1695,0.4571,115,861071.8036,24283.826775,859636.9192,162862.9279,-696773.9914,191,1883571.6508,34,37551.47324569042,2352.9789716940927,-0.002846,,0.0,0.531857,-20.9051,-41.4542,-0.000513,-0.010668,-0.0661,-0.8374,-0.036403,-0.018285,-0.7696,0.860078,0.019462,0.011161
2021-05-23 00:00:00+00:00,79,18.447,0.4704,1.0,296,2789057.0214,-665704.0493,0.5296,199,1477045.6707,22590.211544,1244545.3106,67466.0401,-1177079.2704,296,2789057.0214,18,35082.194965817005,2106.4354011041078,0.001397,,0.0,0.433773,44.5665,27.7329,-0.08765,0.011953,0.1898,0.66,-0.234338,-0.095307,-1.0209,0.819533,-0.040545,-0.048211
2021-05-24 00:00:00+00:00,34,4.67,0.6227,1.0,231,2915121.3623,-776381.0988,0.3773,157,1099754.8336,44494.226665,1495193.8152,320172.7134,-1175021.1018,231,2915121.3623,40,37070.07797912168,2358.953002813056,-0.000472,,0.0,0.613092,-34.0241,-24.3702,0.031177,0.006659,-0.0519,0.2736,0.025656,0.015005,-0.4764,0.863008,0.043475,0.022392
2021-05-25 00:00:00+00:00,26,5.3666,0.5432,1.0,207,2494176.1011,-877389.272,0.4568,152,1139295.9267,40459.165958,1142070.7438,212809.4306,-929261.3131,207,2494176.1011,29,38156.95079687823,2588.9400089811847,0.002302,,0.0,0.519816,-12.7791,-31.3898,0.00069,0.008348,-0.0605,-0.1998,-0.039099,-0.019179,-0.8386,0.864992,0.001985,0.004914
2021-05-26 00:00:00+00:00,18,1.9808,0.2437,1.0,212,1963842.4178,-778357.0258,0.7563,176,1485201.4055,22230.706645,318067.1305,160573.8819,-157493.2486,212,1963842.4178,18,39254.22131212457,2793.026059560727,0.000428,,0.0,0.259274,-3.8337,-137.2679,0.034097,-0.004394,-0.0029,-0.2113,0.08873,0.021112,-0.5854,0.856936,-0.008056,0.037403
2021-05-27 00:00:00+00:00,26,11.3598,0.5666,1.0,185,2508162.9884,-792807.8306,0.4334,137,1086987.9135,41675.992378,1306191.8007,114983.2742,-1191208.5266,185,2508162.9884,22,38850.73372251487,2776.5798956231047,-0.006095,,0.0,0.604913,-8.712,-66.2611,-0.028208,-0.007183,-0.0625,-0.7018,-0.090142,-0.051756,-0.9898,0.876352,0.019416,0.013344
2021-05-28 00:00:00+00:00,23,2.7183,0.4504,1.0,168,1672010.634,-810689.109,0.5496,119,918980.5819,16181.468413,550508.1816,202521.8705,-347986.311,168,1672010.634,26,36711.74436669944,2565.242334336887,0.002799,,0.0,0.363223,2.7266,-32.9609,0.041409,0.010591,0.1486,0.5108,0.087581,0.02986,-0.5917,0.87071,-0.005642,0.005718
2021-05-29 00:00:00+00:00,14,6.6848,0.5067,1.0,142,1843261.8725,-809850.3611,0.4933,114,909288.745,44825.044367,812437.9418,121535.1856,-690902.7562,142,1843261.8725,14,35347.07143184336,2410.6049365594977,-0.001128,,0.0,0.544833,-10.1719,-22.2277,0.044458,-0.024868,-0.204,-1.1264,0.058929,0.030895,-0.2148,0.894723,0.024013,0.037787
2021-05-30 00:00:00+00:00,14,3.6237,0.5807,1.0,112,1183582.4868,-697414.0335,0.4193,74,496250.3214,18853.837696,538678.5712,148653.5942,-390024.977,112,1183582.4868,24,35554.35574848946,2387.9218117639307,0.001331,,0.0,0.516868,-3.5062,-70.3004,0.02682,0.031201,-0.0362,-1.3859,0.03549,0.017763,-0.7002,0.898074,0.003352,0.021723
2021-05-31 00:00:00+00:00,13,2.2057,0.5021,1.0,120,724570.1536,-549103.1988,0.4979,86,360733.2526,11940.451401,250341.08,113495.821,-136845.259,120,724570.1536,21,36151.132550327566,2502.426168446964,0.000674,,0.0,0.336157,1.07,-35.2063,-0.007044,-0.030327,0.0527,-0.9391,-0.04061,-0.012677,-0.1805,0.86697,-0.031105,-0.00374
2021-06-01 00:00:00+00:00,21,1.6022,0.1614,1.0,124,1797205.001,-425940.1261,0.8386,90,1507170.4201,24598.719938,178577.1925,111457.3884,-67119.8041,124,1797205.001,13,36587.41134881774,2614.19474251684,0.00042,,0.0,0.227138,-0.0292,-22.4564,0.021192,0.015998,0.0257,-0.7149,0.088605,0.0185,-0.528,0.905512,0.038542,0.010789
2021-06-02 00:00:00+00:00,25,1.8249,0.2279,1.0,136,1017009.1434,-413108.7939,0.7721,97,785251.7014,11032.588642,149715.6828,82041.7592,-67673.9235,136,1017009.1434,14,37312.88913873324,2694.1466151800764,-0.001776,,0.0,0.240983,2.0556,-16.567,0.005609,0.005256,0.1266,0.3296,0.000829,0.000174,-1.0586,0.862288,-0.043223,-0.035786
2021-06-03 00:00:00+00:00,26,1.2212,0.4364,1.0,148,1109071.6995,-249822.9672,0.5636,90,625032.1733,6976.798959,266123.6328,217915.8934,-48207.7394,148,1109071.6995,32,38583.37619997541,2801.76740749081,0.000434,,0.0,0.376685,2.1903,-5.6647,0.055183,-0.000722,-0.127,-0.7037,0.125659,0.043094,-0.8258,0.857323,-0.004966,-0.009647
2021-06-04 00:00:00+00:00,30,7.3288,0.6785,1.0,131,1118373.795,-282479.9423,0.3215,78,359578.3213,27266.778234,667690.3051,91105.1685,-576585.1366,131,1118373.795,23,37164.345430244015,2692.2420220779272,-0.002477,,0.0,0.462411,-4.1553,-12.5467,-0.140356,0.002257,0.0508,-0.2579,-0.336549,-0.146578,-0.5288,0.875668,0.018345,-0.029843
2021-06-05 00:00:00+00:00,13,1.5025,0.3206,1.0,104,649279.2629,-189750.1283,0.6794,87,441148.9465,8383.343729,124962.1873,83168.1291,-41794.0582,104,649279.2629,4,36640.28284702416,2691.308123517633,0.000341,,0.0,0.316607,-6.9908,-9.3656,0.058561,-0.0076,-0.1069,-1.1691,0.188576,0.054595,-0.5459,0.867382,-0.008286,0.005094
2021-06-06 00:00:00+00:00,11,1.6165,0.2602,1.0,80,327002.9912,-136896.2072,0.7398,59,241923.4951,9155.070542,52563.513,32515.9831,-20047.5299,80,327002.9912,10,35988.5291744702,2694.52517506861,-0.026749,,0.0,0.232444,-3.4261,-9.2855,-0.00821,0.004824,-0.0391,-1.4919,-0.054976,-0.011127,-1.2119,0.841259,-0.026123,-0.016063
2021-06-07 00:00:00+00:00,15,1.0149,0.458,1.0,124,519620.1936,-117598.8372,0.542,82,281625.0906,5603.587814,119879.3858,118115.7172,-1763.6686,124,519620.1936,27,35982.004658989,2754.13124127724,0.021129,,0.0,0.308287,4.2302,-6.1254,0.049917,0.007218,0.1916,0.2407,0.173214,0.047743,-1.095,0.831614,-0.009645,-0.044054
2021-06-08 00:00:00+00:00,22,4.4522,0.3945,1.0,159,1979042.4893,-178625.6614,0.6055,116,1198365.2277,31399.003712,637492.4175,143184.8441,-494307.5734,159,1979042.4893,21,32983.495420300795,2506.669133835628,0.008469,,0.0,0.362931,3.5754,-2.5208,-0.077361,0.01557,0.153,1.6013,-0.243065,-0.081513,-1.3256,0.880442,0.048828,0.01306
2021-06-09 00:00:00+00:00,38,1.4253,0.3249,1.0,152,1147447.9028,-178296.5569,0.6751,96,774658.2184,10682.935494,219079.9384,153709.746,-65370.1924,152,1147447.9028,18,34792.88685690691,2528.44343257711,0.001361,,0.0,0.361955,-3.0336,-7.61,0.096253,-0.006151,-0.0766,0.9094,0.283901,0.093066,-1.0899,0.873798,-0.006644,0.032538
2021-06-10 00:00:00+00:00,13,1.0835,0.3118,1.0,114,758227.6867,-172763.8072,0.6882,91,521810.2616,12415.294483,122947.9581,113469.467,-9478.4911,114,758227.6867,10,37144.922800655695,2538.873664450742,-0.005308,,0.0,0.304399,-1.5076,-11.3078,0.055816,0.014445,-0.0159,0.7861,0.193175,0.052881,-0.8313,0.849197,-0.024601,0.017582
2021-06-11 00:00:00+00:00,18,1.0942,0.2619,1.0,124,821404.9515,-91776.4661,0.7381,86,606256.2935,14902.105434,112411.2036,102737.4543,-9673.7493,124,821404.9515,20,37075.41201276983,2438.6635115161957,0.004868,,0.0,0.271928,2.5798,-4.5727,0.025468,-0.002057,0.0939,1.6307,0.076951,0.018292,-1.6771,0.83401,-0.015186,-0.046432
2021-06-12 00:00:00+00:00,20,4.5166,0.2452,1.0,110,560425.5875,-98317.7607,0.7548,80,423030.7133,10547.850924,112488.9973,24905.8769,-87583.1204,110,560425.5875,10,35901.593019397944,2370.268759598491,-0.013755,,0.0,0.260074,-5.2744,-2.8563,-0.062711,-0.010761,-0.1247,0.5102,-0.285788,-0.065205,-1.0333,0.83595,0.00194,-0.037848
2021-06-13 00:00:00+00:00,12,1.3035,0.4917,1.0,79,368539.2418,-98865.1326,0.5083,56,187324.1614,5972.549391,102547.1067,78667.9737,-23879.1329,79,368539.2418,11,36417.2446113425,2395.943874360816,-0.014508,,0.0,0.349235,-3.0361,-2.4663,0.026925,-0.006872,-0.1462,-0.7984,0.075075,0.024101,-1.0491,0.851047,0.015097,0.001851
2021-06-14 00:00:00+00:00,12,1.5014,0.2046,1.0,106,1027963.3946,-104635.8376,0.7954,84,817647.2861,13448.062502,126237.3562,84078.7523,-42158.6039,106,1027963.3946,10,39746.70424794185,2526.6878661230026,0.017337,,0.0,0.257235,5.7618,-0.9348,0.013839,0.017397,0.1909,0.9717,0.052256,0.012279,-1.3025,0.88606,0.035013,0.05205
2021-06-15 00:00:00+00:00,20,3.9042,0.3081,1.0,113,757564.766,-53767.1017,0.6919,84,524146.4674,7489.080426,185822.3602,47595.9384,-138226.4219,113,757564.766,9,40282.29384501455,2584.0669086757043,0.005773,,0.0,0.305396,0.9675,-3.5426,-0.01012,0.001196,0.0206,1.1789,-0.050398,-0.013973,-0.2288,0.862595,-0.023465,0.026645
2021-06-16 00:00:00+00:00,11,1.0203,0.1922,1.0,125,1586246.2704,-44866.7495,0.8078,94,1281445.1874,18554.075578,153934.4051,150866.6779,-3067.7272,125,1586246.2704,20,39556.16442295657,2480.1300002425533,-0.003379,,0.0,0.219198,-1.3339,-1.8429,0.044867,0.00126,-0.0136,1.0523,0.202318,0.040105,-1.5488,0.882371,0.019776,0.031324
2021-06-17 00:00:00+00:00,10,2.6346,0.4229,1.0,112,1118381.4261,-73896.4144,0.5771,89,645464.5854,29746.858594,342801.493,130115.3478,-212686.1452,112,1118381.4261,13,38689.45572602807,2400.8946878232136,0.003393,,0.0,0.452855,2.2015,1.8661,0.045702,0.011936,0.0857,1.836,0.091832,0.039,-1.431,0.875161,-0.007209,-0.010899
2021-06-18 00:00:00+00:00,20,1.2954,0.3686,1.0,133,1063155.3901,-79720.0807,0.6314,100,671271.8068,10252.517208,221161.4983,170722.085,-50439.4133,133,1063155.3901,13,37137.352954514055,2289.6269335310058,-0.001098,,0.0,0.325421,-1.6038,-2.3175,0.034592,-0.014841,0.0095,1.8861,0.097938,0.028997,-1.2185,0.873901,-0.00126,0.011306
2021-06-19 00:00:00+00:00,14,2.171,0.3425,1.0,76,362628.8347,-73759.9049,0.6575,51,238436.9521,4751.270869,85026.8862,39164.9964,-45861.8898,76,362628.8347,11,35852.55814770159,2232.477827030008,-0.014927,,0.0,0.304887,-4.6934,-1.7365,-0.020493,-0.001472,-0.0476,1.4475,-0.083905,-0.022939,-1.6847,0.823871,-0.05003,-0.0585
2021-06-20 00:00:00+00:00,33,1.7793,0.4828,1.0,97,479632.0329,-79625.4526,0.5172,52,248045.3669,6048.088843,148262.3164,83324.3497,-64937.9667,97,479632.0329,12,35163.819667717755,2172.8124003450057,-0.008852,,0.0,0.397675,-0.1223,1.1774,-0.014049,-8.5e-05,-0.0474,1.0445,-0.041175,-0.015028,-1.1051,0.839861,0.01599,-0.0353
2021-06-21 00:00:00+00:00,26,0.7991,0.3143,1.0,173,1464366.6724,-66260.5262,0.6857,127,1004111.7997,7560.523667,204429.496,255825.3767,51395.8807,173,1464366.6724,20,33302.034967350635,2030.095336688695,0.025733,,0.0,0.336702,27.5369,22.9525,0.004435,-0.00573,0.1213,2.1116,0.021419,0.006556,-1.0231,0.854781,0.014919,-0.01912
2021-06-22 00:00:00+00:00,64,3.051,0.5264,1.0,184,2070581.296,-125341.5584,0.4736,104,980727.4619,13169.418199,820823.7407,269030.0934,-551793.6473,184,2070581.296,16,32084.689549485654,1902.3387927654203,0.002731,,0.0,0.50067,1.0542,23.0392,-0.047131,-0.009372,-0.0162,1.9249,-0.096227,-0.045181,-0.6287,0.871411,0.016631,0.04754
2021-06-23 00:00:00+00:00,24,1.6159,0.4381,1.0,159,771999.8311,-136278.8216,0.5619,107,433793.5507,7461.33877,208917.4251,129288.8553,-79628.5698,159,771999.8311,28,33825.92362948124,1985.533755495239,-0.004266,,0.0,0.384492,-22.1153,2.2577,0.049195,-0.00938,-0.1542,0.5457,0.109002,0.037687,-0.6601,0.798205,-0.073206,-0.041656
2021-06-24 00:00:00+00:00,17,3.1232,0.3872,1.0,112,1192909.5092,-139877.4973,0.6128,82,730962.9571,20052.69887,349911.7134,112034.8387,-237876.8746,112,1192909.5092,13,33767.79885961159,1962.606139682701,-0.000658,,0.0,0.348562,-2.0673,-2.011,-0.030232,-0.005379,-0.0444,0.1535,-0.113476,-0.036545,-0.8077,0.883298,0.085093,0.028517
2021-06-25 00:00:00+00:00,31,1.8922,0.4462,1.0,145,1230866.5276,-156876.0719,0.5538,84,681620.3208,10273.17486,359337.8212,189908.3856,-169429.4356,145,1230866.5276,30,33496.43077343512,1905.0668393410929,0.0017,,0.0,0.380341,2.6536,2.2463,0.028186,-0.012265,0.1051,1.0916,0.059104,0.02065,-0.5665,0.869031,-0.014267,-0.00238
2021-06-26 00:00:00+00:00,26,2.1032,0.3699,1.0,103,419453.4647,-158203.3701,0.6301,63,264314.8934,5827.374926,105145.7745,49992.7969,-55152.9776,103,419453.4647,14,31612.9543190191,1795.2844538654683,-0.009112,,0.0,0.309856,-6.4856,0.4541,-0.007709,0.00318,-0.0405,0.7313,-0.038473,-0.010673,-0.3932,0.837385,-0.031646,0.03918
2021-06-27 00:00:00+00:00,35,3.7947,0.4786,1.0,84,396301.2374,-164719.5473,0.5214,45,206635.152,7184.809956,150108.6462,39557.4393,-110551.2069,84,396301.2374,4,33075.57428065893,1854.0793976238467,-0.013233,,0.0,0.474895,-2.1436,-1.5672,-0.043903,-0.003597,-0.1189,-0.3218,-0.103109,-0.046096,-0.9475,0.855823,0.018437,-0.027475
2021-06-28 00:00:00+00:00,18,0.677,0.4078,1.0,131,712712.2094,-164065.0734,0.5922,91,422085.7153,6156.008933,117324.648,173301.846,55977.198,131,712712.2094,22,34536.80773259253,2038.998958610932,0.019859,,0.0,0.300997,7.5945,-21.5095,0.034559,-0.051028,-0.1742,-1.8454,0.130251,0.035955,0.568,0.877702,0.02188,0.008671
2021-06-29 00:00:00+00:00,16,2.2801,0.2672,1.0,130,890066.4042,-98494.9354,0.7328,98,652268.8519,10128.573288,165300.1167,72497.4356,-92802.6811,130,890066.4042,16,35601.15676633517,2173.875545222611,0.0031,,0.0,0.261454,2.2559,-20.3078,-0.011978,0.074392,0.2186,0.1313,-0.101315,-0.022481,-1.0488,0.852968,-0.024735,0.015582
2021-06-30 00:00:00+00:00,23,0.8735,0.3933,1.0,116,786220.2399,-84137.3794,0.6067,78,477036.4767,9711.322025,144154.7205,165029.0427,20874.3221,116,786220.2399,15,35000.56444109483,2163.634470662913,-0.000743,,0.0,0.328129,-1.3005,0.5071,0.046296,-0.002386,0.0525,0.5982,0.153325,0.046445,-0.3116,0.869368,0.0164,0.013545
2021-07-01 00:00:00+00:00,18,0.2698,0.4064,1.0,111,1563810.2944,2045.8482,0.5936,82,928354.7678,39550.775657,135024.904,500430.6227,365405.7187,111,1563810.2944,11,33820.49456516449,2154.166895620141,-3.5e-05,,0.0,0.353692,-0.1252,2.4491,0.126565,-0.007816,-0.0624,0.0305,0.371913,0.12585,-0.0864,0.917671,0.048303,0.039968
2021-07-02 00:00:00+00:00,18,0.3687,0.6506,1.0,108,1542253.5015,92366.1028,0.3494,68,538856.951,57965.257524,270292.1022,733104.4483,462812.3461,108,1542253.5015,22,33376.29444613538,2085.101860738672,-0.005367,,0.0,0.505073,-5.52,-5.7244,0.218186,0.006387,0.0588,0.561,0.446002,0.217321,-0.4449,0.913344,-0.004327,0.060376
2021-07-03 00:00:00+00:00,10,0.4175,0.2408,1.0,76,246193.3992,103725.9589,0.7592,58,186898.31,5670.029954,17464.5369,41830.5523,24366.0154,76,246193.3992,8,34374.57130443766,2196.684269774333,-0.004878,,0.0,0.201753,-2.7292,-1.9681,0.041289,0.018857,0.0662,1.1423,0.227883,0.03781,-1.0284,0.817716,-0.095628,-0.051652
2021-07-04 00:00:00+00:00,13,1.8252,0.4117,1.0,77,352149.7607,113469.8591,0.5883,58,207178.2477,6143.601869,93657.7094,51313.8035,-42343.9059,77,352149.7607,6,35336.784370779795,2309.218889654669,-0.002568,,0.0,0.353949,-0.2745,-0.0991,0.027981,0.00797,-0.0386,0.8039,0.086128,0.027461,-1.2518,0.829547,0.011831,-0.088123
2021-07-05 00:00:00+00:00,11,0.777,0.2451,1.0,102,371029.822,107103.7584,0.7549,82,280072.4658,5685.014493,39771.4316,51185.9247,11414.4931,102,371029.822,9,34210.94924409491,2257.497486508895,-0.000605,,0.0,0.198906,2.3338,-5.3598,0.005766,-0.019452,-0.0164,0.6593,0.040407,0.006835,-0.9778,0.854532,0.024985,-0.058812
2021-07-06 00:00:00+00:00,15,0.6067,0.4072,1.0,141,750626.7598,131048.9857,0.5928,105,445005.9326,6878.47918,115403.4583,190217.3689,74813.9106,141,750626.7598,21,34210.014476022174,2297.4648803361,0.012351,,0.0,0.319872,39.0231,31.4074,0.086786,0.049841,0.3729,3.7015,0.273318,0.07785,-1.3754,0.799646,-0.054886,-0.01807
2021-07-07 00:00:00+00:00,13,2.0187,0.2873,1.0,119,929980.9036,115184.6074,0.7127,84,662763.9701,8990.104286,178696.6298,88520.3037,-90176.3261,119,929980.9036,22,34614.456981397496,2362.5412387781616,0.003827,,0.0,0.271598,-15.7425,16.9654,-0.002557,-0.00452,-0.1798,2.1285,-0.014902,-0.003657,-0.4992,0.871075,0.071429,0.041527
2021-07-08 00:00:00+00:00,26,4.5316,0.6203,1.0,143,1412827.8251,-16943.4622,0.3797,89,536485.1629,28263.793917,717916.7155,158425.9467,-559490.7688,143,1412827.8251,28,32984.43996668403,2196.209043069433,-0.001539,,0.0,0.644969,-3.0105,14.0801,0.063499,-0.016745,-0.0217,1.9134,0.092713,0.057426,-0.8078,0.881124,0.01005,0.026593
2021-07-09 00:00:00+00:00,26,2.5059,0.6661,1.0,101,782476.0787,-115041.7931,0.3339,55,261268.93,11142.432408,372541.5595,148665.5892,-223875.9703,101,782476.0787,20,33221.36027515036,2130.1920776314405,-0.001018,,0.0,0.552226,-8.8686,10.7315,0.074601,-0.002703,-0.0242,1.67,0.133637,0.07061,-0.7239,0.88699,0.005865,0.087344
2021-07-10 00:00:00+00:00,13,1.9843,0.4693,1.0,75,578783.4791,-131322.1172,0.5307,51,307137.7095,10819.891655,180621.0114,91024.7582,-89596.2532,75,578783.4791,11,33803.490820545085,2126.1260755479752,-0.004908,,0.0,0.476427,-10.4561,3.0046,0.08528,0.01615,0.0042,1.6574,0.180801,0.081483,-1.3933,0.865796,-0.021194,-0.005279
2021-07-11 00:00:00+00:00,12,2.4395,0.3739,1.0,62,183747.1512,-129380.2833,0.6261,43,115049.6132,3979.452066,48724.3033,19973.2348,-28751.0685,62,183747.1512,7,33876.2724695186,2129.470066283224,-0.008593,,0.0,0.329534,-3.0403,0.2389,-0.023245,0.001799,-0.0694,1.1032,-0.092371,-0.026943,-1.3491,0.801287,-0.064508,-0.079837
2021-07-12 00:00:00+00:00,18,0.9299,0.3803,1.0,116,961288.1363,-129114.0412,0.6197,87,595732.5958,10241.653576,176138.6763,189416.8642,13278.1879,116,961288.1363,11,33785.08222705023,2106.57971587939,0.013453,,0.0,0.295536,13.1519,11.057,0.055828,0.008982,0.0924,1.7753,0.194093,0.053147,-1.0513,0.887088,0.0858,9.8e-05
2021-07-13 00:00:00+00:00,14,0.7283,0.3863,1.0,117,729295.5139,-133476.2447,0.6137,83,447596.5242,8113.759942,118710.2519,162988.7378,44278.4859,117,729295.5139,20,32940.283122550514,2001.748305234375,0.003058,,0.0,0.287695,4.8701,-23.096,0.04134,-0.013895,-0.038,1.4519,0.127487,0.032449,-1.0156,0.849087,-0.038001,-0.016709
2021-07-14 00:00:00+00:00,19,2.9183,0.6105,1.0,129,1372519.1127,-179196.8474,0.3895,79,534601.2807,24142.074011,624069.1884,213848.6436,-410220.5448,129,1372519.1127,31,32552.717863165115,1953.020243208272,-0.002577,,0.0,0.593407,9.704,2.3504,-0.010082,-0.008325,0.04,1.7048,-0.022996,-0.013114,-0.6466,0.88693,0.037843,0.085642
2021-07-15 00:00:00+00:00,21,2.4317,0.5554,1.0,109,720452.7475,-123116.141,0.4446,65,320348.0411,10402.707827,283515.2653,116589.4412,-166925.8241,109,720452.7475,23,32237.12032044266,1950.0959752512429,0.001533,,0.0,0.4321,-0.7059,4.6551,-0.004733,-0.003282,-0.0357,1.4081,-0.023526,-0.00949,-0.4011,0.854888,-0.032042,-0.0322
2021-07-16 00:00:00+00:00,13,1.5193,0.279,1.0,107,1606900.6549,-104333.4716,0.721,75,1158623.2835,55575.729083,270337.328,177940.0434,-92397.2846,107,1606900.6549,19,31790.255339155585,1910.9498807160755,0.000706,,0.0,0.294603,-3.6519,9.8718,0.00022,-0.004652,-0.0349,1.1273,-0.008349,-0.002298,-0.7283,0.906204,0.051316,0.057117
2021-07-17 00:00:00+00:00,19,1.0109,0.4022,1.0,80,395362.9446,-91656.877,0.5978,51,236339.9197,7679.556055,79941.5579,79081.467,-860.0908,80,395362.9446,10,31636.65448833629,1890.8270890304157,0.000651,,0.0,0.343008,-10.0698,10.2581,-0.011722,0.012091,-0.045,0.788,-0.029018,-0.008817,-0.7525,0.821106,-0.085098,-0.065823
2021-07-18 00:00:00+00:00,24,1.2866,0.5953,1.0,74,377303.3338,-91571.1495,0.4047,37,152677.7276,10478.10539,126388.2913,98237.315,-28150.9763,74,377303.3338,13,31830.02322941828,1943.1334060802824,-0.001154,,0.0,0.406759,-3.2795,10.0189,-0.002403,-0.01525,0.0685,1.2567,-0.013743,-0.005166,-1.0969,0.836795,0.015689,-0.018093
2021-07-19 00:00:00+00:00,7,0.8829,0.424,1.0,102,768978.2649,-90570.1404,0.576,81,442913.1957,16847.305109,152889.9086,173175.1605,20285.2519,102,768978.2649,14,31261.5899440885,1860.7386914325175,-0.001964,,0.0,0.352195,2.9548,-0.1782,0.066436,0.01047,-0.0549,0.8438,0.197106,0.064563,-1.0768,0.87336,0.036565,-0.032844
2021-07-20 00:00:00+00:00,28,1.2932,0.3873,1.0,122,659348.423,-101559.4141,0.6127,82,404004.0665,5687.885553,143995.3933,111348.9633,-32646.43,122,659348.423,12,29936.71710347192,1774.8970034296024,-3.9e-05,,0.0,0.395251,2.9512,-2.0971,-0.033284,-0.010811,-0.0135,0.7298,-0.101102,-0.036381,-0.8639,0.840901,-0.032459,0.019795
2021-07-21 00:00:00+00:00,19,4.834,0.3252,1.0,111,1200470.0734,-79607.0837,0.6748,88,810085.3342,23900.63289,323469.4854,66915.2537,-256554.2317,111,1200470.0734,4,31207.65449500245,1896.0189239530143,0.001386,,0.0,0.384472,-6.7663,-18.5674,-0.029126,-0.010853,-0.0348,0.4684,-0.085812,-0.030993,-0.7147,0.889238,0.048337,0.052443
2021-07-22 00:00:00+00:00,12,1.7002,0.2843,1.0,97,958278.6225,-65852.2936,0.7157,76,685849.8969,7104.758465,171535.5095,100893.2161,-70642.2935,97,958278.6225,9,32194.866850016017,2001.9529422187643,0.001044,,0.0,0.305614,3.3076,-14.5539,-0.002879,0.01317,-0.0182,0.3351,-0.017923,-0.005089,-0.6627,0.891005,0.001767,0.017645
2021-07-23 00:00:00+00:00,15,1.0404,0.2965,1.0,91,713803.2841,-53251.6873,0.7035,64,502190.1937,16527.469864,107903.0655,103710.0249,-4193.0405,91,713803.2841,12,32522.38116544714,2055.5054850810425,0.001738,,0.0,0.292997,-3.6332,-14.5352,0.027049,-0.012358,-0.0273,0.1194,0.09056,0.024258,-0.5256,0.868812,-0.022193,0.027911
2021-07-24 00:00:00+00:00,25,1.4608,0.4984,1.0,91,373222.6508,-58104.7633,0.5016,59,187216.082,6505.263286,110419.096,75587.4728,-34831.6232,91,373222.6508,7,33894.09243722408,2149.7644412406366,-0.001237,,0.0,0.430369,-4.3831,-8.8485,0.010898,-0.006697,-0.0382,-0.1854,0.014863,0.005975,-0.4745,0.830961,-0.03785,-0.058276
2021-07-25 00:00:00+00:00,24,0.9669,0.3786,1.0,80,244552.3896,-53860.5731,0.6214,44,151973.964,5150.765055,45510.035,47068.3906,1558.3556,80,244552.3896,12,34367.30304659441,2158.4332340359674,-0.001571,,0.0,0.290399,2.1494,-3.4196,-0.004688,0.010484,0.0515,0.1883,-0.01341,-0.00338,-0.6705,0.794609,-0.036352,-0.096395
2021-07-26 00:00:00+00:00,27,0.9631,0.3734,1.0,140,995939.0487,-55760.5872,0.6266,92,624087.767,9450.123229,182433.0644,189418.2173,6985.1529,140,995939.0487,21,38236.021684049374,2321.2178837862057,0.00329,,0.0,0.377816,17.8106,11.4362,0.029834,-0.013516,0.0299,0.4026,0.088385,0.031097,-0.3239,0.86828,0.07367,-0.000532
2021-07-27 00:00:00+00:00,36,1.4282,0.4532,1.0,119,888320.4916,-61240.81,0.5468,66,485692.3662,11071.394105,236818.0576,165810.0678,-71007.9898,119,888320.4916,17,37707.78434286219,2237.929261124738,0.000295,,0.0,0.444942,-8.3071,0.1779,0.019801,-0.040573,-0.2746,-1.6271,0.040189,0.017064,0.6655,0.884715,0.016435,0.053753
2021-07-28 00:00:00+00:00,27,2.6958,0.2872,1.0,100,773123.3108,-39142.6385,0.7128,59,551113.2874,18911.700917,161938.5273,60071.4962,-101867.0311,100,773123.3108,14,39803.89830016024,2297.187301532213,0.000679,,0.0,0.340307,5.2793,12.2235,-0.002402,0.016778,0.0447,-1.2699,-0.022541,-0.007119,0.206,0.863502,-0.021213,0.068892
2021-07-29 00:00:00+00:00,12,1.5204,0.2736,1.0,97,1074619.8685,-37724.1554,0.7264,76,780576.046,18325.844619,177378.3673,116665.4553,-60712.912,97,1074619.8685,9,39888.17227537144,2307.560570588306,-0.002655,,0.0,0.32273,-4.1346,4.7813,0.022808,0.041723,0.1778,0.0377,0.06244,0.018873,-0.3449,0.886553,0.023052,0.018274
2021-07-30 00:00:00+00:00,14,0.8864,0.2169,1.0,111,951297.2052,-35350.7054,0.7831,84,744953.9504,14826.525649,96961.0726,109382.1823,12421.1097,111,951297.2052,13,39625.74334738018,2383.674563482779,-0.001008,,0.0,0.25357,7.3375,15.752,0.01919,-0.004746,0.0123,0.111,0.065863,0.014937,-0.0852,0.86336,-0.023193,-0.021354
2021-07-31 00:00:00+00:00,15,4.606,0.5793,1.0,96,1042174.8652,-85849.8685,0.4207,66,438470.6424,32714.886152,496014.9939,107689.2289,-388325.765,96,1042174.8652,15,41647.84764566408,2462.5780204324938,0.001529,,0.0,0.595824,-7.6252,12.5099,0.024954,0.006122,-0.038,-0.183,0.034936,0.02001,-0.477,0.878934,0.015573,0.015432
2021-08-01 00:00:00+00:00,21,1.9171,0.4334,1.0,101,549021.063,-96760.3384,0.5666,69,311056.2015,8683.267957,156389.8975,81574.964,-74814.9335,101,549021.063,11,41547.29060156882,2597.8353009137736,0.000258,,0.0,0.354797,2.2456,12.606,0.012084,-0.005659,0.029,0.024,0.013525,0.004434,-0.1995,0.835021,-0.043913,-0.051533
2021-08-02 00:00:00+00:00,29,1.1222,0.3949,1.0,115,520296.2085,-99448.5466,0.6051,74,314853.5267,4656.592638,108637.4933,96805.1884,-11832.3049,115,520296.2085,12,39684.34256105122,2598.1122268364584,0.000604,,0.0,0.358573,4.0187,-1.1859,-0.017129,-0.004322,-0.0352,-0.2522,-0.053983,-0.017409,-0.1124,0.82896,-0.006061,-0.034401
2021-08-03 00:00:00+00:00,11,1.2843,0.279,1.0,124,892895.5729,-93734.3893,0.721,99,643736.3261,8530.782843,140084.0676,109075.1792,-31008.8884,124,892895.5729,14,38581.01886389272,2517.115956062492,-0.00331,,0.0,0.319386,6.7215,13.8427,0.011055,0.00191,0.1254,0.6832,0.026071,0.007588,0.1874,0.857163,0.028204,-0.02177
2021-08-04 00:00:00+00:00,28,1.2745,0.4261,1.0,132,955510.6175,-86202.4411,0.5739,91,548354.3905,9008.823721,228149.8103,179006.4167,-49143.3936,132,955510.6175,13,38716.75717028139,2581.782817425528,0.002507,,0.0,0.365482,-2.0809,6.4826,0.010996,0.004926,0.0046,0.7015,0.022549,0.007593,-0.3189,0.857769,0.000606,0.022749
2021-08-05 00:00:00+00:00,24,1.1916,0.3434,1.0,127,856183.2519,-81201.6164,0.6566,91,562148.9499,7871.228587,159870.7206,134163.5814,-25707.1392,127,856183.2519,12,39373.70813634563,2718.6362636969275,-0.225476,,0.0,0.33534,10.1719,20.789,0.010754,-0.006764,0.0559,1.1041,0.025893,0.007949,-0.601,0.854412,-0.003358,0.025452
2021-08-06 00:00:00+00:00,22,0.6241,0.3764,1.0,142,924549.9152,-71469.3384,0.6236,101,576541.8721,8193.915128,133730.4936,214277.5496,80547.056,142,924549.9152,19,41285.69807936501,2815.305159730902,-0.244699,1053.1854,0.7071,0.322944,-2.4589,10.9926,0.058375,0.030123,-0.0382,0.7955,0.181321,0.053045,-0.1951,0.849148,-0.005263,-0.008015
2021-08-07 00:00:00+00:00,20,1.6793,0.2871,1.0,123,668704.0169,-22947.64,0.7129,95,476729.1859,8615.178847,120324.3538,71650.4773,-48673.8765,123,668704.0169,8,43528.285265032864,3020.6142004464814,0.000387,111.1914,0.6617,0.302935,2.237,20.8549,0.012372,-0.005904,0.042,1.0941,0.036426,0.009821,-0.1224,0.824194,-0.024954,-0.033575
2021-08-08 00:00:00+00:00,30,6.2453,0.6389,1.0,104,492629.9687,-44813.0242,0.3611,65,177871.2123,8472.60507,271315.6895,43443.0669,-227872.6226,104,492629.9687,9,44336.02421498702,3087.161951099761,-0.000913,-26.8809,0.5323,0.533001,-8.6742,9.9351,-0.001953,-0.001159,-0.0977,0.3299,-0.009621,-0.004808,-0.0863,0.824753,0.000558,-0.029659
2021-08-09 00:00:00+00:00,21,1.0574,0.4099,1.0,128,1203156.2528,-45089.8819,0.5901,86,709964.0412,10255.710278,253481.2603,239710.9512,-13770.309,128,1203156.2528,21,44858.05740839054,3053.434152942875,6.6e-05,56.1442,0.5553,0.350958,8.0378,13.9542,0.035341,-0.000724,0.1281,1.2948,0.101423,0.033236,0.1017,0.877793,0.05304,0.028645
2021-08-10 00:00:00+00:00,20,0.6893,0.4201,1.0,122,828791.9735,-31510.8763,0.5799,88,480576.5163,9399.022529,142085.6533,206129.8039,64044.1506,122,828791.9735,14,45627.27194568026,3133.291137948601,0.000323,1066.2732,1.571,0.359365,1.6456,8.8784,0.073479,0.003573,-0.0324,1.0216,0.222646,0.07296,0.5338,0.853781,-0.024012,0.029587
2021-08-11 00:00:00+00:00,19,1.1147,0.3467,1.0,137,634120.0031,-26194.4606,0.6533,99,414255.2176,7155.168774,115896.6345,103968.1511,-11928.4833,137,634120.0031,19,46053.95176322997,3207.065280586996,-0.000349,-86.8279,1.1671,0.304537,6.8337,17.7929,0.037897,0.007786,0.0365,1.2887,0.131651,0.034986,0.9527,0.812022,-0.041759,-0.012731
2021-08-12 00:00:00+00:00,17,1.086,0.3702,1.0,110,678236.6404,-24000.6142,0.6298,82,427167.9626,7222.718893,130709.4461,120359.2317,-10350.2143,110,678236.6404,11,44962.29804731271,3111.96807820693,-0.000553,-273.8546,0.7297,0.33066,-8.943,-1.322,0.034663,-0.000892,-0.0505,0.8722,0.103818,0.031089,-0.0217,0.839264,0.027242,-0.038529
2021-08-13 00:00:00+00:00,19,1.4991,0.3012,1.0,110,824156.882,-42590.5664,0.6988,81,575900.3905,15620.725227,148919.5504,99336.9411,-49582.6094,110,824156.882,10,46109.23821320572,3195.2269434174905,0.00035,-202.5585,0.4273,0.287607,1.7029,2.8398,0.029958,0.008154,-0.0098,0.7785,0.109652,0.028193,-0.6915,0.847407,0.008143,-0.006374
2021-08-14 00:00:00+00:00,21,6.6241,0.4486,1.0,99,518171.5781,-60132.9112,0.5514,63,285724.5822,9997.256236,201958.6432,30488.3526,-171470.2906,99,518171.5781,15,47136.855665841664,3275.003996195845,4.8e-05,-529.7425,-0.3125,0.409743,-4.3874,-3.7847,-0.006257,0.00449,0.0136,0.875,-0.028904,-0.01084,-0.283,0.819048,-0.028359,0.007026
2021-08-15 00:00:00+00:00,22,3.61,0.6477,1.0,90,597740.2487,-58891.3005,0.3523,55,210605.8945,23634.232985,303157.8508,83976.5035,-219181.3473,90,597740.2487,13,46450.345441308666,3209.308952287833,0.000584,1056.4565,1.1349,0.577878,-6.7841,-1.8945,0.002053,-0.004394,-0.0371,0.5453,-0.006596,-0.003607,-0.0553,0.834979,0.015931,-0.004285
2021-08-16 00:00:00+00:00,21,1.5967,0.4133,1.0,133,1033323.3687,-70941.7914,0.5867,94,606296.6244,10223.456287,262575.2449,164451.4994,-98123.7455,133,1033323.3687,18,46930.71162661095,3254.5106568203664,-0.000872,-507.4799,0.3711,0.367675,14.7271,4.7948,0.030752,-0.015048,0.0304,0.7857,0.079727,0.027119,0.6401,0.852865,0.017886,0.005457
2021-08-17 00:00:00+00:00,15,0.6991,0.3757,1.0,125,827392.1362,-72226.321,0.6243,97,516510.9013,9166.298834,127914.3956,182966.8393,55052.4437,125,827392.1362,13,46028.0341109494,3171.257093705166,-8e-05,-435.4985,-0.2843,0.3328,-4.839,-1.6898,0.069537,0.00263,0.0371,1.079,0.218881,0.066222,2.1662,0.841091,-0.011773,0.022043
2021-08-18 00:00:00+00:00,30,1.4927,0.3284,1.0,153,740276.0554,-77386.0516,0.6716,104,497184.301,7405.880766,145569.176,97522.5783,-48046.5977,153,740276.0554,19,45163.67827639605,3048.2624046146,-0.000148,-464.4422,-0.9524,0.273816,-7.1523,-15.6758,0.011614,0.010526,-0.0164,0.9203,0.032613,0.007931,-0.7176,0.806323,-0.034769,-0.028656
2021-08-19 00:00:00+00:00,25,1.0782,0.3961,1.0,121,691857.9033,-77379.9025,0.6039,84,417828.0719,7771.35429,142168.5011,131861.3303,-10307.1707,121,691857.9033,12,45217.993615383086,3042.914856091255,-0.000583,-308.2993,-1.3046,0.330457,-4.3609,-11.0937,0.040485,-0.00497,-0.1107,-0.0314,0.123532,0.036912,1.4785,0.831994,0.025672,-0.02087
2021-08-20 00:00:00+00:00,19,1.112,0.2365,1.0,121,1063862.4222,-72202.3908,0.7635,81,812293.1691,15584.122083,132454.6401,119114.613,-13340.0271,121,1063862.4222,21,47684.6961955207,3230.6091656603144,0.00119,-78.2682,-1.2978,0.250638,2.0993,-10.6973,0.021484,0.00369,0.0327,0.2326,0.084978,0.019035,1.3605,0.856063,0.024069,0.014972
2021-08-21 00:00:00+00:00,12,1.0982,0.4013,1.0,98,392391.7741,-48759.7979,0.5987,69,234941.2513,6390.817481,82411.3316,75039.1911,-7372.1405,98,392391.7741,17,49043.81815558821,3269.478400481123,0.000418,-419.9312,-1.6872,0.347953,-5.9778,-12.2876,0.047347,0.005177,0.0128,0.3421,0.136565,0.042212,0.1639,0.781647,-0.074416,-0.024676
2021-08-22 00:00:00+00:00,18,1.9257,0.3482,1.0,102,444657.7106,-24446.5742,0.6518,78,289831.5355,7345.615159,101907.4782,52918.697,-48988.7812,102,444657.7106,6,48873.05430239629,3221.16781964327,-0.000328,34.0917,-1.4829,0.31628,1.2857,-4.2179,-0.002904,0.018995,0.0875,1.0763,-0.032994,-0.0092,0.4749,0.788277,0.00663,-0.043718
2021-08-23 00:00:00+00:00,30,3.0767,0.5435,1.0,147,955695.5625,-48227.5035,0.4565,95,436282.991,17144.321187,392001.411,127411.1604,-264590.2506,147,955695.5625,22,49815.0234690845,3318.540603835864,-0.000465,2290.2372,1.4398,0.462022,24.0252,5.0802,0.002076,-0.013176,-0.0008,1.0465,-0.000487,-0.000209,0.3104,0.81476,0.026484,-0.041303
2021-08-24 00:00:00+00:00,19,4.587,0.64,1.0,141,1536011.6662,-146252.5239,0.36,93,552998.1402,50803.918166,807068.1128,175945.4132,-631122.6996,141,1536011.6662,29,48964.26836634072,3276.1750527641507,-0.000473,1804.1568,2.7787,0.479494,17.1208,27.04,-0.187702,0.013912,0.0712,1.6094,-0.423927,-0.192278,1.2437,0.854954,0.040193,0.073307
2021-08-25 00:00:00+00:00,15,0.4546,0.2217,1.0,126,1190038.1327,-125256.2142,0.7783,87,926170.8715,23602.165364,82469.8456,181397.4157,98927.5701,126,1190038.1327,24,48268.49729910817,3189.0147989557754,0.000126,1212.6492,2.9086,0.249109,12.2265,46.4189,0.053002,-0.01087,-0.0105,1.4851,0.210328,0.046299,0.5296,0.843111,-0.011843,0.054834
2021-08-26 00:00:00+00:00,18,1.4385,0.385,1.0,112,633504.6933,-130049.5697,0.615,81,389592.8906,7336.69533,143886.2308,100025.5719,-43860.659,112,633504.6933,13,47442.72525578425,3137.0357770171454,-7.4e-05,-116.3119,2.3481,0.329056,-4.8709,45.9089,0.018513,0.000925,0.0122,1.5482,0.039338,0.011524,0.6088,0.800245,-0.042866,-0.014516
2021-08-27 00:00:00+00:00,18,1.7601,0.3268,1.0,111,866190.2254,-139279.168,0.6732,80,583137.0673,10307.240031,180500.1866,102552.9715,-77947.2151,111,866190.2254,13,47760.82626880446,3172.1331968732807,0.00099,2839.4978,3.08,0.307886,5.1214,48.931,0.035601,-0.005477,-0.0607,1.0251,0.098396,0.027333,0.0782,0.830049,0.029804,-0.024905
2021-08-28 00:00:00+00:00,16,0.6072,0.32,1.0,105,493330.0555,-132713.5563,0.68,73,335456.8944,9009.80783,59643.0099,98230.1512,38587.1413,105,493330.0555,16,48935.39177911709,3247.6555887601844,-0.002431,-3387.0589,1.2852,0.260351,-17.2643,37.6444,0.066691,-0.002249,-0.0712,0.4076,0.261609,0.058054,0.4389,0.769233,-0.060816,-0.073878
2021-08-29 00:00:00+00:00,24,4.907,0.6073,0.9761,114,609014.6891,-161517.792,0.3927,91,245045.6533,18250.271569,314763.9956,64145.5643,-250618.4313,129,623955.2133,14,48704.0299648791,3216.302903647728,0.001814,604.9518,1.4801,0.522277,1.8033,38.162,-0.00849,0.008075,0.0896,1.1607,-0.041457,-0.019901,0.0868,0.738277,-0.030956,-0.061967
2021-08-30 00:00:00+00:00,24,1.1795,0.3996,1.0,152,712945.3784,-127071.5753,0.6004,103,428067.5204,6344.262564,154172.2957,130705.5624,-23466.7333,152,712945.3784,25,48198.10569661784,3228.51961023378,-0.000499,1716.9274,2.0588,0.323584,16.1711,30.3079,0.019216,-0.001091,0.0196,1.3059,0.059807,0.017059,0.2141,0.788195,0.049918,-0.041854
2021-08-31 00:00:00+00:00,27,1.1204,0.3534,1.0,161,1035627.3061,-39880.7099,0.6466,108,669588.822,9537.805868,193412.563,172625.9211,-20786.6419,161,1035627.3061,26,47383.72315572647,3338.4782428194007,0.000523,870.4569,2.1678,0.334937,12.7405,25.9276,0.026222,-0.023043,-0.1141,0.2951,0.078771,0.023759,1.2017,0.838,0.049805,0.068767
2021-09-01 00:00:00+00:00,40,2.3539,0.4535,1.0,171,1057941.2266,-81683.3972,0.5465,114,578131.5481,10615.925126,336750.4597,143059.2188,-193691.2409,171,1057941.2266,17,47693.09432880484,3570.3021865860715,-0.000618,525.2661,2.1292,0.440042,6.4577,20.1588,0.028421,-0.007941,-0.0431,-0.1032,0.058066,0.023181,0.7232,0.804744,-0.033256,0.066467
2021-09-02 00:00:00+00:00,25,1.5389,0.3053,1.0,173,1361741.2275,-88024.4282,0.6947,124,945981.1427,8886.248056,252003.9805,163756.1043,-88247.8761,173,1361741.2275,24,49623.86384419157,3772.5635252635216,2e-06,-1329.989,1.5242,0.301288,-6.0453,18.9843,0.023175,-0.003824,0.0094,-0.0334,0.065971,0.017723,0.3754,0.844608,0.039864,0.056413
2021-09-03 00:00:00+00:00,29,2.228,0.3333,1.0,148,956775.8989,-94219.8794,0.6667,107,637871.9591,8393.917301,220109.6565,98794.2833,-121315.3732,148,956775.8989,12,49895.78659908954,3885.031975029214,0.000258,3710.2591,2.5138,0.344122,35.3631,49.226,0.03365,-0.026594,0.1005,0.8589,0.104485,0.032331,-0.2067,0.816863,-0.027745,-0.021137
2021-09-04 00:00:00+00:00,36,1.9079,0.5527,1.0,103,586042.4608,-114179.8152,0.4473,53,262130.7779,6992.705336,212522.0462,111389.6367,-101132.4095,103,586042.4608,14,50080.74336062931,3910.2245181901385,0.001027,-3180.393,1.384,0.391662,-28.7405,37.7498,-0.002639,0.028684,-0.0687,0.1998,-0.02033,-0.007297,0.5262,0.822028,0.005165,0.017284
2021-09-05 00:00:00+00:00,23,3.4639,0.5772,1.0,87,413523.2286,-97199.2745,0.4228,52,174818.4462,8589.079897,185229.7145,53475.0679,-131754.6466,87,413523.2286,12,50291.2647041131,3909.8081584560327,0.00034,-728.8305,1.1049,0.435555,-10.1555,25.7911,-0.028031,0.008674,0.0075,0.2592,-0.08166,-0.032238,0.3427,0.781933,-0.040095,-0.062675
2021-09-06 00:00:00+00:00,23,1.7182,0.4206,1.0,109,706035.4137,-105056.2292,0.5794,68,409061.8918,8580.860346,187719.4689,109254.053,-78465.416,109,706035.4137,18,51710.81901137025,3932.922323021623,-0.001429,569.4816,1.2395,0.347046,7.1594,16.7794,0.006719,-0.004391,0.0243,0.4941,0.011811,0.0037,0.1821,0.825381,0.043448,0.008519
2021-09-07 00:00:00+00:00,38,1.5185,0.3326,1.0,200,1310593.982,-114908.0957,0.6674,136,874648.6512,8363.193092,262847.5192,173097.8116,-89749.7077,200,1310593.982,26,50207.04051736265,3707.910687035533,-0.000412,3586.3285,2.1803,0.345568,11.1327,15.1716,-0.001023,-0.011244,-0.0021,0.4653,-0.022006,-0.006788,1.4129,0.827438,0.002056,0.00541
2021-09-08 00:00:00+00:00,28,1.5518,0.432,1.0,159,1104697.819,-101978.987,0.568,102,627480.0846,12935.98691,290202.6072,187015.1273,-103187.4799,159,1104697.819,29,46432.15851336403,3443.4527782262708,-7.2e-05,168.657,2.0547,0.37601,3.2464,11.9603,-0.005857,0.004095,-0.0219,0.2458,-0.040823,-0.0138,-0.3927,0.824511,-0.002926,0.042578
2021-09-09 00:00:00+00:00,22,6.7472,0.5399,1.0,128,1398916.5701,-169414.5658,0.4601,90,643638.8613,29473.028753,657787.3183,97490.3904,-560296.9279,128,1398916.5701,16,46537.55817213185,3500.692224721754,0.000419,-976.9653,1.6766,0.606943,-4.1962,13.8094,-0.014472,-0.003096,0.0202,0.4424,-0.030017,-0.017407,0.8875,0.855487,0.030976,0.030106
2021-09-10 00:00:00+00:00,16,1.2428,0.2374,1.0,135,1129736.7862,-156231.3764,0.7626,104,861533.7055,10372.879839,148618.064,119585.0168,-29033.0472,135,1129736.7862,15,46098.31400354326,3376.776504569056,-0.000478,-4613.3619,0.3851,0.262151,-24.1969,-45.7506,0.019895,2.9e-05,-0.0964,-0.4968,0.079918,0.018787,1.6397,0.853896,-0.001591,0.026459
2021-09-11 00:00:00+00:00,5,0.4106,0.2128,1.0,96,1274764.8456,-125587.6889,0.7872,77,1003462.5827,21301.876676,78964.43,192337.8329,113373.4029,96,1274764.8456,14,45525.87478962349,3292.938414762413,0.000782,-2839.1833,-0.4092,0.233068,-26.6453,-43.6554,0.07846,-0.009638,-0.228,-2.6695,0.356496,0.076344,2.2276,0.889663,0.035767,0.065152
2021-09-12 00:00:00+00:00,11,1.115,0.2129,1.0,99,418870.0329,-107458.1406,0.7871,81,329706.5129,6184.901911,47005.6642,42157.8558,-4847.8084,99,418870.0329,7,45695.18955778849,3370.927638407184,0.000286,-65.7707,-0.4215,0.218741,-8.2113,-41.7113,0.019417,0.016282,0.1585,-1.1334,0.091,0.016815,1.4062,0.795562,-0.094101,-0.059926
2021-09-13 00:00:00+00:00,20,0.5366,0.5172,1.0,115,672354.9286,-81267.5746,0.4828,64,324624.8692,7405.826866,121430.7566,226299.3028,104868.5462,115,672354.9286,31,44969.4204723966,3271.960271695952,-0.000307,1158.7546,-0.0863,0.406211,14.9911,-33.8796,0.027474,-0.033919,-0.1381,-2.3451,0.242033,0.078822,2.9781,0.798013,0.002451,-0.055884
2021-09-14 00:00:00+00:00,20,7.7839,0.2103,1.0,102,759025.3523,-86054.896,0.7897,73,599425.1586,21040.796231,141430.5757,18169.6179,-123260.9578,102,759025.3523,9,46093.14995278767,3343.5956831042936,-0.000231,-335.2306,-0.182,0.259059,-14.46,-59.4723,-0.025504,0.034616,0.1411,-1.0293,-0.123624,-0.028072,1.3713,0.823321,0.025309,-0.066342
2021-09-15 00:00:00+00:00,27,0.7698,0.5299,1.0,117,1672801.1757,-54839.7314,0.4701,79,786324.5387,36895.961527,385578.9822,500897.6547,115318.6725,117,1672801.1757,11,47627.717025828526,3459.211359930688,0.000116,-349.1061,-0.2816,0.510771,5.2885,-57.4301,0.156355,-0.016602,0.0006,-1.0017,0.313601,0.154038,1.1643,0.889185,0.065864,0.093623
2021-09-16 00:00:00+00:00,29,1.189,0.3093,1.0,120,633138.558,22787.0011,0.6907,80,437304.2386,7858.76726,106372.06,89462.2594,-16909.8006,120,633138.558,11,47933.11447503229,3596.6942930223795,-0.0006,1492.9721,0.163,0.253956,8.3183,-44.9156,0.005566,0.038875,0.1225,0.1235,0.015016,0.003302,1.102,0.807453,-0.081732,0.00944
2021-09-17 00:00:00+00:00,28,4.3392,0.4468,1.0,107,1201421.3753,-21022.7945,0.5532,65,664655.5852,26969.677229,436233.703,100532.0871,-335701.6159,107,1201421.3753,14,47695.23591642184,3493.2001603506183,0.000565,-826.065,-0.086,0.424352,-2.6913,-23.41,-0.030054,0.00763,0.0189,0.2963,-0.081851,-0.032984,-0.3397,0.877019,0.069566,0.053698
2021-09-18 00:00:00+00:00,19,0.9474,0.2879,1.0,82,759977.6332,-36374.6146,0.7121,40,541191.1245,21820.415833,106437.9236,112348.5851,5910.6616,82,759977.6332,23,48320.498931660026,3467.864349089481,-0.000319,-1970.7164,-0.6782,0.294049,-16.7391,-13.5038,0.056047,-0.014128,-0.1047,-0.6546,0.193216,0.051767,0.3564,0.844378,-0.032641,-0.044807
2021-09-19 00:00:00+00:00,19,3.5195,0.5389,1.0,76,440836.8425,-54600.6263,0.4611,42,203282.4522,6147.677227,184992.1401,52562.2501,-132429.8901,76,440836.8425,15,47843.08533605895,3392.009996214574,0.001078,34.5706,-0.6571,0.398299,-3.1074,-8.3999,-0.057919,6e-05,0.0704,-0.0009,-0.169217,-0.062244,0.0515,0.80738,-0.036998,-7.3e-05
2021-09-20 00:00:00+00:00,28,2.5869,0.3767,1.0,133,1232982.3494,-98935.5178,0.6233,94,768545.6203,11089.942848,334956.2117,129480.5174,-205475.6942,133,1232982.3494,11,44815.30826798711,3133.563152675994,-0.001096,2930.4026,0.2484,0.349541,30.2567,6.8657,-0.059292,0.012049,0.1492,1.3532,-0.184098,-0.059043,-1.1891,0.853799,0.046419,-0.02322
2021-09-21 00:00:00+00:00,30,1.0891,0.2884,1.0,125,1147237.1657,-83343.8017,0.7116,82,816350.2245,15686.587273,172502.9431,158383.9981,-14118.945,125,1147237.1657,13,42630.54626278884,2976.7574588623106,-0.000933,1276.0435,0.6386,0.290779,3.3371,24.6628,0.010437,-0.005131,-0.1044,0.3904,0.028531,0.007484,-0.2333,0.858654,0.004855,0.014276
2021-09-22 00:00:00+00:00,22,1.0745,0.2846,1.0,120,906328.9662,-101141.4138,0.7154,82,648410.2791,10808.716681,133591.6498,124327.0373,-9264.6125,120,906328.9662,16,42560.356093888935,2942.72422978177,0.000918,-2989.0853,-0.3002,0.295632,-19.3301,0.0442,0.022491,0.000923,-0.067,-0.2313,0.059448,0.015788,-0.8328,0.856064,-0.00259,0.048684
2021-09-23 00:00:00+00:00,14,0.9715,0.2166,1.0,112,946276.0642,-98302.9618,0.7834,87,741265.8714,15063.41829,101025.4146,103984.7783,2959.3637,112,946276.0642,11,44198.41482628038,3118.9438788893262,-0.000899,421.2335,-0.1644,0.258103,5.0614,-3.2127,0.019154,-0.01923,0.0034,-0.1983,0.088358,0.020105,0.5231,0.844296,-0.011768,-0.009503
2021-09-24 00:00:00+00:00,22,2.4705,0.4408,1.0,125,2019516.9423,-104231.423,0.5592,86,1129292.5586,31951.157122,633712.6141,256511.7696,-377200.8445,125,2019516.9423,17,43256.30562364372,2981.9337418583823,7e-05,-30.03,-0.1724,0.468441,0.6992,0.1778,0.003464,0.007807,0.1008,0.713,0.001938,0.000869,-0.1299,0.896925,0.052629,0.038271
2021-09-25 00:00:00+00:00,15,1.0778,0.437,1.0,91,300766.5816,-105778.9382,0.563,67,169342.8641,4585.604352,68172.8312,63250.8863,-4921.9449,91,300766.5816,9,42702.79456930457,2922.4487299826706,0.000648,-2249.8235,-0.887,0.300653,-23.8537,-6.9368,-0.002164,0.006773,-0.106,-0.2758,-0.026995,-0.007123,0.473,0.79173,-0.105196,-0.064335
2021-09-26 00:00:00+00:00,27,0.2137,0.236,1.0,128,2460543.1277,-33117.0067,0.764,92,1879833.4139,71443.238858,102253.0417,478456.6721,376203.6305,128,2460543.1277,9,42871.03418444044,2960.258168200828,-0.000327,1599.5448,-0.3629,0.244947,14.443,10.6136,0.108563,-0.002683,0.1315,0.9518,0.479414,0.1102,-0.2855,0.913512,0.121783,0.069217
2021-09-27 00:00:00+00:00,20,1.4305,0.4103,1.0,111,608133.1201,-10078.0909,0.5897,77,358593.1446,5648.606558,146871.6296,102668.3459,-44203.2836,111,608133.1201,14,43617.99841728612,3076.134071133968,0.000699,1737.2456,0.2049,0.330156,13.9973,-5.6457,0.012165,-0.007725,-0.0156,0.7797,0.036193,0.010799,-0.0152,0.806075,-0.107437,-0.09085
2021-09-28 00:00:00+00:00,12,1.336,0.3459,1.0,99,511862.8051,-11699.0997,0.6541,73,334793.5018,5746.34831,101267.6551,75801.6482,-25466.0068,99,511862.8051,14,42031.23286757444,2903.138158826197,-0.000388,316.3256,0.3065,0.305034,8.061,-0.9218,-0.000998,-0.008986,-0.038,0.3919,-0.020361,-0.00551,-0.3127,0.799633,-0.006442,0.007904
2021-09-29 00:00:00+00:00,10,0.3874,0.2606,1.0,103,536695.1441,-1554.2105,0.7394,84,396835.1176,7266.482252,39055.2072,100804.8193,61749.6121,103,536695.1441,9,41930.934599536726,2883.41196887069,0.000291,-508.2771,0.1356,0.243332,-10.6086,7.7996,0.034067,0.009748,-0.0097,0.2797,0.145408,0.030726,-0.4953,0.798969,-0.000664,-0.114543
2021-09-30 00:00:00+00:00,14,0.9466,0.358,1.0,108,439881.7841,-1359.8327,0.642,80,282424.7314,4141.001663,76568.5222,80888.5306,4320.0084,108,439881.7841,14,43294.77860433753,2991.040648973589,0.000357,2772.8775,1.0496,0.284936,13.3069,16.0451,0.022514,-0.007146,-0.0355,-0.0858,0.076318,0.018936,-0.4074,0.78592,-0.013049,-0.020155
2021-10-01 00:00:00+00:00,22,1.2886,0.3265,1.0,122,747426.7041,48129.8701,0.6735,83,503397.6709,8340.94119,137400.9791,106628.0541,-30772.9251,122,747426.7041,17,46030.35349731094,3161.689992925841,-0.001516,-2254.3689,0.2885,0.30302,-1.9483,13.3976,-0.006614,-0.021017,-0.142,-1.4824,-0.028394,-0.007767,1.6302,0.836997,0.051077,0.037364
2021-10-02 00:00:00+00:00,15,1.1981,0.2421,1.0,88,483227.1224,47326.956,0.7579,67,366232.3643,8955.507973,63768.5506,53226.2075,-10542.3431,88,483227.1224,6,47934.024928878505,3347.704584476068,0.000671,-2425.4808,-0.5284,0.243769,-22.1585,15.0929,0.004858,0.022692,0.0867,-0.62,0.017078,0.003588,-0.092,0.811301,-0.025696,0.012332
2021-10-03 00:00:00+00:00,11,1.1379,0.3478,1.0,86,390267.7855,-7667.1144,0.6522,64,254543.0884,4580.628589,72239.7798,63484.9174,-8754.8623,86,390267.7855,11,48104.29196871308,3420.076768550507,0.00032,-45.8288,-0.5382,0.282366,-2.2334,-1.5835,0.029661,0.005094,-0.008,-0.7,0.110154,0.027035,-0.7629,0.777166,-0.034135,-0.008754
2021-10-04 00:00:00+00:00,12,1.002,0.3281,1.0,103,646479.7498,-1382.4576,0.6719,74,434341.8371,7136.353548,106174.2996,105963.6131,-210.6865,103,646479.7498,17,48212.66460064834,3373.695331812571,0.001163,3673.2991,0.7141,0.282075,30.3419,14.7611,0.05872,0.0073,0.155,0.9071,0.206464,0.052348,-0.3218,0.822627,0.045461,-0.01437
2021-10-05 00:00:00+00:00,21,1.3693,0.3627,1.0,109,1289837.1782,-8160.5807,0.6373,67,822062.7899,26363.36182,270343.6284,197430.7599,-72912.8685,109,1289837.1782,21,50106.53407091721,3439.6651466826183,-0.002388,2259.135,1.4547,0.326646,19.2464,25.9465,-0.008606,-0.005781,-0.1258,-0.3896,-0.03644,-0.011038,3.1936,0.870291,0.047664,0.05899
2021-10-06 00:00:00+00:00,19,1.1472,0.3136,1.0,148,963497.093,-19941.1045,0.6864,113,661307.6067,10912.795145,161451.7705,140737.7158,-20714.0546,148,963497.093,16,52862.631508363374,3516.9986129463614,0.001238,1870.2511,2.0071,0.268991,28.4546,65.0098,0.013722,-0.055635,-0.2136,-2.5159,0.026736,0.006364,3.2054,0.827539,-0.042752,0.050373
2021-10-07 00:00:00+00:00,15,1.0376,0.417,1.0,135,1065060.8845,-21729.0534,0.583,89,620921.2196,10878.881873,226167.6493,217972.0157,-8195.6336,135,1065060.8845,31,54518.16935238964,3579.7056644224403,-0.000406,-650.2245,1.7334,0.352676,-2.3936,49.3092,0.018107,0.043941,0.109,-1.3701,0.055493,0.018003,2.2359,0.838481,0.010941,0.015854
2021-10-08 00:00:00+00:00,15,1.7441,0.4126,1.0,122,1106882.0879,-35025.6723,0.5874,88,650134.7124,14431.933914,290298.3164,166449.059,-123849.2574,122,1106882.0879,19,54529.66962552821,3611.1925749528377,0.000403,-1146.4218,1.3291,0.345398,-25.2835,25.9739,-0.033181,-0.018957,0.0416,-0.9282,-0.104862,-0.033593,3.0074,0.851343,0.012862,-0.018949
2021-10-09 00:00:00+00:00,17,0.7645,0.3248,0.9485,81,275701.6225,-31719.3997,0.6752,70,196261.3095,4165.600165,40899.3446,53500.9094,12601.5648,96,290661.5635,9,54804.7718358819,3594.8328472390217,-0.000309,-4321.3129,-0.075,0.253032,-29.5928,18.5396,0.02379,0.01213,-0.0752,-1.6432,0.120062,0.024748,1.2295,0.738802,-0.112541,-0.088738
2021-10-10 00:00:00+00:00,14,0.9859,0.4249,1.0,71,338291.8931,-30322.815,0.5751,47,194540.5144,6312.020134,71365.0741,72386.3046,1021.2305,71,338291.8931,10,55281.298227891406,3551.494013003948,0.000525,114.2153,-0.0373,0.285314,-6.9059,13.8672,0.017913,0.008228,0.0859,-0.7696,0.059098,0.01472,-0.1448,0.785106,0.046305,-0.053374
2021-10-11 00:00:00+00:00,27,1.4107,0.4516,1.0,120,496329.8248,-35748.2436,0.5484,77,272187.009,5277.900219,131165.7512,92977.0646,-38188.6866,120,496329.8248,16,56786.2591895154,3546.532099632617,0.000594,2464.3777,0.767,0.341688,30.1314,13.6567,-0.010827,0.023788,0.0289,-0.4679,-0.032909,-0.009977,-0.3035,0.79275,0.007643,-0.058593
2021-10-12 00:00:00+00:00,12,0.6098,0.3423,1.0,109,620017.2336,-17984.2618,0.6577,80,407792.2882,8414.753334,80394.9707,131829.9748,51435.0041,109,620017.2336,17,56821.29656692608,3495.6534463126663,-0.00106,-1758.9835,0.1833,0.297257,-14.0689,-19.6586,0.068932,-0.018023,0.0148,-0.3047,0.248978,0.065805,-0.2461,0.815507,0.022758,0.076706
2021-10-13 00:00:00+00:00,11,1.06,0.2749,1.0,109,1002753.8238,-16172.1935,0.7251,81,727048.9982,10294.473356,141867.2008,133837.6248,-8029.5761,109,1002753.8238,17,56153.38392570099,3504.997773631604,0.000856,751.1542,0.4301,0.282897,8.8627,-39.2506,0.019678,0.007832,0.0426,0.1338,0.062204,0.015832,-0.5465,0.840745,0.025238,0.055639
2021-10-14 00:00:00+00:00,26,3.4218,0.4287,1.0,148,1747421.8646,-73618.8135,0.5713,93,998248.7272,32253.810343,579747.5554,169425.5819,-410321.9735,148,1747421.8646,29,57780.98655925145,3709.5753701054778,-0.000617,3126.4891,1.4461,0.40886,17.6259,-19.2311,-0.012734,-0.015584,-0.044,-0.3034,-0.031749,-0.012235,0.948,0.881071,0.040325,0.088321
2021-10-15 00:00:00+00:00,30,0.6923,0.3358,1.0,147,1092575.2166,-46396.8325,0.6642,98,725677.5269,12341.671813,150096.5401,216801.1497,66704.6096,147,1092575.2166,19,60004.56507644878,3828.381991746193,5.1e-05,-159.1747,1.3651,0.260485,9.9509,16.0034,0.050236,0.001695,0.0301,0.0025,0.218289,0.049866,0.2734,0.827704,-0.053367,0.012196
2021-10-16 00:00:00+00:00,35,3.3066,0.409,1.0,112,561457.6124,-65766.7057,0.591,66,331828.8679,6860.291256,176308.1462,53320.5983,-122987.5479,112,561457.6124,11,61474.53309664362,3886.356314613624,-0.000645,-3928.2644,0.066,0.27744,-40.5791,5.017,-0.040827,-0.011231,-0.1897,-1.8617,-0.157472,-0.039098,1.2298,0.841245,0.013541,0.0005
2021-10-17 00:00:00+00:00,20,5.9825,0.467,1.0,88,477518.8196,-88644.561,0.533,54,254521.7306,12284.227424,191060.4229,31936.6661,-159123.7567,88,477518.8196,14,60998.43308197713,3849.172897412978,0.000875,-991.5459,-0.2621,0.359151,-10.3634,1.5595,-0.021144,0.016439,0.0776,-1.0662,-0.069875,-0.02287,-0.834,0.818666,-0.022579,-0.062405
2021-10-18 00:00:00+00:00,20,1.3416,0.3062,1.0,114,670783.1427,-87469.5283,0.6938,79,465385.9586,6058.993283,117680.3207,87716.8633,-29963.4574,114,670783.1427,15,61916.81689611398,3807.545378107637,-0.000467,1704.3988,0.3066,0.241988,7.9496,-20.6224,0.020207,-0.002939,-0.0067,-1.1106,0.089632,0.018987,-0.3949,0.823445,0.004779,-0.004259
2021-10-19 00:00:00+00:00,14,0.5828,0.2977,1.0,104,645047.7155,-87587.4871,0.7023,71,453043.4874,6911.854308,70697.468,121306.7601,50609.2921,104,645047.7155,19,62765.65719071578,3810.0129419436,0.000121,-1858.4315,-0.3175,0.258626,-10.6343,-17.1878,0.044982,0.002758,-0.0169,-1.254,0.187781,0.042831,-0.5958,0.835537,0.012092,-0.005708
2021-10-20 00:00:00+00:00,27,1.0116,0.2644,1.0,133,831541.7597,-86621.0999,0.7356,89,611721.3499,12323.976245,110542.6377,109277.7722,-1264.8655,133,831541.7597,17,65075.19136445947,3965.316790644932,0.000488,519.9664,-0.1403,0.28169,5.2892,-20.7612,0.010112,-0.012094,-0.0628,-1.8177,0.047071,0.011681,1.2628,0.830113,-0.005424,0.011447
2021-10-21 00:00:00+00:00,27,1.0618,0.4118,1.0,136,1236019.499,-30182.0411,0.5882,81,727072.0789,14222.915015,262097.9911,246849.429,-15248.5622,136,1236019.499,28,64502.795640684,4168.290112561703,-0.000589,1418.0544,0.3413,0.374652,7.0917,-31.2954,0.023056,-0.011367,0.0192,-1.6016,0.072583,0.025263,1.5408,0.864819,0.034706,0.041374
2021-10-22 00:00:00+00:00,11,0.2093,0.563,1.0,107,1087865.2151,17494.9585,0.437,76,475372.0481,41095.676775,106024.7799,506468.3871,400443.6072,107,1087865.2151,20,62389.47318411438,4075.976847016428,0.000603,-722.8598,0.0926,0.412266,-4.3535,-45.5997,0.197094,0.003091,0.0268,-1.3369,0.501527,0.194138,0.959,0.864189,-0.000631,0.028651
2021-10-23 00:00:00+00:00,13,0.7893,0.3382,1.0,78,533043.7793,38097.1849,0.6618,55,352772.8422,8800.295411,79521.45,100749.487,21228.0371,78,533043.7793,10,61314.83662787784,4054.7712917544936,8.5e-05,-2038.8659,-0.6067,0.296776,-13.6078,-18.6284,0.035401,0.00116,-0.0832,-2.054,0.112793,0.03004,2.5896,0.83197,-0.032219,0.001857
2021-10-24 00:00:00+00:00,24,1.9195,0.394,0.9589,75,279907.7845,55654.8058,0.606,55,176904.7373,5097.648387,75609.9749,39389.5644,-36220.4105,87,291904.2766,8,60884.46154219017,4086.0359958978847,-0.000284,723.2596,-0.3533,0.310773,3.3285,-4.9365,0.000804,0.019657,0.0966,-1.1456,-0.019265,-0.005179,1.1281,0.769837,-0.062134,-0.094983
2021-10-25 00:00:00+00:00,10,0.6609,0.2569,1.0,111,522295.9649,63847.8994,0.7431,88,388132.771,7309.49876,53387.4982,80775.6957,27388.1975,111,522295.9649,13,62874.6232158982,4169.265623239893,0.000105,2288.2449,0.4416,0.249972,22.2611,9.3751,0.020368,-0.006148,0.044,-0.7952,0.073012,0.015716,1.8034,0.817737,0.047901,-0.046452
2021-10-26 00:00:00+00:00,16,0.6132,0.4475,1.0,117,574214.5507,65418.6772,0.5525,75,317255.4604,5678.198275,97677.1768,159281.9135,61604.7366,117,574214.5507,26,62603.1192325659,4219.090498734652,-0.00013,2408.1134,1.2655,0.334634,26.3411,46.3504,0.060188,0.000557,0.0032,-0.806,0.177054,0.053011,3.2564,0.817555,-0.000182,-0.014415
2021-10-27 00:00:00+00:00,26,1.2162,0.2907,1.0,138,1219294.4136,60660.2301,0.7093,92,864841.4727,15079.210856,194513.468,159939.473,-34573.995,138,1219294.4136,20,59707.88182078162,4083.883719510304,-0.00019,3559.3064,2.4042,0.291797,41.6087,82.6698,0.007659,0.005665,0.0425,-0.3944,0.020733,0.005475,0.8541,0.858771,0.041215,0.088934
2021-10-28 00:00:00+00:00,28,1.0014,0.4423,1.0,134,520729.0238,62816.322,0.5577,87,290433.2348,4365.939932,115225.8537,115069.9353,-155.9185,134,520729.0238,19,60396.5322841449,4130.704652291893,7.8e-05,2033.6623,2.9136,0.322654,29.9485,105.5266,0.013289,-0.007769,-0.0731,-1.0992,0.016759,0.004723,4.263,0.804434,-0.054337,-0.013303
2021-10-29 00:00:00+00:00,18,1.2179,0.2343,1.0,141,1320003.9189,1268.9633,0.7657,105,1010702.2727,9801.505118,169844.7753,139456.8709,-30387.9044,141,1320003.9189,18,61708.31703193992,4373.72475632332,4.8e-05,-1232.2544,2.413,0.263518,-16.2269,93.6532,0.010049,-0.011203,-0.1204,-2.2064,0.03505,0.008248,2.7104,0.867401,0.062967,0.049846
2021-10-30 00:00:00+00:00,13,1.0394,0.3721,1.0,98,416835.508,-2191.3444,0.6279,73,261718.9345,5249.707271,79055.3452,76061.2283,-2994.1169,98,416835.508,12,61762.87137043935,4339.949492701758,0.000464,-1276.9383,1.9558,0.324443,-12.8218,94.4391,0.037616,0.024214,0.0613,-1.592,0.097466,0.027197,2.3909,0.777262,-0.09014,-0.081509
2021-10-31 00:00:00+00:00,20,1.0269,0.442,1.0,103,396890.1976,2650.1037,0.558,66,221460.2235,4740.914837,88880.1239,86549.8501,-2330.2738,103,396890.1976,17,61193.22108016518,4291.463682389593,-6.2e-05,-1118.0201,1.579,0.356547,-12.5557,78.5549,0.024022,0.006789,0.0124,-1.4595,0.057354,0.018033,0.9619,0.775504,-0.001758,-0.02893
2021-11-01 00:00:00+00:00,14,0.7193,0.2145,1.0,123,844543.2332,2962.4882,0.7855,86,663392.5659,31265.701461,75787.8888,105362.7785,29574.8896,123,844543.2332,23,61297.738958532485,4304.763096249181,-2.2e-05,1097.5869,1.865,0.242166,6.6992,62.993,0.010771,-0.016752,-0.0358,-1.7414,0.045504,0.009405,0.9158,0.822647,0.047144,-0.044754
2021-11-02 00:00:00+00:00,21,0.8755,0.2778,1.0,151,898095.4111,-3472.6487,0.7222,110,648630.5906,10601.567985,116453.0212,133011.7993,16558.778,151,898095.4111,20,62522.64312183146,4425.181680815444,-0.000159,1271.0873,2.1741,0.312167,18.8957,55.5476,0.024223,0.001136,-0.0119,-1.7942,0.112217,0.02982,2.0806,0.80196,-0.020688,0.024698
2021-11-03 00:00:00+00:00,28,2.7476,0.3281,1.0,141,1622394.6678,-33995.1083,0.6719,96,1090078.2423,25951.476583,390273.8188,142042.6067,-248231.2121,141,1622394.6678,17,62858.661122409634,4576.508550086559,0.000219,-1106.7395,1.801,0.399208,-11.1368,2.8022,0.008817,0.017239,-0.0265,-1.9647,0.020079,0.007508,1.8269,0.872638,0.070678,0.097134
2021-11-04 00:00:00+00:00,24,1.9258,0.4954,1.0,133,858924.9641,-53208.0049,0.5046,88,433395.4254,9299.228305,280087.8669,145441.6719,-134646.195,133,858924.9641,21,61916.99446626127,4533.200676507756,-0.000495,-1733.8264,1.265,0.446198,-17.7172,-44.8634,-0.002012,5.9e-05,0.0114,-1.8053,-0.003877,-0.001586,0.7928,0.822566,-0.050072,-8.2e-05
2021-11-05 00:00:00+00:00,26,0.9706,0.4118,1.0,124,784418.5948,-48179.4924,0.5882,75,461384.7796,9926.6718,159111.066,163922.7492,4811.6832,124,784418.5948,23,61643.999936667766,4513.88901842749,-0.000142,-695.1464,1.0388,0.368037,-12.7487,-41.3853,0.040792,-0.001941,0.0348,-1.4644,0.115213,0.03814,0.4287,0.815736,-0.006829,0.013777
2021-11-06 00:00:00+00:00,21,1.245,0.5539,1.0,83,513958.6425,-52190.2381,0.4461,43,229293.3622,7841.560056,157867.3084,126797.9719,-31069.3365,83,513958.6425,19,61142.951866424,4470.402633183838,0.00016,-1853.8034,0.4793,0.437854,-27.3122,-55.8756,0.023666,-0.010203,-0.0422,-1.7752,0.047819,0.019002,0.6137,0.797606,-0.01813,-0.075032
2021-11-07 00:00:00+00:00,17,1.0513,0.4449,0.9727,80,241794.6737,-52252.2416,0.5551,65,137986.4203,4494.100542,56676.2859,53911.9875,-2764.2985,87,248574.6937,5,62283.84187160903,4594.465611119008,0.00046,-1267.39,0.0901,0.302494,-7.3407,-50.6606,0.003085,0.006515,-0.0107,-1.8116,-0.002859,-0.000709,0.3873,0.721049,-0.076557,-0.101516
2021-11-08 00:00:00+00:00,29,1.1446,0.4474,1.0,136,598136.1291,-59054.3502,0.5526,88,330527.2258,6042.749885,142824.387,124784.5163,-18039.8707,136,598136.1291,19,65847.43716870592,4747.509478135856,0.000232,2141.1818,0.7118,0.334118,25.917,-31.4428,0.02213,-0.001549,-0.0088,-1.8271,0.096291,0.028042,0.6396,0.793357,0.072308,-0.022379
2021-11-09 00:00:00+00:00,21,2.2184,0.458,1.0,120,776578.2085,-80655.0355,0.542,82,420909.5029,11987.684533,245157.3624,110511.3432,-134646.0192,120,776578.2085,17,67695.53936480748,4803.8739679049895,-0.001033,4590.6022,2.0151,0.375613,46.0572,-4.2813,-0.032219,0.027059,0.0963,-1.0096,-0.09213,-0.031076,-0.3826,0.816206,0.022848,0.018599
2021-11-10 00:00:00+00:00,18,0.8916,0.3383,1.0,156,716771.8433,-43208.7709,0.6617,117,474316.0683,6746.300945,114281.5672,128174.2078,13892.6407,156,716771.8433,21,67056.1720307551,4746.1029615563975,0.000391,-633.0704,1.7766,0.30134,-7.4626,-0.6071,0.032239,-0.034517,-0.0633,-1.4941,0.120145,0.03163,1.1111,0.809151,-0.007055,0.088102
2021-11-11 00:00:00+00:00,20,1.4645,0.2999,1.0,105,776536.5084,-30244.4875,0.7001,72,543641.4454,10114.729064,138395.6374,94499.4256,-43896.2118,105,776536.5084,13,65193.58802981122,4711.402375969233,-5.5e-05,-750.976,1.52,0.299755,-5.6433,11.4667,0.00217,-0.002749,-0.001,-1.4639,-0.001801,-0.000481,1.1048,0.820301,0.01115,0.026944
2021-11-12 00:00:00+00:00,20,1.3742,0.3761,1.0,119,871025.6785,-38308.0173,0.6239,76,543417.7692,10846.064127,189620.4671,137987.4422,-51633.0248,119,871025.6785,23,64461.68989297299,4689.508070409177,-0.000359,-854.8483,1.2458,0.382391,-7.6804,16.5351,0.03348,0.00255,0.0166,-1.2977,0.086638,0.030579,1.2951,0.843128,0.022827,0.026923
2021-11-13 00:00:00+00:00,13,1.4282,0.6288,0.9603,72,490018.8181,-41952.5158,0.3712,64,189410.1962,14586.957942,188727.6091,132146.783,-56580.8261,93,510284.5882,16,64229.05381697326,4656.047838517964,-6.8e-05,-1675.0258,0.742,0.502519,-20.7543,23.093,0.063538,-0.010092,-0.0522,-1.6705,0.119005,0.054976,1.5814,0.784716,-0.058412,-0.024435
2021-11-14 00:00:00+00:00,19,0.9898,0.7896,0.964,75,503470.7374,-41255.921,0.2104,60,109869.0495,17330.245445,205147.7289,207259.5941,2111.8652,95,522276.3725,16,64645.98212575008,4619.083855085496,0.001101,-1632.9227,0.2513,0.620213,-13.7857,16.648,0.150928,0.000759,-0.0171,-1.753,0.251099,0.145923,1.6508,0.787679,0.002963,-0.032622
2021-11-15 00:00:00+00:00,14,0.2269,0.2966,1.0,123,2641427.8225,31838.1416,0.7034,93,1858054.8688,58773.216656,144877.1932,638495.7605,493618.5673,123,2641427.8225,16,65323.78886071772,4680.827992363621,-0.000546,3476.0391,1.2469,0.313221,31.0519,21.7829,0.161445,0.012354,0.1601,-0.4778,0.545013,0.161061,0.2276,0.905641,0.117962,0.062513
2021-11-16 00:00:00+00:00,23,0.7478,0.328,1.0,151,933368.8683,57383.1568,0.672,104,627220.3089,6769.259686,130989.7362,175158.8232,44169.087,151,933368.8683,24,61098.24837127156,4327.962596799264,-0.000363,-843.1391,0.9786,0.312115,-4.5002,-28.7746,0.025582,0.008844,0.021,-0.298,0.0883,0.024678,1.5632,0.833378,-0.072262,0.048662
2021-11-17 00:00:00+00:00,11,1.2624,0.3104,1.0,117,808450.3862,51239.6369,0.6896,94,557477.4004,9235.360686,140042.4921,110930.4937,-29111.9983,117,808450.3862,12,60143.16259815451,4219.119540318815,0.000172,-665.266,0.7633,0.321814,-13.8335,-35.1454,0.032428,-0.037546,-0.2049,-1.8694,0.09927,0.02877,1.2216,0.834354,0.000976,0.046675
2021-11-18 00:00:00+00:00,14,0.6681,0.3143,1.0,131,848207.262,65087.0711,0.6857,95,581612.9212,7368.492994,106779.2567,159815.0841,53035.8274,131,848207.262,22,59319.10028059336,4195.67763704293,0.000268,748.7938,0.9718,0.294266,13.0181,-16.484,0.06607,0.043111,0.2246,-0.1089,0.221924,0.058626,0.6723,0.825245,-0.00911,-0.080396
2021-11-19 00:00:00+00:00,13,0.783,0.274,1.0,116,909526.5639,76796.3271,0.726,89,660278.1647,12331.877976,109458.316,139790.0832,30331.7671,116,909526.5639,14,57286.66509312992,4158.619578858541,-0.000147,-2016.4706,0.3351,0.296712,-19.6871,-28.4906,0.093677,-0.011393,-0.1133,-0.9742,0.306658,0.083629,0.4419,0.851766,0.026522,0.018388
2021-11-20 00:00:00+00:00,15,11.5655,0.6835,1.0,78,691563.77,28103.103,0.3165,58,218898.4228,34696.82537,435049.371,37615.9762,-397433.3948,78,691563.77,5,58890.83952296172,4330.048527585536,0.000126,-1476.6753,-0.1537,0.738231,-15.8821,-23.6184,0.035356,0.016133,0.0768,-0.3601,0.036769,0.026066,-0.4938,0.824778,-0.026988,-0.009576
2021-11-21 00:00:00+00:00,53,3.74,0.7221,0.9904,111,710291.8792,-14961.4888,0.2779,51,199332.1378,11726.236788,408590.0804,109249.8027,-299340.2777,118,717172.0209,14,59397.66695903384,4376.489407208011,0.000484,135.9005,-0.126,0.61798,-2.0151,-11.8478,-0.200745,-0.007831,-0.07,-0.8907,-0.286142,-0.15286,0.074,0.768961,-0.055817,-0.056284
2021-11-22 00:00:00+00:00,21,1.4605,0.3507,1.0,111,703192.8693,-92071.9988,0.6493,80,456562.1367,7642.098457,146392.8676,100237.865,-46155.0027,111,703192.8693,10,57471.209870618535,4188.573945364541,-0.000476,3885.3986,1.113,0.332934,36.2713,-6.6285,0.018913,-0.00796,0.1725,0.4986,0.0509,0.015103,-0.7064,0.808532,0.039571,-0.043234
2021-11-23 00:00:00+00:00,19,0.9653,0.4073,1.0,117,670582.8936,-97693.3821,0.5927,73,397457.4722,9070.937342,134153.0085,138972.4129,4819.4045,117,670582.8936,25,56942.55513280736,4219.256535658422,-0.000511,-1351.3803,0.6607,0.35535,-10.8723,-13.0007,0.051028,0.010284,-0.0532,0.0915,0.152022,0.048512,-0.0601,0.805975,-0.002557,-0.018803
2021-11-24 00:00:00+00:00,21,1.25,0.2901,1.0,113,999282.9994,-98137.1071,0.7099,76,709344.4211,15128.690445,161078.3258,128860.2525,-32218.0734,113,999282.9994,16,56810.20862933943,4270.644580948448,0.000403,-539.1117,0.4746,0.309524,-0.0669,0.7659,0.032469,0.011364,0.0528,0.5549,0.105282,0.029326,0.7186,0.838571,0.032595,0.06961
2021-11-25 00:00:00+00:00,28,1.4977,0.2725,1.0,125,703734.6844,-111172.6164,0.7275,86,511972.0804,14819.590727,114987.6709,76774.9331,-38212.7378,125,703734.6844,11,58228.28047927032,4394.977318627458,-0.000132,-544.7551,0.2987,0.268565,-4.9132,-17.1654,0.014879,0.004998,-0.0406,0.2317,0.051706,0.012057,0.1462,0.799696,-0.038874,-0.008836
2021-11-26 00:00:00+00:00,19,0.6214,0.2072,1.0,151,1260261.4507,-106793.2267,0.7928,112,999098.0011,30031.208713,100087.9773,161075.4723,60987.495,151,1260261.4507,20,55825.7465313263,4220.159893528981,-6.6e-05,-1115.5016,-0.0708,0.253015,-12.3635,-9.8419,0.015625,-0.016399,-0.0257,0.0239,0.070196,0.015658,-0.7508,0.845117,0.045421,0.039142
2021-11-27 00:00:00+00:00,30,1.1007,0.5175,0.9837,98,360498.1476,-51316.3278,0.4825,60,176826.0625,6426.68227,99372.1669,90277.0645,-9095.1024,104,366475.294,14,54717.534023105225,4123.764469655557,0.000484,192.7322,-0.0141,0.363893,-7.743,-1.7028,0.039591,-0.005021,0.0209,0.2257,0.105376,0.033657,-0.6384,0.742931,-0.102186,-0.09564
2021-11-28 00:00:00+00:00,24,0.9315,0.2489,1.0,83,271889.0025,-8210.6106,0.7511,54,204208.7155,4559.508735,32640.2723,35040.0147,2399.7424,83,271889.0025,5,54605.265584401,4089.9763528173903,0.000123,117.7266,0.024,0.222893,0.0601,0.3724,0.003474,-0.015159,-0.0369,-0.0757,-0.009098,-0.001626,-1.1737,0.734714,-0.008217,-0.064982
2021-11-29 00:00:00+00:00,20,1.1844,0.2276,1.0,121,773721.3359,-3740.5619,0.7724,88,597636.852,9936.977396,95474.5727,80609.9112,-14864.6615,121,773721.3359,13,57558.24161542734,4354.616635037772,-0.000401,681.166,0.2465,0.243374,19.2968,-16.6021,0.006333,-0.008203,-0.0596,-0.5944,0.011554,0.002457,0.1542,0.816856,0.082142,-0.028261
2021-11-30 00:00:00+00:00,29,2.0611,0.3883,1.0,137,1048554.6103,-24593.36,0.6117,87,641365.2446,9438.950864,274169.774,133019.5917,-141150.1823,137,1048554.6103,21,57385.4274374959,4537.590345252823,0.000384,1845.1586,0.8413,0.382278,3.8473,-1.8824,0.019093,-0.004955,-0.0274,-0.8231,0.055697,0.019705,-0.6491,0.840862,0.024006,0.097931
2021-12-01 00:00:00+00:00,20,1.0136,0.2737,1.0,131,1040105.8182,-20265.7977,0.7263,96,755391.5304,9601.571461,143319.7125,141394.5752,-1925.1373,131,1040105.8182,15,57421.864748532586,4694.980853530037,-0.000317,-377.5131,0.7088,0.302883,9.9571,8.1415,0.024102,0.005363,0.0764,-0.1246,0.102614,0.028132,0.2184,0.85446,0.013598,0.119746
2021-12-02 00:00:00+00:00,20,1.3304,0.2524,1.0,106,899356.8337,-19404.7265,0.7476,73,672372.1305,23003.684466,129584.9714,97399.7318,-32185.2397,106,899356.8337,13,56757.00258739094,4544.651127447266,0.000164,-2210.6124,0.0059,0.269255,-29.6668,-16.6121,-0.005905,0.005089,-0.0493,-0.5532,-0.028662,-0.006936,-0.4447,0.84703,-0.007431,0.030174
2021-12-03 00:00:00+00:00,23,1.1489,0.3625,1.0,121,1009385.5674,-31738.885,0.6375,77,643509.9804,9400.913974,195613.6005,170261.9865,-25351.614,121,1009385.5674,21,55964.06725922189,4472.383522446925,-0.000499,-437.8776,-0.1335,0.323298,0.7716,-3.477,0.019365,-0.002192,0.0827,0.2185,0.062012,0.018491,-0.786,0.855852,0.008822,0.01499
2021-12-04 00:00:00+00:00,38,1.9807,0.3397,1.0,174,1434896.5628,-53353.1194,0.6603,121,947402.808,18145.389257,323944.249,163549.5058,-160394.7433,174,1434896.5628,15,49226.6730886442,4027.935448232242,-0.000358,2873.8156,0.7938,0.361308,11.1457,15.4118,0.0002,0.023965,0.1005,1.1517,-0.002929,-0.000958,-1.6075,0.84055,-0.015302,-0.01391
2021-12-05 00:00:00+00:00,32,0.6595,0.6826,1.0,111,462843.1149,-44436.0927,0.3174,56,146912.2912,5684.836122,125555.9474,190374.8764,64818.929,111,462843.1149,23,49231.86503272187,4171.401970305503,0.000651,-3548.4027,-0.3563,0.442607,-18.5126,-3.1609,0.067205,-0.111847,-0.6142,-4.0797,0.160529,0.067085,2.5546,0.850652,0.010102,0.003622
2021-12-06 00:00:00+00:00,33,1.3287,0.3528,1.0,150,1358243.8151,-51975.2057,0.6472,91,879054.594,15269.732418,273413.8368,205775.3843,-67638.4525,150,1358243.8151,26,48866.56835195561,4135.528910487176,-0.000353,474.0115,-0.1869,0.367558,3.981,-18.4766,0.013083,0.075711,0.5112,0.2565,0.041914,0.014396,-0.8931,0.868152,0.0175,0.0123
2021-12-07 00:00:00+00:00,12,0.3037,0.2918,1.0,126,1109537.0153,-7112.0118,0.7082,96,785826.7736,14637.378351,75409.0334,248301.2083,172892.1749,126,1109537.0153,18,51011.65628801355,4354.005587853457,4.7e-05,-1119.0569,-0.5382,0.280807,-10.9406,-33.2645,0.071373,0.010968,-0.0735,-0.3561,0.287183,0.073123,-0.4261,0.865752,-0.0024,0.025202
2021-12-08 00:00:00+00:00,13,1.994,0.2117,1.0,103,857400.5052,-15447.8452,0.7883,85,675847.347,6553.480618,120914.5647,60638.5935,-60275.9712,103,857400.5052,5,50309.815637970976,4353.928357581367,0.000384,-1267.589,-0.9378,0.249232,-11.2882,-54.5099,-0.0251,-0.012083,-0.0569,-0.8274,-0.115882,-0.026221,0.9954,0.870896,0.005144,0.020245
2021-12-09 00:00:00+00:00,12,0.7555,0.2637,1.0,104,843712.104,-6421.9879,0.7363,77,621191.5447,9233.744953,95762.3987,126758.1606,30995.7619,104,843712.104,15,49196.03560791985,4297.422776710039,-0.000342,318.2954,-0.8247,0.267145,1.17,-23.6731,0.044316,-0.006233,0.077,-0.1503,0.161843,0.039946,0.644,0.871664,0.000767,0.003512
2021-12-10 00:00:00+00:00,25,1.2668,0.4012,1.0,114,918503.9157,-8996.4899,0.5988,74,550044.7786,8191.343842,205916.1326,162543.0046,-43373.128,114,918503.9157,15,48270.48379062532,4088.09333327664,0.000403,685.1681,-0.6106,0.334353,-6.9991,-31.4437,-0.000782,0.002236,-0.0791,-0.8496,-0.009538,-0.002965,-0.1796,0.866978,-0.004686,0.001226
2021-12-11 00:00:00+00:00,24,2.3651,0.4625,1.0,82,463348.7605,1496.9881,0.5375,50,249032.4453,8098.543832,150628.3564,63687.9588,-86940.3975,82,463348.7605,8,48450.33078043126,4019.300915299132,-2.9e-05,-1192.4623,-1.0182,0.34327,-8.8871,-51.4766,-0.060305,-0.001055,0.0652,-0.275,-0.210519,-0.065962,-0.723,0.813078,-0.0539,-0.057819
2021-12-12 00:00:00+00:00,16,4.259,0.4202,1.0,63,154626.5542,-13514.3641,0.5798,38,89658.6163,3153.87292,52614.2372,12353.7007,-40260.5365,63,154626.5542,9,49542.77084331447,4066.856099598144,-0.00017,-1115.0086,-1.3811,0.260738,-8.6335,-41.5975,-0.002503,0.015062,-0.0932,-1.0925,-0.042002,-0.00921,-0.4469,0.720653,-0.092425,-0.151011
2021-12-13 00:00:00+00:00,33,1.4888,0.3456,1.0,130,1120159.0868,-14713.4803,0.6544,79,733008.5659,15129.41852,231591.3931,155559.1278,-76032.2653,130,1120159.0868,18,48347.387618133216,3942.263048506972,0.000188,1648.3146,-0.8357,0.371819,24.211,-21.3676,0.021364,-0.002671,0.0589,-0.5686,0.055532,0.019428,-0.2138,0.865528,0.144874,-0.001451
2021-12-14 00:00:00+00:00,18,0.9805,0.3124,1.0,119,1020221.8544,-38964.2511,0.6876,93,701457.3312,10280.58902,157813.872,160950.6511,3136.7791,119,1020221.8544,8,47200.102982521,3797.2995916482737,-0.000643,-525.7398,-1.0169,0.30744,-3.7327,-14.1597,0.011132,-0.000377,-0.0412,-0.9133,0.032822,0.009283,-0.342,0.857464,-0.008064,0.044386
2021-12-15 00:00:00+00:00,19,1.278,0.2989,1.0,108,713096.9402,-34069.2301,0.7011,79,499949.0309,7649.025523,119579.3667,93568.5427,-26010.824,108,713096.9402,10,48190.26864689336,3866.418390113613,2.7e-05,1192.138,-0.618,0.31502,5.4738,2.6024,0.016527,0.021987,0.0775,-0.2253,0.042515,0.012271,-0.8605,0.844413,-0.013051,0.12376
2021-12-16 00:00:00+00:00,18,2.2749,0.2291,1.0,89,941283.8494,-50492.3052,0.7709,65,725593.3818,16151.921435,149828.1158,65862.3518,-83965.7641,89,941283.8494,6,48681.0771889304,4041.452468896497,0.000619,1370.0566,-0.1676,0.240533,-6.0361,-4.6037,-0.014241,-0.036124,-0.1413,-1.4313,-0.079015,-0.017233,-0.3496,0.872951,0.028538,0.007423
2021-12-17 00:00:00+00:00,20,1.1751,0.3881,1.0,100,641646.9388,-47160.5568,0.6119,67,392598.3362,7539.151894,134549.7459,114498.8567,-20050.8892,100,641646.9388,13,47176.43849435688,3894.6145309935137,-0.000424,-1441.0915,-0.6757,0.351092,1.1922,3.5875,0.01933,0.010755,0.0791,-0.7241,0.040455,0.013037,0.3855,0.837274,-0.035677,-0.02019
2021-12-18 00:00:00+00:00,14,0.9831,0.2617,1.0,68,541030.8511,-34568.1414,0.7383,48,399446.2669,18089.563459,70189.0369,71395.5473,1206.5105,68,541030.8511,6,46694.405325618565,3924.5672016082185,-6.5e-05,-1960.4328,-1.3604,0.25038,-19.4937,-7.0191,0.012084,0.024586,0.0509,-0.2655,0.034065,0.007639,-0.8821,0.83638,-0.000894,-0.008033
2021-12-19 00:00:00+00:00,12,1.4374,0.455,1.0,68,252246.3403,-31759.2052,0.545,40,137470.7495,5931.229851,67686.7869,47088.8038,-20597.9831,68,252246.3403,16,47241.651674566856,3951.269817867093,0.000882,-1104.4909,-1.7062,0.339612,-7.7523,-6.1379,0.039032,-0.003978,-0.0416,-0.6175,0.107906,0.032994,-0.8882,0.785982,-0.050398,-0.086969
2021-12-20 00:00:00+00:00,12,0.8505,0.2592,1.0,92,586827.9041,-19141.8354,0.7408,70,434709.1524,15454.954201,69914.7142,82204.0374,12289.3232,92,586827.9041,10,46514.21593218376,3865.130397868886,-0.001197,1185.0217,-1.2798,0.257539,9.675,-20.6738,0.033771,-0.016341,0.0203,-0.4158,0.13434,0.03127,0.2819,0.849801,0.063819,0.012527
2021-12-21 00:00:00+00:00,14,1.1283,0.3342,1.0,92,528899.8942,-21111.5891,0.6658,62,352145.181,6181.819965,93703.1051,83051.6081,-10651.497,92,528899.8942,16,48513.98778619594,4010.600982165462,0.000943,19.2633,-1.2727,0.280308,5.4868,-11.4543,0.010433,-0.011548,0.0017,-0.3864,0.028114,0.007118,-0.1383,0.843457,-0.006344,0.007077
2021-12-22 00:00:00+00:00,13,1.4118,0.343,1.0,93,633972.3754,-22699.8852,0.657,70,416523.5989,7673.802335,127288.8365,90159.94,-37128.8966,93,633972.3754,10,49212.90031450431,4034.8083846264376,-0.000932,893.2316,-0.9746,0.337093,8.0362,-8.8919,-0.008477,-0.001038,-0.085,-1.1474,0.032571,0.009382,0.2037,0.824281,-0.019176,0.038299
2021-12-23 00:00:00+00:00,12,0.8253,0.3261,1.0,91,770375.4326,-7269.5352,0.6739,65,519155.0942,8954.865702,113586.8264,137633.5119,24046.6855,91,770375.4326,14,49230.605241500896,4002.996066795129,0.000501,178.0498,-0.919,0.298877,3.4671,0.6114,0.042962,0.037673,0.1344,0.1207,0.141984,0.038822,-0.9422,0.847564,0.023283,-0.002237
2021-12-24 00:00:00+00:00,15,1.3678,0.4775,1.0,80,713574.8692,-11964.826,0.5225,53,372865.8152,9261.45792,196813.4891,143895.5648,-52917.9243,80,713574.8692,12,51169.930430494576,4102.779307333663,-0.000599,-867.3215,-1.2348,0.36062,-10.97,-11.5508,0.001736,0.034279,-0.0618,-0.4507,-0.008355,-0.002818,-0.8415,0.843813,-0.003751,0.000356
2021-12-25 00:00:00+00:00,18,3.801,0.4853,0.9781,60,641422.6952,-38661.5146,0.5147,47,337537.7432,31811.306953,251957.605,66287.2948,-185670.3102,75,655782.643,10,50937.078620901455,4073.0150776699206,0.000821,149.3103,-1.189,0.438919,0.9087,8.8516,-0.023267,0.050435,0.0168,-0.2697,-0.056994,-0.023556,-1.4971,0.851691,0.007877,0.027409
2021-12-26 00:00:00+00:00,11,1.7437,0.4857,0.9652,58,259186.5119,-40768.9969,0.5143,43,138120.5142,5361.583471,82885.3712,47535.0121,-35350.3591,68,268540.8975,14,50250.15448201861,4063.135640782245,-0.000354,-1386.3685,-1.6357,0.321256,-13.0,3.6039,-0.015194,-0.059296,0.0096,-0.1519,-0.071803,-0.020271,-1.4523,0.75168,-0.10001,-0.095884
2021-12-27 00:00:00+00:00,17,1.0237,0.348,1.0,96,833258.0059,-43010.2962,0.652,65,543324.3351,6634.251102,146666.7213,143266.9495,-3399.7718,96,833258.0059,14,51126.16372050734,4080.936970033304,0.000382,2068.1901,-0.9283,0.308135,19.2163,13.1452,0.038787,-0.027308,-0.0163,-0.2983,0.122571,0.034721,-0.2841,0.844684,0.093004,0.000871
2021-12-28 00:00:00+00:00,21,1.6799,0.4692,1.0,99,904537.9092,-56869.5972,0.5308,65,480135.2775,8106.003163,266034.618,158368.0138,-107666.6042,99,904537.9092,13,49020.98158965543,3906.8815573637594,-0.000777,2134.049,-0.2134,0.359203,18.1595,25.8178,-0.014677,-0.020798,0.0618,0.3729,-0.053383,-0.017926,0.184,0.864462,0.019777,0.012771
2021-12-29 00:00:00+00:00,23,0.8562,0.3304,1.0,98,691439.3214,-49036.6961,0.6696,62,462958.2651,13079.783393,105389.8226,123091.2338,17701.4111,98,691439.3214,13,47745.017722945886,3789.560340350026,0.000934,2096.9041,0.4941,0.294857,27.7924,45.574,0.034744,0.060052,0.1076,1.5282,0.112013,0.029666,-1.2089,0.828974,-0.035488,0.077293
2021-12-30 00:00:00+00:00,17,1.8768,0.4255,1.0,118,1940181.8692,-88419.5931,0.5745,80,1114589.3943,35931.903645,538613.034,286979.4409,-251633.5931,118,1940181.8692,21,47191.82087926285,3710.207365313589,-0.000673,-1481.7246,-0.016,0.435525,-15.0341,27.0727,0.043641,-0.040133,-0.0882,0.5786,0.097651,0.04098,1.1677,0.911832,0.082859,0.067148
2021-12-31 00:00:00+00:00,16,0.9384,0.1264,1.0,102,1247117.2888,-80143.9297,0.8736,73,1089504.8457,23056.655685,76300.362,81312.0812,5011.7192,102,1247117.2888,13,47356.04865268068,3741.891394666589,-0.000142,-1467.4589,-0.532,0.182797,-14.2775,23.7652,0.011598,0.007292,0.0241,0.8424,0.048932,0.007864,-0.6978,0.879626,-0.032206,0.015165
2022-01-01 00:00:00+00:00,9,2.431,0.1652,1.0,77,431979.1351,-57871.5467,0.8348,62,360618.3564,4937.152623,50562.2038,20798.575,-29763.6288,77,431979.1351,6,47174.93576611852,3732.02786886509,0.000706,-1008.4418,-0.8942,0.204679,-16.8774,5.9791,0.010123,0.031357,-0.0618,0.1902,0.008345,0.001447,-1.1595,0.799529,-0.080097,-0.029444
2022-01-02 00:00:00+00:00,18,1.2082,0.3572,0.9543,73,203596.8228,-53847.9058,0.6428,56,137142.2522,2969.20595,41692.4108,34507.5381,-7184.8727,83,213342.2012,9,47317.13795555589,3773.565885969088,-3.5e-05,1962.6022,-0.2138,0.235567,15.3984,34.3775,0.008642,-0.016163,0.0941,1.2659,-0.021888,-0.00416,-1.372,0.708342,-0.091187,-0.203491
2022-01-03 00:00:00+00:00,17,1.0442,0.3483,0.9646,98,352382.9821,-53755.2585,0.6517,79,238084.2495,5062.271811,64988.172,62236.9306,-2751.2413,111,365309.3521,15,46891.5276916667,3795.340000454028,0.000215,249.7874,-0.1202,0.263979,12.2839,27.4451,0.028692,-0.030983,-0.0519,0.7009,0.084052,0.018845,-0.1943,0.745952,0.037611,-0.133674
2022-01-04 00:00:00+00:00,20,0.5625,0.3828,1.0,111,773032.6562,-26535.8275,0.6172,78,477101.7953,10868.130327,106530.7241,189400.1368,82869.4127,111,773032.6562,13,46498.006785208425,3796.499404618866,-0.000398,2358.6785,0.7083,0.321978,10.9882,20.2738,0.071244,-0.002205,-0.0275,0.3778,0.22627,0.065646,0.5829,0.817677,0.071724,0.018148
2022-01-05 00:00:00+00:00,21,1.7152,0.1536,1.0,128,1035175.7579,-35046.0808,0.8464,96,876211.7682,25472.315979,100417.1758,58546.814,-41870.3618,128,1035175.7579,11,45971.163211908686,3770.67393164196,5.2e-05,1193.157,1.1208,0.199053,19.8605,12.3418,0.008478,-0.009618,-0.0205,0.1473,0.022635,0.003813,0.1127,0.826776,0.0091,0.118435
2022-01-06 00:00:00+00:00,24,1.3635,0.2125,1.0,139,1257718.3554,-4969.8224,0.7875,101,990500.0357,15086.002051,154159.0519,113059.2677,-41099.7843,139,1257718.3554,14,43210.68416459178,3438.832994665263,-0.000256,-962.764,0.781,0.24701,-3.4519,23.924,-0.006796,0.00192,-0.0381,-0.2742,-0.049855,-0.011003,0.9249,0.858731,0.031955,0.112779
2022-01-07 00:00:00+00:00,18,0.9304,0.2216,1.0,158,1024098.7017,-4517.296,0.7784,123,797205.5525,6634.32752,109356.8723,117536.2768,8179.4045,158,1024098.7017,17,42056.26265284817,3239.114632606676,-0.000238,1241.0808,1.1854,0.264083,7.9178,46.1194,0.005976,-0.006182,0.0317,0.0845,0.009369,0.002148,-0.3899,0.827998,-0.030733,0.010321
2022-01-08 00:00:00+00:00,30,1.8041,0.312,1.0,108,434577.681,-5819.4478,0.688,68,298996.4616,5018.386227,87229.9555,48351.2638,-38878.6918,108,434577.681,10,41741.48519599958,3176.437322032591,0.000728,-2692.9119,0.2386,0.27475,-30.701,32.2959,-0.005005,0.003917,-0.0101,-0.0207,-0.054785,-0.012928,0.9696,0.779707,-0.048291,-0.04707
2022-01-09 00:00:00+00:00,25,1.375,0.4102,0.9651,81,218468.8557,-6887.3555,0.5898,58,133518.1344,3457.483356,53752.5451,39092.3182,-14660.2269,89,226362.9977,6,41991.15310354402,3140.681523542799,-0.000403,3303.9904,1.3597,0.325365,30.6243,47.5217,-0.030404,-0.010887,0.1202,1.3475,-0.155384,-0.043284,0.2429,0.723984,-0.055723,-0.134748
2022-01-10 00:00:00+00:00,21,1.0115,0.3068,1.0,132,632399.2846,-6653.2124,0.6932,94,438349.5601,5402.506549,97580.9818,96468.7427,-1112.2391,132,632399.2846,17,41690.85731675558,3107.743559506936,0.000465,5344.7936,3.0032,0.312506,72.1303,107.3681,0.031366,0.057766,0.2362,3.7206,0.088788,0.024829,-0.5215,0.804247,0.080263,-0.023751
2022-01-11 00:00:00+00:00,22,1.0659,0.3167,1.0,120,554155.8152,-19291.5522,0.6833,81,378677.4449,6354.189025,90538.6681,84939.7023,-5598.9658,120,554155.8152,17,42244.41584355766,3149.641514412022,-4.3e-05,-2366.4212,2.1419,0.27694,-37.9844,58.3955,0.006535,-0.016757,-0.2166,1.4403,-0.002108,-0.000502,0.0258,0.780151,-0.024096,0.000445
2022-01-12 00:00:00+00:00,27,1.088,0.3614,1.0,133,619598.8012,-14658.3317,0.6386,87,395692.3791,6328.952944,116672.1204,107234.3017,-9437.8187,133,619598.8012,19,43245.03025529976,3302.8012719133458,-0.000519,-122.8762,2.0377,0.313053,-8.1088,30.4263,0.00397,-0.029613,-0.1737,-0.3899,-0.009056,-0.002494,0.4059,0.789708,0.009557,0.065725
2022-01-13 00:00:00+00:00,13,3.0235,0.4278,1.0,112,982347.3726,-38976.5796,0.5722,81,562147.5069,22871.172476,315763.6926,104436.1731,-211327.5195,112,982347.3726,18,43475.73416847598,3333.9287848767603,0.000446,-1630.67,1.4978,0.426997,-6.4635,27.4147,0.023453,0.01309,-0.0289,-0.6821,0.038613,0.015476,1.1507,0.84239,0.052682,0.038143
2022-01-14 00:00:00+00:00,15,0.8048,0.231,1.0,108,655797.0963,-37803.9379,0.769,78,504298.5784,8310.59709,67555.3109,83943.207,16387.8962,108,655797.0963,15,42826.15521395046,3280.4959861927623,-0.000514,1893.9577,2.0104,0.253482,7.7112,27.208,0.032396,0.011219,0.1183,0.5896,0.117478,0.025547,-0.2702,0.799317,-0.043073,0.019166
2022-01-15 00:00:00+00:00,18,1.2758,0.3184,1.0,83,338811.332,-34117.4145,0.6816,55,230948.3702,5728.9458,60467.9948,47394.9671,-13073.0277,83,338811.332,10,43218.33401365135,3330.451203922414,0.000235,-5175.9026,0.4286,0.260193,-38.4915,19.4175,0.013667,-0.030138,-0.124,-0.7398,0.02203,0.004733,0.0431,0.73859,-0.060727,-0.051118
2022-01-16 00:00:00+00:00,16,0.8563,0.3126,0.9579,74,328146.0161,-30839.1392,0.6874,64,235493.6786,6261.917705,49397.9793,57685.6795,8287.7002,89,342577.3373,9,43142.16732634461,3335.0004686046086,0.000598,134.0602,0.4576,0.257904,-6.8865,-18.0932,0.036547,0.001197,0.0594,-0.0923,0.129288,0.027998,-0.411,0.732019,-0.006571,-0.110371
2022-01-17 00:00:00+00:00,14,0.961,0.4292,1.0,102,533868.6339,-30029.7677,0.5708,73,304708.3795,5515.561325,112303.4464,116856.808,4553.3616,102,533868.6339,15,42623.9626325473,3265.2196532674066,-0.001126,247.676,0.5173,0.307882,7.9397,-82.2838,0.039485,-0.00204,0.015,0.071,0.131977,0.036364,-0.313,0.786623,0.054604,-0.012694
2022-01-18 00:00:00+00:00,9,1.2906,0.22,1.0,100,542482.2414,-31393.0311,0.78,85,423132.541,6617.022452,67245.7551,52103.9453,-15141.8098,100,542482.2414,6,42012.25572292804,3169.448871350133,0.000672,-1538.7554,0.0323,0.212134,-13.9904,-58.2898,0.003023,0.009964,0.015,0.2258,-0.007453,-0.001342,-0.1339,0.805047,0.018424,0.066457
2022-01-19 00:00:00+00:00,17,1.9116,0.3033,1.0,118,1129848.1196,-45370.873,0.6967,90,787199.0726,18605.344041,224965.8794,117683.1676,-107282.7118,118,1129848.1196,11,41963.5204683278,3122.895337782109,9.5e-05,418.3593,0.1529,0.32448,-4.1605,-54.3415,0.02704,-0.00775,-0.0177,0.0302,0.069181,0.020445,-0.0226,0.832417,0.02737,0.100398
2022-01-20 00:00:00+00:00,11,0.697,0.221,1.0,122,712131.4422,-11165.7872,0.779,90,554719.9343,8699.232806,64651.7134,92759.7945,28108.0811,122,712131.4422,21,42280.649296640935,3158.541876330342,9.7e-05,1585.8544,0.6287,0.216329,7.5816,-40.2964,0.040075,-0.000709,-0.0011,0.0184,0.183632,0.033582,-0.3272,0.790897,-0.04152,0.004274
2022-01-21 00:00:00+00:00,28,1.9496,0.2117,1.0,197,1744488.7886,-30490.4671,0.7883,154,1375227.3715,13189.598554,244073.1402,125188.2769,-118884.8634,197,1744488.7886,15,38769.364522487725,2829.888038078851,-0.000254,3600.2729,1.7058,0.251318,43.8562,-4.1514,0.007311,0.001931,0.1022,1.1009,0.004863,0.001094,-0.9903,0.847734,0.056837,0.042687
2022-01-22 00:00:00+00:00,26,1.0253,0.2438,1.0,193,1414155.8572,-29238.8233,0.7562,147,1069382.4268,9360.881921,174542.4758,170230.9546,-4311.5213,193,1414155.8572,20,35585.061809973886,2473.4517189679204,-0.000899,-1735.6775,1.1435,0.256877,-13.4085,20.9316,-0.01236,0.006208,0.0131,1.2197,-0.047045,-0.01038,-0.8052,0.831459,-0.016275,-0.000958
2022-01-23 00:00:00+00:00,21,3.1328,0.1671,1.0,112,1066434.1981,-43560.3692,0.8329,87,888233.1669,18564.104613,135082.0759,43118.9553,-91963.1206,112,1066434.1981,4,35476.53368288671,2458.42073618647,0.001049,-3398.0323,0.079,0.232518,-30.9706,-3.1526,-0.032758,-0.00397,-0.1048,0.1011,-0.17663,-0.036688,-1.1484,0.855154,0.023695,0.064257
2022-01-24 00:00:00+00:00,15,0.8196,0.1875,1.0,168,1256320.113,-40876.1866,0.8125,134,1020810.2883,13564.319623,106083.5925,129426.2322,23342.6397,168,1256320.113,19,35202.67934694656,2375.7165686552357,-0.00046,1061.909,0.4056,0.250046,14.3596,3.2673,0.012958,-0.008702,0.0882,1.0401,0.047777,0.010507,-0.892,0.840664,-0.014489,-0.007069
2022-01-25 00:00:00+00:00,19,0.8344,0.3139,1.0,153,910533.0449,-35025.7209,0.6861,110,624681.7563,6126.935011,130019.9194,155831.3692,25811.4498,153,910533.0449,24,36549.52208564999,2425.0013611115937,0.000207,3.1539,0.4178,0.272522,-10.5617,6.696,0.023513,0.004003,0.0048,1.091,0.06322,0.015214,-0.5313,0.809812,-0.030853,-0.021647
2022-01-26 00:00:00+00:00,28,1.857,0.3244,1.0,162,1134839.328,-35474.3409,0.6756,116,766713.5029,12802.44884,239274.4384,128851.3867,-110423.0517,162,1134839.328,18,37569.52044335337,2521.486214105825,0.000293,354.4844,0.5526,0.288636,8.5586,19.4151,-0.023823,0.009857,0.0006,1.0817,-0.114398,-0.029422,-0.9022,0.828496,0.018684,-0.026658
2022-01-27 00:00:00+00:00,22,1.9687,0.2636,1.0,134,1212100.1234,-54381.5715,0.7364,98,892632.1042,15271.537062,211855.2759,107612.7432,-104242.5327,134,1212100.1234,14,36425.06610191264,2426.87240241888,-0.00072,1356.3135,0.9971,0.277313,9.4966,21.3302,-0.009967,0.003565,0.0495,1.5655,-0.062209,-0.015504,-1.2128,0.846385,0.01789,0.005721
2022-01-28 00:00:00+00:00,21,0.7943,0.2745,1.0,131,892406.8179,-33386.3435,0.7255,98,647475.8997,10356.435071,108424.5928,136506.3253,28081.7325,131,892406.8179,12,37075.2011787898,2439.2285868842987,4.7e-05,-1446.6482,0.5413,0.265602,-6.4969,-29.023,0.026362,-0.017232,-0.1191,0.3022,0.074338,0.017405,-1.6951,0.829419,-0.016966,0.019608
2022-01-29 00:00:00+00:00,19,1.8721,0.3854,1.0,107,583257.0877,-42521.1217,0.6146,78,358473.4898,7579.513565,146519.2833,78264.3146,-68254.9688,107,583257.0877,10,37872.49688984053,2566.261800735329,0.000332,-2290.5449,-0.188,0.287595,-22.8844,-38.4988,-0.016119,-0.00175,-0.0047,0.2465,-0.097956,-0.025041,0.5115,0.777359,-0.052061,-0.051137
2022-01-30 00:00:00+00:00,20,6.8299,0.5495,1.0,99,731152.9218,-72117.5561,0.4505,73,329393.1676,22993.093791,350448.9577,51310.7964,-299138.1613,99,731152.9218,6,38012.02934193712,2601.246133600265,0.000235,-187.6501,-0.2353,0.524374,-9.6648,-17.1929,-0.016936,-0.010765,-0.0129,0.1029,-0.047587,-0.023615,0.3723,0.806903,0.029544,-0.039482
2022-01-31 00:00:00+00:00,15,0.5761,0.2352,1.0,133,922026.7764,-67121.2042,0.7648,98,705195.5604,13524.838297,79257.0567,137574.1593,58317.1026,133,922026.7764,20,37615.26451445901,2580.6077908779057,0.000575,709.7238,0.0129,0.227595,13.5018,-18.0508,0.028096,0.009034,-0.0347,-0.2704,0.119387,0.023689,-0.0785,0.823585,0.016683,-0.005834
2022-02-01 00:00:00+00:00,22,1.3165,0.3127,1.0,134,707795.4768,-75129.155,0.6873,96,486449.7702,6611.112806,125794.9563,95550.7503,-30244.2059,134,707795.4768,16,38585.02732352469,2752.7917838004937,6.1e-05,2961.0661,0.9949,0.271488,23.5344,16.0453,0.000867,0.010775,0.0235,-0.0325,-0.022116,-0.005232,-0.0162,0.784675,-0.038911,0.007316
2022-02-02 00:00:00+00:00,16,1.0015,0.2566,1.0,113,472258.0938,-59367.4086,0.7434,85,351066.1428,3253.806327,60641.389,60550.5621,-90.8269,113,472258.0938,12,38170.27473615543,2743.821402404595,-0.001342,-460.5045,0.8387,0.249016,-12.1039,-4.6172,0.007057,0.004579,-0.0075,-0.1225,0.00326,0.000693,-0.0322,0.770985,-0.01369,-0.035918
2022-02-03 00:00:00+00:00,12,0.7492,0.3523,1.0,106,1183157.03,-35938.9326,0.6477,76,766308.1731,15897.479491,178546.0288,238302.828,59756.7992,106,1183157.03,18,36879.5862364722,2647.2402888693846,0.000705,-2470.0946,0.0271,0.288192,-15.9832,-30.097,0.03499,-0.011481,0.0314,0.2053,0.111511,0.029993,-0.4596,0.869395,0.09841,0.045809
2022-02-04 00:00:00+00:00,32,1.7377,0.3697,1.0,126,821357.3429,-51637.8707,0.6303,81,517738.5051,7602.851231,192714.8359,110904.0019,-81810.834,126,821357.3429,13,38606.84660957859,2826.0329394047417,-0.000119,-1134.5442,-0.3463,0.320367,-7.1096,-30.7097,-0.032636,-0.007423,-0.0647,-0.4985,-0.117956,-0.034134,0.1793,0.821068,-0.048327,0.036393
2022-02-05 00:00:00+00:00,16,0.9057,0.1982,1.0,94,401805.4687,-41324.5582,0.8018,73,322175.6718,5437.800093,37845.7889,41784.008,3938.2191,94,401805.4687,5,41584.41817677524,3016.4134184630093,-0.00023,-2838.0627,-1.2679,0.221873,-26.6308,-34.456,0.009666,-0.025557,-0.1558,-2.1312,0.031637,0.005834,1.1083,0.75389,-0.067178,-0.017095
2022-02-06 00:00:00+00:00,12,1.6001,0.3914,1.0,73,236774.708,-1645.7535,0.6086,52,144106.1372,3199.542204,57027.5498,35641.021,-21386.5288,73,236774.708,9,41635.38658882352,3012.426551444121,0.000503,-212.0067,-1.3088,0.272206,-6.5576,-31.3489,-0.009289,0.011933,0.0594,-1.4925,-0.047698,-0.010988,-0.3211,0.719911,-0.033979,-0.149484
2022-02-07 00:00:00+00:00,19,1.0019,0.3436,1.0,127,870630.2819,-10017.1115,0.6564,86,571506.0214,14320.524007,149703.3318,149420.9286,-282.4032,127,870630.2819,22,43158.85304111595,3100.3063553045067,-0.000245,3662.9307,-0.101,0.308582,38.9955,-5.8552,0.027297,0.046835,0.1191,-0.2345,0.084775,0.023814,-0.5402,0.812646,0.092735,-0.008422
2022-02-08 00:00:00+00:00,14,0.5299,0.3899,1.0,105,745270.3943,7061.1019,0.6101,75,454671.007,8481.827481,100648.0496,189951.3377,89303.2882,105,745270.3943,16,43969.39111572163,3118.601742513321,-0.000351,-2325.1659,-0.8485,0.316539,-20.5472,-49.9368,0.066381,-0.020608,-0.032,-0.5777,0.222247,0.0643,0.6244,0.841505,0.028859,0.087614
2022-02-09 00:00:00+00:00,16,0.9598,0.251,1.0,109,695518.3505,7585.7356,0.749,77,520969.2121,8896.458508,85483.7647,89065.3736,3581.6088,109,695518.3505,16,43982.32335157239,3157.8822757175526,0.000382,346.8915,-0.7156,0.257818,-4.8427,-42.6756,0.01947,0.000287,-0.002,-0.6043,0.067814,0.015485,0.0939,0.816543,-0.024962,0.096632
2022-02-10 00:00:00+00:00,10,2.388,0.2585,1.0,108,1582765.2764,-24893.5306,0.7415,82,1173672.3222,29872.175621,288345.5091,120747.4451,-167598.064,108,1582765.2764,16,44387.6269718816,3191.981375227784,-0.000387,-147.6498,-0.7473,0.345942,-0.9895,-27.6819,0.035433,-0.011542,-0.0344,-0.9656,0.106126,0.034721,-0.227,0.878502,0.061959,0.065856
2022-02-11 00:00:00+00:00,15,0.5419,0.4334,1.0,110,949813.7621,4264.3653,0.5666,82,538162.9138,13058.058835,144678.2055,266972.6428,122294.4374,110,949813.7621,13,43250.59990114092,3056.7600908661525,0.000119,-1591.8462,-1.2512,0.350477,-10.5047,-31.077,0.075311,0.003941,-0.0074,-1.0506,0.225205,0.07408,0.4948,0.86028,-0.018222,0.018775
2022-02-12 00:00:00+00:00,11,1.0443,0.2573,1.0,77,462420.3887,3333.2173,0.7427,58,343430.2653,8868.633661,60784.9701,58205.1532,-2579.817,77,462420.3887,8,42412.573756548816,2931.528934056758,0.000334,-772.0151,-1.4736,0.227598,-11.0859,-15.5321,-0.002641,0.009946,-0.0299,-1.3724,-0.023544,-0.004678,-0.2815,0.81438,-0.0459,-0.002163
2022-02-13 00:00:00+00:00,15,1.626,0.4811,1.0,65,307843.6715,1345.0198,0.5189,42,159752.5389,5149.511044,91697.522,56393.6105,-35303.9115,65,307843.6715,8,42394.849870320926,2916.367919704207,0.000197,-894.1286,-1.717,0.328542,-6.1764,-15.1508,0.011122,-0.013698,-0.0402,-1.7475,0.026903,0.007987,-0.0684,0.781574,-0.032805,-0.096928
2022-02-14 00:00:00+00:00,14,4.0667,0.3124,1.0,95,749361.4991,-18853.4617,0.6876,71,515297.2659,19274.829697,187868.0036,46196.2297,-141671.7739,95,749361.4991,10,42290.44929650354,2897.186455878107,-7.3e-05,401.3157,-1.5446,0.278165,1.3157,-52.8307,-0.069259,-0.011781,0.0444,-1.2532,-0.26984,-0.06859,-1.129,0.846033,0.064459,-0.014247
2022-02-15 00:00:00+00:00,14,3.8112,0.3643,1.0,98,947947.7381,-60433.7925,0.6357,68,602651.2181,22436.173505,273527.7738,71768.7461,-201759.0277,98,947947.7381,16,43884.86323530776,3071.610494545832,0.000194,507.4678,-1.3482,0.419175,5.4015,-26.882,0.006111,-0.000771,0.0914,-0.3239,0.012212,0.004831,-0.8823,0.844071,-0.001962,0.029692
2022-02-16 00:00:00+00:00,15,2.1387,0.2096,1.0,91,525229.6529,-66651.1796,0.7904,71,415138.4046,6508.790111,75015.6743,35075.5741,-39940.1002,91,525229.6529,5,44039.050985034926,3128.735102885202,-0.000931,1148.1908,-0.9611,0.215884,11.8975,-10.1418,0.019461,0.005478,0.1216,0.9526,0.072596,0.013745,-0.8242,0.803963,-0.040108,0.022389
2022-02-17 00:00:00+00:00,19,1.3677,0.3146,1.0,91,682735.3042,-47473.5237,0.6854,60,467953.6057,7820.528845,124068.0859,90713.6126,-33354.4733,91,682735.3042,12,42790.96248855226,3033.2105146168137,0.001186,-249.5377,-1.0206,0.322425,-1.7768,-10.9291,-0.011092,0.012305,-0.0738,0.1687,-0.039187,-0.011615,-0.5331,0.843032,0.039068,-0.003001
2022-02-18 00:00:00+00:00,12,0.9934,0.2348,1.0,95,727035.1114,-64863.6798,0.7652,72,556350.9762,11615.682192,85060.3951,85623.7402,563.3451,95,727035.1114,11,40494.37781947379,2867.950407062414,-0.000575,2031.8323,-0.3761,0.259648,21.4004,20.976,0.022431,0.032606,0.3935,3.8871,0.07989,0.018669,-1.2103,0.841599,-0.001433,-0.002472
2022-02-19 00:00:00+00:00,22,2.3841,0.4343,1.0,75,225886.3635,-70227.0174,0.5657,44,127783.8759,2680.781266,69112.8341,28989.6536,-40123.1805,75,225886.3635,9,40120.13467447759,2777.742972771673,0.000208,-2953.432,-1.2852,0.321278,-29.935,2.1269,-0.006436,-0.034882,-0.3458,0.5589,-0.041515,-0.011651,-1.1776,0.748093,-0.093506,-0.055871
2022-02-20 00:00:00+00:00,10,2.3405,0.2659,1.0,84,419167.1979,-71573.9328,0.7341,68,307697.1614,5233.06279,78101.1779,33368.8585,-44732.3194,84,419167.1979,6,38878.53786485548,2665.134147834633,-0.000234,86.5418,-1.2295,0.273578,-2.9103,5.393,-0.02975,0.042099,0.3011,3.236,-0.128139,-0.030909,-1.7328,0.786623,0.03853,-0.056409
2022-02-21 00:00:00+00:00,27,1.1463,0.2293,1.0,97,662977.0479,-52814.9777,0.7707,59,510969.8769,13018.563985,81183.1294,70824.0416,-10359.0877,97,662977.0479,11,38642.76304672314,2690.280359962188,8.1e-05,2307.3854,-0.4962,0.290349,26.5428,30.6201,0.010848,-0.028172,-0.2491,0.9698,0.03045,0.00804,-1.3212,0.826548,0.039925,-0.015051
2022-02-22 00:00:00+00:00,16,1.5396,0.2994,1.0,97,418714.4097,-27797.7094,0.7006,73,293350.6472,5665.700825,76000.9563,49362.8062,-26638.1501,97,418714.4097,8,37480.180002680405,2585.0517761392143,7.7e-05,-422.8611,-0.6155,0.286174,-3.4946,21.724,0.005251,-0.024081,-0.0413,0.6047,0.012628,0.003202,-0.8708,0.79629,-0.030258,0.048197
2022-02-23 00:00:00+00:00,12,0.844,0.301,1.0,96,509164.8058,-20240.0466,0.699,71,355904.5323,6424.674039,70148.3669,83111.9066,12963.5396,96,509164.8058,13,38297.82218483661,2673.4666787924866,-0.000485,-409.5872,-0.7297,0.296925,-10.0583,-0.2318,0.02822,0.01112,-0.0759,-0.0755,0.094053,0.024864,-0.4877,0.805047,0.008757,0.018424
2022-02-24 00:00:00+00:00,30,1.2578,0.2396,1.0,183,1683128.5558,-22055.1234,0.7604,132,1279799.5282,21965.210857,224694.5193,178634.5083,-46060.0109,183,1683128.5558,21,36185.987975461096,2466.2310920299246,-0.000666,511.9681,-0.5627,0.281347,2.2004,3.7454,-0.002585,0.006701,0.0435,0.323,-0.004881,-0.001246,-0.4609,0.851307,0.04626,0.024759
2022-02-25 00:00:00+00:00,12,1.1208,0.1813,1.0,102,1043611.3473,-23675.1867,0.8187,80,854363.1742,18276.165977,100012.6356,89235.5375,-10777.098,102,1043611.3473,10,38873.18184032386,2662.7199992083983,0.000884,-2714.6304,-1.3762,0.208153,-20.5433,-38.1984,0.00815,-0.035207,-0.1201,-0.7554,0.030079,0.005643,-0.6464,0.865167,0.01386,0.068877
2022-02-26 00:00:00+00:00,5,0.4374,0.3269,1.0,70,408636.803,-10472.3614,0.6731,50,275034.4082,6992.046213,40652.899,92949.4957,52296.5967,70,408636.803,15,39291.322811899176,2793.5711936232988,0.000545,-1128.671,-1.676,0.27413,-10.857,-19.1204,0.088045,0.008712,-0.0721,-1.3786,0.344853,0.084841,0.6714,0.820217,-0.044951,0.015169
2022-02-27 00:00:00+00:00,18,1.3052,0.4822,1.0,93,350664.7347,-7280.2627,0.5178,48,181571.9328,5059.097056,95740.215,73352.5869,-22387.6281,93,350664.7347,27,38829.29305944773,2739.512411735024,-0.000251,-219.1695,-1.6921,0.352061,-3.1501,-19.3602,0.034428,0.002815,0.0769,-0.6775,0.096633,0.031064,-0.3164,0.799865,-0.020352,-0.051442
2022-02-28 00:00:00+00:00,12,0.8273,0.2343,1.0,96,782277.4659,-3325.1814,0.7657,65,598989.9755,16287.903537,82980.5046,100306.9858,17326.4812,96,782277.4659,19,39261.69049432671,2696.8210558919263,0.000113,2635.262,-0.8864,0.262517,16.8241,-29.0788,0.029056,0.000238,0.0323,-0.3873,0.115927,0.027573,-0.8337,0.85404,0.054175,-0.011127
2022-03-01 00:00:00+00:00,15,1.4834,0.2489,1.0,104,947734.7088,-6077.9225,0.7511,76,711872.9419,10843.303586,140884.5525,94977.2144,-45907.3381,104,947734.7088,13,43656.13590008625,2937.552652128403,-0.000976,-1179.7702,-1.2099,0.292753,1.173,-24.4112,0.0215,0.008104,-0.0261,-0.6105,0.08541,0.022986,-0.4636,0.867286,0.013246,0.04707
2022-03-02 00:00:00+00:00,12,0.9914,0.2133,1.0,91,705227.4743,-7837.0041,0.7867,70,554783.3744,10352.522344,74897.0658,75547.0341,649.9683,91,705227.4743,9,44090.369369144144,2972.6492983578155,0.000393,-459.5376,-1.3164,0.237488,-5.8268,-20.1796,0.012331,-0.021155,-0.0228,-0.8047,0.056289,0.011979,-0.0449,0.855002,-0.012284,0.055137
2022-03-03 00:00:00+00:00,9,1.0321,0.1342,1.0,85,670818.1148,-1459.9189,0.8658,71,580817.3398,11050.677562,45710.5948,44290.1803,-1420.4145,85,670818.1148,5,43170.80154553427,2885.58029329796,0.000424,-485.4417,-1.4255,0.209163,-4.9047,-27.2847,0.029362,0.001257,-0.0231,-0.9901,0.150461,0.027895,-0.3715,0.850709,-0.004293,-0.003331
2022-03-04 00:00:00+00:00,14,2.3925,0.2464,1.0,95,900816.4618,-12932.8506,0.7536,73,678898.6413,16504.821698,156502.7202,65415.1004,-91087.6198,95,900816.4618,8,41094.01463710816,2709.964104621384,-0.000356,-106.9022,-1.4205,0.273334,-2.7486,-9.49,0.003585,-0.000725,0.0489,-0.5367,0.002969,0.000752,-0.0735,0.870631,0.019922,0.003344
2022-03-05 00:00:00+00:00,9,,0.2044,1.0,54,417301.7941,-32589.1384,0.7956,45,332004.3763,14025.331389,85297.4178,0.0,-85297.4178,54,417301.7941,0,39208.10286302286,2646.046576068932,-0.000134,-1143.6918,-1.7034,0.22314,-9.0734,-7.7064,-0.03958,0.011856,-0.0636,-1.2502,-0.227083,-0.044632,-2.192,0.816937,-0.053694,-0.038065
2022-03-06 00:00:00+00:00,6,0.2861,0.618,1.0,54,223383.2521,-18443.7541,0.382,39,85321.5929,8355.368321,30715.7986,107345.8606,76630.062,54,223383.2521,9,39119.86693384751,2640.2531821271714,0.000705,1157.5677,-1.3447,0.348927,-1.6088,-6.1651,0.111744,-0.013697,-0.0051,-1.2702,0.352761,0.110718,-0.7067,0.77544,-0.041497,-0.075269
2022-03-07 00:00:00+00:00,13,1.1982,0.2239,1.0,96,728794.6327,-23020.8072,0.7761,71,565610.0692,10594.926457,88948.727,74235.8364,-14712.8906,96,728794.6327,12,38279.95002381236,2542.815359077424,-0.001015,-780.1373,-1.5288,0.243798,4.0333,-18.956,0.003231,0.001491,0.0566,-0.7054,0.024071,0.005269,0.5077,0.855383,0.079943,-0.015247
2022-03-08 00:00:00+00:00,11,0.6886,0.1467,1.0,91,825159.0592,-13273.0083,0.8533,72,704077.2552,26506.229959,49377.2749,71704.5291,22327.2542,91,825159.0592,8,38647.381855708176,2558.6006600234005,0.000435,-194.9874,-1.5527,0.215188,-0.4897,-20.6187,0.005602,0.034707,-0.163,-2.22,0.027126,0.00525,-0.5231,0.870583,0.0152,0.053646
2022-03-09 00:00:00+00:00,13,1.1122,0.3202,1.0,88,480951.1343,-14533.9184,0.6798,64,326965.0309,6068.89704,81081.253,72904.8504,-8176.4026,88,480951.1343,11,41484.77067069069,2709.2765646787907,-7.6e-05,41.1547,-1.5112,0.348807,1.7972,-12.9948,0.013937,0.014676,0.0653,-1.5571,0.033443,0.010788,0.0379,0.836445,-0.034138,0.061005
2022-03-10 00:00:00+00:00,20,2.4047,0.2688,1.0,85,662779.6178,-24831.7381,0.7312,57,484619.3583,9236.780319,125832.7057,52327.5538,-73505.1519,85,662779.6178,8,39707.30649163184,2618.6187934296827,4.1e-05,-503.0676,-1.6084,0.309802,-5.3708,-13.4609,-0.014648,-0.003869,-0.1301,-2.6465,-0.055843,-0.01615,-0.5318,0.862269,0.025824,0.006886
2022-03-11 00:00:00+00:00,16,1.7128,0.2887,1.0,82,442809.2005,-16618.6403,0.7113,57,314948.5204,8273.045498,80728.3077,47132.3725,-33595.9352,82,442809.2005,9,39007.5286026118,2585.0370258700727,0.000541,-217.3551,-1.6316,0.290234,-2.9764,-13.6886,0.008288,-0.043681,0.1833,-0.9745,0.02986,0.007773,-0.8509,0.81123,-0.051039,-0.059353
2022-03-12 00:00:00+00:00,4,0.727,0.2283,0.969,50,119464.4224,-3797.8865,0.7717,46,95139.6495,2046.038362,11846.6605,16294.5192,4447.8587,54,123280.8293,4,39126.98844299885,2586.267114747935,-0.000412,-595.6407,-1.7533,0.191226,-6.0776,-10.6928,0.001235,0.001939,-0.0424,-1.3388,-0.016928,-0.002553,-0.1606,0.722623,-0.088607,-0.113822
2022-03-13 00:00:00+00:00,11,1.6084,0.3677,1.0,58,216571.3408,-17398.8571,0.6323,40,136929.4751,4925.497015,49109.2988,30532.5668,-18576.7321,58,216571.3408,7,38927.27999653502,2575.236482849606,0.000117,346.3633,-1.6255,0.288053,4.4081,-4.6759,-0.013664,0.01151,0.0144,-1.1902,-0.056462,-0.014455,-1.9569,0.765062,0.042439,-0.097208
2022-03-14 00:00:00+00:00,16,1.1528,0.3596,1.0,77,415433.7068,-16811.8066,0.6404,53,266037.5366,6952.834258,79999.8536,69396.3166,-10603.537,77,415433.7068,8,38703.8055310252,2559.794457385042,0.000236,420.164,-1.4895,0.309099,2.423,-6.2863,0.019383,0.002201,0.0723,-0.5511,0.064021,0.018187,-0.4667,0.826261,0.061199,0.015031
2022-03-15 00:00:00+00:00,16,6.2354,0.3953,1.0,96,1399696.7521,-77198.8964,0.6047,72,846361.772,34547.912953,476858.6774,76476.3027,-400382.3747,96,1399696.7521,8,39021.762591812025,2570.628011604538,-0.000337,443.2873,-1.3501,0.471335,4.257,-1.5395,-0.003414,-0.021678,-0.106,-1.4527,-0.005769,-0.002633,-0.2245,0.906761,0.0805,0.184138
2022-03-16 00:00:00+00:00,13,1.5724,0.1854,1.0,93,803555.3551,-80766.1483,0.8146,72,654597.2032,10690.02681,91052.6588,57905.4932,-33147.1656,93,803555.3551,8,40186.21831915225,2680.174064135467,0.000113,334.8908,-1.2394,0.234417,4.9613,1.6246,0.016329,0.002719,-0.0996,-2.2565,0.074434,0.016029,0.7442,0.870745,-0.036015,0.105684
2022-03-17 00:00:00+00:00,17,0.768,0.3154,1.0,132,595194.9926,-66746.1835,0.6846,90,407483.9564,6217.505592,81538.2175,106172.8187,24634.6012,132,595194.9926,25,40941.80548062939,2787.424207572265,-0.000768,1950.6284,-0.7464,0.300947,4.3644,11.3597,0.050012,0.017107,0.2473,-0.1471,0.191547,0.0514,-0.0432,0.793096,-0.077649,-0.033165
2022-03-18 00:00:00+00:00,18,0.8655,0.4693,1.0,127,698542.9592,-58570.926,0.5307,79,370730.975,7229.369016,152090.5584,175721.4258,23630.8674,127,698542.9592,30,40960.097380834304,2844.885105036464,0.000566,-608.22,-0.892,0.441394,10.0013,24.3374,0.044585,-0.04319,-0.244,-2.1479,0.255016,0.094365,2.1461,0.795775,0.002679,-0.110986
2022-03-19 00:00:00+00:00,18,1.3196,0.4037,1.0,103,799895.3094,-65563.3905,0.5963,65,476944.7039,15176.179266,183724.9991,139225.6064,-44499.3927,103,799895.3094,20,41864.24730975241,2951.169749027889,-0.000278,-2275.2052,-1.4374,0.373668,-24.1175,6.2975,0.039864,0.05769,0.1083,-1.226,0.115775,0.040767,-0.9421,0.84692,0.051145,-0.023825
2022-03-20 00:00:00+00:00,7,1.1589,0.3652,0.9611,75,147835.1176,-63500.2449,0.6348,54,97653.0408,2415.847449,30153.3912,26018.6783,-4134.7129,81,153825.1102,20,41664.6506642424,2898.8842122268074,0.000248,-452.3411,-1.5206,0.252572,-4.2889,-2.3995,0.013657,-0.02044,0.0363,-0.9129,0.065085,0.014135,-0.5389,0.738064,-0.108856,-0.055032
2022-03-21 00:00:00+00:00,19,2.0302,0.4821,1.0,96,631298.7092,-76768.2524,0.5179,65,326928.4664,8063.761473,203924.9161,100445.3268,-103479.5892,96,631298.7092,12,41117.12305353032,2894.494696536221,0.000215,680.6195,-1.3358,0.44606,8.5778,3.7553,0.020918,-0.021761,-0.0695,-1.4502,0.09681,0.039423,0.4242,0.841571,0.103508,0.045796
2022-03-22 00:00:00+00:00,17,2.1074,0.3047,1.0,106,919613.5126,-33838.3913,0.6953,73,639368.3495,11131.465322,190059.2551,90185.9079,-99873.3472,106,919613.5126,16,42405.23285754183,2990.619708770997,-0.000121,740.2368,-1.1412,0.364876,7.6473,7.1456,0.030163,0.000581,-0.0301,-1.6623,0.122194,0.040973,1.1996,0.866342,0.02477,0.019422
2022-03-23 00:00:00+00:00,13,0.7493,0.317,1.0,116,553932.4957,-25508.1965,0.683,83,378310.5951,6620.495767,75228.8513,100393.0493,25164.198,116,553932.4957,20,42268.52061905911,2971.360077896545,0.000412,-234.8155,-1.1785,0.29776,-5.2043,-3.02,0.046332,0.014305,0.0898,-0.9244,0.176175,0.047628,-0.2853,0.807071,-0.05927,0.069008
2022-03-24 00:00:00+00:00,14,0.989,0.6466,1.0,112,826583.1809,-28603.6244,0.3534,61,292127.5672,14254.222927,265744.5041,268711.1097,2966.6056,112,826583.1809,37,43288.7316343236,3061.3610958933364,-0.000835,1089.8119,-0.9124,0.522586,9.6616,2.2772,0.133588,-0.00608,0.0332,-0.6525,0.262965,0.131575,-0.5947,0.838053,0.030981,-0.003519
2022-03-25 00:00:00+00:00,17,1.3328,0.5416,1.0,106,865636.5057,-41534.1369,0.4584,63,396797.6673,12140.957787,267860.7791,200978.0593,-66882.7198,106,865636.5057,26,44253.33075115661,3129.9072471564177,0.000465,-292.3086,-0.9715,0.491361,-4.2441,-11.9681,0.069674,0.0115,0.0153,-0.5234,0.150167,0.070544,-0.6547,0.864484,0.026431,-0.001858
2022-03-26 00:00:00+00:00,6,1.2342,0.2543,0.8892,49,143732.9216,-35792.8048,0.7457,60,120528.6364,2937.884157,22710.034,18399.9658,-4310.0682,69,161638.6362,3,44366.26505964465,3119.3747892806805,-0.000316,-1363.713,-1.2788,0.218385,-10.3311,1.8183,0.020555,-0.012991,-0.0944,-1.2466,0.103527,0.018175,-0.9196,0.701012,-0.163471,-0.106059
2022-03-27 00:00:00+00:00,14,0.4355,0.3397,0.9113,69,169880.8992,-31644.885,0.6603,60,123093.4972,3024.565071,19214.0676,44114.7935,24900.7259,86,186422.3583,12,44854.321734133904,3163.897620700473,0.00077,1140.7673,-0.9986,0.239263,-1.4409,4.6663,0.026875,0.034125,0.0447,-0.8811,0.132491,0.026829,-0.6815,0.718204,0.017192,-0.119849
2022-03-28 00:00:00+00:00,11,0.8678,0.2731,1.0,117,788438.5219,-14685.9067,0.7269,80,573128.0722,12148.616481,100038.5956,115271.8541,15233.2585,117,788438.5219,26,47226.48880470649,3341.902220576759,-0.000935,3136.7761,-0.2635,0.288016,16.4582,12.5467,0.048342,0.01258,0.0984,-0.1031,0.184642,0.048925,-0.2176,0.839332,0.121128,-0.025151
2022-03-29 00:00:00+00:00,9,0.9824,0.5946,1.0,112,1086222.7753,402.7838,0.4054,74,440374.0434,18279.222836,320050.6228,325798.1091,5747.4863,112,1086222.7753,29,47497.48644493224,3404.636048205819,0.000278,-2989.1093,-0.938,0.540257,-1.2563,3.6432,0.145031,-0.00013,-0.0456,-0.4448,0.272473,0.142641,-0.313,0.867683,0.028351,0.166671
2022-03-30 00:00:00+00:00,17,1.5795,0.3674,1.0,104,986392.2824,-14823.8995,0.6326,70,623963.2552,9473.7621,221925.8061,140503.2211,-81422.585,104,986392.2824,17,47230.59931064044,3389.8039767741734,-0.000235,587.6449,-0.7862,0.356553,-0.0218,8.8257,0.008488,-0.010393,0.0382,-0.1337,0.046077,0.015207,-1.1431,0.85825,-0.009433,0.140046
2022-03-31 00:00:00+00:00,9,2.054,0.3847,1.0,100,995131.5643,-34122.4302,0.6153,78,612297.5045,18776.821612,257478.5845,125355.4753,-132123.1092,100,995131.5643,13,46722.25703964566,3368.467604447124,0.000441,-66.5941,-0.7892,0.401919,2.2157,1.3797,0.042274,-0.003243,0.0008,-0.1166,0.110685,0.042148,-1.2113,0.856671,-0.001578,0.017339
2022-04-01 00:00:00+00:00,14,3.4379,0.312,1.0,108,1114900.7679,-51864.8372,0.688,75,767064.9475,23456.015274,269457.6947,78378.1257,-191079.569,108,1114900.7679,19,45502.05794868796,3337.6732598108338,-0.00014,1302.2518,-0.4845,0.333876,13.211,18.8348,-0.046895,0.004455,0.073,0.4649,-0.143359,-0.044525,-0.4643,0.851113,-0.005558,-0.01657
2022-04-02 00:00:00+00:00,10,0.8435,0.3183,1.0,85,609157.8915,-48898.1258,0.6817,56,415292.3338,12262.081226,88704.3231,105161.2347,16456.9116,85,609157.8915,19,46481.15403676822,3480.5857402952656,-0.000859,-1131.1179,-0.7316,0.269452,-7.965,21.2009,0.028229,-0.004155,-0.0116,0.3839,0.118018,0.028648,-1.593,0.807073,-0.04404,-0.051177
2022-04-03 00:00:00+00:00,13,4.625,0.2489,0.9563,70,312621.1353,-59946.8471,0.7511,64,245525.8215,10752.236582,66906.544,14466.2211,-52440.3229,85,326898.5867,8,46325.05182915415,3486.905768262081,0.000971,31.4844,-0.7108,0.254507,-4.1347,18.5071,-0.018144,0.005008,0.008,0.4526,-0.079621,-0.017342,-1.0869,0.722596,-0.084477,-0.134075
2022-04-04 00:00:00+00:00,10,0.4975,0.3382,1.0,96,466590.4358,-54557.9241,0.6618,59,308772.5211,14474.942068,52431.0976,105386.817,52955.7195,96,466590.4358,27,46071.78134309356,3486.3957727561883,0.000453,882.674,-0.4942,0.270264,13.8945,15.9434,0.04146,-0.012363,0.0931,1.1859,0.179452,0.042878,-0.4293,0.788839,0.066243,-0.062274
2022-04-05 00:00:00+00:00,14,1.4193,0.2349,1.0,103,670434.6363,-59277.284,0.7651,73,512972.1267,13454.322682,92375.2714,65087.2383,-27288.033,103,670434.6363,16,46396.57706491516,3494.037834178805,-0.000391,4602.0509,0.5758,0.254047,3.1527,20.3524,0.026829,0.00669,-0.1192,0.2352,0.11723,0.026497,-0.6539,0.808788,0.019948,0.001714
2022-04-06 00:00:00+00:00,20,1.1768,0.2766,1.0,111,775104.8904,-50133.7185,0.7234,77,560682.8267,9723.410322,115919.8449,98502.2188,-17417.6261,111,775104.8904,14,44737.00635992977,3303.485612193179,-0.000165,-5020.1581,-0.5715,0.286025,-8.7885,11.5858,0.021922,0.007645,0.0524,0.6456,0.086312,0.022654,-1.1705,0.843206,0.034419,0.12061
2022-04-07 00:00:00+00:00,11,0.9425,0.1653,1.0,95,900754.4663,-30628.9117,0.8347,74,751885.1768,13675.482951,72229.3756,76639.9139,4410.5384,95,900754.4663,10,43472.734492390286,3214.4777726622974,5.7e-05,461.3212,-0.4484,0.188621,-2.2521,7.118,0.000846,-0.017202,0.0009,0.6472,-0.003746,-0.000625,-1.0789,0.844447,0.001241,0.055608
2022-04-08 00:00:00+00:00,8,0.8218,0.2089,1.0,89,559013.9477,-1700.086,0.7911,70,442260.7221,7790.456795,52665.5076,64087.718,11422.2104,89,559013.9477,11,43368.87375511459,3258.869758539426,-0.000336,-710.7254,-0.6008,0.219731,-1.1752,-7.2683,0.042013,-0.021383,0.0246,0.8328,0.195676,0.038137,-0.7955,0.818849,-0.025599,0.010061
2022-04-09 00:00:00+00:00,12,7.486,0.5095,1.0,61,315096.1449,-21580.1834,0.4905,45,154555.781,12859.474564,141622.0669,18918.297,-122703.7698,61,315096.1449,4,42492.92029089281,3220.478118843256,0.000572,-1840.0989,-1.012,0.426252,-17.1141,-16.4174,-0.042478,-0.01015,-0.1708,-0.5063,-0.108856,-0.042863,-1.7346,0.761559,-0.057289,-0.081647
2022-04-10 00:00:00+00:00,7,1.6928,0.4569,0.9579,54,155245.6816,-16810.5721,0.5431,45,88014.8296,3586.714719,46556.3908,27503.3471,-19053.0436,61,162074.5676,9,42789.76583044827,3260.6298584976844,-0.000106,-67.431,-1.0266,0.293749,-3.2333,-15.516,0.011311,-0.005814,0.0202,-0.3253,0.025403,0.006485,0.6093,0.701427,-0.060132,-0.143021
2022-04-11 00:00:00+00:00,25,1.6357,0.4031,1.0,106,1056616.0665,-39050.1215,0.5969,65,630741.8254,15629.012542,264297.684,161576.5571,-102721.1269,106,1056616.0665,16,41353.320374818126,3099.611131676556,0.000192,1031.2288,-0.76,0.367148,10.2516,-19.1589,-0.013497,0.032908,0.1067,0.5906,-0.03216,-0.011169,-0.7835,0.871578,0.170151,0.05273
2022-04-12 00:00:00+00:00,9,0.63,0.3778,1.0,89,388404.1955,-30393.6773,0.6222,64,241654.7582,4085.203267,56721.1805,90028.2568,33307.0763,89,388404.1955,16,39987.08607055697,3016.671106947115,-0.000374,71.7261,-0.7297,0.300775,3.065,-19.2466,0.047367,0.005499,0.0517,1.0134,0.175923,0.047535,-1.7309,0.807121,-0.064457,0.045562
2022-04-13 00:00:00+00:00,12,0.9733,0.3697,1.0,92,467777.6722,-27570.7483,0.6303,60,294851.6551,6475.826307,85291.5701,87634.447,2342.8769,92,467777.6722,20,40488.99225522412,3066.782775027896,-0.000403,-62.8919,-0.7314,0.294948,0.8932,-9.5649,0.026127,-0.019269,-0.0064,0.9415,0.0957,0.025478,-1.889,0.810859,0.003738,0.109432
2022-04-14 00:00:00+00:00,12,0.9841,0.2529,1.0,97,470685.9891,-28064.1108,0.7471,72,351633.1413,6644.417187,59047.9232,60004.9245,957.0013,97,470685.9891,13,40759.67252489921,3074.1031040094126,0.00058,194.4969,-0.6688,0.202396,-1.6307,-8.9435,0.010518,-0.015321,-0.0966,0.1335,0.061982,0.010822,-0.4618,0.807701,-0.003158,-0.063877
2022-04-15 00:00:00+00:00,8,0.7882,0.5646,1.0,70,626187.6491,-23714.4474,0.4354,30,272653.1602,12919.556478,155832.3173,197702.1716,41869.8542,70,626187.6491,32,40247.517322614265,3030.0787219476865,-0.000466,-745.2377,-0.8589,0.390665,-7.0845,-14.8528,0.062021,0.008209,0.043,0.4882,0.165101,0.060871,-1.6797,0.851327,0.043626,0.044206
2022-04-16 00:00:00+00:00,10,3.0049,0.4759,0.9731,69,505108.7328,-23854.286,0.5241,68,272029.8018,11879.455348,185371.7956,61689.1554,-123682.6402,85,519090.7528,7,40430.23077522358,3040.978049790782,0.000845,-952.1122,-1.1061,0.461534,-9.3896,-7.1283,0.04521,0.004686,-0.0844,-0.221,0.101565,0.044033,-0.4113,0.746982,-0.104345,-0.063877
2022-04-17 00:00:00+00:00,9,0.4163,0.3113,0.9462,53,457166.8131,-12279.117,0.6887,64,332767.8343,14347.134232,44205.6775,106178.8165,61973.139,86,483152.3284,13,40363.300653162085,3052.250519335412,-2e-05,-434.9669,-1.2069,0.245242,-2.9767,-6.8717,0.07964,0.005775,0.0252,-0.0044,0.356541,0.078916,-1.5509,0.791585,0.044603,-0.016116
2022-04-18 00:00:00+00:00,14,0.78,0.2703,1.0,119,511921.5412,4837.8884,0.7297,88,373570.6383,5094.359036,60626.4959,77724.407,17097.911,119,511921.5412,17,39659.138309711685,2959.837465191904,-0.000287,976.4105,-0.9063,0.241948,8.1696,-8.9537,0.013068,0.019904,0.0352,0.2952,0.081089,0.016951,-0.5443,0.778431,-0.013154,-0.072896
2022-04-19 00:00:00+00:00,14,1.2993,0.5014,1.0,95,798517.9696,-7363.9789,0.4986,60,398179.5129,9673.3041,226222.2258,174116.2309,-52105.9949,95,798517.9696,21,41034.419084158406,3070.9945197448874,0.000564,439.6344,-0.7614,0.439177,5.9256,-6.093,0.063206,-0.063821,-0.1934,-1.3107,0.152989,0.063741,2.5426,0.84797,0.069539,0.100988
2022-04-20 00:00:00+00:00,4,1.0422,0.4495,1.0,122,1554875.7954,-9764.1191,0.5505,34,855982.3827,33945.361191,356675.7584,342217.6543,-14458.1041,122,1554875.7954,84,41477.76998735979,3094.879381111719,-0.00025,2894.1938,0.102,0.374951,8.643,1.6568,0.023849,0.002909,0.0019,-1.2658,0.066198,0.023819,3.1609,0.89346,0.04549,0.101875
2022-04-21 00:00:00+00:00,13,1.3746,0.2477,1.0,121,649287.7774,-13525.6024,0.7523,91,488430.071,7845.483759,93115.5442,67742.1621,-25373.3821,121,649287.7774,17,41719.04005775794,3088.450381412671,-0.00071,-1035.4773,-0.1789,0.225049,10.5475,13.8351,-0.013292,0.056213,0.2269,0.6289,-0.075536,-0.014676,0.1514,0.79664,-0.09682,0.018209
2022-04-22 00:00:00+00:00,17,1.5656,0.2487,1.0,108,704865.741,-25028.5123,0.7513,74,529539.8716,14511.887766,106988.1923,68337.6771,-38650.5151,108,704865.741,17,40163.17658077832,2987.635917402086,8.5e-05,-892.6555,-0.4419,0.228932,-10.7867,10.1329,-0.002372,-0.011586,-0.0746,0.0198,-0.030105,-0.00608,-0.3371,0.784684,-0.011956,-0.063286
2022-04-23 00:00:00+00:00,12,0.2527,0.5145,0.7265,38,102816.0014,-1154.0207,0.4855,58,68714.6191,2670.127962,14687.3402,58126.1412,43438.8011,84,141528.1005,14,39694.55003195772,2961.2280163344417,6.6e-05,-1689.9062,-0.9757,0.229445,-15.8579,3.6645,0.064834,0.012302,-0.0068,-0.0325,0.340578,0.063261,-1.3176,0.668284,-0.1164,-0.225176
2022-04-24 00:00:00+00:00,9,1.1721,0.2311,0.8594,42,168537.0043,-10520.2924,0.7689,68,150778.8991,4635.050013,24456.989,20866.2266,-3590.7624,80,196102.1146,3,39663.47758801409,2945.552174563541,0.000598,2.2936,-0.9607,0.197057,-1.8349,4.8063,0.015328,-0.010963,-0.0248,-0.2279,0.092386,0.014727,-0.3244,0.702996,0.034712,-0.093644
2022-04-25 00:00:00+00:00,20,0.958,0.3505,1.0,118,764800.2846,-12141.7056,0.6495,79,496706.2015,8307.060637,131173.0325,136921.0506,5748.0181,118,764800.2846,19,39236.98787022549,2892.8789337402827,-0.000407,1869.6709,-0.3089,0.385418,18.7718,15.4086,-0.005499,0.031429,0.1163,0.7718,-0.015377,-0.005555,-0.8785,0.832565,0.12957,0.047882
2022-04-26 00:00:00+00:00,17,1.7484,0.3116,1.0,103,715947.8803,-13376.4416,0.6884,76,492843.8418,8956.710544,141926.5924,81177.446,-60749.1464,103,715947.8803,10,39724.059078579805,2946.5030998855,0.000488,-575.5346,-0.4926,0.298078,-4.0965,5.3864,0.014116,-0.012402,-0.0556,0.309,0.055908,0.015201,-0.9078,0.817561,-0.015005,0.149277
2022-04-27 00:00:00+00:00,12,0.6323,0.3117,1.0,92,551530.7129,-5778.2244,0.6883,62,379627.4991,6193.090729,66586.8989,105316.3148,38729.4159,92,551530.7129,18,38810.21761156114,2864.87344174632,-0.001339,238.7219,-0.3891,0.251756,-0.0557,-3.3123,0.033465,-0.000322,0.0086,0.4041,0.14252,0.032113,0.573,0.808957,-0.008604,0.105961
2022-04-28 00:00:00+00:00,13,0.7264,0.368,1.0,100,781882.4081,4361.4746,0.632,70,494158.5408,12123.587261,121059.6783,166664.189,45604.5107,100,781882.4081,17,39586.88519206105,2913.3438727510893,0.001096,16.5732,-0.3637,0.293633,2.5113,-11.3485,0.044555,0.004945,0.0024,0.4294,0.167901,0.04514,0.0555,0.818811,0.009854,-0.013755
2022-04-29 00:00:00+00:00,27,1.0229,0.4794,1.0,120,1363177.1287,8828.1776,0.5206,74,709610.1916,19117.908639,330475.2655,323091.6716,-7383.5939,120,1363177.1287,19,39132.28699578648,2875.364866028123,-0.000193,-7.4356,-0.3483,0.375007,-1.8234,-2.3852,0.00747,-0.003086,0.0632,0.9788,0.022625,0.008028,0.0791,0.857061,0.03825,0.0395
2022-04-30 00:00:00+00:00,18,0.618,0.3408,0.9034,83,247935.1979,5777.914,0.6592,78,180922.2098,3225.952394,35724.7973,57811.7531,22086.9558,111,274458.7601,15,38582.66369913847,2819.312618698209,0.000778,-241.6657,-0.4285,0.217972,-0.2823,13.1904,0.031598,0.042123,0.0843,1.6798,0.147794,0.026107,-0.0005,0.683987,-0.173073,-0.12497
2022-05-01 00:00:00+00:00,33,0.7788,0.4034,0.8759,118,401481.775,9576.5127,0.5966,123,273463.8836,4746.2697,80959.4842,103958.9132,22999.429,190,458382.2811,34,38107.06498797543,2779.891428105632,-0.000758,67435.5292,8.8973,0.240324,20.0582,35.0835,0.014776,-0.004206,0.0389,1.9525,0.068928,0.013261,-1.1951,0.599048,-0.084939,-0.219762
2022-05-02 00:00:00+00:00,23,1.2719,0.2967,1.0,145,1081764.5087,3268.5274,0.7033,94,760798.9262,8378.285818,179686.7311,141278.8514,-38407.8796,145,1081764.5087,28,38713.21002154964,2834.8108953812566,0.000154,-65513.8213,0.0403,0.338164,-1.4143,14.8973,-0.022857,0.025402,0.0067,1.95,-0.063612,-0.01997,-0.5026,0.814107,0.215059,-0.042953
2022-05-03 00:00:00+00:00,11,1.1106,0.5327,1.0,133,1496300.1112,5977.9303,0.4673,36,699249.5142,25361.518815,419416.9614,377633.6356,-41783.3259,133,1496300.1112,86,38319.19818125973,2827.7519980922752,-0.000381,-547.8643,-0.0228,0.436881,-4.8396,14.1543,0.019394,-0.017389,-0.0576,1.4446,0.044774,0.018899,-2.024,0.878382,0.064275,0.194395
2022-05-04 00:00:00+00:00,18,1.1064,0.3812,1.0,122,771383.9438,-1675.5632,0.6188,86,477370.2906,6155.538687,154429.346,139584.3073,-14845.0387,122,771383.9438,18,38822.11794762972,2852.2293959213725,0.000659,-1237.4412,-0.183,0.312045,-11.3473,2.8627,0.005746,-0.037655,-0.1414,0.2919,0.03605,0.010261,-0.4931,0.808421,-0.069962,0.209372
2022-05-05 00:00:00+00:00,24,1.1352,0.3271,1.0,120,764846.644,-10452.6585,0.6729,74,514678.9376,18626.992634,133001.4312,117166.2753,-15835.156,120,764846.644,22,38541.64771681337,2866.8152291227107,-0.00101,714.5552,-0.0778,0.242457,4.9121,5.2634,0.007743,0.005043,-0.0454,-0.0789,0.041527,0.00903,-0.1583,0.776677,-0.031744,-0.037431
2022-05-06 00:00:00+00:00,16,1.0403,0.3331,1.0,107,678999.4454,-10036.2585,0.6669,74,452805.5561,4321.66377,115331.3419,110862.5475,-4468.7944,107,678999.4454,17,36213.98788100316,2715.057907348335,-0.000119,-1198.033,-0.2381,0.2746,-11.8363,-4.7494,0.025054,0.002344,0.0578,0.379,0.094892,0.024133,-0.1115,0.812639,0.035963,-0.065743
2022-05-07 00:00:00+00:00,11,1.4426,0.2942,1.0,83,384193.0134,-16117.5244,0.7058,63,271158.2924,11478.474183,66758.313,46276.408,-20481.905,83,384193.0134,9,35924.380615954324,2680.7476292603883,0.000664,-1041.5385,-0.3753,0.248866,-9.0506,-13.5178,0.005842,-0.012602,-0.0383,0.0535,0.033571,0.007422,-0.8892,0.752721,-0.059918,-0.0557
2022-05-08 00:00:00+00:00,16,1.1023,0.44,1.0,97,380932.9923,-20568.3548,0.56,68,213307.5316,4512.980453,87890.9225,79734.5382,-8156.3843,97,380932.9923,13,34639.004942713866,2560.189202139225,-0.000396,-581.0069,-0.4434,0.268717,-5.5387,-39.1147,0.01533,-0.014481,-0.048,-0.3376,0.08573,0.020629,0.4334,0.757315,0.004594,-0.019362
2022-05-09 00:00:00+00:00,23,0.9565,0.1954,1.0,190,1606795.4163,-14085.5683,0.8046,149,1292900.3698,10951.432435,153461.7104,160433.3362,6971.6258,190,1606795.4163,18,32771.48348068661,2403.5052790443447,0.000681,3047.185,-0.0196,0.236059,19.1522,-18.5482,0.020341,0.002298,0.0949,0.4419,0.100616,0.021338,0.0404,0.824069,0.066754,0.01143
2022-05-10 00:00:00+00:00,30,1.0219,0.2511,1.0,223,1606750.7209,-8739.7064,0.7489,161,1203313.3258,9764.380464,203899.8438,199537.5513,-4362.2926,223,1606750.7209,32,31324.02268305428,2356.838284029801,-0.002109,-295.2682,-0.0552,0.237155,7.9596,-5.749,0.006267,-0.003967,0.0352,0.7216,0.033415,0.007108,2.1971,0.806144,-0.017925,0.053423
2022-05-11 00:00:00+00:00,32,1.2936,0.2319,1.0,247,2584777.9317,-17577.4159,0.7681,183,1985452.0278,12850.980461,338017.4543,261308.4496,-76709.0046,247,2584777.9317,32,30643.54457897039,2284.9538344691755,0.001122,7303.2988,0.9421,0.250401,59.7447,65.343,0.030745,0.020859,0.2093,2.3414,0.111792,0.024817,0.3311,0.839832,0.033688,0.082517
2022-05-12 00:00:00+00:00,45,1.0948,0.2605,1.0,302,4305637.6286,-22568.3332,0.7395,202,3183990.8142,19906.736324,586209.196,535437.6185,-50771.5775,302,4305637.6286,55,28546.07628615784,1961.6965449289137,-0.000602,6092.3628,1.731,0.286222,48.2993,108.7302,0.00828,-0.03755,-0.3631,-0.5584,0.026141,0.006605,1.3763,0.861626,0.021794,0.037557
2022-05-13 00:00:00+00:00,30,1.6132,0.3027,1.0,188,2111015.2255,-43348.6094,0.6973,129,1472049.0216,12205.559282,394448.4657,244517.7382,-149930.7276,188,2111015.2255,29,30228.04839322541,2075.475180552943,-3.1e-05,-11565.868,0.1678,0.321983,-86.3268,34.2396,-0.034997,-0.002833,-0.043,-0.8977,-0.091871,-0.02659,4.2665,0.878989,0.017363,0.072846
2022-05-14 00:00:00+00:00,28,2.4859,0.4305,1.0,103,377576.084,-50319.8519,0.5695,62,215046.3768,4288.356516,115905.1548,46624.5524,-69280.6024,103,377576.084,13,29397.861696606127,2017.92082339002,0.000999,-3777.4344,-0.3392,0.332825,-39.1021,4.1881,-0.036124,0.033979,0.1036,-0.083,-0.135229,-0.039916,-0.414,0.788547,-0.090443,-0.051285
2022-05-15 00:00:00+00:00,11,0.9475,0.4217,1.0,77,480245.5887,-48374.9125,0.5783,50,277733.7329,7952.172184,98526.8323,103985.0235,5458.1912,77,480245.5887,16,30162.214705644587,2066.646137509936,-0.000277,-1013.6104,-0.4704,0.317806,-12.0729,-2.3462,0.004016,-0.003908,0.0006,-0.0848,0.006101,0.001744,-1.2727,0.830754,0.042207,-0.030872
2022-05-16 00:00:00+00:00,11,1.1129,0.5349,1.0,141,2282253.9194,-58692.7137,0.4651,45,1061402.5674,31518.72169,643052.1673,577799.1847,-65252.9826,141,2282253.9194,85,30061.59636462353,2045.65252839426,0.000891,20.1701,-0.4614,0.464994,-0.9508,-22.4491,0.037767,-0.012215,-0.032,-0.3371,0.080459,0.03639,0.3303,0.929728,0.098974,0.050739
2022-05-17 00:00:00+00:00,15,0.8303,0.4241,1.0,106,871296.4655,-53176.2252,0.5759,72,501789.1198,8799.317179,167627.1094,201880.2362,34253.1268,106,871296.4655,19,30324.95878745454,2070.181011435817,-0.000391,940.642,-0.3287,0.353484,7.0351,-23.3737,0.064123,0.017577,0.1005,0.4789,0.185178,0.061427,-0.6217,0.872457,-0.057271,0.083911
2022-05-18 00:00:00+00:00,8,0.8437,0.2707,1.0,107,1082024.5145,-38670.1598,0.7293,78,789092.3434,14084.562892,134049.3587,158882.8124,24833.4536,107,1082024.5145,21,29663.13636875393,2014.9281978848,0.000321,-677.1231,-0.4128,0.248018,-3.9993,-87.1177,0.027673,-0.002603,-0.1305,-0.5628,0.11315,0.025907,-0.1318,0.88701,0.014553,0.056256
2022-05-19 00:00:00+00:00,17,1.1721,0.4058,1.0,103,919110.283,-35640.0236,0.5942,65,546115.8182,8916.26233,201277.5446,171716.9202,-29560.6244,103,919110.283,21,29556.88933783614,1969.780211011856,-0.000733,-160.6407,-0.4245,0.338123,-0.3747,-135.7916,0.009609,-0.033693,0.1035,0.336,0.025392,0.008097,-0.148,0.887011,1e-06,-0.042717
2022-05-20 00:00:00+00:00,9,0.4617,0.2086,1.0,93,1520215.0413,2461.3572,0.7914,65,1203137.6514,57780.160015,100149.2258,216928.1641,116778.9383,93,1520215.0413,19,29785.703059814477,1998.333681016666,0.0006,286.644,-0.3806,0.245801,1.4078,-48.057,0.059766,0.037368,0.1014,1.2164,0.254956,0.058948,-0.8523,0.912794,0.025783,0.040337
2022-05-21 00:00:00+00:00,15,2.3315,0.3452,1.0,56,356634.6477,5330.3372,0.6548,33,233539.1502,8046.291128,86146.6199,36948.8776,-49197.7422,56,356634.6477,8,29370.423478881323,1972.8912679733328,0.00042,-757.3537,-0.4755,0.263931,-7.1035,-16.0584,-0.040656,-0.032972,-0.1348,0.0869,-0.175351,-0.041847,-1.5974,0.825887,-0.086907,-0.061123
2022-05-22 00:00:00+00:00,15,1.3706,0.2083,1.0,61,530696.0021,2082.1983,0.7917,38,420175.8843,15269.144639,63899.4497,46620.6681,-17278.7816,61,530696.0021,8,29805.36068990344,2002.3030639616784,0.000275,213.8706,-0.4373,0.208319,1.0997,-2.8857,0.000227,-0.01084,0.0514,0.5901,-0.000197,-3.7e-05,-1.7418,0.864364,0.038477,-0.022647
2022-05-23 00:00:00+00:00,15,6.6035,0.4075,1.0,77,1210693.5338,-40533.5832,0.5925,53,717367.523,38703.542141,428444.7319,64881.2789,-363563.453,77,1210693.5338,9,30153.41497346245,2043.618983657688,-0.001559,278.8822,-0.3914,0.469685,4.4943,2.5594,-0.023669,6.6e-05,0.0413,0.9894,-0.049728,-0.022567,-1.3562,0.905878,0.041514,-0.006916
2022-05-24 00:00:00+00:00,9,0.7646,0.4064,1.0,77,717357.0985,-39872.2304,0.5936,47,425852.7412,11524.778123,126310.8805,165193.4768,38882.5963,77,717357.0985,21,29302.060927153405,1969.820365862788,0.001262,244.1118,-0.3512,0.343941,0.1955,-4.2802,0.074596,-0.018536,-0.0463,0.5454,0.231643,0.075316,-1.4393,0.884411,-0.021466,0.058524
2022-05-25 00:00:00+00:00,7,0.7243,0.1938,1.0,76,330206.7654,-41958.5045,0.8062,58,266228.6715,3701.987944,26874.2794,37103.8145,10229.5351,76,330206.7654,11,29768.86308910213,1974.557561519071,-0.000335,538.769,-0.2716,0.221196,4.4496,4.1687,0.036235,0.004648,0.0972,1.4587,0.16933,0.033248,-1.3781,0.833374,-0.051038,-0.03099
2022-05-26 00:00:00+00:00,23,0.7556,0.2878,1.0,123,1595631.8794,-28601.1524,0.7122,72,1136367.1014,14972.745474,197661.969,261602.809,63940.8401,123,1595631.8794,28,29486.05683377192,1878.9117191929708,0.000244,1068.2307,-0.1265,0.27664,14.8293,19.3727,0.06369,0.023953,0.1239,2.5101,0.237559,0.062223,-1.49,0.904052,0.070678,-0.001826
2022-05-27 00:00:00+00:00,23,1.8733,0.2335,1.0,126,1426096.1179,-59745.1637,0.7665,88,1093041.4423,12651.646842,217141.9079,115912.7677,-101229.1401,126,1426096.1179,15,28939.51835601618,1765.8750913577924,-0.000903,-413.4803,-0.1813,0.292214,-4.2754,13.6895,0.009836,-0.027547,-0.0457,2.0196,0.030578,0.008424,-1.4482,0.893642,-0.010409,0.009231
2022-05-28 00:00:00+00:00,16,1.4465,0.5685,1.0,69,306502.3393,-57260.5588,0.4315,34,132243.7655,4999.653922,103032.0409,71226.5329,-31805.508,69,306502.3393,19,28906.178531526995,1770.971352629698,2.2e-05,-1873.5483,-0.4292,0.38521,-20.7762,0.0168,-0.019858,-0.007374,-0.2402,-0.1403,-0.060096,-0.021892,-0.8203,0.849278,-0.044364,0.015904
2022-05-29 00:00:00+00:00,17,1.4005,0.5862,1.0,57,253503.9777,-58333.8989,0.4138,23,104905.0601,3936.579865,86695.5403,61903.3773,-24792.1629,57,253503.9777,17,29169.5200413123,1794.645594184046,0.001277,22.4303,-0.4188,0.531867,-0.6322,-1.715,-0.03287,-0.01346,0.0217,0.0543,-0.06621,-0.033915,-1.4861,0.843641,-0.005637,-0.06041
2022-05-30 00:00:00+00:00,11,0.8404,0.2336,1.0,92,750240.4576,-4225.702,0.7664,59,574987.5962,8089.2029,80029.468,95223.3934,15193.9253,92,750240.4576,22,30568.144359691563,1901.4718431392084,-0.0006,1068.7574,-0.2719,0.29482,13.5361,7.3268,0.01748,0.00984,0.2791,2.4457,0.062324,0.017362,-2.001,0.884881,0.04124,-0.008762
2022-05-31 00:00:00+00:00,14,2.763,0.4433,1.0,90,1104838.5495,-42561.2494,0.5567,54,615055.0159,17476.935945,359624.8845,130158.6491,-229466.2355,90,1104838.5495,22,31716.547259092607,1970.2749436942704,4.1e-05,1415.3817,-0.0815,0.449122,11.548,18.6793,0.012441,0.00972,-0.1837,0.8341,0.025696,0.011171,-0.4324,0.894168,0.009287,0.04489
2022-06-01 00:00:00+00:00,18,1.0658,0.3119,1.0,107,770248.8163,-45115.7939,0.6881,64,529970.5772,5362.923798,123965.2578,116312.9813,-7652.2765,107,770248.8163,25,31160.385915609502,1904.692948726468,-0.000251,624.7192,0.0014,0.3462,6.365,20.5947,0.014461,0.01896,0.0949,1.6097,0.040753,0.013432,-0.0089,0.884978,-0.00919,0.041337
2022-06-02 00:00:00+00:00,12,1.3931,0.4806,1.0,79,1136962.1076,-67073.8881,0.5194,45,590482.2468,22474.450289,318122.8397,228357.021,-89765.8187,79,1136962.1076,22,30045.434696906235,1822.535701843372,-1.9e-05,580.2296,0.0773,0.480676,8.6539,14.4192,0.05999,-0.016299,0.1596,2.8051,0.123228,0.057657,-1.4811,0.91138,0.026402,0.0265
2022-06-03 00:00:00+00:00,8,0.6767,0.2536,1.0,74,567065.97,-48650.1058,0.7464,55,423237.6875,6513.558755,58045.4733,85782.8091,27737.3359,74,567065.97,11,30027.236890960303,1791.149752414228,0.000363,-80.8216,0.0631,0.230316,-0.5272,18.1675,0.057152,0.001951,-0.0666,2.1751,0.242529,0.051589,-2.3953,0.868024,-0.043357,-0.026144
2022-06-04 00:00:00+00:00,9,2.0229,0.501,1.0,43,260665.6795,-50418.731,0.499,26,130083.3541,8045.176474,87384.1051,43198.2203,-44185.8848,43,260665.6795,8,29719.668886916857,1773.1338977955097,-2.4e-05,-701.1069,-0.0314,0.331982,-10.8781,28.0655,-0.020818,-0.011912,-0.0365,1.8257,-0.088695,-0.027419,-2.8437,0.816255,-0.051769,-0.068723
2022-06-05 00:00:00+00:00,7,0.9974,0.3999,1.0,54,315042.195,-46853.4631,0.6001,35,189068.5288,6123.480424,62904.4767,63069.1896,164.7129,54,315042.195,12,29839.315351397425,1800.2802856706896,-0.000153,-39.4084,-0.0384,0.268365,-2.6236,26.0741,0.017318,0.003007,0.0293,1.984,0.048376,0.012009,-2.611,0.825291,0.009036,-0.08609
2022-06-06 00:00:00+00:00,12,2.7908,0.257,1.0,75,568183.2848,-58880.4368,0.743,54,422131.9575,8772.668578,107523.1091,38528.2181,-68994.891,75,568183.2848,9,31227.84156322843,1876.0036373380287,9.9e-05,-328.6479,-0.0839,0.286803,3.0427,15.5807,0.013115,-0.004825,-0.1029,1.1722,0.048662,0.013032,-2.052,0.866625,0.041334,-0.001399
2022-06-07 00:00:00+00:00,16,0.8998,0.3927,1.0,88,794957.8074,-23747.5406,0.6073,58,482750.121,6623.793337,147871.8242,164335.8622,16464.038,88,794957.8074,14,30050.612539003603,1782.1619192805222,0.000246,486.1719,-0.021,0.322911,0.987,5.0196,0.053925,0.001221,0.0758,1.7109,0.170522,0.052093,-2.604,0.88685,0.020225,0.070595
2022-06-08 00:00:00+00:00,12,0.6616,0.3698,1.0,71,569661.7922,-16523.5554,0.6302,48,358974.5935,10150.353398,83885.7894,126801.4092,42915.6198,71,569661.7922,11,30534.57265628693,1807.0162675685929,-0.000972,1243.6052,0.141,0.290448,17.2018,15.8564,0.041882,-0.031589,0.0755,2.2397,0.147613,0.039889,-2.0469,0.863918,-0.022932,0.038627
2022-06-09 00:00:00+00:00,12,1.0393,0.1865,1.0,67,631637.1748,-4024.2762,0.8135,51,513857.1713,14245.077511,60025.4339,57754.5695,-2270.8644,67,631637.1748,4,30270.57748559304,1799.4056358114178,0.001517,-331.644,0.0919,0.212343,-5.4661,1.7365,0.022506,0.0244,-0.1713,0.9051,0.105442,0.020438,-2.5075,0.873561,0.009643,0.006936
2022-06-10 00:00:00+00:00,12,2.6301,0.2916,1.0,92,1212716.1042,-30670.9483,0.7084,70,859104.6898,17441.057591,256200.3916,97411.0228,-158789.3688,92,1212716.1042,10,29677.220325975475,1745.2756030182654,-0.001986,-1093.8853,-0.0587,0.330698,-10.1236,-7.8599,0.028854,0.001989,-0.0094,0.8138,0.090217,0.028631,-1.9469,0.907757,0.034196,0.020907
2022-06-11 00:00:00+00:00,12,1.3811,0.1784,1.0,131,1502103.2713,-30484.9618,0.8216,108,1234155.3744,7318.370325,155415.9379,112531.959,-42883.9789,131,1502103.2713,11,28903.82950029439,1601.242891717333,0.001273,-1608.019,-0.2756,0.222614,-17.6905,-14.6723,0.013194,-0.002998,-0.0993,0.0353,0.05746,0.01176,-1.5716,0.890514,-0.017243,0.026596
2022-06-12 00:00:00+00:00,10,1.0026,0.2202,1.0,119,1170827.8181,-30555.6065,0.7798,99,913029.6883,9346.399164,129063.965,128734.1648,-329.8003,119,1170827.8181,10,27693.32279196678,1484.306705394565,-0.001154,-271.3907,-0.312,0.274727,-1.6597,-13.7084,-0.0075,0.000847,0.1125,0.89,-0.029809,-0.007601,-2.1514,0.874468,-0.016046,0.000907
2022-06-13 00:00:00+00:00,30,0.9581,0.2535,1.0,262,3181465.0803,-18236.3231,0.7465,207,2374881.0355,11594.736353,394671.9758,411912.069,17240.0932,262,3181465.0803,25,24329.65134760458,1274.802688089131,-0.000299,4316.5301,0.262,0.265028,43.0856,26.3346,0.0272,0.038374,0.0567,1.3012,0.093544,0.022388,-0.2941,0.852376,-0.022093,-0.055382
2022-06-14 00:00:00+00:00,21,1.3295,0.3964,1.0,189,2580481.8025,-41253.3125,0.6036,131,1557699.1986,14033.269211,583718.746,439063.8578,-144654.8882,189,2580481.8025,37,22195.46176820432,1194.5779609910749,6.1e-05,-2309.805,-0.0499,0.334593,-27.2766,-1.929,0.011755,-0.008025,-0.0599,0.8224,0.01794,0.005659,-0.0163,0.895512,0.043136,0.004998
2022-06-15 00:00:00+00:00,24,0.8786,0.3076,1.0,209,1909281.6886,-41960.148,0.6924,158,1321987.8723,8374.005797,274663.0223,312630.794,37967.7717,209,1909281.6886,27,21403.880782285447,1142.9464407517205,0.000206,570.8997,0.027,0.272436,9.422,-9.7088,0.025429,0.01534,0.0434,1.1432,0.067354,0.016498,-1.5434,0.845504,-0.050008,-0.028964
2022-06-16 00:00:00+00:00,17,1.3331,0.2429,1.0,143,1734235.4345,-50228.1713,0.7571,113,1312999.3424,11118.943371,240691.5598,180544.5323,-60147.0275,143,1734235.4345,13,21499.99655428474,1147.7319650858678,0.000242,-2016.8955,-0.2414,0.247004,-16.9539,-21.1966,0.005826,-0.037785,-0.1159,0.2036,-0.000571,-0.00013,-0.6993,0.89368,0.048176,0.041305
2022-06-17 00:00:00+00:00,10,0.6301,0.1678,1.0,113,1526828.1375,-19237.6677,0.8322,90,1270593.1219,17364.38727,99045.4297,157189.5858,58144.1561,113,1526828.1375,13,20704.68142887256,1087.7668575370328,-0.000105,-183.1065,-0.2667,0.22112,-5.5149,-16.5879,0.01047,-0.008421,-0.0333,-0.0857,0.032247,0.006567,-1.5148,0.910585,0.016904,0.015073
2022-06-18 00:00:00+00:00,23,1.1366,0.3075,1.0,181,1524053.0079,-17392.0594,0.6925,135,1055395.8441,9068.394254,249310.9422,219346.2216,-29964.7206,181,1524053.0079,23,19381.58448781869,1009.881320447561,-0.000479,835.5808,-0.1573,0.295556,-0.287,0.8155,-0.007686,0.028253,0.0752,0.5204,-0.053621,-0.014454,-0.8201,0.8605,-0.050085,0.014995
2022-06-19 00:00:00+00:00,27,1.4262,0.4335,1.0,110,903709.509,-27176.1752,0.5665,66,511924.8729,9717.144134,230301.6236,161483.0125,-68818.6111,110,903709.509,17,19278.532556122384,1026.4238864850831,0.000633,-1892.0047,-0.4102,0.354519,-9.8425,-7.3673,-0.051092,-0.010701,-0.0246,0.2963,-0.167837,-0.055779,-1.2489,0.876657,0.016158,-0.017023
2022-06-20 00:00:00+00:00,11,3.8448,0.4704,1.0,124,1174498.3808,-75984.9903,0.5296,97,621995.9578,29612.886821,438462.0178,114040.4052,-324421.6126,124,1174498.3808,16,20332.47645704107,1108.2764977863096,-0.000694,69.7045,-0.3983,0.491322,1.1767,-49.2762,0.016383,-0.007745,0.0057,0.3254,0.039951,0.01862,-1.7366,0.880972,0.004315,-0.029613
2022-06-21 00:00:00+00:00,21,0.7563,0.3558,1.0,118,892226.7491,-49026.1369,0.6442,77,574780.9164,7849.595257,136694.3734,180751.4593,44057.0858,118,892226.7491,20,21020.4579637397,1146.2719862213442,0.001208,726.1423,-0.3,0.296862,8.4888,-13.5108,0.026802,0.01353,0.0233,0.5125,0.141273,0.03619,-2.0086,0.855701,-0.025271,-0.004799
2022-06-22 00:00:00+00:00,15,1.9397,0.3725,1.0,104,871850.8494,-69280.0207,0.6275,78,547101.3766,9559.514298,214279.4441,110470.0287,-103809.4153,104,871850.8494,11,20317.484387107408,1087.8337103525894,-0.000153,-295.3749,-0.3366,0.313033,-0.5049,-23.4377,0.006507,0.013675,-0.0323,0.2117,0.005822,0.001708,-1.3187,0.885809,0.030108,0.009151
2022-06-23 00:00:00+00:00,14,0.8503,0.2462,1.0,84,970240.8851,-57926.3728,0.7538,55,731392.0658,28735.099081,109760.1556,129088.6637,19328.5081,84,970240.8851,15,20504.81494610569,1100.6421080366017,-0.000492,1086.6463,-0.1901,0.278239,5.9485,-0.5353,0.010559,0.005638,0.0042,0.2349,0.027792,0.007248,-1.7908,0.903201,0.017393,0.022229
2022-06-24 00:00:00+00:00,15,0.6017,0.3791,1.0,110,764248.8433,-55939.1842,0.6209,75,474515.6702,6610.992482,108839.3483,180893.8248,72054.4766,110,764248.8433,20,21088.820185506363,1180.9953971873338,0.000744,-599.4616,-0.2708,0.378335,-2.7229,2.2568,-0.00478,-0.019016,-0.0576,-0.3098,0.058554,0.019123,-1.3385,0.843229,-0.059973,-0.012472
2022-06-25 00:00:00+00:00,10,1.8275,0.3127,1.0,67,504498.8818,-58253.6761,0.6873,48,346758.337,11465.774705,101953.3546,55787.1902,-46166.1644,67,504498.8818,9,21279.07471081446,1216.2639986262006,-0.000907,-432.7764,-0.3268,0.280994,-3.1546,-0.6108,-0.021654,-0.011695,0.1284,0.8543,-0.094358,-0.024384,-1.6931,0.876168,0.032939,-0.009641
2022-06-26 00:00:00+00:00,20,1.7117,0.4169,1.0,64,326939.1643,-53532.5289,0.5831,39,190640.5693,5003.666081,86034.5877,50264.0073,-35770.5804,64,326939.1643,5,21407.148317643656,1236.4771681099835,0.000418,87.8249,-0.3084,0.376987,-0.4317,8.8,-0.016859,0.034942,0.0653,1.4265,-0.054033,-0.018998,-2.1712,0.856303,-0.019864,-0.046898
2022-06-27 00:00:00+00:00,7,0.277,0.2861,1.0,90,1071902.1114,17618.2165,0.7139,71,765200.7235,23045.148029,66533.8914,240167.4964,173633.605,90,1071902.1114,12,21075.669339983186,1210.0463208784863,0.000662,1016.1897,-0.1716,0.294823,7.3502,14.9734,0.088698,-0.011796,-0.142,0.0989,0.317912,0.087894,-1.0414,0.894761,0.038458,0.051532
2022-06-28 00:00:00+00:00,9,0.7379,0.2634,1.0,87,690475.6254,15243.7366,0.7366,67,508577.994,8184.494135,77230.9524,104666.6789,27435.7264,87,690475.6254,11,20733.99697107162,1191.9693583244466,-0.000263,-407.6198,-0.2242,0.259672,0.6233,7.108,0.019672,-0.018653,0.0547,0.5938,0.073892,0.017401,-1.9332,0.86679,-0.027971,-0.009377
2022-06-29 00:00:00+00:00,9,0.5833,0.121,1.0,97,2059191.3311,39436.7886,0.879,78,1810119.5385,42612.878693,91764.9219,157306.8706,65541.9487,97,2059191.3311,10,20160.203503228324,1124.237729097542,-0.000909,642.5716,-0.137,0.188387,2.5528,10.1656,0.019251,0.031631,0.0586,1.1163,0.098395,0.017035,-2.0878,0.919132,0.052342,0.062829
2022-06-30 00:00:00+00:00,15,1.1776,0.2349,1.0,109,1321709.8709,33058.827,0.7651,79,1011252.9203,25147.87974,167887.0868,142569.8638,-25317.2229,109,1321709.8709,15,19388.306413900013,1048.9441271549815,0.000523,-78.4529,-0.1445,0.294157,1.4152,5.6322,0.009372,-0.008299,0.0505,1.5463,0.021555,0.005963,-0.7139,0.905768,-0.013364,0.011007
2022-07-01 00:00:00+00:00,12,0.8471,0.3302,1.0,106,956613.5673,26500.9518,0.6698,76,640756.1337,8475.764094,144854.0417,171003.3919,26149.3502,106,956613.5673,18,19560.600233503526,1066.2411330761574,-0.000837,-1033.28,-0.28,0.290691,-19.3731,-11.018,0.030294,-0.021886,-0.077,0.8206,0.102707,0.027607,-0.4224,0.883276,-0.022492,0.016486
2022-07-02 00:00:00+00:00,16,1.6868,0.3998,1.0,68,463589.8151,26327.4835,0.6002,43,278232.0293,10898.570656,116369.1142,68988.6716,-47380.4426,68,463589.8151,9,19252.85437935357,1054.623006985237,0.000888,-1490.6555,-0.4738,0.301465,-10.6605,-18.5239,-0.00993,0.000876,-0.0953,-0.058,-0.053737,-0.014745,0.4296,0.856829,-0.026447,-0.062303
2022-07-03 00:00:00+00:00,12,0.804,0.4017,1.0,57,236091.7885,32910.0618,0.5983,36,141244.1057,5195.692187,42270.1074,52577.5754,10307.468,57,236091.7885,9,19185.45060454334,1062.3296898917447,0.000659,195.2526,-0.4411,0.309718,1.8925,-16.1997,0.054665,0.01029,0.1427,1.2365,0.18525,0.051736,-0.559,0.817163,-0.039666,-0.088606
2022-07-04 00:00:00+00:00,10,1.2467,0.2201,1.0,75,871944.4267,5094.6647,0.7799,57,680016.7215,13144.666572,106500.94,85426.7652,-21074.1749,75,871944.4267,8,19516.57552875988,1088.8964711090646,0.000297,468.9824,-0.367,0.255655,4.9887,-18.5611,-0.010108,0.014248,0.0095,1.2922,-0.044073,-0.010478,0.1885,0.900687,0.083525,0.017411
2022-07-05 00:00:00+00:00,6,0.3727,0.2094,1.0,85,705614.9926,10822.3921,0.7906,65,557838.7674,8756.43721,40123.2034,107653.0218,67529.8184,85,705614.9926,14,20017.428507906337,1133.5789697469147,-0.000513,562.4685,-0.2875,0.243363,4.5897,-14.5947,0.041987,-0.0108,0.0438,1.6433,0.188737,0.042048,-0.4938,0.884203,-0.016485,0.027374
2022-07-06 00:00:00+00:00,21,1.6641,0.5067,1.0,83,785917.6957,-12723.8421,0.4933,43,387660.1033,13659.783204,248769.6417,149487.9507,-99281.691,83,785917.6957,19,20185.254863556565,1142.0477000618596,0.000148,136.8365,-0.2646,0.396665,1.503,-15.6444,-0.060907,-0.005241,-0.1021,0.7217,-0.156274,-0.058279,-0.0987,0.879175,-0.005028,0.062012
2022-07-07 00:00:00+00:00,5,0.8857,0.6246,1.0,100,2202814.7693,2803.4519,0.3754,16,826865.1478,38409.103903,646287.8931,729661.7285,83373.8354,100,2202814.7693,79,20789.40691033182,1199.961518023406,-0.000577,626.294,-0.1782,0.488246,2.8325,-14.2271,0.016298,0.00947,-0.004,0.6776,0.033492,0.015978,0.1302,0.933936,0.054761,0.033249
2022-07-08 00:00:00+00:00,12,0.6605,0.3172,1.0,89,803165.7325,6507.894,0.6828,58,548428.9334,9702.324833,101328.1772,153408.6219,52080.4446,89,803165.7325,19,21756.90494796285,1234.567670817033,0.000117,-946.1683,-0.3035,0.321984,-5.0001,0.146,0.041413,-0.029113,0.0472,1.0738,0.133608,0.040711,0.1564,0.894573,-0.039363,0.010371
2022-07-09 00:00:00+00:00,5,,0.0523,1.0,57,271789.7379,11246.151,0.9477,52,257577.0945,3426.395173,14212.6434,0.0,-14212.6434,57,271789.7379,0,21638.6635867959,1219.0511506368914,0.000256,-782.0371,-0.4056,0.17193,-9.5743,1.2322,-0.025768,-0.010334,-0.1029,0.1421,-0.1954,-0.028102,0.0096,0.822916,-0.071657,-0.056259
2022-07-10 00:00:00+00:00,9,1.2273,0.2968,1.0,55,410307.8279,7998.2136,0.7032,42,288545.2845,9461.915996,67095.3188,54667.2247,-12428.0941,55,410307.8279,4,21177.68674500965,1184.338786667883,-0.000308,-43.8893,-0.4073,0.305151,-0.1333,-0.7936,0.017524,-0.016358,-0.037,-0.193,0.05674,0.016212,-0.169,0.871542,0.048626,-0.062394
2022-07-11 00:00:00+00:00,13,1.2351,0.3953,1.0,75,703037.9284,6833.2819,0.6047,50,425145.9325,10828.402771,153560.3461,124331.6498,-29228.6963,75,703037.9284,12,20521.70712052966,1145.4519750067748,0.000756,953.1939,-0.2773,0.334388,7.44,1.6577,0.001601,0.01877,0.186,1.4487,0.003842,0.001215,-0.9593,0.894315,0.022773,-0.000258
2022-07-12 00:00:00+00:00,16,2.3195,0.3235,1.0,83,1176590.6475,-24426.5303,0.6765,58,795996.1061,15771.853085,265941.7042,114652.8372,-151288.867,83,1176590.6475,9,19794.10719774655,1072.4238642233024,-0.000807,-445.4172,-0.3335,0.325848,-1.8189,-4.7509,-0.001187,0.011782,-0.0577,0.9207,-0.009689,-0.003012,-0.6014,0.913115,0.0188,0.0902
2022-07-13 00:00:00+00:00,17,0.5525,0.3264,1.0,111,1187354.0248,5717.0833,0.6736,75,799760.094,10393.73913,137935.1636,249658.7673,111723.6037,111,1187354.0248,19,19617.342435398292,1065.8694063188177,-0.000259,321.4018,-0.2876,0.33788,2.677,-3.5769,0.056378,-0.006448,-0.0621,0.3587,0.175605,0.056575,-1.2866,0.884264,-0.028851,0.012722
2022-07-14 00:00:00+00:00,15,0.9415,0.2417,1.0,90,865367.783,-5293.3542,0.7583,59,656172.0886,12760.538984,101447.4605,107748.2339,6300.7734,90,865367.783,16,20180.08922659885,1125.283798633482,0.001107,712.5616,-0.1918,0.288418,0.8867,-5.5227,0.012982,-0.023067,-0.0729,-0.2918,0.0486,0.013153,0.6229,0.893932,0.009668,-0.000382
2022-07-15 00:00:00+00:00,14,2.9324,0.381,1.0,98,1661268.7144,-57167.3144,0.619,72,1028307.7095,41791.902705,471999.1409,160961.864,-311037.277,98,1661268.7144,12,20771.41640980015,1218.270560429262,-0.001617,-328.6725,-0.2358,0.454916,1.1515,0.6289,-0.001244,0.002879,-0.0947,-1.1367,-0.001254,-0.000555,1.0011,0.927689,0.033757,0.014574
2022-07-16 00:00:00+00:00,16,1.083,0.4373,1.0,77,488903.1448,-56353.3438,0.5627,48,275109.4875,6806.164744,111154.2531,102639.4041,-8514.849,77,488903.1448,13,20861.75549314105,1253.8624648246796,0.00121,-929.8186,-0.3591,0.340371,-9.746,0.4572,-0.006458,-0.013936,-0.0815,-1.8284,-0.022138,-0.007055,2.2063,0.869906,-0.057783,-0.014358
2022-07-17 00:00:00+00:00,13,1.0118,0.4419,1.0,60,474542.6272,-54753.2985,0.5581,33,264847.7426,12042.401607,105461.3311,104233.5535,-1227.7776,60,474542.6272,14,21214.43729040906,1353.0771686030685,-0.000765,-28.0915,-0.3606,0.316149,0.5159,1.1063,-0.009218,0.002766,0.1017,-0.9303,-0.034484,-0.010193,0.8662,0.88521,0.015305,-0.008722
2022-07-18 00:00:00+00:00,17,1.0413,0.2423,1.0,120,1412097.3768,-51565.765,0.7577,85,1069901.8749,10906.074195,174555.7316,167639.7703,-6915.9612,120,1412097.3768,18,21783.740754997376,1451.3960429977867,0.000698,894.8764,-0.24,0.256632,8.6055,2.2718,-0.007842,0.049524,0.1324,0.2082,-0.034687,-0.008263,0.025,0.899012,0.013801,-0.028678
2022-07-19 00:00:00+00:00,5,0.476,0.2257,1.0,99,2278041.8979,-3871.5415,0.7743,86,1763795.3281,25396.819954,165837.9363,348408.6335,182570.6972,99,2278041.8979,8,22502.29617371736,1546.0696830967092,-0.0002,-21.8459,-0.2372,0.256275,1.3288,5.4194,0.061986,-0.000806,0.0193,0.3636,0.253475,0.061933,0.57,0.934432,0.03542,0.064526
2022-07-20 00:00:00+00:00,10,0.552,0.2571,1.0,101,873150.4872,-10576.4874,0.7429,77,648684.2669,9598.233631,79838.6191,144627.6012,64788.9821,101,873150.4872,14,23578.623702461875,1561.1384320979362,-0.001361,-77.5476,-0.2432,0.265611,-2.7061,0.0363,0.026342,0.010023,-0.0113,0.2503,0.108908,0.026691,0.5395,0.882039,-0.052392,-0.003171
2022-07-21 00:00:00+00:00,8,1.8265,0.0696,1.0,84,3913410.7352,-22859.8306,0.9304,62,3640910.2824,87972.59894,176091.5407,96408.9121,-79682.6286,84,3913410.7352,14,22940.0395545739,1520.5051657575025,0.002002,-848.2332,-0.3518,0.120605,-7.2598,-8.1102,-0.001153,0.001332,-0.0433,-0.1682,-0.009697,-0.001102,1.0033,0.959417,0.077378,0.060405
2022-07-22 00:00:00+00:00,19,1.3458,0.4361,1.0,79,555397.7495,16472.7574,0.5639,50,313174.1249,7416.299262,138966.393,103257.2317,-35709.1613,79,555397.7495,10,23162.58948699289,1584.2978587220414,-0.001142,-455.6798,-0.4097,0.352157,-2.0978,-11.3595,0.011175,-0.018873,-0.095,-1.0711,0.034045,0.011275,0.5607,0.878281,-0.081136,-0.05615
2022-07-23 00:00:00+00:00,7,0.5531,0.2472,1.0,50,318338.547,20923.3861,0.7528,34,239648.6194,6710.689797,28025.1877,50664.74,22639.5523,50,318338.547,9,22523.586439124043,1543.1064872437505,0.000557,-242.7786,-0.4389,0.214485,-3.4915,-5.1049,-0.000155,-0.014068,0.0609,-0.511,0.002389,0.000456,-0.3873,0.855535,-0.022746,-0.026504
2022-07-24 00:00:00+00:00,9,0.6343,0.4123,1.0,58,211948.4083,23892.1769,0.5877,43,124568.8838,4068.901002,33912.8835,53466.6411,19553.7576,58,211948.4083,6,22647.585821959427,1593.1438737731175,0.000271,-275.1755,-0.469,0.283729,-0.6956,-6.3165,-0.023564,0.003316,0.0019,-0.4917,-0.087032,-0.022305,0.8966,0.833207,-0.022328,-0.12621
2022-07-25 00:00:00+00:00,13,0.8301,0.4989,1.0,81,644859.058,29145.7573,0.5011,50,323165.5874,9545.681974,145917.1845,175776.286,29859.1015,81,644859.058,18,21997.62176519202,1528.6919741299314,0.001348,828.3808,-0.355,0.391147,5.8956,-9.0264,0.02624,-0.019432,-0.1918,-2.2567,0.193641,0.065158,2.5504,0.859224,0.026017,-0.019057
2022-07-26 00:00:00+00:00,11,0.7875,0.2211,1.0,84,721431.1435,5772.1789,0.7789,63,561942.6695,12526.815116,70266.4126,89222.0614,18955.6487,84,721431.1435,10,21055.40931127855,1405.2732589620837,-0.002353,344.7001,-0.3055,0.31626,7.398,-2.9572,-0.081606,-0.092836,-0.496,-5.5321,0.117737,0.023253,5.3872,0.813856,-0.045368,-0.041679
2022-07-27 00:00:00+00:00,9,0.7207,0.2141,1.0,88,1181272.9177,2383.0327,0.7859,64,928305.2748,22602.72092,105951.342,147016.3009,41064.9589,88,1181272.9177,15,21623.04662539221,1491.8430655664336,0.001136,-283.9092,-0.3388,0.22327,-9.0582,-9.3093,0.019802,0.143178,0.6477,-0.625,0.08461,0.017824,0.9302,0.915923,0.102067,0.082716
2022-07-28 00:00:00+00:00,19,1.7323,0.2634,1.0,111,1016224.6383,3515.9633,0.7366,81,748516.1344,9450.428103,169730.3093,97978.1947,-71752.1146,111,1016224.6383,11,23308.751758637503,1667.987492913772,-0.001126,276.2385,-0.2983,0.262983,3.7754,1.726,-0.040869,-0.013464,0.0372,-0.3402,-0.153247,-0.03734,0.1727,0.886233,-0.029689,0.027009
2022-07-29 00:00:00+00:00,15,3.131,0.617,1.0,89,1012936.805,-37440.1261,0.383,58,387955.9556,34952.35864,473691.3182,151289.5312,-322401.787,89,1012936.805,16,23899.37321569043,1717.3668107895292,0.000473,-667.8665,-0.3821,0.580943,-4.1418,-0.318,0.016237,-0.00794,-0.0401,-0.63,0.029295,0.016606,0.7198,0.91041,0.024177,0.096554
2022-07-30 00:00:00+00:00,7,0.9934,0.3761,1.0,57,423309.6261,-40599.0831,0.6239,41,264109.1039,10283.144614,79336.8346,79863.6877,526.8531,57,423309.6261,9,24060.866486474635,1714.499155720506,0.000291,-625.0843,-1.1626,0.290521,-5.7028,-2.5294,0.011393,-0.013325,-0.0518,-0.9996,0.043751,0.011882,0.6451,0.86961,-0.0408,-0.046312
2022-07-31 00:00:00+00:00,6,0.2529,0.2339,1.0,53,254774.4356,-38315.2941,0.7661,43,195178.4149,6006.887033,12027.8701,47568.1507,35540.2806,53,254774.4356,4,23736.811404286826,1703.7535740670403,0.000655,-39.1365,-1.1535,0.220329,-0.1402,-1.974,0.026692,0.009254,-0.002,-0.9924,0.143626,0.028325,-0.2307,0.83442,-0.03519,-0.051813
2022-08-01 00:00:00+00:00,9,1.255,0.2464,1.0,78,735763.0345,-45510.368,0.7536,59,554447.9189,20802.92931,100910.7658,80404.3498,-20506.4159,78,735763.0345,10,23236.67750100262,1666.9718306480806,6.2e-05,517.355,-0.9121,0.281168,6.2252,-1.6444,0.041766,-0.001324,-0.1886,-2.3128,0.207577,0.053408,1.715,0.898964,0.064543,-0.011447
2022-08-02 00:00:00+00:00,17,1.656,0.5588,1.0,86,514229.3153,-58357.4348,0.4412,56,226869.3725,7676.885047,179166.8808,108193.062,-70973.8188,86,514229.3153,13,22997.11781471763,1612.6074375972687,-0.001144,-14.6227,-0.9,0.424175,-1.8725,-10.9149,0.045366,0.014703,0.208,-0.7851,0.114855,0.046669,-0.0371,0.876741,-0.022222,0.007131
2022-08-03 00:00:00+00:00,14,1.0862,0.3982,1.0,78,378896.9177,-65114.2008,0.6018,48,228024.6625,6915.638982,78552.329,72319.9262,-6232.4028,78,378896.9177,16,23200.792562041504,1642.810729555079,0.000619,-155.678,-0.9453,0.338322,-0.1929,-2.0496,0.032549,0.005526,-0.0373,-1.0527,0.108748,0.034954,0.8009,0.858124,-0.018617,0.023704
2022-08-04 00:00:00+00:00,11,1.4922,0.4582,1.0,73,451252.9853,-60697.183,0.5418,48,244500.0376,7680.871648,123792.9689,82959.9789,-40832.99,73,451252.9853,14,22879.579500120173,1621.6166459613685,-0.000638,136.2198,-0.871,0.389311,2.8168,-3.0082,0.032181,-0.116239,-0.4289,-3.7894,0.113432,0.041662,2.5533,0.871689,0.013566,-0.027274
2022-08-05 00:00:00+00:00,15,1.4775,0.5774,1.0,81,581024.2472,-23877.3402,0.4226,50,245526.0932,10050.015981,200080.5209,135417.6332,-64662.8877,81,581024.2472,16,23071.432737302024,1668.8298638438046,0.000766,99.1427,-0.8184,0.444761,-1.9603,-0.8267,0.017627,0.0862,0.4268,-0.9336,0.048837,0.02101,0.1927,0.880893,0.009203,0.004151
2022-08-06 00:00:00+00:00,8,1.2643,0.5242,1.0,52,326219.0669,-26803.7089,0.4758,29,155221.3772,10410.602795,95477.7087,75519.981,-19957.7277,52,326219.0669,15,23208.993344912484,1720.1974012939752,-0.000207,-524.5417,-1.0269,0.427458,-4.3593,0.5168,0.064078,0.001204,-0.0974,-1.5601,0.165155,0.067744,-0.3919,0.858314,-0.022579,0.00019
2022-08-07 00:00:00+00:00,6,2.3374,0.5478,1.0,50,551670.6205,-49181.3451,0.4522,35,249471.7871,16979.957932,211651.0031,90547.8302,-121103.1729,50,551670.6205,9,23084.50493605876,1695.6299190921266,0.001258,38.5808,-0.9885,0.581751,-0.3056,0.3514,0.09716,0.00742,0.049,-1.2162,0.175633,0.100052,-0.6861,0.895925,0.037612,0.024236
2022-08-08 00:00:00+00:00,8,2.8792,0.4966,1.0,81,521345.9686,-64168.0276,0.5034,57,262458.6841,13113.529345,192150.2389,66737.0456,-125413.1933,81,521345.9686,16,23796.672348756405,1756.0099342774918,-0.000363,725.6437,-0.6686,0.422638,6.2852,0.4115,0.021564,0.017118,0.1472,-0.2502,0.065647,0.026611,0.1329,0.870182,-0.025743,-0.01071
2022-08-09 00:00:00+00:00,9,0.4649,0.302,1.0,79,614479.262,-44344.4635,0.698,58,428888.8471,7926.605778,58899.6425,126690.7724,67791.1298,79,614479.262,12,23483.35639977041,1730.4117419778752,-0.002052,93.5217,-0.6349,0.25922,1.3602,3.6442,0.046,0.00502,0.0011,-0.2275,0.201695,0.049146,-0.4234,0.879967,0.009785,0.021654
2022-08-10 00:00:00+00:00,11,0.5579,0.3774,1.0,104,1177397.6736,-25441.6338,0.6226,66,733050.8629,17644.285264,159129.7028,285217.1079,126087.4051,104,1177397.6736,27,23406.13648332129,1754.821722392044,0.001962,789.6595,-0.2909,0.30844,5.2701,9.1071,0.051967,-0.004197,0.0214,-0.0975,0.189934,0.056224,-0.2049,0.898451,0.018483,0.002525
2022-08-11 00:00:00+00:00,14,1.1459,0.4302,1.0,100,629118.0201,-22237.1115,0.5698,74,358474.6778,7940.428858,144522.3382,126121.0041,-18401.3342,100,629118.0201,12,24390.28128054952,1892.8047767443695,-0.001416,-351.5371,-0.5255,0.343671,0.6115,6.9018,0.033845,0.030924,0.0217,0.0314,0.12217,0.039834,-0.0758,0.872054,-0.026397,0.001872
2022-08-12 00:00:00+00:00,6,1.0981,0.2505,1.0,73,574534.9215,-13960.6574,0.7495,57,430591.7338,8979.275081,75335.4484,68607.7393,-6727.7091,73,574534.9215,10,24006.153552683423,1898.465080582473,0.000818,-510.2334,-0.8864,0.252557,-5.9413,2.9208,0.003427,-0.048516,-0.0684,-0.4309,0.031549,0.007526,-0.124,0.886499,0.014446,0.006532
2022-08-13 00:00:00+00:00,5,0.6635,0.2966,1.0,64,475016.6877,-7037.7411,0.7034,46,334134.5811,8981.395395,56189.7099,84692.3968,28502.6869,64,475016.6877,13,24545.07106571473,1986.4050625366976,-0.000216,-650.7733,-1.3438,0.247303,-5.5909,1.6892,-0.005204,0.017207,-0.0249,-0.5996,0.001664,0.000386,-0.0168,0.879526,-0.006974,-0.018925
2022-08-14 00:00:00+00:00,5,1.646,0.4345,1.0,56,374238.3301,4591.4091,0.5655,46,211633.8786,9744.401957,101151.7866,61452.6649,-39699.1217,56,374238.3301,5,24535.033693514797,1978.3300257611836,0.000769,67.6875,-1.2743,0.404894,-0.3549,1.6399,0.036608,0.00439,0.068,-0.1507,0.109255,0.042355,-0.3146,0.860527,-0.018998,-0.011527
2022-08-15 00:00:00+00:00,8,0.8401,0.2332,1.0,78,788008.6312,24788.5323,0.7668,58,604254.4443,11993.499649,83893.7587,99860.4282,15966.6695,78,788008.6312,12,24301.673031384213,1925.643964176407,-0.001288,666.2111,-0.7777,0.237053,7.4229,2.7776,0.009479,0.02008,0.048,0.1694,0.061462,0.01376,-0.6986,0.899305,0.038778,0.012806
2022-08-16 00:00:00+00:00,5,0.3598,0.3134,1.0,68,498915.6805,25622.0102,0.6866,50,342535.4512,9164.455942,41377.3772,115002.8522,73625.475,68,498915.6805,13,23994.11360549897,1886.905104246063,0.000609,-556.4644,-1.1603,0.239975,-5.3455,-3.9281,0.053315,-0.023675,-0.1311,-0.7234,0.25454,0.057485,-0.1662,0.882632,-0.016673,0.003106
2022-08-17 00:00:00+00:00,12,33.6639,0.8065,1.0,79,2030212.742,-212798.5469,0.1935,55,392887.6319,167197.516402,1590090.8025,47234.3077,-1542856.4948,79,2030212.742,12,23731.82853053565,1873.415920109683,0.000422,6.5252,-1.1386,0.632084,-0.6711,-9.8693,-0.55015,-0.006916,-0.0138,-0.8102,-0.876793,-0.547344,0.0545,0.941179,0.058547,0.080652
2022-08-18 00:00:00+00:00,8,0.9505,0.3353,1.0,63,556128.0766,-209493.354,0.6647,49,369635.0506,7925.109269,90879.0049,95614.021,4735.016,63,556128.0766,6,23427.073792430383,1857.9849368234304,-3.1e-05,21.8409,-1.1041,0.267641,-0.2045,-10.6852,0.004525,-0.002901,0.0149,-0.6967,0.034068,0.008685,0.0398,0.89687,-0.044309,-0.002435
2022-08-19 00:00:00+00:00,12,1.0573,0.2847,1.0,98,776772.3962,-209411.5411,0.7153,75,555626.0931,7563.087463,113650.6607,107495.6424,-6155.0183,98,776772.3962,11,21916.26549306711,1742.249877656939,-0.000478,378.7516,-0.8327,0.239354,5.2632,0.5193,-0.012806,0.036666,0.0964,-0.0525,-0.036954,-0.008307,-0.3789,0.884277,-0.012593,0.001645
2022-08-20 00:00:00+00:00,9,0.9897,0.4081,1.0,65,371788.8639,-213371.2546,0.5919,43,220074.2372,7566.590208,75464.9674,76249.6592,784.6917,65,371788.8639,13,21198.474710071787,1621.293935759316,-0.000346,-507.1085,-1.1749,0.284157,-7.0155,-0.9054,0.014609,-0.042604,-0.0178,-0.1738,0.069872,0.018712,-0.4392,0.867416,-0.016861,-0.073763
2022-08-21 00:00:00+00:00,6,0.9635,0.439,1.0,52,234327.3615,-207426.7426,0.561,39,131455.668,4885.486218,50479.6155,52392.0781,1912.4626,52,234327.3615,7,21384.5623302091,1608.4162189066476,0.001135,-358.8409,-1.3985,0.306366,-2.4598,-3.0103,0.021319,-0.000633,-0.0944,-0.8004,0.090206,0.026045,-0.4872,0.853738,-0.013677,-0.043132
2022-08-22 00:00:00+00:00,10,2.0705,0.379,1.0,63,330490.6186,-215945.4314,0.621,48,205248.6553,6771.371846,84453.0578,40788.9055,-43664.1522,63,330490.6186,5,21304.792457601703,1583.1805386011667,0.000796,588.3744,-0.9751,0.29207,6.2449,-4.1883,-0.040344,0.013804,0.1301,0.0726,-0.128012,-0.035189,-0.6482,0.863339,0.009601,-0.020938
2022-08-23 00:00:00+00:00,4,1.2443,0.3428,1.0,63,428446.2384,-228747.3053,0.6572,53,281570.9992,7440.150248,81431.4406,65443.7987,-15987.6418,63,428446.2384,6,21401.743416125915,1626.0250806798176,-0.001803,-41.9592,-0.9846,0.282704,-0.6324,0.5248,-0.014016,-0.006349,0.0282,0.2636,-0.032291,-0.008625,-0.6784,0.881291,0.017952,0.013875
2022-08-24 00:00:00+00:00,8,0.4798,0.5286,1.0,63,498562.4485,4896.18,0.4714,36,235009.1165,7186.812314,85452.7149,178100.617,92647.902,63,498562.4485,19,21473.44334289388,1650.5233016074071,0.001422,-119.0634,-1.0429,0.347772,-1.0883,0.1076,0.078596,0.01155,-0.0982,-0.3841,0.247036,0.082733,-0.474,0.895891,0.0146,0.042153
2022-08-25 00:00:00+00:00,7,0.4051,0.2984,1.0,62,579074.0781,14670.248,0.7016,43,406276.4851,7142.200419,49822.0506,122975.5424,73153.4919,62,579074.0781,12,21608.01634496082,1695.6765795239928,-0.001191,198.6882,-0.8869,0.267187,0.0349,0.3469,0.054329,-0.006831,-0.0279,-0.5589,0.230444,0.058505,0.1577,0.891621,-0.00427,0.028282
2022-08-26 00:00:00+00:00,8,1.0191,0.3908,1.0,73,699889.2411,15179.8147,0.6092,53,426350.2125,11106.820355,138063.5401,135475.4885,-2588.0516,73,699889.2411,12,21226.07822826576,1635.990712720867,0.001117,-72.2109,-0.9281,0.349588,0.5444,-4.3719,0.054619,0.001053,0.096,0.0868,0.174934,0.058886,-0.6755,0.899139,0.007518,0.017848
2022-08-27 00:00:00+00:00,13,1.2387,0.3145,1.0,66,612495.6203,12133.6055,0.6855,43,419853.4514,12834.271552,106590.4707,86051.6982,-20538.7726,66,612495.6203,10,20155.192842173365,1494.423250559416,-0.001924,-447.1269,-1.2162,0.34705,-3.6823,-1.0387,-0.016359,-0.019311,-0.0486,-0.2491,-0.0367,-0.012286,-0.2508,0.903869,0.00473,0.007978
2022-08-28 00:00:00+00:00,12,0.4912,0.8783,1.0,47,993038.65,54368.4344,0.1217,27,120897.4501,77497.023892,287292.4675,584848.7325,297556.265,47,993038.65,8,20017.59143623384,1487.091575301499,0.002274,-6.9434,-1.195,0.821043,-0.6016,0.8195,0.315936,0.006654,0.0097,-0.1675,0.392757,0.318867,-1.0172,0.926937,0.023067,0.035315
2022-08-29 00:00:00+00:00,20,0.2748,0.7047,1.0,78,1190285.2247,128776.4977,0.2953,41,351483.1883,56067.125633,180804.8729,657997.1635,477192.2907,78,1190285.2247,17,19974.847966048965,1483.1498484147644,-0.001489,698.4309,-0.7073,0.515618,6.8742,1.4488,0.21478,0.051472,0.1224,0.6708,0.430786,0.217785,-0.6548,0.923103,-0.003833,0.023964
2022-08-30 00:00:00+00:00,11,0.6905,0.2332,1.0,87,867067.1272,136349.2298,0.7668,62,664887.4993,16137.577843,82579.0723,119600.5555,37021.4832,87,867067.1272,14,20154.64012852465,1552.943671558973,0.000628,252.5596,-0.5193,0.257793,2.6027,4.6839,0.011968,-0.02781,-0.0172,0.5548,0.067108,0.016361,-0.6933,0.897282,-0.025822,-0.006588
2022-08-31 00:00:00+00:00,15,2.1369,0.3365,1.0,78,884823.1346,107697.585,0.6635,58,587078.6553,13952.943144,202829.0453,94915.434,-107913.6112,78,884823.1346,5,20199.98045097511,1576.5953943168388,-0.000713,264.4497,-0.3182,0.344002,2.7748,8.5469,-0.001239,0.015271,-0.054,0.2041,0.00757,0.002518,-0.0708,0.909159,0.011877,-0.017778
2022-09-01 00:00:00+00:00,12,0.9145,0.3782,1.0,70,958455.8939,99558.9851,0.6218,47,596006.6761,15866.968895,173132.9629,189316.2549,16183.2921,70,958455.8939,11,19960.130760225777,1556.5647768061635,-6.4e-05,-132.623,-0.3934,0.329172,-2.2961,6.216,0.051928,-0.018051,0.0113,0.2998,0.180655,0.057135,-0.4982,0.907901,-0.001258,-0.015202
2022-09-02 00:00:00+00:00,18,3.0254,0.2924,1.0,80,1421753.7339,70043.5527,0.7076,57,1005987.4169,13540.477654,312481.1974,103285.1195,-209196.0779,80,1421753.7339,5,20099.745288496837,1593.7110787240165,4.2e-05,-599.5734,-0.8104,0.327166,-4.6668,1.0047,-0.024861,-0.011791,-0.1229,-0.5591,-0.064998,-0.020647,0.0597,0.93735,0.029449,0.040069
2022-09-03 00:00:00+00:00,13,5.5768,0.5173,1.0,43,441813.72,50255.0291,0.4827,26,213248.8934,13615.802401,193811.6324,34753.1942,-159058.4382,43,441813.72,4,19857.27577846808,1558.7358119037665,0.000996,-539.8607,-1.1859,0.415126,-5.279,-0.5919,-0.117747,-0.022458,-0.1296,-1.455,-0.281821,-0.112682,-1.2354,0.875348,-0.062002,-0.033811
2022-09-04 00:00:00+00:00,5,0.2431,0.6559,1.0,40,232060.4758,20986.452,0.3441,24,79843.611,9065.044589,29770.3198,122446.5451,92676.2253,40,232060.4758,11,19809.733132741327,1559.635342131725,0.000836,69.2324,-1.1125,0.411133,0.921,0.9307,0.160435,-0.031854,-0.1022,-2.1064,0.441627,0.170581,-1.7304,0.819165,-0.056183,-0.088736
2022-09-05 00:00:00+00:00,11,0.7236,0.4045,1.0,77,431363.3088,-43186.6882,0.5955,57,256859.091,5653.779742,73261.9541,101242.2637,27980.3096,77,431363.3088,9,19802.5634420988,1579.6493792752124,-0.000776,192.5387,-0.9525,0.294943,1.4915,-4.452,0.003678,0.047805,0.2001,-0.6878,0.040452,0.011133,-0.3346,0.860705,0.04154,-0.076645
2022-09-06 00:00:00+00:00,16,2.9321,0.3432,1.0,108,2183891.6767,-101082.2601,0.6568,79,1434449.8106,30236.163222,558844.6933,190597.1728,-368247.5205,108,2183891.6767,13,19632.672439653557,1636.5815233348003,-0.000563,455.8358,-0.5956,0.327057,3.7577,-3.2969,-0.086951,0.041921,0.0654,-0.2075,-0.26059,-0.082275,-0.5268,0.926267,0.065562,0.05092
2022-09-07 00:00:00+00:00,11,0.7224,0.3539,1.0,89,888731.0402,-78425.3754,0.6461,64,574234.2985,12128.381873,131906.08,182590.6617,50684.5817,89,888731.0402,14,18898.619910425918,1546.4586155060606,-0.001082,377.0634,-0.2709,0.267679,4.3046,-1.7671,0.032211,-0.00046,0.104,0.5421,0.14405,0.036629,-0.0199,0.902964,-0.023304,0.083799
2022-09-08 00:00:00+00:00,5,0.2862,0.2215,1.0,83,938071.1281,-64264.9954,0.7785,66,730297.1596,23578.699662,46234.0082,161539.9603,115305.9521,83,938071.1281,12,19252.33574928947,1630.237519020704,0.001511,152.0488,-0.1199,0.219952,1.0668,1.5958,0.049446,-0.018572,-0.1269,-0.3607,0.260196,0.054009,-0.092,0.912268,0.009305,0.051563
2022-09-09 00:00:00+00:00,15,0.6932,0.3887,1.0,84,889733.2554,-25426.2671,0.6113,54,543859.1851,8322.757583,141599.5249,204274.5454,62675.0204,84,889733.2554,15,20680.52460466721,1698.3644928933834,-0.00076,-63.7489,-0.164,0.337246,0.9001,7.1628,0.026697,-0.027861,0.0001,-0.3565,0.100632,0.032592,0.1188,0.908447,-0.003822,-0.017821
2022-09-10 00:00:00+00:00,8,1.605,0.2794,1.0,50,343341.2563,-5886.2277,0.7206,35,247418.9341,15000.305275,59100.2425,36822.0798,-22278.1627,50,343341.2563,7,21374.703708290333,1728.5964083038127,0.000125,-937.1308,-0.9603,0.279785,-9.7719,2.6699,-0.037586,0.010625,-0.0838,-0.9389,-0.116693,-0.030512,0.0156,0.86428,-0.044167,-0.038684
2022-09-11 00:00:00+00:00,10,0.8049,0.3442,1.0,52,362036.6904,-17201.0083,0.6558,36,237432.0572,14985.361385,55565.9359,69038.6973,13472.7614,52,362036.6904,6,21606.86457657791,1764.3824276086757,0.000207,-96.0163,-1.1087,0.247474,-1.3549,0.3941,-0.013847,0.001226,0.0635,-0.4679,-0.027494,-0.006258,-0.6229,0.863405,-0.000874,-0.048863
2022-09-12 00:00:00+00:00,18,2.9496,0.2489,1.0,92,1586475.884,-49042.4396,0.7511,65,1191618.1425,23873.375647,294883.7257,99974.0158,-194909.7099,92,1586475.884,9,22125.703580730154,1737.155500848727,-7e-06,618.3604,-0.4869,0.226971,5.7145,4.6171,-0.088809,-0.006005,0.1056,0.3007,-0.391301,-0.084342,0.4477,0.926929,0.063523,0.018482
2022-09-13 00:00:00+00:00,16,4.4672,0.4772,1.0,97,2953942.461,-124154.2235,0.5228,69,1544199.0598,60443.62409,1151886.7043,257856.6969,-894030.0075,97,2953942.461,12,21576.133313295493,1663.428511804572,-3.9e-05,0.4738,-0.4768,0.518939,-1.0021,-0.1427,-0.080677,0.012595,-0.1107,-0.4869,-0.152919,-0.078199,0.206,0.951066,0.024137,0.086786
2022-09-14 00:00:00+00:00,21,14.5353,0.4112,1.0,111,5170192.7675,-396017.865,0.5888,82,3044123.3105,102276.876749,1989215.1829,136854.274,-1852360.9089,111,5170192.7675,8,20233.242627079493,1600.2037695707795,-0.0001,-336.9871,-0.8332,0.476857,-1.1543,-5.6017,-0.125938,-0.024508,-0.1416,-1.4805,-0.263756,-0.123996,0.4895,0.961405,0.010339,0.098
2022-09-15 00:00:00+00:00,18,1.2762,0.3681,1.0,145,2998886.0832,-431627.0331,0.6319,104,1895036.4051,22860.380262,618903.9512,484945.7269,-133958.2242,145,2998886.0832,23,20009.05298293624,1566.672324476105,-0.004047,474.2398,-0.2832,0.28625,0.3657,-6.3028,-0.011906,0.058267,-0.0284,-1.6402,-0.036688,-0.01017,0.6352,0.93763,-0.023775,0.010701
2022-09-16 00:00:00+00:00,12,0.3686,0.2421,1.0,114,2415020.2444,-402051.7011,0.7579,82,1830385.0639,38109.371301,157466.4183,427168.7622,269702.3438,114,2415020.2444,20,19713.657885078337,1456.0467041152108,-0.000981,-647.5772,-1.0132,0.220777,-4.166,-11.3689,0.041624,-0.025931,0.055,-1.222,0.203486,0.043503,1.9803,0.946281,0.008651,-0.004785
2022-09-17 00:00:00+00:00,4,0.258,0.3683,1.0,62,559588.2389,-381504.3858,0.6317,46,353511.1898,13353.462531,42262.0021,163815.047,121553.0449,62,559588.2389,12,19944.8037930681,1443.4218221898936,0.000308,-324.0739,-1.3609,0.28136,-2.9459,-4.543,0.100638,-0.035556,-0.0785,-1.722,0.38168,0.103364,1.7576,0.910889,-0.035392,-0.050516
2022-09-18 00:00:00+00:00,9,3.08,0.3065,1.0,69,592116.1786,-396648.2831,0.6935,56,410605.5996,8718.412689,137022.5496,44488.0294,-92534.5202,69,592116.1786,4,19896.269819626723,1424.248561562609,4.7e-05,142.688,-1.1684,0.265842,0.4185,-2.7696,-0.072248,0.043872,0.4073,1.0836,-0.274951,-0.069717,-0.4809,0.901337,-0.009552,-0.036293
2022-09-19 00:00:00+00:00,10,0.8427,0.1973,1.0,97,1711939.6064,-364684.477,0.8027,75,1374092.9213,17460.055557,154504.8759,183341.8092,28836.9333,97,1711939.6064,12,19028.64110380336,1330.210599649521,-9.6e-05,204.9046,-0.9111,0.223356,2.9306,-5.5536,0.008242,0.002991,0.0591,1.4653,0.040148,0.008567,-0.9582,0.927484,0.026147,-0.018797
2022-09-20 00:00:00+00:00,8,1.4678,0.4065,1.0,77,1323839.6733,-251541.6967,0.5935,59,785640.8978,31182.139388,320114.6605,218084.1149,-102030.5456,77,1323839.6733,10,19204.936298287543,1354.7841091545426,0.000194,178.802,-0.6859,0.318787,0.474,-4.0775,-0.045666,-0.001499,-0.0212,1.2984,-0.140534,-0.043543,-0.5063,0.931591,0.004107,0.020702
2022-09-21 00:00:00+00:00,12,1.3957,0.4683,1.0,106,1137238.0463,516.3917,0.5317,79,604708.7033,20966.271164,310241.8165,222287.5266,-87954.2899,106,1137238.0463,15,19043.965859370637,1332.7776088665237,0.000338,26.7971,-0.6402,0.393919,0.2194,-2.7037,0.032973,-0.015729,-0.0288,1.0894,0.088856,0.033919,-0.7764,0.904533,-0.027058,0.003196
2022-09-22 00:00:00+00:00,12,0.68,0.3615,1.0,97,1161220.3122,31078.218,0.6385,71,741421.0823,11872.383372,169912.3353,249886.8946,79974.5593,97,1161220.3122,14,18975.99571872986,1284.6963570239109,-0.001089,-183.0833,-0.8431,0.371839,-0.4872,-3.5566,0.027849,-8.2e-05,0.0461,1.3681,0.078794,0.028364,-1.6281,0.906828,0.002296,-0.020656
2022-09-23 00:00:00+00:00,7,0.4965,0.3943,1.0,81,1213066.3354,15542.615,0.6057,64,734698.4433,16820.54517,158707.3846,319660.5075,160953.1229,81,1213066.3354,10,19073.964545721286,1313.6747647030595,-5e-05,-131.8727,-0.9824,0.378533,-1.3516,-0.7422,0.108504,0.001264,-0.0754,0.8666,0.297543,0.109983,-0.3283,0.930924,0.024095,-0.000667
2022-09-24 00:00:00+00:00,6,1.741,0.1437,1.0,45,492026.6874,-4552.4709,0.8563,33,421330.1422,16277.003024,44904.5505,25791.9946,-19112.5559,45,492026.6874,6,19091.009554828768,1330.4061880007082,0.000144,-293.7527,-1.3136,0.17854,-2.0436,0.1601,-0.031552,-0.033524,-0.1381,-0.0359,-0.175714,-0.029202,-0.8478,0.898268,-0.032656,-0.006265
2022-09-25 00:00:00+00:00,3,0.2868,0.0942,1.0,40,567022.9285,12898.1916,0.9058,34,513584.2636,20329.17162,11909.274,41529.3909,29620.1169,40,567022.9285,3,18996.9478330437,1315.3977534084709,3.3e-05,156.9175,-1.1178,0.156405,1.2069,0.9486,0.023295,0.03962,0.1914,1.226,0.170324,0.0248,-1.4288,0.905629,0.007361,-0.0012
2022-09-26 00:00:00+00:00,7,1.2866,0.2733,1.0,69,1083572.2299,3475.2007,0.7267,51,787408.3376,32403.472368,166643.9476,129519.9447,-37124.0029,69,1083572.2299,11,19013.769193087952,1311.982423619703,0.00034,446.388,-0.5342,0.29394,1.7578,-0.2241,-0.003772,0.020534,-0.0144,1.1199,-0.006418,-0.001833,-0.1535,0.930889,0.02526,-3.4e-05
2022-09-27 00:00:00+00:00,9,1.3456,0.1077,1.0,84,1026884.6313,15723.0091,0.8923,71,916289.845,15684.180585,63445.3365,47149.4497,-16295.8868,84,1026884.6313,4,19749.228795000832,1362.0213537247762,0.000271,655.7724,0.3796,0.178762,5.6088,4.9106,-0.008364,0.029592,-0.1404,0.2021,-0.031119,-0.00525,-0.3969,0.918492,-0.012397,0.020224
2022-09-28 00:00:00+00:00,8,1.3055,0.2374,1.0,82,529918.1035,25906.3564,0.7626,69,404122.9575,8393.188724,71233.0025,54562.1435,-16670.859,82,529918.1035,5,19112.287843623963,1310.6757183857103,-0.000351,-316.1672,-0.0244,0.28332,-0.9321,3.7591,-0.004058,-0.019081,0.1817,1.4111,-0.010138,-0.00275,-0.9134,0.885639,-0.032853,-0.01999
2022-09-29 00:00:00+00:00,2,0.6816,0.0737,1.0,82,1579717.4352,17629.4134,0.9263,78,1463353.4257,19169.344743,47164.0254,69199.9842,22035.9589,82,1579717.4352,2,19411.69860675131,1332.5418051919185,0.000326,-75.6092,-0.1153,0.142426,-1.037,3.2093,0.008896,-0.011727,-0.0543,1.0464,0.062033,0.008513,-0.3651,0.946811,0.061172,0.015922
2022-09-30 00:00:00+00:00,9,0.5214,0.1749,1.0,78,1041942.5115,2824.4313,0.8251,61,859755.005,20340.196334,62434.6293,119752.8773,57318.248,78,1041942.5115,8,19528.568323571155,1337.007549651309,-0.000336,134.6412,0.0892,0.20523,1.4191,5.98,0.026188,0.043571,0.2633,2.655,0.132688,0.02626,-0.4417,0.928829,-0.017982,0.010337
2022-10-01 00:00:00+00:00,2,1.7132,0.1222,1.0,46,443734.7031,3518.1053,0.8778,38,389498.2354,13291.293465,34246.6528,19989.8149,-14256.8379,46,443734.7031,6,19333.04134899718,1323.3570031223946,-0.000234,-701.3014,-0.9679,0.168304,-5.5408,2.4829,-0.026038,-0.012723,-0.1354,1.7657,-0.170794,-0.02725,-1.1677,0.895363,-0.033466,0.009724
2022-10-02 00:00:00+00:00,6,0.6012,0.4174,1.0,47,280021.4957,3444.9167,0.5826,38,163149.8712,9312.329777,43881.914,72989.7105,29107.7965,47,280021.4957,3,19242.76303700624,1303.4266968019156,0.00014,-327.6033,-1.4313,0.328577,-2.6398,-1.3638,0.06234,0.004095,-0.003,1.7243,0.192443,0.061056,-0.8456,0.867804,-0.027559,-0.079007
2022-10-03 00:00:00+00:00,4,2.22,0.2466,1.0,66,964990.1103,-4130.3515,0.7534,54,727051.2323,20276.021834,164044.8789,73893.999,-90150.8799,66,964990.1103,8,19299.781964059213,1302.6657166654009,0.000223,972.624,0.0635,0.256257,7.5143,4.3926,-0.051007,0.119282,0.5331,4.4634,-0.203897,-0.050581,-1.2055,0.922669,0.054865,-0.00616
2022-10-04 00:00:00+00:00,6,0.5164,0.1741,1.0,63,392301.2258,1308.795,0.8259,53,324005.4785,7369.866947,23258.8046,45036.9428,21778.1382,63,392301.2258,4,19936.085301037165,1344.5306714244791,-0.000339,-48.2577,0.0125,0.221177,-0.0948,-1.311,-0.001789,-0.097233,-0.4549,1.8855,-0.008303,-0.001741,-0.7725,0.882572,-0.040097,-0.012791
2022-10-05 00:00:00+00:00,6,1.0664,0.082,1.0,62,281873.1633,3584.2478,0.918,52,258755.6736,5720.683656,11930.0895,11187.4002,-742.6893,62,281873.1633,4,20141.622064435596,1348.1674516587989,0.000315,56.2184,0.1437,0.175093,-2.208,-2.5868,-0.009708,-0.038092,-0.1392,1.1142,-0.067272,-0.011021,-0.6081,0.865763,-0.016809,-0.002041
2022-10-06 00:00:00+00:00,8,0.2057,0.2862,1.0,68,599311.7441,16577.1952,0.7138,43,427797.9508,14149.489863,29263.6014,142250.1919,112986.5905,68,599311.7441,17,20172.886803387588,1365.4051098087064,-0.000328,-286.7025,-0.3204,0.265221,-0.5582,-2.1081,0.048647,-0.028863,-0.1892,0.0953,0.191112,0.04858,0.401,0.902189,0.036425,-0.02048
2022-10-07 00:00:00+00:00,10,1.2228,0.2552,1.0,62,714440.6073,5778.462,0.7448,41,532131.4752,17709.97477,100291.008,82018.1242,-18272.8838,62,714440.6073,11,19822.627618291364,1346.8329704906218,0.000408,-281.3089,-0.7857,0.270219,-2.2269,-5.7542,0.020291,-0.011515,0.0145,0.176,0.072348,0.01893,-0.2762,0.910172,0.007983,0.0276
2022-10-08 00:00:00+00:00,7,0.4856,0.1347,1.0,41,381692.2236,10358.853,0.8653,32,330274.1668,15047.124096,16806.079,34611.9779,17805.8989,41,381692.2236,2,19481.477309820933,1325.5759055024623,0.000872,1025.3276,0.9557,0.150034,0.986,0.7726,0.025154,0.007817,-0.1584,-0.6782,0.148456,0.020602,-1.9016,0.865214,-0.044958,-0.000549
2022-10-09 00:00:00+00:00,5,0.3975,0.3188,1.0,34,77113.3918,7714.965,0.6812,26,52526.9679,1484.512668,6992.9219,17593.5021,10600.5802,34,77113.3918,3,19448.8616851607,1319.1302376838328,1.7e-05,1049.1937,2.6838,0.174082,18.5959,22.0082,0.0265,0.098541,-0.1908,-1.671,0.135635,0.020935,-2.513,0.757188,-0.108026,-0.145001
2022-10-10 00:00:00+00:00,5,0.4795,0.1762,1.0,55,319207.8596,23420.3958,0.8238,48,262968.6372,6989.636473,18226.0432,38013.1792,19787.136,55,319207.8596,2,19337.69630917384,1314.0490413647867,-0.000195,595.0853,3.4298,0.190806,7.0232,21.5171,0.003108,0.012114,0.1026,-1.0922,0.004855,0.000874,-0.8527,0.873111,0.115924,-0.037061
2022-10-11 00:00:00+00:00,7,6.4827,0.1557,1.0,59,652143.4767,9680.2959,0.8443,48,550600.0993,30591.742762,87972.9693,13570.408,-74402.5613,59,652143.4767,4,19078.263202744216,1283.1163697672894,-0.000536,-834.3772,2.0955,0.207199,-8.2926,13.3193,-0.05311,0.015333,0.1021,-0.5302,-0.268804,-0.053217,-0.9785,0.900538,0.027427,0.035324
2022-10-12 00:00:00+00:00,4,0.4197,0.3962,1.0,55,454416.7906,20300.4407,0.6038,36,274372.1766,9438.428662,53223.1447,126821.4693,73598.3246,55,454416.7906,15,19116.85930064004,1294.2254579844964,0.000365,-795.1206,0.9169,0.313498,-7.6108,7.9165,0.084177,-0.040105,-0.0096,-0.5729,0.273786,0.08314,-1.2208,0.889081,-0.011456,0.131894
2022-10-13 00:00:00+00:00,14,1.5085,0.2491,1.0,82,967277.4086,-2817.0467,0.7509,61,726355.8245,25976.690651,144878.7028,96042.8813,-48835.8215,82,967277.4086,7,19032.08213311758,1273.437067743628,-0.000586,302.2934,1.4464,0.228129,-0.2404,8.2343,-0.053504,-0.03272,0.1617,0.2892,-0.248806,-0.054754,-1.0028,0.91917,0.030089,0.046059
2022-10-14 00:00:00+00:00,12,1.4317,0.3449,1.0,69,498419.1935,-4566.079,0.6551,47,326513.3337,8474.626385,101210.985,70694.8748,-30516.1102,69,498419.1935,10,19531.06111478737,1315.7791323412305,0.000387,-472.6147,0.6692,0.32733,-1.8768,8.5845,-0.013497,0.008333,-0.0421,0.0533,-0.039515,-0.012454,-1.3835,0.890079,-0.029092,-0.010459
2022-10-15 00:00:00+00:00,6,0.6242,0.1797,1.0,45,189278.7162,-5985.785,0.8203,30,155269.3878,8601.769088,13070.6856,20938.6427,7867.957,45,189278.7162,9,19145.07292056332,1288.6777758301532,0.001545,-98.2595,0.5116,0.170783,-0.4694,7.1291,-0.004746,0.016028,-0.1786,-0.8991,-0.060009,-0.009222,-1.7784,0.824488,-0.06559,-0.064593
2022-10-16 00:00:00+00:00,5,0.1344,0.3005,1.0,35,269219.2813,1319.2226,0.6995,26,188313.5558,15622.351044,9585.046,71320.6795,61735.6335,35,269219.2813,4,19163.76075079595,1287.4497573096278,-0.001079,-259.9737,0.1086,0.237514,-2.1947,-13.6615,0.052362,0.000926,0.2475,0.4312,0.220816,0.049748,-2.0408,0.856733,0.032245,-0.062437
2022-10-17 00:00:00+00:00,8,1.0041,0.2635,1.0,62,478432.0395,-1544.4514,0.7365,49,352374.212,10536.335001,63158.2049,62899.6226,-258.5822,62,478432.0395,5,19388.482459071583,1316.241468186807,-0.000986,731.8416,1.4051,0.247908,5.4441,-15.2405,0.013489,-0.020955,0.153,1.2371,0.060707,0.014317,-1.0803,0.879788,0.023055,-0.010291
2022-10-18 00:00:00+00:00,12,0.6245,0.1906,1.0,70,548385.6684,12536.1238,0.8094,52,443852.8886,12770.543389,40185.6573,64347.1225,24161.4651,70,548385.6684,6,19483.39976213676,1322.5785478893847,-0.00018,277.2918,1.9157,0.2008,1.8226,-5.1253,-0.006979,-0.009709,0.1455,1.956,-0.029471,-0.005543,-1.0909,0.877306,-0.002482,0.052818
2022-10-19 00:00:00+00:00,4,1.2241,0.2084,1.0,60,559147.3072,344.8045,0.7916,51,442624.1291,12566.340231,64132.0441,52391.134,-11740.9102,60,559147.3072,5,19222.893853143923,1299.958173707649,-0.000385,219.9241,2.2326,0.229927,2.8434,5.3289,0.00612,-0.000241,-0.0123,1.8376,0.029683,0.006449,-1.3004,0.878985,0.001679,0.022252
2022-10-20 00:00:00+00:00,6,2.621,0.1231,1.0,54,537402.1286,3091.4943,0.8769,44,471260.2987,16687.042745,47875.4116,18266.4183,-29608.9933,54,537402.1286,4,19125.428406227464,1289.765123284624,-0.000103,568.7686,3.0112,0.157253,1.5625,7.1318,-0.035974,0.030573,-0.13,1.1468,-0.253493,-0.037076,-0.6533,0.884943,0.005958,0.005155
2022-10-21 00:00:00+00:00,9,0.1001,0.3704,1.0,56,1003041.3118,50862.3148,0.6296,41,631549.5917,59513.426223,33806.0433,337685.6767,303879.6334,56,1003041.3118,6,19062.41456904984,1287.9603661761937,0.000151,-116.3749,2.6721,0.302091,0.3227,9.3313,0.168684,-0.000377,-0.0422,0.9178,0.567372,0.167383,-0.7343,0.916952,0.032008,0.039646
2022-10-22 00:00:00+00:00,12,0.3376,0.4665,1.0,44,295430.509,59487.3489,0.5335,23,157623.6528,13811.365518,34781.8301,103025.0261,68243.1959,44,295430.509,9,19174.831175279684,1306.141277570595,0.000204,-1256.1116,0.6847,0.282215,-7.9951,1.8056,0.102564,-0.030243,-0.0425,0.6932,0.375748,0.101203,-1.5805,0.853407,-0.063545,-0.025579
2022-10-23 00:00:00+00:00,9,4.1531,0.2465,1.0,47,292966.61,44355.7179,0.7535,34,220753.8283,10306.809641,58199.2824,14013.4992,-44185.7832,47,292966.61,4,19252.06719227375,1316.550823961601,-0.000434,-484.986,-0.0718,0.260176,-4.9486,-0.9484,-0.022942,0.026843,0.0258,0.8053,-0.096687,-0.024113,-1.2915,0.86961,0.016204,-0.015333
2022-10-24 00:00:00+00:00,19,4.606,0.2662,1.0,70,750056.5954,26042.4433,0.7338,46,550362.3127,15529.885829,164072.8939,35621.3888,-128451.5051,70,750056.5954,5,19363.81863395428,1346.0324983193088,0.000381,565.656,0.8212,0.300856,2.0045,-4.388,-0.075064,-0.008474,-0.016,0.7272,-0.245448,-0.070665,-1.4351,0.906256,0.036646,-0.010696
2022-10-25 00:00:00+00:00,11,1.5811,0.2236,1.0,93,1118406.4096,14548.0054,0.7764,66,868328.6305,15017.063695,153188.6896,96889.0895,-56299.6001,93,1118406.4096,16,19577.97218124584,1386.8719091955998,-0.000847,168.5795,1.0753,0.276772,1.8323,-4.3783,-0.041725,-0.011075,0.0832,1.1547,-0.146771,-0.039015,-1.149,0.908281,0.002025,0.054874
2022-10-26 00:00:00+00:00,18,0.8404,0.4282,1.0,104,1206388.4347,22623.0664,0.5718,60,689857.4181,13957.039586,235873.2496,280657.7669,44784.5173,104,1206388.4347,26,20532.22794318574,1526.5768668549206,-0.000753,-223.4604,0.7292,0.35502,-1.0588,-8.2806,0.001856,-0.015118,-0.0767,0.7299,0.013623,0.004698,-0.7167,0.916404,0.008123,0.046794
2022-10-27 00:00:00+00:00,16,0.761,0.2815,1.0,83,1034495.5213,32499.7022,0.7185,51,743289.6974,17407.994066,125839.1833,165366.6406,39527.4573,83,1034495.5213,16,20628.07386292652,1551.2570510783455,0.000439,-303.7945,0.248,0.274455,-0.5533,-10.3964,0.008389,-0.011067,-0.0535,0.4339,0.036107,0.009617,0.239,0.916916,0.000512,0.01066
2022-10-28 00:00:00+00:00,14,1.0631,0.2897,1.0,70,717434.61,-11820.2718,0.7103,41,509598.9312,12589.769208,107097.9317,100737.7471,-6360.1846,70,717434.61,15,20383.44776273492,1526.0159359497254,-0.000513,74.9127,0.3518,0.277893,-0.6268,-11.3458,-0.033017,0.030947,0.1871,1.4037,-0.118621,-0.031892,-1.099,0.914428,-0.002488,0.006147
2022-10-29 00:00:00+00:00,14,1.3227,0.3102,1.0,63,577252.0761,-25123.1144,0.6898,36,398176.767,12702.587038,101976.0059,77099.3032,-24876.7026,63,577252.0761,13,20767.012347545064,1605.342334425448,0.000249,-385.9904,-0.27,0.289807,-3.4528,-6.8036,-0.02891,0.00415,-0.0275,1.2286,-0.094812,-0.026591,-0.9714,0.912405,-0.002023,-0.003999
2022-10-30 00:00:00+00:00,15,4.4322,0.3388,1.0,54,472542.6415,-33263.3951,0.6612,35,312422.4625,8273.791866,130643.9634,29476.2156,-101167.7478,54,472542.6415,4,20721.810470348268,1603.9822305531395,-7.9e-05,-409.033,-0.911,0.278712,-2.573,-4.428,-0.079851,-0.008007,0.018,1.2982,-0.301441,-0.081442,-0.8315,0.902755,-0.00965,-0.014161
2022-10-31 00:00:00+00:00,11,0.8495,0.3071,1.0,85,693841.6467,-12436.4778,0.6929,54,480754.5014,7534.726588,97875.1148,115212.0305,17336.9157,85,693841.6467,20,20506.518709346383,1582.95952703288,0.0,1138.0456,0.8759,0.270763,10.1402,3.7077,0.015766,0.00229,-0.0832,0.8384,0.065094,0.016938,-1.0404,0.896094,-0.006661,-0.018334
2022-11-01 00:00:00+00:00,9,0.4395,0.2186,1.0,83,574891.0473,2595.7271,0.7814,60,449229.8138,10989.50389,38367.6994,87293.5341,48925.8346,83,574891.0473,14,20501.46263098544,1583.5846432085436,-0.002515,-618.947,-0.1077,0.21657,-5.9992,-4.1238,0.0391,0.004829,-0.0415,0.6037,0.19738,0.040173,-0.6352,0.872805,-0.023289,-0.0396
2022-11-02 00:00:00+00:00,11,1.7921,0.4311,1.0,81,937574.3015,-20183.3592,0.5689,48,533387.4681,17062.375092,259427.9601,144758.8732,-114669.0869,81,937574.3015,22,20420.800286739035,1562.29163122953,0.001339,211.8314,0.2206,0.383068,0.8299,-2.2351,-0.036649,0.024514,0.0874,1.0744,-0.098338,-0.036666,-1.2919,0.909726,0.036921,0.006971
2022-11-03 00:00:00+00:00,8,1.2749,0.3287,1.0,68,813960.9395,-30449.7009,0.6713,46,546380.9918,10856.359545,149958.4412,117621.5065,-32336.9348,68,813960.9395,14,20254.22818953198,1542.3363208486455,-0.000729,376.3206,0.802,0.277925,5.3512,3.6694,-0.030278,-0.003916,-0.0105,0.9937,-0.111394,-0.029944,-0.7788,0.907929,-0.001797,0.011835
2022-11-04 00:00:00+00:00,17,0.992,0.4053,1.0,82,782955.0611,-29360.1064,0.5947,50,465607.1671,11910.81014,158040.4585,159307.4355,1266.977,82,782955.0611,15,20682.140003484783,1594.5790992810432,-0.000581,-126.4972,0.5863,0.337501,-1.9521,2.3441,-0.012408,0.005674,0.0112,1.0344,-0.029798,-0.009718,-1.2545,0.903269,-0.00466,0.030464
2022-11-05 00:00:00+00:00,9,3.3828,0.517,1.0,49,406167.8536,-42115.0612,0.483,28,196183.4181,15310.525223,162072.9111,47911.5244,-114161.3867,49,406167.8536,12,21321.445911977906,1640.934984777473,0.001477,-581.4441,-0.3464,0.452546,-4.1054,1.6916,-0.048137,-0.010752,-0.1396,0.2361,-0.107913,-0.047662,-1.5001,0.885612,-0.017657,-0.024114
2022-11-06 00:00:00+00:00,7,0.5196,0.3155,1.0,61,449390.9733,-21258.0105,0.6845,42,307597.2715,6663.326846,48481.0472,93312.6546,44831.6074,61,449390.9733,12,21224.08660917657,1619.091742183915,-0.000429,-59.7223,-0.4355,0.278314,-0.7247,3.5399,0.021251,-0.007599,0.1705,1.1752,0.086357,0.023033,-1.4584,0.889167,0.003555,-0.018762
2022-11-07 00:00:00+00:00,14,1.2455,0.2402,1.0,103,1011566.4677,-27530.1986,0.7598,78,768547.4562,7702.125969,134793.7062,108225.3053,-26568.4009,103,1011566.4677,11,20789.90870427215,1580.2441736765425,-0.001127,613.0941,0.5378,0.214321,4.7396,-1.8607,-0.02296,0.029667,-0.0238,1.0202,-0.095112,-0.019119,-1.571,0.892556,0.003389,-0.010713
2022-11-08 00:00:00+00:00,28,0.7726,0.2616,1.0,166,2341093.4794,-23296.1467,0.7384,110,1728590.2517,21904.094501,266969.5149,345533.7127,78564.1978,166,2341093.4794,28,19657.73823181293,1468.132880170481,-0.000223,2820.8701,4.449,0.27617,6.6139,10.7525,0.011891,-0.000875,0.1449,1.7752,0.046952,0.012132,-1.1057,0.883821,-0.008734,-0.001791
2022-11-09 00:00:00+00:00,47,2.617,0.564,1.0,229,3851836.9667,-145663.5778,0.436,145,1679322.927,54114.274326,1571877.5721,600636.4675,-971241.1046,229,3851836.9667,37,17627.009858029236,1237.4717075492242,2e-05,619.3372,4.6123,0.567383,12.0727,21.9952,-0.003826,0.007096,-0.0737,1.339,-0.010915,-0.005959,-0.7255,0.879548,-0.004273,-0.009619
2022-11-10 00:00:00+00:00,23,0.4732,0.3712,1.0,184,2878338.8155,-86470.8738,0.6288,128,1809952.739,27514.12024,343187.0414,725199.0351,382011.9936,184,2878338.8155,33,16929.26432853959,1228.1231532607935,-0.000683,-1604.3164,2.4992,0.329966,-6.5542,10.0898,0.063672,-0.002231,0.0757,1.6995,0.201155,0.062377,0.0451,0.891098,0.011549,-0.001458
2022-11-11 00:00:00+00:00,29,1.6634,0.4496,1.0,143,1306109.294,-107547.0308,0.5504,96,718856.5297,10031.905074,366759.4432,220493.3211,-146266.1221,143,1306109.294,18,17133.961052974013,1268.6458017217285,0.000516,-1345.0102,0.8715,0.375669,-9.7862,2.2557,-0.023397,-0.022662,-0.0906,1.1862,-0.082313,-0.028908,-0.5648,0.867013,-0.024085,-0.016809
2022-11-12 00:00:00+00:00,15,0.8347,0.5021,1.0,115,1074664.9932,-84292.5356,0.4979,77,535032.494,10246.577125,245506.21,294126.2892,48620.0792,115,1074664.9932,23,16858.49475996318,1267.4327888203131,0.001026,-805.2687,-0.0981,0.370752,-4.2121,2.149,0.022777,-0.004072,-0.1184,0.5432,0.046646,0.016254,-1.0174,0.878932,0.011919,-0.000617
2022-11-13 00:00:00+00:00,19,1.2875,0.5759,1.0,119,2037670.2865,-111765.4249,0.4241,35,864208.0732,37842.979126,660470.4155,512991.7978,-147478.6177,119,2037670.2865,65,16669.24359097605,1243.3599044149066,-0.000254,2.4962,-0.0934,0.465589,0.5062,3.3799,-0.022773,0.037745,0.1842,1.488,-0.060046,-0.026929,-0.7709,0.895086,0.016155,0.003989
2022-11-14 00:00:00+00:00,19,0.6858,0.2889,1.0,139,1517190.1388,-96297.7628,0.7111,103,1078878.5093,17693.187428,178303.1976,260008.4318,81705.2343,139,1517190.1388,17,16491.847705284094,1232.0933076516778,-0.000473,377.7217,0.3491,0.305173,3.1749,1.8151,0.050711,-0.025866,-0.1609,0.6253,0.167678,0.047424,-1.0465,0.872921,-0.022165,0.005908
2022-11-15 00:00:00+00:00,14,1.4678,0.5181,1.0,103,1153926.4709,-123711.5343,0.4819,69,556094.9623,16486.14558,355581.8557,242249.6529,-113332.2028,103,1153926.4709,20,16829.318656095023,1258.9670551180884,-0.000853,65.5577,0.4167,0.420523,-0.8782,-5.677,-0.019347,-0.015944,-0.0775,0.2045,-0.05371,-0.021675,-0.4502,0.890034,0.017113,0.011102
2022-11-16 00:00:00+00:00,10,0.7453,0.3902,1.0,114,1266779.8124,25341.1697,0.6098,81,772482.5683,12152.300152,211084.7104,283212.5337,72127.8233,114,1266779.8124,23,16719.21538945442,1231.8263477027317,0.001265,-224.2627,0.1392,0.337245,-1.1976,-18.9472,0.074204,0.016054,-0.0036,0.1742,0.211714,0.066778,-0.3009,0.885701,-0.004333,-0.009386
2022-11-17 00:00:00+00:00,10,0.7777,0.2818,1.0,102,1226387.8927,-23059.2109,0.7182,74,880770.8902,20678.294717,151203.8364,194413.1661,43209.3297,102,1226387.8927,18,16617.995254653928,1205.8702503548484,-0.000356,-104.487,0.0116,0.303648,-1.2168,-13.6098,0.068329,-0.034297,-0.0465,-0.0771,0.219835,0.062587,0.281,0.894479,0.008779,0.021558
2022-11-18 00:00:00+00:00,10,0.7112,0.3579,1.0,83,1017539.1387,6615.3128,0.6421,63,653406.4888,15158.521186,151338.5531,212794.0968,61455.5437,83,1017539.1387,10,16746.062033096885,1214.056595356853,0.000896,-195.8928,-0.2309,0.292729,-1.8061,-5.6297,0.02635,0.010822,-0.0106,-0.1377,0.082443,0.022805,-0.1344,0.899377,0.004898,0.009343
2022-11-19 00:00:00+00:00,8,2.0344,0.3374,1.0,61,857624.2224,-14422.6809,0.6626,42,568248.2954,12137.294155,194010.9021,95365.025,-98645.8771,61,857624.2224,11,16657.227183162617,1210.4838584325985,0.000829,-170.6152,-0.4486,0.321961,-0.9382,-2.3558,-0.04487,0.000906,0.0077,-0.1073,-0.155964,-0.048146,-1.1584,0.8962,-0.003176,0.0105
2022-11-20 00:00:00+00:00,13,1.4043,0.3013,1.0,81,509171.5967,2961.004,0.6987,62,355782.1543,7983.338423,89591.1329,63798.3095,-25792.8234,81,509171.5967,6,16614.28987678058,1194.533806394768,-0.000832,-18.1627,-0.4712,0.292984,-0.0925,-2.9545,0.007071,0.030787,0.1748,0.8159,0.014517,0.003951,-1.1177,0.852696,-0.043504,-0.041783
2022-11-21 00:00:00+00:00,9,0.5369,0.1795,1.0,116,2528105.7164,10825.0946,0.8205,96,2074313.7926,26282.676424,158519.0274,295272.8964,136753.869,116,2528105.7164,11,16063.141359455904,1122.9467093024232,-0.00071,79.1698,-0.3773,0.205875,-0.1099,-6.2393,0.023377,0.002402,0.0084,0.8459,0.113135,0.021837,-1.6886,0.916369,0.063673,0.016992
2022-11-22 00:00:00+00:00,16,2.1053,0.2241,1.0,112,1516116.2239,9738.169,0.7759,89,1176341.9559,28272.547862,230357.4751,109416.7929,-120940.6823,112,1516116.2239,7,15952.634490174509,1110.4612716171264,0.00019,204.7464,-0.1347,0.266188,1.3011,-4.0601,-0.036819,-0.00617,-0.0247,0.6986,-0.153881,-0.038661,-1.2116,0.89524,-0.021128,-0.00096
2022-11-23 00:00:00+00:00,12,0.6589,0.293,1.0,87,718666.005,5619.7661,0.707,62,508108.9525,7548.314052,83629.0249,126928.0276,43299.0027,87,718666.005,13,16477.289061816773,1162.7001198550583,0.000274,-159.1578,-0.3308,0.26378,-0.344,-3.2065,0.006917,-0.021267,-0.1579,-0.1523,0.019932,0.004924,0.1889,0.876803,-0.018437,0.024107
2022-11-24 00:00:00+00:00,18,3.505,0.442,1.0,80,521907.3937,-18879.4563,0.558,52,291198.3178,7295.61671,179497.1514,51211.9245,-128285.2268,80,521907.3937,10,16616.48552230533,1199.5148593307076,0.001335,-127.4637,-0.4876,0.383384,-0.8349,-2.8245,-0.088309,-0.014568,-0.1691,-1.0449,-0.233226,-0.084462,-0.1223,0.873504,-0.003299,-0.042865
2022-11-25 00:00:00+00:00,13,0.3667,0.4465,1.0,71,612876.9909,-9541.5051,0.5535,47,339199.5633,10652.199587,73428.1128,200249.3148,126821.2021,71,612876.9909,11,16503.870320389597,1190.6025928244028,0.000184,-109.4982,-0.6298,0.337533,-0.9073,-1.9257,0.085341,0.005205,0.01,-0.9846,0.261745,0.084611,-0.2993,0.887373,0.013869,-0.007867
2022-11-26 00:00:00+00:00,19,11.2891,0.5611,1.0,63,431939.1845,-24440.0678,0.4389,37,189556.77,9114.853049,222659.1153,19723.2992,-202935.816,63,431939.1845,7,16567.293957517868,1214.9631767975486,-0.000233,-51.2146,-0.7007,0.433605,-0.4296,-1.4171,-0.193936,-0.026659,0.032,-0.8107,-0.466185,-0.195009,-0.6578,0.869983,-0.01739,-0.006821
2022-11-27 00:00:00+00:00,13,1.8726,0.4974,1.0,54,417033.8097,-29757.6298,0.5026,33,209588.1171,14828.749754,135230.7248,72214.9677,-63015.7571,54,417033.8097,8,16549.825901764674,1215.3322163575758,0.000186,-23.699,-0.723,0.383231,-0.3724,-1.6969,-0.025856,0.000385,0.04,-0.59,-0.077001,-0.028331,-0.8724,0.866902,-0.00308,-0.006602
2022-11-28 00:00:00+00:00,21,1.5455,0.3355,1.0,77,1162225.3861,-61231.1092,0.6645,49,772282.3383,37182.436946,236751.7673,153191.2805,-83560.4868,77,1162225.3861,7,16239.385061691246,1174.4778264565946,-0.001573,389.0267,-0.2411,0.324393,2.3486,0.7616,-0.029889,0.003535,-0.0779,-0.9854,-0.096687,-0.030251,0.7283,0.918754,0.051852,0.031381
2022-11-29 00:00:00+00:00,13,0.8233,0.2879,1.0,85,875870.3471,-40463.3501,0.7121,63,623718.2542,14563.918534,113859.231,138292.8619,24433.6309,85,875870.3471,9,16416.594438733275,1205.571990621005,-0.000275,-259.0463,-0.5489,0.289139,-1.3418,-1.8812,0.014699,0.042674,0.0986,-0.4642,0.052562,0.014415,-0.0633,0.888913,-0.02984,0.018931
2022-11-30 00:00:00+00:00,17,0.5823,0.3392,1.0,91,654459.1512,-38276.6762,0.6608,63,432482.6954,9363.458146,81685.3676,140291.0882,58605.7205,91,654459.1512,11,16915.91297760237,1272.9441725504412,-0.000386,108.9964,-0.4076,0.290363,0.7946,-0.7427,-0.010534,0.008922,0.1873,0.5115,-0.029457,-0.007982,-0.7497,0.868878,-0.020036,0.001976
2022-12-01 00:00:00+00:00,23,1.7744,0.3511,1.0,96,483435.5264,-26718.6571,0.6489,62,313689.0891,7061.647824,108562.7652,61183.6721,-47379.093,96,483435.5264,11,17101.74471883394,1284.2998240943143,0.000962,33.3238,-0.3686,0.307207,0.098,0.1902,-0.027909,-0.011682,0.0623,0.8199,-0.132025,-0.036253,-2.2509,0.797091,-0.071787,-0.121663
2022-12-02 00:00:00+00:00,17,1.6283,0.4609,1.0,74,633844.3777,-54813.1919,0.5391,47,341691.8479,12859.287962,180996.5358,111155.994,-69840.5418,74,633844.3777,10,16984.649215001962,1281.8637759235237,-0.000222,-39.912,-0.4291,0.420645,-0.0467,1.0508,-0.114239,-0.040802,-0.2361,-0.4384,-0.138365,-0.046882,0.0933,0.820965,0.023874,-0.067948
2022-12-03 00:00:00+00:00,18,1.0507,0.6683,1.0,60,221555.6899,-26345.583,0.3317,26,73479.4558,7412.818599,75869.394,72206.8401,-3662.5538,60,221555.6899,16,16995.607298049294,1276.29415849718,0.000633,-63.2242,-0.5168,0.458256,-0.3716,1.1087,0.025816,-0.020022,-0.0491,-0.7333,0.089782,0.038114,-0.231,0.817664,-0.003301,-0.051214
2022-12-04 00:00:00+00:00,14,1.3501,0.4201,1.0,57,416053.1329,-21063.4347,0.5799,33,241269.0226,15024.269139,100412.4146,74371.6957,-26040.7189,57,416053.1329,10,17021.862930801097,1262.2127749212905,0.000805,-17.1566,-0.5435,0.354436,-0.0744,1.4066,0.035949,0.041008,-0.1128,-1.3412,0.100035,0.033867,-0.5205,0.858874,0.04121,0.061783
2022-12-05 00:00:00+00:00,8,0.1643,0.3363,1.0,69,540983.5833,9531.7656,0.6637,52,359025.6808,12857.804458,25675.9937,156281.9088,130605.9152,69,540983.5833,9,17195.021540870017,1282.9392697394092,-0.001094,229.2506,-0.2582,0.266012,1.0927,0.1507,0.095118,0.017558,0.2657,0.0928,0.37414,0.093359,-0.9967,0.874111,0.015237,0.053145
2022-12-06 00:00:00+00:00,15,0.0924,0.611,1.0,70,1077554.2563,84181.1241,0.389,50,419205.8067,70294.153859,55684.6547,602663.7949,546979.1402,70,1077554.2563,5,17000.29816417851,1257.9117976028265,-0.000348,134.0558,-0.0883,0.47522,1.2536,2.7461,0.299854,0.028406,0.0829,0.5354,0.646245,0.299842,-0.0963,0.908262,0.034152,0.090598
2022-12-07 00:00:00+00:00,9,2.2442,0.5168,1.0,66,1707713.4833,27455.9269,0.4832,31,825182.3224,46753.777484,610500.9104,272030.2506,-338470.6597,66,1707713.4833,26,16894.80815718743,1241.8306438497116,0.000679,55.03,-0.0156,0.460531,0.7397,2.6912,-0.111155,-0.029639,0.0321,0.6935,-0.246036,-0.11142,-1.026,0.936191,0.027929,0.077317
2022-12-08 00:00:00+00:00,9,1.0004,0.2704,1.0,67,480743.1201,34220.954,0.7296,52,350765.0464,9955.081169,65000.9884,64977.0853,-23.9031,67,480743.1201,6,16929.862316399023,1246.582434256402,0.000432,-20.6039,-0.0379,0.250475,-0.3019,2.2913,-0.032271,0.005588,-0.089,0.1966,-0.109865,-0.024972,-1.1175,0.864278,-0.071913,-0.009833
2022-12-09 00:00:00+00:00,9,0.2295,0.5207,1.0,62,461546.2126,65715.642,0.4793,37,221196.1919,9211.356703,44863.8731,195486.1476,150622.2745,62,461546.2126,16,17196.2772524568,1277.7078030346336,-0.002196,1685.7392,1.9979,0.51798,9.8479,12.1859,-0.166345,-0.224804,-1.0382,-4.7506,0.287595,0.076433,3.1002,0.682687,-0.181592,-0.225576
2022-12-10 00:00:00+00:00,10,11.9877,0.501,1.0,50,231999.9122,52191.9006,0.499,36,115773.1704,8664.099244,107277.743,8948.9988,-98328.7442,50,231999.9122,4,17164.446406071544,1268.2728749408,0.001709,-1671.4037,-0.0633,0.445884,-9.1634,3.3942,-0.055734,0.224374,0.5589,-2.0266,-0.092348,-0.037715,0.4325,0.823385,0.140699,-0.112806
2022-12-11 00:00:00+00:00,11,2.9873,0.4102,0.9736,43,145861.9371,51536.7242,0.5898,27,88365.0688,6159.574779,46038.3002,15411.3466,-30626.9536,47,149814.7155,9,17164.88410019808,1272.7311945757915,0.000767,9.4337,-0.0543,0.285795,-0.5768,2.8918,-0.086755,-0.091087,0.0306,-1.8316,-0.251092,-0.058387,-0.0761,0.777329,-0.046056,-0.086949
2022-12-12 00:00:00+00:00,18,0.2614,0.4451,1.0,81,560894.1557,53763.0727,0.5549,49,311233.9796,13585.67474,51734.9106,197925.2655,146190.3549,81,560894.1557,14,17003.04624754033,1253.7564967100786,-0.001388,123.2432,0.0936,0.338667,2.8104,4.6095,0.097651,0.03281,0.119,-1.2726,0.346186,0.106653,1.6557,0.863556,0.086227,0.180869
2022-12-13 00:00:00+00:00,27,0.7084,0.4963,1.0,134,1198947.0011,-9870.839,0.5037,86,603937.469,11052.679565,246733.887,348275.6452,101541.7581,134,1198947.0011,21,17453.087273113175,1294.4429181128423,-0.001348,157.6321,0.2778,0.416572,-1.0821,2.2738,0.08824,0.069078,0.4527,0.7809,0.215446,0.084078,0.1021,0.859605,-0.003951,0.03622
2022-12-14 00:00:00+00:00,18,0.551,0.4977,1.0,84,700681.9493,52905.7802,0.5023,52,351945.6198,10634.410527,123885.3275,224851.002,100965.6745,84,700681.9493,14,17881.643469033614,1324.5021435381282,0.000688,-245.3429,-0.0272,0.387149,-1.4721,0.062,0.090891,-0.013639,-0.0982,0.3102,0.244594,0.088924,-0.0847,0.862531,0.002926,0.085202
2022-12-15 00:00:00+00:00,15,0.5737,0.4324,1.0,79,552458.6228,62151.579,0.5676,53,313602.5605,10471.697521,87079.6868,151776.3754,64696.6886,79,552458.6228,11,17587.892030892413,1282.6514611630894,4.2e-05,184.7409,0.1898,0.344252,1.0492,1.4131,0.0669,-0.000997,0.0021,0.3038,0.205987,0.066479,-0.0984,0.864999,0.002468,0.001443
2022-12-16 00:00:00+00:00,18,1.2484,0.3192,1.0,95,1164619.2602,34767.9801,0.6808,69,792892.7749,11427.728688,206394.7013,165331.784,-41062.9173,95,1164619.2602,8,17120.27787716642,1230.7625983426876,-0.000843,69.2504,0.2604,0.299126,1.0136,-7.4213,-0.007028,-0.009451,-0.043,0.0796,-0.028953,-0.008224,1.3474,0.901936,0.036937,0.042331
2022-12-17 00:00:00+00:00,23,1.128,0.7,1.0,69,510745.4655,45743.422,0.3,32,153201.4788,12553.629089,189522.3189,168021.6678,-21500.6511,69,510745.4655,14,16704.163760491927,1178.2761904339536,0.000719,-460.2648,-0.3307,0.525427,-3.1943,-1.4522,0.048006,0.000622,0.0767,0.446,0.088239,0.044164,-0.0889,0.849254,-0.052682,-0.013277
2022-12-18 00:00:00+00:00,11,0.2948,0.4612,1.0,47,312392.2059,61327.3803,0.5388,28,168320.1039,9599.393265,32805.6739,111266.4281,78460.7542,47,312392.2059,8,16737.151639300282,1183.7529344878972,0.001166,9.3833,-0.3276,0.332696,-0.1114,-0.9868,0.121606,-0.014715,0.1683,1.239,0.387331,0.119894,-1.5742,0.842851,-0.006403,-0.022148
2022-12-19 00:00:00+00:00,15,0.5315,0.4959,1.0,64,397703.1669,49061.7807,0.5041,37,200499.7689,8414.300401,68436.1199,128767.278,60331.1581,64,397703.1669,12,16689.20743929555,1180.7642775979496,-0.000641,59.2179,-0.2586,0.357021,0.5234,-3.2738,0.018395,0.031042,-0.1342,0.5909,0.062164,0.020587,-1.255,0.843832,0.00098,-0.058105
2022-12-20 00:00:00+00:00,18,1.4346,0.5458,1.0,79,745721.1282,24175.7517,0.4542,50,338674.5584,14936.612565,239853.5076,167193.0622,-72660.4454,79,745721.1282,11,16791.55682900851,1207.0495311017123,-0.001274,142.1925,-0.0846,0.456509,0.5638,-1.6279,-0.03924,-0.011144,0.0653,0.8902,-0.08655,-0.037902,-0.7158,0.879538,0.035707,0.030284
2022-12-21 00:00:00+00:00,10,4.8862,0.1772,1.0,64,514486.4721,1154.8297,0.8228,49,423334.3465,9113.990473,75666.4523,15485.6733,-60180.779,64,514486.4721,5,16836.142931376737,1212.8545690795977,0.000706,-70.1772,-0.1843,0.20956,-0.7675,-0.9233,-0.079407,0.026663,-0.2152,-0.1303,-0.406755,-0.077233,-0.7276,0.858407,-0.021131,0.015556
2022-12-22 00:00:00+00:00,12,2.1168,0.2397,1.0,64,325874.9592,-12086.1898,0.7603,44,247757.8988,5500.206395,53053.7541,25063.3063,-27990.4477,64,325874.9592,8,16785.778148916354,1209.2878411712431,0.000562,-63.8678,-0.2785,0.248118,0.7285,-1.244,-0.059953,-0.020724,0.1055,0.3675,-0.250877,-0.056681,-0.5771,0.84208,-0.016327,-0.001751
2022-12-23 00:00:00+00:00,12,0.8699,0.3214,1.0,61,829326.1985,-3569.686,0.6786,38,562774.499,15899.562603,123999.5452,142552.1542,18552.609,61,829326.1985,11,16838.9738085979,1220.8486888752684,-0.000282,-89.1006,-0.4123,0.322339,-1.875,-4.1326,0.012028,-0.01053,0.0618,0.6469,0.045713,0.014125,-0.2294,0.905966,0.063886,0.026428
2022-12-24 00:00:00+00:00,9,1.6566,0.269,1.0,36,108354.7154,-1527.276,0.731,22,79207.4032,3464.913824,18175.5468,10971.7655,-7203.7813,36,108354.7154,5,16837.429466484933,1219.7467059714284,0.00181,-229.9027,-0.7276,0.214255,-1.3206,-2.2589,-0.046363,-0.021805,-0.1024,0.159,-0.220803,-0.041047,-1.3757,0.786891,-0.119075,-0.071516
2022-12-25 00:00:00+00:00,10,4.4874,0.6327,1.0,36,147540.1401,-21211.6395,0.3673,18,54184.9701,8106.49399,76342.4799,17012.69,-59329.7899,36,147540.1401,8,16823.533325792505,1217.1600384079595,0.00094,-66.7108,-0.8159,0.465847,-0.5049,-2.6524,-0.067329,-0.003125,-0.1195,-0.4046,-0.145227,-0.0643,-1.8343,0.828582,0.041691,-0.013498
2022-12-26 00:00:00+00:00,8,0.189,0.3896,0.9751,50,196152.9223,-22193.9815,0.6104,38,122784.2329,7771.982946,12456.6605,65911.4244,53454.7638,55,201152.3179,9,16850.745986845133,1218.8362599988034,-0.001519,80.6159,-0.6987,0.267112,0.4241,-2.7518,0.059721,0.016022,0.1271,0.1924,0.274527,0.065927,-0.9805,0.80225,-0.026332,-0.103715
2022-12-27 00:00:00+00:00,19,2.2121,0.2667,1.0,72,219631.9285,-14971.9272,0.7333,44,161051.4598,3109.393202,40343.2672,18237.2015,-22106.0657,72,219631.9285,9,16809.530592552193,1217.577579584701,-0.000582,358.3551,-0.227,0.232362,3.0824,-0.2332,-0.070792,-0.001002,0.082,0.5795,-0.31273,-0.063817,-0.7734,0.802289,3.8e-05,0.015398
2022-12-28 00:00:00+00:00,14,5.023,0.244,1.0,67,337829.6752,-14238.8576,0.756,49,255413.2942,6826.816768,68732.8362,13683.5447,-55049.2915,67,337829.6752,4,16638.733622351407,1196.799529411102,-0.00034,120.1106,-0.0727,0.241721,0.6687,1.203,-0.081152,0.014817,0.0344,0.7332,-0.351033,-0.077241,-0.2694,0.837347,0.035058,0.008765
2022-12-29 00:00:00+00:00,10,0.9177,0.1426,1.0,65,352262.5464,-9932.4185,0.8574,49,302034.4767,6295.940755,24036.7218,26191.3479,2154.6261,65,352262.5464,6,16592.542999721893,1196.9240120716072,0.000191,48.4785,-0.0117,0.181396,1.0582,1.5327,-0.051837,0.00269,0.0134,0.8067,-0.295686,-0.046942,-0.9579,0.83986,0.002513,0.03761
2022-12-30 00:00:00+00:00,7,0.8646,0.4002,1.0,63,540201.1765,-10339.9156,0.5998,51,324034.4048,12098.678706,100233.3212,115933.4505,15700.1293,63,540201.1765,5,16551.23757315942,1195.238231912516,0.000137,75.8219,0.0748,0.344926,0.2041,3.6119,0.024874,0.001436,-0.068,0.4846,0.092113,0.029897,-0.911,0.865912,0.026052,0.063623
2022-12-31 00:00:00+00:00,4,0.8874,0.2393,1.0,53,512851.0006,-8265.272,0.7607,44,390151.1569,10833.311838,57690.5598,65009.2839,7318.7241,53,512851.0006,5,16573.358165052243,1198.8070297454626,0.000785,-123.1345,-0.1089,0.279982,-0.3495,4.583,0.023626,-0.000395,0.0603,0.7706,0.107878,0.028211,-1.4169,0.870243,0.004331,0.032897
2023-01-01 00:00:00+00:00,6,2.1454,0.1311,1.0,45,159862.7433,-880.0079,0.8689,34,138902.1161,5288.107763,14296.7842,6663.843,-7632.9412,45,159862.7433,5,16559.987771017095,1197.2154555125956,0.00163,-177.0204,-0.3496,0.194337,-1.7091,3.3789,-0.061218,0.003665,0.0485,1.0834,-0.331306,-0.054769,-2.6354,0.781285,-0.088958,-0.058575
2023-01-02 00:00:00+00:00,15,2.3125,0.1737,1.0,56,219263.8432,-10672.225,0.8263,33,181178.1641,9060.425991,26588.2177,11497.4615,-15090.7562,56,219263.8432,8,16686.503010708373,1211.167918820006,-0.00245,171.7023,-0.1207,0.216071,1.2989,4.2537,-0.070759,-0.00515,0.046,1.3087,-0.343867,-0.064479,-1.3787,0.798612,0.017327,-0.0673
2023-01-03 00:00:00+00:00,13,1.4213,0.264,1.0,63,163715.7406,-8588.7559,0.736,41,120487.1447,1783.104851,25375.1889,17853.407,-7521.7819,63,163715.7406,9,16690.377083199997,1213.685262179764,-0.00013,229.1332,0.184,0.211951,2.3941,3.5654,-0.065206,0.010429,0.0085,1.3284,-0.326179,-0.059059,-0.846,0.777158,-0.021454,-0.093085
2023-01-04 00:00:00+00:00,21,1.2376,0.2348,1.0,88,931915.2472,-4043.3615,0.7652,57,713141.7044,18880.999487,121002.5368,97771.0059,-23231.5309,88,931915.2472,10,16826.614856651697,1247.5529277919773,-0.000644,164.5248,0.3954,0.280144,0.5299,3.4266,-0.03603,-0.013084,-0.1236,0.6984,-0.114828,-0.030149,1.2949,0.877903,0.100745,0.096618
2023-01-05 00:00:00+00:00,12,0.5439,0.408,1.0,65,459065.2462,3552.283,0.592,46,271783.2337,11067.327368,65978.9373,121303.0753,55324.138,65,459065.2462,7,16833.309516302168,1251.7403373496566,-0.000442,115.7821,0.5372,0.308819,2.599,4.9674,0.01764,-0.061797,-0.3745,-1.1497,0.116288,0.032458,2.7831,0.852502,-0.025401,0.05389
2023-01-06 00:00:00+00:00,19,3.4288,0.3703,1.0,74,362486.4301,-9205.3768,0.6297,46,228274.7609,6982.880288,103907.5793,30304.0899,-73603.4894,74,362486.4301,9,16826.645104634837,1255.1818818254217,0.000283,-68.6236,0.4399,0.333537,-1.9348,2.8285,-0.064085,0.054946,0.4205,0.9087,-0.191481,-0.059475,-0.266,0.831209,-0.021293,0.05405
2023-01-07 00:00:00+00:00,9,0.8774,0.1621,0.9309,36,136832.5446,-10028.596,0.8379,33,123160.183,4241.131278,11135.3383,12691.5276,1556.1893,47,146987.0489,5,16942.359179756757,1265.586280762738,0.001376,-503.8674,-0.2332,0.147055,-3.9316,-0.7536,-0.014037,-0.018205,-0.1632,0.0741,-0.054872,-0.006261,-0.438,0.73259,-0.098619,-0.145313
2023-01-08 00:00:00+00:00,13,1.22,0.3389,1.0,41,382524.9517,-10774.0169,0.6611,24,252871.3408,18944.278509,71252.2493,58401.3617,-12850.8876,41,382524.9517,4,16949.897131557726,1265.0759908116536,0.000262,294.9782,0.2103,0.344346,4.2749,5.2304,0.036386,-0.104949,-0.5938,-2.8669,0.125713,0.040844,0.287,0.851776,0.119187,-0.000725
2023-01-09 00:00:00+00:00,27,0.9345,0.3367,1.0,88,465994.1819,-7859.0074,0.6633,51,309080.9414,7146.554269,75799.4649,81113.7756,5314.3107,88,465994.1819,10,17235.032268060455,1317.308097836354,-0.002223,460.1325,0.8861,0.286164,1.0686,5.0,-0.057636,0.123836,0.5931,0.0665,-0.191093,-0.050098,0.7155,0.843822,-0.007954,0.012613
2023-01-10 00:00:00+00:00,11,0.5602,0.2918,1.0,73,443322.5006,-1575.9922,0.7082,53,313971.4082,7632.163551,46445.884,82905.2084,36459.3244,73,443322.5006,9,17290.001847992517,1330.509031489935,0.000348,-156.4321,0.6533,0.255769,0.4352,3.0411,0.011819,-0.000128,0.1045,0.5742,0.06991,0.01642,0.4941,0.854092,0.01027,0.121502
2023-01-11 00:00:00+00:00,14,4.8454,0.3609,1.0,72,418853.5135,-12462.1841,0.6391,51,267701.9685,7550.709927,125293.2096,25858.3354,-99434.8741,72,418853.5135,7,17447.616962328517,1335.2015566396856,-0.00018,26.1936,0.6915,0.329111,-0.124,2.3872,-0.092985,0.003987,-0.0106,0.5087,-0.289686,-0.08872,-0.0354,0.83391,-0.020182,-0.017867
2023-01-12 00:00:00+00:00,27,1.1403,0.3844,1.0,99,811402.9147,-23287.0455,0.6156,59,499537.6913,15416.969109,166157.5575,145707.6659,-20449.8916,99,811402.9147,13,18344.162818182987,1404.8450279041456,-0.000274,-14.829,0.6611,0.328484,-0.6978,-0.9096,-0.011797,0.00181,-0.0373,0.3086,-0.015264,-0.004697,0.6755,0.863668,0.029758,0.019846
2023-01-13 00:00:00+00:00,13,0.8727,0.1796,1.0,83,843533.3499,-11301.8022,0.8204,59,692050.4529,23863.733456,70594.8418,80888.0552,10293.2135,83,843533.3499,11,19064.17510687284,1416.4831733896642,0.000122,363.9498,1.1638,0.207317,1.9902,3.0155,-0.014945,-0.016703,0.0854,0.7247,-0.057384,-0.010961,0.1805,0.891596,0.027928,0.037504
2023-01-14 00:00:00+00:00,31,1.9532,0.3812,1.0,107,938904.42,-28026.9389,0.6188,69,580990.483,18418.185649,236716.8522,121197.0848,-115519.7674,107,938904.42,7,20808.75495593243,1536.122363042164,-0.000114,-144.7124,0.9365,0.331205,-1.8411,5.106,-0.041908,-0.001083,-0.0989,0.2086,-0.112331,-0.034617,0.5631,0.870962,-0.020634,0.037052
2023-01-15 00:00:00+00:00,12,1.8288,0.3981,1.0,58,192130.8082,-29392.1984,0.6019,34,115651.6828,4414.443074,49443.4148,27035.7106,-22407.7042,58,192130.8082,12,20786.44535946133,1537.4910185312438,0.000692,-456.0626,0.2872,0.252201,-2.8534,-2.0223,-0.047687,-0.001705,0.0162,0.2918,-0.192677,-0.043973,-0.0285,0.801093,-0.069869,-0.062575
2023-01-16 00:00:00+00:00,15,0.5321,0.2956,1.0,73,626820.0516,-22069.6625,0.7044,37,441559.2232,24297.760662,64344.3833,120916.4451,56572.0618,73,626820.0516,21,21040.846463111564,1562.322499175243,-0.000542,306.7123,0.7297,0.282617,2.0728,-1.018,-0.002952,0.020811,-0.0324,0.1363,0.019648,0.005143,-0.3473,0.864631,0.063538,-0.026965
2023-01-17 00:00:00+00:00,16,1.8844,0.3982,1.0,67,741508.0959,-40213.3609,0.6018,38,446208.1729,24425.193165,192923.2435,102376.6796,-90546.5639,67,741508.0959,13,21192.66751595022,1571.422027339437,-0.000119,74.6871,0.8452,0.387047,2.2867,0.8335,-0.029069,0.006982,0.0221,0.2605,-0.06973,-0.025838,-0.0395,0.873832,0.009201,0.00287
2023-01-18 00:00:00+00:00,23,1.2062,0.3038,1.0,98,610184.3605,-28483.5066,0.6962,67,424827.8804,11179.300022,101341.1873,84015.2928,-17325.8945,98,610184.3605,8,21135.73517675431,1565.8997326013086,-9.3e-05,351.0671,1.378,0.261315,-0.7421,0.2154,-0.040817,0.045849,-0.1053,-0.2814,-0.146266,-0.035273,-0.2206,0.847971,-0.02586,0.046879
2023-01-19 00:00:00+00:00,12,3.8649,0.4776,1.0,67,620880.0636,-50506.8359,0.5224,52,324369.4057,18433.053192,235561.9271,60948.7308,-174613.1963,67,620880.0636,3,20842.961914485448,1531.1049501474502,0.00026,-557.7113,0.5899,0.457943,-2.7607,-1.8474,-0.060185,-0.045756,0.162,0.557,-0.130783,-0.057706,-0.7175,0.865883,0.017912,0.001252
2023-01-20 00:00:00+00:00,12,1.149,0.4487,1.0,75,611004.925,-54692.8973,0.5513,55,336874.3483,11929.298971,146569.8965,127560.6802,-19009.2163,75,611004.925,8,21262.711818272783,1570.6402366822929,0.000719,14.1766,0.6043,0.429965,0.7771,-3.0606,0.014266,0.000386,-0.0024,0.5365,0.044468,0.018275,-0.3201,0.865681,-0.000202,-0.00815
2023-01-21 00:00:00+00:00,12,1.1424,0.306,1.0,69,406517.9161,-39371.3319,0.694,44,282119.5288,11624.235372,66333.5986,58064.7887,-8268.8099,69,406517.9161,13,22886.41761582365,1653.7879470406704,-0.000268,-402.119,-0.0006,0.295225,-2.5483,-3.7678,-0.040994,0.01443,-0.0363,0.3441,-0.12339,-0.033751,-0.5443,0.848757,-0.016924,0.000786
2023-01-22 00:00:00+00:00,16,3.3335,0.3244,1.0,52,216365.8454,-41569.672,0.6756,30,146175.7084,5125.63174,53993.1111,16197.0259,-37796.0851,52,216365.8454,6,22833.3116163972,1631.6655221228689,0.001823,-172.1074,-0.2517,0.284136,-1.1293,-2.0437,-0.0742,-0.010935,0.0258,0.4713,-0.262697,-0.068557,-1.3716,0.829901,-0.018856,-0.035983
2023-01-23 00:00:00+00:00,16,1.7205,0.4604,1.0,56,521484.5143,-58736.231,0.5396,36,281374.4943,15806.287628,151851.9355,88258.0845,-63593.8511,56,521484.5143,4,22837.42718689506,1631.9601955614835,-0.000628,321.7126,0.2307,0.392324,1.0447,-3.0718,-0.022412,0.0273,0.0523,0.7364,-0.050187,-0.018843,-1.1513,0.87902,0.049119,0.013339
2023-01-24 00:00:00+00:00,11,0.7699,0.397,1.0,73,557362.859,-41691.135,0.603,53,336115.4625,9882.102565,96239.1441,125008.2523,28769.1082,73,557362.859,9,22989.457874946307,1624.837614948234,-0.001013,394.7784,0.8092,0.345346,2.6001,-2.7585,0.038338,-0.012587,0.0654,1.0558,0.127307,0.041827,-0.6353,0.871663,-0.007357,0.022906
2023-01-25 00:00:00+00:00,9,0.9598,0.2136,1.0,78,675540.0794,-38793.4849,0.7864,62,531233.7413,8654.952471,70674.3409,73631.9972,2957.6563,78,675540.0794,7,22691.339184657587,1554.9720966107575,0.00016,-196.5321,0.5074,0.258682,-0.3482,-2.3646,-0.034366,0.004526,-0.044,0.8143,-0.129453,-0.031479,0.0456,0.885941,0.014278,0.056041
2023-01-26 00:00:00+00:00,17,3.7271,0.2719,1.0,67,230198.9157,-19007.7884,0.7281,46,167600.8394,3588.769988,49355.6987,13242.3776,-36113.3212,67,230198.9157,4,23081.796374034348,1608.7264287697103,-0.000768,27.8701,0.5396,0.268026,0.3455,0.7416,-0.085567,-0.0188,-0.0298,0.6611,-0.326364,-0.080222,0.1626,0.827164,-0.058777,-0.051856
2023-01-27 00:00:00+00:00,21,1.0621,0.6809,1.0,65,510049.8332,-17785.653,0.3191,33,162770.4513,13133.378636,178866.8252,168412.5566,-10454.2686,65,510049.8332,11,22992.31765168031,1584.84727625133,0.000469,13.6199,0.5458,0.532733,-1.7195,-1.755,0.076327,0.00452,-0.0765,0.2721,0.153082,0.079053,0.4221,0.871544,0.04438,-0.000119
2023-01-28 00:00:00+00:00,17,2.7065,0.3833,1.0,69,215053.4021,-22026.2771,0.6167,39,132619.5125,3531.256581,60193.5339,22240.3557,-37953.1782,69,215053.4021,13,23041.141680149707,1586.3602581724454,0.00117,-555.9911,-0.2959,0.224886,-2.544,-1.7507,-0.075983,-0.003195,0.0803,0.682,-0.356389,-0.071758,-0.5006,0.805597,-0.065947,-0.080345
2023-01-29 00:00:00+00:00,20,3.1444,0.2994,1.0,56,207544.5202,-21219.5294,0.7006,31,145411.6831,3939.453171,47140.844,14991.993,-32148.851,56,207544.5202,5,23432.74513098286,1610.372471874327,-0.000314,394.2132,0.2958,0.281652,2.9629,2.3415,-0.117545,0.01366,-0.0076,0.6362,-0.437141,-0.112558,-1.0699,0.822565,0.016968,-0.004599
2023-01-30 00:00:00+00:00,11,1.3619,0.2731,1.0,74,759748.6329,-16677.3878,0.7269,51,552226.5117,24537.309367,119660.4907,87861.6305,-31798.8602,74,759748.6329,12,23339.25295372472,1603.1735079957975,-0.001372,-96.0453,0.1429,0.305328,-0.0893,1.2075,0.003151,-0.013527,-0.0624,0.3128,0.021903,0.006353,-0.1752,0.888322,0.065757,0.016778
2023-01-31 00:00:00+00:00,19,1.0633,0.4449,1.0,71,527962.0746,-21816.0265,0.5551,45,293057.3174,10606.474898,121053.0598,113851.6974,-7201.3624,71,527962.0746,7,22968.51980215845,1578.8789548542584,0.000293,669.5252,1.1267,0.368325,4.1945,2.8019,0.022847,-0.002293,-0.0125,0.2503,0.075689,0.02641,-0.1276,0.85778,-0.030542,0.052184
2023-02-01 00:00:00+00:00,12,2.0885,0.115,1.0,72,544102.1563,-25387.6187,0.885,55,481556.7511,22195.201019,42294.4473,20250.9579,-22043.4894,72,544102.1563,5,23164.972998194324,1589.5538524955073,-0.000391,127.8704,1.2932,0.176793,-1.977,1.1731,-0.053416,0.013036,0.0123,0.3134,-0.30828,-0.048213,-0.0273,0.856718,-0.001062,0.034153
2023-02-02 00:00:00+00:00,22,1.7846,0.2316,1.0,83,605349.3786,-25871.0258,0.7684,46,465173.2355,12466.883435,89836.6571,50339.486,-39497.1711,83,605349.3786,15,23847.64274031691,1673.2190967107704,-0.000275,188.0518,1.5334,0.26801,6.8132,7.6408,-0.096422,0.004806,0.0077,0.3533,-0.364824,-0.090244,0.3058,0.863824,0.007106,-0.024498
2023-02-03 00:00:00+00:00,11,0.932,0.5201,1.0,69,631552.0258,-22726.874,0.4799,45,303100.0518,16001.747454,158448.5898,170003.3841,11554.7943,69,631552.0258,13,23488.79157662177,1650.3200478632134,-0.000234,122.1612,1.6638,0.443091,1.1703,10.5306,0.064992,0.005197,0.1059,0.8777,0.16121,0.068682,0.1859,0.872446,0.008622,0.014665
2023-02-04 00:00:00+00:00,14,1.4512,0.136,1.0,54,420137.8371,-18807.3433,0.864,33,363007.2845,25493.049511,33823.5082,23307.0444,-10516.4637,54,420137.8371,7,23392.843704066963,1667.2123221502727,0.000426,-633.2748,0.7314,0.184829,-5.3919,7.6826,-0.04265,-0.025311,-0.1168,0.2857,-0.238828,-0.039428,0.4592,0.847314,-0.025131,-0.009404
2023-02-05 00:00:00+00:00,11,0.3965,0.2976,1.0,52,301244.5343,-8679.3587,0.7024,30,211589.8182,13471.729746,25453.8374,64200.8787,38747.0412,52,301244.5343,11,23209.348601069025,1651.8858736113318,9.1e-05,-276.2381,0.3262,0.23115,-3.5536,1.1661,0.036934,0.007652,-0.0636,-0.0339,0.198579,0.041573,0.5968,0.824806,-0.022509,-0.039018
2023-02-06 00:00:00+00:00,16,4.4058,0.4099,1.0,66,356948.1525,-17306.1996,0.5901,43,210626.2949,7336.405011,119254.302,27067.5556,-92186.7464,66,356948.1525,7,22912.04584763624,1634.0515959312197,0.000151,425.6743,1.07,0.337586,2.883,4.1384,-0.068675,0.008964,0.0771,0.3708,-0.202747,-0.06424,0.1153,0.837601,0.012795,-0.034845
2023-02-07 00:00:00+00:00,30,0.5527,0.5214,1.0,94,393376.2858,-7835.7256,0.4786,51,188270.5126,7330.960242,73006.9088,132098.8644,59091.9556,94,393376.2858,13,23017.661454675388,1642.7201039274894,-0.000649,768.4621,2.7123,0.281599,7.541,7.485,0.027003,0.004569,0.1055,0.9104,0.123715,0.03194,1.1983,0.81435,-0.02325,-0.032964
2023-02-08 00:00:00+00:00,10,0.6414,0.1912,1.0,74,640397.545,-864.9377,0.8088,56,517963.9681,18050.077139,47840.7753,74592.8016,26752.0263,74,640397.545,8,23116.687467426087,1667.8771499649852,-0.000404,220.3602,3.1472,0.213638,3.1796,12.6416,-0.014646,-0.010167,-0.0091,0.8701,-0.058091,-0.01144,0.6872,0.862426,0.048075,0.03762
2023-02-09 00:00:00+00:00,26,4.2086,0.4859,1.0,98,558576.9365,-19107.7385,0.5141,53,287162.5154,8694.96967,219305.5989,52108.8221,-167196.7768,98,558576.9365,19,22587.658042184717,1622.3644201327654,0.000628,192.5379,3.2723,0.388424,-1.0206,4.8079,-0.046487,-0.018882,0.014,0.9375,-0.122006,-0.044454,-0.8253,0.826506,-0.035919,-0.011094
2023-02-10 00:00:00+00:00,5,1.2341,0.6966,1.0,94,1241565.9902,-33702.9071,0.3034,30,376706.9897,27090.156796,477735.1932,387123.8073,-90611.3859,94,1241565.9902,59,21786.505357445923,1538.4937774447026,-0.000232,-1056.5539,1.3813,0.475761,-7.8027,-4.1651,-0.054664,-0.019325,-0.1033,0.4031,-0.113601,-0.052701,0.2616,0.912865,0.086358,0.098514
2023-02-11 00:00:00+00:00,10,1.3166,0.3313,1.0,47,393801.8932,-34747.8251,0.6687,34,263331.8145,20735.320597,74150.4843,56319.5944,-17830.8899,47,393801.8932,3,21719.1948889078,1521.926504421998,0.001281,-772.6409,0.028,0.325601,-6.561,-5.3342,0.02067,-0.004949,-0.0315,0.2518,0.074831,0.023075,-0.4156,0.865109,-0.047755,0.002684
2023-02-12 00:00:00+00:00,12,0.9511,0.2455,1.0,48,183757.1692,-40121.5406,0.7545,27,138636.2237,6093.904305,21994.9564,23125.9891,1131.0327,48,183757.1692,9,21889.37675621623,1534.8711282406157,0.000249,-84.7783,-0.1187,0.230123,-0.8669,-2.6475,-0.006468,0.018819,0.0094,0.2993,-0.018852,-0.003856,-0.6788,0.802148,-0.062961,-0.024359
2023-02-13 00:00:00+00:00,21,0.9522,0.5236,1.0,77,732297.2504,-25610.9672,0.4764,44,348901.5902,15135.454037,187004.1961,196391.464,9387.2679,77,732297.2504,12,21693.175621704675,1498.1439391399026,-0.001091,757.4482,1.1821,0.44192,7.118,1.5875,0.05615,0.030543,-0.0276,0.1531,0.137296,0.058057,-0.149,0.873881,0.071733,-0.038984
2023-02-14 00:00:00+00:00,30,0.907,0.4193,1.0,99,606766.0198,-32279.6329,0.5807,58,352365.23,14531.56539,120994.7471,133406.0426,12411.2956,99,606766.0198,11,21916.865714035768,1523.0688990852589,0.000821,3023.2864,5.2569,0.295687,-0.4294,-6.383,0.007281,0.016487,0.0224,0.2634,0.030099,0.008325,1.3612,0.847169,-0.026712,-0.017941
2023-02-15 00:00:00+00:00,24,4.422,0.3622,1.0,103,664610.7469,-57805.4437,0.6378,64,423885.6049,13361.193607,196326.8959,44398.2461,-151928.6498,103,664610.7469,15,22629.940533748,1576.7452501088412,-0.00197,-1586.9232,2.8095,0.350035,14.2934,4.7308,-0.085475,0.018128,0.1099,0.8147,-0.243505,-0.07958,0.5397,0.818637,-0.028532,0.016489
2023-02-16 00:00:00+00:00,36,1.3686,0.5183,1.0,120,632771.6593,-41211.155,0.4817,69,304829.9497,11280.841117,189489.2326,138452.4771,-51036.7555,120,632771.6593,15,24616.19354841772,1690.380441751153,0.00015,124.6105,2.8125,0.38829,0.7348,6.4862,-0.004449,-0.029905,-0.0118,0.7389,0.004357,0.001582,0.5582,0.808069,-0.010568,-0.065812
2023-02-17 00:00:00+00:00,22,1.5563,0.4706,1.0,84,275587.8288,-32298.6885,0.5294,41,145887.0116,4431.988569,78962.4688,50738.3483,-28224.1205,84,275587.8288,21,23995.983072548708,1670.725154894498,0.000225,-430.3385,2.1641,0.312734,-8.7235,5.5653,-0.039144,-0.019833,-0.0134,0.6566,-0.111457,-0.031571,0.2682,0.786068,-0.022001,-0.061101
2023-02-18 00:00:00+00:00,15,0.5985,0.3625,1.0,65,305183.1282,-25781.8899,0.6375,38,194563.0606,10604.205466,41416.6838,69203.3838,27786.7,65,305183.1282,12,24612.204546094614,1694.513146055412,0.000679,-889.3323,1.0002,0.246869,-4.647,7.4793,0.017042,0.010441,-0.0439,0.431,0.101908,0.022607,-0.6231,0.785637,-0.00043,-0.032999
2023-02-19 00:00:00+00:00,23,11.8738,0.5482,0.9325,57,250554.1535,-43716.1266,0.4518,44,121410.2678,8377.906046,135849.7587,11441.1347,-124408.624,76,268701.1611,9,24643.513909693287,1694.1351393721416,9.2e-05,-229.2587,0.6894,0.430825,-1.6887,6.6575,-0.055243,0.004126,0.1013,0.9419,-0.122602,-0.049367,-0.4234,0.751176,-0.034461,-0.056893
2023-02-20 00:00:00+00:00,18,1.3559,0.3054,1.0,88,441060.009,-47964.1233,0.6946,64,306376.4617,10500.806173,77516.128,57167.4193,-20348.7086,88,441060.009,6,24664.570973082,1697.0673147719335,2.2e-05,672.6962,1.5137,0.227776,5.1368,4.6763,-0.031868,0.006082,-0.0427,0.7176,-0.135495,-0.027607,1.0057,0.796315,0.045139,0.010248
2023-02-21 00:00:00+00:00,12,1.1228,0.3193,1.0,92,405197.337,-50806.1468,0.6807,75,275799.465,6092.222716,68440.3705,60957.5015,-7482.869,92,405197.337,5,24699.43413528521,1683.9792090833896,-0.000118,132.3304,1.6357,0.248444,1.8165,6.9223,-0.027374,-0.00939,-0.0661,0.371,-0.099045,-0.022322,0.7929,0.813276,0.01696,0.027638
2023-02-22 00:00:00+00:00,22,4.193,0.2749,1.0,89,734136.2311,-46830.8076,0.7251,58,532302.7636,24080.427828,162967.3717,38866.0959,-124101.2758,89,734136.2311,9,24036.03903193385,1634.7545996287206,0.000463,359.3166,2.0183,0.264275,2.3783,-4.9929,-0.064384,-0.001349,0.0033,0.3721,-0.250716,-0.061454,0.3272,0.843524,0.030249,0.092348
2023-02-23 00:00:00+00:00,18,1.0498,0.585,1.0,78,451805.3205,-40456.9126,0.415,49,187495.1883,9930.076498,135364.8111,128945.321,-6419.4901,78,451805.3205,11,24133.74461189653,1656.1554201696788,-0.000717,236.7926,2.2265,0.408548,2.7781,-2.9496,-0.005644,0.010323,-0.1644,-0.4899,-0.006488,-0.002526,1.3589,0.84507,0.001546,0.048755
2023-02-24 00:00:00+00:00,20,10.8128,0.4261,1.0,88,515824.1929,-62509.1232,0.5739,61,296020.0151,13734.813595,201196.8865,18607.2913,-182589.5951,88,515824.1929,7,23669.13657531369,1633.674661300689,0.000587,-742.7236,1.2965,0.300621,-6.2669,-0.493,-0.16583,0.006814,-0.0743,-0.8834,-0.575651,-0.161677,0.8375,0.844745,-0.000325,0.031469
2023-02-25 00:00:00+00:00,9,5.0189,0.0992,0.9723,57,314542.8699,-69539.941,0.9008,53,291422.9858,11113.823294,26761.1159,5332.0918,-21429.0241,66,323516.1934,4,23054.93672228316,1597.4001943096976,0.000662,-975.3886,0.0976,0.134415,-7.8092,-3.6552,-0.047816,0.000676,-0.0269,-1.0234,-0.387179,-0.044214,1.4237,0.827356,-0.017389,-0.016168
2023-02-26 00:00:00+00:00,13,1.4349,0.3837,1.0,54,408433.791,-55765.2279,0.6163,35,251735.7147,12638.066351,92341.8543,64356.2219,-27985.6324,54,408433.791,6,23253.73938047085,1607.6029425839588,0.000336,-54.248,0.0205,0.344338,-0.6198,-2.5863,0.009124,-0.008216,-0.0269,-1.1708,0.033188,0.01085,1.1273,0.849408,0.022052,0.004338
2023-02-27 00:00:00+00:00,14,0.7121,0.4619,1.0,79,735700.9306,-44694.2421,0.5381,55,395861.1895,15973.487354,141345.7744,198493.9666,57148.1922,79,735700.9306,10,23460.485532043207,1637.284810895162,-0.000879,250.6357,0.3144,0.399292,1.2178,-6.5053,0.070909,-0.023133,0.1037,-0.6318,0.194345,0.074436,0.459,0.877015,0.027607,0.03227
2023-02-28 00:00:00+00:00,11,1.4254,0.1635,1.0,91,348665.9505,-45053.7906,0.8365,72,291647.5855,4969.861196,33509.037,23509.328,-9999.7089,91,348665.9505,8,23379.49532054036,1629.2514754869117,-0.00057,122.2468,0.4513,0.173282,1.1218,-7.2001,-0.02625,0.000897,0.1897,0.3617,-0.150317,-0.022253,0.7847,0.802384,-0.07463,-0.024971
2023-03-01 00:00:00+00:00,19,2.7839,0.1225,1.0,83,458227.464,-31106.1485,0.8775,57,402086.4302,25951.857761,41304.4073,14836.6265,-26467.7808,83,458227.464,7,23604.032148913506,1646.6127675273228,0.000293,694.2334,1.2896,0.169757,4.2515,-5.3268,-0.045056,-0.014708,-0.0379,0.1653,-0.273111,-0.040287,0.3411,0.821803,0.019419,-0.027605
2023-03-02 00:00:00+00:00,26,1.544,0.5207,1.0,84,385121.8464,-36315.9052,0.4793,45,184571.193,9409.26437,121719.2204,78831.433,-42887.7874,84,385121.8464,13,23437.540401946044,1643.22676426359,-0.000263,-367.0131,0.8126,0.355144,-2.2508,-10.3558,-0.005785,0.007171,-0.1082,-0.4092,0.002102,0.000692,0.379,0.806223,-0.01558,-0.070792
2023-03-03 00:00:00+00:00,20,0.8633,0.4345,1.0,90,541068.7871,-7767.7297,0.5655,58,305965.5862,10203.690758,108927.7836,126175.4173,17247.6338,90,541068.7871,12,22457.68403957032,1574.1812744553783,-3.9e-05,210.8335,1.0542,0.339363,1.3234,-2.7654,0.047628,-0.000689,0.1017,0.1137,0.158241,0.050233,0.7938,0.840373,0.03415,0.037989
2023-03-04 00:00:00+00:00,5,1.4403,0.2495,1.0,52,228490.3629,-6175.769,0.7505,39,171485.6285,5155.424847,33645.0168,23359.7176,-10285.2993,52,228490.3629,8,22343.42955493706,1568.397739401086,0.000343,-661.1085,0.2067,0.198504,-3.4907,1.5531,-0.007899,-0.000738,0.0535,0.38,-0.02651,-0.004571,0.2361,0.79285,-0.047523,-0.028953
2023-03-05 00:00:00+00:00,6,0.7326,0.2796,1.0,51,126820.422,-1395.9775,0.7204,35,91361.1601,2297.078114,14993.1768,20466.0851,5472.9083,51,126820.422,10,22432.495889744063,1569.9158206935217,-0.000101,261.0118,0.5232,0.199749,1.4747,3.6477,-0.000807,-0.001381,0.015,0.4515,0.013863,0.00239,-0.0464,0.770379,-0.022472,-0.035844
2023-03-06 00:00:00+00:00,14,1.1836,0.4689,1.0,76,524295.8511,-12512.5686,0.5311,58,278437.4797,11287.838737,133263.1585,112595.213,-20667.9455,76,524295.8511,4,22431.82204295643,1566.995100982999,-0.000436,853.0216,1.5712,0.397004,9.6003,12.0302,0.044929,0.004921,0.0063,0.4804,0.130521,0.049338,0.5296,0.856741,0.086362,0.016368
2023-03-07 00:00:00+00:00,16,0.5863,0.3569,1.0,78,318989.8465,-6842.6148,0.6431,52,205145.6101,6611.521017,42077.1346,71767.1019,29689.9673,78,318989.8465,10,22355.921404127832,1565.7268852608668,-0.00022,-193.8801,1.2944,0.240325,-3.0027,7.9057,0.01234,0.00927,0.0343,0.6591,0.07645,0.016535,0.1623,0.804796,-0.051945,0.011946
2023-03-08 00:00:00+00:00,19,3.668,0.2512,1.0,73,474031.0585,-12782.2609,0.7488,47,354977.8492,11701.008993,93549.2563,25503.953,-68045.3033,73,474031.0585,7,22081.919795112248,1557.3348027840884,0.000271,84.7832,1.3675,0.224641,-0.8095,2.8447,-0.073517,0.008401,-0.0393,0.4402,-0.335112,-0.068864,-0.3794,0.846166,0.04137,0.075788
2023-03-09 00:00:00+00:00,22,1.4125,0.5419,1.0,95,535592.3716,-13745.4103,0.4581,51,245350.2711,7954.131293,169935.9671,120306.1334,-49629.8337,95,535592.3716,22,21455.31462552316,1520.5487509531802,-0.000516,324.9625,1.7498,0.38208,2.373,7.4686,-0.00308,0.005124,-0.0622,0.0513,0.00246,0.00089,1.0738,0.849639,0.003472,-0.007102
2023-03-10 00:00:00+00:00,26,1.0201,0.4103,1.0,112,745497.3024,-16645.014,0.5897,71,439619.48,8802.367244,154463.707,151414.1153,-3049.5917,112,745497.3024,15,19995.00545969552,1414.7456964520754,0.000454,-513.8807,1.0872,0.336398,-1.285,4.8602,0.021796,-0.002488,0.047,0.3556,0.074846,0.02344,-0.0593,0.848842,-0.000797,0.044046
2023-03-11 00:00:00+00:00,30,2.2577,0.5329,1.0,184,2091390.9372,-76644.0803,0.4671,138,976906.4839,31346.067754,772381.6083,342102.8451,-430278.7632,184,2091390.9372,16,20258.42187256559,1447.727246255862,-0.000797,6104.6385,6.3368,0.512988,30.1806,38.5315,0.032719,0.029289,0.1626,1.6165,0.074569,0.036074,-1.6769,0.84504,-0.003801,-0.001126
2023-03-12 00:00:00+00:00,19,2.2038,0.3329,1.0,102,865031.387,-92882.647,0.6671,75,577075.5863,16198.312609,198076.4297,89879.371,-108197.0587,102,865031.387,8,20652.88779384437,1486.4200343750342,0.001203,-6880.447,0.0061,0.340535,-40.4513,-3.3945,-0.035861,-0.048067,-0.2426,-0.3725,-0.10265,-0.032921,-0.1894,0.869463,0.024422,0.019824
2023-03-13 00:00:00+00:00,30,1.6413,0.3833,1.0,142,955960.9603,-102638.8977,0.6167,101,589562.5925,7153.21809,227680.0343,138718.3336,-88961.7007,142,955960.9603,11,22989.189939003933,1627.1804411883834,-0.000963,774.504,0.7048,0.322664,5.4127,-7.5821,-0.040018,-0.040017,-0.2507,-2.3864,-0.109986,-0.032805,2.085,0.8614,-0.008063,0.012558
2023-03-14 00:00:00+00:00,34,1.4902,0.4878,1.0,139,965056.7598,-120118.3143,0.5122,84,494349.4293,6906.123514,281686.6396,189020.691,-92665.9486,139,965056.7598,21,24844.87076101627,1705.0221533980691,0.000813,-63.6832,0.6311,0.383279,1.0859,-3.4935,-0.009636,0.033449,0.1952,-0.7781,-0.0063,-0.002254,0.8754,0.849039,-0.012361,0.003999
2023-03-15 00:00:00+00:00,30,2.1147,0.5757,1.0,108,909058.4148,-137155.5445,0.4243,62,385682.5136,7972.297161,355340.9079,168034.9932,-187305.9147,108,909058.4148,16,24730.817950675104,1682.5780243101262,-0.0003,-323.6681,0.3226,0.436064,-1.8897,-4.5736,-0.054632,-0.009699,-0.014,-0.883,-0.122128,-0.051247,0.9025,0.882351,0.033312,0.012889
2023-03-16 00:00:00+00:00,22,1.3642,0.5085,1.0,87,488407.1097,-135531.603,0.4915,53,240040.8593,7276.413254,143314.2468,105052.0036,-38262.2432,87,488407.1097,12,24797.808104227803,1663.3302659970998,0.000358,-333.098,0.0085,0.361316,-1.3654,-8.3121,-0.004485,0.024183,0.1172,0.0639,-0.000429,-0.000146,0.4182,0.840673,-0.041678,-0.020727
2023-03-17 00:00:00+00:00,20,2.6298,0.3065,1.0,108,628485.2706,-147451.5387,0.6935,82,435862.1773,5511.37968,139556.1176,53066.9757,-86489.1418,108,628485.2706,6,26395.556930728955,1730.1209788924832,-0.000328,61.4599,0.0536,0.295819,-0.8291,-7.8562,-0.060225,-0.017552,-0.123,-0.9275,-0.202429,-0.055197,0.47,0.844568,0.003894,-0.004472
2023-03-18 00:00:00+00:00,21,1.2815,0.5836,1.0,94,689556.2779,-93075.3269,0.4164,63,287130.7948,9331.019584,226035.3817,176390.1014,-49645.2803,94,689556.2779,10,27507.411891321022,1812.4989531504775,0.000256,-723.9754,-0.6268,0.460074,-6.6079,-44.6447,0.015668,0.000964,0.0251,-0.7057,0.052263,0.023007,1.2772,0.865014,0.020446,-0.017337
2023-03-19 00:00:00+00:00,12,0.4653,0.3528,1.0,62,275148.6111,-72557.6766,0.6472,42,178064.0125,5050.397038,30829.0526,66255.546,35426.4933,62,275148.6111,8,27570.616980650844,1798.750583535714,0.000884,2.0392,-0.6309,0.292394,-0.2034,-4.3969,0.02891,0.004472,0.0385,-0.3834,0.125812,0.034004,0.0695,0.836796,-0.028219,-0.003878
2023-03-20 00:00:00+00:00,20,2.2714,0.409,1.0,93,558493.8543,-72532.5721,0.591,60,330045.4546,6607.704605,158617.1845,69831.2152,-88785.9693,93,558493.8543,13,28059.64898826891,1777.99679909236,-0.001032,296.199,-0.3601,0.323668,2.6601,-7.1494,-0.068377,-0.002315,-0.0698,-0.9343,-0.20943,-0.064122,2.0615,0.87043,0.033634,0.025862
2023-03-21 00:00:00+00:00,24,1.6127,0.5157,1.0,86,492623.0908,-67804.9079,0.4843,51,238594.2862,6664.735823,156800.5519,97228.2527,-59572.2992,86,492623.0908,11,28153.01914588153,1781.9709361409114,0.000108,-200.0784,-0.5542,0.383436,-2.37,-10.6053,-0.059776,-0.005336,-0.0129,-1.0376,-0.150424,-0.054587,1.1973,0.851762,-0.018668,-0.013252
2023-03-22 00:00:00+00:00,23,0.7171,0.5079,1.0,100,1680053.9234,-20965.6432,0.4921,63,826807.9077,46866.758036,356338.5389,496907.4768,140568.9378,100,1680053.9234,14,28215.06088195372,1794.0284386894482,-0.000398,118.583,-0.4505,0.440384,0.257,-8.4586,0.075673,0.007515,-0.0154,-1.1431,0.182202,0.078173,2.1637,0.919776,0.068014,0.08298
2023-03-23 00:00:00+00:00,28,0.6384,0.6512,1.0,97,758265.9473,68.7518,0.3488,53,264481.1069,8494.569964,192403.1591,301381.6813,108978.5221,97,758265.9473,16,27944.353577611808,1783.305621770193,0.000254,289.1082,-0.188,0.434327,3.6258,-3.4674,0.054916,0.007521,-0.0172,-1.2539,0.141037,0.058528,2.0336,0.870505,-0.04927,7.6e-05
2023-03-24 00:00:00+00:00,18,1.1563,0.5136,1.0,81,707705.9318,8661.5311,0.4864,51,344249.4914,8711.255354,194898.0637,168558.3767,-26339.687,81,707705.9318,12,28136.62139691641,1793.6858260125946,-0.00037,54.1988,-0.151,0.395726,0.8089,-1.8294,0.018311,0.00289,0.0913,-0.518,0.051863,0.019703,1.7908,0.882542,0.012036,0.03078
2023-03-25 00:00:00+00:00,11,0.7117,0.1715,1.0,58,413150.9041,17458.9345,0.8285,44,342276.7559,9396.328745,29468.8024,41405.3458,11936.5435,58,413150.9041,3,27663.810360546613,1758.2123789216196,0.000195,-581.3869,-0.725,0.175863,-4.9992,-0.2208,0.013493,0.001985,0.0046,-0.495,0.086845,0.013721,1.3047,0.847068,-0.035474,-0.072708
2023-03-26 00:00:00+00:00,10,0.4097,0.4081,1.0,51,231964.6274,18060.961,0.5919,37,137296.9379,6827.357981,27513.5051,67154.1844,39640.6793,51,231964.6274,4,27837.685307838667,1770.3420574880608,-4.3e-05,-0.6868,-0.7382,0.259705,0.8509,0.8336,0.031927,0.009996,0.039,-0.1808,0.147112,0.034718,1.4234,0.808961,-0.038107,-0.061544
2023-03-27 00:00:00+00:00,16,1.5462,0.3988,1.0,83,618412.1567,23186.5332,0.6012,60,371793.5581,8159.96462,149762.7812,96855.8174,-52906.9638,83,618412.1567,7,27611.21849453589,1746.7314091352807,-5.1e-05,1051.4435,0.2778,0.336872,5.4413,3.6147,0.009203,-0.002526,-0.0125,-0.2759,0.03154,0.010024,2.0421,0.863365,0.054404,-0.019177
2023-03-28 00:00:00+00:00,21,1.3278,0.3674,1.0,78,519564.0467,27856.2635,0.6326,50,328653.9783,10319.524128,108897.1277,82012.9407,-26884.1871,78,519564.0467,7,27068.971921925564,1738.2710451741991,-6e-06,-56.7988,0.2101,0.321412,3.7679,9.7525,0.014488,0.022652,-0.1477,-1.4376,0.050427,0.015229,1.4619,0.85509,-0.008275,0.008022
2023-03-29 00:00:00+00:00,26,1.4209,0.4959,1.0,100,469737.4856,1989.3752,0.5041,62,236777.4711,7194.620796,136729.6477,96230.3668,-40499.2809,100,469737.4856,12,28079.24720292859,1799.956628253436,-0.000244,346.2573,0.5379,0.352281,2.7576,12.2531,0.01721,-0.017711,-0.0562,-1.8301,0.053241,0.017761,2.1847,0.812691,-0.042399,0.003729
2023-03-30 00:00:00+00:00,21,1.7906,0.4335,1.0,80,318641.3076,-19169.8621,0.5665,54,180502.6369,4585.483491,88637.4047,49501.266,-39136.1387,80,318641.3076,5,28418.55291299448,1795.2524865329376,-2.6e-05,221.7817,0.7408,0.307752,1.9917,10.6191,-0.055038,-0.03844,0.0431,-1.4534,-0.177278,-0.050523,2.7323,0.833838,0.021147,-0.029528
2023-03-31 00:00:00+00:00,10,1.007,0.3308,1.0,76,710459.9304,-15524.2378,0.6692,60,475449.8102,7892.889065,117915.2187,117094.9015,-820.3171,76,710459.9304,6,28228.77919191041,1811.9727448322608,0.000357,-541.1084,0.1915,0.291199,-5.4057,4.4044,-0.0314,0.012004,0.0748,-0.8508,-0.10551,-0.02938,1.9095,0.900815,0.066977,0.045725
2023-04-01 00:00:00+00:00,13,1.9156,0.4348,1.0,54,298208.0251,-23046.0226,0.5652,39,168549.3641,7040.985391,85187.3054,44471.3556,-40715.9498,54,298208.0251,2,28490.910901141844,1825.085339293454,-9.2e-05,-614.0747,-0.4326,0.338413,-4.7992,4.6045,-0.046735,0.013334,0.0126,-0.7347,-0.136989,-0.043576,1.0227,0.83131,-0.069505,0.018619
2023-04-02 00:00:00+00:00,13,4.4153,0.2042,1.0,52,201635.4526,-32418.4316,0.7958,35,160463.5715,3936.619263,33569.0323,7602.8488,-25966.1835,52,201635.4526,4,28339.352477892746,1812.0884838563863,0.001518,-126.0752,-0.5667,0.193087,-1.4136,2.3399,-0.053964,0.003459,0.0576,-0.267,-0.304655,-0.051445,0.4076,0.795886,-0.035424,-0.037952
2023-04-03 00:00:00+00:00,10,0.4159,0.4188,1.0,74,628545.636,-9344.5789,0.5812,49,365294.3713,7659.242889,77320.6299,185930.6348,108610.0049,74,628545.636,15,28020.84209334517,1798.9202608482738,-0.00127,873.9008,0.3035,0.322128,4.8418,1.7404,0.066303,-0.010124,0.0249,-0.0523,0.226361,0.069166,0.1954,0.87527,0.079385,-0.025544
2023-04-04 00:00:00+00:00,16,2.564,0.4448,1.0,85,466944.1728,-18524.8543,0.5552,58,259241.3905,5288.231167,149424.4486,58278.3336,-91146.115,85,466944.1728,11,28091.15978469224,1842.225513825252,6e-06,121.8731,0.4155,0.358941,3.6586,1.6312,-0.055114,0.015993,-0.0627,-0.5435,-0.148277,-0.05013,0.9488,0.853011,-0.02226,0.021701
2023-04-05 00:00:00+00:00,13,15.1827,0.5201,1.0,88,1062711.7811,-81946.7245,0.4799,70,509943.2291,49029.430031,518610.4621,34158.09,-484452.3721,88,1062711.7811,5,28367.216742517958,1907.6567147826677,-0.000654,532.114,0.935,0.638455,6.2299,5.1035,-0.038575,-0.003913,-0.0286,-0.8147,-0.056493,-0.035209,1.0975,0.892228,0.039218,0.096342
2023-04-06 00:00:00+00:00,11,4.7431,0.1707,1.0,72,442000.9735,-83379.5598,0.8293,57,366564.5897,5274.101769,62301.185,13135.1988,-49165.9862,72,442000.9735,4,28024.062296181208,1880.353101230768,0.000622,-610.3503,0.3085,0.219573,-5.3501,-2.2383,-0.030077,-0.013865,0.0383,-0.483,-0.13545,-0.027119,0.0476,0.847213,-0.045015,-0.028058
2023-04-07 00:00:00+00:00,7,4.8639,0.1067,1.0,57,228509.4021,-85557.2401,0.8933,49,204130.323,3852.715306,20221.579,4157.5,-16064.079,57,228509.4021,1,27955.870255488164,1862.8505473164944,0.000617,-507.8904,-0.2174,0.17202,-6.1797,-3.0123,-0.032138,-0.010877,-0.1165,-1.4241,-0.196996,-0.029348,0.771,0.811233,-0.03598,-0.041778
2023-04-08 00:00:00+00:00,5,0.1835,0.4671,1.0,45,193554.8488,-70831.3855,0.5329,33,103153.4536,5265.861927,14018.1814,76383.2138,62365.0325,45,193554.8488,7,28017.12261553108,1866.102545301802,0.000944,-317.3687,-0.5459,0.250689,-2.0821,-0.2953,0.103137,0.006855,0.0951,-0.8257,0.457805,0.105173,-0.756,0.804204,-0.007029,-0.088024
2023-04-09 00:00:00+00:00,16,12.096,0.5477,0.9863,46,142778.3059,-76719.4674,0.4523,28,65472.4601,4536.068447,73237.4557,6054.6988,-67182.7569,48,144764.6146,4,28035.38374735989,1848.5285552050084,0.000145,-42.4389,-0.5866,0.346539,-0.142,0.9763,-0.06073,0.03277,0.1122,0.2703,-0.175946,-0.056586,-1.0127,0.786418,-0.017786,-0.060795
2023-04-10 00:00:00+00:00,13,0.6478,0.4142,1.0,69,345770.303,-87862.1771,0.5858,47,202539.3303,5433.972219,56309.9678,86921.0049,30611.0372,69,345770.303,9,28593.627033438937,1868.8408808409288,-0.000703,372.4604,-0.2106,0.293931,2.3339,-1.5316,0.041164,-0.03906,-0.2149,-1.7879,0.172614,0.046952,0.029,0.838284,0.051866,0.027051
2023-04-11 00:00:00+00:00,13,1.3006,0.2834,1.0,79,342430.391,-76652.8626,0.7166,59,245387.7303,3707.770934,54861.787,42180.8737,-12680.9133,79,342430.391,7,30112.54047127729,1913.4588858210263,-0.000961,281.6792,0.0707,0.255998,1.1893,-4.0009,-0.012758,-0.038608,0.0143,-1.6042,-0.027837,-0.006491,0.8275,0.83609,-0.002194,0.031886
2023-04-12 00:00:00+00:00,22,0.3294,0.5953,1.0,81,886307.6975,30579.0522,0.4047,45,358684.8459,34014.460079,130725.9101,396896.9415,266171.0314,81,886307.6975,14,30032.673105306963,1890.4133595197973,0.000162,-395.8149,-0.3375,0.453313,-1.253,-11.4838,0.155077,0.032762,0.0356,-1.2369,0.362486,0.159074,0.2078,0.893455,0.057365,0.107037
2023-04-13 00:00:00+00:00,14,0.9241,0.3371,1.0,105,652352.5263,38842.0075,0.6629,72,432466.8703,6504.597169,105605.4776,114280.1785,8674.7009,105,652352.5263,19,30247.3380012235,1968.7518376994387,-7.9e-05,655.6189,0.3286,0.306868,7.9973,1.8637,0.002095,0.023015,-0.2169,-3.0814,0.017374,0.004937,-0.1199,0.841953,-0.051502,0.003669
2023-04-14 00:00:00+00:00,21,1.1684,0.4057,1.0,127,742473.2745,37795.8172,0.5943,85,441258.5774,5348.197192,162301.054,138913.6431,-23387.4109,127,742473.2745,21,30623.3450332619,2099.062291805431,-0.000859,-2.4913,0.3186,0.331191,-2.6022,5.4412,0.00742,-0.024793,0.0531,-2.4816,0.028474,0.008814,0.4805,0.840357,-0.001596,0.004267
2023-04-15 00:00:00+00:00,8,0.7267,0.3452,1.0,70,255548.0009,30881.4399,0.6548,50,167322.7998,4039.885468,37130.4049,51094.7961,13964.3912,70,255548.0009,12,30407.673336176,2097.9782973860024,0.00217,-546.255,-0.2485,0.282374,-4.1618,3.3615,0.022896,0.005162,-0.1033,-3.1453,0.096618,0.025264,1.2635,0.829016,-0.011341,-0.064439
2023-04-16 00:00:00+00:00,7,0.7989,0.2987,1.0,73,390988.674,42343.8678,0.7013,55,274208.6513,8320.341545,51862.8922,64917.1304,13054.2381,73,390988.674,11,30336.33193986756,2100.6023043907976,0.002077,216.673,-0.0311,0.253572,0.8779,4.3814,0.037217,-0.006867,0.2248,-1.2796,0.175521,0.040776,0.1567,0.827696,-0.00132,-0.014258
2023-04-17 00:00:00+00:00,11,1.4679,0.2594,1.0,83,495811.7639,34487.6455,0.7406,68,367210.8279,5919.215926,76491.7274,52109.2085,-24382.5189,83,495811.7639,4,29728.445817304186,2087.6901878050635,-0.003643,729.8118,0.7064,0.243011,7.4036,9.4511,-0.010093,0.015597,0.3019,1.1477,-0.028615,-0.006327,0.2604,0.843044,0.015349,0.002687
2023-04-18 00:00:00+00:00,7,0.4619,0.344,1.0,86,571199.5477,46631.771,0.656,64,374681.8486,6504.895102,62094.867,134422.8321,72327.9651,86,571199.5477,15,29938.80848363646,2092.7173705230352,-0.000893,1787.68,2.4294,0.286404,16.1983,24.4601,0.068469,0.010905,0.0914,1.824,0.262738,0.069936,0.723,0.839461,-0.003584,0.010445
2023-04-19 00:00:00+00:00,10,1.2004,0.6599,1.0,140,1129426.5093,-1089.6197,0.3401,47,384076.3648,18271.327746,406614.4239,338735.7206,-67878.7033,140,1129426.5093,83,29626.188818797888,2021.7175937919055,-8.4e-05,2160.4134,4.0781,0.460823,23.1271,48.8401,0.008074,0.007072,0.1588,2.9089,0.020299,0.009068,1.2113,0.887611,0.04815,0.059916
2023-04-20 00:00:00+00:00,21,1.8924,0.2946,1.0,113,956729.4875,-14752.8231,0.7054,82,674864.9955,7277.018191,184416.1076,97448.3844,-86967.7232,113,956729.4875,10,28687.818719780003,1949.3721845458,-0.000201,-595.5701,3.284,0.245161,-10.9701,29.8727,-0.039642,-0.003197,-0.086,2.1845,-0.159338,-0.036492,2.8885,0.870072,-0.017539,0.027027
2023-04-21 00:00:00+00:00,15,1.5425,0.264,1.0,112,948984.5226,-19047.9628,0.736,88,698479.9874,8384.438504,151978.962,98525.5731,-53453.3889,112,948984.5226,9,27981.24494900672,1907.937082593996,0.000904,-2689.3046,0.9973,0.236066,-21.4712,11.0037,-0.013949,0.002126,-0.2519,0.3341,-0.055462,-0.012216,-1.3618,0.848647,-0.021425,0.009186
2023-04-22 00:00:00+00:00,11,1.6083,0.3094,1.0,64,334819.1166,-24493.9569,0.6906,41,231241.012,4770.162969,63867.8358,39710.2689,-24157.5669,64,334819.1166,12,27431.54792423065,1862.2121553088425,0.002733,-235.0573,0.781,0.245801,-3.778,11.3876,-0.015968,-0.010524,0.0853,0.9504,-0.063662,-0.014395,-1.3944,0.821016,-0.027631,-0.066595
2023-04-23 00:00:00+00:00,13,2.4461,0.4526,1.0,55,389305.9055,-36920.8466,0.5474,36,213116.4389,10819.119456,125061.7284,51127.7382,-73933.9902,55,389305.9055,6,27599.50604560507,1864.933112893617,-0.001153,412.0585,1.1042,0.341217,5.4315,15.9412,-0.065462,0.005166,0.1495,1.9911,-0.196937,-0.063617,-1.1754,0.840633,0.019616,-0.029439
2023-04-24 00:00:00+00:00,11,1.0091,0.3252,1.0,75,487818.1108,-33540.3206,0.6748,58,329188.8822,6033.793285,79674.0326,78955.196,-718.8366,75,487818.1108,6,27498.567450233168,1849.2612578542155,-0.000332,275.4413,1.3049,0.260241,1.2987,9.8363,-0.005591,-0.003328,-0.0761,1.439,-0.009908,-0.002391,-1.035,0.850745,0.010113,0.002098
2023-04-25 00:00:00+00:00,15,8.7442,0.3849,1.0,95,549061.3093,-67867.4778,0.6151,73,337721.4462,7496.433342,189650.9993,21688.8638,-167962.1355,95,549061.3093,7,27502.68330988673,1832.1954071823395,-9.4e-05,-595.8378,0.7885,0.30351,-4.7086,-11.0707,-0.094426,0.006475,-0.1443,0.4144,-0.331422,-0.093584,1.0966,0.853589,0.002844,0.032573
2023-04-26 00:00:00+00:00,13,1.7248,0.3565,1.0,99,747169.2701,-68291.5127,0.6435,75,480825.8505,9756.793142,168595.1835,97748.2361,-70846.9474,99,747169.2701,11,28842.521607560902,1895.203279481425,0.000113,209.6367,0.943,0.316315,0.7502,-33.4476,-0.017072,-0.004045,0.0071,0.4697,-0.052548,-0.015605,1.6117,0.871102,0.017513,0.03047
2023-04-27 00:00:00+00:00,18,2.4842,0.4168,1.0,84,783475.3177,-75741.2961,0.5832,58,456895.9365,12394.070448,232847.7942,93731.5871,-139116.2071,84,783475.3177,8,29120.281127395167,1899.5887990319527,0.00082,-375.3427,0.6146,0.339961,-2.1558,-24.6333,-0.072056,-0.023762,-0.0492,0.1164,-0.22034,-0.071101,0.2044,0.883342,0.01224,0.032597
2023-04-28 00:00:00+00:00,10,2.6685,0.435,1.0,71,481763.4303,-81722.7839,0.565,50,272175.8758,6451.594198,152455.6792,57131.8753,-95323.8039,71,481763.4303,11,29340.21675571008,1903.109467484509,-0.001052,103.4594,0.6837,0.340454,0.798,-2.3641,-0.012603,-0.00541,0.0424,0.4267,-0.042461,-0.013644,0.0419,0.84938,-0.033962,-0.004209
2023-04-29 00:00:00+00:00,10,0.8374,0.3489,1.0,54,239695.4757,-77214.7352,0.6511,37,156077.1742,5238.256152,38109.7635,45508.5379,7398.7744,54,239695.4757,7,29317.350076954364,1902.209518155596,0.001832,-224.064,0.4807,0.242672,-1.8981,-0.4842,0.014557,0.005013,-0.0253,0.2505,0.075479,0.016525,-1.2617,0.797249,-0.052131,-0.073853
2023-04-30 00:00:00+00:00,14,1.6019,0.4857,1.0,59,282103.5752,-71180.3915,0.5143,38,145089.6176,6596.434464,84353.7709,52660.1868,-31693.5841,59,282103.5752,7,29357.88968641457,1906.1909121190815,-0.002496,795.5304,1.1278,0.356931,4.5608,-1.355,0.022524,0.021721,0.22,1.7915,0.069247,0.023264,0.3148,0.800315,0.003066,-0.083028
2023-05-01 00:00:00+00:00,19,11.2866,0.6093,1.0,92,1651024.6418,-191394.5167,0.3907,64,645056.9433,61231.562318,924092.706,81874.9925,-842217.7135,92,1651024.6418,9,28480.558049390413,1844.2042545675893,-0.001396,2500.773,3.0317,0.656835,29.7514,27.0977,-0.139996,0.012159,0.1933,2.9707,-0.21625,-0.139617,0.9355,0.903885,0.10357,0.054504
2023-05-02 00:00:00+00:00,11,3.9833,0.1973,1.0,86,547103.615,-176633.4546,0.8027,70,439137.3793,6486.828222,86300.4682,21665.7675,-64634.7008,86,547103.615,5,28262.56373309206,1844.3157436936651,6.5e-05,1688.8361,3.9352,0.22009,16.69,48.4964,-0.03191,-0.006407,-0.0471,2.5298,-0.155252,-0.030923,1.1095,0.81436,-0.089525,0.017111
2023-05-03 00:00:00+00:00,9,0.7086,0.2246,1.0,96,454392.9829,-164026.5315,0.7754,79,352358.9662,5262.070683,42316.2511,59717.7656,17401.5144,96,454392.9829,8,28557.74170694057,1867.9342486945989,5.6e-05,-820.4791,3.1126,0.207736,-10.736,37.0102,0.014588,0.001384,-0.1733,1.3776,0.100922,0.018365,1.2625,0.798329,-0.01603,-0.001986
2023-05-04 00:00:00+00:00,11,1.7171,0.3882,1.0,84,679440.7251,-154096.8279,0.6118,63,415682.3858,15482.847948,166683.3108,97075.0286,-69608.2822,84,679440.7251,10,29000.2176142898,1893.7858101346112,0.000451,160.1037,3.016,0.293309,1.8762,41.0422,-0.031995,-0.004816,0.0551,1.7013,-0.114451,-0.031665,1.3069,0.846204,0.047875,-0.05768
2023-05-05 00:00:00+00:00,32,0.6588,0.6827,1.0,125,740613.6061,-125621.1016,0.3173,61,234976.3215,15342.184262,200815.5021,304821.7825,104006.2804,125,740613.6061,32,29266.532725230736,1929.8480764735173,-0.00095,6536.5384,5.7111,0.447138,64.8145,105.0587,0.099999,0.003617,-0.0415,1.4077,0.239273,0.101627,2.7025,0.806947,-0.039257,-0.007412
2023-05-06 00:00:00+00:00,30,3.4457,0.5139,0.9826,127,944187.8716,-165490.0544,0.4861,94,467058.268,22796.745123,382769.4748,111085.5798,-271683.895,144,960913.3226,20,29163.48553854833,1933.050262152934,-0.000324,-327.0164,4.738,0.48618,-9.8156,97.1413,0.008669,0.004919,0.2615,2.868,0.022118,0.010329,5.4557,0.827155,0.020207,0.028825
2023-05-07 00:00:00+00:00,12,0.7218,0.3544,0.9862,85,280023.3053,-158639.2075,0.6456,67,183297.4124,4655.286419,42189.315,58451.6589,16262.3439,89,283938.3863,10,28925.256802964024,1909.580501305987,0.000752,-2722.3416,3.2617,0.234019,-21.9648,70.6157,0.028963,-0.012767,-0.0057,2.6868,0.148419,0.03035,0.8878,0.721203,-0.105952,-0.125002
2023-05-08 00:00:00+00:00,21,1.1987,0.4609,1.0,116,691518.3516,-42437.28,0.5391,78,372778.4212,9447.029401,173772.0755,144967.8549,-28804.2206,116,691518.3516,17,27981.957034127743,1858.6756745944972,-0.000437,-180.8729,2.9851,0.352059,-9.5455,31.3188,0.049603,0.013147,-0.174,1.6585,0.157462,0.052016,1.2686,0.801403,0.080201,-0.005544
2023-05-09 00:00:00+00:00,19,1.1354,0.5518,1.0,99,615780.4301,-36281.1856,0.4482,68,276010.1708,14015.603598,180656.1498,159114.1095,-21542.0403,99,615780.4301,12,27618.269797484667,1845.0202082493868,0.000501,-1765.7561,2.1916,0.385457,-14.4973,0.1315,0.031652,-0.006769,-0.0489,1.3627,0.092246,0.033755,1.1968,0.812175,0.010772,-0.01498
2023-05-10 00:00:00+00:00,9,0.9755,0.195,1.0,121,1064944.1079,-38398.7693,0.805,101,857228.0497,14930.049771,102568.8149,105147.2433,2578.4285,121,1064944.1079,11,27756.5518223526,1851.23881271409,-1.5e-05,296.6961,2.2156,0.213337,-0.1058,10.7617,0.024878,0.000409,0.0562,1.6463,0.134881,0.026495,1.9718,0.846083,0.033908,0.124881
2023-05-11 00:00:00+00:00,27,2.498,0.2172,1.0,143,696411.2038,-37710.0377,0.7828,110,545125.7629,5202.383169,108036.3008,43249.1401,-64787.1608,143,696411.2038,6,27310.887671586228,1815.6678660629168,-0.000218,355.7446,2.2534,0.195359,8.1421,17.0277,-0.024704,-0.003455,0.0963,2.1019,-0.129422,-0.022505,5.3984,0.809609,-0.036474,0.008205
2023-05-12 00:00:00+00:00,12,1.4898,0.3636,1.0,107,881806.2644,-61577.1893,0.6364,86,561216.0493,10570.37014,191826.998,128763.217,-63063.781,107,881806.2644,9,26527.090967758664,1775.5459706189413,0.000452,-3447.4672,0.9683,0.303864,-29.4531,-77.2399,-0.003226,-0.003481,-0.2749,0.6099,-0.003483,-0.001002,1.4936,0.853347,0.043739,0.041173
2023-05-13 00:00:00+00:00,11,1.1051,0.3673,1.0,66,229797.5605,-23367.3776,0.6327,51,145383.4341,4184.722098,44314.6696,40099.4568,-4215.2128,66,229797.5605,4,26836.218403900228,1802.4113631413916,0.000918,-2376.7321,0.0882,0.237537,-23.6358,-91.0601,-0.010292,0.012232,-0.1759,-0.3335,-0.035992,-0.007628,-0.0502,0.755472,-0.097876,-0.090611
2023-05-14 00:00:00+00:00,14,27.4619,0.5424,0.9513,45,196861.0481,-40599.0922,0.4576,39,94696.4203,7821.858364,108303.4331,3943.7746,-104359.6586,56,206943.628,3,26875.254631950967,1803.4547692875856,0.000367,-151.6632,0.0255,0.350392,-1.1139,-70.2092,-0.099296,0.01386,-0.0111,-0.3903,-0.300385,-0.097995,-0.5057,0.75765,0.002178,-0.051959
2023-05-15 00:00:00+00:00,8,1.4012,0.4235,1.0,78,537022.1498,-41911.7467,0.5765,62,309613.395,7662.477305,132700.7783,94707.9764,-37992.8019,78,537022.1498,8,27330.30000303278,1825.281496618767,-0.001016,1773.4039,0.6759,0.272646,9.6279,-51.0359,-0.028968,-0.009812,0.1492,0.4065,-0.107892,-0.027629,0.4823,0.848841,0.091192,-0.004506
2023-05-16 00:00:00+00:00,4,0.828,0.2231,1.0,82,447174.7587,-37493.9072,0.7769,73,347431.9436,6594.417545,45179.9895,54562.8256,9382.8362,82,447174.7587,5,27073.65465283544,1817.7982917949955,4e-05,-113.3154,0.6249,0.24063,6.4729,-30.0656,0.012062,-0.015213,0.0962,0.9163,0.064712,0.014376,0.0874,0.825228,-0.023614,0.069756
2023-05-17 00:00:00+00:00,6,0.4203,0.2616,1.0,81,456161.5485,-30905.3045,0.7384,69,336843.3786,6454.959832,35309.7611,84008.4087,48698.6475,81,456161.5485,6,27005.688858598038,1813.80575541863,0.000196,-415.1555,0.4662,0.217276,-4.3547,-34.3146,0.028092,-0.015639,-0.0461,0.6667,0.152627,0.03034,0.4427,0.826435,0.001207,0.068786
2023-05-18 00:00:00+00:00,12,1.4608,0.3442,1.0,82,358539.6902,-24950.9781,0.6558,62,235136.0982,6045.632785,73255.2339,50148.3581,-23106.8758,82,358539.6902,8,27176.47410735562,1815.7063310167343,-0.000564,35.0685,0.471,0.26048,-4.2441,-46.7008,-0.006288,0.009888,0.1056,1.213,-0.010752,-0.002566,0.1031,0.795009,-0.031426,-0.053833
2023-05-19 00:00:00+00:00,9,2.02,0.4053,1.0,64,485056.9505,-25427.9359,0.5947,47,288458.5539,11885.71873,131500.4414,65097.9552,-66402.4862,64,485056.9505,8,26865.693025325567,1809.033428248008,0.000166,-752.0179,0.1877,0.306701,-4.0408,-21.2885,-0.033034,-0.002246,-0.0962,0.6946,-0.106268,-0.030848,0.2403,0.834293,0.039284,0.009065
2023-05-20 00:00:00+00:00,3,1.6599,0.0927,1.0,59,258271.654,-25674.1867,0.9073,53,234332.6907,4251.814237,14938.9655,8999.9977,-5938.9678,59,258271.654,3,26929.759473640388,1814.9137851415248,0.001084,-1238.403,-0.271,0.151534,-10.4353,-8.0881,0.002176,-0.047201,-0.3518,-1.1415,0.035691,0.004664,-0.6232,0.784746,-0.049546,-0.041689
2023-05-21 00:00:00+00:00,7,0.1378,0.3206,1.0,59,286190.2943,-832.4699,0.6794,45,194437.7842,6975.058732,11110.0756,80642.4345,69532.3589,59,286190.2943,7,27000.25658133644,1813.6024555362608,-0.000173,36.1385,-0.2593,0.223971,-1.5447,-8.5189,0.088937,0.029611,0.1388,-0.4005,0.44464,0.090688,-0.3577,0.784025,-0.000722,-0.010984
2023-05-22 00:00:00+00:00,12,3.5489,0.4388,1.0,85,377326.8892,-8657.6619,0.5612,61,211766.9714,6237.420205,129164.5319,36395.3859,-92769.146,85,377326.8892,12,26819.056217907524,1812.2957293132404,-0.00102,1277.1265,0.2041,0.3389,9.5152,-8.6316,-0.030416,0.012105,0.2632,0.9719,-0.086531,-0.027426,0.1451,0.783943,-8.2e-05,-0.05035
2023-05-23 00:00:00+00:00,14,1.0376,0.1923,1.0,93,640820.2814,-10322.8537,0.8077,70,517612.2006,10934.430154,62740.7936,60467.2873,-2273.5063,93,640820.2814,9,27226.169853722637,1850.101324192144,-0.0002,681.7828,0.4469,0.192955,10.6777,-4.4268,-0.013014,-0.004056,0.05,1.2119,-0.060019,-0.010486,0.7078,0.809491,0.025548,0.024744
2023-05-24 00:00:00+00:00,15,0.6464,0.4199,1.0,102,487245.1507,-11003.7408,0.5801,78,282664.1961,7575.913717,80324.2585,124256.6962,43932.4377,102,487245.1507,9,26639.49752637088,1814.3967175351152,2e-05,-981.5364,0.0838,0.308812,-12.6318,-12.7039,0.040846,0.013419,-0.1016,0.6684,0.152026,0.043744,0.1625,0.791335,-0.018156,0.00731
2023-05-25 00:00:00+00:00,16,3.0207,0.4118,1.0,84,316585.3498,-17062.2373,0.5882,56,186222.6555,5181.894011,97939.5229,32423.1714,-65516.3516,84,316585.3498,12,26289.178692498976,1792.6592588712747,0.000143,-699.6793,-0.1761,0.281534,-4.7702,-13.2299,-0.03881,-0.011774,-0.0715,0.2825,-0.142362,-0.036717,0.1623,0.75331,-0.038025,-0.030633
2023-05-26 00:00:00+00:00,19,0.403,0.2653,1.0,106,817382.6944,5607.442,0.7347,65,600491.2778,9867.369617,62303.0737,154588.3429,92285.2692,106,817382.6944,22,26567.07754552837,1818.07500437892,-7e-05,-574.2569,-0.3925,0.223372,-3.9236,-13.1128,0.049021,0.003273,-0.0052,0.2404,0.251975,0.052016,1.8195,0.835721,0.082411,0.02623
2023-05-27 00:00:00+00:00,7,1.4497,0.2817,1.0,54,322987.9842,4070.2193,0.7183,42,232014.675,6535.612994,53836.4182,37136.891,-16699.5271,54,322987.9842,5,26726.53771378793,1828.3865282468496,0.001361,-619.651,-0.6239,0.250646,-5.7952,-8.4726,0.01097,-0.008656,-0.129,-0.4581,0.056459,0.013099,-0.1086,0.791726,-0.043994,0.000392
2023-05-28 00:00:00+00:00,13,1.9511,0.6533,1.0,63,332431.4607,-15861.5196,0.3467,37,115268.0707,10833.800174,143576.6016,73586.7884,-69989.8132,63,332431.4607,13,27277.28900341094,1848.800095595696,-0.000445,361.293,-0.4937,0.394713,3.5095,-3.4184,-0.031096,-0.008418,0.214,0.6692,-0.07646,-0.028815,-0.5087,0.801222,0.009495,0.047912
2023-05-29 00:00:00+00:00,12,2.5393,0.4675,1.0,77,524169.8772,-17835.1018,0.5325,55,279105.1479,10309.500475,175824.4752,69240.254,-106584.2212,77,524169.8772,10,27868.981379808367,1899.1500829764764,-0.001051,795.9341,-0.2051,0.354685,6.9883,-5.9453,-0.069854,0.001203,-0.0119,0.5979,-0.197764,-0.066817,0.6991,0.833729,0.032507,-0.001992
2023-05-30 00:00:00+00:00,13,1.0954,0.3082,1.0,80,386080.6422,-18284.5267,0.6918,60,267092.8103,5160.188865,62203.6562,56784.1756,-5419.4806,80,386080.6422,7,27787.90102913672,1903.052830173788,2.8e-05,1029.4957,0.17,0.276885,12.0524,-4.5706,0.014837,0.044287,-0.0279,0.4415,0.07464,0.019143,0.3991,0.812658,-0.021071,0.020932
2023-05-31 00:00:00+00:00,9,1.0274,0.1641,1.0,92,829417.3219,-24823.3166,0.8359,76,693307.666,8551.389844,68974.3738,67135.2821,-1839.0917,92,829417.3219,7,27233.374457006023,1873.6815803336324,0.000112,-767.9192,-0.12,0.193089,-11.3087,-3.2475,0.014881,-0.021823,-0.1114,-0.1607,0.092658,0.016546,0.6918,0.866255,0.053597,0.065033
2023-06-01 00:00:00+00:00,1,0.9407,0.0383,1.0,97,1051614.0598,-15288.2379,0.9617,94,1011386.2967,28066.450866,19499.2818,20728.4813,1229.1995,97,1051614.0598,2,26908.01411678296,1864.0745895542389,0.000292,77.8786,-0.0957,0.116624,2.8215,4.3442,-0.010834,-0.007061,0.2187,0.9925,-0.073491,-0.007601,-0.0743,0.884624,0.018369,0.050895
2023-06-02 00:00:00+00:00,5,0.6854,0.2392,1.0,100,664136.1306,-24235.5154,0.7608,84,505267.5995,6065.84858,64607.1023,94261.4288,29654.3264,100,664136.1306,11,27069.25400569745,1889.342659620184,4.5e-05,-751.1453,-0.3801,0.271462,-9.4264,-1.1586,0.034222,-0.041432,-0.3407,-0.8102,0.154022,0.039236,0.4629,0.866374,-0.01825,0.053716
2023-06-03 00:00:00+00:00,8,0.6154,0.4591,1.0,59,246640.8409,-17998.6733,0.5409,42,133400.2531,4548.756961,43141.1099,70099.4779,26958.368,59,246640.8409,9,27160.306632120035,1899.7608966692549,0.000959,-882.8612,-0.7083,0.315925,-6.1748,-1.5383,0.086692,0.025706,0.0528,-0.5215,0.302142,0.08947,-0.3079,0.782461,-0.083913,-0.083794
2023-06-04 00:00:00+00:00,13,0.4949,0.3778,0.9545,53,167452.9436,-4800.523,0.6222,42,109150.9026,4417.228622,21944.6801,44341.9184,22397.2383,61,175437.5011,6,27165.63751069074,1900.2407505580277,0.000651,-215.0246,-0.7811,0.235423,-1.9103,-6.958,0.026858,0.010413,0.039,-0.3086,0.141466,0.029922,-0.7134,0.751885,-0.030576,-0.132739
2023-06-05 00:00:00+00:00,15,5.4367,0.4105,1.0,106,1736889.7722,-59780.2521,0.5895,85,1023912.684,34946.29597,602209.7064,110767.3817,-491442.3246,106,1736889.7722,6,26489.64135096304,1853.544814474624,-0.001744,1391.4457,-0.2656,0.467694,5.8187,-8.1277,-0.038308,-0.032592,-0.1,-0.8225,-0.081569,-0.03721,0.9986,0.918012,0.166127,0.051638
2023-06-06 00:00:00+00:00,14,1.0378,0.423,1.0,95,1214538.5916,-60366.8925,0.577,66,700769.505,13041.584656,261647.5248,252121.5618,-9525.963,95,1214538.5916,15,26084.770202842472,1834.5506074194057,0.00018,-858.0007,-0.5815,0.378754,-2.4522,-22.6323,0.027809,0.032426,0.127,-0.1478,0.076159,0.027693,0.4439,0.891594,-0.026418,0.109133
2023-06-07 00:00:00+00:00,11,1.0426,0.1755,1.0,98,1088507.1317,-60672.5686,0.8245,71,897518.3436,10327.158793,97483.8064,93504.9816,-3978.8248,98,1088507.1317,16,26710.184982126422,1862.545858372233,0.000993,-357.9785,-0.7074,0.221286,-2.1611,-13.4847,0.013409,-0.000663,-0.0781,-0.5549,0.051616,0.010646,0.6536,0.888554,-0.003041,0.136669
2023-06-08 00:00:00+00:00,11,1.7547,0.2206,1.0,88,758605.942,-67398.4109,0.7794,70,591249.956,9410.362361,106603.8413,60752.1447,-45851.6967,88,758605.942,7,26480.027766206465,1844.2178142327248,0.00049,9.9622,-0.6995,0.251253,0.5379,-15.7683,0.009325,0.005569,0.1529,0.2505,0.033477,0.007765,0.1158,0.854138,-0.034416,-0.063875
2023-06-09 00:00:00+00:00,14,1.2459,0.5266,1.0,71,360583.6663,-74605.1777,0.4734,46,170701.656,6066.77009,105337.5256,84544.4847,-20793.0409,71,360583.6663,11,26520.34089694939,1840.881844895388,7e-06,-300.8796,-0.7939,0.3642,-1.9606,-8.3025,0.026729,-0.016312,-0.2479,-1.0338,0.080768,0.027638,0.0254,0.813706,-0.040432,-0.077888
2023-06-10 00:00:00+00:00,21,1.1721,0.2909,1.0,90,688342.5015,-80722.4047,0.7091,57,488135.0742,9128.634872,108034.8243,92172.603,-15862.2213,90,688342.5015,12,25860.186279005244,1765.8000336509256,-0.000286,301.1538,-0.6809,0.273691,0.8419,-1.2857,0.007785,0.019562,-0.0721,-1.3864,0.034873,0.008904,0.8657,0.865995,0.052289,-0.022559
2023-06-11 00:00:00+00:00,17,4.5992,0.6831,1.0,54,240480.2202,-99007.7905,0.3169,30,76200.2825,11323.42424,134940.2001,29339.7376,-105600.4625,54,240480.2202,7,25847.152206102328,1753.4608917821126,0.002218,-692.8607,-0.9315,0.386717,-3.7042,-3.0797,-0.14559,0.041657,-0.1863,-2.3099,-0.394423,-0.144361,-0.3292,0.811129,-0.054866,-0.043009
2023-06-12 00:00:00+00:00,12,1.9131,0.4413,1.0,86,660869.3718,-41860.5132,0.5587,67,369246.545,8764.812099,191517.1049,100105.7219,-91411.3829,86,660869.3718,7,25866.83689177355,1740.595398519522,-0.001735,26.6757,-0.9125,0.31641,-1.2138,-10.1122,-0.065342,-0.043262,0.3344,-0.5944,-0.21717,-0.065105,-0.1247,0.866372,0.055243,0.052666
2023-06-13 00:00:00+00:00,18,5.746,0.4218,1.0,85,586845.1943,-65376.3673,0.5782,58,339325.6362,8595.614576,210828.2501,36691.3079,-174136.9422,85,586845.1943,9,25987.08072088002,1742.9354542268177,0.000355,-60.3834,-0.9274,0.374444,-0.8331,-8.4931,-0.062886,-0.001779,0.0249,-0.4688,-0.172835,-0.061656,-0.3803,0.852118,-0.014254,-0.013877
2023-06-14 00:00:00+00:00,14,6.4393,0.5855,1.0,93,995738.0946,-125699.9686,0.4145,72,412767.0555,26521.158665,504607.5364,78363.5028,-426244.0336,93,995738.0946,7,25842.033086555948,1730.148150631832,-0.001058,567.9992,-0.7152,0.418298,3.8939,-2.4381,-0.230903,-0.026803,-0.0734,-0.8327,-0.566109,-0.229403,0.3128,0.878586,0.026467,0.067457
2023-06-15 00:00:00+00:00,16,0.645,0.3387,1.0,110,650101.6597,-112361.8778,0.6613,77,429931.7169,9009.420085,86327.5021,133842.4406,47514.9385,110,650101.6597,17,25086.281303588115,1647.1536232925284,-0.001188,-307.9963,-0.826,0.274941,-0.4739,-3.4498,0.044012,-0.010663,-0.0879,-1.2656,0.176489,0.045503,1.3818,0.847653,-0.030932,-0.018719
2023-06-16 00:00:00+00:00,14,3.89,0.5298,1.0,81,634546.4186,-137774.2274,0.4702,58,298374.6356,13425.180463,267425.6355,68746.1474,-198679.4881,81,634546.4186,9,25736.260712358253,1679.236589554126,0.000582,54.1514,-0.8075,0.364086,-1.5827,-3.072,-0.142178,-0.009789,0.082,-0.8433,-0.406303,-0.142064,0.8651,0.871401,0.023748,0.019283
2023-06-17 00:00:00+00:00,11,1.6416,0.3377,1.0,55,360893.1672,-139736.8354,0.6623,37,239016.2206,6457.616163,75738.7116,46138.2349,-29600.4767,55,360893.1672,7,26472.81673808458,1731.6085917111066,0.001338,-262.5691,-0.9046,0.274897,-1.8909,-5.8048,-0.012204,0.012615,-0.0689,-1.1733,-0.04155,-0.010775,-0.207,0.837187,-0.034214,-0.041398
2023-06-18 00:00:00+00:00,7,2.2256,0.4934,0.9077,32,175929.909,-129841.4169,0.5066,36,98189.7591,5918.048568,65978.4225,29645.8891,-36332.5334,51,193814.0708,8,26518.049178226425,1731.4668762656866,0.001454,-231.9838,-0.9863,0.334893,-0.6186,-2.7192,-0.015409,-0.070017,0.1041,-0.6502,-0.047157,-0.014801,-0.5371,0.776275,-0.060912,-0.071378
2023-06-19 00:00:00+00:00,13,0.5421,0.451,1.0,74,356841.3656,-109956.1191,0.549,46,195890.0637,5252.409165,56582.8001,104368.5018,47785.7016,74,356841.3656,15,26500.91424007641,1724.9491613198825,-0.001139,354.5646,-0.855,0.318761,2.4386,0.9332,0.065259,0.02244,-0.0174,-0.7368,0.224385,0.067337,-0.2926,0.822191,0.045916,-0.04921
2023-06-20 00:00:00+00:00,18,1.5062,0.4083,1.0,92,557088.589,-91642.4856,0.5917,57,329646.0711,6714.09021,136692.0129,90750.505,-45941.5079,92,557088.589,17,27159.35071912175,1742.782214545399,-0.000778,9.0917,-0.8507,0.315628,-1.3241,0.4422,-0.031782,0.013425,0.3283,0.8916,-0.097776,-0.029174,0.0142,0.842509,0.020317,0.005322
2023-06-21 00:00:00+00:00,20,1.1463,0.3815,1.0,108,742799.6863,-33510.748,0.6185,68,459425.4127,7515.775978,151348.0718,132026.2018,-19321.8699,108,742799.6863,20,29254.56541201678,1834.98941550436,-0.00067,245.6486,-0.7588,0.313189,2.0288,-1.4228,-0.014227,0.020366,-0.2239,-0.2391,-0.037585,-0.011195,0.8806,0.876492,0.033983,0.100217
2023-06-22 00:00:00+00:00,12,1.1296,0.2751,1.0,86,739658.2707,-42067.4346,0.7249,60,536159.256,7896.503451,107940.4412,95558.5734,-12381.8678,86,739658.2707,14,30113.412254776344,1898.9487868278256,-1.8e-05,-446.3659,-0.9191,0.260235,-2.1557,-3.1046,-0.01356,0.011374,0.0874,0.1941,-0.040393,-0.00992,-0.0149,0.877192,0.000701,0.055001
2023-06-23 00:00:00+00:00,19,1.1198,0.4757,1.0,87,408726.9047,-15254.4519,0.5243,49,214306.7066,5127.938722,102704.4035,91715.7945,-10988.609,87,408726.9047,19,30323.616092911223,1887.39499241753,0.000698,192.9665,-0.8487,0.337473,0.6204,-0.9015,0.011227,0.04668,-0.1466,-0.5429,0.045326,0.014371,-0.6582,0.820344,-0.056848,-0.022165
2023-06-24 00:00:00+00:00,6,0.9588,0.3929,1.0,59,344706.3174,-10618.3907,0.6071,39,209262.8429,6486.532616,66295.7613,69147.7131,2851.9518,59,344706.3174,14,30632.6794860112,1887.6816657055424,0.001731,-410.3239,-0.9978,0.330191,-2.7675,-1.7781,0.017478,-0.082145,0.225,0.5802,0.065534,0.020396,-1.022,0.821925,0.00158,-0.054567
2023-06-25 00:00:00+00:00,14,0.2615,0.6282,1.0,61,356348.0694,13292.1057,0.3718,35,132489.1378,15340.514028,46408.9953,177449.9363,131040.941,61,356348.0694,12,30632.19014144784,1900.2418253422447,-7e-06,-180.8573,-1.053,0.411015,-0.8238,-1.9832,0.162753,0.029951,-0.0578,0.2832,0.420504,0.165098,-1.3608,0.832592,0.010667,-0.044601
2023-06-26 00:00:00+00:00,10,1.5723,0.361,1.0,76,772074.5108,-2393.5798,0.639,48,493357.7686,11628.225088,170365.4195,108351.3227,-62014.0968,76,772074.5108,18,30299.5332134402,1876.5310404580723,-0.001105,115.1955,-1.001,0.314501,0.6281,-3.7937,-0.020512,0.048528,-0.1185,-0.3221,-0.065817,-0.019787,-0.9012,0.876368,0.043777,0.056024
2023-06-27 00:00:00+00:00,13,3.0111,0.2191,1.0,86,610785.8195,-5413.7516,0.7809,69,476989.2824,8691.882418,100439.6238,33356.9133,-67082.7104,86,610785.8195,4,30535.675810720204,1880.4585776605752,-0.001104,399.7195,-0.8468,0.236744,1.2755,-1.1941,-0.034944,-0.022737,0.1318,0.3285,-0.15321,-0.033542,-0.224,0.817364,-0.059004,-0.004561
2023-06-28 00:00:00+00:00,9,0.5742,0.2835,1.0,72,835164.5,6496.2161,0.7165,56,598384.6358,13533.443051,86365.9799,150413.8843,64047.9043,72,835164.5,7,30322.31541577033,1857.001283306412,-0.000453,149.1451,-0.7845,0.281313,3.4553,0.2324,0.063503,0.009278,-0.076,-0.0717,0.246053,0.065791,0.4681,0.875456,0.058092,0.042864
2023-06-29 00:00:00+00:00,7,1.5128,0.2799,1.0,70,538204.7313,3872.8277,0.7201,53,387553.5373,7853.798293,90698.3906,59952.8034,-30745.5872,70,538204.7313,10,30396.739159906505,1849.1357361502523,-0.000674,1352.1809,-0.2957,0.262021,10.8784,13.2665,-0.026054,0.006176,0.1639,0.7538,-0.100839,-0.024883,0.3217,0.845978,-0.029478,-0.030391
2023-06-30 00:00:00+00:00,18,1.3986,0.3228,1.0,112,773356.8161,-483.3869,0.6772,81,523752.3054,6300.931139,145543.3108,104061.2,-41482.1108,112,773356.8161,13,30556.18870794232,1887.65407909426,-0.000123,-312.0354,-0.4132,0.303376,-2.1884,10.4577,-0.036345,-0.021484,-0.147,-0.0103,-0.114677,-0.033184,0.7555,0.880492,0.034514,0.063128
2023-07-01 00:00:00+00:00,5,0.4441,0.4089,1.0,53,164592.4113,2809.93,0.5911,36,97298.5463,2695.170615,20694.3475,46599.5176,25905.1701,53,164592.4113,12,30508.374394358387,1922.156353478102,0.001377,-1274.2013,-0.8749,0.294833,-10.8268,2.3984,0.044997,0.001572,0.0018,-0.0057,0.188143,0.05044,-0.7322,0.764496,-0.115996,-0.11096
2023-07-02 00:00:00+00:00,14,1.9953,0.3976,1.0,48,208237.4636,-19840.7659,0.6024,30,125437.2455,4643.362263,55157.0742,27643.1438,-27513.9305,48,208237.4636,4,30536.077719076824,1917.9556060382256,0.00084,-263.839,-0.9609,0.301605,-2.0034,1.2188,-0.004841,0.024079,0.0081,0.0323,-0.008718,-0.002435,-1.3575,0.779505,0.015009,-0.066473
2023-07-03 00:00:00+00:00,11,0.3864,0.4677,1.0,73,491588.1446,3556.0995,0.5323,49,261660.0716,12481.769577,64082.0559,165846.017,101763.9612,73,491588.1446,13,30808.21575076213,1956.397495490116,-0.001222,608.2054,-0.735,0.33395,4.3154,4.906,0.075461,-0.008119,0.0585,0.3243,0.249009,0.078493,-0.1678,0.837758,0.058253,-0.042734
2023-07-04 00:00:00+00:00,15,1.4476,0.4434,1.0,71,262214.7415,10102.2552,0.5566,48,145952.6211,4166.296234,68760.8705,47501.2498,-21259.6208,71,262214.7415,8,30999.198994865408,1952.689221479567,0.002501,907.7569,-0.4041,0.287654,-0.952,2.6785,-0.032422,0.008836,-0.0919,-0.1593,-0.108933,-0.028535,-1.0616,0.780552,-0.057206,0.016056
2023-07-05 00:00:00+00:00,9,2.7742,0.3864,1.0,65,335976.0123,-7766.2246,0.6136,52,206146.0572,5224.9377,95430.7047,34399.2503,-61031.4544,65,335976.0123,4,30605.39515044705,1921.4291628296469,0.003861,2188.9215,0.3777,0.29897,34.2978,33.521,-0.08969,-0.004046,0.0666,0.1777,-0.288766,-0.077442,-2.2213,0.805613,0.025061,0.026108
2023-07-06 00:00:00+00:00,14,1.1839,0.4049,1.0,68,372858.186,-5189.8447,0.5951,42,221901.9832,5903.635163,81833.5652,69122.6376,-12710.9276,68,372858.186,12,30535.080724045303,1904.701383509925,-0.004427,-1057.4735,-0.0109,0.32614,-17.4221,5.2205,0.00446,0.011353,0.2278,1.3323,0.026705,0.008143,-1.5508,0.828182,0.022569,-0.009576
2023-07-07 00:00:00+00:00,11,1.4696,0.273,1.0,71,529594.0641,-3190.7021,0.727,49,385030.3825,9272.390747,86025.8971,58537.7845,-27488.1126,71,529594.0641,11,30192.94309589053,1861.941515122666,-0.003255,-879.6367,-0.3344,0.272077,-6.6193,0.7896,0.01247,0.022369,0.0659,1.6282,0.060211,0.015256,-0.5137,0.835417,0.007234,0.054864
2023-07-08 00:00:00+00:00,9,1.1015,0.2923,1.0,51,280854.1252,-7457.818,0.7077,32,198749.6043,8105.150388,43034.581,39069.9399,-3964.6411,51,280854.1252,10,30232.32475581834,1861.1705453601624,0.000781,-1308.4967,-0.8079,0.245651,-10.5306,1.0858,0.010964,-0.041175,-0.0983,1.1012,0.060062,0.013458,-0.7161,0.787204,-0.048213,-0.01841
2023-07-09 00:00:00+00:00,10,1.715,0.3866,0.9053,23,170760.5768,-6270.9154,0.6134,32,115692.2706,6399.168425,46067.4048,26861.7924,-19205.6124,47,188621.4678,5,30284.066239390737,1868.2278381278104,0.000591,-193.6898,-0.8731,0.283515,-1.5963,1.4928,-0.01685,0.02932,-0.0761,0.6957,-0.053664,-0.013877,-0.5064,0.758495,-0.028708,-0.069687
2023-07-10 00:00:00+00:00,10,1.3815,0.2321,1.0,71,315065.4113,-22482.4552,0.7679,56,241927.0439,4680.765742,42427.5924,30710.7751,-11716.8173,71,315065.4113,5,30266.38164105275,1867.9160362115945,-0.00013,445.1469,-0.7086,0.22897,2.5266,-0.296,-0.028752,-0.027765,-0.2235,-0.4653,-0.119327,-0.024746,0.2034,0.806313,0.047818,-0.029104
2023-07-11 00:00:00+00:00,9,1.147,0.2611,1.0,70,311348.7985,-20240.5659,0.7389,54,230067.6913,4844.960494,43423.7515,37857.3558,-5566.3956,70,311348.7985,7,30500.670861124567,1875.6802082917984,-0.00068,34.2972,-0.6953,0.238802,0.8314,1.4874,0.000446,0.004824,0.0294,-0.3239,0.019459,0.004229,0.2045,0.805107,-0.001206,0.017903
2023-07-12 00:00:00+00:00,13,1.0782,0.2906,1.0,77,397643.5976,-12143.1586,0.7094,53,282075.8021,4837.753239,59958.6996,55609.0959,-4349.6038,77,397643.5976,11,30586.74541694364,1883.3195006458548,0.00036,567.0066,-0.4894,0.256055,1.5805,-31.2299,0.010606,0.024319,0.1367,0.3696,0.054993,0.012929,-0.6637,0.811969,0.006862,0.053473
2023-07-13 00:00:00+00:00,27,1.4758,0.4802,1.0,101,708768.4264,-19670.5724,0.5198,56,368445.421,5372.309086,202862.9149,137460.0906,-65402.8243,101,708768.4264,18,30701.93257804848,1909.732676785817,-0.000353,541.3966,-0.2953,0.369682,2.8128,-10.995,-0.036704,-0.040426,0.0429,0.5833,-0.090145,-0.031641,0.8228,0.859615,0.047646,0.053302
2023-07-14 00:00:00+00:00,16,1.0996,0.3708,1.0,104,553933.4796,-17135.9266,0.6292,71,348522.1217,5539.654479,107578.4748,97832.8831,-9745.5917,104,553933.4796,17,31056.56129696497,1983.528085616845,-0.000129,-846.5941,-0.6009,0.319577,-1.4333,-5.809,0.0251,0.005536,-0.2338,-0.7527,0.093922,0.028316,0.5899,0.842491,-0.017124,0.037384
2023-07-15 00:00:00+00:00,10,0.9841,0.3472,1.0,52,292877.9555,-16453.1347,0.6528,30,191201.6742,9042.085978,50430.6897,51245.5916,814.9018,52,292877.9555,12,30325.53650777933,1935.504565366402,0.001421,-1083.7325,-0.9831,0.277687,-8.3193,-3.5977,0.009076,0.030367,0.0364,-0.5627,0.043683,0.011325,0.2692,0.816357,-0.026134,0.004388
2023-07-16 00:00:00+00:00,11,1.6385,0.4829,0.9893,42,184282.8571,-16819.3455,0.5171,26,96311.4951,6061.072605,55862.1598,34093.0718,-21769.088,44,186266.7267,7,30304.767910001447,1931.7326108016289,-0.00035,186.1062,-0.9048,0.321914,1.6489,-0.3525,-0.011639,-0.007123,0.2502,0.8734,-0.016922,-0.004967,-0.8245,0.750134,-0.066222,-0.10948
2023-07-17 00:00:00+00:00,18,2.4904,0.4007,1.0,75,401871.5915,-24969.1811,0.5993,49,240825.5056,5009.719823,114905.8763,46140.2097,-68765.6665,75,401871.5915,8,30185.741245865476,1915.025020037917,-0.00109,620.7951,-0.6694,0.306718,5.287,2.4079,-0.035699,0.00602,0.1141,1.5058,-0.108943,-0.031054,-0.7671,0.817858,0.067724,-0.024633
2023-07-18 00:00:00+00:00,17,2.3798,0.4526,1.0,71,597205.3136,-39938.5122,0.5474,41,326900.87,10554.482288,190328.0783,79976.3653,-110351.7131,71,597205.3136,13,29952.876824247596,1901.130950995476,-0.000101,877.4188,-0.3412,0.351878,11.6331,13.2097,-0.062058,-0.000326,-0.2172,0.2851,-0.176907,-0.059674,0.4586,0.867803,0.049945,0.051447
2023-07-19 00:00:00+00:00,9,1.0547,0.3362,1.0,73,490612.2671,-39944.7517,0.6638,53,325685.662,5679.943374,84659.9426,80266.6625,-4393.2801,73,490612.2671,11,29995.29803404757,1906.8936746909292,-7.8e-05,-488.7521,-0.5025,0.269878,-8.7554,2.8738,0.00713,0.002179,-0.0083,0.2483,0.038799,0.009814,-0.053,0.84501,-0.022793,0.094876
2023-07-20 00:00:00+00:00,10,1.6128,0.3539,1.0,73,370825.7382,-34998.9551,0.6461,55,239578.2928,4920.872243,81014.8468,50232.5986,-30782.2481,73,370825.7382,8,29994.29364174052,1900.1664091096643,0.000134,117.6659,-0.4539,0.279901,0.8356,0.8966,-0.03352,0.010155,0.1462,1.0763,-0.118594,-0.030917,-0.2365,0.816106,-0.028904,-0.001752
2023-07-21 00:00:00+00:00,5,1.9533,0.1145,1.0,67,569451.7208,-36614.168,0.8855,60,504234.6159,9424.43363,43134.5933,22082.5116,-21052.0817,67,569451.7208,2,29849.982725893995,1892.972541524359,8.2e-05,214.4658,-0.3724,0.156153,0.3425,2.6724,-0.02352,-0.02094,-0.0674,0.6786,-0.133197,-0.018469,0.4991,0.852508,0.036402,-0.015295
2023-07-22 00:00:00+00:00,3,0.3325,0.2042,1.0,48,244767.4014,-33154.3234,0.7958,38,194791.7232,4123.264669,12470.9323,37504.7459,25033.8135,48,244767.4014,7,29887.78918913781,1889.681409560168,-0.000256,-1027.7323,-0.7316,0.186276,-6.8338,4.1579,0.042301,0.033602,0.017,0.7804,0.273121,0.045586,-0.1158,0.797212,-0.055296,-0.047798
2023-07-23 00:00:00+00:00,14,1.2286,0.3574,1.0,46,195604.5752,-31068.9956,0.6426,25,125698.3341,4658.706732,38539.0171,31367.2241,-7171.793,46,195604.5752,7,29935.70503171792,1877.1466623036076,0.000794,114.5774,-0.6786,0.259672,-0.8689,1.6401,-0.007332,-0.009652,0.0181,0.8793,-0.021927,-0.005213,-0.6403,0.763154,-0.034059,-0.052953
2023-07-24 00:00:00+00:00,18,2.0634,0.4533,1.0,72,385441.3224,-29909.7783,0.5467,42,210722.0368,4914.448811,117685.2157,57034.0699,-60651.1458,72,385441.3224,12,29451.05136033261,1859.807075316051,-0.000464,1276.0186,-0.2178,0.306674,13.3593,9.7124,-0.044148,-0.01785,0.027,1.0145,-0.139431,-0.039993,-0.3411,0.826525,0.063371,-0.025983
2023-07-25 00:00:00+00:00,3,1.3495,0.1394,1.0,68,505457.8786,-15642.2638,0.8606,60,435005.3429,7761.808978,40465.8236,29986.7122,-10479.1114,68,505457.8786,5,29173.00383844784,1855.0191059936308,-0.000127,-252.7916,-0.3039,0.181355,-1.8072,-3.7279,-0.007844,-0.00439,0.06,1.3274,-0.03574,-0.005894,-1.1059,0.841177,0.014652,0.043965
2023-07-26 00:00:00+00:00,8,1.9293,0.1968,1.0,67,584956.7796,-20232.2209,0.8032,54,469829.5916,10000.474051,75825.0838,39302.1041,-36522.9797,67,584956.7796,5,29273.482668948767,1859.6845424796927,0.000163,-317.5476,-0.4132,0.223883,-2.341,2.6865,-0.013695,-0.016514,-0.0755,0.8799,-0.055643,-0.011561,-0.7709,0.849885,0.008708,0.086732
2023-07-27 00:00:00+00:00,9,0.8999,0.3918,1.0,62,216254.3907,-15196.7253,0.6082,44,131519.0981,3762.176713,40134.5358,44600.7567,4466.2209,62,216254.3907,9,29360.791456263472,1871.373030257572,-0.000106,471.2684,-0.2414,0.248121,-0.3085,1.5424,-0.014765,0.007133,-0.0079,0.8199,-0.050057,-0.011286,-0.6867,0.777662,-0.072224,-0.048863
2023-07-28 00:00:00+00:00,13,2.1943,0.3963,1.0,69,404674.2034,-20755.956,0.6037,49,244285.3553,6684.215467,110177.7723,50211.0758,-59966.6965,69,404674.2034,7,29262.93263922328,1868.0303856826488,-0.000127,662.7334,-0.0047,0.296184,2.2699,3.4697,-0.048284,0.012478,-0.0638,0.4492,-0.165644,-0.045839,-0.1996,0.81512,0.037458,-0.026057
2023-07-29 00:00:00+00:00,4,5.377,0.253,0.9824,45,155815.1033,-28267.5448,0.747,41,118479.4364,4378.981394,33840.9873,6293.6793,-27547.308,48,158614.103,3,29324.89419544271,1874.8027357549809,0.000255,-1645.4823,-0.5843,0.197821,-7.5941,2.7095,-0.042516,0.010603,0.0198,0.5639,-0.231515,-0.03956,-0.2652,0.734176,-0.080944,-0.115709
2023-07-30 00:00:00+00:00,12,0.6113,0.3977,0.9282,55,201043.0901,-24274.0961,0.6023,53,130449.0595,3876.174589,32677.846,53460.1938,20782.3479,73,216587.0993,8,29296.31589242663,1873.838724945569,0.000513,-187.179,-0.6347,0.27054,-3.7559,-0.1774,0.068554,-0.000306,-0.1177,-0.0816,0.277592,0.068411,0.1875,0.746707,0.012531,-0.030954
2023-07-31 00:00:00+00:00,12,1.8557,0.1984,1.0,73,464171.5741,-19552.0843,0.8016,57,372069.6292,9269.332462,59849.5038,32252.441,-27597.0628,73,464171.5741,4,29335.64693554553,1864.3640650779696,-4e-05,441.7028,-0.4587,0.196462,4.7927,-8.744,-0.03263,-0.013492,-0.1889,-1.1487,-0.167251,-0.02997,0.1261,0.842786,0.096079,0.027666
2023-08-01 00:00:00+00:00,12,1.391,0.3176,1.0,77,449211.3461,-21388.2192,0.6824,56,306524.2837,5619.390698,83009.5593,59677.5032,-23332.0561,77,449211.3461,9,29003.15290417398,1837.989361783974,-0.000721,-94.0903,-0.4765,0.292629,0.7521,-6.1847,-0.016579,-0.027397,0.4222,1.2892,-0.048796,-0.013449,-0.8353,0.848982,0.006196,0.114806
2023-08-02 00:00:00+00:00,18,2.3355,0.4318,1.0,82,429045.5358,-26767.6792,0.5682,55,243775.8256,5345.317605,129724.4551,55545.2551,-74179.2,82,429045.5358,9,29440.01719112447,1852.2417266128205,-9.6e-05,107.0084,-0.42,0.324202,0.0907,-3.753,-0.054329,0.023463,-0.0942,0.7497,-0.166084,-0.050373,-0.3853,0.814352,-0.03463,0.067645
2023-08-03 00:00:00+00:00,11,2.108,0.3605,1.0,69,307095.8166,-33044.3058,0.6395,51,196377.3026,5264.04911,75094.3397,35624.1744,-39470.1653,69,307095.8166,7,29175.612103670413,1838.687134430874,0.000195,-159.5149,-0.4762,0.267491,-3.5469,-6.9915,-0.04331,-0.01007,-0.1056,0.146,-0.159893,-0.039463,0.3476,0.801222,-0.013131,-0.041565
2023-08-04 00:00:00+00:00,7,0.9254,0.3863,1.0,63,303940.1915,-23827.9915,0.6137,48,186513.0304,5045.194276,56439.8285,60987.3326,4547.5042,63,303940.1915,8,29143.71749984067,1834.790483621636,0.000227,-319.285,-0.6272,0.269124,-1.6735,-10.9348,0.009631,-0.014999,-0.0744,-0.265,0.049591,0.012428,0.2395,0.823201,0.021979,-0.025782
2023-08-05 00:00:00+00:00,5,0.9002,0.0837,1.0,50,176048.568,-19782.0751,0.9163,42,161305.6486,5001.448497,6984.4064,7758.5131,774.1067,50,176048.568,3,29030.09614042169,1830.666105105328,8e-06,-347.4963,-0.8082,0.143791,-2.28,-5.6207,-0.015626,-0.033286,0.5261,2.8279,-0.115934,-0.013905,-0.4561,0.747671,-0.075529,-0.066681
2023-08-06 00:00:00+00:00,7,1.8283,0.3232,0.9899,46,196749.8525,-25438.5935,0.6768,38,134508.6704,4423.636275,41527.2314,22713.9502,-18813.2811,48,198749.8521,3,29032.347517233637,1830.7611563695843,0.001314,-172.6177,-0.9342,0.259233,-1.2314,-3.0962,-0.00657,0.041084,-0.2568,1.3153,-0.019149,-0.004514,-0.8967,0.759331,0.011659,-0.041891
2023-08-07 00:00:00+00:00,19,4.3408,0.3688,1.0,70,338746.714,-32660.4308,0.6312,48,213812.2237,5375.421062,101542.207,23392.2833,-78149.9237,70,338746.714,3,29046.16065249169,1828.223804544877,-0.001304,937.5209,-0.3818,0.28468,7.3058,-0.5831,-0.074143,0.001251,0.0333,1.4938,-0.260292,-0.06851,-0.4779,0.812254,0.052923,-0.010947
2023-08-08 00:00:00+00:00,17,1.1939,0.4432,1.0,75,320330.0565,-31120.2364,0.5568,47,178346.8723,3888.729551,77266.9398,64716.2444,-12550.6954,75,320330.0565,11,29412.12531539269,1839.184277122072,-5.6e-05,77.7715,-0.3166,0.302573,3.0754,1.7402,0.004597,-0.025237,0.0312,1.661,0.027784,0.0078,0.0868,0.808014,-0.00424,0.060342
2023-08-09 00:00:00+00:00,6,1.1868,0.1657,1.0,70,407678.2748,-21347.5167,0.8343,58,340120.626,6383.896679,36663.9054,30893.7434,-5770.162,70,407678.2748,6,29710.8382460826,1856.569436685931,-0.000332,-213.6862,-0.4792,0.186908,-4.0959,-2.4464,-0.016294,0.009469,-0.3572,-0.3921,-0.081807,-0.013839,0.8703,0.826015,0.018001,0.066685
2023-08-10 00:00:00+00:00,9,1.5865,0.2373,1.0,70,334570.4546,-18280.9358,0.7627,56,255167.4749,6168.08818,48703.5396,30699.4401,-18004.0995,70,334570.4546,5,29497.815772659316,1851.5802472700857,9e-05,32.1919,-0.4379,0.212666,0.9757,2.0762,-0.026465,0.029645,0.1546,0.5176,-0.126428,-0.024224,-0.0339,0.780455,-0.04556,-0.031799
2023-08-11 00:00:00+00:00,6,1.0597,0.3132,1.0,63,323439.7274,-19349.743,0.6868,51,222130.9091,4315.818637,52121.4822,49187.3361,-2934.146,63,323439.7274,6,29384.12643489392,1846.2538380173376,-3.5e-05,-380.0088,-0.7537,0.251518,-3.1339,0.6158,0.007835,0.003168,-0.0651,0.1237,0.043439,0.010063,-0.3234,0.791242,0.010787,-0.016772
2023-08-12 00:00:00+00:00,7,0.6747,0.3288,0.9687,39,314812.0343,-16494.6462,0.6712,36,218115.2552,11767.170698,43052.6608,63812.4452,20759.7844,50,324980.3612,7,29403.534540644785,1848.7152411158568,0.000858,-475.665,-1.1496,0.288804,-4.1348,-1.2391,0.069894,-0.012336,0.0905,0.6435,0.264242,0.071554,-0.0942,0.7856,-0.005642,-0.040415
2023-08-13 00:00:00+00:00,10,11.3377,0.243,0.9649,38,153713.008,-18441.2166,0.757,31,120591.0315,5005.200754,35577.2343,3137.9607,-32439.2736,44,159306.2265,3,29380.91708645484,1848.8142272748737,0.000645,-10.2629,-1.161,0.188053,-0.4512,-0.4589,-0.082337,0.012625,-0.0587,0.2924,-0.482818,-0.079188,-1.0748,0.735102,-0.050497,-0.045353
2023-08-14 00:00:00+00:00,6,1.3317,0.2187,1.0,67,325111.7673,-8721.7283,0.7813,54,254011.2643,6622.666833,40607.0046,30493.4984,-10113.5062,67,325111.7673,7,29379.53126662139,1845.347244343792,-0.000861,734.3213,-0.4672,0.235423,6.3799,-1.3848,0.021839,-0.016315,-0.0303,0.1183,0.121077,0.025781,-0.1,0.784897,0.049795,-0.006345
2023-08-15 00:00:00+00:00,3,0.5014,0.2478,1.0,70,267393.9827,-3784.5095,0.7522,61,201124.0274,5705.29245,22130.0593,44139.896,22009.8367,70,267393.9827,6,29319.590075570275,1838.609331882828,-0.000719,498.3731,0.0492,0.19486,2.6267,-1.8335,0.006986,0.003122,0.0205,0.2407,0.070195,0.011886,0.1098,0.764905,-0.019992,-0.020695
2023-08-16 00:00:00+00:00,15,1.1896,0.2588,1.0,77,448889.2671,-4397.3851,0.7412,56,332719.6999,7501.934756,63114.9292,53054.6381,-10060.2911,77,448889.2671,6,29111.019964377305,1821.8910620247132,4.5e-05,465.2122,0.5752,0.239362,5.4878,7.7501,-0.021207,-0.015613,0.1816,1.3089,-0.079015,-0.017277,-0.2131,0.814048,0.049143,0.078946
2023-08-17 00:00:00+00:00,13,1.1472,0.2691,1.0,105,834104.8054,-4023.6403,0.7309,84,609626.7358,8541.212415,119932.9778,104545.0918,-15387.8861,105,834104.8054,8,28196.09644680236,1765.001235133116,0.000156,887.6243,1.5546,0.270978,-0.403,6.3714,0.002219,0.027849,-0.0974,0.7273,0.016318,0.004164,0.3157,0.861058,0.04701,0.076161
2023-08-18 00:00:00+00:00,17,1.1432,0.5223,1.0,99,639482.5297,-6792.5815,0.4777,62,305461.5532,7138.518779,178168.8555,155852.121,-22316.7345,99,639482.5297,20,26328.93135879461,1675.8334900005818,-0.000422,-1437.591,0.0084,0.364211,-4.0113,5.494,0.023266,-0.016923,-0.1279,-0.0465,0.070623,0.024645,0.8237,0.868631,0.007573,0.103726
2023-08-19 00:00:00+00:00,7,1.3848,0.4127,1.0,48,266210.6438,-12290.5284,0.5873,35,156352.5587,5009.526176,63791.9646,46066.1205,-17725.8441,48,266210.6438,6,26002.241417653608,1666.086529328731,0.000502,-1108.6771,-1.1722,0.324341,-9.2649,0.3639,0.030708,0.015298,-0.1982,-1.2272,0.104708,0.031989,0.7081,0.809659,-0.058971,-0.004389
2023-08-20 00:00:00+00:00,12,0.864,0.3222,1.0,52,297455.2845,-6657.6249,0.6778,34,201612.7887,7279.356716,44425.7225,51416.7732,6991.0507,52,297455.2845,6,26121.34197731702,1672.2997873749564,0.00112,47.1448,-1.1122,0.275835,-0.4005,0.4146,0.029235,-9.7e-05,0.2036,-0.0029,0.121537,0.03117,-1.0293,0.806418,-0.003242,-0.05464
2023-08-21 00:00:00+00:00,10,1.3837,0.2314,1.0,71,462154.3479,-7672.0434,0.7686,54,355210.3943,7025.187313,62079.1947,44864.759,-17214.4357,71,462154.3479,7,26068.007570871192,1672.3410821932991,-0.00091,828.6011,-0.1568,0.234964,5.844,-0.1213,-0.00922,-0.004969,0.1269,0.761,-0.034856,-0.007587,-0.223,0.842922,0.036504,-0.025709
2023-08-22 00:00:00+00:00,24,3.1429,0.6266,1.0,87,535927.4563,-35631.6436,0.3734,51,200095.8858,15084.55212,254769.4674,81062.1031,-173707.3643,87,535927.4563,12,25977.99624565021,1651.880065061467,-0.000514,926.8601,0.9957,0.499803,4.416,1.668,-0.000171,0.008786,0.0573,1.0902,0.001573,0.000755,-0.2191,0.829078,-0.013843,0.019419
2023-08-23 00:00:00+00:00,15,0.6324,0.3261,1.0,77,607192.2784,-27825.0948,0.6739,44,409206.1905,7506.930209,76700.2689,121285.8189,44585.55,77,607192.2784,18,26158.73701631851,1652.4726664290504,-5.8e-05,-937.2398,-0.1395,0.302714,-4.717,-8.5368,0.044408,-0.031172,-0.0131,0.9943,0.158393,0.045626,-0.3519,0.845758,0.01668,0.03934
2023-08-24 00:00:00+00:00,20,1.656,0.4832,1.0,72,267120.0378,-30180.5498,0.5168,39,138055.4731,3244.227795,80470.3178,48594.2468,-31876.071,72,267120.0378,13,26289.876727805226,1664.1665064428746,-0.00013,-275.5413,-0.4695,0.31452,-0.643,-8.7768,-0.019839,-0.009085,-0.0188,0.8677,-0.061748,-0.018092,-0.8192,0.776117,-0.069641,-0.066804
2023-08-25 00:00:00+00:00,9,1.439,0.2532,1.0,69,328089.0469,-29129.0336,0.7468,54,245002.2678,5841.82059,49021.4499,34065.3292,-14956.1206,69,328089.0469,6,26038.353006499467,1651.7762005838922,0.000209,266.3013,-0.1315,0.245081,2.7057,-2.0598,0.009372,0.025886,0.0414,1.0877,0.047073,0.010632,-0.2882,0.802538,0.026421,-0.02654
2023-08-26 00:00:00+00:00,6,3.6932,0.2837,0.8106,22,100555.2858,-29482.3812,0.7163,41,88852.6087,4440.651701,27699.2768,7499.9993,-20199.2775,49,124051.8849,2,26034.23342612856,1649.8355346736128,0.000794,-1022.1013,-1.3793,0.173085,-8.8204,-1.6153,-0.041669,-0.024079,-0.3622,-1.0265,-0.280153,-0.0413,-0.8348,0.694284,-0.108254,-0.151473
2023-08-27 00:00:00+00:00,6,0.6237,0.5025,0.9774,39,298558.7946,-25400.2111,0.4975,31,151980.4873,9909.444893,58957.9237,94524.1648,35566.2412,46,305462.5758,9,26054.72530112113,1650.9142630249482,0.001429,-25.3203,-1.3838,0.374727,-0.2926,-1.5074,0.095982,-0.000386,0.0911,-0.4832,0.272663,0.097151,-1.6845,0.797402,0.103117,0.021285
2023-08-28 00:00:00+00:00,13,7.4003,0.2141,1.0,65,295624.0281,-29829.0677,0.7859,48,232340.6224,6406.825953,55749.9186,7533.4872,-48216.4314,65,295624.0281,4,26021.2904965871,1646.4778827921052,-0.001696,1448.002,0.4812,0.218163,12.6261,5.2748,-0.04241,0.017182,0.3932,1.7697,-0.20073,-0.039634,-0.8347,0.782766,-0.014636,-0.019772
2023-08-29 00:00:00+00:00,24,1.8108,0.3655,1.0,91,438790.6124,-11623.4021,0.6345,57,278400.4998,5652.895105,103328.909,57061.2036,-46267.7054,91,438790.6124,10,26654.01790275092,1678.290591503547,-0.000373,589.5107,1.293,0.279353,-1.4481,-0.5893,-0.039216,-0.007286,-0.164,0.8093,-0.136419,-0.035511,-0.0508,0.819989,0.037223,0.125704
2023-08-30 00:00:00+00:00,16,1.6765,0.4831,1.0,75,319863.6346,-23572.307,0.5169,48,165341.1354,4382.060249,96789.6417,57732.8574,-39056.7842,75,319863.6346,11,27365.337158562004,1713.0248249772856,-1e-06,-944.3761,0.0514,0.308807,-2.839,1.2887,-0.037925,0.001577,-0.2168,-0.4234,-0.121647,-0.034987,-0.4176,0.788065,-0.031923,-0.009336
2023-08-31 00:00:00+00:00,17,2.8145,0.4024,1.0,83,558245.7942,-34281.9113,0.5976,57,333633.7402,9813.728502,165727.6777,58884.3763,-106843.3013,83,558245.7942,9,26906.244839608706,1688.7360549641614,-5e-06,-97.942,-0.0687,0.311587,-2.0369,-0.1052,-0.073865,0.011471,0.1204,0.2548,-0.243064,-0.071469,-0.1163,0.835442,0.047376,0.052676
2023-09-01 00:00:00+00:00,12,1.1601,0.3191,1.0,79,386256.9512,-33450.2891,0.6809,57,262984.8564,5900.362685,66203.43,57068.6648,-9134.7652,79,386256.9512,10,25897.258608518063,1638.5719647482986,0.00065,-444.128,-0.6807,0.266663,-4.2576,-7.0685,-0.003444,-0.0081,-0.1128,-0.4074,-0.005445,-0.001342,-0.452,0.803987,-0.031455,-0.016002
2023-09-02 00:00:00+00:00,11,0.9866,0.4516,1.0,51,240170.9126,-30460.0983,0.5484,31,131720.4828,4513.394227,53859.1858,54591.244,732.0582,51,240170.9126,9,25812.48985179146,1633.230000499828,0.001089,-619.2496,-1.5118,0.295146,-2.6297,-0.8778,0.009499,-0.039356,-0.2628,-1.8911,0.042572,0.011691,0.8195,0.773733,-0.030254,-0.014333
2023-09-03 00:00:00+00:00,12,1.1036,0.532,0.96,40,138128.3145,-36079.6246,0.468,27,67336.1448,3502.533803,40156.074,36385.6313,-3770.4427,46,143877.85,7,25911.38734400603,1635.046531480308,-0.000528,-7.8357,-1.4955,0.307202,-0.0457,-0.6309,0.05154,-0.015864,-0.0507,-2.1344,0.187931,0.053153,-1.3178,0.710145,-0.063587,-0.125296
2023-09-04 00:00:00+00:00,4,1.8368,0.7516,1.0,55,646796.5451,-49675.2664,0.2484,13,160696.288,27746.629416,314743.0906,171357.1666,-143385.924,55,646796.5451,38,25893.026470288107,1632.542047642222,0.000101,415.7654,-0.8972,0.492978,3.0221,-10.2349,-0.119273,0.064987,0.5118,0.73,-0.246313,-0.118098,-1.3052,0.861665,0.15152,0.057678
2023-09-05 00:00:00+00:00,11,1.7574,0.2621,1.0,64,392189.6696,-47099.6284,0.7379,48,289384.6698,7203.921061,65521.6197,37283.3801,-28238.2396,64,392189.6696,5,25729.624016885613,1628.902391113302,0.000172,156.7908,-0.6677,0.238114,-0.0013,-8.788,-0.023938,-0.019245,-0.143,-0.0842,-0.097473,-0.021316,-0.9398,0.803556,-0.058109,0.029824
2023-09-06 00:00:00+00:00,12,0.9487,0.4326,1.0,61,327357.7406,-40987.7446,0.5674,37,185727.8505,4738.469846,68951.7437,72678.1464,3726.4027,61,327357.7406,12,25712.85907026644,1630.1470809902687,-0.001724,194.5131,-0.3906,0.297665,3.1581,-2.7909,0.002156,-0.021401,-0.0473,-0.3491,0.012904,0.00359,0.0091,0.800866,-0.00269,0.090721
2023-09-07 00:00:00+00:00,14,1.7636,0.5006,1.0,59,374115.5053,-33116.8157,0.4994,37,186828.1633,6917.662041,119517.0706,67770.2714,-51746.7992,59,374115.5053,8,25817.035179342314,1634.7630774687802,0.000682,-46.0419,-0.4507,0.359269,-1.5347,-2.2887,-0.039662,0.017813,0.0811,0.092,-0.110257,-0.037652,-0.346,0.814201,0.013335,-0.047464
2023-09-08 00:00:00+00:00,12,1.8389,0.2807,1.0,62,349404.9432,-35951.4841,0.7193,45,251342.7011,5668.074727,63519.8431,34542.399,-28977.4441,62,349404.9432,5,26027.96648833679,1637.7749808201218,-8.3e-05,-313.3678,-0.8683,0.233102,-3.5416,-1.5727,-0.023475,0.01077,0.0342,0.2682,-0.101521,-0.021782,-0.2547,0.797403,-0.016799,-0.006154
2023-09-09 00:00:00+00:00,7,3.614,0.2883,0.9321,33,153260.7577,-39892.3991,0.7117,36,117029.968,4940.773456,37127.6043,10273.2578,-26854.3464,46,164430.83,3,25865.45842012464,1634.0769249629664,0.001005,-572.3313,-1.6261,0.196563,-2.4713,-1.4143,-0.046689,-0.020065,-0.0545,-0.0903,-0.26022,-0.044454,-0.9642,0.70118,-0.096223,-0.099687
2023-09-10 00:00:00+00:00,12,1.0624,0.5274,1.0,50,199880.1248,-39809.6045,0.4726,27,94467.4402,3545.587294,54301.7829,51110.9017,-3190.8812,50,199880.1248,11,25815.887658406748,1623.1116994992544,0.00105,-92.4156,-1.714,0.313089,-0.7065,-2.0751,0.017992,0.016469,0.0191,0.0135,0.06316,0.018538,-1.6402,0.782677,0.081497,-0.031525
2023-09-11 00:00:00+00:00,6,1.0672,0.1509,1.0,88,750407.404,-19851.5045,0.8491,75,637148.4994,4822.721514,58469.0641,54789.8405,-3679.2237,88,750407.404,7,25508.70350000377,1585.0412003006693,-0.00128,1237.8816,-0.0602,0.18799,5.5627,0.4654,-0.004457,-0.026755,-0.218,-1.3492,-0.014215,-0.002478,0.7776,0.876146,0.093469,0.078743
2023-09-12 00:00:00+00:00,0,,0.0,1.0,78,1396354.7271,-15817.4703,1.0,78,1396354.7271,5406.148953,0.0,0.0,0.0,78,1396354.7271,0,25854.52231329996,1587.8133887095637,-0.000238,-623.1734,-0.8839,0.073828,-1.2138,-0.7471,-0.0003,-0.035882,-0.2122,-2.601,0.009848,0.000677,2.2958,0.955089,0.078943,0.25391
2023-09-13 00:00:00+00:00,14,0.6066,0.3461,1.0,85,466978.6235,-10695.893,0.6539,62,305358.9826,7932.650876,61021.0985,100598.5423,39577.4438,85,466978.6235,9,26067.83887434191,1597.636225076544,0.000278,350.8712,-0.4129,0.27667,9.1931,5.2879,0.000287,-0.162558,-0.6559,-5.4681,0.125442,0.029565,6.672,0.848002,-0.107087,0.065325
2023-09-14 00:00:00+00:00,17,1.2492,0.4439,1.0,67,286020.7303,-5312.9208,0.5561,40,159060.3374,3362.758695,70513.1935,56447.1994,-14065.9941,67,286020.7303,10,26433.70529378264,1624.7635453908265,-0.001066,-43.0544,-0.4678,0.324995,-7.4144,-0.5917,-0.017993,0.203679,0.8964,-0.9115,-0.050471,-0.015471,1.1538,0.804318,-0.043684,-0.071828
2023-09-15 00:00:00+00:00,11,2.2275,0.3071,1.0,63,411284.8836,-8036.8309,0.6929,45,284961.3982,8358.722518,87184.1499,39139.3355,-48044.8144,63,411284.8836,7,26504.76145761741,1626.7059408784223,0.000284,-182.467,-0.7102,0.242685,-1.7314,1.2184,-0.041035,0.022639,0.193,0.0581,-0.173148,-0.038821,0.0514,0.810313,0.005996,-0.144776
2023-09-16 00:00:00+00:00,12,5.1226,0.2464,1.0,43,270645.7737,-10614.1621,0.7536,28,203969.6919,9349.401055,55785.8736,10890.2082,-44895.6654,43,270645.7737,3,26563.854508432138,1637.8401035705522,0.001182,-667.3585,-1.5794,0.228992,-4.2908,-0.601,-0.04899,-0.00729,-0.0658,-0.296,-0.228437,-0.047852,-0.8073,0.774161,-0.036152,-0.073841
2023-09-17 00:00:00+00:00,7,0.9025,0.3774,0.971,36,133864.6292,-9777.284,0.6226,25,85831.0417,3996.906057,24680.1603,27347.4262,2667.2659,40,137858.6282,8,26532.160580497195,1628.1393210956594,0.000786,-139.9521,-1.722,0.241035,-0.8304,-0.7249,0.019438,0.003936,-0.0256,-0.4435,0.098034,0.021204,-1.626,0.714631,-0.05953,-0.089687
2023-09-18 00:00:00+00:00,20,1.128,0.4956,1.0,73,272440.3035,-10411.886,0.5044,41,137406.9611,3303.712389,71577.39,63455.9525,-8121.4375,73,272440.3035,12,26860.9166506906,1639.408435199868,-0.001263,732.6806,-0.7615,0.317918,4.3573,-1.9303,0.000806,-0.008659,0.0652,-0.0933,0.009259,0.002745,-0.2659,0.787406,0.072775,-0.022907
2023-09-19 00:00:00+00:00,9,1.2597,0.2531,1.0,70,428708.325,-12193.7222,0.7469,53,320190.7638,8348.607926,60495.2074,48022.3538,-12472.8536,70,428708.325,8,27032.20537643796,1641.8615699189304,-0.000295,-345.6348,-1.1884,0.233478,-1.3914,-2.1079,-0.019056,0.006289,-0.0097,-0.1519,-0.078753,-0.016906,-0.3111,0.806201,0.018795,0.03204
2023-09-20 00:00:00+00:00,15,1.0595,0.4162,1.0,75,380676.2823,-18501.7689,0.5838,46,222230.3397,4468.888081,81512.4129,76933.5298,-4578.8831,75,380676.2823,14,27128.12347281573,1632.2111113837846,-0.000235,221.9097,-0.8973,0.30293,0.9483,-10.3528,0.00643,-0.007749,0.0075,-0.1144,0.030769,0.008736,0.0262,0.796818,-0.009383,0.082187
2023-09-21 00:00:00+00:00,19,2.0846,0.5181,1.0,68,294339.2598,-24152.5483,0.4819,39,141840.4959,4962.672128,103060.1068,49438.6571,-53621.4497,68,294339.2598,10,26790.51263225582,1602.4328115669812,0.000251,453.5371,-0.3147,0.334107,0.1712,-2.7672,-0.042682,-0.059512,-0.4484,-2.411,-0.111992,-0.034668,2.2536,0.802667,0.00585,0.015261
2023-09-22 00:00:00+00:00,10,1.4182,0.3458,1.0,69,303406.9518,-19880.9065,0.6542,51,198485.1436,4794.281711,61532.5652,43389.243,-18143.3222,69,303406.9518,8,26610.101072688904,1592.894549602104,0.000654,-1002.4997,-1.5816,0.257932,-3.6571,-4.6929,-0.012819,0.073744,0.3752,-0.4663,-0.043278,-0.010272,-0.6372,0.768491,-0.034176,-0.03771
2023-09-23 00:00:00+00:00,10,6.7276,0.5472,0.9392,34,164115.5435,-23592.0682,0.4528,30,79111.4368,10927.463226,83247.8087,12374.0112,-70873.7975,45,174733.2567,5,26575.153341966023,1592.8901551555598,0.002377,-167.2671,-1.768,0.410366,-1.5925,-1.9947,-0.005119,-0.002521,-0.0951,-0.9432,-0.00863,-0.003349,-0.5356,0.722087,-0.046404,-0.074731
2023-09-24 00:00:00+00:00,8,1.0739,0.5398,1.0,39,185290.6917,-24482.0936,0.4602,21,85276.8827,5541.318638,51788.3604,48225.4486,-3562.9118,39,185290.6917,10,26568.840606465263,1592.6945203254784,-0.00104,-43.5789,-1.7895,0.341969,-0.221,-1.3853,0.015133,0.004211,0.1056,-0.4059,0.050787,0.016235,-1.3924,0.742146,0.020059,-0.060522
2023-09-25 00:00:00+00:00,21,1.4531,0.3906,1.0,64,214482.7598,-25532.2876,0.6094,35,130715.5234,5125.61371,49620.0157,34147.2207,-15472.795,64,214482.7598,8,26195.94337644204,1580.5532774515232,-0.001753,537.9265,-1.1062,0.244271,3.985,-1.7576,-0.026222,-0.011438,0.0786,-0.0023,-0.10644,-0.023414,-0.1874,0.761184,0.019038,-0.007307
2023-09-26 00:00:00+00:00,13,2.4338,0.2177,1.0,58,307901.9733,-27749.6563,0.7823,42,240858.8722,8673.480452,47518.7678,19524.3333,-27994.4345,58,307901.9733,3,26240.904070399774,1588.8352718973415,-0.000443,221.8601,-0.8225,0.196831,2.2623,1.8961,-0.054814,-0.00781,-0.0115,-0.0661,-0.295644,-0.052417,-0.5417,0.788865,0.027682,0.066779
2023-09-27 00:00:00+00:00,18,1.502,0.5926,1.0,67,242189.0095,-31209.3878,0.4074,38,98658.7909,3521.879852,86163.6113,57366.6073,-28797.0039,67,242189.0095,11,26308.982719994336,1599.2869108615278,-3.8e-05,-287.7955,-1.1529,0.367965,-3.4113,-2.4636,-0.022626,-0.001844,-0.007,-0.0972,-0.062436,-0.021577,-0.1256,0.776178,-0.012687,0.034033
2023-09-28 00:00:00+00:00,15,0.9052,0.3983,1.0,76,314257.8844,-22659.7209,0.6017,45,189094.6659,3048.069671,59468.5,65694.7184,6226.2184,76,314257.8844,16,26646.737316992312,1628.4543367996375,-5.9e-05,-56.7894,-1.1958,0.33813,-0.3624,-2.9971,0.004437,0.021944,-0.0666,-0.4396,0.020535,0.006542,0.1096,0.812547,0.036369,0.051363
2023-09-29 00:00:00+00:00,9,1.2336,0.4647,1.0,66,379257.873,-22701.6571,0.5353,43,203001.4793,3680.650646,97346.6345,78909.7592,-18436.8753,66,379257.873,14,26963.749191878574,1664.9475965226604,0.000439,-194.3004,-1.4107,0.336077,-1.2611,-0.601,0.013182,0.002382,-0.001,-0.4441,0.046634,0.014871,0.3552,0.840293,0.027746,0.051428
2023-09-30 00:00:00+00:00,7,2.5436,0.4594,1.0,45,319769.5538,-21718.2979,0.5406,32,172867.436,10943.786806,105446.2005,41455.9173,-63990.2832,45,319769.5538,6,26965.5823212226,1675.0566154532296,6.7e-05,-151.8562,-1.5704,0.323264,-0.8288,0.1627,-0.071889,0.001709,0.1102,0.1185,-0.226985,-0.069919,-0.4276,0.830626,-0.009667,0.054448
2023-10-01 00:00:00+00:00,10,1.0981,0.3285,1.0,56,303552.6832,-21875.0985,0.6715,38,203848.3768,6174.855895,52182.411,47521.8953,-4660.5157,56,303552.6832,8,27142.227036360277,1681.2387767029531,0.001004,-38.9957,-1.5772,0.264768,-0.5229,-0.1392,-0.010387,-0.004247,-0.0211,0.0093,-0.031839,-0.007927,-0.4177,0.834763,0.004137,0.022216
2023-10-02 00:00:00+00:00,12,1.3191,0.3145,1.0,87,623272.698,-23518.2297,0.6855,63,427250.272,6859.00793,111498.57,84523.8561,-26974.7139,87,623272.698,12,28054.558251119204,1709.008167620357,-0.001526,882.6486,-0.5093,0.283776,7.4039,3.2798,-0.013215,-0.002448,0.1575,0.8046,-0.036645,-0.009812,-0.0098,0.864626,0.029863,0.024333
2023-10-03 00:00:00+00:00,8,1.9504,0.3464,1.0,65,366287.6704,-25358.5312,0.6536,50,239394.2697,3570.313696,83884.9729,43008.4278,-40876.5451,65,366287.6704,7,27489.546733642,1659.09597852029,0.000455,-501.5797,-1.1427,0.263179,-4.4281,-3.4106,-0.052175,0.00359,-0.0929,0.3212,-0.201517,-0.04956,-0.3854,0.824206,-0.04042,-0.00642
2023-10-04 00:00:00+00:00,7,1.2332,0.4403,1.0,73,525324.7812,-24694.6507,0.5597,59,294025.231,14103.076712,127724.6951,103574.8551,-24149.84,73,525324.7812,7,27502.622497237346,1642.7444795142403,-0.000128,-209.3316,-1.4128,0.38698,-1.5774,-1.5766,0.052646,4.2e-05,-0.079,-0.0735,0.146319,0.054428,-0.3465,0.844427,0.020221,0.009664
2023-10-05 00:00:00+00:00,9,1.2166,0.2633,1.0,85,520020.0753,-27495.458,0.7367,65,383084.9582,6188.859859,75157.2751,61777.842,-13379.4331,85,520020.0753,11,27656.41608297093,1633.6524533497347,0.000911,-68.4466,-1.4743,0.265022,-0.8204,-2.0346,-0.013229,-0.000175,-0.0188,-0.1555,-0.044736,-0.011039,-0.8162,0.81424,-0.030187,-0.050386
2023-10-06 00:00:00+00:00,12,1.0948,0.3166,1.0,70,397763.7577,-25675.7624,0.6834,46,271835.937,6561.931002,65813.4131,60114.4075,-5699.0056,70,397763.7577,12,27695.043058870026,1632.5905108248678,-0.000185,-84.7074,-1.5494,0.275752,-0.4179,-1.1914,0.000343,0.002424,-0.0387,-0.3451,0.010154,0.00262,-0.4008,0.818343,0.004103,-0.005863
2023-10-07 00:00:00+00:00,4,0.934,0.3665,1.0,50,273042.0695,-16046.3649,0.6335,38,172970.569,5981.034961,48328.0007,51743.4998,3415.4991,50,273042.0695,8,27943.640581767275,1639.9237854635078,0.000144,-202.0692,-1.7686,0.272417,-1.5048,-1.8675,0.009225,-0.018139,-0.0454,-0.5711,0.044833,0.011422,-0.7706,0.783813,-0.03453,-0.060613
2023-10-08 00:00:00+00:00,11,1.5295,0.5127,1.0,47,328156.3405,-20412.0362,0.4873,23,159897.8764,7366.837284,101739.3394,66519.1246,-35220.2148,47,328156.3405,13,27932.615670986663,1631.9217981942386,0.000472,17.1928,-1.6959,0.373711,0.0753,-1.2693,-0.03071,0.02491,0.1401,0.1535,-0.078784,-0.028096,-1.1825,0.823101,0.039287,0.008861
2023-10-09 00:00:00+00:00,20,1.9105,0.4907,1.0,76,338924.7874,-23991.0285,0.5093,45,172611.5555,4402.413552,109170.4459,57142.7859,-52027.66,76,338924.7874,11,27682.515934302643,1602.6757382484222,-0.001095,203.2268,-1.4008,0.322622,1.6076,-7.0657,-0.035121,0.004791,0.0078,0.1868,-0.105944,-0.031936,-0.6944,0.813304,-0.009797,-0.005039
2023-10-10 00:00:00+00:00,13,3.0082,0.4848,1.0,91,673233.7795,-41513.1392,0.5152,64,346840.3108,13424.58761,244962.3942,81431.0745,-163531.3198,91,673233.7795,14,27532.59036007464,1577.6108356628276,0.000373,-67.4083,-1.4501,0.420938,-0.3113,-2.9489,-0.048925,-0.017306,0.0351,0.369,-0.114202,-0.046091,0.4223,0.844033,0.030729,0.06022
2023-10-11 00:00:00+00:00,15,0.8148,0.5843,1.0,69,486979.5806,-33914.5941,0.4157,43,202454.5069,13339.296883,127742.5491,156782.5247,29039.9756,69,486979.5806,11,27035.81247578368,1564.5609137695456,-0.000512,39.7425,-1.3754,0.385272,0.174,-1.1975,0.022688,-0.014197,-0.1259,-0.2852,0.068142,0.025174,-0.3476,0.853815,0.009782,0.030714
2023-10-12 00:00:00+00:00,12,1.3533,0.4519,1.0,68,265798.6282,-34579.4409,0.5481,47,145686.6966,3375.237969,69072.6461,51039.2855,-18033.3606,68,265798.6282,9,26768.13433910416,1549.293791555493,0.000265,51.2059,-1.2795,0.290608,-0.1986,-0.5758,-0.023432,0.014743,0.0344,-0.1128,-0.077784,-0.0211,-0.3641,0.803356,-0.05046,-0.009948
2023-10-13 00:00:00+00:00,8,1.3896,0.258,1.0,62,364211.0844,-35953.6044,0.742,47,270258.3193,7005.022062,54635.4579,39317.3072,-15318.1506,62,364211.0844,7,26795.715861911067,1544.3959326124616,0.000456,-25.6126,-1.2934,0.239719,-0.346,-0.5039,-0.005108,-0.018622,0.0569,0.1785,-0.019458,-0.004346,-0.154,0.826696,0.023341,-0.017337
2023-10-14 00:00:00+00:00,11,1.426,0.6314,1.0,45,135472.1903,-38587.3424,0.3686,27,49937.1721,3642.943575,50277.8423,35257.1758,-15020.6665,45,135472.1903,7,26880.012995760077,1551.7098705722108,0.00148,-287.0075,-1.615,0.308333,-1.702,-0.701,-0.011273,0.031499,-0.01,0.1318,-0.033628,-0.009587,-1.1003,0.732637,-0.09406,-0.121178
2023-10-15 00:00:00+00:00,9,1.4474,0.5421,0.9666,45,144087.5686,-35665.8929,0.4579,31,68265.2293,3631.865007,47786.4988,33016.4304,-14770.0684,50,149068.1585,10,26931.935956974583,1556.1527468092218,-0.000474,40.9729,-1.5232,0.276897,0.3306,-0.4457,-0.032033,-0.009552,-0.0822,-0.289,-0.117828,-0.029918,-1.0036,0.737072,0.004435,-0.066284
2023-10-16 00:00:00+00:00,16,1.1407,0.4682,1.0,79,351569.6049,-29778.7035,0.5318,49,186957.7351,3630.605982,87714.6018,76897.2679,-10817.334,79,351569.6049,14,27872.664858780758,1578.5389934227042,-0.001951,588.9625,-0.7859,0.319864,3.6255,1.5722,-0.007894,0.000332,0.1145,0.3212,-0.017402,-0.005249,-0.0829,0.831129,0.094057,0.004432
2023-10-17 00:00:00+00:00,12,0.8904,0.3698,1.0,74,385000.3329,-5237.5396,0.6302,53,242624.1178,3659.416454,67059.6938,75316.5212,8256.8274,74,385000.3329,9,28405.211964950297,1581.398112994277,2.8e-05,-259.1801,-1.0813,0.274356,-1.0932,0.7903,0.019146,-0.000606,-0.0289,0.1657,0.083317,0.021313,-0.4928,0.819944,-0.011185,0.087307
2023-10-18 00:00:00+00:00,12,1.1148,0.1755,1.0,69,476029.288,-10034.1182,0.8245,49,392485.7469,10423.402363,44039.8079,39503.7332,-4536.0747,69,476029.288,8,28409.24359554397,1570.3620495888729,-0.000107,81.9282,-0.9588,0.200332,0.4119,1.0282,0.002504,-0.004397,0.0746,0.5695,0.026107,0.004788,-0.6795,0.840406,0.020462,0.103334
2023-10-19 00:00:00+00:00,17,1.5735,0.388,1.0,70,302942.3989,-11200.0231,0.612,44,185397.3691,4155.961879,71869.8624,45675.1675,-26194.6949,70,302942.3989,9,28483.25519606583,1557.7273256049143,-0.000217,-27.6735,-0.9724,0.279768,0.3946,1.6214,-0.022873,0.014326,0.0696,0.9344,-0.080289,-0.02076,-0.5096,0.797183,-0.043223,-0.033946
2023-10-20 00:00:00+00:00,15,0.9526,0.4221,1.0,77,494058.0528,-8289.1815,0.5779,45,285514.781,5358.966309,101742.7656,106800.5062,5057.7406,77,494058.0528,17,29414.375355945227,1597.8660572822716,-0.000151,421.9225,-0.4396,0.348067,4.026,5.9934,0.027031,-0.055123,-0.1692,0.0373,0.087548,0.029201,0.6595,0.861464,0.064281,0.041521
2023-10-21 00:00:00+00:00,7,1.0113,0.3272,1.0,56,310783.4672,-6225.0336,0.6728,39,209089.6391,7207.425035,51132.7295,50561.0986,-571.6309,56,310783.4672,10,29809.79199961055,1613.8924213281416,0.000491,-520.1727,-1.0642,0.275437,-5.2027,2.4927,0.00434,0.006978,0.112,0.6379,0.025597,0.006588,-0.8736,0.809581,-0.051883,-0.030825
2023-10-22 00:00:00+00:00,17,1.5311,0.4904,1.0,52,175569.2121,-6696.0966,0.5096,26,89462.1955,2571.601681,52087.2632,34019.7534,-18067.5098,52,175569.2121,9,29922.062066182887,1634.4541908613403,0.00028,-13.0762,-1.0632,0.310116,0.0805,2.2426,-0.008215,0.002127,-0.0411,0.4238,-0.019246,-0.005558,-0.7792,0.774336,-0.035245,-0.022847
2023-10-23 00:00:00+00:00,26,2.025,0.502,1.0,106,613209.039,-20053.1662,0.498,58,305351.5186,7724.838301,206087.1706,101770.3498,-104316.8208,106,613209.039,22,30870.427511164347,1689.2048263491188,0.000181,1354.6875,0.6594,0.36995,9.1636,7.7807,-0.040543,0.006226,0.037,0.6324,-0.104809,-0.036605,1.4899,0.840588,0.066252,-0.020877
2023-10-24 00:00:00+00:00,32,1.4107,0.5452,1.0,118,740655.847,-31060.9486,0.4548,68,336843.3758,8250.054374,236305.0603,167507.4109,-68797.6494,118,740655.847,18,34081.97279646258,1803.174903980476,-0.001225,616.3313,1.4411,0.392621,8.7209,17.5949,-0.021315,-0.005348,-0.0474,0.3821,-0.047884,-0.017624,0.2666,0.841297,0.000709,0.031716
2023-10-25 00:00:00+00:00,14,0.7638,0.4557,1.0,84,505895.9817,-26002.9178,0.5443,61,275376.5268,9184.132446,99824.6572,130694.7978,30870.1406,84,505895.9817,9,34315.72346174024,1788.9805238268073,0.000232,-193.6529,1.2189,0.338077,-5.1571,12.0259,0.027507,-0.004256,0.0547,0.6798,0.094302,0.029954,0.0247,0.828357,-0.012939,0.054022
2023-10-26 00:00:00+00:00,19,0.5578,0.2841,1.0,89,479024.1752,-16742.9535,0.7159,63,342945.3111,8072.777801,48726.9043,87351.9598,38625.0556,89,479024.1752,7,34334.071720263346,1803.6883868658017,-0.000236,-33.3109,1.2412,0.254068,1.9563,13.5876,0.007511,-0.011407,0.0014,0.6831,0.03996,0.009413,0.3894,0.833725,0.005368,-0.006862
2023-10-27 00:00:00+00:00,12,1.0503,0.4269,1.0,80,369180.5431,-18017.7199,0.5731,52,211578.8447,5157.187821,80733.6613,76868.037,-3865.6243,80,369180.5431,16,33971.47382731892,1783.7702266294782,0.000154,-637.0668,0.3928,0.307858,-4.7402,4.8214,0.017392,0.008484,0.0347,0.8645,0.06506,0.018784,0.0735,0.824656,-0.009069,-0.016641
2023-10-28 00:00:00+00:00,5,4.3788,0.2631,1.0,49,268902.3994,-24283.8206,0.7369,40,198166.018,7706.70518,57585.3586,13151.0228,-44434.3358,49,268902.3994,4,34084.86597306274,1785.7149842422225,-0.000115,-524.4439,-0.3026,0.262129,-4.432,5.5921,-0.044149,-0.003236,-0.0304,0.6895,-0.173278,-0.041948,-0.0393,0.797337,-0.027319,-0.03102
2023-10-29 00:00:00+00:00,9,5.5979,0.2497,1.0,52,204397.6341,-26784.7741,0.7503,39,153349.4675,8185.101658,43311.1755,7736.991,-35574.1845,52,204397.6341,4,34309.62930259237,1788.440703753732,0.000424,28.1767,-0.2512,0.210196,-0.0594,5.4521,-0.068644,-0.034362,0.1866,1.6487,-0.357797,-0.066779,-0.5171,0.771205,-0.026132,-0.06252
2023-10-30 00:00:00+00:00,13,1.0353,0.6787,1.0,100,536819.3766,-12785.6097,0.3213,40,172467.5742,8263.124017,185337.2363,179014.5661,-6322.6703,100,536819.3766,47,34459.231300975625,1803.001424006476,0.000174,846.5522,0.8962,0.372503,9.7772,6.0657,-0.019431,0.022727,-0.1267,0.9747,-0.046381,-0.016364,1.5893,0.837697,0.066492,0.013041
2023-10-31 00:00:00+00:00,14,1.5437,0.3512,1.0,90,399361.105,-7240.0716,0.6488,63,259108.9194,4210.450526,85115.5338,55136.6518,-29978.8821,90,399361.105,13,34393.42589952298,1803.2998424617035,-0.000635,253.8451,1.2374,0.280452,1.4047,-1.2505,-0.014673,0.015097,-0.0222,0.851,-0.040562,-0.010478,1.0204,0.815286,-0.022411,0.017949
2023-11-01 00:00:00+00:00,18,2.4384,0.3535,1.0,92,635081.0272,-25065.5587,0.6465,65,410599.1763,5882.142124,159195.0602,65286.7908,-93908.2694,92,635081.0272,9,34562.86611372975,1811.170139033116,0.000338,198.5398,1.4879,0.325982,-0.7072,3.1994,-0.032262,-0.010463,0.0235,0.9607,-0.092211,-0.028358,0.4552,0.855674,0.040387,0.084469
2023-11-02 00:00:00+00:00,23,1.2286,0.4564,1.0,92,644663.9827,-34894.9157,0.5436,58,350471.2849,6807.087531,162186.5708,132006.127,-30180.4438,92,644663.9827,11,35186.36058529103,1828.6431828562809,-0.000238,-28.5466,1.4241,0.347983,1.9703,3.2135,0.007036,0.031714,-0.0598,0.6309,0.029211,0.009639,-0.1026,0.853258,-0.002416,0.01556
2023-11-03 00:00:00+00:00,12,1.4711,0.2555,1.0,82,565374.1086,-38277.5006,0.7445,62,420899.1282,6410.861927,86009.3494,58465.631,-27543.7184,82,565374.1086,8,34528.09399345451,1802.404743308647,-0.000193,-405.1346,0.8724,0.276923,-4.4333,3.5203,-0.010516,-0.015207,0.0804,1.1004,-0.033898,-0.00874,-0.3034,0.842332,-0.010925,0.027046
2023-11-04 00:00:00+00:00,11,1.2082,0.3436,1.0,53,220779.8137,-32951.2434,0.6564,34,144929.3593,4854.929616,41500.495,34349.9594,-7150.5356,53,220779.8137,8,34765.753527175075,1836.685357080236,0.000352,-616.1644,0.0544,0.236424,-5.4767,2.4756,-0.021417,-0.00269,0.0291,1.2532,-0.085971,-0.018348,-0.656,0.773753,-0.068579,-0.081921
2023-11-05 00:00:00+00:00,17,2.1486,0.4653,1.0,68,275843.5854,-34557.5553,0.5347,44,147499.7813,3069.439424,87581.0859,40762.7181,-46818.3678,68,275843.5854,7,35052.3549840592,1879.6388558134224,-0.000112,293.3323,0.4508,0.341305,3.7676,6.3027,-0.025355,-0.009782,0.0454,1.4906,-0.066767,-0.021304,-0.8995,0.807969,0.034216,-0.045288
2023-11-06 00:00:00+00:00,13,0.8937,0.3585,1.0,82,493632.0999,-32235.4489,0.6415,56,316677.4706,5503.9681,83511.2774,93443.3518,9932.0744,82,493632.0999,13,35021.74818063397,1892.4941660034667,0.000155,1179.7462,1.978,0.295368,10.9264,7.4518,0.032771,-0.010203,0.0002,1.4885,0.128557,0.035559,-0.1404,0.850776,0.042807,0.008444
2023-11-07 00:00:00+00:00,17,2.7665,0.4884,1.0,85,735488.1265,-52019.7592,0.5116,50,376279.336,11957.192468,263838.9222,95369.8682,-168469.0539,85,735488.1265,18,34988.61520792628,1885.4431873389465,-0.000116,-242.2085,1.6326,0.431164,-3.2629,2.7842,-0.026769,0.039864,-0.1787,0.513,-0.056287,-0.023324,-0.217,0.865507,0.014731,0.091754
2023-11-08 00:00:00+00:00,8,1.7014,0.3095,1.0,76,589926.4196,-45375.7987,0.6905,53,407371.2707,9323.725042,114977.8473,67577.3016,-47400.5457,76,589926.4196,15,35403.590402382695,1888.166865538394,-4.6e-05,448.1215,2.1473,0.243506,2.8041,6.2955,-0.026738,-0.011724,0.0486,0.7678,-0.110039,-0.024879,0.4712,0.85348,-0.012027,0.04551
2023-11-09 00:00:00+00:00,26,1.2584,0.429,1.0,139,737610.1682,-46236.0604,0.571,86,421191.7486,5269.295991,176310.3478,140108.0717,-36202.2762,139,737610.1682,27,36610.33036849668,1957.4713682582817,0.000155,1928.891,4.0877,0.352263,11.2204,15.5456,-0.012546,-0.006294,-0.1119,0.1633,-0.02387,-0.007752,0.7678,0.828536,-0.024944,-0.022241
2023-11-10 00:00:00+00:00,27,1.9722,0.5282,1.0,124,1067554.1497,-68653.2469,0.4718,78,503619.1691,13081.422878,374199.5021,189735.4785,-184464.0235,124,1067554.1497,19,36936.77896666501,2101.280085298535,3e-06,-1165.6546,2.6193,0.442467,-2.5885,17.3904,-0.022902,-0.00882,-0.0452,-0.0745,-0.04921,-0.020814,0.349,0.863478,0.034942,-0.002029
2023-11-11 00:00:00+00:00,14,0.7965,0.5119,1.0,76,326246.9481,-64929.1594,0.4881,46,159252.605,5533.219955,74038.133,92956.2102,18918.0772,76,326246.9481,16,37099.53564251823,2062.085439236077,0.000348,-1053.9077,1.4305,0.363329,-8.8457,14.0214,0.041212,-0.010359,0.1999,0.9866,0.132533,0.045093,0.3953,0.814491,-0.048986,-0.038988
2023-11-12 00:00:00+00:00,8,0.4788,0.4583,1.0,64,423943.4966,-48458.3639,0.5417,26,229648.811,6793.140939,62908.7425,131385.9431,68477.2007,64,423943.4966,30,37093.51002555009,2051.391936911136,-9.4e-05,-154.5679,1.2446,0.330813,-1.3636,8.8902,0.066995,-0.005697,0.0395,1.1749,0.220584,0.069296,-0.2097,0.852548,0.038056,0.024012
2023-11-13 00:00:00+00:00,22,1.3821,0.539,1.0,90,426172.5016,-55141.4257,0.461,49,196465.9954,3636.743603,133277.9322,96428.574,-36849.3583,90,426172.5016,19,36898.52424944698,2062.581004464006,-0.000713,1998.3327,3.1811,0.365999,12.4026,10.3665,-0.000951,-0.003559,0.1393,1.8565,0.010224,0.003509,0.2068,0.831832,-0.020716,-0.031646
2023-11-14 00:00:00+00:00,17,0.5328,0.5018,1.0,100,518889.2351,-19737.1523,0.4982,57,258492.8327,5003.054508,90517.7714,169878.631,79360.8596,100,518889.2351,26,36242.07129421912,2034.1658365427008,0.000386,-1077.9508,2.0503,0.362893,-5.669,7.9604,0.081268,0.023824,-0.1153,1.248,0.245099,0.08359,0.0782,0.833297,0.001465,0.018806
2023-11-15 00:00:00+00:00,20,2.0712,0.5492,1.0,93,579702.1751,-28828.2727,0.4508,55,261343.259,10401.8897,214698.6521,103660.264,-111038.3881,93,579702.1751,18,36217.57237938389,2005.173278863159,-0.000173,-228.8838,1.8431,0.375888,-1.9885,3.1678,-0.060959,-0.008362,-0.0724,0.8647,-0.16298,-0.057849,0.0393,0.844247,0.01095,-0.008301
2023-11-16 00:00:00+00:00,35,1.7535,0.5062,1.0,108,493556.9528,-33422.7223,0.4938,57,243738.9566,3691.879571,159090.71,90727.2862,-68363.4238,108,493556.9528,16,36992.10971217416,2028.472654950825,0.000246,46.8363,1.8484,0.344839,-0.1542,-8.2067,-0.009452,-0.003024,-0.0263,0.7164,-0.023758,-0.00765,1.0923,0.827927,-0.01632,-0.003905
2023-11-17 00:00:00+00:00,24,1.5933,0.4523,1.0,95,512052.3264,-14640.486,0.5477,61,280442.9401,5511.37756,142298.878,89310.5084,-52988.3696,95,512052.3264,10,36351.05885169268,1960.9887472787805,0.000125,-727.4942,1.1015,0.320925,-5.9971,-11.6153,-0.041274,-0.002353,0.0595,1.0011,-0.128357,-0.038597,0.2303,0.835423,0.007496,0.002126
2023-11-18 00:00:00+00:00,18,1.0516,0.4943,1.0,63,377009.4892,-18012.7767,0.5057,34,190667.725,5175.680372,95514.8608,90826.9035,-4687.9573,63,377009.4892,11,36508.24901239124,1949.410324460677,-7.8e-05,-649.9522,0.4502,0.340125,-5.9187,-8.6883,0.003405,-0.051201,0.2958,2.4178,0.015418,0.004977,-0.4645,0.840392,0.004969,-0.003855
2023-11-19 00:00:00+00:00,14,0.8232,0.4116,1.0,62,403780.8316,-25493.4675,0.5884,40,237579.0673,6981.580622,75044.6996,91157.0647,16112.3651,62,403780.8316,8,36633.10595182447,1963.5772773702736,0.000197,-162.2229,0.2928,0.320033,-2.3247,-9.6495,0.05695,0.075662,-0.4285,0.2757,0.196486,0.059138,-0.7574,0.819678,-0.020714,-0.008249
2023-11-20 00:00:00+00:00,20,1.6937,0.4646,1.0,91,487643.1229,-28564.9969,0.5354,58,261071.3868,4800.948298,142460.9002,84110.8359,-58350.0643,91,487643.1229,13,37323.07374156789,2022.7271032113165,0.00014,2074.2449,2.291,0.339629,15.4414,-6.6107,-0.045423,-0.050146,0.0089,0.3245,-0.134027,-0.042621,-0.0667,0.826597,0.006919,-0.008826
2023-11-21 00:00:00+00:00,25,1.6683,0.6496,1.0,105,414264.5523,-49531.1486,0.3504,61,145137.995,5723.96489,168264.3796,100862.1777,-67402.2019,105,414264.5523,19,37177.577838601246,2003.380566724128,-0.000179,60.992,2.2639,0.395648,2.9183,1.9767,-0.014971,0.097756,0.0496,0.5739,-0.046431,-0.016942,0.3483,0.779855,-0.046742,-0.060537
2023-11-22 00:00:00+00:00,18,0.9512,0.3318,1.0,112,620488.0473,-32932.5243,0.6682,79,414639.065,4533.054014,100348.5002,105500.4822,5151.9821,112,620488.0473,15,36625.94815809261,2014.816377594484,-5.7e-05,-107.74,2.0873,0.305613,-0.2587,3.7064,0.021259,-0.054823,-0.0383,0.3836,0.069409,0.01956,0.7831,0.835321,0.055466,0.015643
2023-11-23 00:00:00+00:00,14,2.424,0.4295,1.0,90,639451.7584,-39483.22,0.5705,69,364818.8386,11569.31765,194425.6071,80207.3128,-114218.2943,90,639451.7584,7,37316.419506260885,2062.6366663247536,-8.9e-05,-695.0152,1.4214,0.411719,-4.3816,-0.521,0.003599,-0.021067,-0.0023,0.377,0.007704,0.003019,0.6917,0.838026,0.002705,0.011429
2023-11-24 00:00:00+00:00,18,0.9019,0.4367,1.0,90,576261.7085,-30059.652,0.5633,55,324624.5893,7301.193488,119330.2562,132306.863,12976.6068,90,576261.7085,17,37622.7547951794,2086.827983439655,0.000245,-464.4752,0.9778,0.336666,-2.6161,2.86,0.013397,0.029599,-0.0623,0.0512,0.043214,0.013703,0.254,0.837921,-0.000105,0.058066
2023-11-25 00:00:00+00:00,7,0.6491,0.2573,0.9888,64,257011.3845,-27357.5035,0.7427,55,193056.8787,5884.719237,26319.8467,40546.9291,14227.0823,67,259923.6545,5,37775.468950680806,2081.9602676356603,9.2e-05,-656.7994,0.3722,0.207173,-7.9114,0.8673,0.025925,0.022951,0.0195,0.1411,0.138751,0.024982,-0.2637,0.757255,-0.080667,-0.078066
2023-11-26 00:00:00+00:00,12,2.5193,0.4551,1.0,61,226652.0751,-36021.0654,0.5449,44,123497.9355,4234.606618,73843.354,29310.7856,-44532.5684,61,226652.0751,5,37613.51464409657,2075.613935372754,-3.5e-05,192.83,0.5501,0.318827,2.5606,5.7527,-0.009384,-0.007821,0.0566,0.4425,-0.030589,-0.008947,-0.3365,0.760159,0.002905,-0.077867
2023-11-27 00:00:00+00:00,23,1.7777,0.3885,1.0,87,598070.6156,-36977.4517,0.6115,56,365748.5686,6571.349747,148683.4079,83638.6391,-65044.7688,87,598070.6156,8,37154.51630627381,2032.2366815452583,-0.000426,861.4055,1.3313,0.30269,8.132,-1.5567,-0.051969,-0.021835,0.1564,1.2267,-0.181795,-0.051529,-0.0455,0.838826,0.078666,0.000904
2023-11-28 00:00:00+00:00,13,2.0934,0.3988,1.0,85,503017.4183,-37476.6921,0.6012,63,302435.5369,6755.461048,135739.3828,64842.4986,-70896.8841,85,503017.4183,9,37438.94536509935,2033.7430377921453,-6.3e-05,792.569,1.9887,0.293163,3.2016,-1.2735,-0.051227,-0.042938,0.1155,1.759,-0.185278,-0.050284,-0.0534,0.819467,-0.019359,0.062212
2023-11-29 00:00:00+00:00,17,1.8531,0.3381,1.0,89,446731.7643,-44665.2545,0.6619,63,295672.8369,6260.903395,98113.4411,52945.4863,-45167.9549,89,446731.7643,9,37965.61844402819,2046.953739121579,0.000192,-199.3541,1.7638,0.289708,-0.4805,-1.4953,-0.017056,-0.00095,-0.0253,1.5905,-0.055046,-0.014531,0.1083,0.797904,-0.021562,0.037745
2023-11-30 00:00:00+00:00,7,0.8553,0.2388,1.0,85,664730.7461,-26580.4026,0.7612,67,506014.4463,12060.365456,73170.3153,85545.9845,12375.6692,85,664730.7461,11,37787.8837889998,2035.786728686775,0.000106,754.1028,2.3198,0.234758,5.4813,8.3677,0.004057,0.015994,-0.1315,0.922,0.023782,0.005139,0.6682,0.842467,0.044563,0.003642
2023-12-01 00:00:00+00:00,10,2.4166,0.2699,1.0,88,672337.1752,-39183.1616,0.7301,72,490862.2144,8954.161671,128358.8335,53116.1273,-75242.7062,88,672337.1752,6,38396.3870144765,2088.3166089616125,-0.000538,-103.3159,2.1472,0.291381,-3.3696,7.6141,-0.058167,-0.002687,-0.1032,0.3967,-0.203382,-0.055812,1.255,0.860321,0.017854,0.040855
2023-12-02 00:00:00+00:00,15,1.0159,0.5365,0.9801,65,196191.8533,-41336.6242,0.4635,46,92788.5081,3868.64611,54114.1421,53266.9857,-847.1564,69,200169.6359,8,38897.0218987331,2111.383666222226,0.000555,-1054.2244,1.2473,0.28912,-3.704,11.8215,-0.011055,-0.051434,0.4148,2.4126,-0.024491,-0.006388,-0.1338,0.752271,-0.10805,-0.045634
2023-12-03 00:00:00+00:00,18,1.2257,0.5611,1.0,71,276021.8229,-37218.0002,0.4389,43,121156.7748,4726.36333,85283.6242,69581.424,-15702.2002,71,276021.8229,10,39545.10607546367,2164.6107148523192,0.000308,-135.9671,1.1122,0.360819,-1.3244,7.9364,0.0068,0.083358,-0.4955,-0.0561,0.035003,0.011648,-0.404,0.774367,0.022096,-0.068101
2023-12-04 00:00:00+00:00,16,1.4349,0.2843,1.0,109,686923.7585,-32908.814,0.7157,77,491621.8703,11729.523014,115091.1769,80210.7114,-34880.4655,109,686923.7585,16,41386.418380769646,2231.333015294024,-0.000468,1531.9115,2.2637,0.286795,14.4224,14.2268,-0.019576,-0.008993,-0.0328,-0.222,-0.054743,-0.014311,1.2782,0.826888,0.052521,-0.033433
2023-12-05 00:00:00+00:00,19,1.711,0.3906,1.0,98,555420.3738,-30909.1875,0.6094,60,338475.2633,7089.160653,136922.3044,80022.806,-56899.4984,98,555420.3738,19,42364.39048711272,2236.2508856726686,0.0002,1008.1983,2.8803,0.313699,7.4865,18.5117,-0.044069,-0.012325,0.1753,0.6396,-0.137929,-0.039816,0.4083,0.811462,-0.015426,0.059191
2023-12-06 00:00:00+00:00,20,1.7521,0.3879,1.0,105,621811.6458,-33873.0191,0.6121,69,380623.3749,6199.323841,153551.5235,87636.7474,-65914.7761,105,621811.6458,16,43884.945184118325,2269.6585353381447,0.000407,1.485,2.7251,0.317248,3.2286,22.2208,-0.047854,0.013713,-0.1352,-0.0386,-0.149409,-0.043835,0.7489,0.830341,0.018879,0.055974
2023-12-07 00:00:00+00:00,13,1.1467,0.3667,1.0,95,479846.7852,-37358.8807,0.6333,66,303903.8662,5564.647039,93984.1404,81958.7786,-12025.3617,95,479846.7852,16,43569.74304740082,2280.5645937748864,-0.000451,-756.951,2.0984,0.315035,-10.7213,6.0181,-0.008604,-0.006236,-0.0584,-0.3277,-0.016328,-0.004742,1.198,0.81549,-0.014851,-0.011397
2023-12-08 00:00:00+00:00,18,0.8693,0.4763,1.0,99,471867.7755,-24365.2911,0.5237,61,247103.0045,3753.058551,104526.1751,120238.5958,15712.4207,99,471867.7755,20,43637.83420951731,2361.256632157442,4.6e-05,-749.9212,1.5297,0.337322,-4.9793,4.4085,0.017718,-0.000246,-0.0535,-0.5914,0.06862,0.021546,1.4669,0.819757,0.004266,0.008295
2023-12-09 00:00:00+00:00,19,3.2204,0.4764,1.0,76,256373.9609,-33423.9108,0.5236,50,134236.7778,4784.485162,93197.3386,28939.8445,-64257.4942,76,256373.9609,7,44037.04872696558,2360.059371950561,0.000118,-889.0211,0.8905,0.339636,-8.8622,-0.7497,-0.067038,0.009211,-0.0026,-0.5995,-0.201897,-0.062916,0.6292,0.770632,-0.049124,-0.059709
2023-12-10 00:00:00+00:00,16,1.0019,0.4299,1.0,63,273354.142,-31196.5995,0.5701,38,155839.029,5454.10989,58813.0672,58702.0458,-111.0215,63,273354.142,9,43825.63203508256,2349.937816073318,0.000189,-328.0001,0.6521,0.3098,-6.4571,-5.8824,0.015254,-0.01076,0.0812,-0.2099,0.063737,0.018129,-0.1216,0.769227,-0.001405,-0.046263
2023-12-11 00:00:00+00:00,26,1.5966,0.4651,1.0,105,602376.4515,-35410.5858,0.5349,59,322189.3705,4388.792917,172282.7254,107904.3556,-64378.3698,105,602376.4515,20,42017.18145077975,2241.071214396032,0.000586,613.0683,1.0554,0.34027,10.9187,-9.3862,-0.020222,0.040518,0.0462,-0.0049,-0.051391,-0.016314,-0.0003,0.832555,0.063328,0.012799
2023-12-12 00:00:00+00:00,27,2.2158,0.4075,1.0,97,441385.4512,-36997.2867,0.5925,63,261510.9579,4376.030982,123940.4489,55934.0444,-68006.4045,97,441385.4512,7,41520.69888287647,2212.2595482924226,-1e-06,643.6317,1.4633,0.301424,5.9802,-10.8925,-0.046329,-0.006841,-0.0328,-0.3116,-0.162425,-0.044978,0.2073,0.809372,-0.023184,0.038739
2023-12-13 00:00:00+00:00,20,2.2584,0.4084,1.0,91,514582.1639,-39176.4816,0.5916,61,304407.8817,6066.628975,145671.7113,64502.5708,-81169.1405,91,514582.1639,10,41566.94415166353,2197.581686147317,-9.2e-05,510.0575,1.7575,0.326787,5.8801,-8.2411,-0.065024,-0.036131,0.1239,0.5077,-0.20439,-0.062158,-0.3644,0.819993,0.010622,0.050766
2023-12-14 00:00:00+00:00,13,0.7472,0.416,1.0,93,320736.7899,-34700.7534,0.584,66,187311.7872,2863.747736,57060.1333,76364.8694,19304.7361,93,320736.7899,14,42859.44683692318,2278.6411859272484,-0.000603,-251.282,1.5463,0.296524,-3.4792,-0.999,0.006823,-0.004241,-0.0403,0.2229,0.042054,0.011259,0.5228,0.779359,-0.040634,-0.053196
2023-12-15 00:00:00+00:00,18,1.8772,0.2833,1.0,95,613300.7558,-44513.0081,0.7167,67,439552.7338,7407.029331,113360.6922,60387.3298,-52973.3623,95,613300.7558,10,42481.42603758607,2263.9303167277817,0.000315,1234.333,2.2709,0.263693,1.4937,5.474,-0.028248,-0.00516,0.0583,0.6077,-0.10229,-0.024478,0.7323,0.81457,0.035212,0.005199
2023-12-16 00:00:00+00:00,20,1.5191,0.3793,1.0,70,280531.2635,-38465.9258,0.6207,43,174116.3099,4902.013285,64171.4358,42243.5179,-21927.9179,70,280531.2635,7,42260.66886094575,2242.965532269741,0.000972,-570.9703,1.8436,0.275852,0.5548,14.8911,-0.023322,0.029076,-0.0113,0.5145,-0.082176,-0.020144,-0.6608,0.754011,-0.060559,-0.065982
2023-12-17 00:00:00+00:00,14,0.662,0.5705,1.0,71,601205.7247,-28484.6535,0.4295,45,258204.4779,15715.021967,136621.6812,206379.5657,69757.8845,71,601205.7247,12,41925.141137238206,2220.021086690548,-0.001057,-1283.1563,1.0027,0.400406,-12.304,9.0442,0.054918,0.003442,-0.0762,-0.0223,0.152571,0.057786,-1.1303,0.823998,0.069986,0.044639
2023-12-18 00:00:00+00:00,22,0.3877,0.6483,1.0,99,851549.9199,15514.7314,0.3517,57,299467.6525,30009.457395,154232.4716,397849.7958,243617.3243,99,851549.9199,20,41362.76241191032,2170.828419254822,-0.000266,2077.8345,2.2323,0.43072,18.135,16.2605,0.130584,0.000702,0.0314,0.1859,0.322922,0.13241,0.7956,0.846221,0.022223,0.03165
2023-12-19 00:00:00+00:00,20,1.8685,0.2633,1.0,131,927956.0585,14662.8978,0.7367,101,683649.6179,8126.148816,159137.8399,85168.6006,-73969.2393,131,927956.0585,10,42715.49156466437,2213.534922477412,0.000255,-503.9634,1.8583,0.253584,-1.4613,8.8191,-0.042766,-0.005065,-0.1382,-0.7788,-0.184902,-0.042583,2.5839,0.809107,-0.037113,0.055096
2023-12-20 00:00:00+00:00,26,2.3913,0.3415,1.0,117,816945.3971,9905.4124,0.6585,79,537920.7138,5758.663332,196748.111,82276.5723,-114471.5387,117,816945.3971,12,43145.62406028883,2208.391274913491,0.000132,50.4239,1.8294,0.294911,4.4448,7.3838,-0.074067,0.022115,-0.0536,-1.2893,-0.261005,-0.071353,3.434,0.828623,0.019516,0.004626
2023-12-21 00:00:00+00:00,27,1.8137,0.4049,1.0,116,646766.1026,-3671.1351,0.5951,76,384905.0973,6035.046167,168796.0507,93064.9547,-75731.096,116,646766.1026,13,43717.589855146914,2221.5073042085537,-0.001176,-1465.9552,0.9309,0.317252,-18.1631,-7.3001,-0.064473,-0.023241,-0.0718,-1.8173,-0.198119,-0.058137,2.5004,0.818361,-0.010262,-0.027859
2023-12-22 00:00:00+00:00,26,2.6796,0.8393,1.0,121,1005762.3245,-51151.316,0.1607,34,161596.8275,22264.023261,614750.0628,229415.4342,-385334.6286,121,1005762.3245,61,43811.59129931054,2291.8865778901013,0.000234,-840.5914,0.4119,0.597109,-6.7422,-15.5359,-0.138642,-0.006943,-0.0306,-2.0531,-0.233053,-0.135365,2.9524,0.869055,0.050694,0.059948
2023-12-23 00:00:00+00:00,17,1.0735,0.5299,1.0,74,355769.8168,-48973.2606,0.4701,46,167250.3377,6713.952738,97600.5046,90918.9745,-6681.5301,74,355769.8168,11,43713.28484253134,2293.7634492649263,0.000396,-1196.8436,-0.3237,0.341431,-10.183,-26.2738,0.001808,0.014251,0.1174,-1.1698,0.013075,0.004149,0.2405,0.797809,-0.071246,-0.030814
2023-12-24 00:00:00+00:00,18,1.2595,0.4694,1.0,72,274038.3922,-61048.9084,0.5306,39,145416.7866,4961.858806,71696.628,56924.9776,-14771.6504,72,274038.3922,15,43656.43178702964,2294.051144920267,-9.7e-05,-76.9639,-0.3783,0.320877,-0.7589,-14.7286,0.007062,0.025197,0.0146,-1.052,0.038011,0.011109,0.3923,0.773847,-0.023962,-0.044514
2023-12-25 00:00:00+00:00,15,1.5658,0.426,0.9896,75,285198.1403,-99719.4152,0.574,50,165414.9813,4311.689241,74929.6894,47853.466,-27076.2235,78,288198.1366,13,43321.31354877279,2277.371228020585,-1.7e-05,48.4728,-0.3549,0.299891,-3.255,-36.1187,-0.023139,-0.028358,-0.0157,-1.1623,-0.074715,-0.020439,0.0245,0.769807,-0.004039,-0.099247
2023-12-26 00:00:00+00:00,21,0.6014,0.4337,1.0,90,820085.6511,-76505.8973,0.5663,59,464401.2975,20591.684112,133579.4836,222104.87,88525.3864,90,820085.6511,10,42728.53498869798,2238.9761750024727,-2.4e-05,-338.6565,-0.5694,0.356145,-0.3546,-35.0121,0.050373,0.021215,-0.0363,-1.4187,0.156034,0.052837,0.0016,0.863523,0.093715,0.065714
2023-12-27 00:00:00+00:00,25,1.4517,0.5072,1.0,108,569995.307,-67761.3673,0.4928,62,280896.0002,3672.861579,171179.5679,117919.7389,-53259.829,108,569995.307,21,42810.253563371385,2284.208358833396,3.2e-05,949.506,0.0033,0.36761,9.4314,-30.0255,-0.039936,-0.0284,0.0004,-1.4135,-0.107318,-0.037057,1.0506,0.831963,-0.03156,0.058116
2023-12-28 00:00:00+00:00,26,1.8567,0.4876,1.0,116,625536.3182,-70010.9907,0.5124,74,320504.1105,5723.779448,198255.3337,106776.8741,-91478.4596,116,625536.3182,16,42956.42680743145,2384.573879144648,-0.000165,259.8603,0.1505,0.348812,1.7376,-10.1249,-0.021295,0.00446,-0.0897,-2.0467,-0.060508,-0.019813,1.9045,0.841398,0.009436,0.071591
2023-12-29 00:00:00+00:00,20,1.8925,0.3212,1.0,101,648838.5165,-24148.9413,0.6788,72,440443.8731,4983.803504,136347.4633,72047.1802,-64300.2832,101,648838.5165,9,42436.4489100069,2338.1751490776114,-0.000292,-657.8717,-0.2739,0.294698,-6.1056,-9.4882,-0.019089,0.012622,0.1742,-0.7597,-0.062286,-0.017216,0.6486,0.85488,0.013482,-0.008643
2023-12-30 00:00:00+00:00,8,0.9257,0.2612,1.0,69,382929.4836,-22642.8284,0.7388,51,282904.7617,5826.343577,48081.7308,51942.9911,3861.2603,69,382929.4836,10,42100.084287314,2297.6184272564856,0.000496,-489.968,-0.5958,0.247844,-6.5302,-5.8355,0.004546,-0.013379,-0.1065,-1.5168,0.026382,0.005967,0.0822,0.813078,-0.041801,-0.018884
2023-12-31 00:00:00+00:00,12,1.2045,0.4426,1.0,67,300488.0985,-22295.1835,0.5574,43,167501.2505,5330.522713,72662.492,60324.356,-12338.1359,67,300488.0985,12,42429.77376013616,2295.1998730972305,0.000262,-551.422,-0.9429,0.355367,-2.261,-7.3375,0.029471,0.011918,0.0616,-1.0466,0.094112,0.031291,0.3269,0.805971,-0.007107,-0.035427
2024-01-01 00:00:00+00:00,12,1.6777,0.316,1.0,70,351074.3194,-22438.4481,0.684,51,240125.8262,4952.416228,69513.7843,41434.7088,-28079.0755,70,351074.3194,7,42754.56988697976,2302.880339344182,0.000181,-206.4584,-1.0748,0.283955,-2.4058,-6.4882,-0.040791,-0.027095,-0.2589,-2.7624,-0.14101,-0.037265,1.1582,0.837358,0.031387,-0.017521
2024-01-02 00:00:00+00:00,19,1.6492,0.2939,1.0,94,582052.4273,-41073.1397,0.7061,64,410992.3038,9235.81827,106488.7892,64571.3342,-41917.455,94,582052.4273,11,45238.75222878408,2380.469122450789,-0.000728,719.9277,-0.6293,0.27407,7.4863,1.3527,-0.036287,0.033037,0.1796,-1.4954,-0.123292,-0.031188,0.2461,0.845629,0.008271,0.032551
2024-01-03 00:00:00+00:00,22,1.0489,0.4033,1.0,120,593441.225,-34281.3277,0.5967,77,354093.4074,4342.158791,122532.4813,116815.3363,-5717.145,120,593441.225,21,43996.32452241811,2297.308237369882,0.000851,1639.2712,0.402,0.30824,7.259,-0.8197,-0.033998,0.006684,0.1326,-0.5902,-0.109353,-0.031123,0.6368,0.830267,-0.015362,0.024296
2024-01-04 00:00:00+00:00,16,2.0934,0.3304,1.0,86,498292.5732,-29525.7856,0.6696,64,333668.759,5465.188974,111406.7395,53217.0747,-58189.6648,86,498292.5732,6,43468.071715984806,2245.172794911228,-0.00123,-1262.789,-0.4268,0.263844,-4.2041,-6.7613,-0.036735,0.006962,0.011,-0.5237,-0.14069,-0.034338,0.6202,0.83538,0.005113,-0.001978
2024-01-05 00:00:00+00:00,15,2.0326,0.3361,1.0,84,595236.1371,-30072.4163,0.6639,61,395155.5988,5078.009409,134103.6182,65976.9202,-68126.698,84,595236.1371,8,43778.95784125684,2245.6632316796754,0.000842,-328.9129,-0.6584,0.285209,-4.1991,-4.8548,-0.035727,-0.009177,-0.0716,-1.0268,-0.125857,-0.033691,-0.3153,0.853891,0.018511,0.008262
2024-01-06 00:00:00+00:00,16,1.5319,0.4042,0.9735,65,220701.9756,-33373.9624,0.5958,48,135070.5014,3184.627781,55440.5091,36190.9464,-19249.5627,71,226701.9569,7,43850.62846583957,2244.452247909805,0.001041,-209.4424,-0.8132,0.286149,-0.9924,0.683,-0.037734,-0.011128,-0.0888,-1.6058,-0.131125,-0.034096,-1.1779,0.755019,-0.098872,-0.075248
2024-01-07 00:00:00+00:00,12,1.1102,0.4784,0.9773,57,172279.457,-32240.5175,0.5216,42,91952.0782,2907.887814,44362.4512,39958.4295,-4404.0217,61,176272.9588,7,44082.94267447208,2242.0264347213683,0.000869,1288.4113,0.0274,0.299917,13.9847,16.9287,0.001664,0.050169,-0.1886,-2.7428,0.008107,0.002219,2.7573,0.735531,-0.019487,-0.099849
2024-01-08 00:00:00+00:00,20,1.4306,0.3248,1.0,105,568177.1063,-32899.6729,0.6752,73,383651.4486,6672.310487,108609.4104,75916.2474,-32693.163,105,568177.1063,12,44791.5593202402,2253.6130718374056,-0.001679,-575.5572,-0.3779,0.32296,-6.0521,13.2823,-0.017501,-0.035682,0.2133,-1.3207,-0.044112,-0.013251,0.4086,0.838605,0.103074,-0.015286
2024-01-09 00:00:00+00:00,21,1.4279,0.4099,1.0,105,538274.9866,-32466.1887,0.5901,67,317646.8851,5115.640544,129755.5837,90872.5177,-38883.066,105,538274.9866,17,46655.55443770224,2293.493436253588,0.000156,-343.3148,-0.6295,0.325296,-6.2939,-0.4979,-0.029433,-0.014154,-0.0006,-1.3126,-0.085691,-0.026089,0.7626,0.83379,-0.004815,0.078771
2024-01-10 00:00:00+00:00,31,1.1836,0.4692,1.0,135,733669.2903,-35784.1337,0.5308,82,389425.0641,4362.292648,186593.493,157650.7332,-28942.7597,135,733669.2903,22,45827.08026340185,2408.951586752408,0.000502,1880.2643,0.6501,0.354637,13.8304,6.0736,-0.03067,-0.021634,-0.3068,-3.0848,-0.083094,-0.027485,2.3536,0.841269,0.007478,0.105737
2024-01-11 00:00:00+00:00,33,1.125,0.4377,1.0,142,899279.0735,-30779.9148,0.5623,90,505652.0376,7187.297822,208393.5842,185233.4517,-23160.1324,142,899279.0735,19,46597.26086879749,2609.966386828828,-0.001563,-690.5627,0.1511,0.334476,-3.3744,6.9033,-0.026865,0.020667,0.1066,-2.3355,-0.079314,-0.024533,0.7278,0.833429,-0.007839,-0.005176
2024-01-12 00:00:00+00:00,30,1.6439,0.6647,1.0,124,732897.9713,-37995.9527,0.3353,72,245757.7107,12267.787577,302889.6121,184250.6485,-118638.9636,124,732897.9713,22,45180.53069488189,2606.8158022510693,0.000697,-807.0607,-0.4439,0.48638,-6.5245,4.5779,-0.00068,-0.005912,0.0791,-1.8163,0.005435,0.002535,2.4834,0.854847,0.021418,0.021057
2024-01-13 00:00:00+00:00,15,0.9186,0.5101,1.0,75,324691.1305,-34242.4252,0.4899,48,159081.36,5383.565516,79292.32,86317.4504,7025.1304,75,324691.1305,12,42861.65065969789,2549.4990223641857,-0.000209,-789.9342,-1.0371,0.353577,-5.2844,0.2858,0.015316,0.010363,0.5638,1.4153,0.051554,0.017133,-0.3696,0.810175,-0.044673,-0.031094
2024-01-14 00:00:00+00:00,13,1.7601,0.4461,1.0,58,284884.8676,-38612.6235,0.5539,35,157803.1812,5073.354845,81038.5483,46043.1381,-34995.4103,58,284884.8676,10,42782.271803856645,2540.58101853987,0.000246,1547.788,0.0779,0.326052,21.4323,7.7334,-0.04045,-0.232111,2.9647,8.3434,-0.127063,-0.038371,-2.6167,0.807947,-0.002228,-0.025483
2024-01-15 00:00:00+00:00,18,1.4211,0.3863,1.0,93,478012.6896,-38530.1993,0.6137,58,293351.1616,5621.022434,108388.8607,76272.6672,-32116.1934,93,478012.6896,17,42565.62943502979,2518.597474403693,6.6e-05,-969.1952,-0.6603,0.317119,-16.0907,-2.3052,0.000793,0.280312,-3.168,0.0162,0.005199,0.00155,-0.2001,0.834149,0.026202,-0.020699
2024-01-16 00:00:00+00:00,19,1.1329,0.4679,1.0,86,390485.029,-34601.6275,0.5321,56,207790.5778,5032.587567,97038.7574,85655.6937,-11383.0637,86,390485.029,11,42900.27729265093,2544.386261821703,-0.000411,1095.6244,0.1439,0.326715,9.7485,13.7372,-0.008807,-0.018608,0.3816,1.0019,-0.02318,-0.007057,0.2474,0.814395,-0.019753,0.00422
2024-01-17 00:00:00+00:00,15,1.2928,0.3704,1.0,93,472951.3959,-33662.8206,0.6296,66,297766.8518,4033.912575,98777.8276,76406.7166,-22371.111,93,472951.3959,12,42711.34491363164,2551.1013220769687,0.000632,350.4829,0.3938,0.300186,2.9916,2.8983,-0.012795,0.017092,-0.2082,0.4541,-0.039127,-0.010888,0.241,0.818484,0.004089,0.010538
2024-01-18 00:00:00+00:00,17,0.6501,0.4091,1.0,102,716953.0736,-21471.3075,0.5909,65,423674.676,7688.868224,115548.9691,177729.4285,62180.4594,102,716953.0736,20,42238.36518566275,2506.804335651978,-0.000703,-199.1003,0.2232,0.318952,-1.5416,4.7311,0.041017,-0.011939,-0.1568,0.0411,0.145229,0.043301,1.9403,0.838247,0.019763,0.004099
2024-01-19 00:00:00+00:00,17,1.2668,0.3232,1.0,106,488529.0398,-7177.6739,0.6768,73,330656.9897,4363.724078,88227.7894,69644.2607,-18583.5288,106,488529.0398,16,41279.93304437824,2472.967305862701,-0.000197,-513.1848,-0.2029,0.26103,-6.5586,4.697,-0.036889,-0.028116,-0.1803,-0.4246,-0.147618,-0.034868,1.9101,0.801332,-0.036915,-0.013063
2024-01-20 00:00:00+00:00,14,2.0462,0.5308,0.9772,58,214374.8106,-13894.5141,0.4692,43,102927.3905,5154.167583,78218.035,38225.2837,-39992.7512,63,219370.7092,6,41592.307017568906,2471.3946029116446,0.000635,-1386.8736,-1.338,0.307578,-10.9714,-0.99,-0.06241,-0.024478,-0.0819,-0.631,-0.21155,-0.060071,-0.5654,0.760751,-0.040581,-0.057733
2024-01-21 00:00:00+00:00,10,7.8299,0.3138,1.0,50,302760.5486,-19393.737,0.6862,34,207750.5893,12719.763338,84249.9649,10759.9944,-73489.9705,50,302760.5486,6,41666.67895786728,2471.277743547,0.000266,-346.4239,-1.5952,0.242059,-3.0143,-25.4366,-0.065724,-0.002623,0.0362,-0.53,-0.287965,-0.063753,-1.2841,0.79395,0.033199,-0.044297
2024-01-22 00:00:00+00:00,14,1.2693,0.3184,1.0,99,670714.7658,-18426.3921,0.6816,69,457166.0302,6130.759695,119446.7573,94101.9783,-25344.779,99,670714.7658,16,40755.18067572979,2390.7832200692505,-5.2e-05,532.9268,-1.1509,0.29163,3.3403,-6.0056,-0.01104,0.024357,0.0246,-0.4616,-0.030759,-0.008414,0.0729,0.855499,0.061549,0.054167
2024-01-23 00:00:00+00:00,25,1.9802,0.2812,1.0,110,1453079.6057,-35998.0452,0.7188,72,1044486.8733,39519.058955,271488.6837,137104.0486,-134384.6351,110,1453079.6057,13,39377.3102905996,2257.4715125593016,-2.5e-05,-296.4422,-1.3656,0.305982,-1.563,-17.3171,-0.012102,0.021118,-0.0494,-0.5818,-0.042633,-0.012415,-1.9512,0.88425,0.02875,0.123499
2024-01-24 00:00:00+00:00,10,0.6091,0.3817,1.0,85,432106.366,-27079.5284,0.6183,58,267188.8907,4469.931778,62429.4844,102487.9909,40058.5065,85,432106.366,17,39899.23443982456,2228.370714928793,-0.000148,-308.2213,-1.5776,0.292919,-2.9611,-23.2698,0.052062,-0.005041,0.0112,-0.5454,0.191401,0.052068,-0.4276,0.828667,-0.055583,0.034717
2024-01-25 00:00:00+00:00,11,4.9215,0.1136,1.0,102,2275962.2494,-60421.078,0.8864,86,2017434.1273,44749.078105,214869.255,43658.867,-171210.388,102,2275962.2494,5,39939.4679073435,2215.1552626600246,0.000241,1286.2754,-0.5808,0.169255,12.7741,-8.9541,-0.051481,0.007397,-0.0659,-0.7046,-0.318428,-0.051222,2.1979,0.929987,0.101321,0.074488
2024-01-26 00:00:00+00:00,23,1.234,0.3158,1.0,106,648571.1736,-60831.473,0.6842,54,443764.8368,10915.541045,113131.3151,91675.0217,-21456.2933,106,648571.1736,29,40871.64525789083,2238.477211959928,-0.000634,-530.1757,-1.008,0.248107,-4.9934,-7.3888,-0.014453,0.008373,-0.0367,-0.7868,-0.060838,-0.013891,2.9891,0.836705,-0.093282,-0.047544
2024-01-27 00:00:00+00:00,18,3.2637,0.6254,1.0,58,249239.7396,-66941.6444,0.3746,24,93354.5851,7072.324933,119324.5529,36560.6016,-82763.9512,58,249239.7396,16,41808.17497437742,2267.387956000693,0.00021,-675.7342,-1.5377,0.324949,-7.3103,-3.7277,-0.094388,0.002957,-0.17,-1.1963,-0.312869,-0.094962,0.353,0.764237,-0.072468,-0.064429
2024-01-28 00:00:00+00:00,13,1.2575,0.5375,0.9739,64,186289.5128,-58118.2474,0.4625,45,88478.6808,2687.604973,57266.4927,45540.301,-11726.1917,69,191285.4745,11,42252.86015314441,2276.0256572138123,0.000385,-109.4817,-1.5964,0.307852,-0.4443,-1.1577,0.039778,-0.01924,0.1419,-0.819,0.133669,0.037601,0.7099,0.729283,-0.034954,-0.200704
2024-01-29 00:00:00+00:00,17,3.2374,0.2156,1.0,87,591082.0312,-64111.4069,0.7844,62,463629.2686,5668.201205,97374.8288,30077.9337,-67296.8951,87,591082.0312,8,42431.89288028296,2274.018181951268,0.000549,202.5524,-1.4151,0.227635,1.5011,-2.997,-0.048497,-0.006372,0.0051,-0.7923,-0.220537,-0.046535,-0.1974,0.855295,0.126012,0.01859
2024-01-30 00:00:00+00:00,19,0.9494,0.2717,1.0,98,696316.631,-44211.5953,0.7283,59,507115.3546,9184.386641,92143.6153,97057.6612,4914.0459,98,696316.631,20,43418.39185126319,2329.64463573974,-0.001222,1362.0075,-0.3647,0.245758,11.4445,10.0105,0.012736,-0.000918,0.0692,-0.6058,0.073808,0.016762,0.9641,0.836421,-0.018874,0.072183
2024-01-31 00:00:00+00:00,16,1.5587,0.3154,1.0,123,1154846.5173,-61298.1021,0.6846,91,790558.3846,14803.161272,221917.587,142370.5458,-79547.0412,123,1154846.5173,16,42920.68213862702,2321.654567444702,0.000602,-203.042,-0.5199,0.268225,-0.9348,12.0368,-0.026332,0.006082,0.0687,-0.4251,-0.096994,-0.02448,4.0829,0.868998,0.032577,0.139715
2024-02-01 00:00:00+00:00,13,0.9017,0.3355,1.0,102,544755.3448,-35489.3876,0.6645,73,362016.0728,5640.108344,86644.3291,96094.9429,9450.6138,102,544755.3448,16,42421.48831258111,2277.7830384793547,0.000505,314.0994,-0.2833,0.284198,1.8758,1.1385,0.024013,-0.001964,0.01,-0.3915,0.091303,0.024083,0.8521,0.821637,-0.047362,-0.033659
2024-02-02 00:00:00+00:00,16,2.6476,0.4137,1.0,86,422394.5226,-43698.7472,0.5863,60,247670.3332,6711.244052,126823.0001,47901.1893,-78921.8108,86,422394.5226,10,43024.25131068908,2303.4610609471306,0.000538,-697.4481,-0.8305,0.274018,-4.7681,1.3638,-0.045936,0.011842,-0.057,-0.5249,-0.183641,-0.046556,0.1537,0.808509,-0.013128,-0.027912
2024-02-03 00:00:00+00:00,13,3.9772,0.4031,0.9758,60,120295.3744,-36122.0282,0.5969,45,73585.0235,2086.457618,39711.8107,9984.8924,-29726.9184,63,123281.7266,5,43088.41608642114,2309.4802529047697,0.000488,-307.3294,-1.0673,0.224978,-4.3185,4.3556,-0.04327,-0.009884,0.0251,-0.4505,-0.214172,-0.042021,-0.2818,0.714973,-0.093535,-0.154025
2024-02-04 00:00:00+00:00,20,1.1034,0.6576,1.0,57,231173.2177,-35514.887,0.3424,25,79151.5118,3911.150293,79748.9545,72272.7514,-7476.2031,57,231173.2177,12,42880.09776764826,2298.0786897436906,8.4e-05,-252.556,-1.2391,0.355383,-1.3692,3.4308,0.043621,-0.001254,-0.1233,-0.7467,0.133599,0.044509,-0.4228,0.782819,0.067846,-0.038817
2024-02-05 00:00:00+00:00,10,0.8502,0.2106,1.0,88,871657.2858,-23777.3333,0.7894,68,688062.5947,8986.402348,84364.3551,99230.336,14865.9809,88,871657.2858,10,42752.22932854234,2300.641380958896,-0.000372,344.2526,-0.9615,0.216957,2.1301,4.0598,0.007259,0.006417,-0.0254,-0.7978,0.039209,0.007975,0.6169,0.872296,0.089477,0.063788
2024-02-06 00:00:00+00:00,21,1.4462,0.4855,1.0,93,601077.8268,-32083.9124,0.5145,48,309260.7909,7522.767211,172524.5221,119292.5138,-53232.0082,93,601077.8268,24,42904.59387881691,2334.072430544247,-0.000414,1787.0226,0.4024,0.378062,12.9718,5.5872,-0.017594,-0.043063,0.103,-0.5291,-0.048166,-0.017274,-0.0985,0.834835,-0.037462,0.119861
2024-02-07 00:00:00+00:00,17,1.5329,0.5256,1.0,112,1063683.5526,-37522.1156,0.4744,78,504633.0254,21013.828838,338332.4954,220718.0319,-117614.4634,112,1063683.5526,17,43205.03009524418,2381.7962130993624,0.000337,446.7032,0.7615,0.485205,2.725,9.247,0.043044,-0.017078,0.1212,-0.222,0.093181,0.043534,2.4124,0.853031,0.018197,0.070212
2024-02-08 00:00:00+00:00,13,1.2593,0.2486,1.0,113,632313.8473,-41450.0278,0.7514,94,475102.2036,6834.972235,87628.2076,69583.4361,-18044.7714,113,632313.8473,6,44854.17345720267,2427.480365783751,-0.000252,1712.1943,2.0267,0.246984,22.5861,29.9573,-0.000698,0.013906,0.0645,-0.0606,-0.000467,-0.000105,1.0996,0.820062,-0.032969,-0.052234
2024-02-09 00:00:00+00:00,22,2.5548,0.3888,1.0,110,869691.2733,-51302.8652,0.6112,78,531566.0761,9522.689399,243008.4349,95116.7623,-147891.6725,110,869691.2733,10,46730.52687447535,2473.957784747518,-0.001234,1198.2004,2.7706,0.322586,9.1341,43.8595,-0.052232,-0.000588,-0.1434,-0.4122,-0.167555,-0.050996,1.0049,0.848216,0.028154,0.013382
2024-02-10 00:00:00+00:00,8,1.154,0.2166,1.0,65,279609.5249,-47674.9307,0.7834,49,219038.1721,4709.847732,32451.3649,28119.9879,-4331.377,65,279609.5249,8,47346.164168301264,2495.889513721629,0.001676,-3395.4592,0.3083,0.211019,-31.3068,16.8712,-0.018043,-0.024446,-0.0221,-0.4574,-0.079358,-0.01474,-0.7155,0.771817,-0.076399,-0.081215
2024-02-11 00:00:00+00:00,8,2.4826,0.2736,0.9411,53,139444.4767,-49072.5448,0.7264,51,107632.0518,2341.875917,28900.8397,11641.338,-17259.5017,62,148174.2295,3,48140.073732599856,2514.900383355539,0.000386,-818.8131,-0.2696,0.220102,-8.0355,10.2049,-0.037446,0.011575,-0.0028,-0.4511,-0.182648,-0.034645,-0.813,0.735541,-0.036276,-0.084521
2024-02-12 00:00:00+00:00,19,1.9524,0.2515,1.0,111,526617.6428,-57298.6873,0.7485,82,394193.9542,5959.755578,87570.3528,44853.3358,-42717.017,111,526617.6428,10,48728.47026902655,2535.20591454726,0.000633,1350.561,0.7098,0.236971,3.622,11.6968,-0.034374,0.015018,0.052,-0.3106,-0.139862,-0.029875,-2.8114,0.776368,0.040827,-0.071848
2024-02-13 00:00:00+00:00,19,0.9621,0.4589,1.0,110,517539.5839,-49037.9358,0.5411,70,280021.6165,4197.506647,116462.3575,121055.6099,4593.2523,110,517539.5839,21,49630.84967519159,2647.0465587460976,-0.000914,-1058.8327,-0.0569,0.331367,0.3495,-0.9256,0.001605,-0.01396,-0.1493,-0.6743,0.016888,0.005228,1.3465,0.829181,0.052813,0.057364
2024-02-14 00:00:00+00:00,23,5.1133,0.5062,1.0,93,968152.2073,-79346.7336,0.4938,57,478029.9851,26823.981479,409949.1351,80173.0871,-329776.048,93,968152.2073,13,50845.33704518669,2710.340851089941,0.000306,-470.2089,-0.3912,0.388772,-4.985,-8.6356,-0.179108,0.022263,-0.027,-0.7286,-0.473162,-0.176102,0.424,0.869732,0.040551,0.134191
2024-02-15 00:00:00+00:00,15,1.2719,0.3291,1.0,105,488245.2391,-79516.3755,0.6709,75,327540.0231,5053.848707,89968.7403,70736.4756,-19232.2647,105,488245.2391,15,52100.40362613398,2806.332366294963,-0.001032,933.5086,0.2817,0.2889,5.0658,-26.1559,-0.012204,-0.015806,0.0844,-0.5051,-0.036842,-0.009687,0.7656,0.813213,-0.056519,0.036846
2024-02-16 00:00:00+00:00,19,1.202,0.5162,1.0,96,412161.2736,-61176.8684,0.4838,57,199420.6846,3148.403775,116127.8559,96612.7331,-19515.1228,96,412161.2736,20,52028.33322083661,2814.5936098141706,-0.000153,-830.671,-0.3274,0.351458,-3.9427,-39.2327,0.023848,0.019178,0.0511,-0.3616,0.081329,0.026566,1.0412,0.812077,-0.001137,-0.017104
2024-02-17 00:00:00+00:00,12,1.0383,0.5372,1.0,64,216419.9579,-60870.5566,0.4628,39,100164.2908,3171.011164,59221.4306,57034.2365,-2187.1941,64,216419.9579,13,51656.5962125749,2780.149634303721,0.00089,-815.5216,-0.9201,0.333404,-6.9514,-14.8773,-0.001184,0.022822,0.0146,-0.3186,0.006717,0.002067,-0.2442,0.765895,-0.046182,-0.103837
2024-02-18 00:00:00+00:00,10,0.9676,0.4754,1.0,69,258761.6555,-58115.7333,0.5246,40,135736.5597,4497.567926,60500.4175,62524.6784,2024.2609,69,258761.6555,19,51728.93572902028,2807.110772325235,0.000285,274.689,-0.7044,0.344992,2.9652,-3.8767,0.031529,-0.007846,0.0142,-0.2769,0.109271,0.035165,-0.259,0.788263,0.022368,-0.02495
2024-02-19 00:00:00+00:00,21,0.9505,0.4506,1.0,96,611418.9939,-51014.3897,0.5494,53,335942.0102,6464.941565,134242.2978,141234.6859,6992.3881,96,611418.9939,22,52115.56940540723,2910.476079542295,-0.000999,1202.7157,0.1779,0.360393,12.3219,4.8232,0.026541,-0.012744,-0.0522,-0.4005,0.090915,0.030822,0.6067,0.838255,0.049992,0.026178
2024-02-20 00:00:00+00:00,24,1.8761,0.3624,1.0,123,779115.7423,-63956.4199,0.6376,80,496797.375,6889.640976,184159.6628,98158.7044,-86000.9584,123,779115.7423,19,51888.10719153224,2937.482509433773,0.000318,405.6185,0.4767,0.311039,2.3942,6.868,-0.020214,0.003481,-0.0089,-0.4151,-0.057975,-0.016826,2.1661,0.848178,0.009923,0.082283
2024-02-21 00:00:00+00:00,22,1.1567,0.3237,1.0,116,624731.1051,-18944.1412,0.6763,79,422514.358,5021.701982,108453.4224,93763.3248,-14690.0976,116,624731.1051,15,51474.83727185155,2940.9127946371104,-0.000415,278.4559,0.6727,0.305667,0.6425,12.4954,0.016366,-0.013151,0.0535,-0.2735,0.067841,0.019132,0.8205,0.829902,-0.018277,0.041639
2024-02-22 00:00:00+00:00,20,1.3208,0.3988,1.0,99,489096.6021,-20047.9467,0.6012,67,294066.8381,4682.728443,110994.3336,84035.4304,-26958.9032,99,489096.6021,12,51589.81123686188,2971.237362935281,0.001041,862.8462,1.2736,0.330271,6.0591,13.4887,0.001708,0.010387,0.0237,-0.2097,0.012311,0.003776,0.1511,0.82835,-0.001552,-0.009905
2024-02-23 00:00:00+00:00,21,0.8874,0.422,1.0,94,393248.006,-15846.1498,0.578,62,227300.161,5045.92592,78025.1946,87922.6504,9897.4558,94,393248.006,11,51092.48312624098,2946.140693695536,-0.000996,-727.194,0.732,0.304167,-4.6463,12.785,0.018858,-0.0078,-0.0432,-0.3134,0.078641,0.021961,-0.0517,0.797018,-0.031332,-0.05116
2024-02-24 00:00:00+00:00,12,1.0464,0.3407,1.0,67,286623.4751,-15850.064,0.6593,47,188971.6223,4531.016568,49933.2234,47718.6295,-2214.5939,67,286623.4751,8,51135.73569690649,2957.8380907244955,0.001065,-1382.4397,-0.27,0.264924,-11.4673,8.2691,-0.000838,0.011147,-0.0779,-0.5007,0.002952,0.000717,0.0253,0.787516,-0.009502,-0.042385
2024-02-25 00:00:00+00:00,25,0.9513,0.5481,1.0,75,360374.4337,-15435.4739,0.4519,38,162861.0069,6019.301197,96293.5176,101219.9092,4926.3916,75,360374.4337,12,51626.336929997335,3041.901665812671,0.000241,53.7726,-0.2278,0.344186,0.7693,6.0733,0.017776,-0.004577,-0.0666,-0.6539,0.061876,0.019992,0.6255,0.812287,0.024771,-0.016063
2024-02-26 00:00:00+00:00,31,1.5589,0.384,1.0,127,605340.4716,-23686.9107,0.616,79,372890.1816,3665.622306,141608.9798,90841.3102,-50767.6696,127,605340.4716,17,52255.83419900204,3114.775258728511,-0.00063,1220.4793,0.6544,0.301601,8.3343,2.0857,-0.007985,-0.002089,0.0446,-0.5261,-0.017073,-0.004771,2.5924,0.834876,0.022589,0.037858
2024-02-27 00:00:00+00:00,33,1.4699,0.5668,1.0,144,800972.7119,-23740.3902,0.4332,81,346993.9531,9744.088877,270177.0366,183801.7221,-86375.3145,144,800972.7119,30,56400.79096349183,3234.523608649783,0.000128,860.6282,1.2582,0.432018,10.7803,10.4719,0.032152,-0.005428,0.0048,-0.4991,0.08812,0.035427,-0.1031,0.78745,-0.047426,-6.6e-05
2024-02-28 00:00:00+00:00,31,1.4011,0.3821,1.0,151,838076.5016,-29285.1697,0.6179,101,517815.6201,6091.574014,186882.2177,133378.6638,-53503.5539,151,838076.5016,19,59233.62781772161,3309.641944997765,-0.000336,1258.5903,2.1062,0.310927,7.483,17.3124,-0.009028,0.002737,-0.0322,-0.5678,-0.019631,-0.005493,0.2944,0.792689,0.005239,-0.019598
2024-02-29 00:00:00+00:00,33,1.7033,0.3766,1.0,150,544368.0037,-33053.5249,0.6234,104,339360.8171,2958.671005,129172.2882,75834.8984,-53337.3898,150,544368.0037,13,62155.0310244268,3433.7271949438723,0.000163,979.1105,2.6719,0.271466,14.8517,26.105,-0.027806,0.020351,0.0816,-0.3509,-0.105259,-0.024524,0.3724,0.748973,-0.043716,-0.085903
2024-03-01 00:00:00+00:00,22,1.3143,0.3288,1.0,120,546886.5211,-37955.5983,0.6712,86,367092.8125,4275.864341,102105.3834,77688.3252,-24417.0582,120,546886.5211,12,61833.60588236263,3403.632439228913,0.000545,-1585.9858,1.5597,0.265982,-16.6528,14.0985,-0.022411,0.009399,-0.0446,-0.4483,-0.072515,-0.017182,2.0407,0.804079,0.055106,0.016629
2024-03-02 00:00:00+00:00,13,0.9688,0.4151,1.0,85,359205.4634,-37302.0778,0.5849,52,210082.6759,6239.140651,73381.3689,75741.4186,2360.0496,85,359205.4634,20,62043.42596673914,3425.518570224916,0.000313,-618.9073,1.1257,0.316313,-4.565,21.0008,0.026025,0.001417,0.0278,-0.3693,0.108923,0.031197,0.7903,0.776126,-0.027953,-0.016563
2024-03-03 00:00:00+00:00,24,1.1926,0.5063,0.9749,89,309185.4919,-40021.0136,0.4937,61,156577.9396,3343.169888,87344.5565,73238.3973,-14106.1592,97,317160.8933,12,62185.9574120768,3434.897108330138,0.000191,276.5444,1.3017,0.312716,0.9585,21.19,-0.007754,-0.008732,-0.0478,-0.4849,-0.007763,-0.002158,0.6169,0.741783,-0.034344,-0.007191
2024-03-04 00:00:00+00:00,23,0.9163,0.449,1.0,132,544963.3484,-31241.7635,0.551,85,300256.238,3492.722042,117010.0147,127697.0957,10687.0811,132,544963.3484,24,65242.81408606099,3521.7582597823985,-0.000793,3060.6222,3.1655,0.311633,26.2829,39.1385,0.007421,-0.001717,0.1095,-0.1934,0.051666,0.014435,2.1947,0.790566,0.048783,-0.013513
2024-03-05 00:00:00+00:00,41,2.282,0.3781,1.0,169,939732.8566,-38729.4891,0.6219,112,584421.0857,4686.288595,247050.582,108261.1888,-138789.3932,169,939732.8566,16,66316.44216093716,3658.041031052411,-7e-05,1331.9466,3.7122,0.329231,7.1408,35.499,-0.051749,0.001457,-0.0278,-0.2591,-0.149861,-0.044387,1.7943,0.809897,0.019331,0.033771
2024-03-06 00:00:00+00:00,30,0.4687,0.5017,1.0,148,987340.4991,-5487.0869,0.4983,95,492028.1318,16571.003297,158059.553,337252.8143,179193.2612,148,987340.4991,23,65878.21578064722,3759.61243839761,-0.000652,-1570.8961,2.6681,0.366628,-6.2108,21.8052,0.064033,-0.002728,-0.001,-0.2571,0.20545,0.069476,0.0759,0.817002,0.007105,0.07522
2024-03-07 00:00:00+00:00,24,1.0738,0.3879,1.0,123,680148.25,791.8572,0.6121,73,416340.8612,4623.52425,136596.0847,127211.304,-9384.7807,123,680148.25,26,66792.15999770541,3820.239617578969,0.000327,-912.4198,2.0817,0.324935,-9.766,-2.8125,0.017986,0.002691,-0.042,-0.3612,0.075306,0.022519,2.3489,0.820145,0.003143,0.029579
2024-03-08 00:00:00+00:00,32,1.0015,0.3606,1.0,143,727710.8957,4251.1912,0.6394,80,465278.3842,10931.445493,131317.116,131115.3955,-201.7204,143,727710.8957,31,67797.32680288045,3929.8697665164486,0.000723,-904.0758,1.5408,0.29919,-8.7044,5.136,-0.006667,0.001964,-0.0038,-0.3665,-0.003137,-0.000856,3.6248,0.82053,0.000385,0.010633
2024-03-09 00:00:00+00:00,15,0.8251,0.4435,1.0,80,360834.7117,6105.5026,0.5565,46,200800.2262,5275.187574,72347.128,87687.3575,15340.2295,80,360834.7117,19,68398.10261726101,3916.9761049390327,0.000228,-591.9917,1.1913,0.334335,-4.7965,4.9046,0.034359,0.014409,-0.001,-0.3623,0.123243,0.037579,0.2354,0.779137,-0.041393,-0.037865
2024-03-10 00:00:00+00:00,17,0.8033,0.5939,1.0,86,371244.4872,11557.1305,0.4061,51,150772.8217,4029.116576,98208.2147,122263.4507,24055.236,86,371244.4872,18,69372.9169659822,3923.931555514355,-0.000565,335.7993,1.3464,0.39449,4.9857,8.9318,0.055754,0.000127,0.1075,-0.0802,0.167321,0.061213,-0.0436,0.78565,0.006513,-0.034495
2024-03-11 00:00:00+00:00,27,3.1513,0.5042,1.0,125,766613.4733,-18582.9535,0.4958,85,380115.3949,13620.324058,293395.7929,93102.2856,-200293.5073,125,766613.4733,13,70862.9456082674,3974.926625786391,1.3e-05,918.5375,1.7945,0.40837,8.247,-9.1041,-0.029742,-0.022548,-0.1461,-0.4489,-0.064747,-0.024686,0.4851,0.827276,0.041626,0.006746
2024-03-12 00:00:00+00:00,31,4.1578,0.5011,1.0,122,848889.0999,-35959.3097,0.4989,80,423522.9931,14573.986313,342894.9966,82471.1102,-260423.8864,122,848889.0999,11,71732.22102729748,4005.537401193897,-0.00016,-762.3736,1.373,0.461426,-8.848,-25.093,-0.047433,0.015512,0.0617,-0.2804,-0.096376,-0.042124,1.23,0.842474,0.015198,0.063337
2024-03-13 00:00:00+00:00,22,1.373,0.2341,1.0,108,1023226.5424,-66937.4262,0.7659,75,783653.7854,26296.804113,138613.1555,100959.6016,-37653.5539,108,1023226.5424,11,72665.35088222561,4014.103556584225,0.000953,-19.2636,1.3429,0.269679,4.0609,-14.8212,0.003084,-0.014519,-0.0402,-0.3747,0.025299,0.006328,0.808,0.862869,0.020395,0.077219
2024-03-14 00:00:00+00:00,30,2.212,0.359,1.0,136,669736.5868,-78558.8233,0.641,94,429274.7133,4462.033904,165598.2171,74863.6564,-90734.5607,136,669736.5868,12,72187.61101324079,3925.426822548765,0.000476,-748.5307,0.9592,0.307421,-9.8823,-14.9376,-0.065308,0.007479,-0.0133,-0.3978,-0.208093,-0.057881,1.3998,0.818105,-0.044763,-0.00917
2024-03-15 00:00:00+00:00,35,1.247,0.4371,1.0,141,654144.7453,-83020.7401,0.5629,87,368213.0299,3569.934355,158683.4266,127248.2888,-31435.1378,141,654144.7453,19,68611.40866889992,3723.474081174334,0.000838,-1059.2475,0.4133,0.35209,-10.1644,-16.3976,-0.053719,-0.006183,-0.1161,-0.6833,-0.151336,-0.048748,0.227,0.811013,-0.007093,-0.031462
2024-03-16 00:00:00+00:00,30,1.3042,0.5622,1.0,95,408640.1386,-89545.0126,0.4378,45,178910.9112,4562.213591,130029.4527,99699.7747,-30329.678,95,408640.1386,20,68241.70502745429,3680.186457080886,-0.00038,-948.0372,-0.08,0.387646,-8.7351,-20.3362,-0.007491,-0.004581,-0.0621,-0.8272,-5.3e-05,-1.9e-05,1.0044,0.793348,-0.017664,-0.06952
2024-03-17 00:00:00+00:00,24,2.2198,0.333,1.0,95,410235.7456,-100375.2673,0.667,65,273619.3393,5632.15733,94186.4768,42429.9295,-51756.5473,95,410235.7456,6,66937.34439283087,3574.242145240221,0.000788,-510.5288,-0.3321,0.300925,-4.1462,-29.4681,-0.06835,0.018442,0.0457,-0.6944,-0.228467,-0.062621,0.0458,0.810713,0.017365,-0.007392
2024-03-18 00:00:00+00:00,31,1.2951,0.4295,1.0,119,696199.4865,-77254.1649,0.5705,68,397196.8472,5000.077799,168724.2147,130278.4246,-38445.7901,119,696199.4865,20,67716.64709809139,3563.1328361925093,-0.000615,756.9647,0.0811,0.322987,5.5385,-32.1766,-0.032894,0.029529,0.0523,-0.5501,-0.09259,-0.027843,1.144,0.843202,0.032489,0.03219
2024-03-19 00:00:00+00:00,45,1.9607,0.4426,1.0,152,738351.6306,-55198.4081,0.5574,95,411579.6411,3665.576033,216402.7894,110369.2002,-106033.5892,152,738351.6306,12,64504.47814351358,3328.4875796904885,-0.000412,411.2046,0.3123,0.344797,5.367,-17.9616,-0.042102,0.006405,0.0632,-0.3817,-0.116784,-0.037026,0.5166,0.823965,-0.019237,0.030617
2024-03-20 00:00:00+00:00,34,1.2436,0.469,1.0,151,869135.7594,-56142.4498,0.531,98,461514.9864,4176.185693,225941.3094,181679.4637,-44261.8457,151,869135.7594,19,63689.2753647171,3277.6082384114347,0.000256,-405.8009,0.0977,0.360766,-4.154,-26.1766,0.000829,-0.008706,-0.119,-0.6798,0.002329,0.000788,0.5957,0.847554,0.023589,0.036841
2024-03-21 00:00:00+00:00,33,1.4631,0.4777,1.0,127,532101.8142,-50008.7354,0.5223,76,277891.0737,4164.643974,151004.6501,103206.0904,-47798.5597,127,532101.8142,18,66681.84642668704,3508.2776114023777,7.7e-05,-552.6247,-0.1978,0.348883,-4.6667,-20.9609,-0.000563,-0.018562,0.0186,-0.6255,0.00782,0.002562,3.2848,0.838231,-0.009323,-0.004971
2024-03-22 00:00:00+00:00,27,3.1106,0.4549,1.0,113,488524.2138,-61818.9426,0.5451,76,266290.173,3773.849045,168170.3146,54063.7262,-114106.5885,113,488524.2138,10,64683.20078785752,3412.9814437508776,-0.00054,-625.8012,-0.5367,0.32833,-6.5534,-17.3499,-0.054988,-0.006628,-0.0757,-0.8058,-0.166127,-0.051069,1.2559,0.835104,-0.003127,0.011139
2024-03-23 00:00:00+00:00,14,0.927,0.501,1.0,72,266165.819,-56764.5134,0.499,47,132814.7738,3861.772826,64149.8594,69201.1858,5051.3265,72,266165.819,11,64560.73588976223,3364.778666934444,0.000661,-641.5066,-0.8793,0.330209,-5.5138,-14.1286,0.028572,0.02198,-0.0499,-0.9165,0.096132,0.029695,1.0731,0.806206,-0.028898,-0.041348
2024-03-24 00:00:00+00:00,22,1.5069,0.5519,1.0,71,213596.5223,-52776.2056,0.4481,39,95705.3884,3072.586354,70864.7633,47026.3706,-23838.3927,71,213596.5223,10,65169.75054615943,3371.4061193094185,-4.9e-05,-36.0726,-0.8951,0.316537,-0.1938,-10.1763,0.008809,-0.008433,0.0534,-0.7679,0.033841,0.009873,0.3703,0.776204,-0.030002,-0.062027
2024-03-25 00:00:00+00:00,25,1.6091,0.3915,1.0,114,573857.6714,-54777.2747,0.6085,77,349183.1401,4512.566364,138563.9024,86110.6289,-52453.2735,114,573857.6714,12,68294.84071424541,3514.4919443620606,-0.0005,752.5859,-0.4971,0.316679,6.295,-9.4198,-0.027297,-0.023198,0.0734,-0.5736,-0.079795,-0.023576,1.4549,0.839824,0.063619,0.00472
2024-03-26 00:00:00+00:00,16,2.25,0.4684,1.0,110,698080.1858,-57593.7846,0.5316,84,371133.8225,14487.002168,226347.761,100598.6023,-125749.1588,110,698080.1858,10,70332.33628903447,3611.600061617311,-0.000852,570.1667,-0.1925,0.384277,4.1527,-10.6341,-0.006026,0.023962,0.1813,-0.1128,-0.008988,-0.003267,1.252,0.851568,0.011744,0.045362
2024-03-27 00:00:00+00:00,27,1.3193,0.3977,1.0,122,775110.211,-57334.0561,0.6023,79,466842.0166,6574.011497,175355.9701,132912.2243,-42443.7458,122,775110.211,16,69764.20086623615,3559.351878901021,0.000207,374.936,0.0066,0.33992,4.6786,-1.8014,0.019065,-0.01325,0.0422,-0.0076,0.063271,0.020073,1.2464,0.839813,-0.011755,0.063609
2024-03-28 00:00:00+00:00,24,1.1873,0.3487,1.0,120,468329.1067,-52503.8159,0.6513,83,305019.0246,3581.622035,88648.4801,74661.6019,-13986.8782,120,468329.1067,13,70387.23953642756,3553.9065981044428,-0.000123,-144.0468,-0.0771,0.27482,-0.3657,2.4996,-0.002602,-0.009214,-0.0628,-0.1612,-0.004488,-0.001117,0.8249,0.800031,-0.039782,-0.039792
2024-03-29 00:00:00+00:00,14,0.8298,0.4048,1.0,92,439138.5816,-33841.0216,0.5952,64,261365.0801,4786.49201,80620.2652,97153.2363,16532.9712,92,439138.5816,14,70041.87896522108,3533.749067905747,6.3e-05,-755.9744,-0.4911,0.291653,-7.7908,1.2621,0.028049,-0.009414,-0.102,-0.4136,0.120201,0.03219,1.0911,0.807399,0.007368,-0.044169
2024-03-30 00:00:00+00:00,16,1.9633,0.416,1.0,74,270124.6889,-39780.8426,0.584,52,157763.0749,2962.057483,74444.517,37917.097,-36527.42,74,270124.6889,6,70009.91333976157,3520.703370288461,0.000153,-430.1342,-0.7328,0.299665,-3.7739,3.0021,-0.026146,-0.000885,-0.05,-0.5309,-0.087433,-0.023758,0.0604,0.774781,-0.032618,-0.065032
2024-03-31 00:00:00+00:00,16,1.2231,0.4799,1.0,72,262743.5555,-38182.7366,0.5201,47,136660.839,4211.759467,69367.1839,56715.5326,-12651.6512,72,262743.5555,9,70381.52066039862,3597.120625640684,0.000169,-128.2303,-0.813,0.30816,-0.6496,2.5463,-0.003121,0.004824,0.0311,-0.4521,0.002696,0.000764,1.081,0.78772,0.012939,-0.012311
2024-04-01 00:00:00+00:00,20,1.9226,0.3479,1.0,105,553557.5866,-39373.3358,0.6521,75,361000.3721,6498.410605,126672.341,65884.8735,-60787.4675,105,553557.5866,10,69711.3220302552,3535.9961089256976,-0.000305,393.0016,-0.6031,0.27699,1.2194,-2.5292,-0.038317,0.011276,0.0364,-0.3558,-0.135315,-0.034269,0.1623,0.824949,0.037229,0.01755
2024-04-02 00:00:00+00:00,30,1.2709,0.4975,1.0,112,667717.4082,-27070.0425,0.5025,69,335506.1299,4784.803061,185918.6919,146292.5864,-39626.1055,112,667717.4082,13,66425.45376291116,3334.579379769584,-0.000501,1339.1486,0.1304,0.376922,11.5053,4.8233,0.029478,0.010202,0.1646,0.0627,0.088056,0.03117,0.7085,0.842018,0.017069,0.067238
2024-04-03 00:00:00+00:00,27,1.4035,0.503,1.0,99,469156.3501,-26666.7986,0.497,57,233153.7299,4072.102751,137811.8294,98190.7908,-39621.0386,99,469156.3501,15,66040.22306351477,3316.404847688585,-0.000274,-636.5833,-0.2254,0.344315,-5.82,-5.6753,-0.000208,-0.005727,0.0171,0.1091,0.005016,0.001605,-0.11,0.81759,-0.024428,0.02987
2024-04-04 00:00:00+00:00,21,1.3694,0.3397,1.0,98,606405.77,-29256.1542,0.6603,65,400416.2207,5682.073449,119050.9585,86938.5908,-32112.3677,98,606405.77,12,66887.79384052647,3336.470274472995,-4e-05,-363.1688,-0.4324,0.305138,-4.9592,-10.2688,-0.003341,-0.00709,-0.0877,-0.1089,-0.003223,-0.000917,-0.195,0.834745,0.017155,0.009796
2024-04-05 00:00:00+00:00,19,1.1744,0.3553,1.0,97,384958.3409,-33185.2007,0.6447,67,248167.1759,4588.698939,73880.7598,62910.4051,-10970.3546,97,384958.3409,11,67564.38939916603,3300.6270056004,0.000191,-821.507,-0.8895,0.287316,-5.384,-7.8619,-0.003172,-0.006657,-0.1117,-0.3867,0.001124,0.000297,0.3608,0.815,-0.019745,-0.027018
2024-04-06 00:00:00+00:00,12,1.7413,0.3276,1.0,55,201688.3858,-30519.4472,0.6724,34,135616.0368,6838.209634,41969.7472,24102.6018,-17867.1454,55,201688.3858,9,68041.70154208984,3339.083555708847,0.00092,-738.9633,-1.2766,0.241661,-4.6765,-8.7646,-0.022711,0.00389,-0.0702,-0.5627,-0.094689,-0.020663,0.8703,0.783464,-0.031536,-0.034127
2024-04-07 00:00:00+00:00,15,1.7898,0.5658,0.9849,73,326887.746,-36306.5161,0.4342,47,144110.3978,10357.22748,120466.7289,67305.5958,-53161.133,78,331882.7225,16,69384.26160452909,3390.203941825907,-0.000172,212.0525,-1.1483,0.376923,2.086,-6.0291,-0.035181,0.006262,0.0739,-0.3712,-0.091831,-0.032618,-0.115,0.801639,0.018175,-0.033107
2024-04-08 00:00:00+00:00,24,1.2728,0.3746,1.0,120,560983.7748,-31226.2237,0.6254,76,350848.6229,4238.124219,117680.2863,92454.8656,-25225.4207,120,560983.7748,20,71048.94243681572,3572.825648681196,-0.000377,864.1866,-0.6788,0.31707,8.521,1.2725,-0.027876,-0.001575,0.051,-0.2393,-0.076016,-0.022366,0.369,0.836356,0.034717,0.021356
2024-04-09 00:00:00+00:00,17,1.0192,0.327,1.0,106,710568.1758,-25880.3271,0.673,77,478197.1369,4798.248447,117287.9342,115083.1047,-2204.8295,106,710568.1758,12,70196.93525230042,3603.828920419709,0.000539,358.5191,-0.4747,0.278677,0.7083,-9.5244,0.016089,-0.019847,0.0205,-0.194,0.071861,0.01874,0.8261,0.866807,0.030451,0.083343
2024-04-10 00:00:00+00:00,18,1.2043,0.3872,1.0,89,395701.6653,-22248.4271,0.6128,62,242498.1668,4146.936134,83700.6188,69502.8797,-14197.739,89,395701.6653,9,69171.13927106762,3508.3593698384448,-0.000662,-775.5556,-0.8859,0.311971,-6.2637,-9.9682,-0.003782,0.039398,0.0533,-0.0636,-0.006354,-0.001845,-0.0164,0.826285,-0.040521,0.024647
2024-04-11 00:00:00+00:00,17,0.9787,0.48,1.0,81,536943.1213,-17263.7821,0.52,48,279196.0592,4443.477342,127483.4573,130263.6048,2780.1475,81,536943.1213,16,70446.04869462574,3539.708803327841,3e-06,48.5401,-0.8546,0.369284,0.728,-4.281,0.026758,-0.011502,-0.0308,-0.1429,0.081918,0.028848,-0.2119,0.85934,0.033055,0.022984
2024-04-12 00:00:00+00:00,30,1.9087,0.5407,1.0,102,420623.2082,-25847.1357,0.4593,59,193175.6897,3623.221667,149250.674,78196.8445,-71053.8296,102,420623.2082,13,69564.41200278942,3438.003189292634,-2.7e-05,929.4873,-0.3596,0.389111,1.5298,2.6328,-0.038807,-0.036375,-0.0441,-0.2404,-0.093771,-0.034217,0.7976,0.826851,-0.03249,-0.039956
2024-04-13 00:00:00+00:00,33,2.0343,0.5903,1.0,104,673905.2526,-42665.6068,0.4097,57,276111.6788,8554.502408,266695.0085,131098.5653,-135596.4432,104,673905.2526,14,66603.72097303196,3204.1436570931696,0.001082,1550.619,0.4776,0.446353,-4.8826,2.4267,-0.063146,0.055434,0.0655,0.0685,-0.139146,-0.058755,-0.7413,0.846386,0.019536,0.020101
2024-04-14 00:00:00+00:00,22,1.1271,0.5022,1.0,96,393850.2002,-36759.2165,0.4978,61,196047.9541,3917.867854,104809.3234,92992.9227,-11816.4007,96,393850.2002,13,64182.5100403951,3051.334799853998,6e-05,-3251.9674,-1.2781,0.38141,-3.2147,-2.8739,-0.005962,-0.003818,-0.0729,-0.4303,-0.005738,-0.00204,-0.9745,0.823884,-0.022503,-0.035456
2024-04-15 00:00:00+00:00,23,1.305,0.4142,1.0,107,612031.6723,-37947.2528,0.5858,68,358528.5116,4940.887608,143522.4178,109980.7429,-33541.6749,107,612031.6723,16,65056.04791184291,3165.972006374529,-0.000818,267.6803,-1.1141,0.323218,2.1247,-9.2703,-0.028365,-0.017988,0.0118,-0.3369,-0.084679,-0.025531,-0.4163,0.851503,0.027619,0.024653
2024-04-16 00:00:00+00:00,22,1.44,0.3758,1.0,92,435466.7701,-41848.1231,0.6242,60,271825.4359,4361.030684,96576.128,67065.2062,-29510.9217,92,435466.7701,10,62984.98462364467,3070.988237880067,0.001004,-363.5244,-1.2817,0.317261,-3.6877,-13.6663,-0.026765,-0.002926,-0.0976,-1.2382,-0.081676,-0.024181,-0.7623,0.841137,-0.010366,-0.005249
2024-04-17 00:00:00+00:00,12,0.4898,0.3794,1.0,94,427825.0923,-31877.9782,0.6206,71,265500.5905,4414.039125,53365.6132,108958.8886,55593.2754,94,427825.0923,11,62590.96292158063,3043.710654647223,0.00047,871.2982,-0.806,0.288041,5.3863,-2.0163,0.034348,-0.028686,0.0138,-1.1192,0.137435,0.036687,0.5074,0.842264,0.001126,0.01838
2024-04-18 00:00:00+00:00,14,1.202,0.6659,1.0,126,664555.9503,-38075.1459,0.3341,40,222061.2123,13549.081033,241547.3824,200947.3556,-40600.0268,126,664555.9503,72,62342.638400153286,3026.392453442939,-0.001059,-772.8604,-1.1957,0.463672,-3.9893,-6.7335,-0.029269,0.007113,0.0191,-0.908,-0.062327,-0.027959,0.7125,0.872957,0.030693,0.021454
2024-04-19 00:00:00+00:00,33,1.9286,0.4214,1.0,110,499805.1353,-37464.1892,0.5786,64,289205.1617,4399.658432,138688.5532,71911.4204,-66777.1328,110,499805.1353,13,63831.95219912552,3063.0104241377417,0.00027,-99.7089,-1.241,0.337616,-1.0013,-9.2647,-0.03926,0.011486,0.0281,-0.6065,-0.114623,-0.036125,0.4741,0.829275,-0.043681,-0.011862
2024-04-20 00:00:00+00:00,18,1.1239,0.5864,1.0,53,187689.4899,-19010.5306,0.4136,27,77622.6441,3562.33292,58243.8393,51823.0064,-6420.8329,53,187689.4899,8,64197.33126424878,3083.716590275756,0.000335,-410.829,-1.4467,0.350544,-3.2635,-7.6455,-0.031792,0.010476,-0.1011,-1.599,-0.088772,-0.029394,-0.6505,0.818954,-0.010321,-0.023309
2024-04-21 00:00:00+00:00,6,0.7957,0.4349,0.9681,46,147154.3185,-16248.1787,0.5651,35,85903.5327,3702.237964,29289.102,36809.1648,7520.0627,51,152001.7995,10,64959.632943347526,3160.265851466607,-6e-05,-10.2145,-1.4347,0.319457,-0.0435,-4.4743,0.019636,0.014129,0.0685,-0.8842,0.078812,0.023265,-1.3112,0.771591,-0.047364,-0.101366
2024-04-22 00:00:00+00:00,20,1.4709,0.4816,1.0,72,340226.851,-15917.3689,0.5184,44,176366.4998,3896.920782,97543.1786,66317.1726,-31226.006,72,340226.851,8,65990.02379759964,3192.1937000420644,-0.001068,299.0311,-1.2723,0.336313,1.9529,-4.6461,-0.044245,-0.019985,0.107,0.2239,-0.129428,-0.040945,-0.5685,0.830926,0.059335,0.001651
2024-04-23 00:00:00+00:00,13,1.0862,0.3822,1.0,77,351794.9986,-12494.9958,0.6178,55,217339.2885,4666.727336,70005.0101,64450.7,-5554.3102,77,351794.9986,9,66486.61368006935,3201.0459586370744,-0.000361,199.7163,-1.169,0.331353,2.4758,1.5175,-0.014543,0.015573,0.0506,0.7544,-0.035452,-0.01101,-0.6419,0.823244,-0.007682,0.00429
2024-04-24 00:00:00+00:00,15,1.247,0.4207,1.0,90,397046.8513,-23059.6169,0.5793,62,230021.7457,4347.921613,92692.089,74333.0165,-18359.0724,90,397046.8513,13,65768.03860795723,3214.7873363384133,-0.000122,224.6946,-1.0418,0.337921,0.4935,-3.3754,-0.026072,-0.030774,0.0967,1.7164,-0.071479,-0.022631,-0.2403,0.825808,0.002564,0.054217
2024-04-25 00:00:00+00:00,11,0.8307,0.4219,1.0,81,360920.456,-15248.0125,0.5781,56,208644.9073,4487.363655,69097.1723,83178.3764,14081.2041,81,360920.456,14,64166.072501280265,3144.449377406088,0.000366,-287.3831,-1.1792,0.337428,-2.1008,-1.4868,-0.022461,-0.004145,-0.1135,0.5519,-0.060863,-0.019339,-0.2644,0.824968,-0.00084,-0.005958
2024-04-26 00:00:00+00:00,13,1.2753,0.3171,1.0,77,288105.6745,-7287.4864,0.6829,55,196745.9414,2537.183071,51206.5914,40153.1416,-11053.4498,77,288105.6745,9,64170.80057825606,3139.740978415572,0.00137,-472.8803,-1.411,0.271774,-3.16,-3.6456,-0.032858,0.009497,-0.1113,-0.6023,-0.119172,-0.030039,-0.4682,0.818719,-0.006249,-0.004525
2024-04-27 00:00:00+00:00,16,1.0002,0.6063,1.0,56,197125.4291,-6372.2667,0.3937,34,77607.2534,4348.486502,59766.2354,59751.9403,-14.295,56,197125.4291,6,63059.59630321528,3154.413700534149,0.000428,-130.7956,-1.4667,0.384732,-1.2028,-1.5849,-0.016699,0.006276,-0.0499,-1.0999,-0.031166,-0.011353,-0.8846,0.804078,-0.014641,-0.02173
2024-04-28 00:00:00+00:00,16,1.0205,0.6201,1.0,62,195308.1146,-7621.9192,0.3799,38,74204.9925,3595.273178,61165.3137,59937.8083,-1227.5054,62,195308.1146,8,63688.593373436684,3303.238219013709,-0.000677,77.5037,-1.4154,0.366755,0.9195,-0.622,-0.024677,0.00327,0.0346,-0.7359,-0.058622,-0.020421,-0.0824,0.825393,0.021315,0.000425
2024-04-29 00:00:00+00:00,21,2.7513,0.4035,1.0,77,427385.9534,-14661.7753,0.5965,49,254941.7342,5983.679663,126474.6088,45969.6104,-80504.9984,77,427385.9534,7,62740.45859685215,3191.8597319221785,-0.000629,235.4031,-1.2751,0.32894,2.2274,-0.3474,-0.07671,-0.002785,-0.0885,-1.5959,-0.23681,-0.074161,-0.2517,0.859492,0.034099,0.040773
2024-04-30 00:00:00+00:00,21,1.168,0.41,1.0,94,381146.6374,-15598.4014,0.59,60,224887.554,3449.849189,84184.8881,72074.1953,-12110.6928,94,381146.6374,13,61821.35845396117,3071.3783507239464,-0.000323,587.2859,-0.9713,0.316866,1.6046,-1.2187,0.007038,-0.005682,0.0301,-1.2636,0.045652,0.013246,0.0525,0.828971,-0.030521,0.024893
2024-05-01 00:00:00+00:00,11,1.3276,0.1743,1.0,103,690278.9694,-15394.9521,0.8257,82,569945.4618,16775.870344,68634.2177,51699.2899,-16934.9278,103,690278.9694,10,58339.74156758877,2937.904274364545,0.0005,-532.1591,-1.2153,0.221795,-1.5029,-3.2151,-0.0082,0.018371,0.0386,-0.854,-0.021085,-0.004267,-1.0534,0.867645,0.038673,0.042252
2024-05-02 00:00:00+00:00,13,0.502,0.4685,1.0,75,364329.814,-9323.0495,0.5315,50,193657.0036,5220.090927,57044.1438,113628.6666,56584.5228,75,364329.814,12,58317.39153004363,2959.9252401637564,-0.000183,-134.9961,-1.2651,0.330236,-1.818,-2.9324,0.025589,-0.016924,-0.0447,-1.279,0.08901,0.027713,-0.6957,0.843452,-0.024193,-0.01604
2024-05-03 00:00:00+00:00,20,4.492,0.4805,1.0,74,255747.6726,-18906.0704,0.5195,48,132862.0297,2541.275819,100510.1198,22375.5231,-78134.5966,74,255747.6726,6,60528.63060193261,3029.4534106134784,-0.000493,-107.9215,-1.3027,0.317724,-0.6896,-0.462,-0.067529,0.012755,0.0549,-0.7052,-0.218668,-0.064862,-1.5791,0.820064,-0.023388,-0.008908
2024-05-04 00:00:00+00:00,12,1.2513,0.4587,0.9535,51,102221.2674,-19688.2522,0.5413,36,58032.1547,1478.582036,27334.34,21844.7725,-5489.5675,56,107211.2672,8,63442.87294571322,3120.4132289743616,0.000832,-133.8281,-1.3532,0.27913,-0.8,-0.0591,-0.010359,-0.003354,-0.1371,-2.0296,-0.024285,-0.0062,-1.0552,0.782135,-0.037928,-0.085509
2024-05-05 00:00:00+00:00,15,1.2245,0.655,1.0,50,166040.9728,-21081.0512,0.345,28,57290.7578,4029.252697,59863.6566,48886.5584,-10977.0982,50,166040.9728,7,63746.9856617618,3125.6849588568075,-4e-06,-9.9497,-1.3398,0.376975,-0.2575,-1.2362,0.017735,0.004683,-0.0332,-2.2684,0.062918,0.022392,-1.8029,0.801588,0.019452,-0.041864
2024-05-06 00:00:00+00:00,20,1.6826,0.4903,1.0,69,298423.5639,-14898.6472,0.5097,43,152118.3787,4897.085861,91766.6777,54538.5076,-37228.1701,69,298423.5639,6,63896.79626441889,3125.229951961815,-0.000529,42.36,-1.2905,0.32417,0.5629,-2.9007,-0.039377,-0.001087,0.1365,-0.93,-0.117606,-0.035821,-0.9417,0.838022,0.036434,0.017958
2024-05-07 00:00:00+00:00,13,3.7631,0.2774,1.0,72,370264.836,-21679.3654,0.7226,53,267566.8323,4932.588446,81136.8622,21561.1415,-59575.7207,72,370264.836,6,63509.59567403019,3071.4718337067447,0.000466,20.5871,-1.2517,0.223479,0.2031,-4.3022,-0.059497,-0.034573,0.0766,-0.1715,-0.275154,-0.056933,-0.3431,0.855188,0.017166,0.073053
2024-05-08 00:00:00+00:00,18,2.1132,0.3377,1.0,71,358930.1539,-25451.5269,0.6623,45,237721.8397,5296.210585,82274.1861,38934.1281,-43340.058,71,358930.1539,8,62321.12225880102,3004.980722757486,-0.000171,-126.4392,-1.2823,0.288548,-1.2521,-4.0513,-0.044172,0.010087,-0.0475,-0.6265,-0.150647,-0.040593,-1.1645,0.836702,-0.018486,0.035114
2024-05-09 00:00:00+00:00,17,1.0278,0.3409,1.0,64,386024.8037,-33792.3786,0.6591,39,254417.0013,7721.129266,66704.6209,64903.1815,-1801.4394,64,386024.8037,8,61692.82362103069,2996.745834800953,0.000469,-49.1152,-1.2836,0.276294,-0.4588,-2.6921,-0.021725,0.004177,0.0048,-0.5612,-0.07376,-0.019165,-1.2346,0.845103,0.008402,0.007082
2024-05-10 00:00:00+00:00,17,1.4942,0.3975,1.0,75,336246.4313,-26413.6046,0.6025,49,202582.9607,4559.334236,80073.3244,53590.1462,-26483.1782,75,336246.4313,9,62169.78557982598,2985.6175229335463,-5.9e-05,180.6968,-1.1724,0.306392,1.0886,-0.9139,-0.018405,0.031123,-0.0621,-1.1748,-0.050601,-0.0145,-1.5106,0.834226,-0.010877,-0.020962
2024-05-11 00:00:00+00:00,11,1.248,0.5406,0.9379,34,93725.9735,-26480.8548,0.4594,24,45912.1447,2329.255468,29990.4135,24030.0942,-5960.3193,41,99932.6524,6,60907.4658121026,2915.8678843970924,6.9e-05,-177.0853,-1.2324,0.28043,-0.9926,-1.1065,-0.02654,0.049152,0.0384,-0.7607,-0.083617,-0.021366,-3.3452,0.745828,-0.088398,-0.090873
2024-05-12 00:00:00+00:00,9,2.5012,0.4179,1.0,40,118649.3738,-27949.5812,0.5821,27,69069.7636,2016.209011,35418.8964,14160.7138,-21258.1826,40,118649.3738,4,61116.58180575222,2924.260517225866,0.00069,-96.0366,-1.248,0.29529,-1.1206,-1.9696,-0.056288,-0.042683,-0.0051,-0.7958,-0.189352,-0.051576,-3.5422,0.766842,0.021013,-0.078262
2024-05-13 00:00:00+00:00,18,3.7199,0.2273,1.0,76,543278.8332,-32797.2831,0.7727,53,419789.9268,6054.54819,97325.4949,26163.4115,-71162.0833,76,543278.8332,5,62307.59519476534,2939.789540150908,-0.001498,485.0926,-1.0043,0.247272,2.6924,0.16,-0.057886,-0.027097,0.0577,-0.1881,-0.234301,-0.054286,-1.2771,0.869017,0.102175,0.034791
2024-05-14 00:00:00+00:00,15,1.5682,0.3807,1.0,72,222455.3681,-26963.2383,0.6193,50,137760.325,1866.383267,51716.2251,32978.818,-18737.4071,72,222455.3681,7,61947.96496238993,2911.610309355155,0.00022,-137.0008,-1.0506,0.271455,0.6599,0.6168,-0.053059,-0.01338,0.0001,-0.1862,-0.192881,-0.047589,-1.4617,0.783618,-0.085399,0.03779
2024-05-15 00:00:00+00:00,17,1.6193,0.3382,1.0,72,377590.77,-25085.6151,0.6618,44,249879.3337,5450.020762,78954.0661,48757.3702,-30196.6959,72,377590.77,11,63443.227833497,2940.61452836767,-0.000305,34.9411,-1.0141,0.279959,-0.2417,1.6272,-0.060701,0.003449,-0.0273,-0.4595,-0.219159,-0.056794,-0.7055,0.817066,0.033447,0.050224
2024-05-16 00:00:00+00:00,17,1.7057,0.3316,1.0,82,517533.6561,-31223.1863,0.6684,50,345907.1191,8437.086701,108195.4874,63431.0496,-44764.4379,82,517533.6561,15,65832.82718797096,2985.198120726184,-7e-05,-234.1768,-1.1016,0.288223,-1.6027,0.4833,-0.041347,0.000891,-0.0388,-0.847,-0.140671,-0.038027,-0.4782,0.848799,0.031733,-0.020218
2024-05-17 00:00:00+00:00,21,1.1404,0.4935,1.0,76,235793.3779,-28530.1481,0.5065,46,119421.5049,2538.278252,62001.8917,54369.9813,-7631.9104,76,235793.3779,9,66265.5365149133,3030.737504982108,0.000734,60.8285,-1.0608,0.333183,0.4807,-0.1246,-0.026355,0.013312,0.1129,0.3612,-0.070708,-0.021906,-1.2396,0.806529,-0.04227,0.02291
2024-05-18 00:00:00+00:00,12,1.5419,0.5169,1.0,43,116877.5115,-29518.3605,0.4831,25,56469.2376,1950.851216,36643.0401,23765.2338,-12877.8064,43,116877.5115,6,66966.22073024047,3112.887229104301,0.000715,-249.0814,-1.1549,0.32796,-2.2388,-1.3708,-0.026255,-0.021006,-0.198,-1.7132,-0.069627,-0.021118,-2.3795,0.76882,-0.037708,-0.048245
2024-05-19 00:00:00+00:00,10,1.7171,0.4892,0.8905,30,103773.047,-28630.8715,0.5108,28,59526.5838,3159.236716,36027.9056,20982.1458,-15045.7598,44,116536.6353,6,66884.96526986775,3096.599022087624,0.000912,-17.3152,-1.1387,0.299354,-0.1622,-0.4124,-0.046871,-0.00193,0.1405,-0.2011,-0.149733,-0.041337,-2.4327,0.770122,0.001301,-0.078677
2024-05-20 00:00:00+00:00,33,1.887,0.5098,1.0,107,481788.554,-29246.3291,0.4902,59,236149.3127,3392.973843,160554.7638,85084.4774,-75470.2865,107,481788.554,15,67506.84620792928,3175.412293170266,-0.001467,1202.7708,-0.5908,0.395117,6.2033,3.0985,-0.097761,-0.002428,0.1482,1.3823,-0.241555,-0.089906,-0.2188,0.846501,0.07638,0.039973
2024-05-21 00:00:00+00:00,44,1.1132,0.4653,1.0,149,850712.0112,-29599.1561,0.5347,82,454904.0832,4526.223018,208507.5619,187300.3661,-21207.1958,149,850712.0112,23,70613.885911329,3718.697068321455,-0.001867,-45.2848,-0.5974,0.386396,4.0255,6.4641,-0.072298,0.017878,-0.0953,0.3829,-0.167899,-0.060353,-0.3125,0.850097,0.003596,0.081276
2024-05-22 00:00:00+00:00,24,0.7393,0.5507,1.0,98,583651.7321,-18403.3802,0.4493,56,262260.9603,4865.269636,136608.5184,184782.2534,48173.735,98,583651.7321,18,69851.81506226205,3749.021937988201,9.9e-05,-346.3496,-0.734,0.414831,-3.7744,2.9314,-0.006861,-0.031123,0.0629,1.0918,-0.001297,-0.000515,0.2319,0.882856,0.032759,0.112734
2024-05-23 00:00:00+00:00,34,1.0731,0.4308,1.0,119,811283.7171,-13768.99,0.5692,61,461759.4749,5423.686828,180923.9741,168600.2682,-12323.7059,119,811283.7171,24,68747.2817307581,3793.8438322201855,0.001028,104.2018,-0.6722,0.391649,1.7459,6.2799,-0.017608,0.000371,0.0361,1.4907,-0.034224,-0.01276,-0.6371,0.87835,-0.004506,0.031849
2024-05-24 00:00:00+00:00,16,0.4872,0.4076,1.0,85,752666.3511,2431.9471,0.5924,50,445882.146,6501.186727,100504.7781,206279.4269,105774.6488,85,752666.3511,19,67923.59418817164,3730.5025359823353,-0.00095,-389.1488,-0.8321,0.351943,-3.2185,2.5807,0.04501,-0.001092,0.0289,1.7685,0.138643,0.046879,-0.2416,0.896373,0.018022,0.046276
2024-05-25 00:00:00+00:00,7,0.776,0.1736,1.0,61,341684.3132,5340.2792,0.8264,47,282361.9382,6060.027208,25920.9281,33401.4469,7480.5188,61,341684.3132,7,68923.77160466522,3743.496475189437,0.00145,-386.057,-0.9857,0.21413,-3.4392,1.3803,-0.008899,-0.000378,-0.209,-0.4953,-0.0327,-0.006581,0.4089,0.857552,-0.03882,-0.025304
2024-05-26 00:00:00+00:00,18,1.2409,0.6382,1.0,52,257316.4932,4967.4533,0.3618,23,93103.8944,4150.307215,90934.07,73278.5287,-17655.5414,52,257316.4932,11,68978.43734696675,3803.457431076705,-0.000366,92.7394,-0.9245,0.442646,0.552,2.0946,-0.045519,0.004142,0.1511,1.1275,-0.099779,-0.042506,-0.6537,0.847456,-0.010096,-0.030895
2024-05-27 00:00:00+00:00,16,0.8829,0.4554,1.0,81,369760.0459,17244.5513,0.5446,46,201384.024,4818.878017,78953.3113,89422.7107,10469.3994,81,369760.0459,19,69100.72885728655,3904.162252635789,-0.00013,1031.9711,-0.4545,0.35182,9.5988,5.4901,0.008159,-0.002029,0.0704,1.8353,0.034057,0.011315,-0.4954,0.846202,-0.001254,-0.050171
2024-05-28 00:00:00+00:00,26,1.3022,0.3781,1.0,83,623078.3436,15856.0294,0.6219,40,387463.7155,16212.911187,133270.7383,102343.8897,-30926.8486,83,623078.3436,17,68202.74454513456,3854.633922549896,-0.000356,103.5007,-0.3915,0.349074,1.4007,2.8653,0.007695,0.009656,0.1439,3.1298,0.028652,0.009544,-0.4863,0.874298,0.028097,0.016746
2024-05-29 00:00:00+00:00,14,0.8746,0.4123,1.0,70,478496.7142,10858.5006,0.5877,44,281220.5488,6457.705676,92042.566,105233.5994,13191.0334,70,478496.7142,12,67919.77050763673,3803.279170884824,-0.000758,-459.59,-0.5823,0.34429,-5.2653,1.3744,0.02938,-0.003421,-0.1148,1.9383,0.093471,0.03069,-0.4281,0.870333,-0.003965,0.022877
2024-05-30 00:00:00+00:00,18,1.2157,0.8803,1.0,77,1294645.0776,-3229.5244,0.1197,40,154991.059,63425.847611,625296.9498,514357.0688,-110939.881,77,1294645.0776,19,68165.5598465099,3762.4813506655705,0.000291,122.5133,-0.509,0.664997,1.647,1.2755,-0.052629,0.000329,0.0283,2.1393,-0.077923,-0.050974,-1.2121,0.912184,0.041851,0.065983
2024-05-31 00:00:00+00:00,14,0.4277,0.6046,1.0,71,452629.6345,-2670.2717,0.3954,39,178969.2032,8325.941192,81985.5069,191674.9244,109689.4175,71,452629.6345,18,67970.86538847857,3764.044643239161,-0.000417,-147.1159,-0.5614,0.406787,-2.697,1.797,0.090989,-0.010123,-0.0326,1.7857,0.236265,0.092377,-0.1447,0.85898,-0.053204,-0.015318
2024-06-01 00:00:00+00:00,16,1.4939,0.7011,0.9662,47,135230.4587,-6515.0362,0.2989,23,41827.1729,2444.675854,58781.1489,39348.3161,-19432.8328,52,139956.6378,13,67645.16697461005,3788.807537200788,1.1e-05,-489.6981,-0.7736,0.346714,-3.4829,1.7533,-0.01286,0.010009,0.0489,2.162,-0.027395,-0.008899,-0.8744,0.766845,-0.092135,-0.103488
2024-06-02 00:00:00+00:00,14,1.4343,0.5215,0.9711,45,134175.8323,-5829.5142,0.4785,28,66116.6214,2431.858076,42457.9461,29601.059,-12856.8871,49,138175.6265,7,67813.04684063165,3794.134088812063,0.000209,145.2229,-0.6971,0.314874,1.9347,3.136,-0.003828,-0.013178,0.0824,2.7842,-0.002443,-0.00071,-1.7203,0.749098,-0.017748,-0.163087
2024-06-03 00:00:00+00:00,18,1.4873,0.4554,1.0,71,379749.4217,-12164.6472,0.5446,41,206823.7019,3163.971067,103401.1257,69524.5941,-33876.5316,71,379749.4217,12,68900.24942750209,3796.577195073818,-0.000839,383.7353,-0.4999,0.3205,3.7405,-2.7223,-0.017897,0.012437,0.0259,2.8561,-0.052557,-0.015896,-0.6414,0.83747,0.088372,-0.02151
2024-06-04 00:00:00+00:00,9,0.7932,0.3353,1.0,66,269917.2715,-6255.404,0.6647,46,179404.5459,2940.422388,40037.4361,50475.2895,10437.8533,66,269917.2715,11,69586.5460267914,3782.743167480625,0.000301,-253.083,-0.6324,0.263745,-2.4414,-6.5645,0.026114,0.000159,-0.1463,1.5985,0.115101,0.028323,-0.8273,0.838927,0.001457,0.072081
2024-06-05 00:00:00+00:00,19,1.7049,0.4897,1.0,70,319355.9989,-13961.6411,0.5103,41,162973.0987,3270.843454,98567.7632,57815.1371,-40752.6261,70,319355.9989,10,71039.70928487879,3818.903659416975,-0.000293,828.0177,-0.1252,0.327075,10.1129,8.8137,-0.029881,-0.014948,0.1101,2.4078,-0.089389,-0.0272,-0.8201,0.81098,-0.027946,0.061883
2024-06-06 00:00:00+00:00,21,2.3017,0.3005,1.0,68,449123.8722,-5714.9109,0.6995,39,314149.3904,8754.053569,94093.6256,40880.8562,-53212.7694,68,449123.8722,8,70998.84050372703,3840.639306964092,-0.001155,145.8231,-0.0062,0.277175,-0.7699,6.3968,-0.045229,-0.00673,0.0373,2.5788,-0.164495,-0.042527,-0.376,0.836994,0.026014,-0.000476
2024-06-07 00:00:00+00:00,20,2.1193,0.4303,1.0,78,355824.0407,-29232.8765,0.5697,46,202723.0523,3527.064518,104018.6652,49082.3232,-54936.342,78,355824.0407,12,70670.01148727423,3779.504223146309,0.000921,-382.6385,-0.2278,0.309345,-5.8194,3.2745,-0.06907,0.034225,-0.0678,1.9898,-0.225411,-0.064529,-0.6201,0.808415,-0.028579,-0.030511
2024-06-08 00:00:00+00:00,20,2.096,0.5628,1.0,59,199861.486,-32145.004,0.4372,31,87384.2939,2177.389552,76147.4586,36329.7335,-39817.7251,59,199861.486,8,69382.71106607503,3685.710548612036,0.000225,-848.107,-0.7805,0.356159,-6.1677,0.5897,-0.027325,0.014441,-0.1261,1.0375,-0.070759,-0.023589,-0.8192,0.773758,-0.034657,-0.037223
2024-06-09 00:00:00+00:00,11,1.2013,0.5659,0.7026,18,54821.2191,-30885.0646,0.4341,27,33871.8704,1927.482909,24096.3174,20059.0058,-4037.3116,46,78027.1936,8,69453.40527144838,3690.632169140175,0.000269,-74.9956,-0.8442,0.264231,-0.974,-2.319,-0.011293,-0.022427,-0.0056,0.9781,-0.026429,-0.006223,-1.234,0.69092,-0.082838,-0.146074
2024-06-10 00:00:00+00:00,15,1.5617,0.4146,1.0,68,248976.4394,-29278.7212,0.5854,44,145752.9417,2400.025223,62927.8126,40295.6851,-22632.1275,68,248976.4394,9,69574.70057904483,3680.132815979425,7.8e-05,354.328,-0.5743,0.286813,2.6731,-3.3864,-0.02725,0.004459,0.0168,1.09,-0.087879,-0.023357,-0.8395,0.810429,0.119509,0.002014
2024-06-11 00:00:00+00:00,15,1.8512,0.7767,1.0,114,826243.5881,-58140.8897,0.2233,29,184475.2678,19427.726223,416682.8232,225085.4972,-191597.326,114,826243.5881,70,67514.7463340081,3535.0592718367448,-0.000979,361.671,-0.2641,0.497953,3.6768,2.7319,-0.110711,0.005679,0.032,1.3026,-0.224324,-0.108193,-0.4879,0.880172,0.069743,0.106414
2024-06-12 00:00:00+00:00,10,1.1113,0.3286,1.0,76,433258.0369,-53391.5074,0.6714,55,290879.6453,4933.861495,74942.671,67435.7207,-7506.9504,76,433258.0369,11,68158.83868178735,3551.1919060784053,0.000769,308.2953,0.0407,0.311081,3.4306,-3.9503,-0.004305,-0.009945,-0.0415,0.9789,-0.010493,-0.003064,-0.2284,0.848552,-0.03162,0.157633
2024-06-13 00:00:00+00:00,19,1.8647,0.4165,1.0,76,343919.9121,-51967.0092,0.5835,47,200662.8487,4079.137493,93249.1725,50007.8909,-43241.2816,76,343919.9121,10,67391.9319072872,3496.9338778233123,0.00023,-235.335,-0.1507,0.312439,-3.6616,-6.842,-0.044079,-0.008368,0.0,0.9574,-0.143584,-0.042098,-0.4591,0.838663,-0.009889,0.028234
2024-06-14 00:00:00+00:00,16,1.1058,0.4813,1.0,72,358244.8007,-45356.2304,0.5187,41,185825.3438,2660.44141,90540.1739,81879.283,-8660.8908,72,358244.8007,15,66490.20265886998,3477.306801058834,-0.000357,-452.0887,-0.5671,0.374134,-3.3994,-4.422,0.006546,0.005099,-0.016,0.821,0.024833,0.008845,-0.4899,0.849586,0.010923,-0.030586
2024-06-15 00:00:00+00:00,20,4.0917,0.6117,1.0,48,118584.5774,-45960.3976,0.3883,21,46044.4179,2112.450106,58293.5274,14246.6321,-44046.8953,48,118584.5774,7,66172.8427215911,3534.6919979346226,0.000425,-542.6583,-1.0741,0.351832,-4.3327,-2.587,-0.126461,0.005735,-0.1246,-0.1128,-0.367776,-0.121141,-1.2613,0.794303,-0.055283,-0.054249
2024-06-16 00:00:00+00:00,12,1.9395,0.5653,1.0,37,135555.516,-48882.291,0.4347,19,58931.6018,2671.324798,50557.24,26066.6743,-24490.5657,37,135555.516,6,66398.00102091995,3574.085838500333,0.000443,-94.7847,-1.1532,0.374092,-0.7408,-2.3539,-0.042812,-0.013067,0.0419,0.1901,-0.110887,-0.039035,-2.9131,0.775614,-0.018689,-0.06305
2024-06-17 00:00:00+00:00,15,2.061,0.3822,1.0,68,395037.2307,-53124.8036,0.6178,45,244064.2601,2768.084297,101651.3429,49321.6278,-52329.7151,68,395037.2307,8,66155.12943654886,3546.859641956912,-0.000591,348.8781,-0.7958,0.355996,1.8943,-3.1328,-0.024468,0.005333,0.0718,0.7137,-0.062164,-0.021196,-0.231,0.876409,0.100796,0.026824
2024-06-18 00:00:00+00:00,19,1.8593,0.4199,1.0,79,448529.6101,-33840.5465,0.5801,48,260171.28,3559.84744,122482.9284,65875.4016,-56607.5268,79,448529.6101,12,65215.09538300129,3433.8867681669544,0.00074,241.2896,-0.5286,0.349233,2.4951,-4.3145,-0.037525,0.022031,0.0837,1.3066,-0.100545,-0.033196,-0.5047,0.85447,-0.02194,0.060167
2024-06-19 00:00:00+00:00,25,1.6592,0.4658,1.0,72,360308.8705,-38711.9661,0.5342,33,192476.4704,5245.36438,104719.6437,63112.7564,-41606.8873,72,360308.8705,14,65161.74147911195,3541.6721064719063,-2.1e-05,-181.2932,-0.7075,0.387497,-0.5165,-8.2616,-0.020286,-0.017938,-0.1109,0.4679,-0.048996,-0.018101,0.0141,0.850378,-0.004092,0.074764
2024-06-20 00:00:00+00:00,23,2.6165,0.5368,1.0,75,333150.3221,-43954.9614,0.4632,41,154299.9175,2966.311163,129396.3267,49454.0779,-79942.2487,75,333150.3221,11,65266.69339610695,3551.4402572803897,-0.000658,237.6868,-0.4309,0.368974,1.3144,-3.2857,-0.046966,0.007383,0.068,0.9559,-0.128212,-0.044866,-0.0268,0.84798,-0.002398,-0.02843
2024-06-21 00:00:00+00:00,18,1.1254,0.4938,1.0,70,310110.108,-44008.2261,0.5062,39,156963.4544,3303.311356,81090.1987,72056.4548,-9033.7439,70,310110.108,13,64171.35364713648,3502.156229301139,0.000564,-521.9408,-0.9872,0.371461,-4.2922,-4.1785,0.018223,-0.053548,-0.3976,-2.0403,0.056245,0.020108,1.5506,0.862238,0.014258,0.007768
2024-06-22 00:00:00+00:00,12,2.3646,0.6766,0.9479,34,114033.3257,-42431.9955,0.3234,22,38905.7208,2859.788738,57205.2068,24191.9255,-33013.2813,41,120302.853,7,64266.546295535365,3498.8993752648566,0.000488,-252.4607,-1.2367,0.341259,-2.2931,-2.1389,-0.037397,-0.020767,-0.246,-3.6227,-0.109756,-0.03518,-2.4419,0.78028,-0.081958,-0.070098
2024-06-23 00:00:00+00:00,12,2.8583,0.7326,1.0,42,200618.2628,-49045.3979,0.2674,23,53651.7375,7484.635442,108875.4539,38091.0714,-70784.3824,42,200618.2628,7,64202.06290801278,3486.2776110436425,0.000316,6.9438,-1.2039,0.436258,0.3121,-1.0859,-0.065758,0.048484,0.3854,-0.9047,-0.150879,-0.06341,-2.2545,0.83372,0.053441,-0.014259
2024-06-24 00:00:00+00:00,30,2.3712,0.5526,1.0,79,429803.4675,-55370.0525,0.4474,37,192300.7034,3394.117636,167052.5308,70450.2334,-96602.2974,79,429803.4675,12,61490.160329555576,3341.66337527232,-0.000769,322.2368,-0.8347,0.384964,3.1117,0.1315,-0.051234,0.020328,0.1337,0.0422,-0.132648,-0.049078,0.3979,0.878182,0.044462,0.015945
2024-06-25 00:00:00+00:00,21,3.2001,0.4746,1.0,66,425132.9845,-62382.7063,0.5254,35,223355.8131,4665.279133,153736.6372,48040.5342,-105696.103,66,425132.9845,10,61272.513458779176,3380.483824429178,-0.000866,-33.0981,-0.8641,0.354804,-0.4772,-2.8409,-0.097606,-0.02408,-0.079,-0.5036,-0.281185,-0.096058,0.4952,0.880147,0.001965,0.099867
2024-06-26 00:00:00+00:00,19,2.5377,0.3802,1.0,71,398675.9723,-65851.7757,0.6198,43,247083.776,4203.708019,108741.2848,42850.9115,-65890.3733,71,398675.9723,9,61449.21749199048,3383.846886629816,0.000441,16.2189,-0.8365,0.301244,-0.6248,-2.9491,-0.056982,-0.022366,-0.1255,-1.3596,-0.190494,-0.054857,1.3643,0.876106,-0.004042,0.042385
2024-06-27 00:00:00+00:00,21,1.4754,0.4113,1.0,84,433010.4337,-59317.3754,0.5887,49,254932.9806,4579.003098,106139.4497,71938.0034,-34201.4463,84,433010.4337,14,61242.83659210339,3410.425862850137,-0.000106,191.7187,-0.5875,0.325141,1.5458,-2.7177,-0.029727,0.016974,0.1795,-0.1086,-0.089444,-0.027646,0.5801,0.863786,-0.01232,-0.014397
2024-06-28 00:00:00+00:00,25,2.5934,0.5167,1.0,77,547907.0609,-75960.5111,0.4833,39,264802.1452,4910.348894,204320.3046,78784.611,-125535.6936,77,547907.0609,13,61143.44903999079,3421.18809159672,-0.000404,-319.9955,-0.9606,0.408839,-1.6668,-0.0922,-0.056597,0.014803,-0.0124,-0.2043,-0.13691,-0.054395,0.4015,0.897024,0.033239,0.016877
2024-06-29 00:00:00+00:00,12,1.9964,0.484,0.9926,44,134704.8499,-74364.7002,0.516,27,70019.4106,2629.910338,43764.0225,21921.4168,-21842.6057,45,135704.8499,6,60837.894364754815,3384.232031665661,0.001376,-232.9599,-1.2215,0.285214,-2.4096,-0.2087,-0.027552,-0.022713,-0.241,-1.8541,-0.089031,-0.023661,-2.1428,0.804718,-0.092306,-0.071387
2024-06-30 00:00:00+00:00,7,0.9314,0.4346,1.0,43,345231.5338,-63490.8926,0.5654,27,195178.2109,8343.404808,72360.5259,77692.7971,5332.2712,43,345231.5338,9,61401.99227093003,3388.968302586624,-0.000366,74.322,-1.1091,0.327925,0.825,0.3041,0.017572,0.010802,0.2625,-0.0426,0.065178,0.020443,-2.2708,0.860054,0.055336,-0.003732
2024-07-01 00:00:00+00:00,16,3.3635,0.4557,1.0,62,447718.7456,-65478.696,0.5443,38,243682.0874,6296.411044,157276.7898,46759.8684,-110516.9214,62,447718.7456,8,63069.503840336605,3471.123074367813,-0.001255,268.8435,-0.7783,0.332555,2.302,-0.5055,-0.103167,0.024112,0.1026,0.6687,-0.314549,-0.100553,0.2376,0.881931,0.021877,-0.015094
2024-07-02 00:00:00+00:00,18,2.2141,0.5123,1.0,59,407918.8882,-61655.1695,0.4877,32,198961.68,3788.452115,143944.3126,65012.8955,-78931.4172,59,407918.8882,9,62478.677555476606,3433.706699605604,0.000159,-100.037,-0.9107,0.375925,-0.5495,-0.5778,-0.067031,-0.002682,-0.0194,0.5393,-0.177748,-0.064578,0.1511,0.886086,0.004155,0.081368
2024-07-03 00:00:00+00:00,15,1.2363,0.353,1.0,78,424554.4166,-54504.4867,0.647,53,274703.6624,5946.737057,82843.1741,67007.58,-15835.5941,78,424554.4166,10,60558.7324262453,3328.0732702555088,0.000275,423.4017,-0.2954,0.296168,2.3518,2.3987,-0.021483,0.013054,0.2,1.8716,-0.067748,-0.018949,-0.4946,0.874717,-0.011369,0.014663
2024-07-04 00:00:00+00:00,28,1.6305,0.4791,1.0,78,352381.9221,-55399.5538,0.5209,39,183554.5517,5338.869091,104647.143,64180.2274,-40466.9155,78,352381.9221,11,58325.957306313554,3176.139882624131,0.000606,-63.7348,-0.3719,0.361409,1.3999,2.2528,-0.043344,0.035236,-0.2318,0.2849,-0.116312,-0.039923,-0.0385,0.866236,-0.008481,-0.015695
2024-07-05 00:00:00+00:00,42,2.0211,0.6475,1.0,102,557555.2536,-54897.1077,0.3525,40,196535.3248,3019.580751,241519.2501,119500.6788,-122018.5713,102,557555.2536,20,55743.55847255053,2957.064105214344,-0.000962,205.7146,-0.062,0.429944,0.2141,4.1336,-0.046091,-8.5e-05,0.0284,0.4642,-0.103561,-0.042456,0.3481,0.876457,0.010221,-0.009629
2024-07-06 00:00:00+00:00,15,1.3393,0.6008,1.0,43,165613.6192,-53838.52,0.3992,20,66115.9826,2856.52053,56965.0643,42532.5723,-14432.492,43,165613.6192,8,57027.00021735722,3011.9386168640194,0.001079,-792.0641,-1.2057,0.370541,-6.5205,0.0227,0.019173,-0.04229,-0.1993,-0.8937,0.063149,0.022215,-2.048,0.840767,-0.03569,-0.03395
2024-07-07 00:00:00+00:00,15,2.0685,0.63,1.0,42,201271.4311,-60908.0866,0.37,22,74471.2843,3594.916755,85477.4209,41322.726,-44154.6949,42,201271.4311,5,57425.0643675628,3008.5410556079355,0.001131,-42.9225,-1.2517,0.432061,-0.4187,-1.221,0.010612,0.002972,0.173,0.2819,0.036246,0.01506,-1.8143,0.863993,0.023226,-0.002243
2024-07-08 00:00:00+00:00,19,1.6471,0.5183,1.0,79,315433.5685,-50829.5878,0.4817,48,151933.4746,2700.942062,101733.7617,61766.3322,-39967.4295,79,315433.5685,12,56195.935056583374,2971.879745591913,-0.001305,199.7022,-0.9474,0.350545,1.7655,-1.7575,-0.044969,-0.015703,0.0217,0.4246,-0.102637,-0.033317,-0.0298,0.854585,-0.009408,-0.021872
2024-07-09 00:00:00+00:00,14,1.6089,0.5549,1.0,61,366476.801,-46334.0503,0.4451,38,163113.4433,6951.168581,125413.0063,77950.3514,-47462.6549,61,366476.801,9,57371.78211592144,3062.848566679273,-0.000463,26.9212,-0.8869,0.352436,0.2595,-0.9486,-0.060257,-0.000796,-0.0036,0.3992,-0.168816,-0.057103,0.4093,0.889342,0.034758,0.048575
2024-07-10 00:00:00+00:00,17,1.429,0.4312,1.0,63,330392.0224,-47666.3292,0.5688,39,187935.9822,4491.257676,83808.7934,58647.2468,-25161.5466,63,330392.0224,7,58120.47264105494,3096.301510577414,-0.000551,254.4149,-0.4702,0.294362,1.9066,-1.3937,-0.034033,-0.003953,0.0235,0.5533,-0.111608,-0.031222,-0.2231,0.872125,-0.017217,0.008133
2024-07-11 00:00:00+00:00,16,1.6858,0.4324,1.0,65,434139.2446,-48732.2472,0.5676,42,246435.2012,4203.875023,117816.1921,69887.8512,-47928.3409,65,434139.2446,7,57927.81086127691,3121.362002658599,0.000523,-92.8858,-0.6127,0.35544,-0.4775,-3.2711,-0.04852,0.011504,-0.0164,0.4341,-0.133811,-0.045835,0.2399,0.884459,0.012334,0.029875
2024-07-12 00:00:00+00:00,11,4.5768,0.431,1.0,57,434127.5586,-48446.4806,0.569,42,246999.4162,9204.040525,153573.1739,33554.9685,-120018.2055,57,434127.5586,4,57450.21570821669,3100.9927423679696,2.5e-05,-252.1625,-1.2663,0.322724,-1.9578,-5.443,-0.093588,-0.015044,-0.1327,-0.4595,-0.294011,-0.091762,0.6778,0.896569,0.01211,0.007227
2024-07-13 00:00:00+00:00,12,1.5069,0.676,1.0,45,194779.9428,-50188.0909,0.324,22,63113.163,4097.044032,79145.2719,52521.5079,-26623.764,45,194779.9428,11,58396.91404443887,3148.359596449542,0.00202,-43.1124,-1.3305,0.400493,-1.5936,-0.5161,-0.042712,-0.008724,0.0175,-0.3394,-0.100439,-0.038506,-1.6064,0.831455,-0.065114,-0.04067
2024-07-14 00:00:00+00:00,8,2.0908,0.5864,1.0,36,135248.2174,-47878.9143,0.4136,23,55936.8696,3351.332562,53650.9032,25660.4446,-27990.4586,36,135248.2174,5,60018.2291704053,3197.835795650841,-0.002931,25.7551,-1.2482,0.350579,1.4175,1.3201,-0.032422,0.002362,0.2014,1.0089,-0.085617,-0.028008,-2.707,0.782889,-0.048567,-0.101571
2024-07-15 00:00:00+00:00,16,2.333,0.3625,1.0,73,499793.9126,-52520.4473,0.6375,51,318621.9504,3860.846711,126815.0612,54356.9009,-72458.1603,73,499793.9126,6,62819.482024592064,3358.3514608134305,0.00108,598.0026,0.1006,0.350325,3.0184,2.5731,-0.051567,-0.000233,0.0165,1.0951,-0.145145,-0.04889,0.9226,0.891987,0.109099,-0.004582
2024-07-16 00:00:00+00:00,23,1.483,0.6374,1.0,73,455731.939,-53812.7834,0.3626,38,165244.7085,4948.818002,173498.1192,116989.1113,-56509.0079,73,455731.939,12,64169.4270022932,3440.009892117121,-0.00085,-7.1989,0.1197,0.426481,2.1097,4.4233,-0.017529,0.0028,0.1299,1.905,-0.035248,-0.014533,0.6928,0.881909,-0.010078,0.050454
2024-07-17 00:00:00+00:00,15,1.8655,0.3678,1.0,72,410181.6053,-56727.7857,0.6322,50,259315.5745,4998.723242,98216.2967,52649.7341,-45566.5627,72,410181.6053,7,65045.360538812645,3455.3252541356355,-0.000481,129.89,0.436,0.31268,1.4071,3.9238,-0.017091,-0.018496,0.1834,2.9297,-0.045421,-0.013377,0.3681,0.851607,-0.030302,0.068718
2024-07-18 00:00:00+00:00,15,1.8218,0.4017,1.0,63,319956.8127,-55228.0371,0.5983,41,191435.7858,3524.891205,82975.5638,45545.4631,-37430.1007,63,319956.8127,7,64334.81590328813,3429.274110077539,0.000795,63.3142,0.5911,0.332505,0.4251,4.8264,-0.003059,0.033835,-0.0829,2.3056,-0.001517,-0.000479,-0.0851,0.852901,0.001294,-0.039086
2024-07-19 00:00:00+00:00,19,1.7671,0.4036,1.0,67,372530.0555,-44037.3454,0.5964,40,222164.2584,3492.473705,96024.5802,54341.2169,-41683.3634,67,372530.0555,8,65023.95151050878,3446.36254326704,-0.000185,-385.0968,-0.3209,0.332373,-3.2783,3.5059,-0.046088,-0.008314,-0.126,1.4969,-0.135293,-0.042827,0.2143,0.868792,0.015891,-0.013117
2024-07-20 00:00:00+00:00,7,0.8219,0.3169,1.0,43,195643.6834,-39367.9529,0.6831,32,133643.6863,2959.60016,27969.0069,34030.9901,6061.9832,43,195643.6834,4,66777.0734557747,3502.440519359858,0.001065,-349.3783,-1.1306,0.288693,-3.2997,1.7998,0.008456,0.029815,-0.1349,0.6616,0.050054,0.013464,-1.2304,0.819379,-0.049413,-0.032228
2024-07-21 00:00:00+00:00,18,1.4584,0.617,1.0,42,152820.2715,-37880.8125,0.383,14,58537.1485,3884.53189,55931.7994,38351.3237,-17580.4757,42,152820.2715,10,67154.3506833694,3501.9713518428503,0.000917,231.3264,-0.572,0.365055,-0.1139,0.2685,-0.011837,-0.029136,0.151,1.5405,-0.0215,-0.00744,-1.4677,0.828272,0.008892,-0.02463
2024-07-22 00:00:00+00:00,8,10.527,0.082,1.0,67,1249524.1548,-39629.6018,0.918,58,1147043.447,34125.903934,93590.1967,8890.5112,-84699.6855,67,1249524.1548,1,67571.55738680602,3489.1657419001003,-0.001875,4.2926,-0.5462,0.14998,2.811,0.0611,-0.048754,0.003854,0.0104,1.5651,-0.33049,-0.047106,0.1404,0.93784,0.109569,0.069048
2024-07-23 00:00:00+00:00,26,1.8595,0.5319,1.0,76,571788.7438,-44616.4194,0.4681,36,267650.0717,4077.026702,197777.7017,106360.9704,-91416.7313,76,571788.7438,14,66646.77607299808,3473.095174072146,0.000629,-99.6918,-0.765,0.423239,-1.1863,-3.2349,-0.054926,-0.012603,-0.1234,0.8331,-0.111108,-0.045055,0.2812,0.910434,-0.027406,0.091055
2024-07-24 00:00:00+00:00,4,2.2959,0.0592,1.0,72,1132965.3809,-41872.5819,0.9408,66,1065924.7446,11279.988354,46700.168,20340.4683,-26359.6996,72,1132965.3809,2,66065.09466243735,3427.4393214974475,0.000339,-49.9042,-0.8651,0.20274,-0.8768,-5.5189,-0.047697,-0.002964,0.018,0.9255,-0.235015,-0.046083,-0.1496,0.949682,0.039248,0.121411
2024-07-25 00:00:00+00:00,21,3.341,0.2798,1.0,83,1215995.0785,-62736.3939,0.7202,53,875765.2019,11076.69772,261853.3308,78376.5458,-183476.785,83,1215995.0785,9,64605.32427053972,3171.0688629215515,-0.000927,10.5508,-0.8282,0.281025,0.2024,-5.7416,-0.032687,0.018273,0.0514,1.2,-0.1187,-0.032263,0.9747,0.937214,-0.012469,-0.000626
2024-07-26 00:00:00+00:00,13,2.5801,0.1876,1.0,68,1057701.5046,-69289.8449,0.8124,50,859317.6383,13735.110838,142970.6935,55413.1728,-87557.5206,68,1057701.5046,5,67286.26921180642,3248.63056942348,0.000879,-192.891,-1.2698,0.242811,-1.7417,-4.205,-0.026954,-0.005067,-0.124,0.461,-0.109838,-0.025839,0.4477,0.94046,0.003246,0.030026
2024-07-27 00:00:00+00:00,20,2.1414,0.5689,1.0,55,238629.3587,-77201.9913,0.4311,27,102881.3468,4966.426442,92535.5267,43212.4852,-49323.0415,55,238629.3587,8,68302.13537784493,3270.143231265023,0.000356,150.2708,-0.9008,0.432763,0.0575,-0.8477,-0.028866,-0.02003,0.0804,0.913,-0.05896,-0.024564,-0.8078,0.856401,-0.084059,-0.093282
2024-07-28 00:00:00+00:00,9,0.6015,0.4727,1.0,40,118092.4308,-72705.9891,0.5273,25,62270.6812,2191.384259,20965.1049,34856.6447,13891.5397,40,118092.4308,6,67808.9076613231,3251.9221034573125,0.000451,-246.6521,-1.4473,0.295351,-0.9736,-1.7074,-0.004921,0.015675,-0.1998,-0.271,0.002049,0.000555,-2.386,0.775508,-0.080893,-0.161706
2024-07-29 00:00:00+00:00,13,4.0721,0.1746,1.0,80,1121688.1945,-77549.8634,0.8254,63,925866.4733,9561.827757,157214.2633,38607.458,-118606.8053,80,1121688.1945,4,68604.58964442728,3337.0824674119663,-0.000722,95.6571,-1.2019,0.25143,1.1329,-3.3855,-0.056528,0.019157,0.1606,0.661,-0.225988,-0.054842,0.1746,0.92983,0.154322,-0.010629
2024-07-30 00:00:00+00:00,12,1.6883,0.1403,1.0,86,1113938.4684,-70205.3421,0.8597,68,957684.8919,17065.229026,98129.3292,58124.2473,-40005.082,86,1113938.4684,6,66384.82845760796,3312.6787064004097,-0.0003,471.5641,-0.0812,0.222069,4.7909,2.5917,-0.020297,0.029176,0.1362,1.4325,-0.079784,-0.016831,1.038,0.918261,-0.011569,0.06186
2024-07-31 00:00:00+00:00,17,3.6872,0.2725,1.0,73,651618.4789,-80983.4873,0.7275,52,474041.5687,3235.19337,139691.8134,37885.0969,-101806.7165,73,651618.4789,4,65971.89789321063,3293.6143383895,-0.000511,40.678,0.0176,0.336373,-0.6839,2.7846,-0.065196,-0.043301,-0.0156,1.3101,-0.19248,-0.062437,-0.1044,0.901308,-0.016953,0.1258
2024-08-01 00:00:00+00:00,19,2.3337,0.3117,1.0,81,731690.7126,-67806.1671,0.6883,55,503644.5349,5069.072198,159640.8606,68405.3171,-91235.5435,81,731690.7126,7,64144.738560299294,3169.768525072596,-0.00041,75.7946,0.1946,0.33078,1.0997,3.682,-0.020914,0.002891,0.1602,2.1666,-0.059429,-0.018867,-0.2452,0.894166,-0.007143,-0.035665
2024-08-02 00:00:00+00:00,16,1.7076,0.2538,1.0,75,797425.6616,-62852.897,0.7462,50,595062.6387,12769.059809,127623.8266,74739.1964,-52884.6302,75,797425.6616,9,63807.83400122376,3104.1736347539736,0.000176,-358.1826,-0.6482,0.287623,-4.3311,1.0925,-0.018969,0.011145,-0.0893,1.6181,-0.064895,-0.018028,-1.1198,0.909052,0.014886,-0.009209
2024-08-03 00:00:00+00:00,18,1.5091,0.5655,1.0,64,270158.9993,-60234.9743,0.4345,38,117394.71,4358.662834,91880.9358,60883.3536,-30997.5822,64,270158.9993,8,61268.71193314903,2954.4714323594376,0.001659,-276.0372,-1.2785,0.400927,-1.7464,-0.7114,-0.005467,-0.022593,-0.4061,-0.745,-0.010618,-0.004103,-0.0323,0.867568,-0.041483,-0.03374
2024-08-04 00:00:00+00:00,27,2.4389,0.5149,1.0,71,317955.7626,-72005.863,0.4851,34,154232.6915,4581.763238,116113.8762,47609.1949,-68504.6813,71,317955.7626,10,60005.84604971494,2849.885219058992,0.001009,296.5551,-0.5793,0.412294,0.0754,0.3376,-0.046735,0.012643,0.0029,-0.736,-0.114413,-0.045116,-0.734,0.862698,-0.004871,-0.031468
2024-08-05 00:00:00+00:00,59,1.9114,0.486,1.0,204,2064959.4123,-99936.4182,0.514,118,1061491.8435,12499.588295,658794.1305,344673.4383,-314120.6922,204,2064959.4123,27,53549.309205905454,2377.2525129714527,-0.002196,4717.5727,6.9458,0.441413,26.2365,25.4412,-0.005878,0.047091,0.4955,2.0998,-0.021462,-0.008799,-0.7561,0.837741,-0.024956,-0.07131
2024-08-06 00:00:00+00:00,22,1.4574,0.419,1.0,97,1135533.5021,-106873.6057,0.581,66,659723.7679,9774.272187,282187.5642,193622.17,-88565.3942,97,1135533.5021,9,55915.82761766433,2497.0785182605878,-0.000516,-4801.6374,-0.5982,0.342054,-24.2656,-3.6153,-0.01944,-0.036099,-0.2375,0.7161,-0.060545,-0.01975,-0.2745,0.907123,0.069382,0.039555
2024-08-07 00:00:00+00:00,28,1.7775,0.4514,1.0,107,921002.0677,-108953.9097,0.5486,63,505278.4389,9832.460658,266046.2364,149677.3924,-116368.844,107,921002.0677,16,56372.99583208986,2444.014819499557,0.000375,60.7862,-0.5024,0.314653,-0.3851,-3.3165,-0.043697,-0.023992,0.0186,0.8046,-0.139829,-0.042151,0.7696,0.903911,-0.003212,0.041214
2024-08-08 00:00:00+00:00,15,2.6057,0.2126,1.0,87,697143.4263,-105350.5656,0.7874,65,548910.3555,5592.121774,107122.603,41110.4679,-66012.1352,87,697143.4263,7,58094.341233258594,2486.038357809064,-0.000366,135.983,-0.2878,0.293583,1.5039,-2.9124,-0.029831,0.004719,0.2218,2.0223,-0.097599,-0.027152,0.1989,0.886311,-0.0176,0.04857
2024-08-09 00:00:00+00:00,13,1.0338,0.405,1.0,66,538420.568,-98312.6302,0.595,41,320359.8696,4554.640255,110839.8904,107220.808,-3619.0824,66,538420.568,12,60751.62699338791,2634.2059278076244,-9.7e-05,-247.5588,-0.6731,0.353734,-1.2503,0.1684,-0.005388,-0.014736,-0.1479,1.1526,-0.008948,-0.00306,0.3123,0.903836,0.017525,-0.003287
2024-08-10 00:00:00+00:00,16,2.7292,0.6404,1.0,42,177478.2817,-101412.9894,0.3596,19,63825.1018,3072.844862,83176.6381,30476.5418,-52700.0962,42,177478.2817,7,60746.35389815439,2612.6207111066487,0.002112,-248.7966,-1.0537,0.405602,-2.4613,-0.5465,-0.068566,-0.015354,-0.3666,-0.9479,-0.167508,-0.064937,-2.0891,0.832416,-0.07142,-0.071495
2024-08-11 00:00:00+00:00,20,1.8282,0.7964,1.0,41,183711.778,-97747.207,0.2036,11,37406.8568,3307.414238,94574.563,51730.3582,-42844.2048,41,183711.778,10,60440.42543582601,2630.826632513234,0.000238,27.4647,-0.9925,0.464884,0.1955,-0.4264,-0.035151,0.012261,0.2195,0.298,-0.070166,-0.031457,-1.7746,0.852918,0.020502,-0.033393
2024-08-12 00:00:00+00:00,21,2.1303,0.4557,1.0,73,600364.0876,-66986.0656,0.5443,46,326769.4655,5721.756158,186193.6621,87400.9599,-98792.7022,73,600364.0876,6,59008.30150590142,2619.633276756994,-0.001468,299.9993,-0.5208,0.421228,3.0169,-23.646,-0.038295,0.006095,0.3359,2.1487,-0.087422,-0.035628,-0.6033,0.894561,0.041643,-0.009275
2024-08-13 00:00:00+00:00,23,1.4002,0.504,1.0,87,355201.8076,-58597.7623,0.496,50,176180.882,3255.320095,104434.0983,74586.8274,-29847.271,87,355201.8076,14,59719.10394810304,2677.383193306078,-0.00032,-210.4901,-0.8342,0.370543,-2.2454,-1.6258,0.013038,0.005384,-0.2399,0.7792,0.045847,0.016048,0.1779,0.841392,-0.053169,0.008976
2024-08-14 00:00:00+00:00,11,1.4666,0.28,1.0,68,505469.9454,-45798.3867,0.72,50,363948.7561,4136.548302,84147.2022,57373.987,-26773.2152,68,505469.9454,7,60144.105569724845,2698.1514270427824,4.4e-05,85.2163,-0.6972,0.302722,0.6534,-0.5873,-0.054388,-0.065795,-0.4753,-1.8813,-0.179749,-0.052531,2.9042,0.903103,0.061711,0.050185
2024-08-15 00:00:00+00:00,16,1.5351,0.448,1.0,75,395175.8767,-41706.1854,0.552,50,218138.348,6984.275201,107202.1274,69835.4013,-37366.7261,75,395175.8767,9,58368.69099346603,2620.4653033396007,-0.000708,114.4553,-0.5173,0.314426,0.9304,-1.1608,-0.021907,0.006917,0.1139,-1.2306,-0.066003,-0.019715,2.0357,0.858682,-0.044422,-0.03588
2024-08-16 00:00:00+00:00,17,2.7744,0.5366,1.0,58,368130.139,-54454.862,0.4634,35,170602.7357,8057.042902,145193.6111,52333.7922,-92859.8188,58,368130.139,6,58458.84572163785,2599.639273930713,0.001846,-261.4806,-0.914,0.449546,-2.1073,-2.0178,-0.028397,0.053618,0.2003,-0.1378,-0.058814,-0.025563,-0.3443,0.86893,0.010248,0.027537
2024-08-17 00:00:00+00:00,12,3.352,0.6474,0.9662,35,114161.6715,-52832.5942,0.3526,24,41658.6566,3135.530769,58922.2925,17578.0714,-41344.2211,39,118159.0205,3,59299.71484287202,2605.8283056441005,0.0013,-61.3126,-1.0008,0.447566,-0.8012,-0.3577,-0.059912,-0.007644,-0.0576,-0.4727,-0.127971,-0.054271,-2.7434,0.787197,-0.081732,-0.115906
2024-08-18 00:00:00+00:00,10,2.1234,0.4256,1.0,36,116221.6883,-49253.799,0.5744,22,66753.2594,2925.108539,33630.5339,15837.895,-17792.6389,36,116221.6883,4,59706.265835638485,2639.1954159226066,-0.000529,16.3724,-0.9545,0.380322,0.1451,-0.4081,-0.054835,0.004091,0.0503,-0.1865,-0.138111,-0.049473,-2.6644,0.794317,0.00712,-0.064364
2024-08-19 00:00:00+00:00,28,1.2834,0.4237,1.0,86,509892.6255,-38970.9542,0.5763,50,293831.7734,7705.936663,121436.8201,94624.0319,-26812.7882,86,509892.6255,8,58633.60795621122,2608.954468474522,-0.001394,39.2037,-0.8744,0.36194,0.7143,-2.7107,-0.013642,0.015625,0.2268,1.0803,-0.028866,-0.009964,-0.162,0.865311,0.070994,-0.003618
2024-08-20 00:00:00+00:00,25,2.4619,0.4196,1.0,82,355831.1663,-43715.0463,0.5804,49,206506.93,3361.716621,106190.0761,43134.1602,-63055.9159,82,355831.1663,8,60122.42486134975,2629.962107580864,0.000139,2.5847,-0.8521,0.351452,-0.2262,-0.6915,-0.061495,0.005083,0.0129,1.1292,-0.174286,-0.057998,-0.5718,0.848872,-0.01644,0.061674
2024-08-21 00:00:00+00:00,24,2.6766,0.4117,1.0,66,439314.2287,-51673.926,0.5883,35,258432.304,4455.17523,131683.6489,49198.2758,-82485.3731,66,439314.2287,7,59823.397512250645,2600.563274127028,0.000775,92.1114,-0.6943,0.378838,0.0999,-1.245,-0.053196,-0.006675,-0.1328,0.3736,-0.135808,-0.04954,-0.3586,0.882958,0.034087,0.088641
2024-08-22 00:00:00+00:00,21,2.0243,0.4319,1.0,70,513779.456,-57073.2177,0.5681,42,291864.8038,7243.662395,148538.21,73376.4422,-75161.7678,70,513779.456,7,60725.84290838472,2622.0882525539205,0.000162,-125.9849,-0.872,0.362078,-0.4328,-2.6082,-0.091823,0.000976,-0.0311,0.1956,-0.258553,-0.089933,-0.3622,0.881793,-0.001165,0.016482
2024-08-23 00:00:00+00:00,20,8.2478,0.7383,1.0,68,772740.6814,-107686.4014,0.2617,40,202199.1909,26440.879048,508846.7975,61694.693,-447152.1045,68,772740.6814,8,61703.073676125954,2683.138311701207,-0.000314,44.3904,-0.7964,0.672956,0.3172,-0.1837,-0.077708,0.011018,0.0016,0.1902,-0.1141,-0.075576,0.0984,0.916648,0.034855,0.067777
2024-08-24 00:00:00+00:00,19,1.9255,0.6949,1.0,49,239225.9508,-109292.9155,0.3051,18,72992.5438,4251.104417,109411.6134,56821.7936,-52589.8198,49,239225.9508,12,64115.21381680158,2767.0810646145183,0.000501,-67.6915,-0.8881,0.467147,-0.8487,-0.2312,-0.051713,-0.010891,-0.1919,-0.892,-0.113801,-0.051704,0.0778,0.869414,-0.047235,-0.013545
2024-08-25 00:00:00+00:00,22,1.8966,0.8173,1.0,42,107222.8204,-110626.1901,0.1827,12,19588.8474,2341.101142,57379.7672,30254.2058,-27125.5614,42,107222.8204,8,64160.54293686932,2764.178420438882,0.001686,-22.2324,-0.9021,0.384283,-0.1303,-0.5066,-0.04949,0.01693,0.2325,0.4197,-0.131298,-0.048556,-1.3604,0.831471,-0.037942,-0.050322
2024-08-26 00:00:00+00:00,18,2.6567,0.5359,1.0,60,399311.7993,-120646.9248,0.4641,33,185303.725,4612.680584,155483.0028,58525.0714,-96957.9314,60,399311.7993,9,63703.61873206187,2724.4328976774004,-0.001788,115.1612,-0.7083,0.445783,1.3327,0.1118,-0.064616,-0.003128,-0.054,0.1224,-0.144116,-0.0625,-0.8173,0.885405,0.053934,-0.031243
2024-08-27 00:00:00+00:00,30,3.3345,0.5594,1.0,78,470690.7158,-131899.2856,0.4406,39,207368.2203,4333.14529,202572.4684,60750.027,-141822.4414,78,470690.7158,9,62151.73342703856,2620.461986494445,-0.000191,-9.1441,-0.7056,0.424741,-0.4028,-0.0647,-0.045054,-0.010386,-0.0063,0.0872,-0.103355,-0.042255,-0.188,0.878153,-0.007252,0.008739
2024-08-28 00:00:00+00:00,37,1.5125,0.4708,1.0,120,697741.1301,-129688.641,0.5292,70,369211.1799,8526.105304,197770.4055,130759.5446,-67010.8609,120,697741.1301,13,59338.300684392925,2494.691709794993,-0.000329,-17.1057,-0.7146,0.380789,0.1211,-0.0436,-0.00263,-0.013272,0.1029,0.666,-0.004927,-0.001793,2.9146,0.875083,-0.00307,0.043611
2024-08-29 00:00:00+00:00,16,2.3,0.4613,1.0,68,475469.6908,-131294.0331,0.5387,44,256152.3967,6734.79649,152858.4034,66458.8907,-86399.5126,68,475469.6908,8,59683.51633661423,2544.083604819762,-0.000473,8.1729,-0.6853,0.412364,-0.0591,0.3301,-0.016829,0.012723,-0.1303,-0.07,-0.036341,-0.014497,0.4143,0.884544,0.009461,-0.000862
2024-08-30 00:00:00+00:00,32,3.6228,0.6459,1.0,74,431029.3032,-89980.0482,0.3541,32,152626.0631,4436.81919,218178.725,60224.5151,-157954.2099,74,431029.3032,10,59147.96359486628,2511.1408733346807,0.00054,-29.5645,-0.7194,0.457467,-0.4433,-0.4304,-0.106499,0.005411,0.0114,-0.0006,-0.235573,-0.104094,-0.3007,0.877891,-0.006652,-0.000262
2024-08-31 00:00:00+00:00,14,13.7476,0.7583,1.0,38,227821.2569,-103798.8212,0.2417,21,55072.7627,10670.040544,161034.8624,11713.6318,-149321.2306,38,227821.2569,3,59084.16895998355,2517.909118165428,0.001915,-74.4169,-0.8191,0.488582,-0.5555,-0.1371,-0.246832,-0.005004,-0.0496,-0.2702,-0.514419,-0.242043,-1.8053,0.848296,-0.029596,-0.026787
2024-09-01 00:00:00+00:00,14,3.1913,0.8566,1.0,45,260223.0693,-116573.3614,0.1434,19,37303.4447,11575.810369,169733.4838,53186.1407,-116547.3432,45,260223.0693,12,58229.481149697385,2477.3574427071208,0.000243,-6.6691,-0.8107,0.528531,-0.0119,-0.0187,-0.158975,-0.007278,0.0971,0.2929,-0.301986,-0.154849,-0.8452,0.860302,0.012006,-0.024241
2024-09-02 00:00:00+00:00,24,2.3605,0.6158,1.0,66,309275.3254,-113737.3049,0.3842,32,118824.9616,3701.621607,133777.9499,56672.4139,-77105.536,66,309275.3254,10,58207.971019845696,2491.823020528794,-0.001798,354.2752,-0.2496,0.413072,2.9225,1.5711,-0.083853,0.005936,0.0608,0.6352,-0.203157,-0.080543,0.5637,0.85609,-0.004212,-0.021801
2024-09-03 00:00:00+00:00,28,2.7708,0.6007,1.0,94,852104.9982,-127815.6528,0.3993,50,340256.3197,25982.740651,376109.7773,135738.9012,-240370.8762,94,852104.9982,16,58649.35588288965,2492.315077872152,-0.000797,-228.3075,-0.5891,0.588435,-1.6255,0.3483,0.006689,0.016892,0.0507,0.9236,0.01794,0.010318,1.3282,0.884401,0.028311,0.036105
2024-09-04 00:00:00+00:00,26,2.4129,0.531,1.0,81,504297.7183,-134080.5093,0.469,42,236502.5558,4045.33235,189330.0095,78465.153,-110864.8565,81,504297.7183,13,57153.84522547051,2412.31590910674,8e-05,211.8487,-0.2307,0.441339,1.2969,1.5242,-0.085044,-0.004712,0.0704,1.3179,-0.194608,-0.082811,-0.178,0.875252,-0.009148,0.01495
2024-09-05 00:00:00+00:00,20,2.2045,0.3086,1.0,76,454853.1697,-129274.289,0.6914,49,314497.5613,7245.100676,96555.7896,43799.8188,-52755.9707,76,454853.1697,7,56856.89163151301,2400.2698505616904,-0.00033,33.3277,-0.1576,0.294871,0.4498,2.033,-0.046693,-0.021333,0.0214,1.4181,-0.156685,-0.043872,0.5843,0.864993,-0.010259,0.008903
2024-09-06 00:00:00+00:00,30,1.8051,0.5063,1.0,97,500871.38,-117107.6652,0.4937,54,247272.3417,4051.483512,163193.4409,90405.5974,-72787.8434,97,500871.38,13,55324.996213375496,2323.295560109168,-0.000142,336.6618,0.4032,0.419739,0.9147,3.391,-0.032759,0.011337,-0.0542,1.0918,-0.073169,-0.029368,0.4412,0.863034,-0.001959,-0.021366
2024-09-07 00:00:00+00:00,23,3.106,0.7152,1.0,61,256267.1348,-109206.4246,0.2848,30,72975.5071,6366.509708,138652.087,44639.5407,-94012.5462,61,256267.1348,8,54226.69497067121,2270.811570726728,0.000138,-604.9744,-0.595,0.47605,-2.9218,1.0246,-0.081102,-0.006085,-0.0243,0.939,-0.171442,-0.078236,0.0278,0.842384,-0.020651,-0.032869
2024-09-08 00:00:00+00:00,11,1.0667,0.4626,1.0,45,129193.0309,-92832.5072,0.5374,29,69427.9348,1903.599294,30847.5087,28917.5873,-1929.9214,45,129193.0309,5,54362.02814100927,2283.8752153949918,0.000876,-60.0568,-0.6789,0.34718,-0.6258,0.4107,-0.021837,0.01669,-0.2297,-0.3378,-0.053438,-0.017601,-0.987,0.840029,-0.002355,-0.024964
2024-09-09 00:00:00+00:00,23,3.1521,0.637,1.0,72,497671.1259,-105288.9247,0.363,36,180679.1346,11940.038496,240646.2247,76345.7666,-164300.4581,72,497671.1259,13,55683.49830051238,2319.0619038938826,-0.000968,361.414,-0.0603,0.51078,2.6283,0.1165,-0.066523,-0.027262,0.2171,0.8602,-0.128306,-0.063805,0.3792,0.882669,0.042641,0.019635
2024-09-10 00:00:00+00:00,18,1.3003,0.621,1.0,79,670831.6858,-78719.0425,0.379,48,254265.4183,15459.001464,235473.9841,181092.2834,-54381.7008,79,670831.6858,13,57117.663363118656,2353.1369914571187,-0.001207,85.9181,0.1085,0.467721,1.5438,3.2859,-0.036894,-0.022967,-0.0746,0.4398,-0.075621,-0.034372,0.4784,0.892163,0.009494,0.049779
2024-09-11 00:00:00+00:00,39,2.4205,0.7061,1.0,93,952229.0876,-102769.7595,0.2939,40,279875.3195,20077.711475,475786.822,196566.946,-279219.876,93,952229.0876,14,56939.04650114791,2339.304260640036,0.000927,-262.8618,-0.328,0.609928,-2.4079,-0.419,-0.074898,0.006601,-0.1391,-0.3281,-0.120604,-0.071928,1.8012,0.891188,-0.000975,0.051159
2024-09-12 00:00:00+00:00,27,4.8654,0.6039,1.0,82,461395.9156,-121466.8127,0.3961,45,182746.2261,7134.684603,231142.5162,47507.1733,-183635.3428,82,461395.9156,10,58027.799536359336,2351.8164741951628,-6.4e-05,94.5237,-0.1509,0.436734,0.5489,-0.3198,-0.130787,0.014364,0.2023,0.7791,-0.303426,-0.127519,0.6168,0.859634,-0.031554,-0.023036
2024-09-13 00:00:00+00:00,30,0.6502,0.4559,1.0,102,529685.7343,-103756.391,0.5441,59,288221.4795,11018.242233,95139.5733,146324.6815,51185.1081,102,529685.7343,13,58643.557336865655,2378.893883291074,2.6e-05,-66.6001,-0.2653,0.352687,-0.6144,-1.8489,0.05645,0.025821,0.0015,0.7695,0.181208,0.0607,1.9324,0.846668,-0.012966,-0.045495
2024-09-14 00:00:00+00:00,18,2.1971,0.8181,1.0,51,181147.6829,-98253.3525,0.1819,23,32948.2362,7109.140373,101845.3617,46354.0851,-55491.2767,51,181147.6829,10,60052.8249240324,2420.141635347084,2.9e-05,-155.768,-0.5348,0.566658,-0.9619,0.111,-0.018224,-0.004456,-0.1157,0.1215,-0.024636,-0.01351,-1.1962,0.825464,-0.021204,-0.065723
2024-09-15 00:00:00+00:00,14,1.7838,0.5165,1.0,53,179977.0445,-101716.6548,0.4835,31,87015.3246,4032.459878,59567.3788,33394.3412,-26173.0376,53,179977.0445,8,59991.14358377446,2400.4724077414803,0.000778,14.5081,-0.4986,0.33796,-0.2254,0.5115,-0.063709,0.034513,-0.0195,0.0106,-0.184147,-0.058964,-0.7332,0.842149,0.016685,-0.017484
2024-09-16 00:00:00+00:00,28,2.9356,0.432,1.0,97,556328.0737,-95131.4718,0.568,57,315987.7634,5000.930257,179272.2435,61068.0668,-118204.1767,97,556328.0737,12,58388.84389246089,2292.552842006125,-0.000675,554.0288,0.4816,0.35386,5.205,3.0882,-0.098064,-0.023704,0.3401,1.8403,-0.286116,-0.095655,-0.2201,0.833904,-0.008245,-0.012764
2024-09-17 00:00:00+00:00,22,1.934,0.3876,1.0,71,482537.3343,-95869.1847,0.6124,40,295488.7629,6555.253274,123297.1314,63751.44,-59545.6914,71,482537.3343,9,59350.64782314178,2321.3649167115705,-0.000468,166.6228,0.772,0.354892,-1.1977,0.3467,-0.039928,-0.009384,-0.1858,0.8144,-0.107779,-0.036541,0.1615,0.868324,0.034419,0.042859
2024-09-18 00:00:00+00:00,30,2.5849,0.5702,1.0,69,437312.6175,-71729.0972,0.4298,28,187961.8676,4033.885058,179795.0065,69555.7434,-110239.2631,69,437312.6175,11,60130.62238972244,2319.316567479304,-0.000181,-16.8791,0.7466,0.430899,2.772,5.5265,-0.026005,-0.026048,0.2959,2.3168,-0.056001,-0.02337,0.3118,0.88215,0.013826,0.040001
2024-09-19 00:00:00+00:00,27,4.4419,0.7245,1.0,87,766231.4961,-95655.4292,0.2755,44,211087.1503,17685.025761,453132.0066,102012.3392,-351119.6673,87,766231.4961,16,62644.01484351805,2433.9446504486773,-0.000384,794.2262,2.0729,0.6066,8.7232,13.7008,-0.127546,-0.003385,0.1047,2.7626,-0.209787,-0.124137,0.9824,0.877856,-0.004295,0.043951
2024-09-20 00:00:00+00:00,25,1.0774,0.3827,1.0,84,607797.1767,-104206.3899,0.6173,44,375167.2445,10814.997256,120650.7742,111979.158,-8671.6162,84,607797.1767,15,63216.95588943324,2530.503543427955,-0.000282,-34.9768,1.9445,0.35643,-2.1208,12.1943,-0.016347,-0.013121,-0.0541,2.508,-0.038588,-0.013097,0.5391,0.868532,-0.009324,0.000208
2024-09-21 00:00:00+00:00,19,2.8112,0.6447,1.0,45,199710.3062,-105020.731,0.3553,20,70947.2433,4456.044928,94977.3639,33785.699,-61191.6649,45,199710.3062,6,63098.979419477335,2559.225038903885,-0.00022,-294.2315,1.413,0.431342,-3.3493,9.807,-0.072237,-0.015501,0.0756,2.776,-0.167409,-0.068676,-0.6506,0.808923,-0.059609,-0.073227
2024-09-22 00:00:00+00:00,21,1.8122,0.7247,1.0,47,182468.7357,-106737.8142,0.2753,19,50225.3011,3459.935635,85218.0271,47025.4075,-38192.6195,47,182468.7357,7,62977.96522961281,2583.733198998056,0.000496,-243.7142,0.9911,0.488297,-0.715,9.3174,-0.046846,0.014982,-0.0654,2.3349,-0.09112,-0.042547,-0.6551,0.809568,0.000645,-0.068288
2024-09-23 00:00:00+00:00,37,1.4164,0.4328,1.0,94,747035.4579,-97810.724,0.5672,43,423746.9154,12222.83577,189501.544,133786.9985,-55714.5455,94,747035.4579,14,63544.37187408639,2651.1674045645177,0.000115,1126.4941,2.7082,0.410196,11.8231,15.9355,-0.017599,-0.00468,0.0341,2.4067,-0.036501,-0.014349,0.4319,0.864922,0.055355,-0.00361
2024-09-24 00:00:00+00:00,21,2.3376,0.4415,1.0,76,664124.5606,-106090.4225,0.5585,46,370928.9881,8660.911255,205349.5766,87845.9959,-117503.5806,76,664124.5606,9,63550.41638434343,2637.991500137378,-0.000147,162.2431,2.7998,0.401785,0.8448,17.978,-0.05336,0.004551,-0.0919,1.9119,-0.131913,-0.051129,0.8265,0.880569,0.015647,0.071646
2024-09-25 00:00:00+00:00,16,1.0714,0.3828,1.0,75,680530.6105,-91625.0622,0.6172,48,420038.6199,8312.713929,134736.8662,125755.1245,-8981.7416,75,680530.6105,11,63761.37920023081,2614.136638006976,-0.000662,-110.2749,2.5129,0.349353,-1.9895,13.2165,0.003975,-0.00326,-0.0448,1.6454,0.018782,0.006281,0.8046,0.875011,-0.005558,0.065443
2024-09-26 00:00:00+00:00,20,1.6565,0.4634,1.0,81,428655.6066,-48476.8942,0.5366,49,230034.1928,3386.804298,123851.9526,74769.4613,-49082.4913,81,428655.6066,12,64252.50993874983,2621.6568773697995,0.001026,-200.4905,2.136,0.364052,-2.7112,1.7822,-0.033516,0.021891,-0.0817,1.2174,-0.08536,-0.029413,-0.0448,0.839699,-0.035312,-0.025223
2024-09-27 00:00:00+00:00,22,2.1248,0.3932,1.0,91,596557.4612,-59301.7828,0.6068,59,361963.4685,3769.181464,159519.9146,75074.0782,-84445.8364,91,596557.4612,10,65634.97465480205,2667.4763006719613,-0.000789,-553.0358,1.3169,0.355311,-5.3322,-1.4292,-0.039376,0.013785,-0.2015,0.2077,-0.104504,-0.035317,0.9151,0.863887,0.024187,-0.016682
2024-09-28 00:00:00+00:00,12,1.7524,0.4647,1.0,52,189570.497,-54000.6031,0.5353,35,101471.0178,3172.152349,56091.4429,32008.0364,-24083.4065,52,189570.497,5,65771.01217508952,2678.997511634904,0.001384,-784.0244,0.203,0.348803,-6.2547,-4.3347,-0.01995,0.011721,-0.1191,-0.4079,-0.044244,-0.014429,-0.5435,0.813708,-0.050179,-0.061304
2024-09-29 00:00:00+00:00,18,2.0655,0.7065,0.9816,51,159921.0514,-54259.8223,0.2935,25,47817.2178,3010.980636,77555.4932,37548.3393,-40007.1539,54,162921.0503,11,65728.75718428926,2660.9991451024507,-0.00033,24.9281,0.2345,0.391417,0.2274,-3.3923,-0.040461,-0.025112,0.0604,-0.1061,-0.095166,-0.034906,-0.1738,0.78907,-0.024637,-0.050629
2024-09-30 00:00:00+00:00,20,2.4065,0.3614,1.0,79,702915.1304,-61282.874,0.6386,50,448913.632,6680.581181,179438.7029,74562.7955,-104875.9073,79,702915.1304,9,64089.07473658905,2619.673451621829,3.3e-05,399.8618,0.7853,0.386217,3.2359,-11.9795,-0.034317,0.011203,0.1037,0.4121,-0.083802,-0.031282,0.5902,0.894891,0.105821,0.031004
2024-10-01 00:00:00+00:00,25,2.488,0.4156,1.0,102,798133.7977,-64711.058,0.5844,67,466445.1953,9070.600562,236594.7357,95093.8667,-141500.8691,102,798133.7977,10,62941.932821321774,2577.362919616066,-0.000255,776.3107,1.827,0.385898,6.5322,-6.2922,-0.074535,0.070588,-0.2016,-0.6124,-0.190044,-0.069951,0.6481,0.874685,-0.020206,0.060978
2024-10-02 00:00:00+00:00,37,3.2307,0.5952,1.0,105,646912.257,-92429.3928,0.4048,53,261885.2781,6840.977288,294018.532,91008.4469,-203010.0851,105,646912.257,15,61290.04600694916,2447.0508505011585,0.000273,-761.728,0.766,0.415424,-9.4817,-13.7844,-0.107138,-0.044555,0.1508,0.1483,-0.25971,-0.103303,1.289,0.872234,-0.002451,0.083164
2024-10-03 00:00:00+00:00,19,1.3884,0.4694,1.0,78,469896.5272,-90542.4754,0.5306,43,249316.7291,4385.77119,128226.9338,92352.8644,-35874.0694,78,469896.5272,16,60773.034676595045,2359.389055159883,0.000553,-378.6316,0.2477,0.359108,-0.733,-11.8062,-0.024591,-0.009994,0.0023,0.1495,-0.063001,-0.021617,-0.1762,0.870341,-0.001892,-0.024549
2024-10-04 00:00:00+00:00,17,2.2754,0.3317,1.0,64,435632.7367,-86517.7255,0.6683,42,291119.0429,5747.621993,100393.1404,44120.5534,-56272.587,64,435632.7367,5,61515.99215152817,2390.3167055637346,-0.000607,-153.1916,0.0296,0.349804,-1.1355,-7.6095,-0.046938,0.008698,0.0211,0.2397,-0.130504,-0.043656,-0.3076,0.872113,0.001772,-0.002572
2024-10-05 00:00:00+00:00,8,2.0882,0.1602,1.0,45,452119.3583,-86723.0521,0.8398,34,379693.7323,7144.102786,48973.1595,23452.4664,-25520.693,45,452119.3583,3,62049.763105753525,2412.3781953385837,0.000379,-84.0562,-0.0929,0.224928,-0.7468,-2.1015,-0.023437,-0.019251,0.1252,0.8801,-0.095507,-0.020058,-1.147,0.865422,-0.006691,-0.006812
2024-10-06 00:00:00+00:00,10,1.1667,0.5376,0.925,33,109105.7546,-81704.5483,0.4624,27,54549.1132,2820.026257,34143.3097,29265.6823,-4877.6274,42,117958.1053,5,62261.79855851218,2427.4498192981023,-0.000531,254.6517,0.2529,0.380047,1.9886,-0.3404,0.01074,-0.002564,0.1163,1.4568,0.044073,0.015559,-1.6259,0.755413,-0.110009,-0.114928
2024-10-07 00:00:00+00:00,23,2.4995,0.5193,1.0,76,459854.74,-81339.6795,0.4807,44,221055.7447,4229.213881,170560.4105,68238.5848,-102321.8257,76,459854.74,9,63335.3683687672,2469.4912270715517,-0.000437,1431.7267,2.1509,0.404239,8.2588,4.6825,-0.054095,-0.006509,-0.0064,1.3887,-0.130743,-0.050564,0.5743,0.853459,0.098046,-0.018655
2024-10-08 00:00:00+00:00,27,2.0601,0.5836,1.0,74,380347.0242,-72109.6808,0.4164,35,158386.8387,3527.396294,149425.5316,72534.6539,-76890.8777,74,380347.0242,12,62442.7983360223,2435.0618970991973,-1.4e-05,-175.8609,1.8548,0.434761,2.6238,0.7741,-0.065553,-0.002101,0.0252,1.4815,-0.149246,-0.062111,0.5072,0.836178,-0.01728,-0.029244
2024-10-09 00:00:00+00:00,18,1.9282,0.4009,1.0,82,400675.8895,-50382.826,0.5991,55,240029.3805,3051.73836,105784.3053,54862.2037,-50922.1016,82,400675.8895,9,61868.70693346431,2428.3577621979025,-0.000344,256.2472,2.1123,0.283489,1.4186,11.6744,-0.065812,-0.005897,-0.2216,0.322,-0.232538,-0.062542,1.2241,0.870035,0.033856,0.114622
2024-10-10 00:00:00+00:00,17,1.0645,0.451,1.0,74,442370.6177,-46148.7383,0.549,39,242842.4168,7078.630321,102881.8283,96646.3726,-6235.4557,74,442370.6177,18,60510.6454933169,2383.3500745251627,0.000531,-982.1312,0.829,0.369581,-7.7106,4.6968,0.007577,0.026972,0.116,0.9066,0.031307,0.01103,0.4363,0.849707,-0.020327,-0.003751
2024-10-11 00:00:00+00:00,12,1.5436,0.3335,1.0,72,603319.7601,-44252.6082,0.6665,48,402127.0191,7703.288947,122096.2085,79096.5325,-42999.676,72,603319.7601,12,61492.99876397164,2422.842458479077,-0.000284,642.8727,1.6098,0.307349,4.4297,10.262,-0.002529,-0.038522,-0.0796,0.471,0.000105,3.1e-05,0.8376,0.895948,0.04624,0.059769
2024-10-12 00:00:00+00:00,22,1.5897,0.7656,1.0,53,189494.9153,-45326.0112,0.2344,19,44426.9704,3435.964087,89051.2297,56016.7152,-33034.5145,53,189494.9153,12,62897.148165436585,2457.512659268015,9.1e-05,-654.8964,0.7624,0.440256,-5.7689,5.2399,-0.027096,0.011426,-0.0528,0.1809,-0.050916,-0.021337,0.6665,0.813229,-0.082719,-0.056806
2024-10-13 00:00:00+00:00,18,1.4986,0.8151,1.0,44,163523.3888,-48429.0305,0.1849,17,30229.0636,3542.401619,79946.5438,53347.7814,-26598.7624,44,163523.3888,9,62732.762474613286,2461.5238487862944,0.000259,-184.806,0.5237,0.475593,0.5935,3.8449,-0.016422,0.017408,0.1462,0.9427,-0.021382,-0.009624,-0.6671,0.775107,-0.038121,-0.0746
2024-10-14 00:00:00+00:00,28,1.3854,0.52,1.0,94,389184.3386,-38482.4087,0.48,50,186814.3801,3412.958865,117532.7158,84837.2427,-32695.4731,94,389184.3386,16,64721.195902781976,2556.9268302550613,0.000119,934.5344,1.663,0.408499,6.5444,2.1305,-0.072118,-0.006966,-0.2018,-0.1295,-0.166159,-0.064404,0.8832,0.845204,0.070097,-0.050744
2024-10-15 00:00:00+00:00,31,2.6285,0.4908,1.0,93,637590.2921,-47560.5086,0.5092,50,324676.6238,6110.825561,226675.6224,86238.0459,-140437.5765,93,637590.2921,12,66088.69196540002,2605.2485513631486,-0.000582,-303.2786,1.2635,0.394871,-1.9275,-2.4208,-0.069894,0.006634,-0.0527,-0.3956,-0.172597,-0.06541,1.3288,0.877051,0.031847,0.063822
2024-10-16 00:00:00+00:00,31,0.5895,0.6578,1.0,87,690634.8351,-23523.7558,0.3422,38,236364.8356,21386.5451,168467.416,285802.5835,117335.1675,87,690634.8351,18,67466.25763963547,2615.434019545543,0.000639,-358.5027,0.8133,0.485096,-2.2994,-6.1389,0.073865,0.014138,0.0477,-0.1308,0.167502,0.078653,0.3908,0.87345,-0.0036,0.098343
2024-10-17 00:00:00+00:00,22,1.591,0.4322,1.0,85,544827.926,-30306.0651,0.5678,51,309352.2189,6266.713014,144593.6639,90882.0432,-53711.6207,85,544827.926,12,67283.55884610537,2614.619476809528,0.000757,619.3779,1.5365,0.313075,4.9111,6.4829,-0.032078,-0.073831,-0.0903,-0.608,-0.095433,-0.028449,0.5193,0.876888,0.003437,0.031684
2024-10-18 00:00:00+00:00,27,2.5972,0.5196,1.0,92,592436.3685,-43688.2468,0.4804,52,284617.2896,5242.535378,222247.0135,85572.0654,-136674.948,92,592436.3685,13,68072.47653156737,2632.955357854976,-0.000868,406.7696,1.9612,0.437077,4.7064,6.7595,-0.080345,-0.038376,0.0695,-0.2407,-0.180296,-0.07602,0.8875,0.873942,-0.002945,-0.003108
2024-10-19 00:00:00+00:00,16,2.8731,0.5408,1.0,51,195629.4493,-46278.7777,0.4592,31,89827.6487,3365.355212,78485.0156,27316.785,-51168.2306,51,195629.4493,4,68287.37741350361,2643.039125907688,0.000355,-1227.8431,0.4907,0.336028,-13.7293,-1.2009,-0.071961,0.062781,-0.1997,-1.2867,-0.207558,-0.06589,-0.5373,0.835179,-0.038763,-0.038271
2024-10-20 00:00:00+00:00,15,3.7926,0.6852,1.0,59,340924.1922,-61925.403,0.3148,35,107309.0144,15743.919186,184870.1586,48745.0191,-136125.1395,59,340924.1922,9,68435.25621594884,2669.8124486690167,-7.2e-05,-294.4243,0.1358,0.595139,-0.5768,-2.3711,-0.031152,0.080701,0.0537,-0.9821,-0.044273,-0.025576,-0.278,0.850812,0.015633,-0.026076
2024-10-21 00:00:00+00:00,18,0.957,0.4766,1.0,87,425004.7788,-56618.6866,0.5234,54,222461.379,3456.803747,99045.929,103497.4709,4451.5419,87,425004.7788,15,68154.19467715018,2703.728901372859,-0.000222,-61.0585,0.058,0.29795,-0.2739,-9.1894,-0.031073,-0.025985,-0.0194,-1.0719,-0.089143,-0.025131,0.4651,0.870727,0.019915,-0.003215
2024-10-22 00:00:00+00:00,22,1.3914,0.4711,1.0,99,462202.2296,-41647.8446,0.5289,56,244448.9637,3404.14244,126697.4743,91055.7916,-35641.6827,99,462202.2296,21,67307.70787514275,2634.961684442425,0.000493,165.9399,0.2477,0.313634,0.4799,-6.782,-0.014643,-0.019645,0.0357,-0.8745,-0.035195,-0.01047,0.7926,0.855446,-0.015281,0.020267
2024-10-23 00:00:00+00:00,24,1.7237,0.4959,1.0,85,514626.9709,-68096.7997,0.5041,43,259423.4687,4434.745213,161505.5101,93697.9922,-67807.5179,85,514626.9709,18,66570.68669610303,2564.507787436624,-0.000676,237.4911,0.5194,0.385305,-0.1958,-4.6784,-0.044989,0.00095,-0.0277,-1.0038,-0.111767,-0.041261,0.5181,0.864559,0.009113,0.013747
2024-10-24 00:00:00+00:00,21,1.2302,0.4837,1.0,98,474445.5165,-63807.2545,0.5163,56,244945.0538,4085.672524,126592.6337,102907.8289,-23684.8048,98,474445.5165,21,67473.6657328994,2533.278002424098,0.000213,-277.7399,0.1789,0.339053,1.356,-8.2335,-0.021479,-0.004152,0.1089,-0.4388,-0.051067,-0.016398,0.6263,0.854918,-0.009641,-0.015809
2024-10-25 00:00:00+00:00,18,1.8528,0.5671,1.0,89,1277090.7162,-75211.8408,0.4329,59,552846.8754,24618.68139,470375.4465,253868.3943,-216507.0522,89,1277090.7162,12,67645.15746968288,2510.637005464902,0.00101,-210.6071,-0.0781,0.547365,-3.1826,-16.1225,0.012922,0.017415,-0.0099,-0.4879,0.029338,0.01578,0.5118,0.924908,0.06999,0.069462
2024-10-26 00:00:00+00:00,15,1.0593,0.6412,1.0,56,238475.5447,-68531.3074,0.3588,27,85564.8419,2774.186316,78657.5999,74253.103,-4404.4969,56,238475.5447,14,66908.29771680084,2463.270499073696,-0.000883,-237.5366,-0.369,0.432507,-1.5217,-3.9149,0.012233,-0.009737,-0.0321,-0.6683,0.040505,0.016836,-0.2721,0.848987,-0.075921,-0.015572
2024-10-27 00:00:00+00:00,13,1.1323,0.7221,1.0,45,185609.3632,-50272.5289,0.2779,20,51579.0335,3186.636503,71172.0098,62858.32,-8313.6898,45,185609.3632,12,67347.99392350142,2482.976081632742,0.002394,19.6743,-0.3506,0.424267,0.6365,-2.7016,-0.018017,0.013832,0.0281,-0.52,-0.030722,-0.012416,-1.7134,0.827086,-0.021901,-0.027832
2024-10-28 00:00:00+00:00,17,1.3207,0.3851,1.0,77,596399.0118,-55442.44,0.6149,49,366738.7203,4466.751749,130699.0638,98961.2277,-31737.8361,77,596399.0118,11,68556.24790463231,2511.4661825532107,-0.001369,463.0031,0.2024,0.379304,4.8506,2.4229,-0.019,-0.002643,0.0508,-0.2473,-0.038725,-0.014102,-0.7041,0.878683,0.051597,-0.046225
2024-10-29 00:00:00+00:00,24,1.4342,0.368,1.0,117,1070870.6336,-60391.39,0.632,77,676824.8325,10151.667579,232165.0667,161880.7345,-70284.3321,117,1070870.6336,16,71511.94386433491,2621.4314895858365,-0.001122,192.264,0.4271,0.337438,1.0293,2.9723,-0.038257,-0.007578,-0.1267,-0.8986,-0.103161,-0.033267,2.363,0.890766,0.012083,0.041779
2024-10-30 00:00:00+00:00,35,1.5554,0.5367,1.0,123,661575.2343,-61729.1069,0.4633,59,306485.2704,4087.362258,216130.7502,138959.2137,-77171.5366,123,661575.2343,29,72227.39181826475,2665.356285474249,0.000376,110.5558,0.5523,0.404159,0.4026,3.5707,-0.03969,-0.007689,0.2568,0.4551,-0.106366,-0.040525,-2.1499,0.814768,-0.075999,-0.012319
2024-10-31 00:00:00+00:00,24,1.0434,0.5463,1.0,79,586739.1875,-59317.6918,0.4537,38,266224.2676,7050.730154,163659.9096,156855.0104,-6804.8992,79,586739.1875,17,71521.59345785735,2601.6824105940373,0.000488,-304.1922,0.1799,0.408645,-2.8328,-0.6181,-0.007584,0.004401,-0.1393,-0.2696,-0.009412,-0.003703,-0.3671,0.872334,0.057566,-0.006349
2024-11-01 00:00:00+00:00,24,2.3067,0.5326,1.0,77,589106.3358,-46099.4795,0.4674,39,275362.0455,6145.785613,218861.9282,94882.3621,-123979.5661,77,589106.3358,14,69674.68961653014,2515.005012496202,-0.000357,-167.4378,-0.0304,0.429035,-2.057,0.5075,-0.068101,0.007342,-0.0045,-0.3122,-0.157086,-0.065247,0.1369,0.88416,0.011826,-0.006606
2024-11-02 00:00:00+00:00,12,1.8501,0.4447,1.0,51,302925.6087,-51210.0411,0.5553,30,168215.8969,6758.169797,87444.0696,47265.6421,-40178.4276,51,302925.6087,9,69500.84809039782,2497.900311792493,-7.9e-05,-333.0579,-0.4329,0.383141,-2.6867,-0.6575,-0.045185,-0.008371,-0.0297,-0.4907,-0.111169,-0.040562,-0.9695,0.848172,-0.035988,0.033405
2024-11-03 00:00:00+00:00,11,1.2853,0.3663,1.0,52,283072.4027,-51872.0165,0.6337,34,179373.7409,5524.48793,58323.0899,45375.5719,-12947.518,52,283072.4027,7,68517.33444198224,2453.267870058929,-1.2e-05,-54.158,-0.5222,0.354925,-0.0617,-1.3557,-0.035205,-0.007343,-0.0754,-0.8796,-0.086611,-0.029092,-0.502,0.849083,0.000911,-0.023251
2024-11-04 00:00:00+00:00,16,1.977,0.3967,1.0,77,534328.1766,-57275.7071,0.6033,50,322366.4519,4525.130154,140762.6976,71199.0271,-69563.6705,77,534328.1766,11,68465.56569661903,2448.2768859201683,0.000294,114.2552,-0.3601,0.381848,1.1323,-5.074,-0.058863,0.0062,0.2047,0.2268,-0.147837,-0.054151,-0.1103,0.875535,0.026452,-0.008625
2024-11-05 00:00:00+00:00,20,2.0025,0.356,1.0,81,739238.5692,-59786.6958,0.644,51,476091.8717,6341.481983,175503.9751,87642.7225,-87861.2526,81,739238.5692,10,68957.90106109992,2432.158870842042,-0.000256,117.6148,-0.1936,0.37892,0.4979,-5.6054,-0.037279,0.009035,-0.0475,-0.0325,-0.094788,-0.034763,0.27,0.895289,0.019754,0.047117
2024-11-06 00:00:00+00:00,38,1.5968,0.601,1.0,123,979562.6205,-68089.5244,0.399,57,390886.6595,6311.477564,361983.649,226692.312,-135291.337,123,979562.6205,28,74062.19451380645,2615.311759008019,-0.000587,1512.9904,1.9378,0.50005,13.8174,7.8094,-0.039759,0.009946,0.0981,0.5089,-0.075296,-0.036002,-0.0926,0.869098,-0.026191,0.020015
2024-11-07 00:00:00+00:00,48,1.9005,0.4608,1.0,139,844147.8149,-84369.6068,0.5392,74,455158.8023,6231.323975,254877.2444,134111.7682,-120765.4762,139,844147.8149,17,75405.98739476559,2830.790801657049,-0.000128,-446.2832,1.2722,0.424146,-2.246,8.3962,-0.052285,0.007618,-0.1384,-0.2409,-0.123098,-0.04933,-0.0153,0.85047,-0.018628,-0.025065
2024-11-08 00:00:00+00:00,21,0.9567,0.3941,1.0,93,570698.573,-65946.7405,0.6059,56,345813.9099,4414.853921,109952.0824,114932.5807,4980.4984,93,570698.573,16,76182.53920423632,2923.573021604682,-0.000569,-342.6996,0.7694,0.39934,-3.862,6.5912,-0.011917,0.002481,-0.0301,-0.4267,-0.019427,-0.007433,0.4999,0.881461,0.030991,-0.013828
2024-11-09 00:00:00+00:00,36,2.9045,0.7655,1.0,78,656730.6874,-95235.5472,0.2345,29,154031.9997,17323.631016,373949.381,128749.3067,-245200.0742,78,656730.6874,13,76442.82648514054,3034.675097159545,0.000503,-448.9752,0.1198,0.711122,-3.8477,5.4301,-0.016407,-0.003654,0.0567,-0.1175,-0.016008,-0.01109,-0.3717,0.882885,0.001424,0.013787
2024-11-10 00:00:00+00:00,43,2.9246,0.6162,1.0,106,806362.5536,-128194.1008,0.3838,46,309507.9086,9918.785491,370256.0194,126598.6256,-243657.3938,106,806362.5536,17,79090.49618863588,3179.828053804289,-0.00011,805.8081,1.2412,0.505131,6.1759,11.6677,-0.097819,0.005494,-0.0346,-0.2947,-0.188698,-0.091538,1.028,0.884846,0.001961,0.034376
2024-11-11 00:00:00+00:00,54,1.4952,0.6743,1.0,140,882013.7196,-135117.5183,0.3257,65,287291.8036,7178.330778,356374.7542,238347.1617,-118027.5925,140,882013.7196,21,83055.82394047738,3223.1689990386017,9.9e-05,860.7276,2.3593,0.539378,4.4691,15.0045,-0.021388,-0.010221,-0.0985,-0.8347,-0.02834,-0.014465,0.1187,0.845063,-0.039783,-0.036398
2024-11-12 00:00:00+00:00,30,0.7962,0.4359,1.0,150,1480735.1021,-112105.932,0.5641,106,835322.1721,10380.948097,286096.5392,359316.3908,73219.8516,150,1480735.1021,14,88016.37370123039,3303.7936055617824,-0.00088,421.2103,2.7805,0.411459,8.2734,22.78,0.020112,0.013661,0.0754,-0.4569,0.064625,0.025125,0.9872,0.882769,0.037707,-0.000116
2024-11-13 00:00:00+00:00,40,1.9273,0.5016,1.0,127,1033005.7381,-116228.2572,0.4984,74,514815.5061,7396.285805,341168.9227,177021.3093,-164147.6134,127,1033005.7381,13,88922.44080005075,3210.9346213854114,0.000839,1677.3351,4.3805,0.430035,5.2463,14.209,-0.06461,-0.028508,0.0594,-0.1372,-0.147663,-0.059509,0.1718,0.855209,-0.027561,-0.029637
2024-11-14 00:00:00+00:00,34,4.2159,0.3534,1.0,115,678563.8281,-120096.2977,0.6466,71,438777.7597,4100.630005,193813.9142,45972.1542,-147841.76,115,678563.8281,10,89828.42031777982,3170.1684844914835,-0.00043,-1567.7455,2.428,0.356903,-3.5065,12.9484,-0.111835,0.023708,-0.0576,-0.4898,-0.316956,-0.106058,1.378,0.857664,0.002455,0.012601
2024-11-15 00:00:00+00:00,35,4.3713,0.4201,1.0,112,676632.3446,-146298.1746,0.5799,65,392347.0899,4193.250575,231358.9471,52926.3075,-178432.6396,112,676632.3446,12,89091.64907795464,3068.6917964541094,0.000176,-1186.3096,1.0502,0.378019,-12.4571,4.3533,-0.109028,-0.018335,-0.0494,-0.7986,-0.290159,-0.103642,1.6681,0.858682,0.001018,-0.024087
2024-11-16 00:00:00+00:00,29,1.3967,0.6337,1.0,85,462559.8608,-118199.6366,0.3663,47,169449.786,5979.846487,170810.1917,122299.8831,-48510.3086,85,462559.8608,9,91089.5500360014,3140.7597815927943,-0.000131,-653.2967,0.2904,0.488718,-4.9245,3.2766,0.007951,0.019664,-0.0591,-1.1542,0.03152,0.014556,0.5289,0.835654,-0.023028,-0.019555
2024-11-17 00:00:00+00:00,25,2.0584,0.5813,1.0,75,374375.9959,-94149.7555,0.4187,40,156756.6426,5848.060058,146463.7898,71155.5635,-75308.2262,75,374375.9959,10,90384.3773215356,3104.3402934535097,0.000505,-284.5148,-0.0484,0.455025,-3.0264,-5.9257,-0.038759,0.007333,0.0066,-1.0921,-0.07214,-0.031122,0.4859,0.842894,0.007241,-0.01477
2024-11-18 00:00:00+00:00,37,2.7586,0.525,1.0,113,780261.2904,-104670.138,0.475,70,370615.8119,6984.293564,300657.8741,108987.6044,-191670.2697,113,780261.2904,6,90960.30545637892,3120.33778623669,1.7e-05,387.6541,0.3858,0.439471,2.3735,-8.0212,-0.096265,0.00393,0.0678,-0.6722,-0.212778,-0.089204,1.2265,0.874577,0.031682,0.015895
2024-11-19 00:00:00+00:00,39,2.4616,0.5006,1.0,131,802001.3191,-139347.2638,0.4994,83,400511.6801,10165.245579,285504.8341,115984.8049,-169520.0292,131,802001.3191,9,91979.42421897592,3129.6013090967263,3.1e-05,86.8992,0.4725,0.400607,0.3832,-15.9115,-0.068846,-0.006117,0.0049,-0.6392,-0.172828,-0.064663,0.0505,0.842004,-0.032573,0.00635
2024-11-20 00:00:00+00:00,40,1.889,0.469,1.0,119,846247.6779,-133346.3757,0.531,71,449323.2316,7746.037723,259532.9214,137391.5248,-122141.3966,119,846247.6779,8,93388.48498014278,3098.503508930004,-0.000217,-198.3347,0.2267,0.443658,-1.001,-22.1589,-0.043714,-0.009954,-0.1008,-1.2269,-0.084164,-0.035676,1.5848,0.87255,0.030547,0.029656
2024-11-21 00:00:00+00:00,51,1.1809,0.4313,1.0,157,1293762.4298,-118838.4612,0.5687,94,735797.9618,9654.649903,302125.4132,255839.0548,-46286.3584,157,1293762.4298,12,97063.86673593364,3219.8397009983587,0.000184,378.143,0.6552,0.411977,2.3092,-16.3431,-0.022217,0.0088,-0.008,-1.2575,-0.04305,-0.01663,1.2285,0.869028,-0.003523,-0.005549
2024-11-22 00:00:00+00:00,44,2.848,0.5048,1.0,133,1294146.9314,-138166.1822,0.4952,76,640884.8556,15136.737639,483494.3812,169767.6946,-313726.6866,133,1294146.9314,13,98793.23378657296,3333.225892142589,6.7e-05,-401.5032,0.1654,0.439603,-1.7443,-5.6303,-0.079986,-0.006696,-0.0161,-1.3642,-0.185906,-0.077772,-0.0289,0.869726,0.000699,0.027723
2024-11-23 00:00:00+00:00,46,2.8426,0.5418,1.0,131,482556.7142,-149144.6488,0.4582,77,221127.3969,4252.94842,193394.4459,68034.8714,-125359.5745,131,482556.7142,8,98450.26725105228,3386.4011866151814,0.000181,63.1656,0.2258,0.398859,-0.3938,-1.0996,-0.07338,0.018379,0.0828,-0.8632,-0.193327,-0.069864,-1.6198,0.769819,-0.099907,-0.102731
2024-11-24 00:00:00+00:00,25,2.1631,0.5199,1.0,80,306937.0785,-146769.4407,0.4801,45,147350.2463,3317.843002,109134.3009,50452.5313,-58681.7697,80,306937.0785,10,97512.98426505824,3373.371215215497,-0.000322,-427.1197,-0.3015,0.405676,-2.9426,-1.0158,-0.0585,0.010204,0.0293,-0.6892,-0.129107,-0.048876,0.3488,0.831984,0.062164,-0.037044
2024-11-25 00:00:00+00:00,33,2.1542,0.5243,1.0,129,1323960.8508,-155675.8362,0.4757,78,629777.7809,10153.782832,474099.0543,220084.0156,-254015.0387,129,1323960.8508,18,96860.682483783,3433.115532329445,0.000129,380.1642,0.1462,0.470905,2.9909,-0.3984,-0.06311,-0.028613,-0.0765,-1.1308,-0.130168,-0.05902,0.6332,0.897384,0.0654,0.027658
2024-11-26 00:00:00+00:00,43,1.9803,0.5413,1.0,103,843925.1801,-152923.1509,0.4587,49,387137.1629,5966.405546,303519.6245,153268.3927,-150251.2319,103,843925.1801,11,93127.26751844176,3360.6411455375164,0.0002,-216.309,-0.1329,0.472062,-1.8227,-2.6043,-0.042604,-0.007875,0.0263,-0.9605,-0.08243,-0.037543,1.2739,0.889673,-0.007711,0.119853
2024-11-27 00:00:00+00:00,37,1.5524,0.4661,1.0,120,957282.9728,-149269.6946,0.5339,66,511090.7928,7417.581302,271379.6912,174812.4888,-96567.2025,120,957282.9728,17,94181.14677653609,3476.9773514268786,-0.000256,381.5245,0.3237,0.434226,3.6513,2.048,-0.057351,0.017339,-0.0504,-1.2445,-0.126692,-0.052861,1.6062,0.896386,0.006713,0.064402
2024-11-28 00:00:00+00:00,40,2.1232,0.6095,1.0,96,759136.3404,-166428.8521,0.3905,40,296436.1882,5913.587788,314550.3066,148149.8456,-166400.461,96,759136.3404,16,95442.96992999777,3596.380459838471,-0.00017,-450.6034,-0.2534,0.493751,-4.2504,-4.5116,-0.044225,0.01242,-0.0375,-1.4421,-0.085385,-0.040791,0.7268,0.888884,-0.007502,-0.008499
2024-11-29 00:00:00+00:00,15,1.5169,0.3231,1.0,89,807005.4621,-129259.136,0.6769,67,546296.0771,5840.506569,157124.0294,103585.3556,-53538.6738,89,807005.4621,7,96854.8775630705,3586.0520765937404,0.000354,16.2808,-0.2497,0.395762,0.0038,-2.7635,-0.00418,0.011074,0.0566,-1.1128,-0.005062,-0.001933,0.7649,0.904718,0.015833,0.015045
2024-11-30 00:00:00+00:00,28,1.6497,0.6346,1.0,90,435566.1557,-121032.35,0.3654,46,159153.572,4304.762517,172092.3282,104320.2555,-67772.0727,90,435566.1557,16,96791.38405492174,3669.5814170135,1e-05,-29.1159,-0.3043,0.44181,-0.0154,-2.3851,-0.031396,-0.000886,0.042,-0.8632,-0.061352,-0.025775,0.551,0.859026,-0.045692,-0.03736
2024-12-01 00:00:00+00:00,33,0.8891,0.7412,1.0,85,391605.1151,-110214.3253,0.2588,37,101344.9881,6547.989926,136607.8617,153652.2652,17044.4034,85,391605.1151,15,96901.71597699323,3705.350208953622,-0.000166,387.1406,0.1828,0.465425,3.7795,4.3369,0.006074,0.007185,0.0238,-0.717,0.029124,0.012804,0.2319,0.833482,-0.025544,-0.055402
2024-12-02 00:00:00+00:00,38,1.5634,0.5239,1.0,124,1201873.5877,-93697.1651,0.4761,71,572155.4017,7467.619947,384056.5517,245661.6344,-138394.9173,124,1201873.5877,15,96140.08664307652,3647.345836312172,0.000216,1351.7862,1.8863,0.453639,6.5974,7.9434,-0.034487,-0.019815,-0.0009,-0.7101,-0.070405,-0.030731,1.8599,0.897675,0.064193,-0.007042
2024-12-03 00:00:00+00:00,45,1.4444,0.6377,1.0,124,1136182.8082,-91048.4022,0.3623,62,411664.5717,7465.4665,428114.0641,296404.1725,-131709.8916,124,1136182.8082,17,95467.23686779164,3608.0187307118463,-0.000124,-32.8075,1.7911,0.52186,3.2314,12.9976,-0.036188,0.012259,0.0068,-0.6567,-0.063597,-0.032095,2.3997,0.898391,0.000716,0.039365
2024-12-04 00:00:00+00:00,48,1.3148,0.5569,1.0,146,1298558.4945,-91302.0457,0.4431,80,575419.3437,8033.149921,410740.929,312398.2218,-98342.7073,146,1298558.4945,18,96458.6390782606,3740.919458670112,-0.000183,-56.1311,1.6731,0.525572,0.0712,9.4175,-0.038377,-0.008044,-0.0117,-0.7075,-0.070185,-0.035315,0.8861,0.88632,-0.012071,0.052838
2024-12-05 00:00:00+00:00,38,2.3293,0.4461,1.0,144,1057806.2896,-94445.2136,0.5539,95,585949.884,5305.444631,330129.5209,141726.8847,-188402.6363,144,1057806.2896,11,101197.82287216408,3874.403565948261,0.000346,-290.8917,1.2748,0.41538,-0.7199,12.948,-0.059452,-0.004823,-0.0557,-1.0049,-0.141778,-0.055505,0.6027,0.874442,-0.011878,-0.023233
2024-12-06 00:00:00+00:00,30,1.2672,0.3549,1.0,142,1590474.1813,-96299.0397,0.6451,97,1026086.4592,11145.370788,315451.5889,248936.1331,-66515.4558,142,1590474.1813,15,98945.08131155402,3934.1737350031294,8e-05,-170.366,1.0395,0.387941,-3.2482,9.696,-0.030384,-0.001466,0.024,-0.8518,-0.072965,-0.026897,0.5952,0.896091,0.021649,-0.0023
2024-12-07 00:00:00+00:00,28,0.8474,0.5104,1.0,86,546377.7381,-83326.356,0.4896,48,267505.5109,8024.71168,127917.757,150954.4702,23036.7131,86,546377.7381,10,99803.44166407367,4000.5837784314754,0.000266,-850.441,-0.0544,0.412618,-6.106,3.6053,0.007404,0.005567,-0.0672,-1.2256,0.035183,0.013752,0.2683,0.861959,-0.034132,-0.024361
2024-12-08 00:00:00+00:00,19,0.8114,0.5841,1.0,75,334243.2822,-82857.7321,0.4159,41,139022.6298,5921.160434,87447.941,107772.7114,20324.7704,75,334243.2822,15,99825.745434176,3984.799421281237,-1e-06,-303.5379,-0.4558,0.431142,-2.9063,-3.0804,0.020129,0.006401,0.0069,-1.1619,0.06737,0.027386,0.1406,0.840373,-0.021586,-0.034069
2024-12-09 00:00:00+00:00,43,2.3586,0.5527,1.0,129,938860.1191,-93071.703,0.4473,73,419979.2759,13294.598263,364386.7786,154494.0647,-209892.7139,129,938860.1191,13,98581.00622986804,3874.195296388632,0.000344,1799.9345,1.8166,0.471758,16.3355,6.6577,-0.040792,0.0194,0.1557,-0.2863,-0.077313,-0.03492,1.8367,0.879394,0.039021,-0.016696
2024-12-10 00:00:00+00:00,35,1.618,0.4628,1.0,119,892384.2816,-88184.9499,0.5372,72,479352.0101,4363.834445,255267.4457,157764.8258,-97502.6199,119,892384.2816,12,96961.02746674004,3685.7149341473223,-0.000466,-172.2071,1.56,0.422255,-6.1982,-2.7719,-0.064078,-0.045418,-0.0978,-0.8365,-0.146241,-0.058895,1.4276,0.88496,0.005566,0.023001
2024-12-11 00:00:00+00:00,28,4.4355,0.503,1.0,107,1292474.7757,-132840.7558,0.497,68,642313.2993,22187.784556,530547.4125,119614.0639,-410933.3485,107,1292474.7757,11,98736.85870843334,3720.775965270674,0.000293,-684.0526,0.6701,0.559423,-3.1598,-6.0029,-0.034226,0.001554,-0.0464,-1.0755,-0.056799,-0.031026,1.3958,0.914097,0.029137,0.073724
2024-12-12 00:00:00+00:00,39,2.1421,0.487,1.0,113,832238.5051,-126972.7327,0.513,63,426921.0414,5611.973415,276321.9689,128995.4949,-147326.474,113,832238.5051,11,100832.39115573492,3905.533150422923,-0.000242,74.6978,0.7482,0.422759,1.0947,-4.1883,-0.060886,-0.008229,-0.0861,-1.5158,-0.135853,-0.05512,1.9723,0.889489,-0.024608,0.010095
2024-12-13 00:00:00+00:00,19,2.0279,0.3914,1.0,87,949680.4035,-135495.5204,0.6086,57,577996.0778,8605.127061,248929.6479,122754.6778,-126174.9701,87,949680.4035,11,100486.4096239176,3908.919762542588,-0.000172,-530.1077,0.0405,0.394387,-4.8438,-5.7839,-0.063948,0.004342,0.0299,-1.3279,-0.158528,-0.060458,1.0843,0.9064,0.016911,0.02144
2024-12-14 00:00:00+00:00,21,1.4163,0.5394,1.0,75,214556.7257,-141635.0224,0.4606,44,98816.8463,3323.521169,67839.84,47900.0394,-19939.8006,75,214556.7257,10,101493.17622919832,3891.600256206349,0.000445,-609.519,-0.7877,0.353578,-4.5328,-4.2106,-0.029304,0.016506,-0.0065,-1.3411,-0.06368,-0.020664,0.3394,0.794114,-0.112287,-0.119983
2024-12-15 00:00:00+00:00,15,0.7106,0.5664,1.0,67,263002.8504,-140938.7367,0.4336,40,114028.3518,4907.558779,61887.8643,87086.6343,25198.77,67,263002.8504,12,102446.3236848368,3882.965421599958,0.00087,-75.7653,-0.893,0.403534,-0.6,-1.9043,0.033759,0.004995,0.038,-1.112,0.104303,0.039643,-0.1684,0.817785,0.023671,-0.071704
2024-12-16 00:00:00+00:00,53,3.5828,0.4644,1.0,129,802241.1183,-140947.0849,0.5356,69,429715.4652,7224.647425,291238.4023,81287.2508,-209951.1515,129,802241.1183,7,105272.17261602888,3975.3932889143766,-0.001522,821.7025,0.2001,0.412961,5.583,-12.6569,-0.094486,0.006162,0.0548,-0.7988,-0.223228,-0.087412,1.1812,0.866178,0.048393,-0.040223
2024-12-17 00:00:00+00:00,49,1.2438,0.618,1.0,128,1044915.7474,-137040.0907,0.382,62,399203.1436,14282.869249,357933.132,287779.4718,-70153.6602,128,1044915.7474,17,106775.7276491326,3984.080283330028,0.000437,50.8575,0.257,0.561118,-0.3475,-6.8062,0.066959,-0.015021,-0.1183,-1.4181,0.13336,0.072247,2.2558,0.876292,0.010114,0.082178
2024-12-18 00:00:00+00:00,40,2.2712,0.4406,1.0,141,804386.0831,-98011.805,0.5594,92,449941.7142,4105.833182,246089.8587,108354.5102,-137735.3485,141,804386.0831,9,104059.32848566916,3835.925724525672,0.000403,140.5491,0.4439,0.388778,2.8391,-0.8073,-0.056347,-0.006975,0.0926,-0.9041,-0.143085,-0.051897,-1.8731,0.8027,-0.073592,-0.015086
2024-12-19 00:00:00+00:00,55,2.141,0.5352,1.0,137,1028595.9081,-105532.1212,0.4648,72,478126.6863,6857.730202,375218.9545,175250.2672,-199968.6873,137,1028595.9081,10,100325.64297277787,3604.208597556828,-0.000535,317.7826,0.862,0.449835,-0.75,-2.652,-0.061436,0.011308,0.053,-0.5885,-0.135385,-0.057722,-0.4717,0.859287,0.056587,-0.006891
2024-12-20 00:00:00+00:00,46,2.1327,0.4941,1.0,150,1149718.431,-116851.7338,0.5059,90,581598.2545,5516.190934,386766.2174,181353.959,-205412.2584,150,1149718.431,14,96334.71702444366,3363.5105508293327,0.000298,-88.9233,0.7289,0.468384,1.2779,3.4697,-0.031497,-0.013048,-0.0374,-0.8074,-0.061119,-0.027163,0.4924,0.87409,0.014803,-0.002202
2024-12-21 00:00:00+00:00,29,2.4302,0.4288,1.0,79,527023.3795,-127463.2545,0.5712,45,301046.1626,5280.736578,160098.8312,65878.3857,-94220.4456,79,527023.3795,5,97690.1268921453,3429.059505241108,-1e-05,-1275.9818,-0.9788,0.414906,-8.8291,-0.8266,-0.050199,-0.007644,-0.0844,-1.3369,-0.112838,-0.044837,-0.0033,0.886336,0.012247,0.083637
2024-12-22 00:00:00+00:00,19,3.1119,0.413,1.0,67,464673.9541,-145144.9404,0.587,43,272750.6378,5530.683864,145248.1736,46675.1426,-98573.031,67,464673.9541,5,96247.88426411751,3330.6247280355924,5.2e-05,-191.1664,-1.2067,0.440301,-1.8775,-2.1042,-0.034966,-0.005545,-0.0735,-1.8372,-0.070006,-0.029722,0.4382,0.893715,0.007378,0.034428
2024-12-23 00:00:00+00:00,22,2.4943,0.3707,1.0,91,949324.1195,-136650.346,0.6293,59,597416.4438,13423.787614,251198.3334,100709.3423,-150488.9912,91,949324.1195,10,94679.96261929402,3326.399192769873,0.000383,356.1535,-0.7138,0.386849,2.0261,-5.661,-0.085545,-0.012839,-0.0037,-1.8625,-0.218649,-0.081891,1.202,0.918076,0.024361,0.043986
2024-12-24 00:00:00+00:00,14,1.2356,0.2773,1.0,81,1121185.65,-131309.2049,0.7227,58,810293.8695,15745.332903,171828.7263,139063.0542,-32765.6721,81,1121185.65,9,95752.01161570074,3432.7215608278334,-0.000943,-307.4658,-1.101,0.360272,-1.899,-7.2125,-0.002593,0.010413,-0.0103,-1.9232,0.000998,0.00035,1.0752,0.932021,0.013945,0.045684
2024-12-25 00:00:00+00:00,17,4.0164,0.3777,1.0,67,301661.041,-121420.7869,0.6223,41,187714.7987,5132.475842,91231.3324,22714.9099,-68516.4225,67,301661.041,9,98356.92505486729,3479.502019699253,0.000945,-146.8115,-1.2672,0.35484,-1.7762,-11.8278,-0.047467,0.010285,0.0727,-1.39,-0.129245,-0.043614,0.988,0.856869,-0.075152,-0.036846
2024-12-26 00:00:00+00:00,37,1.7741,0.5982,1.0,88,550893.3998,-105990.4749,0.4018,39,221352.0471,6651.1896,210748.928,118792.4247,-91956.5032,88,550893.3998,12,96681.84722027332,3385.087134906387,-0.000677,102.4153,-1.11,0.470628,1.4202,-9.6576,-0.03324,0.018745,0.1041,-0.6215,-0.066831,-0.03052,-0.3522,0.873912,0.017043,-0.044164
2024-12-27 00:00:00+00:00,16,0.8416,0.3319,1.0,81,640962.1717,-74032.4088,0.6681,57,428206.2896,6450.665525,97230.8391,115525.043,18294.2039,81,640962.1717,8,95513.21356616943,3360.2427961290136,8.4e-05,-43.9352,-1.1632,0.355153,-0.5231,-11.4585,-0.020559,-0.007739,0.0183,-0.4825,-0.054619,-0.018733,0.7773,0.891922,0.01801,-0.040099
2024-12-28 00:00:00+00:00,21,8.9969,0.5625,1.0,57,190164.7996,-72796.4855,0.4375,30,83195.2851,3631.281873,96269.2483,10700.2661,-85568.9822,57,190164.7996,6,94528.29175463856,3357.078014620347,1.1e-05,-162.4148,-1.3648,0.407563,-1.214,-3.8435,-0.086019,0.02033,0.046,-0.1435,-0.213644,-0.082237,-0.6151,0.804029,-0.087893,-0.05284
2024-12-29 00:00:00+00:00,11,0.761,0.351,1.0,60,372305.0061,-56180.9345,0.649,38,241620.0107,7791.088338,56474.5848,74210.4106,17735.8258,60,372305.0061,11,94472.144453801,3375.600070449009,0.000231,-16.041,-1.3617,0.325331,-0.174,-2.14,0.047167,-0.00264,-0.0405,-0.4217,0.162128,0.049705,-0.394,0.847744,0.043715,-0.026168
2024-12-30 00:00:00+00:00,15,1.8315,0.2518,1.0,83,981838.6616,-45054.6084,0.7482,62,734595.5755,13974.253845,159923.8973,87319.1888,-72604.7085,83,981838.6616,6,93291.30219048473,3382.1359454639605,5.7e-05,232.7871,-1.0366,0.314007,1.6428,-2.5233,-0.043511,-0.019122,-0.006,-0.4628,-0.13462,-0.040772,0.1259,0.918783,0.071039,0.026861
2024-12-31 00:00:00+00:00,24,2.2382,0.3297,1.0,107,869571.2505,-56033.395,0.6703,77,582895.9773,7434.562513,198146.2258,88529.0475,-109617.1783,107,869571.2505,6,93574.15710317672,3364.07492012351,-0.000635,271.1387,-0.6807,0.352261,2.5382,1.9139,-0.038224,0.000491,0.0908,0.2075,-0.10202,-0.034372,1.7792,0.891437,-0.027346,0.087408
2025-01-01 00:00:00+00:00,14,6.3478,0.3622,1.0,64,849086.85,-78223.2077,0.6378,47,541527.1029,19993.543848,265702.4293,41857.3178,-223845.1115,64,849086.85,3,93829.9525053155,3341.74432459036,0.001542,839.4884,0.3906,0.347301,1.1169,4.8071,-0.157188,0.000688,0.0643,0.6814,-0.461246,-0.154872,-1.4725,0.911299,0.019862,0.063555
2025-01-02 00:00:00+00:00,17,2.4562,0.4701,1.0,79,639863.9635,-83193.1582,0.5299,54,339039.7351,9640.372428,213785.1924,87039.036,-126746.1564,79,639863.9635,8,96152.44065721724,3433.246926657004,-0.001807,554.1534,1.0839,0.407149,3.8991,7.286,-0.087257,-0.008637,-0.1464,-0.3785,-0.21313,-0.083554,-1.083,0.885351,-0.025948,-0.033431
2025-01-03 00:00:00+00:00,27,2.114,0.3895,1.0,90,499814.1983,-95755.5427,0.6105,56,305144.4207,4015.944724,132156.1328,62513.6448,-69642.4881,90,499814.1983,7,97150.7710832572,3503.6123043230605,0.000401,-1130.1223,-0.3909,0.392259,-3.4994,4.3097,-0.054092,0.012409,0.0268,-0.1602,-0.131971,-0.049476,0.2455,0.869774,-0.015577,-0.021663
2025-01-04 00:00:00+00:00,17,0.554,0.3517,1.0,58,409076.8487,-77633.2482,0.6483,32,265213.499,9302.129561,51288.1351,92575.2147,41287.0796,58,409076.8487,9,98024.63474922204,3613.667857663065,-0.000111,-270.1029,-0.7453,0.341618,-2.6955,2.8282,0.024352,-0.004733,0.0298,0.1012,0.088665,0.028885,-0.2742,0.858754,-0.011019,-0.052545
2025-01-05 00:00:00+00:00,19,3.3412,0.6885,1.0,52,176416.3755,-89525.1675,0.3115,24,54947.9787,3614.339691,93488.003,27980.3938,-65507.6092,52,176416.3755,9,98059.3160709743,3631.309585356221,0.000205,-175.5287,-0.953,0.457592,0.237,3.2392,-0.055943,0.01159,0.0231,0.3335,-0.114829,-0.05,-0.4991,0.790309,-0.068445,-0.095042
2025-01-06 00:00:00+00:00,21,1.7308,0.3988,1.0,83,581634.3884,-88020.054,0.6012,52,349689.8828,7187.094772,147006.7097,84937.7959,-62068.9139,83,581634.3884,10,100109.65701792546,3664.6588743585694,-0.000273,609.7623,-0.1466,0.350744,4.1467,5.7431,-0.048286,-0.023042,0.0578,0.909,-0.132332,-0.04444,-0.0537,0.876386,0.086077,0.006612
2025-01-07 00:00:00+00:00,39,1.4883,0.6948,1.0,86,833569.1856,-88595.3315,0.3052,37,254413.4322,12997.73236,346399.9374,232755.8161,-113644.1213,86,833569.1856,10,100009.2460466617,3581.5380748646035,0.000407,-304.7326,-0.5303,0.520145,-3.602,-0.3972,-0.043567,0.021939,-0.0661,0.337,-0.079161,-0.040007,-0.3434,0.891824,0.015438,0.03307
2025-01-08 00:00:00+00:00,42,2.0245,0.3327,1.0,119,919795.4387,-71426.5033,0.6673,66,613770.7044,9854.122339,204844.0241,101180.7103,-103663.3138,119,919795.4387,11,95516.75396294706,3341.7237352417123,-0.00024,-152.9102,-0.7231,0.334591,-0.8109,-2.325,-0.035404,-0.001493,0.0435,0.7945,-0.109333,-0.03466,-2.8809,0.834067,-0.057757,0.043758
2025-01-09 00:00:00+00:00,45,3.2348,0.5275,1.0,105,1013490.9466,-93624.0844,0.4725,52,478871.2836,12706.776536,408374.4434,126245.2195,-282129.2239,105,1013490.9466,8,93510.68700847622,3289.092277260675,0.000282,-155.4558,-0.9075,0.481587,-0.9082,-7.1323,-0.09461,-0.008043,-0.0561,0.2878,-0.194664,-0.091286,1.4365,0.903276,0.069209,0.02689
2025-01-10 00:00:00+00:00,24,1.7913,0.446,1.0,79,580768.613,-94164.8745,0.554,47,321752.3087,5070.85201,166222.1616,92794.1427,-73428.0188,79,580768.613,8,94219.37914414649,3270.296211046498,-9.2e-05,-124.7436,-1.054,0.429468,-0.9423,-4.5751,-0.026388,0.007088,-0.0137,0.1744,-0.056197,-0.023334,-0.4026,0.888359,-0.014917,-0.003465
2025-01-11 00:00:00+00:00,14,1.6691,0.6593,1.0,49,178645.3389,-104280.8703,0.3407,25,60869.8168,3251.9208,73650.2067,44125.3154,-29524.8912,49,178645.3389,10,94397.3511527658,3262.134773812917,0.00068,-307.5907,-1.427,0.39071,-2.312,-4.1916,-0.021035,-0.011355,-0.0801,-0.6272,-0.043938,-0.016275,-1.4329,0.814931,-0.073429,-0.019137
2025-01-12 00:00:00+00:00,16,1.5972,0.2104,1.0,46,538636.4302,-98645.4247,0.7896,21,425306.8718,22463.432051,69694.5242,43635.0342,-26059.49,46,538636.4302,9,94474.91402105712,3269.115381899455,0.000406,-71.7661,-1.4807,0.24845,-0.7494,-5.178,-0.011339,0.0022,0.0395,-0.1862,-0.036975,-0.008779,-1.6636,0.891136,0.076206,-0.01214
2025-01-13 00:00:00+00:00,44,2.2652,0.4511,1.0,120,787319.9911,-109438.405,0.5489,65,432147.5701,7139.014559,246396.0985,108776.3224,-137619.7761,120,787319.9911,11,92925.93124673497,3131.203490193464,-0.000452,514.5434,-0.806,0.395439,4.3575,-4.9672,-0.021093,-0.017612,-0.0233,-0.4263,-0.046141,-0.017394,3.0269,0.881804,-0.009332,-0.006555
2025-01-14 00:00:00+00:00,31,1.9804,0.5155,1.0,86,466279.9888,-104499.5373,0.4845,45,225899.3715,3981.170606,159726.3323,80654.2849,-79072.0474,86,466279.9888,10,95787.05075805724,3190.5332569154866,-0.000528,-145.0211,-0.9741,0.421789,-0.9432,-2.3084,-0.032205,-0.014954,-0.1086,-1.5767,-0.067547,-0.027424,0.8799,0.872541,-0.009263,0.057611
2025-01-15 00:00:00+00:00,35,2.0868,0.5984,1.0,91,360653.8004,-100544.7981,0.4016,44,144847.442,3390.987566,145893.2487,69913.1097,-75980.139,91,360653.8004,12,97979.0698785548,3284.7566862458084,4.8e-05,180.2853,-0.7283,0.450177,-0.0762,-1.5737,-0.056179,0.012939,0.114,-0.3225,-0.1174,-0.050517,0.7186,0.853544,-0.018997,-0.037592
2025-01-16 00:00:00+00:00,32,1.6165,0.601,1.0,89,641754.2228,-73223.4335,0.399,45,256072.2207,5864.680624,238280.8369,147401.1652,-90879.6717,89,641754.2228,12,99550.02726755325,3351.9928874598786,-0.000223,-125.3655,-0.8682,0.480882,0.652,-0.0135,-0.043265,0.010955,0.0502,0.24,-0.085326,-0.039814,0.4575,0.894846,0.041302,0.013042
2025-01-17 00:00:00+00:00,35,2.7561,0.5223,1.0,99,784806.1281,-90109.9888,0.4777,54,374918.4571,4881.822747,300760.7886,109126.8824,-191633.9062,99,784806.1281,10,102668.25481958291,3402.936975126717,0.000535,180.4224,-0.6305,0.475835,1.3887,2.3175,-0.069351,-0.002381,0.025,0.5017,-0.140453,-0.064785,0.2203,0.896966,0.00212,0.024425
2025-01-18 00:00:00+00:00,48,1.8887,0.6621,1.0,117,520804.2546,-101048.2172,0.3379,54,175965.1112,3503.945948,225465.8167,119373.3267,-106092.49,117,520804.2546,15,103734.5472716216,3324.233403798967,7.7e-05,674.3928,0.2226,0.453821,5.6476,10.2771,-0.043042,0.011225,0.098,1.5443,-0.081746,-0.034988,0.8274,0.83676,-0.060207,-0.016784
2025-01-19 00:00:00+00:00,68,2.242,0.5146,1.0,159,901868.8801,-122725.4588,0.4854,73,437763.3868,6568.969607,320952.8372,143152.6562,-177800.181,159,901868.8801,18,104739.99351330534,3302.480098432632,0.000166,2744.3131,3.4341,0.429949,17.2531,28.2796,-0.067834,-0.021732,-0.1615,-0.2233,-0.150164,-0.060298,2.6726,0.832219,-0.004541,-0.062627
2025-01-20 00:00:00+00:00,53,1.8921,0.5862,1.0,140,747036.5469,-122362.2396,0.4138,69,309142.6642,4490.278098,286485.5623,151408.3203,-135077.242,140,747036.5469,18,104583.87732679084,3309.211954446171,-0.001678,-539.0556,2.6465,0.432062,0.4517,24.3737,-0.01797,-0.00027,-0.0715,-0.9897,-0.027473,-0.011157,2.0101,0.844186,0.011967,-0.05278
2025-01-21 00:00:00+00:00,54,1.6588,0.5757,1.0,136,734073.3377,-126026.3884,0.4243,69,311448.1651,4858.701398,263673.1306,158952.042,-104721.0886,136,734073.3377,13,103693.89137855974,3283.954860021015,0.001013,-2300.3815,0.0114,0.393099,-17.2316,8.0852,-0.028062,0.007917,0.0154,-0.8157,-0.069179,-0.025855,-0.7191,0.85494,0.010754,0.018181
2025-01-22 00:00:00+00:00,42,3.2097,0.5208,1.0,102,730224.6527,-143689.8036,0.4792,49,349920.1744,6919.311857,289964.2621,90340.2161,-199624.046,102,730224.6527,11,104959.40432835858,3298.9955817484315,-0.000238,-446.6697,-0.4996,0.402417,-4.8762,3.2853,-0.070362,0.005885,-0.0151,-0.958,-0.172963,-0.067062,-0.0067,0.890794,0.035854,0.058575
2025-01-23 00:00:00+00:00,49,2.5787,0.5668,1.0,119,816548.5123,-159875.371,0.4332,58,353707.3666,9923.409544,333509.8943,129331.2514,-204178.6429,119,816548.5123,12,103168.6704265488,3232.2265436066814,0.000847,98.1095,-0.3917,0.443673,-1.1542,1.4791,-0.104255,-0.011622,-0.0426,-1.384,-0.233074,-0.099445,1.0348,0.884317,-0.006477,0.040131
2025-01-24 00:00:00+00:00,50,2.7161,0.6111,1.0,111,770750.0032,-163570.1561,0.3889,50,299776.6202,7576.319595,344235.3925,126737.9905,-217497.402,111,770750.0032,11,105030.88241639908,3363.3022686155896,-0.000397,-15.8859,-0.4183,0.491643,2.1744,2.2649,-0.094288,-0.018038,0.039,-0.9472,-0.18688,-0.088935,1.6811,0.891928,0.007611,0.036988
2025-01-25 00:00:00+00:00,17,1.3282,0.8288,1.0,105,465744.1942,-156187.6706,0.1712,19,79733.1467,13208.537323,220213.0695,165797.978,-54415.0915,105,465744.1942,69,104702.248186344,3312.3373469157427,-3.3e-05,-489.69,-0.9825,0.576947,-4.417,-7.7998,-0.024283,-0.014385,-0.397,-4.505,-0.037902,-0.021373,2.1949,0.889232,-0.002696,-0.001562
2025-01-26 00:00:00+00:00,25,1.6736,0.7071,1.0,63,207902.0602,-136078.8496,0.2929,28,60899.8441,3455.790091,92020.3251,54981.8911,-37038.434,63,207902.0602,10,104854.5198877222,3322.1140793788118,0.000707,-95.3927,-1.0793,0.468436,-1.0458,-26.0986,-0.006986,0.053882,0.3318,-1.3556,-0.005959,-0.002669,-0.1882,0.829754,-0.059478,-0.054563
2025-01-27 00:00:00+00:00,37,2.344,0.4833,1.0,124,864538.4437,-140771.2773,0.5167,73,446720.5011,6120.476493,292871.0894,124946.8532,-167924.2363,124,864538.4437,14,100388.4473160333,3123.582655941684,-0.00105,511.0956,-0.49,0.452072,4.2674,-22.2828,-0.054765,0.004367,0.1717,0.2478,-0.12428,-0.053772,-0.7566,0.872705,0.042951,-0.019223
2025-01-28 00:00:00+00:00,28,2.8399,0.4005,1.0,101,862810.5648,-149465.8771,0.5995,62,517238.9939,5953.992376,255577.429,89994.1419,-165583.2871,101,862810.5648,11,102329.73569460324,3169.385916230289,0.000744,-441.4482,-0.9798,0.421791,-3.9388,-8.9899,-0.059414,-0.000731,-0.1009,-0.6829,-0.136659,-0.055683,0.6391,0.900249,0.027544,0.011017
2025-01-29 00:00:00+00:00,37,2.5591,0.7383,1.0,71,332215.565,-136296.8224,0.2617,24,86952.7437,3726.073323,176351.7423,68911.079,-107440.6632,71,332215.565,10,102459.77415618372,3121.8342520205656,-0.000301,-200.7704,-1.1911,0.497941,-1.6748,-5.7886,-0.054861,-0.005562,0.0385,-0.298,-0.104325,-0.050144,-0.8586,0.864523,-0.035726,0.034768
2025-01-30 00:00:00+00:00,27,1.3307,0.5415,1.0,79,404905.8478,-111572.2536,0.4585,39,185657.8708,3813.787341,125177.3191,94070.6579,-31106.6612,79,404905.8478,13,105116.15547470348,3216.6774255647997,1.7e-05,-15.0069,-1.194,0.433247,-0.0423,-4.6768,-0.032673,0.00452,0.0213,-0.0789,-0.06631,-0.027522,-0.5541,0.864101,-0.000422,-0.008604
2025-01-31 00:00:00+00:00,24,4.2247,0.6615,1.0,99,1165800.9927,-148495.0473,0.3385,60,394653.3818,44608.964674,623552.2844,147595.3265,-475956.958,99,1165800.9927,15,104035.00025756622,3297.597534311326,0.000181,101.8884,-1.0768,0.52939,0.2703,-6.5809,-0.218186,-0.00069,0.0707,0.6147,-0.413942,-0.213912,-0.1209,0.918523,0.054422,0.018274
2025-02-01 00:00:00+00:00,24,1.6109,0.7008,1.0,72,287510.7995,-147456.4919,0.2992,33,86024.4602,3699.169109,124315.7713,77170.5681,-47145.2032,72,287510.7995,15,101974.9547410668,3253.678051667197,0.000601,-180.1749,-1.2718,0.466135,-0.9374,-3.1013,-0.026355,0.006174,0.0838,1.4034,-0.047243,-0.021143,-0.9167,0.856188,-0.062335,-0.008335
2025-02-02 00:00:00+00:00,39,2.3425,0.4672,1.0,105,797734.0461,-163550.6634,0.5328,49,425016.9472,14573.690394,261207.3667,111509.7322,-149697.6345,105,797734.0461,17,99107.35933412488,3055.750717340712,0.000809,536.6159,-0.6754,0.427125,1.473,-0.5826,-0.074348,0.017882,0.0804,2.1722,-0.170977,-0.069546,-1.0636,0.877482,0.021295,0.013381
2025-02-03 00:00:00+00:00,75,1.315,0.5504,1.0,221,1952202.9199,-160448.1492,0.4496,117,877680.1254,8281.05753,610364.7157,464158.0789,-146206.6368,221,1952202.9199,29,96866.64777808178,2644.460718924183,-0.001776,2612.0633,2.1648,0.48524,11.0385,6.1885,-0.006167,0.000404,0.0316,2.4181,-0.024496,-0.011079,-1.0956,0.85136,-0.026122,-0.067163
2025-02-04 00:00:00+00:00,28,2.2798,0.5021,1.0,126,1576937.7727,-180927.9316,0.4979,82,785199.2182,15798.497536,550340.1592,241398.3953,-308941.7639,126,1576937.7727,16,99368.63468388202,2771.7728259332,0.000454,-3086.2106,-1.1831,0.530596,-12.332,-2.2047,-0.011935,-0.013855,-0.0438,2.0331,-0.021587,-0.011155,-0.4609,0.914328,0.062968,0.05814
2025-02-05 00:00:00+00:00,26,0.6222,0.4883,1.0,102,1622940.331,-139214.236,0.5117,64,830434.7884,23133.846925,303975.1683,488530.3742,184555.2059,102,1622940.331,12,97771.20209135518,2761.0631639713115,0.001914,-131.5658,-1.2959,0.443544,-1.1939,-1.7238,0.067052,-0.020549,-0.13,0.7974,0.158726,0.068857,-0.2978,0.932035,0.017707,0.054553
2025-02-06 00:00:00+00:00,38,2.0264,0.5767,1.0,102,705246.3364,-154477.5908,0.4233,55,298497.6044,7016.761594,272349.4387,134399.2934,-137950.1453,102,705246.3364,9,97517.2604968468,2772.9643773463827,-0.000441,26.2264,-1.2418,0.46063,0.0121,-1.6694,-0.037036,-0.018552,-0.1294,-0.4315,-0.072842,-0.032422,0.3639,0.895202,-0.036833,0.043842
2025-02-07 00:00:00+00:00,37,1.1406,0.5775,1.0,97,854893.6378,-91115.4705,0.4225,53,361177.7275,15908.736051,263069.0128,230646.8975,-32422.1153,97,854893.6378,7,97338.67380747206,2703.557267759268,-6.1e-05,-46.0189,-1.2706,0.461812,-0.2224,-2.1621,0.046712,0.015317,0.0145,-0.2757,0.109349,0.048974,0.4617,0.904399,0.009196,-0.009929
2025-02-08 00:00:00+00:00,17,45.7137,0.3006,1.0,66,776959.2125,-116318.8029,0.6994,48,543390.682,14854.170835,228568.5304,5000.0,-223568.5304,66,776959.2125,1,96306.15208987617,2625.193051469352,0.001476,-55.8587,-1.299,0.379883,-0.4954,-1.7201,-0.111925,-0.019487,0.0078,-0.1863,-0.301679,-0.11256,-0.5111,0.938965,0.034566,0.00693
2025-02-09 00:00:00+00:00,28,2.7567,0.8356,1.0,138,931057.5011,-146906.0755,0.1644,25,153060.9432,17031.277473,570902.5502,207094.0077,-363808.5426,138,931057.5011,85,96561.10528506,2644.961347230428,2e-05,6.181,-1.2651,0.758761,-0.0227,-3.2158,-0.110382,0.00823,0.0969,0.7578,-0.146121,-0.109598,-0.5524,0.92621,-0.012754,0.031008
2025-02-10 00:00:00+00:00,22,1.3796,0.507,1.0,78,798742.8368,-135246.4447,0.493,49,393808.9798,11324.981087,234761.5392,170172.3179,-64589.2213,78,798742.8368,7,97208.73992662667,2647.6441402816886,-0.001785,7.8374,-1.2361,0.435315,0.1387,-14.1156,-0.018423,0.002504,-0.2257,-1.4179,-0.039748,-0.016928,0.695,0.913895,-0.012315,0.009497
2025-02-11 00:00:00+00:00,23,1.0853,0.5168,1.0,88,768127.5003,-93431.818,0.4832,46,371170.2373,8378.912217,206598.32,190358.943,-16239.377,88,768127.5003,19,97226.15040902529,2669.376998985668,-0.000343,46.5658,-1.2218,0.422956,0.492,-1.2916,0.000228,0.032724,0.2584,1.1101,0.00588,0.002416,0.3108,0.902627,-0.011268,-0.036338
2025-02-12 00:00:00+00:00,28,1.1416,0.5626,1.0,83,839152.3088,-124255.4903,0.4374,44,367029.8868,11880.2901,251666.4611,220455.9609,-31210.5002,83,839152.3088,11,96228.92400591074,2630.38317618372,0.001133,18.6522,-1.1874,0.483981,-0.1025,-0.2003,0.023239,-0.010282,-0.0174,0.9411,0.055594,0.026175,-0.2965,0.896668,-0.005959,-0.029542
2025-02-13 00:00:00+00:00,25,1.2899,0.564,1.0,85,659631.6903,-111277.5118,0.436,48,287577.2073,9141.958336,209579.3894,162475.0936,-47104.2959,85,659631.6903,12,96431.63656132497,2680.210338925236,-0.000989,-11.1136,-1.1734,0.45232,-0.0999,-0.3122,-0.004028,-0.033422,-0.0048,0.8867,-0.003622,-0.00159,-0.4383,0.894063,-0.002606,-0.019833
2025-02-14 00:00:00+00:00,21,1.4317,0.4448,1.0,77,726547.0117,-114840.6625,0.5552,41,403392.6802,9216.971192,190259.2507,132895.0808,-57364.1699,77,726547.0117,15,97133.98352516044,2712.0882781024934,0.000502,-47.3323,-1.2033,0.424754,-0.1856,-0.2754,-0.028417,-0.00936,-0.0693,0.206,-0.059565,-0.024611,0.3627,0.916154,0.022091,0.013527
2025-02-15 00:00:00+00:00,19,1.9215,0.4686,1.0,54,243740.7261,-88049.3784,0.5314,31,129517.3704,5258.346109,75126.4487,39096.907,-36029.5417,54,243740.7261,4,97604.75568231556,2706.698009467216,0.001882,-38.1871,-1.2247,0.343623,-0.44,-0.22,-0.041415,0.004177,0.1297,1.44,-0.11722,-0.038461,-1.4377,0.865981,-0.050173,-0.030687
2025-02-16 00:00:00+00:00,16,1.8099,0.7542,1.0,57,317481.4073,-45935.8339,0.2458,31,78038.4696,9391.386613,154228.3346,85214.603,-69013.7316,57,317481.4073,10,97240.34965349374,2695.366240977456,8.5e-05,-5.1041,-1.2039,0.501123,-0.0317,-0.2289,-0.032735,-0.009405,-0.1935,-0.4177,-0.06325,-0.030799,-1.1767,0.868235,0.002254,-0.025828
2025-02-17 00:00:00+00:00,29,2.0962,0.4762,1.0,96,377942.0207,-45811.1505,0.5238,55,197970.7328,3494.237106,121843.8624,58127.4254,-63716.437,96,377942.0207,12,96083.79954588368,2718.9387194583846,-0.002228,930.2571,-0.1316,0.364559,1.9746,1.6069,-0.061766,0.026163,-0.002,-0.425,-0.164655,-0.056318,-0.0134,0.837873,-0.030362,-0.078281
2025-02-18 00:00:00+00:00,28,2.8119,0.3942,1.0,90,593366.5505,-59374.9347,0.6058,56,359450.5047,4742.778999,172550.9562,61365.0896,-111185.8667,90,593366.5505,6,95363.12481943234,2678.6793020100813,-0.00036,-862.5627,-1.0985,0.339704,-1.334,-0.2191,-0.083845,0.021202,0.1317,0.8358,-0.24842,-0.080731,-0.0504,0.8809,0.043027,0.014919
2025-02-19 00:00:00+00:00,24,1.456,0.5897,1.0,82,419949.2468,-61485.0602,0.4103,38,172287.6497,4515.335431,146821.4879,100840.1092,-45981.3787,82,419949.2468,20,95873.20120105369,2701.784962611968,0.001239,-59.2226,-1.14,0.427054,-0.5004,-0.6169,-0.033192,-0.028873,-0.0215,0.6161,-0.069639,-0.028604,-0.2659,0.86372,-0.01718,-0.004515
2025-02-20 00:00:00+00:00,31,2.2002,0.5165,1.0,80,441778.4485,-66981.4698,0.4835,41,213586.1531,4018.247881,156885.7292,71306.5663,-85579.1629,80,441778.4485,8,97415.03660912898,2734.5966262949355,-0.000426,14.1113,-1.1015,0.421027,0.154,-0.363,-0.044832,-0.003978,-0.1189,-0.5301,-0.103299,-0.042191,0.9001,0.888761,0.025041,0.050888
2025-02-21 00:00:00+00:00,18,1.3676,0.3252,1.0,102,1261548.267,-67886.5909,0.6748,70,851316.1847,7191.476465,236966.05,173266.0323,-63700.0177,102,1261548.267,14,97768.37823843186,2735.7865919167725,0.000176,143.3546,-0.922,0.396388,0.4273,0.2499,-0.021093,0.002432,0.0965,0.3989,-0.058715,-0.022537,0.7598,0.932509,0.043748,0.051609
2025-02-22 00:00:00+00:00,29,1.9186,0.5697,1.0,97,1034075.0767,-89226.1658,0.4303,51,444980.3791,9880.964919,387250.632,201844.0656,-185406.5663,97,1034075.0767,17,96467.25297301082,2723.3322415609514,0.001412,-163.5494,-1.0874,0.490706,-0.596,0.0938,-0.0764,0.004697,0.1112,1.4449,-0.161424,-0.077043,-0.3491,0.916534,-0.015975,0.052814
2025-02-23 00:00:00+00:00,30,1.8532,0.5421,1.0,88,911565.6634,-100475.2172,0.4579,40,417435.0705,8062.814661,320943.842,173186.7508,-147757.0912,88,911565.6634,18,96080.57547594432,2792.266654818597,0.001124,3.3647,-1.062,0.482022,-0.098,0.0275,-0.101991,-0.032248,-0.2467,-0.8959,-0.209029,-0.098408,-0.7212,0.9101,-0.006435,0.021339
2025-02-24 00:00:00+00:00,64,2.5877,0.5056,1.0,160,980115.9962,-122702.7842,0.4944,81,484539.3097,4422.677073,357443.046,138133.6404,-219309.4056,160,980115.9962,15,95123.00053664892,2693.9216107935454,-0.001051,67.0967,-0.9707,0.430834,0.4744,-1.4727,-0.066434,0.033751,0.0988,0.0424,-0.153388,-0.063519,-0.3079,0.859697,-0.050402,-0.072812
2025-02-25 00:00:00+00:00,56,1.753,0.4581,1.0,196,1939051.1544,-141524.2579,0.5419,114,1050841.3115,9886.059263,565573.0128,322636.8301,-242936.1827,196,1939051.1544,26,89450.74450434286,2452.447131640521,-0.002739,207.1688,-0.7274,0.408663,1.2721,1.1334,-0.038205,0.026285,0.1481,1.413,-0.09514,-0.037464,1.2106,0.88184,0.022143,-0.034694
2025-02-26 00:00:00+00:00,61,1.9749,0.4407,1.0,192,1210248.2306,-159923.9529,0.5593,106,676913.3087,6416.291801,354057.0828,179277.8391,-174779.2437,192,1210248.2306,25,87329.249198267,2430.309617123416,0.002238,-186.623,-0.9177,0.371724,-1.0264,0.6073,-0.045888,-0.038439,-0.0171,1.2232,-0.124921,-0.044249,0.565,0.839867,-0.041973,-0.070232
2025-02-27 00:00:00+00:00,50,1.8678,0.4107,1.0,157,1259304.8149,-170056.7718,0.5893,82,742088.2964,6967.554522,336862.707,180353.8116,-156508.8954,157,1259304.8149,25,85150.79521386223,2325.5564059322905,-0.000782,-83.5074,-0.9918,0.364068,-0.6278,-0.1745,-0.060103,-0.004477,-0.0605,0.6465,-0.167175,-0.05857,0.4509,0.874078,0.034211,0.014381
2025-02-28 00:00:00+00:00,46,2.1068,0.4142,1.0,158,1369304.8865,-189817.9993,0.5858,98,802194.0099,5393.247437,384569.7435,182541.1331,-202028.6104,158,1369304.8865,14,82026.0762944313,2179.8801067820496,-0.000375,132.0949,-0.8349,0.417046,1.1116,0.5098,-0.059191,0.024047,0.136,1.8577,-0.14505,-0.057815,0.3069,0.885242,0.011164,0.003403
2025-03-01 00:00:00+00:00,31,0.8754,0.468,1.0,115,598318.4217,-160674.2285,0.532,64,318312.3532,7009.145583,130703.1196,149302.9489,18599.8293,115,598318.4217,20,85085.55374903105,2218.378226023023,0.001712,-131.093,-0.9572,0.338991,-1.1724,-0.0665,0.004049,-0.031295,-0.1012,0.9211,0.018346,0.005879,-1.4228,0.837238,-0.048004,-0.002629
2025-03-02 00:00:00+00:00,54,1.7118,0.6616,1.0,160,770502.3602,-158680.2971,0.3384,78,260729.8669,4956.208922,321786.0321,187986.4611,-133799.571,160,770502.3602,28,88198.93037888798,2301.7445025968213,0.001137,399.3375,-0.5088,0.457508,0.7462,0.7777,-0.048844,0.001184,0.19,2.5289,-0.100767,-0.043848,-0.5107,0.821902,-0.015336,-0.052176
2025-03-03 00:00:00+00:00,29,0.7216,0.493,1.0,148,1489647.7664,-110383.6458,0.507,99,755274.0338,9069.900073,307803.2895,426570.4431,118767.1536,148,1489647.7664,20,90936.3666656728,2331.7041264560567,-0.002399,-309.1996,-0.8335,0.416104,-0.1435,0.1598,0.032907,0.019446,-0.1144,1.4938,0.085197,0.03403,0.2656,0.886455,0.064552,0.001212
2025-03-04 00:00:00+00:00,37,2.0124,0.4344,1.0,140,1092002.5437,-98454.5185,0.5656,89,617623.3071,5686.658463,316905.7642,157473.4725,-159432.2917,140,1092002.5437,14,84657.08550940566,2104.9015345132493,-0.000345,18.3283,-0.797,0.415458,0.2381,-0.8741,-0.02141,-0.010654,0.02,1.6265,-0.053344,-0.021335,-0.2502,0.879105,-0.00735,0.041867
2025-03-05 00:00:00+00:00,25,1.3901,0.4688,1.0,86,706919.023,-81213.5752,0.5312,47,375499.3357,7580.899274,192756.1641,138663.5231,-54092.641,86,706919.023,14,88660.1698833586,2200.771746074872,0.000418,-117.2384,-0.9127,0.391932,-0.7769,-0.6246,-0.023666,-0.018919,-0.116,0.6245,-0.05453,-0.020737,0.5448,0.906136,0.027032,0.084234
2025-03-06 00:00:00+00:00,27,0.7942,0.4947,1.0,99,838050.1387,-52062.3841,0.5053,49,423443.9449,8912.514406,183528.3755,231077.8182,47549.4427,99,838050.1387,23,90442.20526149264,2253.5948622380542,-0.000409,20.1405,-0.8706,0.41263,0.2863,0.2895,0.041807,0.019728,-0.0316,0.3498,0.113008,0.045156,0.5951,0.90068,-0.005456,0.014226
2025-03-07 00:00:00+00:00,36,3.3751,0.337,1.0,88,1169448.6087,-53766.119,0.663,46,775332.5383,22203.853205,304035.4126,90080.6578,-213954.7548,88,1169448.6087,6,88112.80360999367,2175.8499261680427,6.7e-05,8.5818,-0.8426,0.403729,-0.0582,-0.8803,-0.06114,-0.008703,0.1671,1.7207,-0.150206,-0.059165,-0.7202,0.923714,0.023034,0.04461
2025-03-08 00:00:00+00:00,19,1.382,0.6885,1.0,57,260532.7459,-60532.9807,0.3115,24,81162.8214,4032.290184,104069.0635,75300.8611,-28768.2024,57,260532.7459,14,86215.73809438046,2165.866314281529,0.001393,-37.566,-0.8702,0.443586,-0.376,-0.0839,-0.040143,-0.014685,-0.0518,1.256,-0.085771,-0.036553,-1.7469,0.853638,-0.070077,-0.052498
2025-03-09 00:00:00+00:00,20,1.1728,0.5848,1.0,70,384720.3971,-43975.2441,0.4152,41,159719.8162,5539.302981,121447.9979,103552.583,-17895.4148,70,384720.3971,9,84423.22732456491,2124.8707332709487,0.000304,11.6089,-0.8449,0.461783,0.1101,-0.72,0.038558,0.006008,0.0551,1.6797,0.093828,0.041798,-1.4071,0.88481,0.031172,-0.01587
2025-03-10 00:00:00+00:00,35,1.6212,0.4608,1.0,131,1134471.7193,-78642.0836,0.5392,79,611657.1848,6607.15544,323357.6288,199456.9057,-123900.7231,131,1134471.7193,17,80965.16208189442,2016.3407571261464,-0.000909,374.5883,-0.3781,0.394367,1.2085,0.632,-0.056122,0.032397,-0.0059,1.5877,-0.144357,-0.054592,-0.539,0.901777,0.016966,-0.021938
2025-03-11 00:00:00+00:00,40,1.5562,0.4596,1.0,126,1120318.8214,-71870.6671,0.5404,68,605444.0055,14495.571209,313453.5962,201421.2197,-112032.3765,126,1120318.8214,18,80892.741365464,1899.9159502745815,-0.001547,-254.0065,-0.6737,0.412131,-0.5327,-0.1389,-0.028961,0.001495,-0.0517,1.1431,-0.066179,-0.02633,-0.7005,0.899018,-0.002759,0.04538
2025-03-12 00:00:00+00:00,33,2.0213,0.6041,1.0,103,1006425.9786,-93502.196,0.3959,54,398473.6579,13685.702802,406732.8319,201219.4888,-205513.343,103,1006425.9786,16,82503.19772710041,1892.3779958872728,0.001523,-124.647,-0.8111,0.483918,-0.6531,-0.0151,-0.068277,-0.018389,0.1191,2.0357,-0.142469,-0.067226,0.4997,0.914237,0.015219,0.029427
2025-03-13 00:00:00+00:00,25,2.7449,0.502,1.0,87,677826.4804,-122945.8221,0.498,55,337531.6186,9436.268891,249425.401,90869.4608,-158555.9402,87,677826.4804,7,82313.75126816415,1875.814103899512,0.000528,-10.1514,-0.8052,0.411643,-0.0894,-0.3909,-0.097765,-0.005226,-0.0875,1.3098,-0.239404,-0.095425,-0.4177,0.900339,-0.013898,-0.001437
2025-03-14 00:00:00+00:00,23,2.2996,0.3578,1.0,82,614027.0415,-104743.8405,0.6422,52,394301.0148,6394.430485,153133.4552,66592.5716,-86540.8836,82,614027.0415,7,83079.50051715063,1905.070220529148,0.000802,-7.198,-0.7994,0.357801,-0.0537,-0.3863,-0.033715,0.000412,-0.0026,1.2598,-0.090268,-0.031089,-0.7494,0.890164,-0.010175,-0.008854
2025-03-15 00:00:00+00:00,12,1.1436,0.3995,1.0,53,234369.8729,-101529.9091,0.6005,35,140740.2253,4481.267888,49950.165,43679.4826,-6270.6824,53,234369.8729,6,84232.50774740629,1928.5825759468723,0.001226,-16.5954,-0.8061,0.307092,-0.1527,-0.163,-0.028015,-0.014678,-0.088,0.5501,-0.087811,-0.025534,-1.6507,0.858511,-0.031653,-0.055726
2025-03-16 00:00:00+00:00,16,2.5511,0.3232,1.0,50,297338.6731,-104970.7512,0.6768,32,201227.9416,8829.156272,69046.0207,27064.7108,-41981.3099,50,297338.6731,2,83628.6441056899,1907.297767192388,8.5e-05,6.1644,-0.7798,0.322927,0.0261,-0.247,-0.014505,0.00186,0.1219,1.4775,-0.039686,-0.012225,-2.0836,0.87593,0.017419,-0.024409
2025-03-17 00:00:00+00:00,22,3.1229,0.486,1.0,74,663487.1495,-110989.001,0.514,43,341045.6149,8515.490232,244235.003,78206.5316,-166028.4715,74,663487.1495,9,83510.13401042063,1912.595948879681,-0.001879,2.1442,-0.7589,0.405972,0.0497,-1.4058,-0.072288,0.027354,0.0495,1.8148,-0.177644,-0.07005,-0.8865,0.905502,0.029572,0.015338
2025-03-18 00:00:00+00:00,20,1.5302,0.4685,1.0,87,1085868.4586,-110214.531,0.5315,54,577117.2077,18943.162845,307681.1688,201070.0821,-106611.0866,87,1085868.4586,13,82553.10822003809,1901.091975358819,-0.000182,-7.6582,-0.7509,0.413031,-0.0721,-0.9452,-0.064578,-0.021949,0.0398,2.0478,-0.153993,-0.062099,-0.2156,0.923483,0.017981,0.064972
2025-03-19 00:00:00+00:00,19,1.9193,0.3407,1.0,99,843903.4765,-93791.4806,0.6593,72,556357.3331,6519.840747,189049.0667,98497.0767,-90551.9901,99,843903.4765,8,83976.480031323,1986.7692465378288,-0.000662,30.4242,-0.6958,0.358382,0.4398,0.1477,-0.026331,-0.006495,-0.1254,1.0716,-0.065968,-0.022827,0.7811,0.907812,-0.01567,0.031882
2025-03-20 00:00:00+00:00,19,1.3357,0.4271,1.0,86,873790.7545,-78804.144,0.5729,53,500557.6812,10063.853103,213438.8287,159794.2446,-53644.5842,86,873790.7545,14,85263.84677114685,1998.4768544774963,0.000276,-13.9149,-0.6979,0.415192,-0.2711,-0.034,-0.006098,0.006317,-0.0577,0.6214,-0.010838,-0.004371,0.3119,0.905597,-0.002215,9.5e-05
2025-03-21 00:00:00+00:00,7,2.419,0.2325,1.0,80,591124.8523,-74588.7402,0.7675,69,453707.6621,5403.411128,97225.1235,40192.0667,-57033.0568,80,591124.8523,4,84150.63617995004,1970.6151747263823,0.001196,-21.0347,-0.7127,0.302826,-0.2447,-0.225,-0.031636,0.008521,0.0106,0.6845,-0.099688,-0.028929,-0.9007,0.897794,-0.007803,-0.025689
2025-03-22 00:00:00+00:00,13,0.8387,0.3912,1.0,54,297673.6696,-72233.6294,0.6088,34,181210.9509,5355.415374,53123.8127,63338.906,10215.0933,54,297673.6696,7,84165.19648620859,1987.1979215550973,0.001059,-3.8956,-0.707,0.316001,-0.2063,-0.2787,0.010747,-0.012514,0.0169,0.796,0.044325,0.013422,-1.1703,0.882928,-0.014866,-0.024884
2025-03-23 00:00:00+00:00,13,1.7898,0.4414,1.0,46,263895.6507,-70947.0354,0.5586,29,147414.7505,5996.005565,74728.0262,41752.874,-32975.1521,46,263895.6507,4,84611.7081600447,2000.8414301314183,-0.000246,-3.0384,-0.6962,0.380123,0.0845,-0.2202,-0.030845,0.017731,0.0409,1.0945,-0.076447,-0.02793,-1.8582,0.8704,-0.012529,-0.035198
2025-03-24 00:00:00+00:00,15,1.4077,0.3451,1.0,82,621253.1103,-52415.1383,0.6549,61,406862.0031,6359.032671,125348.1495,89042.9576,-36305.1919,82,621253.1103,6,87351.70280582971,2063.905803852545,-0.001994,40.8117,-0.6315,0.379863,0.4138,0.1438,-0.033264,0.003642,-0.0034,1.0523,-0.082754,-0.030508,0.3979,0.902184,0.031785,0.00439
2025-03-25 00:00:00+00:00,24,2.0843,0.4321,1.0,79,410561.4457,-46094.0738,0.5679,45,233163.952,5421.243638,119880.5642,57516.9295,-62363.6347,79,410561.4457,10,87315.07768836677,2065.21514430206,-0.000562,-22.3444,-0.6524,0.349299,-0.2573,-0.0414,-0.035075,0.009313,-0.0704,0.4726,-0.096726,-0.032366,0.298,0.872054,-0.03013,-0.010874
2025-03-26 00:00:00+00:00,29,5.836,0.4786,1.0,86,575624.6989,-60998.4995,0.5214,52,300144.2933,7221.29964,235181.688,40298.7177,-194882.9704,86,575624.6989,5,87344.60066797632,2042.1923790318788,-0.000308,15.6612,-0.6219,0.403627,0.1902,-0.2909,-0.084876,-0.025956,-0.0037,0.4299,-0.211559,-0.082613,0.2909,0.89341,0.021356,0.02301
2025-03-27 00:00:00+00:00,19,14.1613,0.2389,1.0,70,510574.6042,-68464.2312,0.7611,48,388576.4932,11244.401098,113951.4085,8046.7025,-105904.706,70,510574.6042,3,87218.67388337788,2017.181783941524,0.000227,-4.9889,-0.6192,0.258784,-0.0436,-0.0634,-0.090961,0.014719,0.039,0.7305,-0.362522,-0.08895,-0.0495,0.887432,-0.005978,-0.014752
2025-03-28 00:00:00+00:00,25,2.4275,0.3671,1.0,96,1074381.1742,-83785.2568,0.6329,59,679928.7747,10987.344435,279366.3177,115086.0818,-164280.2359,96,1074381.1742,12,85214.74541604468,1917.574201596076,-0.000105,2.5068,-0.6093,0.390206,0.0275,0.2087,-0.051778,0.002112,0.0146,0.8334,-0.133817,-0.050874,0.3241,0.923008,0.035576,0.050954
2025-03-29 00:00:00+00:00,16,1.1546,0.5141,1.0,63,258075.8101,-86604.9078,0.4859,36,125387.0349,2686.05624,71105.6194,61583.1558,-9522.4636,63,258075.8101,11,83155.58407465422,1859.8172667963672,0.001508,-19.6144,-0.6283,0.381147,-0.2193,0.1957,-0.014119,-0.011962,0.0502,1.2109,-0.031102,-0.011324,-0.7148,0.863025,-0.059984,-0.030386
2025-03-30 00:00:00+00:00,16,1.4091,0.6625,1.0,48,173247.2557,-84678.9635,0.3375,24,58463.9466,2757.954374,67138.4257,47644.8834,-19493.5423,48,173247.2557,8,82842.50376931786,1825.0341274791608,0.000324,-7.7709,-0.6282,0.396827,-0.0747,0.0365,-0.022228,-0.005404,-0.0264,0.9775,-0.051764,-0.01956,-1.5389,0.846911,-0.016114,-0.040522
2025-03-31 00:00:00+00:00,21,1.0243,0.4709,1.0,89,889094.7173,-80210.5572,0.5291,52,470412.0467,9842.364371,211854.509,206828.1616,-5026.3474,89,889094.7173,16,82333.02401430182,1815.418835550017,-0.002382,40.7662,-0.5623,0.392092,0.4514,0.0741,0.006215,0.009081,0.0635,1.4528,0.020754,0.007923,0.6638,0.91297,0.066059,-0.010038
2025-04-01 00:00:00+00:00,25,1.1134,0.5199,1.0,89,573231.7885,-73586.5549,0.4801,54,275185.2746,7983.131858,157021.0664,141025.4474,-15995.6191,89,573231.7885,10,84013.93438848642,1874.303688515668,1.6e-05,23.991,-0.5139,0.422753,0.2781,0.6095,-0.005019,0.012973,-0.0478,1.0627,-0.00622,-0.002545,0.3863,0.891668,-0.021302,0.028643
2025-04-02 00:00:00+00:00,32,2.2752,0.5388,1.0,98,548748.1784,-62191.8298,0.4612,51,253078.3262,8258.030825,205394.8732,90274.979,-115119.8943,98,548748.1784,15,85143.01095594122,1877.2581744262443,0.000346,-1.1457,-0.499,0.418074,-0.0907,0.3287,-0.043559,-0.0055,0.0053,1.0803,-0.098505,-0.039476,0.6838,0.868519,-0.023149,0.021608
2025-04-03 00:00:00+00:00,33,3.8531,0.4495,1.0,88,664875.7811,-72163.5871,0.5505,47,365998.947,7997.259792,237291.9208,61584.9134,-175707.0073,88,664875.7811,8,82787.44456078489,1801.4782725191917,-0.001044,7.8192,-0.4739,0.367157,-0.0253,0.347,-0.119478,0.002559,-0.0373,0.7725,-0.32948,-0.11605,-0.0985,0.890469,0.02195,-0.022501
2025-04-04 00:00:00+00:00,39,3.2006,0.6977,1.0,88,471404.4174,-73309.5783,0.3023,35,142507.9609,5412.269835,250599.3154,78297.1411,-172302.1743,88,471404.4174,14,83401.89831063004,1805.7064447353723,0.00151,-46.158,-0.5249,0.49181,-0.3134,0.0062,-0.113547,-0.002373,0.0543,1.173,-0.232704,-0.11109,-0.2279,0.882463,-0.008005,-0.009204
2025-04-05 00:00:00+00:00,23,2.3015,0.7566,1.0,45,230776.1282,-81783.2153,0.2434,14,56159.5746,3790.833012,121727.2381,52889.3155,-68837.9226,45,230776.1282,8,83325.98405618116,1802.5507174820495,0.00152,-23.3048,-0.5459,0.475433,-0.3285,-0.103,-0.048397,-0.028686,-0.2435,-0.7097,-0.098281,-0.045294,-1.2563,0.871719,-0.010745,0.0032
2025-04-06 00:00:00+00:00,40,2.2918,0.5623,1.0,96,608036.8594,-98166.5693,0.4377,36,266123.0083,5691.408798,238045.4356,103868.4155,-134177.0201,96,608036.8594,20,82001.40927571652,1744.3422984258088,0.000758,305.3242,-0.1099,0.450019,1.1745,1.1462,-0.066392,0.02109,0.2432,1.1578,-0.147342,-0.063759,-0.6287,0.890971,0.019252,0.000503
2025-04-07 00:00:00+00:00,53,1.6886,0.4836,1.0,172,1317864.9464,-120765.6798,0.5164,78,680548.6372,6511.065272,400268.215,237048.0942,-163220.1209,172,1317864.9464,41,77695.17339718214,1536.5824591981936,-0.003834,396.7752,0.4491,0.424062,1.1511,1.8459,-0.037092,-0.01533,-0.2489,-0.7483,-0.094093,-0.038231,2.0132,0.895904,0.004932,0.01344
2025-04-08 00:00:00+00:00,33,1.8898,0.4532,1.0,110,692273.5608,-132280.1047,0.5468,55,378557.7368,5140.121994,205156.2089,108559.6151,-96596.5938,110,692273.5608,22,78764.5751467635,1541.943739693225,0.000447,-633.0482,-0.4242,0.351842,-1.7516,-0.1838,-0.0327,-0.016403,-0.0187,-0.8761,-0.094157,-0.031953,2.3427,0.898387,0.002483,0.026668
2025-04-09 00:00:00+00:00,34,1.1677,0.3257,1.0,143,1138923.9104,-119934.4874,0.6743,74,768006.0166,29482.302958,199809.2333,171108.6605,-28700.5728,143,1138923.9104,35,78227.20253193982,1510.3610582617414,0.000706,291.2399,-0.0113,0.337013,0.4599,0.3668,-0.007372,0.011642,0.0365,-0.5916,-0.024749,-0.007888,0.8429,0.884917,-0.013471,-0.006055
2025-04-10 00:00:00+00:00,19,1.1916,0.3304,1.0,104,731610.0846,-97852.1487,0.6696,64,489920.8319,8219.402681,131409.9445,110279.3082,-21130.6363,104,731610.0846,21,81046.76008079464,1576.956872511931,-0.000513,-81.3049,-0.1207,0.31151,-0.1934,0.1986,-0.017641,0.025511,0.2169,1.0418,-0.057224,-0.01703,0.2385,0.897986,0.01307,0.002082
2025-04-11 00:00:00+00:00,18,1.4801,0.3168,1.0,93,716628.7012,-79516.1628,0.6832,55,489577.9282,5768.748187,135500.5232,91550.2498,-43950.2734,93,716628.7012,20,81935.23871072991,1554.9713250240327,-0.000317,-215.0026,-0.4186,0.311881,-0.0706,0.4414,-0.018687,0.008407,0.1115,1.8291,-0.057014,-0.017006,-0.0562,0.891976,-0.00601,-0.006411
2025-04-12 00:00:00+00:00,20,1.1274,0.6145,1.0,70,258883.6121,-71043.4256,0.3855,32,99807.0247,1653.974274,84302.6749,74773.9126,-9528.7623,70,258883.6121,18,84059.7553491716,1605.0292155959426,0.000923,-31.6028,-0.4599,0.378223,-0.42,0.3499,-0.020605,-0.011182,-0.0342,1.5316,-0.048092,-0.017286,-0.7964,0.841002,-0.050974,-0.043915
2025-04-13 00:00:00+00:00,16,0.9878,0.4672,1.0,64,397531.9636,-51712.638,0.5328,29,211808.6898,5307.352397,92292.3902,93430.8836,1138.4934,64,397531.9636,19,84494.03911479721,1609.9764845477805,0.001704,-24.9685,-0.484,0.382564,-0.1776,-1.0022,0.016015,-0.003793,-0.0107,1.4166,0.049755,0.01836,-1.4297,0.880838,0.039836,-0.017148
2025-04-14 00:00:00+00:00,32,2.0005,0.3872,1.0,101,870304.4309,-44447.9107,0.6128,47,533324.9701,8298.432878,224673.2453,112306.2155,-112367.0298,101,870304.4309,22,84650.12675580647,1637.7636122702895,-0.001269,129.6999,-0.2958,0.375958,0.9231,-1.2302,-0.071285,0.046428,-0.0171,1.267,-0.188232,-0.06839,-0.5808,0.901205,0.020367,0.009229
2025-04-15 00:00:00+00:00,24,2.5769,0.4018,1.0,88,722835.0372,-48941.8949,0.5982,46,432366.7368,7588.387314,209261.3919,81206.9085,-128054.4833,88,722835.0372,18,85035.39996452969,1626.1146951314206,-0.000131,-115.7332,-0.4468,0.357788,-0.685,-0.1636,-0.060641,-0.001689,-0.0338,0.995,-0.167895,-0.057663,-0.6161,0.882599,-0.018606,0.041598
2025-04-16 00:00:00+00:00,23,2.0766,0.4649,1.0,98,634175.1246,-59580.8076,0.5351,56,339339.7976,9698.343896,199004.1442,95831.1828,-103172.9614,98,634175.1246,19,83992.83280493198,1583.0352675490797,0.000978,-14.59,-0.4576,0.349822,-0.1914,-0.815,-0.060145,-0.025775,-0.001,0.9669,-0.177255,-0.059294,-0.5359,0.872414,-0.010185,-0.008424
2025-04-17 00:00:00+00:00,22,1.2697,0.4034,1.0,86,641458.8284,-60954.0608,0.5966,46,382712.2982,7762.357718,144744.9693,114001.5608,-30743.4085,86,641458.8284,18,84565.77895855125,1591.9428422453718,-0.000411,1.8208,-0.4433,0.301644,-0.0286,-0.6502,-0.01889,0.002399,-0.0118,0.8636,-0.059264,-0.017101,-0.8376,0.884993,0.012579,-0.016212
2025-04-18 00:00:00+00:00,10,1.0482,0.1936,1.0,74,591370.3942,-55059.9599,0.8064,52,476900.062,7580.704147,58580.9496,55889.3825,-2691.5671,74,591370.3942,12,84633.45187606933,1587.1593212956996,5.9e-05,-14.1846,-0.4463,0.21536,-0.1315,-0.711,0.007611,-0.018131,-0.0324,0.6227,0.052276,0.010548,-0.8987,0.876994,-0.007999,-0.005605
2025-04-19 00:00:00+00:00,9,0.9882,0.2226,1.0,53,565445.9968,-53592.0225,0.7774,33,439553.4795,8980.975223,62572.8592,63319.6581,746.799,53,565445.9968,11,85071.920422981,1602.8576415413172,0.001931,-3.3022,-0.4762,0.235455,-0.138,-0.4291,0.001627,-0.027179,-0.2214,-0.992,0.016661,0.003736,-1.6868,0.899745,0.022751,0.027331
2025-04-20 00:00:00+00:00,10,1.8917,0.2551,1.0,49,481485.6149,-59165.2679,0.7449,29,358664.3689,7903.587447,80347.7351,42473.5109,-37874.2242,49,481485.6149,10,84760.03945138013,1592.3720660956571,0.000344,-2.2146,-0.5311,0.262384,0.0108,-0.2406,-0.065172,-0.000208,0.1514,0.0973,-0.251808,-0.063765,-1.7355,0.907945,0.0082,0.022952
2025-04-21 00:00:00+00:00,16,1.2293,0.3348,1.0,87,950638.2853,-47790.5322,0.6652,59,632332.4086,6494.455275,175524.8783,142780.9984,-32743.8799,87,950638.2853,12,87215.46645955519,1615.624733754472,-0.001853,25.2528,-0.4566,0.327769,0.3109,-0.8528,-0.022539,0.029137,0.1632,1.2712,-0.064237,-0.020374,-0.4654,0.917256,0.009311,0.040262
2025-04-22 00:00:00+00:00,34,1.3506,0.3569,1.0,157,1448887.2594,-40512.8154,0.6431,103,931850.0541,9262.703667,297073.8354,219963.37,-77110.4654,157,1448887.2594,20,89583.33284216061,1641.7208568185913,-0.000873,198.209,0.0367,0.340037,1.1511,0.9833,-0.038116,0.005636,-0.0266,1.0525,-0.109516,-0.035694,-0.5661,0.873483,-0.043773,-0.026262
2025-04-23 00:00:00+00:00,31,1.5611,0.4332,1.0,119,1130930.7758,-41107.0835,0.5668,68,641019.1584,7498.000605,298622.2279,191289.3895,-107332.8384,119,1130930.7758,20,93508.02056977352,1790.6908105822197,-0.001059,-89.3728,-0.1598,0.388744,-0.2441,0.9306,-0.050203,0.002874,-0.1053,0.2546,-0.125857,-0.04734,0.9718,0.908325,0.034842,0.00038
2025-04-24 00:00:00+00:00,9,1.2254,0.2842,1.0,88,1316469.1871,-42128.1844,0.7158,62,942348.85,12610.777722,206005.7259,168114.6112,-37891.1147,88,1316469.1871,17,93002.94114796244,1765.524396992961,0.000932,122.1114,0.1696,0.281911,0.0968,1.0561,-0.031624,-0.012614,0.0749,0.8005,-0.110957,-0.030275,-0.3559,0.924933,0.016608,0.007676
2025-04-25 00:00:00+00:00,16,0.7982,0.3966,1.0,95,1140797.2751,-34490.8376,0.6034,59,688313.0496,11369.306255,200857.1825,251627.0429,50769.8604,95,1140797.2751,20,94246.06118469105,1782.0395231525206,-0.000795,-134.8794,-0.1635,0.39989,-0.1951,0.9924,0.026914,-0.011667,-0.1421,-0.3742,0.074076,0.028928,1.8593,0.919522,-0.005411,0.046039
2025-04-26 00:00:00+00:00,16,0.4323,0.4618,1.0,56,403162.5295,-24056.1071,0.5382,27,216977.059,7390.789115,56197.7791,129987.6914,73789.9123,56,403162.5295,13,94508.89385984534,1802.1864257861043,0.001723,-90.528,-0.3844,0.36788,-0.8537,0.2767,0.076748,-0.025643,-0.0457,-0.8132,0.224094,0.079694,0.3938,0.886983,-0.032539,-0.021342
2025-04-27 00:00:00+00:00,12,1.0788,0.1984,1.0,52,497434.4511,-19180.2189,0.8016,34,398744.5685,8578.740294,51216.4447,47473.4379,-3743.0068,52,497434.4511,6,94170.93812100384,1805.6413524347872,0.000818,-22.975,-0.4256,0.254394,-0.1734,0.0926,-0.010484,0.013316,0.3511,2.2379,-0.032395,-0.007896,-1.0525,0.902057,0.015074,-0.022876
2025-04-28 00:00:00+00:00,23,1.7899,0.412,1.0,93,1117431.4501,-33125.246,0.588,59,657015.6368,5666.285038,295387.4412,165028.3721,-130359.0691,93,1117431.4501,11,94328.54524557048,1790.946758596426,-0.001943,23.4589,-0.3514,0.428505,0.2883,0.07,-0.021233,0.025857,0.0142,2.2896,-0.047277,-0.019845,0.1818,0.925685,0.023628,0.006163
2025-04-29 00:00:00+00:00,21,1.8811,0.3708,1.0,89,906940.6333,-36800.5676,0.6292,56,570661.3938,6869.990973,219558.4782,116720.7614,-102837.7168,89,906940.6333,12,94891.34349061675,1813.5797676952504,-0.000376,-6.1687,-0.3594,0.411013,-0.0402,-1.1212,-0.050979,-0.006897,-0.1118,1.2976,-0.123396,-0.049498,1.2014,0.910938,-0.014746,0.023956
2025-04-30 00:00:00+00:00,19,0.838,0.5863,1.0,89,603364.9378,-17014.5394,0.4137,52,249618.8009,8811.441095,161288.3888,192457.7481,31169.3593,89,603364.9378,18,94493.93694257808,1792.1695405321968,0.000231,16.4622,-0.3087,0.425126,0.0105,-0.8666,0.017645,0.000742,0.0024,1.2903,0.046957,0.019398,0.9139,0.885738,-0.0252,-0.016319
2025-05-01 00:00:00+00:00,26,1.9319,0.5189,1.0,87,515578.9644,-23749.3182,0.4811,52,248045.7144,7192.327287,176283.9083,91249.3418,-85034.5665,87,515578.9644,9,95793.5336733507,1829.941587913181,0.000185,21.6141,-0.2425,0.408662,0.2606,-0.7028,-0.085288,0.019442,-0.0229,1.0676,-0.206092,-0.081342,0.1195,0.87916,-0.006578,-0.046524
2025-05-02 00:00:00+00:00,16,1.1384,0.4633,1.0,81,517035.2127,-33216.593,0.5367,48,277478.1734,5382.717547,127529.0514,112027.9879,-15501.0635,81,517035.2127,17,96969.2001284528,1840.06712244664,0.000478,-36.1323,-0.3321,0.387456,-0.3153,-0.823,0.012058,-0.014038,0.0447,1.4207,0.038892,0.01457,0.5593,0.883188,0.004028,-0.02775
2025-05-03 00:00:00+00:00,21,1.0973,0.6034,1.0,53,134874.9188,-44297.5956,0.3966,23,53496.5726,2586.989251,42577.7261,38800.6201,-3777.106,53,134874.9188,9,96346.7648095721,1832.605332686986,0.001646,-22.3973,-0.3743,0.340375,-0.2333,-0.2026,-0.035371,-0.001124,-0.1067,0.5092,-0.097689,-0.031415,-1.2899,0.821864,-0.061323,-0.063874
2025-05-04 00:00:00+00:00,21,1.5679,0.6507,1.0,53,285310.1376,-49628.0374,0.3493,25,99653.3868,5209.892903,113356.4251,72300.3257,-41056.0994,53,285310.1376,7,95639.0960490146,1832.2692120056413,-0.000948,6.8979,-0.6434,0.454731,0.1101,0.0809,-0.00785,-0.066007,0.4917,4.1975,-0.008395,-0.003703,-0.7408,0.867957,0.046092,-0.011204
2025-05-05 00:00:00+00:00,17,1.2543,0.3779,1.0,80,553679.639,-34376.7127,0.6221,49,344441.7426,5885.149929,116418.8461,92819.0502,-23599.7959,80,553679.639,14,94379.85206937086,1811.25402699488,-0.001298,5.0383,-0.5933,0.347743,0.0024,-0.205,-0.034211,0.033295,-0.0778,3.3342,-0.094547,-0.031796,0.394,0.893285,0.025329,0.010097
2025-05-06 00:00:00+00:00,29,1.4269,0.4331,1.0,97,472534.0673,-24828.5132,0.5669,58,267889.2173,8103.908609,120322.585,84322.265,-36000.3199,97,472534.0673,10,94496.53932456247,1790.1414452775855,0.000159,40.0481,-0.3162,0.307265,0.4421,0.2773,-0.018024,0.065995,-0.352,0.7862,-0.046897,-0.013519,1.0961,0.841931,-0.051354,0.020067
2025-05-07 00:00:00+00:00,32,2.009,0.5762,1.0,81,621424.7262,-46433.4574,0.4238,35,263372.2937,5984.64693,239058.8413,118993.5912,-120065.2501,81,621424.7262,14,96804.66210702072,1822.361562244028,-0.000561,95.5596,0.3303,0.489772,0.3404,0.6071,-0.040313,-0.012982,0.0061,0.8115,-0.07924,-0.037885,0.1722,0.897968,0.056037,0.030012
2025-05-08 00:00:00+00:00,48,2.0083,0.4829,1.0,131,1152238.678,-60927.9082,0.5171,61,595817.1584,15024.292577,371458.621,184962.8986,-186495.7224,131,1152238.678,22,99973.9482169294,1977.452098413392,0.000608,754.5766,4.6588,0.429049,5.484,5.8305,-0.091482,-0.036607,-0.0076,0.7387,-0.210021,-0.086632,0.454,0.89323,-0.004739,-5.5e-05
2025-05-09 00:00:00+00:00,45,1.1433,0.4387,1.0,145,1337248.074,-64317.9398,0.5613,78,750572.9196,17291.537618,312953.2196,273721.9348,-39231.2848,145,1337248.074,22,103018.6252303986,2298.1184615742545,-0.002053,-336.433,2.5549,0.416598,-3.0066,3.1392,-0.014371,0.030473,-0.1343,-0.2611,-0.031942,-0.01272,0.9456,0.896977,0.003747,0.055046
2025-05-10 00:00:00+00:00,35,1.4705,0.6736,1.0,95,542619.7439,-73721.5862,0.3264,44,177119.8051,7378.646813,217551.2849,147948.654,-69602.6309,95,542619.7439,16,103400.77893455816,2414.1056134099217,0.000576,-174.2949,1.5312,0.513542,0.2956,3.6681,-0.042204,-0.006908,0.3287,2.094,-0.077199,-0.038278,0.1108,0.875592,-0.021384,-0.022376
2025-05-11 00:00:00+00:00,29,1.5588,0.7068,1.0,79,534931.9124,-79651.6268,0.2932,35,156844.8054,10027.882942,230326.7452,147760.3618,-82566.3834,79,534931.9124,15,104180.8741726982,2514.0970852489318,-0.001542,14.237,1.5684,0.538875,-0.1246,3.4334,-0.036517,-0.013591,0.0805,2.6057,-0.063531,-0.03331,0.2734,0.893214,0.017622,-1.5e-05
2025-05-12 00:00:00+00:00,44,0.8572,0.5161,1.0,142,1102804.8508,-70029.1126,0.4839,75,533671.9511,11465.890059,262687.5484,306445.3513,43757.803,142,1102804.8508,23,103565.74795160034,2514.311681086781,0.000746,196.7604,2.5232,0.408377,1.959,5.39,0.020548,0.024616,-0.1609,1.4101,0.055162,0.021675,-0.9188,0.86578,-0.027435,-0.031197
2025-05-13 00:00:00+00:00,20,0.9317,0.4192,1.0,108,932580.406,-62912.2061,0.5808,70,541615.6248,7583.991415,188573.3777,202391.4035,13818.0257,108,932580.406,18,103314.40320198008,2534.142929734882,1.3e-05,-126.5703,1.8005,0.400835,-2.1996,2.7483,-0.020371,-0.005464,-0.1566,0.2815,-0.0423,-0.016411,1.7231,0.906404,0.040625,0.030812
2025-05-14 00:00:00+00:00,35,4.0059,0.6293,1.0,98,1099349.2668,-105103.4647,0.3707,53,407549.2071,20093.558218,553602.0598,138197.9999,-415404.0599,98,1099349.2668,10,103646.73048661312,2625.445285904297,-0.000616,-247.4937,0.5098,0.513922,-1.3172,1.0908,-0.136676,-0.008591,-0.1408,-0.7277,-0.268083,-0.134995,1.2783,0.918013,0.011608,0.024798
2025-05-15 00:00:00+00:00,22,2.4689,0.6332,1.0,85,1247714.5699,-126253.9915,0.3668,48,457640.5461,23594.544107,562311.717,227762.3068,-334549.4101,85,1247714.5699,15,102829.45034557737,2561.0037178707703,0.000216,80.8198,0.9118,0.533888,0.2559,-4.1374,-0.053261,-0.00025,0.0147,-0.6343,-0.096842,-0.050879,2.0881,0.93541,0.017398,0.069631
2025-05-16 00:00:00+00:00,25,0.6159,0.615,1.0,84,853168.7408,-102831.8558,0.385,39,328457.1477,17056.410705,199993.964,324717.6292,124723.6652,84,853168.7408,20,103837.09821695607,2583.8529763063293,-0.000303,-116.1355,0.3045,0.475914,-0.5822,-1.713,0.065255,0.006233,0.082,-0.0461,0.144788,0.067573,1.814,0.923922,-0.011489,0.017517
2025-05-17 00:00:00+00:00,24,1.3425,0.7845,1.0,60,560831.0497,-102078.8208,0.2155,21,120874.268,17787.133231,252144.0841,187812.6976,-64331.3865,60,560831.0497,15,103199.50212241527,2485.0306391454264,0.0011,-141.8955,-0.4285,0.659757,-1.251,-3.2596,0.062084,-0.022463,-0.3002,-2.1877,0.100518,0.065252,1.1937,0.911743,-0.012178,-0.006269
2025-05-18 00:00:00+00:00,24,1.0934,0.7176,1.0,68,305777.6912,-91682.3119,0.2824,29,86340.8776,4964.348138,114613.8171,104822.9966,-9790.8205,68,305777.6912,15,104125.801205951,2492.313469401861,0.001884,2.5458,-0.4085,0.461008,0.0306,-3.1045,0.038755,0.00283,0.1594,-1.0678,0.091588,0.041065,0.2673,0.88755,-0.024194,-0.04786
2025-05-19 00:00:00+00:00,26,2.1838,0.5508,1.0,97,1054009.9567,-128770.631,0.4492,57,473461.9333,12712.523008,398204.2272,182343.7962,-215860.4309,97,1054009.9567,14,104214.2657997465,2442.36027440876,-0.002797,57.5826,-0.0734,0.528654,0.6573,-4.4062,-0.06613,0.025291,0.1281,-0.1499,-0.123185,-0.063961,0.8437,0.921002,0.033453,-0.002919
2025-05-20 00:00:00+00:00,29,1.1348,0.4957,1.0,83,975976.7619,-135107.1768,0.5043,37,492228.9848,22396.330206,257142.786,226604.9912,-30537.7948,83,975976.7619,17,105705.40613280683,2516.7941126710093,0.000136,30.0244,0.0956,0.409234,0.2089,-1.9977,-0.018648,-0.002283,-0.0291,-0.3702,-0.04245,-0.017004,1.7665,0.923566,0.002564,0.011823
2025-05-21 00:00:00+00:00,25,0.8748,0.3639,1.0,103,1647175.5604,-70044.5691,0.6361,60,1047740.7606,33765.90244,279700.3031,319734.4967,40034.1936,103,1647175.5604,18,107370.43181838056,2538.281122139096,0.001397,125.2797,0.8097,0.406269,0.0455,-0.635,0.038558,-0.001119,0.05,-0.0266,0.099058,0.039421,1.2576,0.931625,0.008059,0.044075
2025-05-22 00:00:00+00:00,38,1.8211,0.4242,1.0,126,1082987.9567,-41356.4414,0.5758,78,623531.4535,14629.434091,296594.5094,162861.9938,-133732.5156,126,1082987.9567,10,110950.19891476342,2634.9025236004304,-0.001788,153.4549,1.6625,0.404464,1.5384,0.6475,-0.097484,0.006582,0.1116,0.7862,-0.24044,-0.094202,2.3528,0.906026,-0.025598,-0.014976
2025-05-23 00:00:00+00:00,21,1.163,0.5247,1.0,100,1394234.6469,-67049.692,0.4753,66,662685.1395,15349.663292,393339.2985,338210.2089,-55129.0896,100,1394234.6469,13,110035.33154516296,2621.8743133364856,0.000973,-171.9218,0.6653,0.420493,-1.2347,-0.005,-0.015521,-0.016295,0.0186,0.907,-0.033171,-0.013674,1.1873,0.933911,0.027885,0.010345
2025-05-24 00:00:00+00:00,11,1.441,0.5519,1.0,43,305382.928,-62209.058,0.4481,27,136854.7012,7975.866676,99487.5876,69040.6392,-30446.9483,43,305382.928,5,108455.14963727808,2549.5669064847384,8.4e-05,-222.2568,-0.6026,0.3933,-1.4134,-0.1674,-0.049531,0.000752,-0.0023,0.8776,-0.121113,-0.046079,-1.9425,0.861385,-0.072527,-0.07024
2025-05-25 00:00:00+00:00,17,1.6034,0.4527,1.0,53,398905.974,-66789.6916,0.5473,29,218327.9467,8678.187805,111216.6414,69361.3859,-41855.2555,53,398905.974,7,107633.43375111309,2510.3602117225614,0.000689,-4.2663,-0.6195,0.430227,-0.0235,-0.2214,0.007484,-0.008496,0.1291,1.8204,0.023591,0.00991,-0.0136,0.898482,0.037097,-0.007544
2025-05-26 00:00:00+00:00,13,1.0108,0.2872,1.0,67,626457.385,-36090.0935,0.7128,45,446557.1656,8288.567015,90431.7317,89468.4877,-963.244,67,626457.385,9,109567.1648717944,2559.5369272923017,-0.000841,73.5284,-0.1874,0.275735,0.6646,-0.2141,-0.023891,0.003331,-0.1002,1.0336,-0.081088,-0.021583,0.8815,0.900952,0.00247,-0.03296
2025-05-27 00:00:00+00:00,42,1.869,0.5523,1.0,115,990198.7211,-55390.7464,0.4477,59,443320.3916,12373.122073,356260.3475,190617.982,-165642.3655,115,990198.7211,14,109467.05156937391,2623.916865846821,0.00059,355.8833,1.7997,0.456021,1.8723,1.4493,-0.093443,-0.000985,0.0081,1.0711,-0.200471,-0.088931,1.9003,0.90518,0.004228,0.043795
2025-05-28 00:00:00+00:00,23,0.927,0.5515,1.0,93,928204.5832,-58340.4581,0.4485,61,416317.6662,12483.230975,246250.3527,265636.5643,19386.2116,93,928204.5832,9,108331.2591188124,2644.1207424961017,-0.000874,-83.167,1.3007,0.427899,-0.3867,1.0171,-0.027086,-0.000239,-0.085,0.4129,-0.059581,-0.024944,1.1558,0.922422,0.017242,0.023939
2025-05-29 00:00:00+00:00,29,1.1398,0.5553,1.0,105,939716.6465,-44105.3082,0.4447,60,417908.7943,9114.039795,277947.1592,243860.693,-34086.4663,105,939716.6465,16,107535.81697685063,2695.422003483521,0.000226,-21.5773,1.1619,0.451334,0.6585,0.1371,-0.034623,0.011591,0.0134,0.507,-0.073283,-0.032328,1.936,0.91488,-0.007541,0.013928
2025-05-30 00:00:00+00:00,19,0.6868,0.4937,1.0,93,845108.6441,-25160.3964,0.5063,57,427837.3628,8535.347124,169892.9939,247378.2874,77485.2935,93,845108.6441,17,105363.14043584552,2602.5221713310348,-0.000189,30.3683,1.2992,0.436357,-0.6003,0.7715,0.030194,-0.008578,0.0453,0.8325,0.075343,0.032236,2.3857,0.925913,0.011033,0.020733
2025-05-31 00:00:00+00:00,21,4.4506,0.3529,1.0,62,291541.6078,-30115.451,0.6471,37,188657.588,4042.450685,84008.1755,18875.8443,-65132.3312,62,291541.6078,4,104090.3989976358,2527.4276715181018,0.000246,-263.3224,-0.1287,0.347887,-1.3813,0.8035,-0.067708,-0.061238,0.0845,1.4496,-0.193521,-0.065146,0.6821,0.890692,-0.035221,-0.031729
2025-06-01 00:00:00+00:00,19,0.575,0.7943,1.0,54,308738.4682,-14681.9996,0.2057,23,63500.8525,9057.910768,89529.3554,155708.2603,66178.9048,54,308738.4682,12,104606.02079791477,2516.5616029361304,0.000161,-13.4018,-0.2007,0.519871,-0.1362,0.6908,0.073932,0.049554,-0.2223,-0.2261,0.151773,0.076996,-0.6569,0.881882,-0.008811,-0.032999
2025-06-02 00:00:00+00:00,28,0.8965,0.4079,1.0,104,920535.2844,-11617.7336,0.5921,65,545062.7833,14868.118309,177492.9418,197979.5593,20486.6175,104,920535.2844,11,104796.06876584636,2519.586710119753,0.000329,197.7818,0.892,0.400449,1.7316,1.7578,0.007233,0.007274,0.0749,0.3319,0.025414,0.009914,1.8107,0.913042,0.03116,-0.012871
2025-06-03 00:00:00+00:00,29,1.6676,0.5598,1.0,99,1171462.8344,-11402.7162,0.4402,49,515624.7217,12330.544587,409987.6782,245850.4345,-164137.2437,99,1171462.8344,21,105741.85224954267,2616.0205785687526,-0.001064,51.489,1.1526,0.504475,-0.5,-0.6145,-0.042391,0.013829,-0.0228,0.1471,-0.079828,-0.039569,1.5047,0.929918,0.016876,0.039226
2025-06-04 00:00:00+00:00,10,0.587,0.3334,1.0,81,1054604.2716,-1102.5512,0.6666,61,703027.7931,10260.127034,130044.5557,221531.9228,91487.367,81,1054604.2716,10,105305.8094910842,2626.868496647128,0.000409,-24.3336,0.9975,0.371878,0.7365,0.5088,0.024096,0.005863,0.0468,0.4861,0.07028,0.025656,1.1323,0.935519,0.005601,0.053637
2025-06-05 00:00:00+00:00,17,2.8401,0.276,1.0,93,1192538.3714,-18761.0949,0.724,70,863438.9359,9533.345496,243397.854,85701.5815,-157696.2725,93,1192538.3714,6,104121.5670153622,2580.135146033736,1.9e-05,176.3809,1.9031,0.363042,-0.4914,-0.6411,-0.091019,-0.007598,0.0312,0.7137,-0.25139,-0.089151,0.2308,0.932715,-0.002804,0.019673
2025-06-06 00:00:00+00:00,13,1.5572,0.3593,1.0,87,965816.9707,-40634.361,0.6407,68,618754.1028,9066.789191,211345.2185,135717.6493,-75627.5692,87,965816.9707,6,103619.3506645316,2472.4616037636806,0.000249,-292.2174,0.3176,0.387129,-0.6822,-0.723,-0.037246,0.008891,-0.0839,0.0669,-0.093399,-0.035379,0.5115,0.925154,-0.00756,-0.004763
2025-06-07 00:00:00+00:00,19,1.6681,0.5701,1.0,50,213208.5311,-35677.261,0.4299,26,91667.8623,4421.225147,75986.6499,45554.0189,-30432.631,50,213208.5311,5,105204.4827210328,2501.2236206133293,-0.00019,-139.2199,-0.4358,0.403153,-1.0551,-0.3968,-0.031508,-0.000382,-0.2251,-1.6119,-0.074252,-0.029004,-0.9595,0.872393,-0.052761,-0.063126
2025-06-08 00:00:00+00:00,13,3.2334,0.8415,1.0,47,530199.5864,-78758.7491,0.1585,26,84017.0015,40901.817775,340787.0483,105395.5365,-235391.5118,47,530199.5864,8,105777.23786403876,2518.350400356058,0.000768,-28.538,-0.5731,0.88693,-0.3012,-0.5617,0.025583,-0.009951,0.0377,-1.3023,0.031935,0.028002,-1.7304,0.900436,0.028043,-0.032279
2025-06-09 00:00:00+00:00,17,2.948,0.3978,1.0,94,690750.526,-101054.7606,0.6022,71,415962.5179,9637.257089,205186.7356,69601.2724,-135585.4631,94,690750.526,6,107103.64015194494,2536.252792396503,0.000294,225.4454,0.6508,0.396767,1.8758,-0.4176,-0.099473,0.000824,0.1322,-0.3185,-0.249916,-0.096567,0.8834,0.91125,0.010814,-0.013904
2025-06-10 00:00:00+00:00,20,1.0769,0.3844,1.0,118,1379117.6062,-80412.1074,0.6156,82,848979.1234,5992.163347,274888.5769,255249.9058,-19638.6711,118,1379117.6062,16,109462.41090752032,2722.7482774338737,-0.000203,144.6036,1.403,0.4361,0.7316,0.8141,-0.031673,-0.016057,-0.0479,-0.6632,-0.065639,-0.028039,2.0223,0.933282,0.022032,0.060889
2025-06-11 00:00:00+00:00,13,0.8269,0.3263,1.0,99,1298017.2383,-87748.66,0.6737,74,874418.2935,9375.015329,191733.7232,231865.2216,40131.4984,99,1298017.2383,12,109411.2760331442,2801.7436993203646,-0.001855,-84.7086,0.9259,0.372021,-0.4508,-0.3733,0.006241,0.010483,-0.0255,-0.8431,0.024433,0.008885,0.9227,0.931426,-0.001856,0.03099
2025-06-12 00:00:00+00:00,16,1.3363,0.3297,1.0,99,1286868.6507,-73946.9824,0.6703,73,862558.2556,9815.0754,242697.4622,181612.9329,-61084.5293,99,1286868.6507,10,107505.59362208909,2738.148971970968,0.000904,-13.3016,0.8361,0.344048,-0.6318,-0.5137,-0.019763,-0.014733,-0.0174,-0.9599,-0.053995,-0.018205,1.2844,0.936539,0.005113,0.025289
2025-06-13 00:00:00+00:00,23,1.1099,0.397,1.0,108,1364762.3766,-67176.86,0.603,70,822891.5143,8782.164063,285053.7872,256817.0751,-28236.7121,108,1364762.3766,15,104901.88871165454,2536.1345742063827,-6.3e-05,-85.0011,0.3672,0.379529,-0.4975,-0.329,-0.001755,0.013772,0.2524,0.885,-0.002144,-0.000794,1.1714,0.926971,-0.009569,-0.006312
2025-06-14 00:00:00+00:00,21,3.5628,0.7308,1.0,48,227543.5597,-76171.4196,0.2692,21,61263.0188,6588.227383,129837.5446,36442.9963,-93394.5484,48,227543.5597,6,105153.56668198536,2534.9386029240777,0.000712,-210.8318,-0.7693,0.453336,-1.2615,-0.5353,-0.12665,-0.041138,-0.2122,-0.6737,-0.28342,-0.124875,-1.2977,0.852057,-0.074914,-0.07937
2025-06-15 00:00:00+00:00,16,0.8641,0.6112,1.0,50,171995.6481,-41449.1099,0.3888,25,66870.7483,3769.768452,48730.1219,56394.7779,7664.656,50,171995.6481,9,105392.3389786174,2533.371666056154,0.000952,2.9894,-0.7533,0.362845,-0.0388,-0.273,-0.005839,0.03187,0.1256,0.2528,0.016458,0.005612,-1.2732,0.821138,-0.030919,-0.115401
2025-06-16 00:00:00+00:00,25,2.1847,0.2952,1.0,110,889417.7276,-36033.6757,0.7048,75,626847.248,8998.487337,180123.9515,82446.5281,-97677.4234,110,889417.7276,10,107045.988078714,2612.0601143078725,8e-05,118.6254,-0.1218,0.314432,1.355,-0.7938,-0.049833,0.014684,-0.0046,0.224,-0.152868,-0.046166,1.2417,0.900642,0.079504,-0.026329
2025-06-17 00:00:00+00:00,34,2.2708,0.5894,1.0,104,723406.1265,-56895.8801,0.4106,56,296996.4489,6300.703485,296041.8898,130367.7878,-165674.1021,104,723406.1265,14,105784.41055451348,2546.5281816923293,-0.001841,20.8758,-0.016,0.405363,-0.1874,-1.7128,-0.087575,0.01598,-0.1044,-0.5432,-0.213568,-0.083975,0.5276,0.898878,-0.001763,0.046822
2025-06-18 00:00:00+00:00,13,3.8027,0.5858,1.0,74,839888.5591,-103648.4396,0.4142,50,347855.1202,29145.047335,389584.9284,102448.5105,-287136.4179,74,839888.5591,11,104750.96447131236,2515.793135300008,-0.00047,-75.1842,-0.428,0.584651,-0.4943,-1.7562,-0.032642,-0.019083,0.049,-0.1881,-0.052935,-0.030458,0.5177,0.914922,0.016043,0.093784
2025-06-19 00:00:00+00:00,17,1.8086,0.3182,1.0,64,800540.0089,-105397.5996,0.6818,40,545832.5495,27653.377064,164018.0546,90689.4049,-73328.6497,64,800540.0089,7,104639.4759990338,2517.5064942715912,0.000393,38.2388,-0.2281,0.292308,0.3496,-0.7749,-0.058785,-0.014332,0.0892,0.4598,-0.200724,-0.057049,0.5142,0.91366,-0.001262,0.013018
2025-06-20 00:00:00+00:00,17,1.6153,0.5524,1.0,80,1359873.3404,-126609.3705,0.4476,44,608692.8945,23550.323484,463949.7769,287230.6689,-176719.108,80,1359873.3404,19,104611.16215242993,2498.654053869976,0.000401,-10.522,-0.2932,0.406155,-0.286,-0.5634,-0.039082,0.006116,-0.0086,0.3864,-0.095442,-0.038193,0.4585,0.946487,0.032827,0.047609
2025-06-21 00:00:00+00:00,21,1.9629,0.6048,1.0,90,424775.7244,-125195.0769,0.3952,57,167857.3189,5823.193637,170206.4493,86711.9562,-83494.4931,90,424775.7244,12,103296.19054299704,2409.8863817072693,0.002173,-76.1039,-0.7135,0.405791,-0.7913,-0.0932,-0.053972,-0.03524,0.0083,0.4399,-0.130247,-0.050755,0.2657,0.862417,-0.084069,-0.052504
2025-06-22 00:00:00+00:00,27,2.5735,0.5977,1.0,95,675284.6108,-151679.0201,0.4023,55,271668.0628,11014.004343,290669.7472,112946.8008,-177722.9465,95,675284.6108,13,101348.18743453689,2241.137405158109,-0.001998,190.9031,0.3232,0.489911,1.2299,1.1754,-0.053065,0.028201,0.28,2.4008,-0.103265,-0.049001,-0.1359,0.895972,0.033555,-0.017688
2025-06-23 00:00:00+00:00,19,0.7658,0.5622,1.0,94,802372.276,-129178.0663,0.4378,56,351279.8209,8519.70015,195631.601,255460.854,59829.253,94,802372.276,19,101987.10778471777,2269.862095340576,-0.000565,241.3457,1.6048,0.419075,1.4214,1.2419,0.031563,-0.005956,-0.1807,1.0827,0.080436,0.032856,0.3474,0.912284,0.016312,-0.034203
2025-06-24 00:00:00+00:00,20,2.5979,0.4312,1.0,82,908279.1396,-130358.4558,0.5688,53,516638.7151,6513.442349,282788.6264,108851.7981,-173936.8283,82,908279.1396,9,105436.11309848164,2423.9358222112533,1.3e-05,-4.9868,1.5358,0.385273,0.7751,2.2044,-0.102711,-0.002919,-0.1693,-0.1336,-0.267994,-0.101188,1.1639,0.933623,0.021339,0.071205
2025-06-25 00:00:00+00:00,24,2.5148,0.4067,1.0,77,856782.4789,-110792.1735,0.5933,45,508339.407,9149.002875,249307.7568,99135.3151,-150172.4418,77,856782.4789,8,106968.05887638238,2433.497288477052,-0.001897,-19.8644,1.3936,0.35443,0.5146,3.2133,-0.073118,0.000942,-0.1068,-0.8926,-0.205981,-0.071441,1.9347,0.931676,-0.001947,0.035704
2025-06-26 00:00:00+00:00,19,4.7726,0.6961,1.0,82,820305.916,-153631.1123,0.3039,53,249257.8841,33462.993584,472124.6268,98923.4051,-373201.2216,82,820305.916,10,107482.589531897,2451.129485260828,0.001545,-264.9552,-0.0305,0.656255,-2.1879,0.6758,-0.072123,-0.000885,0.0401,-0.604,-0.108732,-0.070376,0.6266,0.912762,-0.018914,0.000478
2025-06-27 00:00:00+00:00,19,2.6063,0.3784,1.0,66,624821.5545,-143428.0243,0.6216,40,388415.0272,7946.964181,170852.0095,65554.5178,-105297.4917,66,624821.5545,7,107085.47122664996,2431.7708085245213,-0.000282,-90.7424,-0.5232,0.335295,-0.8354,0.1265,-0.091367,0.021582,0.0757,-0.0638,-0.274555,-0.08954,0.324,0.909546,-0.003216,-0.024077
2025-06-28 00:00:00+00:00,15,9.165,0.6332,1.0,40,301836.1943,-153430.2988,0.3668,20,110723.7934,7338.259493,172311.4079,18800.993,-153510.4149,40,301836.1943,5,107304.46919646546,2428.451784613297,0.002318,-79.8554,-0.9532,0.422168,-0.9109,0.0069,-0.212432,-0.047738,-0.0743,-0.5899,-0.510987,-0.209546,-2.7166,0.878534,-0.031012,-0.053142
2025-06-29 00:00:00+00:00,10,1.8373,0.549,1.0,48,290490.7806,-134764.6564,0.451,30,131014.4309,5377.576277,103269.8995,56206.4501,-47063.4494,48,290490.7806,8,107653.83036545334,2442.9460114303324,5.4e-05,-6.7047,-0.9844,0.393143,0.0317,-1.1912,-0.048326,0.013325,0.1048,0.1572,-0.117843,-0.044835,-1.5598,0.877754,-0.00078,-0.035008
2025-06-30 00:00:00+00:00,10,0.8621,0.3305,1.0,74,804879.3029,-140498.8088,0.6695,54,538905.4265,7522.382249,123141.8453,142832.0311,19690.1858,74,804879.3029,10,107791.68838570472,2484.3615417823926,-0.001526,178.5039,-0.0329,0.320049,1.6331,-0.9795,-0.005071,0.018867,0.0976,0.838,-0.008523,-0.002648,0.3611,0.916156,0.038402,0.00661
2025-07-01 00:00:00+00:00,6,4.774,0.5926,1.0,78,883879.0221,-164562.5781,0.4074,68,360052.2895,34723.155223,433104.9727,90721.7598,-342383.2129,78,883879.0221,4,106529.69210158376,2447.704212336453,-0.000778,-54.3692,-0.3294,0.509142,-0.2577,-2.0123,-0.043268,0.026335,-0.0301,0.6143,-0.082737,-0.041446,0.1767,0.922732,0.006576,0.044199
2025-07-02 00:00:00+00:00,14,1.2976,0.4471,1.0,91,679895.396,-148734.6552,0.5529,63,375894.3376,6602.947868,171689.0199,132312.0385,-39376.9814,91,679895.396,14,107680.75222996077,2482.870251345006,0.000573,-4.1403,-0.3549,0.370796,-0.2163,-2.7432,-0.042996,-0.01768,-0.1199,-0.237,-0.109917,-0.039493,0.4046,0.9037,-0.019033,0.025946
2025-07-03 00:00:00+00:00,13,1.255,0.3367,1.0,77,714209.8197,-99304.2374,0.6633,57,473762.7539,10126.488177,133817.6817,106629.3841,-27188.2975,77,714209.8197,7,109444.1557885446,2587.241163612496,-0.000838,-37.1273,-0.5598,0.298512,-0.1897,-0.745,-0.014069,0.006729,-0.0235,-0.3987,-0.040325,-0.011668,0.4728,0.918219,0.01452,0.002063
2025-07-04 00:00:00+00:00,9,0.6502,0.439,1.0,66,571078.5958,-76671.7731,0.561,47,320399.6361,14924.378161,98774.6006,151904.359,53129.7584,66,571078.5958,10,108573.49784824502,2538.903449270098,0.000438,-33.5306,-0.7455,0.353316,-0.35,-0.2596,0.056698,-0.02725,-0.0782,-0.9733,0.171631,0.058963,0.8557,0.900512,-0.017707,-0.02222
2025-07-05 00:00:00+00:00,7,0.4288,0.4836,1.0,43,239102.2062,-48138.1077,0.5164,30,123461.7973,6009.984341,34707.583,80932.8259,46225.2429,43,239102.2062,6,108126.47326337364,2514.68984784208,0.001436,-59.8554,-1.0468,0.32887,-0.8803,-0.229,0.082641,3.7e-05,0.1022,-0.2384,0.272505,0.086127,-2.5095,0.847772,-0.052741,-0.055928
2025-07-06 00:00:00+00:00,11,4.8726,0.5464,1.0,45,159044.2083,-49600.9537,0.4536,29,72146.2704,3565.247474,72100.6546,14797.2832,-57303.3714,45,159044.2083,5,108411.89328343525,2532.398076053686,0.000776,7.5827,-1.0045,0.37726,0.1742,-0.0866,-0.092201,-0.012587,0.0811,0.325,-0.241725,-0.087197,-1.8366,0.815566,-0.032206,-0.102654
2025-07-07 00:00:00+00:00,27,2.7166,0.272,1.0,105,897788.4437,-68524.4568,0.728,66,653623.8261,13128.661766,178469.4766,65695.141,-112774.3357,105,897788.4437,12,108611.31832402962,2555.963196747816,-0.002048,155.5597,-0.1335,0.255121,1.482,-0.2377,-0.056845,0.002923,-0.0388,0.0197,-0.22356,-0.054319,2.0882,0.889723,0.074158,-0.010789
2025-07-08 00:00:00+00:00,15,0.8752,0.4079,1.0,79,663146.4631,-17041.7568,0.5921,53,392646.522,6438.830071,126252.1269,144247.8142,17995.6873,79,663146.4631,11,108496.1142667092,2569.7748398013823,-0.000575,-53.4413,-0.4206,0.35129,-0.2984,-0.2784,-0.010677,0.002338,-0.0327,-0.2468,-0.024531,-0.008411,1.2654,0.906624,0.016901,0.058852
2025-07-09 00:00:00+00:00,20,1.8023,0.4633,1.0,100,957099.824,-29551.2195,0.5367,63,513707.0595,9754.043224,285167.9927,158224.7719,-126943.2208,100,957099.824,17,109322.4618603642,2653.758768751253,0.000705,170.0324,0.5452,0.376171,1.2287,1.1665,-0.05766,0.004785,0.0593,0.2001,-0.149119,-0.054894,1.1393,0.925951,0.019328,0.110386
2025-07-10 00:00:00+00:00,26,1.2197,0.4602,1.0,123,1242339.354,-33749.4483,0.5398,76,670631.4653,8489.517374,314141.8938,257565.9948,-56575.8991,123,1242339.354,21,112028.84636873566,2803.374041802215,-0.000313,174.8417,1.4976,0.392913,0.5802,1.9364,-0.047007,0.016648,-0.0154,0.0895,-0.113189,-0.043297,1.6357,0.92019,-0.005762,0.030467
2025-07-11 00:00:00+00:00,33,1.5243,0.3939,1.0,144,1784892.8832,-62198.9674,0.6061,94,1081903.7754,9509.658318,424502.9916,278486.1162,-146016.8754,144,1784892.8832,17,117419.41760070536,2980.3574148047974,-0.000923,27.6277,1.6072,0.366727,1.182,3.4684,-0.042916,0.01898,-0.0122,0.0009,-0.109597,-0.039142,1.5041,0.930556,0.010366,0.023932
2025-07-12 00:00:00+00:00,7,2.3618,0.5547,1.0,65,383841.9007,-81123.2714,0.4453,52,170930.6433,12560.016298,149578.0712,63333.1861,-86244.8851,65,383841.9007,6,117601.3099193994,2948.882402355905,0.000531,-413.2081,-0.691,0.339308,-3.4531,0.8956,-0.091157,-0.024215,-0.088,-0.6588,-0.266245,-0.087942,0.88,0.903997,-0.026559,-0.021954
2025-07-13 00:00:00+00:00,21,1.2718,0.5975,1.0,57,351828.422,-76529.8385,0.4025,26,141610.4179,5828.135512,117683.6723,92534.3319,-25149.3404,57,351828.422,10,118228.57204890808,2968.7025358347914,0.000469,8.9601,-0.6353,0.429396,0.1054,0.8267,-0.021376,0.011183,0.2626,1.3175,-0.044,-0.018432,-0.3531,0.887925,-0.016072,-0.032265
2025-07-14 00:00:00+00:00,23,0.9743,0.3957,1.0,110,1211608.6158,-59528.3703,0.6043,68,732213.8329,9780.155713,236579.4208,242815.362,6235.9412,110,1211608.6158,19,120811.12252922112,3022.8090353099874,-0.000346,352.2744,1.2898,0.338084,2.8853,2.23,-0.016806,0.002565,-0.0339,1.0422,-0.041115,-0.013547,0.8943,0.931214,0.043289,0.000658
2025-07-15 00:00:00+00:00,28,2.3001,0.5402,1.0,98,1318774.7319,-102192.116,0.4598,54,606403.2607,13385.178087,496511.0019,215860.4693,-280650.5325,98,1318774.7319,16,117391.4338531446,3011.479434842296,0.000328,-149.4107,0.4505,0.460434,-1.6587,0.8697,-0.09532,-0.007365,-0.0402,0.7294,-0.204559,-0.092698,0.7031,0.933139,0.001925,0.029142
2025-07-16 00:00:00+00:00,45,1.9752,0.4809,1.0,150,1532225.6937,-118560.4589,0.5191,88,795397.0771,8088.324682,489175.1189,247653.4976,-241521.6213,150,1532225.6937,17,118605.97409691736,3214.3859774446496,-0.000451,330.297,2.1958,0.443328,2.9775,2.6185,-0.053372,0.005997,-0.0894,0.0578,-0.117382,-0.050526,0.4436,0.91567,-0.017469,0.027745
2025-07-17 00:00:00+00:00,24,1.1783,0.3489,1.0,122,1562803.6464,-116852.6355,0.6511,80,1017615.1125,7603.364271,294904.8343,250283.6996,-44621.1347,122,1562803.6464,18,118741.9960737524,3412.0348807456453,0.00047,244.219,3.2723,0.323128,-0.4387,1.5997,-0.047282,-0.003111,-0.1022,-0.7028,-0.139391,-0.043871,1.3586,0.933671,0.018001,0.002457
2025-07-18 00:00:00+00:00,37,2.0627,0.3365,1.0,158,1938112.0583,-128324.638,0.6635,108,1285860.3873,8890.881518,439286.2822,212965.3888,-226320.8934,158,1938112.0583,13,118959.35497197688,3592.6049568794915,-0.000615,-345.4493,1.4683,0.319869,-0.0821,0.3355,-0.064816,0.01351,-0.065,-1.2187,-0.202241,-0.062542,0.8234,0.929674,-0.003997,-0.003465
2025-07-19 00:00:00+00:00,17,1.1561,0.5241,1.0,66,493456.7692,-118679.0158,0.4759,41,234857.437,5872.118263,138662.431,119936.9012,-18725.5298,66,493456.7692,8,118124.08932956668,3564.680299995847,-0.000537,-427.8707,-0.7145,0.431264,-3.7878,0.0009,-0.01161,-0.031871,0.0417,-0.9038,-0.019611,-0.008301,0.0908,0.909603,-0.020071,-0.006067
2025-07-20 00:00:00+00:00,26,1.8627,0.3999,1.0,101,680659.9818,-126805.4159,0.6001,62,408446.8461,10002.799867,177123.6381,95089.4977,-82034.1404,101,680659.9818,13,118128.4068489744,3707.1301141370623,0.001077,90.5568,-0.2616,0.352214,0.7953,0.6908,-0.078147,0.018154,0.0818,-0.2755,-0.210898,-0.071425,0.5971,0.889048,-0.020555,-0.044623
2025-07-21 00:00:00+00:00,32,1.5215,0.3445,1.0,132,1813463.8828,-146153.349,0.6555,88,1188748.2131,12754.609693,376957.6301,247758.0395,-129199.5906,132,1813463.8828,12,118109.64499333462,3776.107418482714,-0.00055,44.8004,-0.0312,0.354731,0.1612,-2.0333,-0.031185,0.012911,0.0687,0.245,-0.08069,-0.027945,1.892,0.935939,0.04689,0.006264
2025-07-22 00:00:00+00:00,36,2.9636,0.4371,1.0,124,1326314.4714,-147090.0057,0.5629,76,746572.0351,11565.128208,433474.7829,146267.6535,-287207.1295,124,1326314.4714,12,118494.95707394906,3705.538563283229,0.000504,-86.1687,-0.4728,0.416092,-0.55,-0.9246,-0.103888,-0.010736,0.0064,0.2825,-0.249224,-0.101683,1.7803,0.931305,-0.004634,0.021701
2025-07-23 00:00:00+00:00,26,1.1399,0.3406,1.0,104,1478675.3186,-117290.6348,0.6594,66,975076.8865,8532.348172,268262.2287,235336.2034,-32926.0253,104,1478675.3186,12,118532.45786675386,3660.864833814685,0.001048,-22.2031,-0.5771,0.357266,-0.1892,-4.0913,-0.041597,0.016116,0.0337,0.5309,-0.113074,-0.039749,1.2758,0.9451,0.013795,0.056051
2025-07-24 00:00:00+00:00,25,1.1125,0.4027,1.0,102,1301345.0438,-114903.0015,0.5973,65,777315.1727,7947.645076,275968.7863,248061.0847,-27907.7017,102,1301345.0438,12,118627.73622343368,3661.335534278995,-0.000801,-33.0882,-0.7424,0.409202,-0.3988,-4.0515,-0.031232,-0.005668,-0.0012,0.5058,-0.073205,-0.029551,1.4724,0.945762,0.000662,0.009823
2025-07-25 00:00:00+00:00,31,5.1578,0.646,1.0,90,1542438.2441,-178684.0592,0.354,48,546023.6813,29795.540141,834601.4301,161813.1327,-672788.2974,90,1542438.2441,11,116309.81806025184,3666.578679469765,0.000192,-50.0548,-0.9973,0.555033,-0.4392,-4.4086,-0.136594,-0.01469,-0.044,0.1505,-0.245601,-0.135347,1.7606,0.957423,0.011661,0.026118
2025-07-26 00:00:00+00:00,24,1.6452,0.6661,1.0,56,330342.7691,-183676.814,0.3339,20,110298.2072,5365.529876,136859.6874,83184.8745,-53674.8129,56,330342.7691,12,117802.153275637,3741.672874639712,0.001955,-23.3509,-1.1154,0.445157,-0.3697,-0.9905,-0.052542,-0.010478,0.0275,0.3738,-0.113249,-0.049402,-0.6064,0.888548,-0.068875,-0.056552
2025-07-27 00:00:00+00:00,11,1.7225,0.2122,1.0,74,575991.3004,-176592.3652,0.7878,57,453744.5176,10554.92677,77344.8908,44901.8921,-32442.9987,74,575991.3004,6,118489.02503553404,3801.661442882913,-0.000618,-1.0848,-1.1167,0.257934,0.0266,-1.7592,-0.038208,0.0002,-0.0353,0.11,-0.139055,-0.034869,0.8903,0.910731,0.022183,-0.035031
2025-07-28 00:00:00+00:00,22,1.9115,0.339,1.0,100,1251395.4796,-177110.4933,0.661,72,827115.0629,9400.28981,278553.4522,145726.9646,-132826.4876,100,1251395.4796,6,118680.15688929016,3848.659038973316,-0.001152,43.1437,-0.8984,0.343597,0.5244,-1.3959,-0.07366,0.026604,0.0291,0.3395,-0.210651,-0.070993,1.0597,0.933008,0.022277,-0.024415
2025-07-29 00:00:00+00:00,20,1.7111,0.3666,1.0,91,795064.4429,-147003.5005,0.6334,65,503568.3399,5858.212204,183977.1414,107518.9616,-76458.1798,91,795064.4429,6,118178.14875604944,3799.317606514622,0.000264,163.2203,-0.0754,0.344787,0.8215,-0.0244,-0.050583,-0.031504,-0.2072,-1.2669,-0.140355,-0.047343,1.1168,0.921721,-0.011287,0.033173
2025-07-30 00:00:00+00:00,21,2.2922,0.3299,1.0,73,935745.4021,-159606.6387,0.6701,45,627088.2661,9067.673366,214902.5645,93754.5716,-121147.9929,73,935745.4021,7,117801.13706169985,3788.376309489463,-0.00037,117.4467,0.5128,0.304153,0.9636,1.1284,-0.06857,-0.0586,-0.3586,-3.7005,-0.222386,-0.066505,0.759,0.944455,0.022735,0.033724
2025-07-31 00:00:00+00:00,21,3.0844,0.5803,1.0,83,921582.9024,-194610.688,0.4197,55,386759.6891,18238.430802,403879.6299,130943.5834,-272936.0465,83,921582.9024,7,118012.37733117351,3814.5683882198114,-0.000559,20.4827,0.6022,0.419305,0.1981,1.7253,-0.139055,0.006282,0.0522,-3.1024,-0.331448,-0.136953,1.3002,0.931728,-0.012728,-0.00128
2025-08-01 00:00:00+00:00,23,1.2187,0.571,1.0,103,1187322.7217,-108044.4454,0.429,72,509380.2795,26754.101287,372383.5208,305558.9214,-66824.5993,103,1187322.7217,8,114877.79196749348,3619.021778449529,0.000682,-280.1072,-0.8472,0.440092,-2.0331,0.1314,-0.051597,0.056062,0.3915,-0.4385,-0.114018,-0.049494,1.9144,0.930334,-0.001393,0.008614
2025-08-02 00:00:00+00:00,20,2.3487,0.4698,1.0,69,416144.5769,-111625.4907,0.5302,42,220638.7916,5611.199846,137123.9577,58381.8277,-78742.13,69,416144.5769,7,113340.88934532084,3477.3509835127097,0.001907,-55.2725,-1.1322,0.374674,-0.4325,0.0685,-0.052887,-0.040432,0.0596,0.0013,-0.135729,-0.04976,0.5283,0.869188,-0.061147,-0.075268
2025-08-03 00:00:00+00:00,8,1.4199,0.2483,1.0,52,423909.7602,-109600.0203,0.7517,40,318656.5868,8247.842686,61758.9396,43494.2338,-18264.7058,52,423909.7602,4,113769.33902451256,3465.9162062423675,0.000323,-11.4563,-1.1884,0.249272,-0.1256,-0.0837,-0.035079,-0.000914,0.0025,0.0522,-0.133445,-0.032335,-1.6375,0.863568,-0.00562,-0.06816
2025-08-04 00:00:00+00:00,11,2.4895,0.2513,1.0,73,925957.494,-104816.9241,0.7487,57,693223.202,5366.728463,166039.5531,66694.7389,-99344.8143,73,925957.494,5,114713.22428267048,3601.269716430289,-0.001563,25.7892,-1.0511,0.271125,0.3468,-0.2613,-0.059894,0.022984,0.0591,0.4953,-0.217649,-0.05812,2.2297,0.930353,0.066784,1.8e-05
2025-08-05 00:00:00+00:00,15,1.9462,0.2959,1.0,73,1045431.9879,-108087.4194,0.7041,52,736083.9721,8848.192589,204349.8315,104998.1843,-99351.6472,73,1045431.9879,6,114073.05463497166,3630.426624505088,-0.000717,90.799,-0.5805,0.316864,0.362,-0.7208,-0.075232,0.004739,0.0482,0.85,-0.236407,-0.074006,1.1905,0.935111,0.004759,0.065924
2025-08-06 00:00:00+00:00,23,2.0274,0.4538,1.0,75,711055.41,-106426.085,0.5462,45,388346.1797,5269.909673,216113.941,106595.2893,-109518.6517,75,711055.41,7,114433.40336995476,3630.185279137013,-0.000931,-84.7717,-1.0356,0.411117,-0.4352,-2.1196,-0.066561,0.009278,-0.0323,0.6025,-0.159133,-0.064598,1.042,0.919046,-0.016065,0.055478
2025-08-07 00:00:00+00:00,27,2.0174,0.4268,1.0,110,846031.4655,-84828.172,0.5732,70,484951.6465,5582.266933,241415.2372,119664.5817,-121750.6555,110,846031.4655,13,115841.69677460914,3773.333428400277,0.00088,19.9403,-0.9095,0.440737,0.3448,-1.9728,-0.068079,0.000835,-0.1042,-0.1853,-0.149228,-0.064706,1.7344,0.91501,-0.004036,-0.015342
2025-08-08 00:00:00+00:00,34,2.2348,0.3627,1.0,140,1174541.1763,-98513.4395,0.6373,94,748525.0294,4834.738467,294318.8096,131697.3373,-162621.4723,140,1174541.1763,12,116729.83228715105,3951.3064311469097,-0.000293,33.6956,-0.7032,0.365106,0.0301,0.0904,-0.096002,0.01441,-0.029,-0.3857,-0.254741,-0.090558,1.8898,0.917794,0.002784,-0.017317
2025-08-09 00:00:00+00:00,42,1.7637,0.6442,1.0,128,731504.277,-105866.9156,0.3558,69,260276.7687,8476.794442,300721.9852,170505.523,-130216.4622,128,731504.277,17,116780.7839586848,4170.49853584532,0.000274,-24.7935,-0.8237,0.448695,-0.0235,0.4994,-0.074529,0.003931,0.0579,0.0855,-0.152731,-0.066349,1.2068,0.884048,-0.033746,-0.034998
2025-08-10 00:00:00+00:00,16,1.6313,0.3418,1.0,88,650545.8698,-110879.8307,0.6582,65,428167.9455,7084.96936,137866.5181,84511.4062,-53355.1119,88,650545.8698,7,118167.43414766714,4228.330354731214,-0.000362,-29.2106,-0.9769,0.365779,-0.2766,0.3484,-0.044177,-0.0269,-0.0464,-0.2665,-0.111473,-0.03994,1.876,0.914879,0.030831,-0.000131
2025-08-11 00:00:00+00:00,30,1.9482,0.3455,1.0,112,1335890.4803,-117891.7791,0.6545,74,874387.9724,7509.103815,304965.4805,156537.0275,-148428.453,112,1335890.4803,8,120351.07658695577,4271.691554134082,-5e-05,52.8616,-0.6532,0.365405,0.4566,0.4582,-0.061644,0.02906,-0.0287,-0.4892,-0.162833,-0.058494,1.9071,0.943896,0.029017,0.026101
2025-08-12 00:00:00+00:00,47,3.844,0.4618,1.0,140,1780781.0483,-172678.9588,0.5382,82,958349.5866,12701.958377,652646.6835,169784.7782,-482861.9053,140,1780781.0483,11,119143.64695973055,4376.886407331153,0.000789,93.1117,-0.102,0.444872,0.9258,1.022,-0.098817,0.009493,-0.0545,-0.9273,-0.214884,-0.093781,1.7899,0.935987,-0.007909,0.051938
2025-08-13 00:00:00+00:00,47,3.5819,0.3638,1.0,151,1587999.3894,-203545.4205,0.6362,96,1010210.3172,6209.357215,451686.4778,126102.5943,-325583.8835,151,1587999.3894,8,120701.340967142,4669.688803950862,-7.5e-05,61.1519,0.2635,0.407783,0.0506,1.5078,-0.10701,-0.006654,0.018,-0.7876,-0.253018,-0.100621,1.9213,0.930303,-0.005683,0.015425
2025-08-14 00:00:00+00:00,47,2.2643,0.4342,1.0,149,2052428.3983,-235461.3669,0.5658,90,1161271.6453,13296.117548,618159.5167,272997.2363,-345162.2804,149,2052428.3983,12,120656.43875807298,4664.42595076064,-0.001085,3.8116,0.2833,0.393992,-0.3764,0.7865,-0.075771,0.000158,0.0092,-0.7081,-0.18529,-0.071675,1.7753,0.945362,0.015059,0.001467
2025-08-15 00:00:00+00:00,41,5.9618,0.4203,1.0,120,1571179.5686,-279471.6793,0.5797,71,910758.1601,15706.346196,565557.5338,94863.8746,-470693.6592,120,1571179.5686,8,118280.0701237488,4551.495374984178,0.000373,-165.1312,-0.6913,0.407196,-0.8443,-0.0879,-0.115733,0.000241,-0.0758,-1.3738,-0.282129,-0.113577,1.2493,0.954503,0.009141,0.018516
2025-08-16 00:00:00+00:00,24,3.6219,0.6971,1.0,60,565513.454,-292818.9425,0.3029,25,171267.0708,25748.083545,308946.8438,85299.5393,-223647.3045,60,565513.454,11,117658.75035805209,4427.507180899115,0.001746,-78.1011,-1.1429,0.672316,-0.5505,-0.6149,-0.024805,-0.028142,0.044,-1.0241,-0.032282,-0.021475,-0.8288,0.913902,-0.040601,-0.016402
2025-08-17 00:00:00+00:00,20,1.7035,0.5292,1.0,58,247234.8949,-290060.4003,0.4708,28,116405.0024,2605.902485,82437.6044,48392.288,-34045.3164,58,247234.8949,10,117987.93561328696,4496.503017262606,-0.000212,-5.6635,-1.1601,0.377368,0.0245,-0.3137,-0.069475,-0.014812,0.0778,-0.3793,-0.177581,-0.06559,-0.806,0.879856,-0.034046,-0.065506
2025-08-18 00:00:00+00:00,19,1.9071,0.3841,1.0,96,1320816.2949,-291472.0075,0.6159,67,813454.8845,7955.461442,332835.5569,174525.8535,-158309.7033,96,1320816.2949,10,115939.56425527908,4335.98223358099,-0.000381,38.3954,-0.9241,0.448808,0.3926,-0.3778,-0.067614,0.020864,-0.0473,-0.7712,-0.148426,-0.066092,1.166,0.953152,0.073295,-0.001351
2025-08-19 00:00:00+00:00,41,6.1112,0.5307,1.0,105,908101.3339,-271979.6898,0.4693,58,426134.1369,10765.292677,414191.4391,67775.7579,-346415.6812,105,908101.3339,6,114708.77708088885,4233.106701244081,-0.00039,5.6829,-0.8731,0.392208,0.1192,-1.1844,-0.190349,0.006174,0.092,-0.0102,-0.48637,-0.188025,0.8692,0.926951,-0.026201,0.013049
2025-08-20 00:00:00+00:00,21,3.0295,0.4054,1.0,80,1142855.9812,-258803.1596,0.5946,54,679545.93,12244.629065,348329.1117,114980.9395,-233348.1723,80,1142855.9812,5,113685.01748731433,4224.152249584839,-0.000322,22.8572,-0.723,0.38109,-0.0054,-1.2403,-0.080258,-0.000572,-0.0382,-0.3175,-0.208372,-0.078561,1.0923,0.943275,0.016324,0.063419
2025-08-21 00:00:00+00:00,21,3.5233,0.316,1.0,74,865627.4618,-231291.4464,0.684,49,592108.7646,7797.879011,213049.4927,60469.2045,-152580.2882,74,865627.4618,4,113320.04973773022,4277.224248712047,0.000288,-37.9783,-0.9258,0.313483,-0.217,-1.0809,-0.072886,0.012721,0.0078,-0.242,-0.230368,-0.071278,0.7013,0.931888,-0.011386,-0.021263
2025-08-22 00:00:00+00:00,44,3.0217,0.5257,1.0,150,1591665.7201,-224143.9536,0.4743,92,754849.6303,15694.674902,628738.6495,208077.4403,-420661.2092,150,1591665.7201,14,114236.897243393,4466.442580424205,0.000889,240.2667,0.4582,0.48705,1.055,0.8185,-0.089692,-0.002339,-0.0016,-0.2447,-0.176328,-0.0841,1.47,0.91286,-0.019029,-0.014091
2025-08-23 00:00:00+00:00,19,2.7578,0.3067,1.0,102,1216346.3946,-217123.0309,0.6933,78,843306.5754,15837.833786,273770.3323,99269.4868,-174500.8455,102,1216346.3946,5,115508.3978192404,4742.189387086413,-0.00139,-242.0689,-0.9524,0.30029,-1.2184,0.1506,-0.079829,-0.008775,-0.0577,-0.712,-0.25942,-0.076293,0.6105,0.927614,0.014754,-0.015661
2025-08-24 00:00:00+00:00,24,1.2951,0.2468,1.0,120,1371229.7293,-218474.8618,0.7532,88,1032848.9976,13177.954213,190944.4321,147436.2996,-43508.1325,120,1371229.7293,8,114483.36912346318,4789.224199907053,0.001453,8.7636,-0.8934,0.271961,0.2063,0.3323,-0.001087,-0.017914,0.0798,-0.0194,0.011201,0.002962,1.2545,0.920479,-0.007135,-0.01141
2025-08-25 00:00:00+00:00,28,1.3013,0.2884,1.0,116,1590745.2733,-204439.8927,0.7116,76,1131968.4901,16033.311953,259420.8517,199355.9315,-60064.9202,116,1590745.2733,12,111890.01689361632,4608.990400431638,-6.7e-05,21.779,-0.7492,0.316094,0.1106,0.0503,-0.014779,0.0357,-0.0014,-0.018,-0.04054,-0.012553,1.0228,0.94048,0.020001,0.027621
2025-08-26 00:00:00+00:00,34,2.9464,0.5437,1.0,102,1397791.8493,-208498.6552,0.4563,59,637814.9132,15905.492509,567401.9771,192574.959,-374827.0181,102,1397791.8493,9,110245.27255099136,4472.71308572591,-0.001691,-1.0874,-0.7377,0.483358,0.1784,0.1095,-0.047978,0.00832,0.0113,0.0839,-0.097667,-0.046717,0.5671,0.944697,0.004216,0.017083
2025-08-27 00:00:00+00:00,33,2.0639,0.392,1.0,91,1478024.3616,-203906.9685,0.608,51,898574.5958,12791.855896,390328.0657,189121.7001,-201206.3656,91,1478024.3616,7,111520.21989199378,4595.703844626346,0.00123,38.7766,-0.4936,0.384326,0.2288,0.3437,-0.06982,0.001318,0.0314,0.3588,-0.179135,-0.06807,-0.2232,0.951369,0.006673,0.030891
2025-08-28 00:00:00+00:00,19,2.0067,0.2285,1.0,79,1005884.6975,-193103.6059,0.7715,56,776043.3227,25207.207054,153399.0625,76442.3122,-76956.7503,79,1005884.6975,4,112464.12934794692,4536.584613499023,-0.001646,-36.2444,-0.6913,0.277164,-0.3028,0.2579,-0.052538,-0.004278,-0.0086,0.2933,-0.18646,-0.050716,0.153,0.94113,-0.010239,0.00065
2025-08-29 00:00:00+00:00,14,1.731,0.2739,1.0,90,802154.973,-141411.4891,0.7261,69,582408.2307,7946.719102,139281.5668,80465.1755,-58816.3914,90,802154.973,7,109905.20782548332,4387.656554322307,0.001481,-10.4106,-0.7461,0.285989,-0.1996,-0.9968,-0.024288,0.006385,-0.0128,0.2023,-0.079302,-0.022193,0.7434,0.935071,-0.006059,-0.009625
2025-08-30 00:00:00+00:00,11,4.1542,0.3057,1.0,64,578123.7566,-131934.1018,0.6943,45,401382.8529,15815.555403,142450.0191,34290.8846,-108159.1345,64,578123.7566,8,108500.04613554476,4362.049912593546,0.001457,-51.0665,-1.0369,0.350899,-0.4343,-0.2126,-0.01359,-0.053697,-0.0152,0.0648,-0.03276,-0.011314,-0.6383,0.910253,-0.024818,-0.041116
2025-08-31 00:00:00+00:00,15,3.0843,0.2732,1.0,62,312422.8518,-131941.2796,0.7268,41,227068.187,2478.796163,64456.5211,20898.1437,-43558.3775,62,312422.8518,6,108842.44623889535,4460.9564282211,0.000288,0.6816,-1.0102,0.325329,-0.0065,-0.4254,-0.018222,0.048218,0.0284,0.3192,-0.04836,-0.015439,-0.3341,0.91244,0.002186,-0.028691
2025-09-01 00:00:00+00:00,16,1.6683,0.3084,1.0,80,1228385.5608,-136917.053,0.6916,58,849498.4613,28558.712724,236891.2165,141995.8831,-94895.3334,80,1228385.5608,6,108596.3179835392,4380.185571609702,-0.00181,1061.303,4.591,0.380896,1.3742,0.8382,0.010004,0.043948,-0.0557,-0.1709,0.03209,0.012048,-0.1208,0.946853,0.034414,0.011782
2025-09-02 00:00:00+00:00,25,0.9737,0.5234,1.0,79,1029319.7769,-82343.3537,0.4766,49,490583.0345,23400.840515,265773.9329,272962.8095,7188.8766,79,1029319.7769,5,110365.40001767346,4341.8481698088735,0.000143,-1028.8873,-0.7422,0.447915,-1.0556,-0.3957,0.011063,-0.027993,-0.1054,-1.0833,0.02884,0.01278,0.2153,0.943,-0.003854,0.032746
2025-09-03 00:00:00+00:00,20,1.1729,0.6409,1.0,84,1064368.7354,-61353.1291,0.3591,57,382168.6397,27353.083368,368237.4446,313962.6511,-54274.7935,84,1064368.7354,7,111529.00298383548,4389.190443953777,-7.8e-05,22.0993,-0.6102,0.48889,0.1687,-0.4558,-0.03335,-0.001031,0.0631,-0.5103,-0.064766,-0.031346,-0.1209,0.937882,-0.005118,0.025442
2025-09-04 00:00:00+00:00,20,1.6255,0.2858,1.0,75,1150626.3295,-61552.1871,0.7142,51,821739.2742,12599.217791,203618.6058,125268.4495,-78350.1563,75,1150626.3295,4,110689.34672480596,4370.514640735648,-0.000618,3.6626,-0.5801,0.312574,0.1517,-0.0013,-0.051123,-0.039417,0.0334,-0.208,-0.161646,-0.05002,0.452,0.956046,0.018164,0.009192
2025-09-05 00:00:00+00:00,17,1.5681,0.2348,1.0,85,1131714.6185,-61548.8006,0.7652,64,865950.3901,7783.010529,162278.4571,103485.7713,-58792.6859,85,1131714.6185,4,111541.8916492214,4344.529408732605,0.000571,-18.7043,-0.675,0.28441,-0.2667,-0.0683,-0.055409,0.01917,-0.0071,-0.292,-0.192859,-0.054105,0.3248,0.94508,-0.010965,0.002081
2025-09-06 00:00:00+00:00,15,1.548,0.4101,1.0,51,307159.2062,-49967.5554,0.5899,32,181207.0055,7111.16628,76521.3093,49430.8913,-27090.418,51,307159.2062,4,110633.66926390704,4296.159811711639,0.00114,-31.2813,-0.8353,0.336594,-0.3806,-0.0146,-0.034108,-0.023103,0.108,0.6667,-0.0941,-0.030913,-1.5076,0.883961,-0.061119,-0.05392
2025-09-07 00:00:00+00:00,17,8.4203,0.6262,1.0,42,176966.9259,-56213.8694,0.3738,21,66159.0832,4850.816719,99045.2091,11762.6336,-87282.5755,42,176966.9259,4,110941.09216104046,4295.30954754829,0.000272,-14.2065,-0.891,0.431314,-0.0639,-0.072,-0.107802,0.00149,-0.008,0.5829,-0.245521,-0.103365,-2.5162,0.855312,-0.02865,-0.100734
2025-09-08 00:00:00+00:00,12,2.911,0.4207,1.0,70,1250779.9412,-79390.7818,0.5793,53,724532.7134,21491.849588,391690.4741,134556.7537,-257133.7203,70,1250779.9412,5,111752.37090051672,4312.820447941672,-0.001586,58.114,-0.569,0.400388,0.6996,-0.7466,-0.076045,0.002227,-0.1334,-0.6337,-0.18828,-0.074692,0.0893,0.950149,0.094837,0.005069
2025-09-09 00:00:00+00:00,18,0.7461,0.385,1.0,72,884606.2709,-73343.7249,0.615,46,544029.7643,9220.531067,145529.1159,195047.3907,49518.2749,72,884606.2709,8,111925.89603083576,4318.00718111178,-0.000794,-4.0614,-0.5751,0.295917,-0.2608,0.0481,-0.008364,0.005774,-0.0016,-0.6535,-0.023025,-0.006735,0.7517,0.938714,-0.011435,0.054752
2025-09-10 00:00:00+00:00,18,1.9817,0.3726,1.0,82,768917.9038,-79063.9916,0.6274,59,482448.7022,6453.271526,190392.9309,96076.2707,-94316.6602,82,768917.9038,5,112674.47384315453,4338.986871695805,0.000794,12.9157,-0.4922,0.337216,0.1308,0.0102,-0.074674,0.017868,0.0696,-0.0299,-0.218675,-0.072868,0.5942,0.935751,-0.002963,0.080439
2025-09-11 00:00:00+00:00,18,1.7769,0.3871,1.0,80,783717.2959,-79996.612,0.6129,55,480326.7205,6716.954159,194134.5371,109256.0383,-84878.4988,80,783717.2959,7,114246.97675203346,4416.313187072233,-0.000696,-38.7832,-0.6851,0.375019,-0.2203,-0.3619,-0.053489,-0.009796,-0.1041,-0.9665,-0.138668,-0.051463,0.8159,0.936931,0.00118,-0.013219
2025-09-12 00:00:00+00:00,27,2.3486,0.3798,1.0,97,839498.9161,-89942.4231,0.6202,66,520652.7603,6745.063892,223629.7595,95216.3962,-128413.3633,97,839498.9161,4,115533.61340075976,4557.157897402331,-6.2e-05,15.6433,-0.6019,0.37824,0.1379,0.0427,-0.085484,-0.020538,0.0567,-0.4474,-0.221355,-0.082688,1.0814,0.927322,-0.009608,-0.011391
2025-09-13 00:00:00+00:00,24,1.4184,0.6184,1.0,75,270226.7861,-90201.8005,0.3816,41,103130.8913,4679.13821,98000.9774,69094.9174,-28906.06,75,270226.7861,10,115880.98591304588,4694.759508780508,0.000182,-32.7136,-0.7733,0.358521,-0.3952,0.028,-0.051064,0.006295,0.0467,-0.0105,-0.129522,-0.04529,0.6536,0.86674,-0.060582,-0.06901
2025-09-14 00:00:00+00:00,14,1.1289,0.5371,1.0,55,275673.8587,-79013.0987,0.4629,34,127615.8094,5379.04487,78509.856,69548.1933,-8961.6628,55,275673.8587,7,115791.32236379688,4642.054941796914,0.001343,-9.7743,-0.8127,0.342032,-0.0554,0.0365,0.018071,-0.011756,0.1516,1.3677,0.06565,0.022013,-1.116,0.875528,0.008788,-0.061402
2025-09-15 00:00:00+00:00,24,2.5864,0.3454,1.0,75,782229.016,-59352.1554,0.6546,47,512057.5073,4967.861864,194839.3129,75332.1957,-119507.1172,75,782229.016,4,115261.47877388918,4555.411269861846,-0.000955,184.9939,0.169,0.301047,0.8011,0.138,-0.066703,0.014539,-0.2506,-0.9224,-0.218187,-0.064979,0.7147,0.948123,0.072595,0.020801
2025-09-16 00:00:00+00:00,24,6.5654,0.4085,1.0,70,1136035.6614,-115201.4189,0.5915,43,671913.7546,17831.732948,402774.2385,61347.6683,-341426.5702,70,1136035.6614,3,115798.25361742628,4500.918121481996,-0.000795,-100.3826,-0.3623,0.387976,-0.0651,0.3338,-0.105498,0.052905,0.0193,-0.737,-0.270227,-0.104074,0.4878,0.95724,0.009116,0.090499
2025-09-17 00:00:00+00:00,14,1.5219,0.2492,1.0,79,879780.0514,-108210.2516,0.7508,59,660514.6434,7263.731573,132321.9485,86943.4596,-45378.4889,79,879780.0514,6,116362.27338312304,4510.206870522182,0.000862,-32.8775,-0.5303,0.265833,-0.2411,-0.0381,-0.044034,0.001287,0.0558,-0.2193,-0.160152,-0.04195,0.0286,0.94156,-0.01568,0.066031
2025-09-18 00:00:00+00:00,11,0.7068,0.3455,1.0,68,1013561.5774,-87490.3361,0.6545,49,663393.6511,9888.987827,145003.5082,205164.418,60160.9098,68,1013561.5774,8,117282.33990493814,4597.218533485809,-0.000996,199.1543,0.517,0.275358,0.6346,0.8168,0.018295,-0.06205,-0.1117,-1.2109,0.072067,0.019655,0.3035,0.962051,0.020491,0.013927
2025-09-19 00:00:00+00:00,37,5.0263,0.5838,1.0,68,1005837.2389,-125194.3121,0.4162,25,418609.0398,19581.297896,489784.6972,97443.5019,-392341.1953,68,1005837.2389,6,116399.73967256484,4520.950528439316,-8e-05,-198.7593,-0.5337,0.413805,-0.7555,-0.0765,-0.146738,0.03225,0.0705,-0.5574,-0.35374,-0.145375,-0.2045,0.953507,-0.008544,-0.003733
2025-09-20 00:00:00+00:00,11,1.0446,0.5408,1.0,43,205712.4092,-121411.1976,0.4592,27,94460.4855,5225.624965,56838.0913,54413.8324,-2424.2589,43,205712.4092,5,115804.83618578814,4478.523768912279,0.001022,-44.9162,-0.7555,0.361092,-0.343,-0.0244,-0.00516,0.020317,0.0376,-0.1886,-0.002857,-0.001011,-2.5904,0.877347,-0.076159,-0.064212
2025-09-21 00:00:00+00:00,7,1.7901,0.312,1.0,65,329401.478,-124288.6347,0.688,54,226626.3932,10216.217049,65939.4036,36835.6812,-29103.7224,65,329401.478,4,115623.20306772878,4477.867022093279,0.001243,-11.4796,-0.7991,0.311643,-0.0894,-0.0584,-0.015068,-0.028942,-0.0528,-0.6833,-0.037816,-0.011538,-2.4634,0.906356,0.029009,-0.055694
2025-09-22 00:00:00+00:00,28,1.9013,0.3076,1.0,109,1228587.2613,-123986.9328,0.6924,74,850698.4047,22635.191032,247642.0302,130246.8264,-117395.2038,109,1228587.2613,7,113208.6348297011,4220.37722256785,-0.001153,54.0475,-0.4922,0.308797,0.5512,-0.3083,-0.056198,0.036841,0.2413,1.6479,-0.182773,-0.055291,-0.2716,0.936187,0.029831,-0.017319
2025-09-23 00:00:00+00:00,14,1.1857,0.4037,1.0,72,573068.7695,-78019.4898,0.5963,53,341734.3779,5901.612615,125494.4304,105839.9612,-19654.4693,72,573068.7695,5,112560.8103360081,4184.227595733032,-0.00021,-23.3687,-0.6028,0.348903,-0.186,-0.4293,-0.026969,-0.046524,-0.1193,0.4785,-0.072551,-0.024997,0.1071,0.931087,-0.0051,0.05374
2025-09-24 00:00:00+00:00,23,4.4582,0.3706,1.0,76,940496.125,-103085.0219,0.6294,46,591941.1441,15399.706313,284696.0972,63858.8837,-220837.2135,76,940496.125,7,112925.17109123088,4171.61217184801,0.000616,-4.4362,-0.6155,0.281645,-0.0183,-0.2065,-0.117985,0.022105,0.0801,1.2288,-0.418072,-0.116357,-0.102,0.948296,0.017209,0.041939
2025-09-25 00:00:00+00:00,25,1.9525,0.2846,1.0,112,1271128.056,-128349.3566,0.7154,77,909417.2771,7051.112223,239200.1061,122510.6729,-116689.4332,112,1271128.056,10,111264.83226221507,3996.695101648369,-0.000331,181.1825,0.3821,0.287726,0.8492,0.0081,-0.048536,0.029385,0.2096,3.0445,-0.163684,-0.045945,-0.3291,0.929707,-0.018588,-0.00648
2025-09-26 00:00:00+00:00,22,2.2627,0.2363,1.0,100,1345223.408,-89876.0278,0.7637,72,1027329.4015,19192.025407,220460.9501,97433.0564,-123027.8936,100,1345223.408,6,109427.98645454604,3958.4130512212832,-0.001238,-150.3321,-0.4516,0.285528,-0.5558,0.2078,-0.048239,-0.023187,-0.1995,1.1952,-0.16533,-0.046625,0.1507,0.951439,0.021732,0.020352
2025-09-27 00:00:00+00:00,15,2.3951,0.6139,1.0,52,253640.5311,-98670.9509,0.3861,30,97918.661,6727.131769,109855.2954,45866.5747,-63988.7207,52,253640.5311,7,109484.16886859848,4013.678130648807,0.001037,-44.4527,-0.6963,0.372769,-0.4495,0.1014,-0.0663,-0.000596,0.0625,1.7193,-0.171978,-0.062713,-1.845,0.880089,-0.07135,-0.068206
2025-09-28 00:00:00+00:00,13,1.2156,0.3829,1.0,44,165405.2683,-95393.758,0.6171,27,102075.8442,3472.329518,34746.3981,28583.0261,-6163.372,44,165405.2683,4,109875.40867908797,4020.993068283539,0.00147,17.9158,-0.5856,0.217726,-0.0816,0.1093,-0.051037,8.7e-05,-0.1006,0.8304,-0.225232,-0.047317,-2.3173,0.881394,0.001305,-0.048313
2025-09-29 00:00:00+00:00,19,2.6864,0.3772,1.0,66,704081.5488,-95980.7306,0.6228,42,438475.416,7630.671053,193555.0723,72051.0605,-121504.0118,66,704081.5488,5,112828.4270800872,4146.470927642386,-0.001807,431.2324,1.7483,0.306732,1.1535,0.7116,-0.077826,0.008563,0.0431,1.2112,-0.249754,-0.075396,-0.5379,0.937798,0.056404,-0.013641
2025-09-30 00:00:00+00:00,39,9.1924,0.5937,1.0,80,980208.8903,-159994.9155,0.4063,37,398262.6176,16226.597843,524850.0181,57096.2546,-467753.7635,80,980208.8903,4,113780.83499883984,4166.380742726488,-0.000778,-380.9949,-0.3169,0.461781,-0.434,0.4635,-0.149316,0.021262,-0.0727,0.5529,-0.32205,-0.14763,-0.2122,0.952382,0.014584,0.072293
2025-10-01 00:00:00+00:00,24,1.7338,0.3189,1.0,89,1181162.0183,-142888.8281,0.6811,53,804530.1366,22925.85087,238863.2417,137768.64,-101094.6017,89,1181162.0183,12,116028.75300075112,4248.490415674933,0.001237,-12.8934,-0.384,0.321988,-0.0646,0.4173,-0.046678,0.009355,-0.1275,-0.5822,-0.140443,-0.044692,0.1538,0.950164,-0.002219,0.068769
2025-10-02 00:00:00+00:00,27,2.8914,0.4467,1.0,95,804119.1646,-151160.125,0.5533,62,444921.4932,4359.008705,266893.0913,92304.58,-174588.5114,95,804119.1646,6,119279.50075801018,4412.005547474172,-0.00055,9.7303,-0.3312,0.41064,-0.0395,-0.4715,-0.072688,-0.019812,0.2195,1.3429,-0.169846,-0.068679,0.9126,0.938193,-0.011971,0.000394
2025-10-03 00:00:00+00:00,23,2.5333,0.3375,1.0,81,705242.7496,-148341.271,0.6625,53,467213.209,6092.934293,170662.7282,67366.8124,-103295.9158,81,705242.7496,5,121019.69034071195,4495.258311805073,-0.000214,-23.0256,-0.4588,0.318507,-0.2083,-0.124,-0.06796,0.006115,-0.1601,-0.0788,-0.206257,-0.064472,-0.5545,0.93298,-0.005212,-0.019402
2025-10-04 00:00:00+00:00,12,3.3085,0.5874,1.0,49,470731.0743,-160364.7713,0.4126,32,194221.9254,15327.726819,212331.1858,64177.9631,-148153.2227,49,470731.0743,5,122144.45414614269,4485.671846446495,0.002826,-56.134,-0.7612,0.492529,-0.5084,-0.1829,-0.08604,-0.022911,-0.0438,-0.4564,-0.169056,-0.082174,-2.53,0.918659,-0.014321,-0.031504
2025-10-05 00:00:00+00:00,21,3.3136,0.4885,1.0,52,358315.9446,-172895.3077,0.5115,28,183287.1299,2845.674703,134452.9709,40575.8438,-93877.1271,52,358315.9446,3,123429.65544285056,4533.675140612335,-0.000956,0.3906,-0.7459,0.351781,0.0094,-0.092,-0.139624,0.006223,0.0987,0.4185,-0.392832,-0.13574,-1.6057,0.928117,0.009458,-0.010075
2025-10-06 00:00:00+00:00,30,2.6891,0.3793,1.0,92,878306.3529,-177327.9626,0.6207,55,545165.3966,4530.613106,242836.7761,90304.1802,-152532.5959,92,878306.3529,7,124424.45249306165,4602.295398778034,-0.000118,105.0422,-0.1762,0.348126,0.8552,-0.3902,-0.084391,-0.008797,-0.2083,-1.3999,-0.236953,-0.081253,0.0885,0.943026,0.014909,0.010045
2025-10-07 00:00:00+00:00,29,1.5155,0.5037,1.0,96,879886.2601,-123482.2201,0.4963,49,436667.015,5029.885473,267026.4056,176192.8395,-90833.5661,96,879886.2601,18,123418.04331671732,4623.289376189229,-0.001,-12.3809,-0.2317,0.322713,-0.1214,-0.0776,-0.037402,0.021551,0.1961,0.3249,-0.108377,-0.034406,-0.3099,0.940716,-0.00231,0.022057
2025-10-08 00:00:00+00:00,12,4.1136,0.4286,1.0,68,1310809.7217,-157911.4825,0.5714,49,748965.9043,19230.680717,451971.628,109872.1894,-342099.4386,68,1310809.7217,7,122482.0415495328,4482.760617549001,-0.000125,-64.5696,-0.5654,0.36071,-0.3734,-0.3865,-0.102,-0.001805,-0.0578,-0.177,-0.281126,-0.100747,-0.3197,0.968533,0.027817,0.040416
2025-10-09 00:00:00+00:00,23,1.8997,0.3492,1.0,88,783694.1112,-145100.5935,0.6508,59,510027.9953,4907.880958,179289.2023,94376.9137,-84912.2886,88,783694.1112,6,121866.44688051604,4387.83086986094,0.000105,23.2677,-0.4189,0.316983,0.224,-0.123,-0.063595,-0.010291,0.1192,0.8615,-0.195954,-0.061178,-0.2331,0.932359,-0.036174,-0.010667
2025-10-10 00:00:00+00:00,34,1.72,0.4344,1.0,125,846525.7486,-144251.6098,0.5656,82,478759.1538,4554.019028,232559.8123,135206.7825,-97353.0298,125,846525.7486,9,119737.14393609244,4234.334998899046,0.003391,2477.365,7.695,0.354782,0.5352,0.6205,-0.045732,0.005389,0.0527,1.2925,-0.124911,-0.043095,-0.0909,0.903207,-0.029151,-0.037509
2025-10-11 00:00:00+00:00,37,1.7481,0.4004,1.0,123,1185566.2337,-141547.1972,0.5996,73,710857.333,6848.569048,301965.6173,172743.2833,-129222.334,123,1185566.2337,13,111990.71281548154,3804.054700002993,-0.006622,-2211.888,0.5236,0.368295,0.3111,1.44,-0.04599,0.021411,0.1037,2.1692,-0.125574,-0.045099,0.0874,0.927091,0.023883,-0.041442
2025-10-12 00:00:00+00:00,27,2.1359,0.577,1.0,83,433415.6451,-141075.9466,0.423,48,183356.3959,4829.614456,170318.8111,79740.4381,-90578.373,83,433415.6451,8,112380.54889336725,3914.145090373555,0.003812,-257.3589,-0.296,0.424046,-0.9407,0.4899,-0.043421,-0.045114,-0.1661,0.7541,-0.096958,-0.040321,-0.5407,0.90777,-0.019321,-0.024589
2025-10-13 00:00:00+00:00,34,5.7458,0.6514,1.0,89,1096677.1366,-191085.8305,0.3486,46,382264.2765,20369.660185,608507.3217,105905.5384,-502601.7832,89,1096677.1366,9,115107.76605224126,4174.709943208661,-0.000454,-9.9542,-0.3196,0.532307,0.1061,-0.2592,-0.180415,0.020829,-0.0019,0.7449,-0.337991,-0.178005,-0.3207,0.934095,0.026325,0.030888
2025-10-14 00:00:00+00:00,33,4.5068,0.3436,1.0,102,1297602.8351,-218665.8432,0.6564,65,851798.7539,8921.5635,364848.8682,80955.213,-283893.6552,102,1297602.8351,4,112669.95347677992,4078.1405530411776,0.000329,16.8776,-0.2477,0.276951,0.1575,0.0197,-0.080957,0.001531,0.0138,0.8573,-0.290066,-0.078903,-0.2911,0.94648,0.012384,0.019389
2025-10-15 00:00:00+00:00,29,3.707,0.5796,1.0,83,927635.8614,-213963.8244,0.4204,46,390017.0464,13992.914274,423402.0611,114216.7539,-309185.3072,83,927635.8614,8,111939.73012025324,4065.8327264951818,0.000218,-12.3849,-0.2674,0.435225,-0.0928,0.3004,-0.080821,-0.009877,-0.2342,-1.1652,-0.184115,-0.07932,-0.1353,0.940753,-0.005727,0.032983
2025-10-16 00:00:00+00:00,21,1.8447,0.3707,1.0,86,689191.3375,-212671.0111,0.6293,57,433716.4572,5007.074108,165668.7376,89806.1426,-75862.595,86,689191.3375,8,110224.35534894034,3978.1193292375096,-0.000976,17.1795,-0.1934,0.328343,-0.1464,-0.0699,-0.042991,-0.006756,0.1079,-0.2435,-0.126472,-0.040824,-0.3598,0.93179,-0.008963,-0.002305
2025-10-17 00:00:00+00:00,24,1.8838,0.3702,1.0,99,786486.6672,-211512.9045,0.6298,68,495290.9776,4559.198296,190220.9867,100974.7029,-89246.2838,99,786486.6672,7,106865.05911051316,3830.801584931696,0.00028,116.4472,0.2045,0.322342,0.9485,0.3434,-0.055977,0.002573,0.0517,0.1963,-0.169016,-0.053318,-0.6975,0.922073,-0.009717,-0.024406
2025-10-18 00:00:00+00:00,11,2.6773,0.4705,1.0,38,218309.2875,-199744.93,0.5295,23,115602.9528,4498.382238,74776.4235,27929.9112,-46846.5123,38,218309.2875,4,106923.13628488447,3874.105169232519,0.001682,-185.819,-0.4281,0.359292,-1.4553,-1.423,-0.043971,-0.015673,-0.1647,-1.2168,-0.114348,-0.04012,-2.9573,0.8791,-0.042974,-0.061653
2025-10-19 00:00:00+00:00,10,1.4929,0.3857,1.0,49,304489.3456,-190123.0058,0.6143,33,187033.3964,4492.351952,70340.4264,47115.5229,-23224.9035,49,304489.3456,6,107821.60678846342,3936.398257803181,0.000438,-2.3079,-0.4269,0.332837,-0.0234,-0.5057,-0.032022,-0.011939,0.2176,0.664,-0.089538,-0.029229,-1.9631,0.904519,0.02542,-0.027271
2025-10-20 00:00:00+00:00,18,3.4826,0.347,1.0,71,806305.9306,-140461.2777,0.653,48,526491.9066,6278.238226,217391.8552,62422.1687,-154969.6865,71,806305.9306,5,110456.66494256856,4008.812308342351,-0.000638,6.0789,-0.4001,0.31675,0.0636,-0.5482,-0.09306,0.010603,0.0286,0.9062,-0.291612,-0.091294,-0.8473,0.948102,0.043582,0.026028
2025-10-21 00:00:00+00:00,18,1.8079,0.3523,1.0,81,699811.8288,-110038.8647,0.6477,57,453262.7519,5026.384682,158742.9206,87806.1564,-70936.7642,81,699811.8288,6,109849.4155840492,3938.277221486076,-0.000255,27.2931,-0.3024,0.343769,0.1683,-0.5374,-0.059066,-0.000225,-0.1352,-0.2482,-0.167315,-0.05674,-0.1139,0.935162,-0.012939,0.056063
2025-10-22 00:00:00+00:00,20,1.7527,0.4555,1.0,84,531985.754,-75336.2792,0.5445,57,289650.4967,4141.457927,154301.2331,88034.0242,-66267.2089,84,531985.754,7,108078.0906660346,3835.107711347069,-0.000397,-21.6779,-0.3734,0.298921,-0.0691,-0.5137,-0.056799,0.00634,0.0841,0.4873,-0.1875,-0.054926,-0.3711,0.922196,-0.012967,0.017676
2025-10-23 00:00:00+00:00,20,3.0889,0.4407,1.0,68,781248.6744,-89628.2908,0.5593,42,436923.2115,15637.307946,260116.0696,84209.3932,-175906.6764,68,781248.6744,6,109388.9227906197,3858.888281543116,0.000457,-5.8841,-0.3919,0.319639,-0.1143,-0.4817,-0.098108,0.038497,-0.0571,-0.0025,-0.305262,-0.096437,-0.7588,0.943156,0.02096,-0.004946
2025-10-24 00:00:00+00:00,20,3.0288,0.2643,1.0,70,915457.3841,-94283.0371,0.7357,46,673526.8604,19438.447035,181880.0157,60050.5081,-121829.5076,70,915457.3841,4,110800.13637317244,3924.750038115597,-0.000137,7.8926,-0.3645,0.260363,0.07,-1.3602,-0.060011,-0.021764,0.196,1.6736,-0.226927,-0.058211,-0.9363,0.943613,0.000457,0.00845
2025-10-25 00:00:00+00:00,7,2.88,0.3461,1.0,35,202345.1767,-92438.0332,0.6539,27,132315.5155,3928.194263,51980.5731,18049.0881,-33931.4849,35,202345.1767,1,111419.8836323262,3939.025474946277,0.001688,-20.0998,-0.4322,0.258646,-0.1979,-0.1028,-0.066638,-0.001297,0.0057,1.6834,-0.25107,-0.06303,-3.0612,0.881106,-0.062507,-0.04109
2025-10-26 00:00:00+00:00,19,3.8473,0.6812,1.0,63,584499.6645,-122533.6029,0.3188,32,186316.8392,15090.093681,316038.3585,82144.4669,-233893.8916,63,584499.6645,12,112700.84747212572,4014.088281151842,-0.000607,4.0848,-0.4153,0.434034,0.0414,-0.038,-0.215772,-0.013537,-0.0483,1.2596,-0.496236,-0.212673,-1.4064,0.931269,0.050164,-0.011887
2025-10-27 00:00:00+00:00,20,1.9136,0.3839,1.0,96,719729.923,-112772.0274,0.6161,67,443423.8372,5834.958254,181472.372,94833.7138,-86638.6582,96,719729.923,9,115099.14330297634,4181.177735336861,-0.002304,83.6858,-0.1229,0.288154,0.4371,0.3355,-0.063241,0.024643,-0.0498,0.8213,-0.211663,-0.059495,-0.3171,0.917888,-0.013382,-0.025725
2025-10-28 00:00:00+00:00,20,3.7549,0.558,1.0,71,894829.3092,-143962.4541,0.442,40,395553.6424,15731.840276,394272.7089,105002.9579,-289269.7509,71,894829.3092,11,114269.49604361718,4096.773418119202,0.000309,-67.8456,-0.344,0.423878,-0.2642,-0.097,-0.114835,-0.008247,-0.1028,-0.1012,-0.269185,-0.113171,0.1998,0.948556,0.030668,0.06745
2025-10-29 00:00:00+00:00,25,2.0098,0.3993,1.0,78,781525.7687,-149451.5396,0.6007,47,469493.3806,9009.492133,208361.5978,103670.7903,-104690.8075,78,781525.7687,6,112395.125269261,3986.704308507928,0.000262,21.1719,-0.2596,0.287203,0.1858,0.1579,-0.044816,0.008877,0.1233,1.1035,-0.153512,-0.043508,-0.3611,0.946993,-0.001563,0.015724
2025-10-30 00:00:00+00:00,28,2.4403,0.2677,1.0,130,942579.8188,-139414.6477,0.7323,96,690225.0311,5336.342008,179001.6104,73353.1773,-105648.4331,130,942579.8188,6,109137.7463197962,3846.653211943089,-0.001266,28.4813,-0.1603,0.237135,0.2922,0.5644,-0.069015,0.007128,0.0395,1.4748,-0.291141,-0.06658,2.0015,0.91638,-0.030613,-0.001508
2025-10-31 00:00:00+00:00,42,4.04,0.3293,1.0,137,953240.6886,-149060.0772,0.6707,88,639323.7717,5531.34268,251632.2155,62284.7014,-189347.5142,137,953240.6886,7,109622.15666626747,3845.657434265769,0.000934,-48.1795,-0.3261,0.263623,-0.4857,0.0086,-0.099512,-0.045047,-0.2052,-0.6225,-0.375212,-0.096345,2.6766,0.916867,0.000487,-0.031689
2025-11-01 00:00:00+00:00,16,7.6764,0.5962,1.0,51,623744.26,-185094.8176,0.4038,30,251842.1393,16685.823874,329038.3942,42863.7266,-286174.6675,51,623744.26,5,110032.04089972966,3867.407762206307,0.002431,-22.3544,-0.4021,0.452119,-0.2225,-0.016,-0.199972,0.003863,0.0136,-0.4763,-0.441529,-0.197944,-1.6936,0.946554,0.029686,-0.000439
2025-11-02 00:00:00+00:00,5,1.1363,0.1626,1.0,70,235010.4779,-152029.6174,0.8374,64,196794.21,2713.830632,20326.879,17889.3889,-2437.49,70,235010.4779,1,110307.0601195314,3872.751186498839,-0.000263,5.4287,-0.3814,0.120107,0.0819,0.0246,-0.044,-0.045925,0.2457,1.9815,-0.355813,-0.040536,-0.454,0.873983,-0.07257,-0.042397
2025-11-03 00:00:00+00:00,28,1.4155,0.461,1.0,102,854374.5761,-149331.2329,0.539,64,460532.9884,6282.118608,230795.7774,163045.8103,-67749.9671,102,854374.5761,10,107700.37532576102,3706.545230236344,-0.002058,157.4696,0.1611,0.332288,0.8975,0.485,-0.056691,0.068288,-0.0553,1.4182,-0.165321,-0.053795,-0.8485,0.925726,0.051742,0.008858
2025-11-04 00:00:00+00:00,37,0.9381,0.4948,1.0,150,1630149.3828,-104328.4472,0.5052,92,823556.2428,9070.413464,390421.6954,416171.4446,25749.7492,150,1630149.3828,21,103867.9117696047,3468.7981262602075,7.2e-05,258.78,1.0337,0.37546,1.0533,1.8024,-0.013533,0.019239,-0.0236,1.173,-0.025205,-0.009155,-0.4779,0.907186,-0.018539,-0.039367
2025-11-05 00:00:00+00:00,23,2.7348,0.3442,1.0,115,1386202.2122,-121037.2403,0.6558,84,909009.5931,11830.782521,349422.4891,127770.13,-221652.3591,115,1386202.2122,8,102548.85364062486,3355.7656536240447,-0.002194,-327.0764,-0.0886,0.351852,-1.1529,0.4638,-0.060731,-0.005027,-0.1147,0.0294,-0.169323,-0.058334,-0.7835,0.929859,0.022672,0.055876
2025-11-06 00:00:00+00:00,12,1.631,0.2571,1.0,85,1022308.3655,-114950.7863,0.7429,67,759431.8754,8121.235908,162959.8729,99916.6172,-63043.2557,85,1022308.3655,6,102628.08295183675,3367.375317084321,-3.6e-05,242.2897,0.7316,0.285742,0.3121,0.4837,-0.058824,0.015218,0.104,1.0414,-0.202173,-0.05684,-0.1737,0.944385,0.014526,0.01866
2025-11-07 00:00:00+00:00,26,2.7076,0.3841,1.0,85,669298.5056,-104813.6588,0.6159,53,412253.4809,5883.56376,187716.323,69328.7017,-118387.6213,85,669298.5056,6,101663.7446094232,3339.504497951036,0.00058,-166.4863,0.1591,0.286662,0.2809,1.2504,-0.062977,-0.003957,-0.0426,0.6116,-0.213937,-0.060059,-0.7907,0.936373,-0.008012,0.029187
2025-11-08 00:00:00+00:00,15,1.2185,0.5878,1.0,48,179602.6119,-65416.7714,0.4122,28,74029.4783,3844.518512,57984.7947,47588.3389,-10396.4559,48,179602.6119,5,102269.21586450643,3419.91449452623,0.001475,-161.1172,-0.3897,0.377547,-1.3944,0.0785,-0.050323,-0.049475,-0.2041,-1.3799,-0.124718,-0.046045,-1.7041,0.88246,-0.053913,-0.047399
2025-11-09 00:00:00+00:00,21,1.6502,0.7335,1.0,53,247141.0896,-71422.0363,0.2665,23,65861.0047,4403.042555,112877.2147,68402.8702,-44474.3445,53,247141.0896,9,102767.18911539076,3459.0125375753905,0.000956,-7.3796,-0.4104,0.417253,-0.08,-0.0834,-0.013971,-0.01088,0.0607,-0.7851,-0.025238,-0.010359,-1.4206,0.896353,0.013893,-0.048033
2025-11-10 00:00:00+00:00,15,1.5338,0.4024,1.0,66,695101.1406,-70160.9506,0.5976,44,415406.9526,6570.620217,169308.2776,110385.9104,-58922.3671,66,695101.1406,7,105832.86236966756,3585.690547110349,-0.001937,44.4449,-0.2527,0.353662,0.3655,-0.6154,-0.036519,0.020925,0.0482,-0.3268,-0.09832,-0.034346,-0.0674,0.940399,0.044047,0.004026
2025-11-11 00:00:00+00:00,13,0.6836,0.4782,1.0,70,726000.5526,-64520.1222,0.5218,47,378827.913,11184.840888,140968.5457,206204.0939,65235.5483,70,726000.5526,10,104635.59282512116,3529.39482776489,0.000142,-15.5687,-0.2973,0.392676,-0.0992,-1.7678,0.049318,0.015927,0.0928,0.572,0.13267,0.051505,-0.5476,0.937851,-0.002548,0.055391
2025-11-12 00:00:00+00:00,19,1.4387,0.3992,1.0,74,832818.3537,-41399.7159,0.6008,48,500355.0625,8862.387315,196136.4029,136326.8883,-59809.5146,74,832818.3537,7,103119.53770304784,3454.8006521103084,0.000331,-2.2528,-0.2961,0.359762,-0.0546,-0.6696,-0.052826,-0.00528,0.0191,0.7432,-0.143351,-0.051035,-0.4266,0.944363,0.006512,0.04801
2025-11-13 00:00:00+00:00,22,4.7875,0.4107,1.0,92,1043562.9972,-72461.8585,0.5893,65,614975.6152,15243.369017,354532.8182,74054.5638,-280478.2544,92,1043562.9972,5,101555.63542732276,3397.7616402510826,0.000592,52.6753,-0.1151,0.290043,0.4937,-0.488,-0.128126,-0.000221,0.022,0.944,-0.443693,-0.126674,-0.3682,0.947135,0.002771,0.006735
2025-11-14 00:00:00+00:00,33,3.1389,0.4462,1.0,109,1360367.5375,-100365.2702,0.5538,66,753318.8747,10552.658319,460380.083,146668.5798,-313711.5031,109,1360367.5375,10,96820.76966753392,3184.0579340413674,-0.000984,6.2696,-0.0961,0.374185,0.0052,-0.7638,-0.079439,-0.006217,-0.029,0.635,-0.208361,-0.076851,0.101,0.941535,-0.0056,0.003684
2025-11-15 00:00:00+00:00,14,4.2386,0.4463,1.0,55,346549.1392,-112539.521,0.5537,37,191885.8496,7998.094709,125139.7507,29523.5389,-95616.2118,55,346549.1392,4,95792.69133761432,3168.772535417267,0.002053,-88.3154,-0.3974,0.330371,-0.7287,-0.0981,-0.103453,-0.003102,-0.1078,-0.4623,-0.309665,-0.100409,-1.2019,0.89889,-0.042645,-0.045473
2025-11-16 00:00:00+00:00,14,1.5718,0.3154,1.0,62,494454.9361,-111139.2501,0.6846,42,338503.6134,11578.966716,95311.8852,60639.4376,-34672.4476,62,494454.9361,6,95206.6742943817,3153.0555686734547,0.000501,11.1724,-0.3572,0.295582,0.0852,0.0672,-0.047237,0.001045,0.2898,2.3813,-0.150461,-0.043488,-0.9548,0.915423,0.016534,-0.031711
2025-11-17 00:00:00+00:00,25,2.0474,0.335,1.0,106,933009.7648,-118068.7957,0.665,74,620451.3021,9051.715387,209993.8247,102564.6379,-107429.1868,106,933009.7648,7,94247.92965842148,3124.144131203502,-0.001747,53.3894,-0.1746,0.323543,0.5317,0.2333,-0.075972,0.021986,-0.0788,1.5587,-0.227842,-0.071975,-0.3176,0.91964,0.004217,-0.021895
2025-11-18 00:00:00+00:00,27,2.5322,0.3444,1.0,100,1376502.5283,-156763.2124,0.6556,67,902467.6007,9468.826407,339830.1482,134204.7794,-205625.3688,100,1376502.5283,6,91684.98430457075,3063.535553886188,-0.000899,-19.334,-0.2391,0.356891,-0.1404,0.1921,-0.089393,-0.003887,-0.0473,1.0725,-0.246305,-0.086425,-0.2475,0.940496,0.020856,0.041606
2025-11-19 00:00:00+00:00,31,2.7293,0.4198,1.0,96,1024541.7261,-176712.9478,0.5802,59,594402.4828,9551.309232,314798.4529,115340.7905,-199457.6624,96,1024541.7261,6,90963.00201521542,3031.100409876064,0.000396,26.264,-0.1502,0.356179,0.0705,0.3172,-0.093799,-0.00864,-0.0198,0.8622,-0.259813,-0.090934,-0.4279,0.925634,-0.014862,0.010211
2025-11-20 00:00:00+00:00,35,2.617,0.5911,1.0,91,937040.612,-172015.3515,0.4089,48,383199.3428,9239.495819,400718.1745,153123.0947,-247595.0798,91,937040.612,8,90453.80957945234,2969.3699810791454,-0.000315,47.6238,0.0192,0.46423,0.2868,0.1102,-0.088022,-0.016861,0.0439,1.2583,-0.185695,-0.085018,0.1372,0.92543,-0.000204,0.00579
2025-11-21 00:00:00+00:00,24,1.6011,0.3195,1.0,122,1507861.6685,-143103.3401,0.6805,86,1026106.8451,6716.868216,296541.1236,185213.6999,-111327.4237,122,1507861.6685,12,84618.58608785736,2761.911872504505,0.000504,62.7917,0.2292,0.307066,0.5072,0.6123,-0.029807,0.039744,0.1064,2.1998,-0.094191,-0.028084,-0.8516,0.917732,-0.007698,-0.022764
2025-11-22 00:00:00+00:00,19,1.8601,0.3712,1.0,51,469425.7731,-136929.6814,0.6288,28,295177.4142,14081.284079,113324.4798,60923.8791,-52400.6007,51,469425.7731,4,84378.82727720604,2745.62979473441,0.001048,-178.9352,-0.3816,0.368399,-1.3105,0.0305,-0.041093,-0.031736,-0.1395,0.8655,-0.107048,-0.038959,-1.1877,0.924298,0.006566,-0.001336
2025-11-23 00:00:00+00:00,0,,0.0,1.0,52,2906258.4634,-131976.4746,1.0,52,2906258.4634,6817.014896,0.0,0.0,0.0,52,2906258.4634,0,86472.87087326591,2814.7634063096343,0.002062,-1.8946,-0.3848,0.06288,-0.0275,-0.0823,-0.01379,0.013691,0.0102,0.9425,-0.21511,-0.01328,-1.2982,0.984278,0.05998,0.058848
2025-11-24 00:00:00+00:00,28,3.7098,0.4314,1.0,81,924134.591,-149400.1245,0.5686,48,525430.6929,7363.80423,314049.3172,84654.5809,-229394.7363,81,924134.591,5,87167.94818519083,2857.3158908772043,-0.002149,25.0213,-0.2972,0.405876,0.3288,-0.2852,-0.103478,0.0034,0.0098,1.0133,-0.253319,-0.101586,-0.5414,0.938405,-0.045873,0.020673
2025-11-25 00:00:00+00:00,17,1.0828,0.4099,1.0,86,771832.1101,-121822.941,0.5901,61,455422.2917,8668.842665,164497.4511,151912.3672,-12585.0839,86,771832.1101,8,87439.99720795044,2919.088482780641,0.000303,-3.551,-0.3056,0.352635,-0.1363,-0.281,0.006852,0.006582,-0.0589,0.4575,0.024854,0.008655,-0.0656,0.934067,-0.004337,0.009769
2025-11-26 00:00:00+00:00,18,1.2455,0.4006,1.0,81,687856.5259,-97632.9727,0.5994,58,412276.1699,9435.086767,152854.1203,122726.2356,-30127.8847,81,687856.5259,5,87980.28465797637,2956.3001742168804,0.001317,-18.5919,-0.366,0.317656,-0.1993,-0.5508,-0.038488,-0.016277,-0.0593,-0.0952,-0.116004,-0.036328,0.4223,0.925258,-0.008809,-0.05902
2025-11-27 00:00:00+00:00,18,1.5735,0.4218,1.0,69,407808.1883,-67738.2568,0.5782,46,235795.3782,5486.14853,105172.4391,66840.371,-38332.068,69,407808.1883,5,91218.80595634515,3025.117561467081,0.000432,-4.9523,-0.38,0.309715,-0.0491,-0.8866,-0.011574,-0.044375,-0.5108,-4.2764,-0.030964,-0.009428,0.7055,0.911294,-0.013964,-0.02711
2025-11-28 00:00:00+00:00,17,1.8066,0.3467,1.0,64,697839.6801,-61767.3566,0.6533,42,455909.3074,15867.818833,155730.7476,86199.6251,-69531.1225,64,697839.6801,5,91353.55025725922,3035.4015833520243,0.000478,4.774,-0.3631,0.323299,0.058,-1.3358,-0.043373,0.040967,0.4849,-0.2559,-0.129326,-0.041299,0.3386,0.940993,0.029699,0.006926
2025-11-29 00:00:00+00:00,14,3.8305,0.427,1.0,44,318471.0404,-65665.7925,0.573,26,182472.8556,5776.654745,107843.9186,28154.2662,-79689.6524,44,318471.0404,4,90756.23339317266,3008.023449398123,0.002102,-7.4816,-0.3877,0.370502,-0.0766,-0.1019,-0.068011,-0.013381,0.1939,1.3232,-0.178388,-0.064954,-1.7873,0.907208,-0.033785,-0.01805
2025-11-30 00:00:00+00:00,7,0.8375,0.4253,1.0,35,170567.573,-64749.0713,0.5747,24,98023.6536,7472.891967,33063.4352,39480.4842,6417.049,35,170567.573,4,91201.90380027908,3016.2696393536694,0.000351,-0.4082,-0.3716,0.29881,-0.0003,-0.0747,0.019925,-0.020708,-0.4033,-1.9346,0.087216,0.025186,-2.5099,0.866091,-0.041117,-0.045203
2025-12-01 00:00:00+00:00,26,1.0135,0.4102,1.0,106,1111893.2514,-32414.6032,0.5898,69,655758.2523,11363.564577,229594.2294,226540.7698,-3053.4596,106,1111893.2514,11,86214.04133157151,2814.249262100317,-0.004267,32.0336,-0.2539,0.360153,0.2199,-0.1836,-0.004074,0.052224,0.3408,0.7915,-0.006535,-0.002322,1.0331,0.937957,0.071866,-0.003037
2025-12-02 00:00:00+00:00,16,3.6969,0.3022,1.0,97,807949.5805,-50643.9581,0.6978,77,563796.3012,7072.228962,192171.9238,51981.3555,-140190.5683,97,807949.5805,4,88545.99339451523,2878.553233551704,0.00112,-17.1071,-0.3135,0.286989,-0.1164,-0.1637,-0.080795,-0.0152,-0.1184,-0.178,-0.279429,-0.078772,1.0052,0.932212,-0.005745,0.025004
2025-12-03 00:00:00+00:00,19,2.2373,0.3874,1.0,80,886227.1217,-65083.6815,0.6126,54,542932.9875,7668.061807,237250.0414,106044.0927,-131205.9487,80,886227.1217,7,92860.2681178173,3078.234943829877,-0.000262,-15.006,-0.3646,0.344452,-0.086,-0.0504,-0.063668,-0.010689,-0.055,-0.6265,-0.180829,-0.061562,1.1019,0.945113,0.012901,0.079022
2025-12-04 00:00:00+00:00,20,3.2721,0.3748,1.0,91,621047.6924,-77293.3174,0.6252,66,388272.546,5245.81395,178287.333,54487.8134,-123799.5196,91,621047.6924,5,92872.43390663818,3177.1969787525845,0.000708,-0.3839,-0.3632,0.335,-0.0016,-0.0029,-0.099856,0.014703,0.0001,-0.6275,-0.293782,-0.096958,0.169,0.931953,-0.01316,-0.006003
2025-12-05 00:00:00+00:00,23,5.7545,0.426,1.0,78,785349.7646,-101005.9959,0.574,51,450757.7077,15720.069301,285055.9643,49536.0927,-235519.8716,78,785349.7646,4,90970.59275936492,3109.295642464306,0.000208,0.5295,-0.3599,0.34839,-0.0026,-0.0635,-0.145186,-0.018922,0.2743,1.5722,-0.416194,-0.143513,0.2632,0.94154,0.009587,0.009328
2025-12-06 00:00:00+00:00,8,1.1562,0.4131,1.0,48,186988.9391,-90420.9773,0.5869,37,109744.8795,3686.71004,41419.2908,35824.7687,-5594.5221,48,186988.9391,3,89568.98499409623,3036.5301273200766,0.001296,-2.9974,-0.3699,0.283911,-0.0342,-0.0211,0.018503,-0.00248,-0.0397,1.2295,0.077715,0.021501,-1.8787,0.87442,-0.06712,-0.070693
2025-12-07 00:00:00+00:00,15,2.4836,0.5536,1.0,41,180549.7657,-97418.8924,0.4464,23,80597.6111,3266.663859,71260.2559,28691.8987,-42568.3573,41,180549.7657,3,89716.13749498,3053.092787339445,0.001612,60.2875,-0.1502,0.407475,0.4427,0.422,-0.074317,0.002439,-0.0234,1.0199,-0.176399,-0.070657,-1.9151,0.900238,0.025818,-0.031715
2025-12-08 00:00:00+00:00,16,0.9876,0.4016,1.0,68,496053.9745,-96804.4305,0.5984,40,296847.7062,8756.15194,98979.2472,100227.0212,1247.774,68,496053.9745,12,91050.74099864114,3122.3551922762285,0.000322,3.8384,-0.1358,0.308647,-0.0422,0.1598,0.001035,0.030115,-0.1056,0.1655,0.013417,0.004061,-1.0827,0.925288,0.02505,-0.016252
2025-12-09 00:00:00+00:00,30,1.535,0.4416,1.0,100,584303.9319,-84556.0575,0.5584,63,326303.7993,4876.031893,156226.0448,101774.0878,-54451.957,100,584303.9319,7,91349.8541429422,3189.2757579705776,-0.000474,-10.618,-0.173,0.339882,-0.0778,0.1984,-0.024504,0.008487,-0.0416,-0.1724,-0.061487,-0.020304,-0.4355,0.900815,-0.024473,0.026395
2025-12-10 00:00:00+00:00,22,3.4586,0.3426,1.0,87,752777.6227,-86130.2112,0.6574,61,494854.9125,5886.022044,200073.8675,57848.8427,-142225.0249,87,752777.6227,4,92403.62497729444,3333.2962523632555,-0.000923,-21.8048,-0.2515,0.320309,-0.1277,0.1567,-0.080482,-0.028515,0.097,0.5898,-0.248158,-0.078125,0.019,0.937724,0.036909,0.037486
2025-12-11 00:00:00+00:00,17,0.8203,0.3914,1.0,93,790170.9607,-64082.5361,0.6086,68,480912.6608,9488.012849,139362.0468,169896.2531,30534.2063,93,790170.9607,8,90573.28326167808,3211.0466372482283,-0.000924,-8.7461,-0.2815,0.330243,-0.0505,0.1078,0.000387,0.011906,-0.1125,-0.3291,0.008661,0.002809,-0.0385,0.934002,-0.003722,0.008715
2025-12-12 00:00:00+00:00,17,7.348,0.4469,1.0,81,1081711.2215,-82954.5909,0.5531,59,598263.2499,16836.560103,425536.1135,57911.8582,-367624.2553,81,1081711.2215,5,91661.09303751396,3188.57142610956,3.9e-05,-8.374,-0.3112,0.385116,-0.0329,0.0774,-0.13167,-0.006787,0.2286,1.4902,-0.343008,-0.130745,-0.3366,0.9501,0.016097,0.049284
2025-12-13 00:00:00+00:00,6,2.3914,0.2682,1.0,46,226307.2633,-85713.3126,0.7318,38,165602.29,4522.72478,42805.2739,17899.6995,-24905.5744,46,226307.2633,2,90260.11816968666,3102.8902204301085,-0.000243,-11.6804,-0.3528,0.243198,-0.0784,0.0332,-0.012203,-0.002873,-0.0827,0.8222,-0.040336,-0.009556,-1.5061,0.905211,-0.044889,-0.032513
2025-12-14 00:00:00+00:00,5,0.4189,0.4549,1.0,43,377407.8077,-69588.4289,0.5451,26,205719.7937,4988.664256,50691.0924,120996.9216,70305.8293,43,377407.8077,12,89536.09690322069,3101.584708566429,0.000533,1.1763,-0.3404,0.362519,0.0003,-0.4093,0.076182,0.023096,0.028,1.0249,0.219652,0.078586,-1.8254,0.929652,0.024441,-0.00435
2025-12-15 00:00:00+00:00,26,4.0978,0.2976,1.0,79,752678.3928,-89213.4548,0.7024,49,528664.7848,12912.179278,180070.5077,43943.1003,-136127.4074,79,752678.3928,4,88292.01955954584,3065.19613036542,-0.000513,11.5491,-0.2948,0.281345,0.0953,-0.2718,-0.096914,0.019687,-0.039,0.6925,-0.342963,-0.094711,-0.5492,0.935425,0.005772,-0.014675
2025-12-16 00:00:00+00:00,20,4.5112,0.3655,1.0,71,904225.1909,-111517.4115,0.6345,45,573696.9701,8129.965092,270553.9375,59974.2833,-210579.6542,71,904225.1909,6,86809.11548181491,2941.8694657715646,-0.0006,-11.0891,-0.332,0.340198,-0.083,-0.2769,-0.081646,-0.007436,-0.1428,-0.4709,-0.238277,-0.080241,0.0919,0.949152,0.013728,0.043942
2025-12-17 00:00:00+00:00,11,1.7516,0.1357,1.0,70,1526269.7653,-99283.0745,0.8643,54,1319118.9352,26909.949029,131867.7479,75283.0822,-56584.6657,70,1526269.7653,5,86887.68359558233,2906.573710974167,0.000212,7.0424,-0.2965,0.193221,0.0145,-0.1348,-0.052934,-0.011849,0.0473,-0.1058,-0.271381,-0.051584,-0.3424,0.957507,0.008355,0.027855
2025-12-18 00:00:00+00:00,16,1.3835,0.445,1.0,74,784855.8299,-111672.1715,0.555,44,435611.8592,10110.196027,202716.7217,146527.249,-56189.4728,74,784855.8299,14,86679.14561866873,2853.067688889751,-0.000586,-1.8716,-0.3006,0.35249,-0.0109,-0.0952,-0.030534,-0.028757,0.0104,-0.0331,-0.08234,-0.028678,0.3747,0.938705,-0.018801,0.003281
2025-12-19 00:00:00+00:00,26,2.6251,0.4468,1.0,76,1110487.0752,-90928.2289,0.5532,45,614340.5025,15115.990436,359281.615,136864.9578,-222416.6572,76,1110487.0752,5,87362.63201419919,2935.880471346268,-0.000178,12.476,-0.2551,0.408663,0.0564,-0.0058,-0.124156,-0.002816,-0.015,-0.167,-0.302305,-0.122618,0.5653,0.95568,0.016975,0.006528
2025-12-20 00:00:00+00:00,9,11.0293,0.2642,1.0,40,163271.5537,-92508.1458,0.7358,29,120134.5612,3108.900831,39550.9925,3586.0,-35964.9925,40,163271.5537,2,88174.58899482031,2979.4783675973763,0.001126,-22.113,-0.3346,0.203059,-0.1076,-0.035,-0.051241,0.01345,-0.1327,-1.281,-0.238883,-0.046222,-1.831,0.851792,-0.103888,-0.105715
2025-12-21 00:00:00+00:00,8,0.8133,0.5354,1.0,34,197182.1023,-100999.204,0.4646,19,91619.355,4393.655012,47347.1628,58215.5845,10868.4217,34,197182.1023,7,88260.19978816884,2980.317995521674,0.000199,0.485,-0.3298,0.354921,0.0037,-0.0316,0.055381,0.057882,0.3857,1.9035,0.171106,0.059485,-2.3496,0.889958,0.038166,-0.048748
2025-12-22 00:00:00+00:00,14,2.7336,0.3557,1.0,70,610595.6943,-95959.3736,0.6443,51,393401.9015,5992.049099,159021.1937,58172.5992,-100848.5945,70,610595.6943,5,89102.17259775008,3025.604874188969,-0.001665,1.3817,-0.3228,0.301284,0.0112,-0.1157,-0.06652,-0.066476,-0.4239,-1.5519,-0.217311,-0.064436,0.3482,0.933797,0.04384,-0.021883
2025-12-23 00:00:00+00:00,11,1.6121,0.2043,1.0,69,1014827.4588,-72817.8055,0.7957,53,807479.5955,16471.118552,127968.2705,79379.5928,-48588.6777,69,1014827.4588,5,87767.41297947378,2965.955825097481,-0.000778,1.5696,-0.3154,0.224627,0.0087,-0.024,-0.029405,0.041259,-0.1504,-2.631,-0.127017,-0.028168,0.3188,0.955376,0.021579,0.103584
2025-12-24 00:00:00+00:00,15,3.7344,0.4079,1.0,63,656955.2846,-86842.6776,0.5921,44,389000.7898,16451.306608,211356.6324,56597.8625,-154758.7698,63,656955.2846,4,87235.94979527596,2937.674069322183,-0.00019,-1.4847,-0.3121,0.31567,-0.013,-0.0515,-0.126877,-0.038948,0.1057,-1.7725,-0.398989,-0.124283,0.5027,0.940054,-0.015322,0.050096
2025-12-25 00:00:00+00:00,12,2.9207,0.285,1.0,55,272457.9154,-84250.6036,0.715,39,194796.6513,3434.394524,57853.1095,19808.1546,-38044.9549,55,272457.9154,4,87741.20029603067,2939.767005457756,0.000802,-0.6399,-0.3113,0.235944,-0.0017,-0.0423,-0.042766,-0.027134,0.3216,0.7446,-0.171839,-0.039448,-0.8036,0.896595,-0.04346,-0.037203
2025-12-26 00:00:00+00:00,15,7.9366,0.3837,1.0,68,880725.6926,-89949.3701,0.6163,50,542787.4441,24468.261795,300123.1359,37815.1126,-262308.0233,68,880725.6926,3,88058.52998921352,2943.7355374230083,-0.000394,5.3131,-0.2911,0.445852,0.007,-0.0918,-0.069799,0.017268,-0.0201,0.5934,-0.154017,-0.068158,0.2657,0.946363,0.049768,-0.009013
2025-12-27 00:00:00+00:00,5,3.2778,0.1383,1.0,37,384621.4112,-88858.9524,0.8617,30,331412.2895,6717.620108,40770.5949,12438.5269,-28332.068,37,384621.4112,2,87461.26616100363,2928.3056512547555,0.001046,-5.642,-0.3095,0.173704,-0.0111,0.0047,-0.031542,0.015561,0.0002,0.5891,-0.170335,-0.028657,-1.9388,0.902851,-0.043512,-0.037204
2025-12-28 00:00:00+00:00,8,3.7344,0.2211,1.0,40,265852.4424,-95260.4087,0.7789,31,207084.704,5711.512203,46354.7556,12412.9828,-33941.7728,40,265852.4424,1,87708.66755698308,2939.624750443633,0.000713,-0.1497,-0.2941,0.300681,-0.0003,0.0006,-0.084124,0.000945,-0.152,-0.59,-0.273746,-0.080393,-1.7529,0.891273,-0.011577,-0.005321
2025-12-29 00:00:00+00:00,13,0.4927,0.4413,1.0,75,761493.2626,-64540.1399,0.5587,53,425461.118,9008.719093,110919.4286,225112.716,114193.2875,75,761493.2626,9,88186.68780484941,2965.8136549769497,-0.001422,9.1081,-0.2571,0.345527,0.0594,0.0489,0.041102,-0.042328,-0.4441,-3.6984,0.126747,0.043296,1.1589,0.942256,0.050983,-0.004107
