block_date,deposit_tx_count,deposit_withdrawal_ratio,exchange_volume_ratio,mega_whale_ratio,mega_whale_tx_count,mega_whale_volume_eth,net_flow_ma7,non_exchange_ratio,non_exchange_tx_count,non_exchange_volume_eth,std_whale_tx_size_eth,whale_exchange_deposits_eth,whale_exchange_withdrawals_eth,whale_net_exchange_flow_eth,whale_tx_count,whale_volume_eth,withdrawal_tx_count
2026-01-02 00:00:00+00:00,18,1.6701,0.4098,1.0,70,613016.1123,-38461.2988,0.5902,45,361779.8876,4361.441154,157142.8106,94093.4141,-63049.3965,70,613016.1123,7
2026-01-01 00:00:00+00:00,4,1.1279,0.1213,1.0,44,271017.5819,-66926.8169,0.8787,38,238138.2276,4751.567011,17427.6806,15451.6737,-1976.0069,44,271017.5819,2
2025-12-31 00:00:00+00:00,23,2.72,0.382,1.0,74,761244.7841,-71795.0952,0.618,45,470458.7365,5799.701052,212616.8676,78169.18,-134447.6876,74,761244.7841,6
2025-12-30 00:00:00+00:00,10,3.4877,0.2704,1.0,68,841304.721,-74227.3927,0.7296,54,613839.5938,16993.300461,176779.2096,50685.9176,-126093.292,68,841304.721,4
2025-12-29 00:00:00+00:00,12,0.4731,0.438,1.0,74,757075.4181,-63155.305,0.562,53,425461.118,9045.001747,106501.5841,225112.716,118611.132,74,757075.4181,9
2025-12-28 00:00:00+00:00,8,3.7344,0.2211,1.0,40,265852.4424,-94506.6945,0.7789,31,207084.704,5711.512203,46354.7556,12412.9828,-33941.7728,40,265852.4424,1
2025-12-27 00:00:00+00:00,5,3.2778,0.1383,1.0,37,384621.4112,-88729.8095,0.8617,30,331412.2895,6717.620108,40770.5949,12438.5269,-28332.068,37,384621.4112,2
2025-12-26 00:00:00+00:00,15,7.9366,0.3853,1.0,67,877135.4726,-89820.2273,0.6147,49,539197.2241,24625.581923,300123.1359,37815.1126,-262308.0233,67,877135.4726,3
2025-12-25 00:00:00+00:00,10,3.0272,0.2772,1.0,48,258406.9155,-84121.4607,0.7228,35,186782.6513,3474.21201,53839.1095,17785.1546,-36053.9549,48,258406.9155,3
2025-12-24 00:00:00+00:00,14,3.6763,0.4049,1.0,62,653670.2848,-87465.9131,0.5951,44,389000.7898,16559.964035,208071.6325,56597.8625,-151473.77,62,653670.2848,4
2025-12-23 00:00:00+00:00,11,1.6121,0.2016,1.0,71,1028297.7159,-73910.3268,0.7984,55,820949.8525,16288.377919,127968.2705,79379.5928,-48588.6777,71,1028297.7159,5
2025-12-22 00:00:00+00:00,14,2.7336,0.3557,1.0,70,610595.6943,-97051.8949,0.6443,51,393401.9015,5992.049099,159021.1937,58172.5992,-100848.5945,70,610595.6943,5
2025-12-21 00:00:00+00:00,8,0.8793,0.5248,1.0,32,192810.1023,-101592.8689,0.4752,19,91619.355,4433.349204,47347.1628,53843.5845,6496.4217,32,192810.1023,5
2025-12-20 00:00:00+00:00,9,11.0293,0.2642,1.0,40,163271.5537,-92477.2392,0.7358,29,120134.5612,3108.900831,39550.9925,3586.0,-35964.9925,40,163271.5537,2
2025-12-19 00:00:00+00:00,26,2.6251,0.4468,1.0,76,1110487.0752,-90897.3223,0.5532,45,614340.5025,15115.990436,359281.615,136864.9578,-222416.6572,76,1110487.0752,5
2025-12-18 00:00:00+00:00,17,1.4058,0.4473,1.0,75,788131.4789,-111085.4081,0.5527,44,435611.8592,10077.26405,205992.3707,146527.249,-59465.1218,75,788131.4789,14
2025-12-17 00:00:00+00:00,11,1.7516,0.1357,1.0,70,1526269.7653,-98228.3613,0.8643,54,1319118.9352,26909.949029,131867.7479,75283.0822,-56584.6657,70,1526269.7653,5
2025-12-16 00:00:00+00:00,20,4.5112,0.3501,1.0,79,944225.1409,-109907.3942,0.6499,53,613696.9201,8051.897907,270553.9375,59974.2833,-210579.6542,79,944225.1409,6
2025-12-15 00:00:00+00:00,25,4.0183,0.2943,1.0,78,749186.3979,-87603.4375,0.7057,49,528664.7848,12977.305815,176578.5128,43943.1003,-132635.4124,78,749186.3979,4
2025-12-14 00:00:00+00:00,5,0.4189,0.4549,1.0,43,377407.8077,-68477.268,0.5451,26,205719.7937,4988.664256,50691.0924,120996.9216,70305.8293,43,377407.8077,12
2025-12-13 00:00:00+00:00,6,2.3914,0.2682,1.0,46,226307.2633,-84602.1518,0.7318,38,165602.29,4522.72478,42805.2739,17899.6995,-24905.5744,46,226307.2633,2
2025-12-12 00:00:00+00:00,16,7.2808,0.4449,1.0,80,1077820.224,-81843.43,0.5551,59,598263.2499,16908.878617,421645.116,57911.8582,-363733.2578,80,1077820.224,5
2025-12-11 00:00:00+00:00,17,0.8203,0.3914,1.0,93,790170.9607,-63527.232,0.6086,68,480912.6608,9488.012849,139362.0468,169896.2531,30534.2063,93,790170.9607,8
2025-12-10 00:00:00+00:00,21,3.3914,0.3392,1.0,86,748890.4942,-85574.9071,0.6608,61,494854.9125,5897.674547,196186.739,57848.8427,-138337.8964,86,748890.4942,4
2025-12-09 00:00:00+00:00,30,1.535,0.4416,1.0,100,584303.9319,-85107.8432,0.5584,63,326303.7993,4876.031893,156226.0448,101774.0878,-54451.957,100,584303.9319,7
2025-12-08 00:00:00+00:00,16,0.9876,0.4016,1.0,68,496053.9745,-97356.2162,0.5984,40,296847.7062,8756.15194,98979.2472,100227.0212,1247.774,68,496053.9745,12
2025-12-07 00:00:00+00:00,15,2.4836,0.5536,1.0,41,180549.7657,-97549.8213,0.4464,23,80597.6111,3266.663859,71260.2559,28691.8987,-42568.3573,41,180549.7657,3
2025-12-06 00:00:00+00:00,8,1.1562,0.4086,1.0,49,189054.5243,-90551.9061,0.5914,38,111810.4647,3657.460047,41419.2908,35824.7687,-5594.5221,49,189054.5243,3
2025-12-05 00:00:00+00:00,23,5.7545,0.4386,1.0,71,762949.7646,-101136.9247,0.5614,44,428357.7077,16329.413898,285055.9643,49536.0927,-235519.8716,71,762949.7646,4
2025-12-04 00:00:00+00:00,20,3.2721,0.3748,1.0,91,621047.6924,-77424.2463,0.6252,66,388272.546,5245.81395,178287.333,54487.8134,-123799.5196,91,621047.6924,5
2025-12-03 00:00:00+00:00,20,2.2737,0.39,1.0,81,890089.6217,-65214.6103,0.61,54,542932.9875,7662.043596,241112.5415,106044.0927,-135068.4487,81,890089.6217,7
2025-12-02 00:00:00+00:00,16,3.6969,0.3022,1.0,97,807949.5805,-50223.1012,0.6978,77,563796.3012,7072.228962,192171.9238,51981.3555,-140190.5683,97,807949.5805,4
2025-12-01 00:00:00+00:00,25,1.0005,0.4087,1.0,105,1108947.2531,-31993.7463,0.5913,69,655758.2523,11393.851972,226648.2311,226540.7698,-107.4613,105,1108947.2531,11
2025-11-30 00:00:00+00:00,7,0.8375,0.4253,1.0,35,170567.573,-64749.0713,0.5747,24,98023.6536,7472.891967,33063.4352,39480.4842,6417.049,35,170567.573,4
2025-11-29 00:00:00+00:00,14,3.8305,0.427,1.0,44,318471.0404,-65665.7925,0.573,26,182472.8556,5776.654745,107843.9186,28154.2662,-79689.6524,44,318471.0404,4
2025-11-28 00:00:00+00:00,17,1.8066,0.3467,1.0,64,697839.6801,-62486.9527,0.6533,42,455909.3074,15867.818833,155730.7476,86199.6251,-69531.1225,64,697839.6801,5
2025-11-27 00:00:00+00:00,18,1.5735,0.4218,1.0,69,407808.1883,-68457.8529,0.5782,46,235795.3782,5486.14853,105172.4391,66840.371,-38332.068,69,407808.1883,5
2025-11-26 00:00:00+00:00,18,1.2455,0.4006,1.0,81,687856.5259,-97919.826,0.5994,58,412276.1699,9435.086767,152854.1203,122726.2356,-30127.8847,81,687856.5259,5
2025-11-25 00:00:00+00:00,17,1.0828,0.4099,1.0,86,771832.1101,-122109.7943,0.5901,61,455422.2917,8668.842665,164497.4511,151912.3672,-12585.0839,86,771832.1101,8
2025-11-24 00:00:00+00:00,28,3.7098,0.4314,1.0,81,924134.591,-149686.9778,0.5686,48,525430.6929,7363.80423,314049.3172,84654.5809,-229394.7363,81,924134.591,5
2025-11-23 00:00:00+00:00,0,,0.0,1.0,52,2906258.4634,-132685.185,1.0,52,2906258.4634,6817.014896,0.0,0.0,0.0,52,2906258.4634,0
2025-11-22 00:00:00+00:00,21,1.9428,0.3779,1.0,53,474462.946,-137638.3918,0.6221,28,295177.4142,13867.612639,118361.6526,60923.8791,-57437.7735,53,474462.946,4
2025-11-21 00:00:00+00:00,24,1.6011,0.3185,1.0,123,1512572.8114,-142783.1687,0.6815,87,1030817.9879,6724.738196,296541.1236,185213.6999,-111327.4237,123,1512572.8114,12
2025-11-20 00:00:00+00:00,34,2.5972,0.5917,1.0,89,930915.8734,-171695.1801,0.4083,47,380103.8039,9278.584044,397688.9748,153123.0947,-244565.8801,89,930915.8734,8
2025-11-19 00:00:00+00:00,31,2.7293,0.4198,1.0,96,1024541.7261,-176825.5193,0.5802,59,594402.4828,9551.309232,314798.4529,115340.7905,-199457.6624,96,1024541.7261,6
2025-11-18 00:00:00+00:00,27,2.5322,0.3458,1.0,99,1370894.8494,-156319.3554,0.6542,66,896859.9218,9480.912206,339830.1482,134204.7794,-205625.3688,99,1370894.8494,6
2025-11-17 00:00:00+00:00,26,2.0762,0.335,1.0,109,941858.7647,-117624.9387,0.665,76,626347.3021,8976.792945,212946.8246,102564.6379,-110382.1867,109,941858.7647,7
2025-11-16 00:00:00+00:00,14,1.5718,0.3143,1.0,63,496245.006,-110273.5359,0.6857,43,340293.6833,11511.612521,95311.8852,60639.4376,-34672.4476,63,496245.006,6
2025-11-15 00:00:00+00:00,13,4.1653,0.4485,1.0,52,340040.6112,-111923.664,0.5515,35,187542.3216,8165.199665,122974.7507,29523.5389,-93451.2119,52,340040.6112,4
2025-11-14 00:00:00+00:00,33,3.1389,0.4462,1.0,109,1360367.5375,-100058.6988,0.5538,66,753318.8747,10552.658319,460380.083,146668.5798,-313711.5031,109,1360367.5375,10
2025-11-13 00:00:00+00:00,22,4.7875,0.4107,1.0,92,1043562.9972,-72603.5754,0.5893,65,614975.6152,15243.369017,354532.8182,74054.5638,-280478.2544,92,1043562.9972,5
2025-11-12 00:00:00+00:00,18,1.4102,0.3964,1.0,73,828923.3542,-40941.3027,0.6036,48,500355.0625,8880.892494,192241.4035,136326.8883,-55914.5152,73,828923.3542,7
2025-11-11 00:00:00+00:00,13,0.6836,0.4782,1.0,70,726000.5526,-64618.1376,0.5218,47,378827.913,11184.840888,140968.5457,206204.0939,65235.5483,70,726000.5526,10
2025-11-10 00:00:00+00:00,15,1.5338,0.4004,1.0,67,698599.0398,-69716.2517,0.5996,45,418904.8519,6577.033111,169308.2776,110385.9104,-58922.3671,67,698599.0398,7
2025-11-09 00:00:00+00:00,21,1.6935,0.7369,1.0,51,243625.0896,-70977.3374,0.2631,22,64094.0047,4451.00479,112877.2147,66653.8702,-46223.3445,51,243625.0896,8
2025-11-08 00:00:00+00:00,15,1.2185,0.5878,1.0,48,179602.6119,-64722.2154,0.4122,28,74029.4783,3844.518512,57984.7947,47588.3389,-10396.4559,48,179602.6119,5
2025-11-07 00:00:00+00:00,27,2.7529,0.3869,1.0,86,672436.5231,-104119.1027,0.6131,53,412253.4809,5871.10647,190854.3405,69328.7017,-121525.6388,86,672436.5231,6
2025-11-06 00:00:00+00:00,11,1.5889,0.2541,1.0,84,1018107.4556,-114892.8959,0.7459,67,759431.8754,8124.184029,158758.963,99916.6172,-58842.3458,84,1018107.4556,6
2025-11-05 00:00:00+00:00,23,2.7348,0.3442,1.0,115,1386202.2122,-121579.4798,0.6558,84,909009.5931,11830.782521,349422.4891,127770.13,-221652.3591,115,1386202.2122,8
2025-11-04 00:00:00+00:00,37,0.9296,0.4937,1.0,153,1641548.382,-104870.6868,0.5063,94,831156.2419,9034.116167,390421.6954,419970.4446,29548.7492,153,1641548.382,22
2025-11-03 00:00:00+00:00,28,1.4155,0.461,1.0,102,854374.5761,-149728.9858,0.539,64,460532.9884,6282.118608,230795.7774,163045.8103,-67749.9671,102,854374.5761,10
2025-11-02 00:00:00+00:00,5,1.1363,0.1626,1.0,70,235010.4779,-152427.3702,0.8374,64,196794.21,2713.830632,20326.879,17889.3889,-2437.49,70,235010.4779,1
2025-11-01 00:00:00+00:00,16,7.6764,0.5962,1.0,51,623744.26,-185492.5704,0.4038,30,251842.1393,16685.823874,329038.3942,42863.7266,-286174.6675,51,623744.26,5
2025-10-31 00:00:00+00:00,45,4.162,0.3346,1.0,140,960835.3656,-149457.8301,0.6654,88,639323.7717,5509.013715,259226.8925,62284.7014,-196942.1912,140,960835.3656,7
2025-10-30 00:00:00+00:00,28,2.4403,0.2677,1.0,130,942579.8188,-138727.4467,0.7323,96,690225.0311,5336.342008,179001.6104,73353.1773,-105648.4331,130,942579.8188,6
2025-10-29 00:00:00+00:00,25,2.0098,0.3993,1.0,78,781525.7687,-148764.3386,0.6007,47,469493.3806,9009.492133,208361.5978,103670.7903,-104690.8075,78,781525.7687,6
2025-10-28 00:00:00+00:00,20,3.5904,0.5544,1.0,74,909250.1231,-143275.2531,0.4456,42,405164.0494,15482.783207,394272.7089,109813.3649,-284459.3439,74,909250.1231,12
2025-10-27 00:00:00+00:00,20,1.9136,0.3839,1.0,96,719729.923,-112772.0274,0.6161,67,443423.8372,5834.958254,181472.372,94833.7138,-86638.6582,96,719729.923,9
2025-10-26 00:00:00+00:00,19,3.8473,0.6812,1.0,63,584499.6645,-122533.6029,0.3188,32,186316.8392,15090.093681,316038.3585,82144.4669,-233893.8916,63,584499.6645,12
2025-10-25 00:00:00+00:00,7,2.88,0.3502,1.0,34,199957.8387,-92438.0332,0.6498,26,129928.1775,3941.951673,51980.5731,18049.0881,-33931.4849,34,199957.8387,1
2025-10-24 00:00:00+00:00,20,3.0288,0.2643,1.0,70,915457.3841,-94525.8942,0.7357,46,673526.8604,19438.447035,181880.0157,60050.5081,-121829.5076,70,915457.3841,4
2025-10-23 00:00:00+00:00,20,3.0889,0.4407,1.0,68,781248.6744,-89871.148,0.5593,42,436923.2115,15637.307946,260116.0696,84209.3932,-175906.6764,68,781248.6744,6
2025-10-22 00:00:00+00:00,20,1.7527,0.4555,1.0,84,531985.754,-75579.1363,0.5445,57,289650.4967,4141.457927,154301.2331,88034.0242,-66267.2089,84,531985.754,7
2025-10-21 00:00:00+00:00,18,1.8079,0.3523,1.0,81,699811.8288,-110281.7218,0.6477,57,453262.7519,5026.384682,158742.9206,87806.1564,-70936.7642,81,699811.8288,6
2025-10-20 00:00:00+00:00,18,3.4826,0.347,1.0,71,806305.9306,-140704.1348,0.653,48,526491.9066,6278.238226,217391.8552,62422.1687,-154969.6865,71,806305.9306,5
2025-10-19 00:00:00+00:00,10,1.4929,0.3857,1.0,49,304489.3456,-189971.6951,0.6143,33,187033.3964,4492.351952,70340.4264,47115.5229,-23224.9035,49,304489.3456,6
2025-10-18 00:00:00+00:00,12,2.7382,0.4709,1.0,40,221709.2875,-199841.0478,0.5291,24,117302.9528,4471.559533,76476.4235,27929.9112,-48546.5123,40,221709.2875,4
2025-10-17 00:00:00+00:00,24,1.8838,0.3668,1.0,101,793905.1947,-211366.1652,0.6332,70,502709.5051,4552.161319,190220.9867,100974.7029,-89246.2838,101,793905.1947,7
2025-10-16 00:00:00+00:00,21,1.8447,0.3707,1.0,86,689191.3375,-212945.4784,0.6293,57,433716.4572,5007.074108,165668.7376,89806.1426,-75862.595,86,689191.3375,8
2025-10-15 00:00:00+00:00,29,3.707,0.5741,1.0,85,936502.4718,-214238.2918,0.4259,48,398883.6568,13863.506616,423402.0611,114216.7539,-309185.3072,85,936502.4718,8
2025-10-14 00:00:00+00:00,33,4.5068,0.3436,1.0,102,1297602.8351,-218940.3106,0.6564,65,851798.7539,8921.5635,364848.8682,80955.213,-283893.6552,102,1297602.8351,4
2025-10-13 00:00:00+00:00,33,5.7197,0.6522,1.0,87,1091149.0074,-191360.2978,0.3478,45,379495.3221,20552.34724,605748.1469,105905.5384,-499842.6084,87,1091149.0074,9
2025-10-12 00:00:00+00:00,28,2.1576,0.5763,1.0,85,436882.6451,-141744.5818,0.4237,49,185091.3959,4801.325828,172050.8111,79740.4381,-92310.373,85,436882.6451,8
2025-10-11 00:00:00+00:00,37,1.7481,0.4004,1.0,123,1185566.2337,-142502.8323,0.5996,73,710857.333,6848.569048,301965.6173,172743.2833,-129222.334,123,1185566.2337,13
2025-10-10 00:00:00+00:00,35,1.7418,0.4349,1.0,127,852424.1948,-144799.9593,0.5651,83,481709.1538,4542.932021,235508.2585,135206.7825,-100301.476,127,852424.1948,9
2025-10-09 00:00:00+00:00,23,1.8997,0.3566,1.0,84,767396.7611,-145227.7364,0.6434,55,493730.6452,4906.085905,179289.2023,94376.9137,-84912.2886,84,767396.7611,6
2025-10-08 00:00:00+00:00,12,4.1136,0.4263,1.0,69,1317933.7217,-158038.6254,0.5737,50,756089.9043,19144.736666,451971.628,109872.1894,-342099.4386,69,1317933.7217,7
2025-10-07 00:00:00+00:00,29,1.5155,0.5156,1.0,92,859655.9544,-123583.537,0.4844,45,416436.7093,5063.380171,267026.4056,176192.8395,-90833.5661,92,859655.9544,18
2025-10-06 00:00:00+00:00,30,2.6891,0.3836,1.0,90,868506.3629,-177429.2795,0.6164,53,535365.4066,4526.776747,242836.7761,90304.1802,-152532.5959,90,868506.3629,7
2025-10-05 00:00:00+00:00,22,3.4058,0.4938,1.0,53,362056.9445,-172996.6246,0.5062,28,183287.1299,2851.195652,138193.9708,40575.8438,-97618.1269,53,362056.9445,3
2025-10-04 00:00:00+00:00,11,3.2641,0.5921,1.0,46,462157.0745,-159931.6596,0.4079,30,188498.9254,15727.9182,209480.186,64177.9631,-145302.2229,46,462157.0745,5
2025-10-03 00:00:00+00:00,23,2.5333,0.3375,1.0,81,705242.7496,-148315.445,0.6625,53,467213.209,6092.934293,170662.7282,67366.8124,-103295.9158,81,705242.7496,5
2025-10-02 00:00:00+00:00,27,2.8914,0.4467,1.0,95,804119.1646,-151134.299,0.5533,62,444921.4932,4359.008705,266893.0913,92304.58,-174588.5114,95,804119.1646,6
2025-10-01 00:00:00+00:00,23,1.7545,0.3265,1.0,76,1128289.0339,-142863.0021,0.6735,42,759868.3691,24484.678389,234667.2424,133753.4224,-100913.82,76,1128289.0339,11
2025-09-30 00:00:00+00:00,39,9.1924,0.5937,1.0,80,980208.8903,-159994.9155,0.4063,37,398262.6176,16226.597843,524850.0181,57096.2546,-467753.7635,80,980208.8903,4
2025-09-29 00:00:00+00:00,19,2.6864,0.3568,1.0,75,744332.1495,-96427.0922,0.6432,51,478726.0167,7433.293161,193555.0723,72051.0605,-121504.0118,75,744332.1495,5
2025-09-28 00:00:00+00:00,13,1.2156,0.3829,1.0,44,165405.2683,-95840.1196,0.6171,27,102075.8442,3472.329518,34746.3981,28583.0261,-6163.372,44,165405.2683,4
2025-09-27 00:00:00+00:00,15,2.3951,0.6139,1.0,52,253640.5311,-99117.3125,0.3861,30,97918.661,6727.131769,109855.2954,45866.5747,-63988.7207,52,253640.5311,7
2025-09-26 00:00:00+00:00,22,2.2627,0.2379,1.0,98,1336247.438,-90322.3894,0.7621,70,1018353.4315,19345.223618,220460.9501,97433.0564,-123027.8936,98,1336247.438,6
2025-09-25 00:00:00+00:00,25,1.9525,0.2806,1.0,116,1288872.9422,-128795.7182,0.7194,81,927162.1633,7042.290008,239200.1061,122510.6729,-116689.4332,116,1288872.9422,10
2025-09-24 00:00:00+00:00,23,4.4582,0.3706,1.0,76,940496.125,-99959.9836,0.6294,46,591941.1441,15399.706313,284696.0972,63858.8837,-220837.2135,76,940496.125,7
2025-09-23 00:00:00+00:00,15,1.2152,0.4047,1.0,74,579317.832,-74894.4516,0.5953,54,344858.9092,5873.492207,128618.9616,105839.9612,-22779.0005,74,579317.832,5
2025-09-22 00:00:00+00:00,28,1.9013,0.3076,1.0,109,1228587.2613,-120415.533,0.6924,74,850698.4047,22635.191032,247642.0302,130246.8264,-117395.2038,109,1228587.2613,7
2025-09-21 00:00:00+00:00,7,1.7901,0.312,1.0,65,329401.478,-120717.2349,0.688,54,226626.3932,10216.217049,65939.4036,36835.6812,-29103.7224,65,329401.478,4
2025-09-20 00:00:00+00:00,11,1.0446,0.5408,1.0,43,205712.4092,-117549.2264,0.4592,27,94460.4855,5225.624965,56838.0913,54413.8324,-2424.2589,43,205712.4092,5
2025-09-19 00:00:00+00:00,37,5.0263,0.5838,1.0,68,1005837.2389,-121512.3408,0.4162,25,418609.0398,19581.297896,489784.6972,97443.5019,-392341.1953,68,1005837.2389,6
2025-09-18 00:00:00+00:00,12,0.6379,0.349,1.0,86,1103561.9745,-83808.3648,0.651,60,718393.8493,9670.145096,150003.7082,235164.417,85160.7088,86,1103561.9745,14
2025-09-17 00:00:00+00:00,14,1.5219,0.2459,1.0,82,891776.5853,-107528.2516,0.7541,62,672511.1772,7254.343138,132321.9485,86943.4596,-45378.4889,82,891776.5853,6
2025-09-16 00:00:00+00:00,24,6.5654,0.4085,1.0,70,1136035.6614,-114519.419,0.5915,43,671913.7546,17831.732948,402774.2385,61347.6683,-341426.5702,70,1136035.6614,3
2025-09-15 00:00:00+00:00,24,2.5864,0.3383,1.0,78,798598.3616,-58670.1554,0.6617,50,528426.853,4964.34133,194839.3129,75332.1957,-119507.1172,78,798598.3616,4
2025-09-14 00:00:00+00:00,13,1.0996,0.5336,1.0,54,273639.8588,-78331.0987,0.4664,34,127615.8094,5413.833497,76475.8561,69548.1933,-6927.6628,54,273639.8588,7
2025-09-13 00:00:00+00:00,24,1.4447,0.6166,1.0,74,268966.7861,-89810.3719,0.3834,41,103130.8913,4702.981855,98000.9774,67834.9174,-30166.06,74,268966.7861,9
2025-09-12 00:00:00+00:00,27,2.3486,0.3798,1.0,97,839498.9161,-89370.9945,0.6202,66,520652.7603,6745.063892,223629.7595,95216.3962,-128413.3633,97,839498.9161,4
2025-09-11 00:00:00+00:00,17,1.7403,0.388,1.0,77,771716.296,-79425.1834,0.612,53,472325.7205,6746.898121,190134.5372,109256.0383,-80878.4988,77,771716.296,7
2025-09-10 00:00:00+00:00,18,1.9817,0.3726,1.0,82,768917.9038,-79063.9916,0.6274,59,482448.7022,6453.271526,190392.9309,96076.2707,-94316.6602,82,768917.9038,5
2025-09-09 00:00:00+00:00,18,0.7461,0.385,1.0,72,884606.2709,-73343.7249,0.615,46,544029.7643,9220.531067,145529.1159,195047.3907,49518.2749,72,884606.2709,8
2025-09-08 00:00:00+00:00,12,2.911,0.4207,1.0,70,1250779.9412,-79390.7818,0.5793,53,724532.7134,21491.849588,391690.4741,134556.7537,-257133.7203,70,1250779.9412,5
2025-09-07 00:00:00+00:00,17,8.4203,0.6318,1.0,41,175387.6135,-56213.8694,0.3682,20,64579.7708,4892.95197,99045.2091,11762.6336,-87282.5755,41,175387.6135,4
2025-09-06 00:00:00+00:00,15,1.548,0.4101,1.0,51,307159.2062,-50338.0173,0.5899,32,181207.0055,7111.16628,76521.3093,49430.8913,-27090.418,51,307159.2062,4
2025-09-05 00:00:00+00:00,17,1.5681,0.2348,1.0,85,1131714.6185,-61919.2625,0.7652,64,865950.3901,7783.010529,162278.4571,103485.7713,-58792.6859,85,1131714.6185,4
2025-09-04 00:00:00+00:00,20,1.6255,0.2858,1.0,75,1150626.3295,-61922.649,0.7142,51,821739.2742,12599.217791,203618.6058,125268.4495,-78350.1563,75,1150626.3295,4
2025-09-03 00:00:00+00:00,20,1.1729,0.6409,1.0,84,1064368.7354,-61723.591,0.3591,57,382168.6397,27353.083368,368237.4446,313962.6511,-54274.7935,84,1064368.7354,7
2025-09-02 00:00:00+00:00,25,0.9737,0.5234,1.0,79,1029319.7769,-82713.8156,0.4766,49,490583.0345,23400.840515,265773.9329,272962.8095,7188.8766,79,1029319.7769,5
2025-09-01 00:00:00+00:00,16,1.6683,0.3084,1.0,80,1228385.5608,-137916.6421,0.6916,58,849498.4613,28558.712724,236891.2165,141995.8831,-94895.3334,80,1228385.5608,6
2025-08-31 00:00:00+00:00,16,3.2084,0.2792,1.0,63,315016.0847,-132940.8688,0.7208,41,227068.187,2477.959163,67049.754,20898.1437,-46151.6103,63,315016.0847,6
2025-08-30 00:00:00+00:00,11,4.1542,0.3057,1.0,64,578123.7566,-132563.2291,0.6943,45,401382.8529,15815.555403,142450.0191,34290.8846,-108159.1345,64,578123.7566,8
2025-08-29 00:00:00+00:00,14,1.731,0.2739,1.0,90,802154.973,-142040.6164,0.7261,69,582408.2307,7946.719102,139281.5668,80465.1755,-58816.3914,90,802154.973,7
2025-08-28 00:00:00+00:00,19,2.0067,0.2285,1.0,79,1005884.6975,-193732.7332,0.7715,56,776043.3227,25207.207054,153399.0625,76442.3122,-76956.7503,79,1005884.6975,4
2025-08-27 00:00:00+00:00,33,2.0639,0.392,1.0,91,1478024.3616,-203107.5244,0.608,51,898574.5958,12791.855896,390328.0657,189121.7001,-201206.3656,91,1478024.3616,7
2025-08-26 00:00:00+00:00,35,2.9693,0.5417,1.0,105,1411143.7404,-207699.211,0.4583,61,646762.9132,15750.758605,571805.8682,192574.959,-379230.9092,105,1411143.7404,9
2025-08-25 00:00:00+00:00,28,1.3013,0.2884,1.0,116,1590745.2733,-203011.3213,0.7116,76,1131968.4901,16033.311953,259420.8517,199355.9315,-60064.9202,116,1590745.2733,12
2025-08-24 00:00:00+00:00,24,1.2951,0.2527,1.0,110,1339229.7293,-218185.3731,0.7473,78,1000848.9976,13520.968556,190944.4321,147436.2996,-43508.1325,110,1339229.7293,8
2025-08-23 00:00:00+00:00,19,2.7578,0.3067,1.0,102,1216346.3946,-216833.5422,0.6933,78,843306.5754,15837.833786,273770.3323,99269.4868,-174500.8455,102,1216346.3946,5
2025-08-22 00:00:00+00:00,45,2.9894,0.5277,1.0,152,1598409.76,-223854.4649,0.4723,92,754849.6303,15612.34226,632110.6694,211449.4603,-420661.2091,152,1598409.76,15
2025-08-21 00:00:00+00:00,21,3.0233,0.322,1.0,77,880627.4616,-231001.9578,0.678,50,597108.7646,7752.960387,213049.4927,70469.2043,-142580.2884,77,880627.4616,6
2025-08-20 00:00:00+00:00,21,3.0295,0.4054,1.0,80,1142855.9812,-260799.3852,0.5946,54,679545.93,12244.629065,348329.1117,114980.9395,-233348.1723,80,1142855.9812,5
2025-08-19 00:00:00+00:00,41,6.1112,0.5307,1.0,105,908101.3339,-273975.9154,0.4693,58,426134.1369,10765.292677,414191.4391,67775.7579,-346415.6812,105,908101.3339,6
2025-08-18 00:00:00+00:00,20,1.9528,0.3878,1.0,97,1328789.8742,-293468.2331,0.6122,67,813454.8845,7935.685607,340809.1362,174525.8535,-166283.2826,97,1328789.8742,10
2025-08-17 00:00:00+00:00,20,1.7035,0.5292,1.0,58,247234.8949,-290917.5432,0.4708,28,116405.0024,2605.902485,82437.6044,48392.288,-34045.3164,58,247234.8949,10
2025-08-16 00:00:00+00:00,24,3.6219,0.7,1.0,59,563238.454,-293676.0854,0.3,24,168992.0708,25951.836133,308946.8438,85299.5393,-223647.3045,59,563238.454,11
2025-08-15 00:00:00+00:00,41,5.9618,0.4203,1.0,120,1571179.5686,-280328.8222,0.5797,71,910758.1601,15706.346196,565557.5338,94863.8746,-470693.6592,120,1571179.5686,8
2025-08-14 00:00:00+00:00,48,2.2863,0.4346,1.0,151,2064428.3982,-235775.6527,0.5654,91,1167271.6453,13237.252511,624159.5166,272997.2363,-351162.2803,151,2064428.3982,12
2025-08-13 00:00:00+00:00,47,3.5819,0.3638,1.0,151,1587999.3894,-203002.5634,0.6362,96,1010210.3172,6209.357215,451686.4778,126102.5943,-325583.8835,151,1587999.3894,8
2025-08-12 00:00:00+00:00,47,3.844,0.4618,1.0,140,1780781.0483,-172136.1017,0.5382,82,958349.5866,12701.958377,652646.6835,169784.7782,-482861.9053,140,1780781.0483,11
2025-08-11 00:00:00+00:00,30,1.9482,0.3455,1.0,112,1335890.4803,-117348.922,0.6545,74,874387.9724,7509.103815,304965.4805,156537.0275,-148428.453,112,1335890.4803,8
2025-08-10 00:00:00+00:00,16,1.6313,0.3418,1.0,88,650545.8698,-110336.9736,0.6582,65,428167.9455,7084.96936,137866.5181,84511.4062,-53355.1119,88,650545.8698,7
2025-08-09 00:00:00+00:00,42,1.7637,0.6387,1.0,131,737766.4617,-105324.0584,0.3613,72,266538.9535,8396.102462,300721.9852,170505.523,-130216.4622,131,737766.4617,17
2025-08-08 00:00:00+00:00,34,2.1721,0.3648,1.0,141,1178341.1761,-97970.5824,0.6352,94,748525.0294,4832.921035,294318.8096,135497.3371,-158821.4725,141,1178341.1761,13
2025-08-07 00:00:00+00:00,27,2.0174,0.4268,1.0,110,846031.4655,-84828.172,0.5732,70,484951.6465,5582.266933,241415.2372,119664.5817,-121750.6555,110,846031.4655,13
2025-08-06 00:00:00+00:00,23,2.0274,0.4538,1.0,75,711055.41,-106426.085,0.5462,45,388346.1797,5269.909673,216113.941,106595.2893,-109518.6517,75,711055.41,7
2025-08-05 00:00:00+00:00,15,1.9462,0.2959,1.0,73,1045431.9879,-108087.4194,0.7041,52,736083.9721,8848.192589,204349.8315,104998.1843,-99351.6472,73,1045431.9879,6
2025-08-04 00:00:00+00:00,11,2.4895,0.2485,1.0,75,936680.2993,-104341.8999,0.7515,59,703946.0073,5425.316951,166039.5531,66694.7389,-99344.8143,75,936680.2993,5
2025-08-03 00:00:00+00:00,8,1.4199,0.2483,1.0,52,423909.7602,-109124.9961,0.7517,40,318656.5868,8247.842686,61758.9396,43494.2338,-18264.7058,52,423909.7602,4
2025-08-02 00:00:00+00:00,20,2.3487,0.4698,1.0,69,416144.5769,-111150.4666,0.5302,42,220638.7916,5611.199846,137123.9577,58381.8277,-78742.13,69,416144.5769,7
2025-08-01 00:00:00+00:00,23,1.2187,0.571,1.0,103,1187322.7217,-107569.4212,0.429,72,509380.2795,26754.101287,372383.5208,305558.9214,-66824.5993,103,1187322.7217,8
2025-07-31 00:00:00+00:00,21,3.0844,0.5803,1.0,83,921582.9024,-194135.6638,0.4197,55,386759.6891,18238.430802,403879.6299,130943.5834,-272936.0465,83,921582.9024,7
2025-07-30 00:00:00+00:00,21,2.2922,0.3299,1.0,73,935745.4021,-159131.6146,0.6701,45,627088.2661,9067.673366,214902.5645,93754.5716,-121147.9929,73,935745.4021,7
2025-07-29 00:00:00+00:00,19,1.6802,0.364,1.0,90,791739.2738,-146528.4763,0.636,65,503568.3399,5862.723121,180651.9723,107518.9616,-73133.0107,90,791739.2738,6
2025-07-28 00:00:00+00:00,22,1.9115,0.339,1.0,100,1251395.4796,-177111.2691,0.661,72,827115.0629,9400.28981,278553.4522,145726.9646,-132826.4876,100,1251395.4796,6
2025-07-27 00:00:00+00:00,11,1.7225,0.2122,1.0,74,575991.3004,-176593.141,0.7878,57,453744.5176,10554.92677,77344.8908,44901.8921,-32442.9987,74,575991.3004,6
2025-07-26 00:00:00+00:00,24,1.6452,0.6661,1.0,56,330342.7691,-183677.5898,0.3339,20,110298.2072,5365.529876,136859.6874,83184.8745,-53674.8129,56,330342.7691,12
2025-07-25 00:00:00+00:00,31,5.1578,0.646,1.0,90,1542438.2441,-178684.8351,0.354,48,546023.6813,29795.540141,834601.4301,161813.1327,-672788.2974,90,1542438.2441,11
2025-07-24 00:00:00+00:00,25,1.1125,0.4057,1.0,100,1291745.0445,-114903.7774,0.5943,63,767715.1735,7945.819886,275968.7863,248061.0847,-27907.7017,100,1291745.0445,12
2025-07-23 00:00:00+00:00,26,1.1399,0.3367,1.0,107,1495624.1555,-116462.8393,0.6633,69,992025.7234,8529.956945,268262.2287,235336.2034,-32926.0253,107,1495624.1555,12
2025-07-22 00:00:00+00:00,37,2.9125,0.4391,1.0,127,1337979.9021,-146262.2101,0.5609,77,750422.0348,11473.664822,437385.2138,150172.6535,-287212.5603,127,1337979.9021,13
2025-07-21 00:00:00+00:00,32,1.5215,0.3427,1.0,134,1822988.4811,-145324.7776,0.6573,90,1198272.8114,12705.402123,376957.6301,247758.0395,-129199.5906,134,1822988.4811,12
2025-07-20 00:00:00+00:00,26,1.8627,0.3999,1.0,101,680659.9818,-125976.8445,0.6001,62,408446.8461,10002.799867,177123.6381,95089.4977,-82034.1404,101,680659.9818,13
2025-07-19 00:00:00+00:00,17,1.1561,0.5241,1.0,66,493456.7692,-117850.4445,0.4759,41,234857.437,5872.118263,138662.431,119936.9012,-18725.5298,66,493456.7692,8
2025-07-18 00:00:00+00:00,37,2.0627,0.3365,1.0,158,1938112.0583,-127496.0666,0.6635,108,1285860.3873,8890.881518,439286.2822,212965.3888,-226320.8934,158,1938112.0583,13
2025-07-17 00:00:00+00:00,23,1.1551,0.3464,1.0,121,1557003.6467,-115341.1772,0.6536,80,1017615.1125,7607.893167,289104.8346,250283.6996,-38821.1349,121,1557003.6467,18
2025-07-16 00:00:00+00:00,45,1.9752,0.4821,1.0,149,1528235.7352,-117877.5721,0.5179,87,791407.1186,8099.349007,489175.1189,247653.4976,-241521.6213,149,1528235.7352,17
2025-07-15 00:00:00+00:00,28,2.3001,0.5439,1.0,96,1309678.7325,-101509.2292,0.4561,52,597307.2613,13462.136681,496511.0019,215860.4693,-280650.5325,96,1309678.7325,16
2025-07-14 00:00:00+00:00,23,0.9743,0.3969,1.0,109,1207951.6158,-58845.4835,0.6031,67,728556.8329,9799.554182,236579.4208,242815.362,6235.9412,109,1207951.6158,19
2025-07-13 00:00:00+00:00,21,1.2718,0.5975,1.0,57,351828.422,-75846.9517,0.4025,26,141610.4179,5828.135512,117683.6723,92534.3319,-25149.3404,57,351828.422,10
2025-07-12 00:00:00+00:00,7,2.3618,0.5547,1.0,65,383841.9007,-80440.3847,0.4453,52,170930.6433,12560.016298,149578.0712,63333.1861,-86244.8851,65,383841.9007,6
2025-07-11 00:00:00+00:00,32,1.5072,0.3922,1.0,143,1780112.6754,-61516.0807,0.6078,94,1081903.7754,9521.51495,419722.7838,278486.1162,-141236.6676,143,1780112.6754,17
2025-07-10 00:00:00+00:00,26,1.2197,0.4573,1.0,125,1250089.951,-33749.4484,0.5427,78,678382.0623,8457.21404,314141.8938,257565.9948,-56575.8991,125,1250089.951,21
2025-07-09 00:00:00+00:00,20,1.8023,0.4616,1.0,101,960599.824,-29551.2196,0.5384,64,517207.0595,9723.932672,285167.9927,158224.7719,-126943.2208,101,960599.824,17
2025-07-08 00:00:00+00:00,15,0.8752,0.4079,1.0,79,663146.4631,-17430.8997,0.5921,53,392646.522,6438.830071,126252.1269,144247.8142,17995.6873,79,663146.4631,11
2025-07-07 00:00:00+00:00,26,2.7615,0.2697,1.0,102,892769.4439,-68913.5997,0.7303,65,651948.8261,13267.825724,176797.4769,64023.141,-112774.3359,102,892769.4439,11
2025-07-06 00:00:00+00:00,11,4.8726,0.5506,1.0,44,157838.3983,-49990.0966,0.4494,28,70940.4604,3588.542412,72100.6546,14797.2832,-57303.3714,44,157838.3983,5
2025-07-05 00:00:00+00:00,7,0.4288,0.4836,1.0,43,239102.2062,-48527.2506,0.5164,30,123461.7973,6009.984341,34707.583,80932.8259,46225.2429,43,239102.2062,6
2025-07-04 00:00:00+00:00,9,0.6502,0.439,1.0,66,571078.5958,-77060.916,0.561,47,320399.6361,14924.378161,98774.6006,151904.359,53129.7584,66,571078.5958,10
2025-07-03 00:00:00+00:00,13,1.255,0.3367,1.0,77,714209.8197,-99331.2519,0.6633,57,473762.7539,10126.488177,133817.6817,106629.3841,-27188.2975,77,714209.8197,7
2025-07-02 00:00:00+00:00,14,1.3249,0.4449,1.0,90,677171.396,-148411.4807,0.5551,63,375894.3376,6620.630706,171689.0199,129588.0385,-42100.9814,90,677171.396,13
2025-07-01 00:00:00+00:00,6,4.774,0.5821,1.0,83,899960.7669,-163421.6893,0.4179,73,376134.0343,33703.906561,433104.9727,90721.7598,-342383.2129,83,899960.7669,4
2025-06-30 00:00:00+00:00,10,0.8621,0.3305,1.0,74,804879.3029,-139357.9201,0.6695,54,538905.4265,7522.382249,123141.8453,142832.0311,19690.1858,74,804879.3029,10
2025-06-29 00:00:00+00:00,10,1.8373,0.549,1.0,48,290490.7806,-133623.7676,0.451,30,131014.4309,5377.576277,103269.8995,56206.4501,-47063.4494,48,290490.7806,8
2025-06-28 00:00:00+00:00,15,9.165,0.6332,1.0,40,301836.1943,-152289.4101,0.3668,20,110723.7934,7338.259493,172311.4079,18800.993,-153510.4149,40,301836.1943,5
2025-06-27 00:00:00+00:00,18,2.5676,0.3758,1.0,65,622286.6561,-142287.1355,0.6242,40,388415.0272,7961.06968,168317.1112,65554.5178,-102762.5933,65,622286.6561,7
2025-06-26 00:00:00+00:00,18,4.7478,0.6952,1.0,81,817854.5929,-152852.3519,0.3048,53,249257.8841,33660.767977,469673.3036,98923.4051,-370749.8985,81,817854.5929,10
2025-06-25 00:00:00+00:00,23,2.4846,0.406,1.0,75,850782.479,-110363.6021,0.594,44,505339.407,9172.449155,246307.7569,99135.3151,-147172.4419,75,850782.479,8
2025-06-24 00:00:00+00:00,20,2.5979,0.4312,1.0,82,908279.1396,-130358.4558,0.5688,53,516638.7151,6513.442349,282788.6264,108851.7981,-173936.8283,82,908279.1396,9
2025-06-23 00:00:00+00:00,19,0.7658,0.5622,1.0,94,802372.276,-129178.0663,0.4378,56,351279.8209,8519.70015,195631.601,255460.854,59829.253,94,802372.276,19
2025-06-22 00:00:00+00:00,27,2.5735,0.5977,1.0,95,675284.6108,-152037.8772,0.4023,55,271668.0628,11014.004343,290669.7472,112946.8008,-177722.9465,95,675284.6108,13
2025-06-21 00:00:00+00:00,21,1.9629,0.6117,1.0,87,419980.7095,-125553.934,0.3883,54,163062.304,5894.139582,170206.4493,86711.9562,-83494.4931,87,419980.7095,12
2025-06-20 00:00:00+00:00,17,1.6153,0.5524,1.0,80,1359873.3404,-127517.2276,0.4476,44,608692.8945,23550.323484,463949.7769,287230.6689,-176719.108,80,1359873.3404,19
2025-06-19 00:00:00+00:00,17,1.8086,0.3182,1.0,64,800540.0089,-106847.5591,0.6818,40,545832.5495,27653.377064,164018.0546,90689.4049,-73328.6497,64,800540.0089,7
2025-06-18 00:00:00+00:00,13,3.8027,0.5858,1.0,74,839888.5591,-105098.399,0.4142,50,347855.1202,29145.047335,389584.9284,102448.5105,-287136.4179,74,839888.5591,11
2025-06-17 00:00:00+00:00,34,2.2708,0.5914,1.0,103,720987.0413,-59160.8785,0.4086,55,294577.3636,6315.403804,296041.8898,130367.7878,-165674.1021,103,720987.0413,14
2025-06-16 00:00:00+00:00,26,2.2152,0.2955,1.0,113,897003.7274,-37484.4256,0.7045,77,631921.248,8922.39015,182635.9513,82446.5281,-100189.4232,113,897003.7274,10
2025-06-15 00:00:00+00:00,16,0.8641,0.6112,1.0,50,171995.6481,-42541.0027,0.3888,25,66870.7483,3769.768452,48730.1219,56394.7779,7664.656,50,171995.6481,9
2025-06-14 00:00:00+00:00,24,3.5349,0.7277,1.0,54,239061.5596,-77263.3124,0.2723,23,65106.0188,6268.309697,135596.5445,38358.9963,-97237.5483,54,239061.5596,7
2025-06-13 00:00:00+00:00,24,1.1247,0.3987,1.0,109,1368557.0929,-67469.4671,0.6013,70,822891.5143,8782.341618,288848.5035,256817.0751,-32031.4284,109,1368557.0929,15
2025-06-12 00:00:00+00:00,16,1.3363,0.3297,1.0,99,1286868.6507,-73697.4872,0.6703,73,862558.2556,9815.0754,242697.4622,181612.9329,-61084.5293,99,1286868.6507,10
2025-06-11 00:00:00+00:00,14,0.8515,0.3236,1.0,104,1326678.5136,-86592.3592,0.6764,78,897374.2959,9281.192131,197438.9961,231865.2216,34426.2255,104,1326678.5136,12
2025-06-10 00:00:00+00:00,20,1.0534,0.3854,1.0,120,1390517.3457,-77626.1832,0.6146,83,854679.1234,5991.248115,274888.5769,260949.6454,-13938.9316,120,1390517.3457,17
2025-06-09 00:00:00+00:00,17,2.948,0.3978,1.0,94,690750.526,-99083.085,0.6022,71,415962.5179,9637.257089,205186.7356,69601.2724,-135585.4631,94,690750.526,6
2025-06-08 00:00:00+00:00,13,3.2334,0.8415,1.0,47,530199.5864,-76787.0734,0.1585,26,84017.0015,40901.817775,340787.0483,105395.5365,-235391.5118,47,530199.5864,8
2025-06-07 00:00:00+00:00,19,1.6063,0.5736,1.0,51,214960.5311,-33705.5854,0.4264,26,91667.8623,4390.903356,75986.6499,47306.0189,-28680.631,51,214960.5311,6
2025-06-06 00:00:00+00:00,13,1.5572,0.3574,1.0,88,971090.6469,-38912.9711,0.6426,69,624027.7791,9035.911167,211345.2185,135717.6493,-75627.5692,88,971090.6469,6
2025-06-05 00:00:00+00:00,16,2.766,0.2721,1.0,92,1186190.7318,-17039.705,0.7279,70,863438.9359,9561.256674,237050.2144,85701.5815,-151348.6329,92,1186190.7318,6
2025-06-04 00:00:00+00:00,10,0.5723,0.3352,1.0,83,1066008.4014,-287.9669,0.6648,62,708729.833,10196.923564,130044.5557,227234.0127,97189.457,83,1066008.4014,11
2025-06-03 00:00:00+00:00,29,1.6676,0.5598,1.0,99,1171462.8344,-10545.5739,0.4402,49,515624.7217,12330.544587,409987.6782,245850.4345,-164137.2437,99,1171462.8344,21
2025-06-02 00:00:00+00:00,28,0.8965,0.4079,1.0,104,920535.2844,-11476.4118,0.5921,65,545062.7833,14868.118309,177492.9418,197979.5593,20486.6175,104,920535.2844,11
2025-06-01 00:00:00+00:00,19,0.575,0.7943,1.0,54,308738.4682,-14540.6777,0.2057,23,63500.8525,9057.910768,89529.3554,155708.2603,66178.9048,54,308738.4682,12
2025-05-31 00:00:00+00:00,21,4.4506,0.3555,1.0,61,289441.5296,-29974.1292,0.6445,36,186557.5098,4061.903038,84008.1755,18875.8443,-65132.3312,61,289441.5296,4
2025-05-30 00:00:00+00:00,19,0.6868,0.4955,1.0,92,842063.6441,-25019.0745,0.5045,56,424792.3628,8558.45637,169892.9939,247378.2874,77485.2935,92,842063.6441,17
2025-05-29 00:00:00+00:00,29,1.1398,0.5601,1.0,102,931616.7468,-43963.9863,0.4399,57,409808.8946,9183.611994,277947.1592,243860.693,-34086.4663,102,931616.7468,16
2025-05-28 00:00:00+00:00,21,0.9044,0.5632,1.0,83,898206.587,-58199.1363,0.4368,53,392319.6665,12968.260437,240250.3562,265636.5643,25386.2081,83,898206.587,9
2025-05-27 00:00:00+00:00,44,1.8953,0.5545,1.0,117,995209.4644,-56106.5669,0.4455,59,443320.3916,12291.713698,361271.0908,190617.982,-170653.1088,117,995209.4644,14
2025-05-26 00:00:00+00:00,13,1.0108,0.2872,1.0,67,626457.385,-36090.0935,0.7128,45,446557.1656,8288.567015,90431.7317,89468.4877,-963.244,67,626457.385,9
2025-05-25 00:00:00+00:00,17,1.6034,0.4527,1.0,53,398905.974,-66789.6916,0.5473,29,218327.9467,8678.187805,111216.6414,69361.3859,-41855.2555,53,398905.974,7
2025-05-24 00:00:00+00:00,11,1.441,0.5519,1.0,43,305382.928,-62209.058,0.4481,27,136854.7012,7975.866676,99487.5876,69040.6392,-30446.9483,43,305382.928,5
2025-05-23 00:00:00+00:00,21,1.163,0.5247,1.0,100,1394234.6469,-67049.692,0.4753,66,662685.1395,15349.663292,393339.2985,338210.2089,-55129.0896,100,1394234.6469,13
2025-05-22 00:00:00+00:00,38,1.8211,0.4242,1.0,126,1082987.9567,-41356.4414,0.5758,78,623531.4535,14629.434091,296594.5094,162861.9938,-133732.5156,126,1082987.9567,10
2025-05-21 00:00:00+00:00,25,0.8748,0.3639,1.0,103,1647175.5604,-70042.4261,0.6361,60,1047740.7606,33765.90244,279700.3031,319734.4967,40034.1936,103,1647175.5604,18
2025-05-20 00:00:00+00:00,29,1.1348,0.4957,1.0,83,975976.7619,-135105.0337,0.5043,37,492228.9848,22396.330206,257142.786,226604.9912,-30537.7948,83,975976.7619,17
2025-05-19 00:00:00+00:00,26,2.1838,0.5508,1.0,97,1054009.9567,-130854.6983,0.4492,57,473461.9333,12712.523008,398204.2272,182343.7962,-215860.4309,97,1054009.9567,14
2025-05-18 00:00:00+00:00,24,1.0934,0.7176,1.0,68,305777.6912,-93766.3792,0.2824,29,86340.8776,4964.348138,114613.8171,104822.9966,-9790.8205,68,305777.6912,15
2025-05-17 00:00:00+00:00,24,1.3425,0.7845,1.0,60,560831.0497,-104162.8882,0.2155,21,120874.268,17787.133231,252144.0841,187812.6976,-64331.3865,60,560831.0497,15
2025-05-16 00:00:00+00:00,25,0.6159,0.615,1.0,84,853168.7408,-104915.9231,0.385,39,328457.1477,17056.410705,199993.964,324717.6292,124723.6652,84,853168.7408,20
2025-05-15 00:00:00+00:00,23,2.4451,0.6354,1.0,87,1255155.5686,-128734.8463,0.3646,48,457640.5461,23377.007941,566024.7157,231490.3068,-334534.4088,87,1255155.5686,16
2025-05-14 00:00:00+00:00,35,4.0059,0.6293,1.0,98,1099349.2668,-107957.0376,0.3707,53,407549.2071,20093.558218,553602.0598,138197.9999,-415404.0599,98,1099349.2668,10
2025-05-13 00:00:00+00:00,25,1.0039,0.4282,1.0,113,947183.8785,-65765.7791,0.5718,70,541615.6248,7506.160421,203176.8502,202391.4035,-785.4467,113,947183.8785,18
2025-05-12 00:00:00+00:00,44,0.8572,0.5161,1.0,142,1102804.8508,-70796.4752,0.4839,75,533671.9511,11465.890059,262687.5484,306445.3513,43757.803,142,1102804.8508,23
2025-05-11 00:00:00+00:00,29,1.5588,0.7068,1.0,79,534931.9124,-80418.9894,0.2932,35,156844.8054,10027.882942,230326.7452,147760.3618,-82566.3834,79,534931.9124,15
2025-05-10 00:00:00+00:00,35,1.4705,0.6736,1.0,95,542619.7439,-74488.9488,0.3264,44,177119.8051,7378.646813,217551.2849,147948.654,-69602.6309,95,542619.7439,16
2025-05-09 00:00:00+00:00,45,1.155,0.4376,1.0,144,1334470.5617,-65085.3024,0.5624,78,750572.9196,17343.462182,312953.2196,270944.4225,-42008.7972,144,1334470.5617,21
2025-05-08 00:00:00+00:00,49,2.0223,0.4841,1.0,132,1154832.7037,-61298.4833,0.5159,61,595817.1584,14976.568811,374052.6467,184962.8986,-189089.7481,132,1154832.7037,22
2025-05-07 00:00:00+00:00,32,2.009,0.5762,1.0,81,621424.7262,-46433.4574,0.4238,35,263372.2937,5984.64693,239058.8413,118993.5912,-120065.2501,81,621424.7262,14
2025-05-06 00:00:00+00:00,29,1.4269,0.4331,1.0,97,472534.0673,-24828.5132,0.5669,58,267889.2173,8103.908609,120322.585,84322.265,-36000.3199,97,472534.0673,10
2025-05-05 00:00:00+00:00,17,1.2543,0.3799,1.0,79,550807.2691,-34867.1412,0.6201,48,341569.3727,5904.762669,116418.8461,92819.0502,-23599.7959,79,550807.2691,14
2025-05-04 00:00:00+00:00,21,1.5679,0.6507,1.0,53,285310.1376,-50118.466,0.3493,25,99653.3868,5209.892903,113356.4251,72300.3257,-41056.0994,53,285310.1376,7
2025-05-03 00:00:00+00:00,21,1.0973,0.6034,1.0,53,134874.9188,-44788.0242,0.3966,23,53496.5726,2586.989251,42577.7261,38800.6201,-3777.106,53,134874.9188,9
2025-05-02 00:00:00+00:00,16,1.1384,0.4633,1.0,81,517035.2127,-33707.0216,0.5367,48,277478.1734,5382.717547,127529.0514,112027.9879,-15501.0635,81,517035.2127,17
2025-05-01 00:00:00+00:00,26,1.9319,0.5189,1.0,87,515578.9644,-24239.7467,0.4811,52,248045.7144,7192.327287,176283.9083,91249.3418,-85034.5665,87,515578.9644,9
2025-04-30 00:00:00+00:00,19,0.838,0.5863,1.0,89,603364.9378,-20563.0232,0.4137,52,249618.8009,8811.441095,161288.3888,192457.7481,31169.3593,89,603364.9378,18
2025-04-29 00:00:00+00:00,22,1.9105,0.3718,1.0,91,913806.6331,-40790.9084,0.6282,57,574094.3938,6865.883921,222991.478,116720.7614,-106270.7166,91,913806.6331,12
2025-04-28 00:00:00+00:00,23,1.7899,0.412,1.0,93,1117431.4501,-37033.8715,0.588,59,657015.6368,5666.285038,295387.4412,165028.3721,-130359.0691,93,1117431.4501,11
2025-04-27 00:00:00+00:00,12,1.0788,0.1984,1.0,52,497434.4511,-23088.8445,0.8016,34,398744.5685,8578.740294,51216.4447,47473.4379,-3743.0068,52,497434.4511,6
2025-04-26 00:00:00+00:00,16,0.4323,0.4638,1.0,55,401399.5295,-27964.7327,0.5362,26,215214.059,7421.46034,56197.7791,129987.6914,73789.9123,55,401399.5295,13
2025-04-25 00:00:00+00:00,16,0.7982,0.3966,1.0,95,1140797.2751,-38399.4632,0.6034,59,688313.0496,11369.306255,200857.1825,251627.0429,50769.8604,95,1140797.2751,20
2025-04-24 00:00:00+00:00,9,1.4042,0.2754,1.0,78,1280701.5737,-46036.8099,0.7246,58,927987.6239,12676.740677,206005.7259,146708.2239,-59297.502,78,1280701.5737,11
2025-04-23 00:00:00+00:00,32,1.5773,0.4324,1.0,122,1140248.7745,-41957.6537,0.5676,70,647244.1584,7471.00832,301715.2266,191289.3895,-110425.8371,122,1140248.7745,20
2025-04-22 00:00:00+00:00,35,1.3636,0.3581,1.0,158,1451748.2523,-40921.5286,0.6419,103,931850.0541,9247.043776,299934.8282,219963.37,-79971.4582,158,1451748.2523,20
2025-04-21 00:00:00+00:00,16,1.2293,0.3334,1.0,88,954584.2853,-48647.088,0.6666,60,636278.4086,6499.763482,175524.8783,142780.9984,-32743.8799,88,954584.2853,12
2025-04-20 00:00:00+00:00,10,1.8917,0.2551,1.0,49,481485.6149,-59099.6809,0.7449,29,358664.3689,7903.587447,80347.7351,42473.5109,-37874.2242,49,481485.6149,10
2025-04-19 00:00:00+00:00,9,0.9882,0.2226,1.0,53,565445.9968,-53526.4355,0.7774,33,439553.4795,8980.975223,62572.8592,63319.6581,746.799,53,565445.9968,11
2025-04-18 00:00:00+00:00,10,1.0482,0.1949,1.0,72,587404.8208,-54994.3728,0.8051,50,472934.4887,7618.437253,58580.9496,55889.3825,-2691.5671,72,587404.8208,12
2025-04-17 00:00:00+00:00,22,1.2697,0.4034,1.0,86,641458.8284,-60888.4737,0.5966,46,382712.2982,7762.357718,144744.9693,114001.5608,-30743.4085,86,641458.8284,18
2025-04-16 00:00:00+00:00,23,2.0766,0.4649,1.0,98,634175.1246,-59515.2206,0.5351,56,339339.7976,9698.343896,199004.1442,95831.1828,-103172.9614,98,634175.1246,19
2025-04-15 00:00:00+00:00,27,2.5919,0.4066,1.0,95,743832.9273,-48875.4509,0.5934,49,441368.7368,7427.719987,218257.282,84206.9085,-134050.3735,95,743832.9273,19
2025-04-14 00:00:00+00:00,30,1.9431,0.387,1.0,96,854175.4316,-43524.9109,0.613,44,523650.9701,8418.970483,218218.246,112306.2155,-105912.0305,96,854175.4316,22
2025-04-13 00:00:00+00:00,16,0.9878,0.4639,1.0,65,400321.9636,-51711.781,0.5361,30,214598.6898,5282.798547,92292.3902,93430.8836,1138.4934,65,400321.9636,19
2025-04-12 00:00:00+00:00,20,1.1274,0.6145,1.0,70,258883.6121,-71042.5686,0.3855,32,99807.0247,1653.974274,84302.6749,74773.9126,-9528.7623,70,258883.6121,18
2025-04-11 00:00:00+00:00,18,1.4801,0.3168,1.0,93,716628.7012,-79515.3058,0.6832,55,489577.9282,5768.748187,135500.5232,91550.2498,-43950.2734,93,716628.7012,20
2025-04-10 00:00:00+00:00,19,1.1916,0.3304,1.0,104,731610.0846,-97506.2917,0.6696,64,489920.8319,8219.402681,131409.9445,110279.3082,-21130.6363,104,731610.0846,21
2025-04-09 00:00:00+00:00,33,1.1707,0.3247,1.0,138,1123929.911,-119588.6304,0.6753,71,759006.0166,29999.94167,196809.2339,168114.6605,-28694.5734,138,1123929.911,34
2025-04-08 00:00:00+00:00,33,1.8898,0.4532,1.0,110,692273.5608,-131935.1048,0.5468,55,378557.7368,5140.121994,205156.2089,108559.6151,-96596.5938,110,692273.5608,22
2025-04-07 00:00:00+00:00,53,1.6886,0.4836,1.0,172,1317864.9464,-120420.6799,0.5164,78,680548.6372,6511.065272,400268.215,237048.0942,-163220.1209,172,1317864.9464,41
2025-04-06 00:00:00+00:00,40,2.2918,0.5623,1.0,96,608036.8594,-97821.5694,0.4377,36,266123.0083,5691.408798,238045.4356,103868.4155,-134177.0201,96,608036.8594,20
2025-04-05 00:00:00+00:00,23,2.3015,0.7566,1.0,45,230776.1282,-81637.7868,0.2434,14,56159.5746,3790.833012,121727.2381,52889.3155,-68837.9226,45,230776.1282,8
2025-04-04 00:00:00+00:00,38,3.1698,0.6961,1.0,87,468989.4181,-73164.1498,0.3039,35,142507.9609,5434.287958,248184.3161,78297.1411,-169887.1749,87,468989.4181,14
2025-04-03 00:00:00+00:00,33,3.8531,0.4495,1.0,88,664875.7811,-72363.1585,0.5505,47,365998.947,7997.259792,237291.9208,61584.9134,-175707.0073,88,664875.7811,8
2025-04-02 00:00:00+00:00,32,2.2752,0.5388,1.0,98,548748.1784,-62391.4012,0.4612,51,253078.3262,8258.030825,205394.8732,90274.979,-115119.8943,98,548748.1784,15
2025-04-01 00:00:00+00:00,25,1.1134,0.5177,1.0,90,575731.7885,-73786.1264,0.4823,55,277685.2746,7949.017392,157021.0664,141025.4474,-15995.6191,90,575731.7885,10
2025-03-31 00:00:00+00:00,21,1.0243,0.4725,1.0,88,886094.4173,-80410.1286,0.5275,51,467411.7467,9870.040203,211854.509,206828.1616,-5026.3474,88,886094.4173,16
2025-03-30 00:00:00+00:00,17,1.4385,0.66,1.0,50,176041.2555,-85286.3918,0.34,25,59860.9466,2736.353272,68535.4256,47644.8834,-20890.5422,50,176041.2555,8
2025-03-29 00:00:00+00:00,16,1.1546,0.5141,1.0,63,258075.8101,-87012.7646,0.4859,36,125387.0349,2686.05624,71105.6194,61583.1558,-9522.4636,63,258075.8101,11
2025-03-28 00:00:00+00:00,25,2.4275,0.3671,1.0,96,1074381.1742,-84193.1136,0.6329,59,679928.7747,10987.344435,279366.3177,115086.0818,-164280.2359,96,1074381.1742,12
2025-03-27 00:00:00+00:00,19,14.1613,0.2389,1.0,70,510574.6042,-68872.088,0.7611,48,388576.4932,11244.401098,113951.4085,8046.7025,-105904.706,70,510574.6042,3
2025-03-26 00:00:00+00:00,29,5.836,0.4786,1.0,86,575624.6989,-61406.3563,0.5214,52,300144.2933,7221.29964,235181.688,40298.7177,-194882.9704,86,575624.6989,5
2025-03-25 00:00:00+00:00,24,2.0843,0.4321,1.0,79,410561.4457,-46966.3592,0.5679,45,233163.952,5421.243638,119880.5642,57516.9295,-62363.6347,79,410561.4457,10
2025-03-24 00:00:00+00:00,16,1.4398,0.3465,1.0,84,626958.6655,-53287.4237,0.6535,62,409712.5606,6323.58476,128203.1472,89042.9576,-39160.1896,84,626958.6655,6
2025-03-23 00:00:00+00:00,13,1.7898,0.4414,1.0,46,263895.6507,-71411.464,0.5586,29,147414.7505,5996.005565,74728.0262,41752.874,-32975.1521,46,263895.6507,4
2025-03-22 00:00:00+00:00,13,0.8387,0.3912,1.0,54,297673.6696,-72698.0579,0.6088,34,181210.9509,5355.415374,53123.8127,63338.906,10215.0933,54,297673.6696,7
2025-03-21 00:00:00+00:00,7,2.419,0.2341,1.0,79,587124.8523,-75053.1688,0.7659,68,449707.6621,5424.209942,97225.1235,40192.0667,-57033.0568,79,587124.8523,4
2025-03-20 00:00:00+00:00,19,1.3357,0.4271,1.0,86,873790.7545,-79268.5726,0.5729,53,500557.6812,10063.853103,213438.8287,159794.2446,-53644.5842,86,873790.7545,14
2025-03-19 00:00:00+00:00,19,1.9848,0.3382,1.0,98,840652.4765,-94255.9092,0.6618,72,556357.3331,6531.229092,189049.0667,95246.0767,-93802.9901,98,840652.4765,7
2025-03-18 00:00:00+00:00,20,1.5302,0.4685,1.0,87,1085868.4586,-110214.531,0.5315,54,577117.2077,18943.162845,307681.1688,201070.0821,-106611.0866,87,1085868.4586,13
2025-03-17 00:00:00+00:00,22,3.1229,0.486,1.0,74,663487.1495,-110989.001,0.514,43,341045.6149,8515.490232,244235.003,78206.5316,-166028.4715,74,663487.1495,9
2025-03-16 00:00:00+00:00,16,2.5511,0.3232,1.0,50,297338.6731,-104467.2233,0.6768,32,201227.9416,8829.156272,69046.0207,27064.7108,-41981.3099,50,297338.6731,2
2025-03-15 00:00:00+00:00,12,1.1436,0.3995,1.0,53,234369.8729,-101026.3812,0.6005,35,140740.2253,4481.267888,49950.165,43679.4826,-6270.6824,53,234369.8729,6
2025-03-14 00:00:00+00:00,23,2.2996,0.3578,1.0,82,614027.0415,-104240.3126,0.6422,52,394301.0148,6394.430485,153133.4552,66592.5716,-86540.8836,82,614027.0415,7
2025-03-13 00:00:00+00:00,25,2.7449,0.502,1.0,87,677826.4804,-122441.6415,0.498,55,337531.6186,9436.268891,249425.401,90869.4608,-158555.9402,87,677826.4804,7
2025-03-12 00:00:00+00:00,33,2.0213,0.6041,1.0,103,1006425.9786,-92648.4439,0.3959,54,398473.6579,13685.702802,406732.8319,201219.4888,-205513.343,103,1006425.9786,16
2025-03-11 00:00:00+00:00,40,1.5562,0.4596,1.0,126,1120318.8214,-70612.915,0.5404,68,605444.0055,14495.571209,313453.5962,201421.2197,-112032.3765,126,1120318.8214,18
2025-03-10 00:00:00+00:00,34,1.6035,0.4592,1.0,130,1130947.0239,-77384.3315,0.5408,79,611657.1848,6617.167159,319832.9334,199456.9057,-120376.0277,130,1130947.0239,17
2025-03-09 00:00:00+00:00,20,1.1728,0.5848,1.0,70,384720.3971,-43655.7342,0.4152,41,159719.8162,5539.302981,121447.9979,103552.583,-17895.4148,70,384720.3971,9
2025-03-08 00:00:00+00:00,19,1.382,0.6885,1.0,57,260532.7459,-60213.4708,0.3115,24,81162.8214,4032.290184,104069.0635,75300.8611,-28768.2024,57,260532.7459,14
2025-03-07 00:00:00+00:00,37,3.2896,0.3389,1.0,92,1182890.0394,-53446.6091,0.6611,48,782052.5383,21805.621708,307393.8433,93443.6578,-213950.1855,92,1182890.0394,7
2025-03-06 00:00:00+00:00,27,0.7859,0.4933,1.0,102,845357.3781,-51743.5269,0.5067,51,428304.1843,8838.641091,183528.3755,233524.8182,49996.4427,102,845357.3781,24
2025-03-05 00:00:00+00:00,25,1.3623,0.4709,1.0,87,709747.023,-81244.2895,0.5291,47,375499.3357,7558.832994,192756.1641,141491.5231,-51264.641,87,709747.023,15
2025-03-04 00:00:00+00:00,37,2.0124,0.4344,1.0,140,1092002.5437,-98603.5186,0.5656,89,617623.3071,5686.658463,316905.7642,157473.4725,-159432.2917,140,1092002.5437,14
2025-03-03 00:00:00+00:00,29,0.7268,0.4929,1.0,146,1483589.4595,-110924.786,0.5071,98,752258.7269,9094.259493,307803.2895,423527.4431,115724.1536,146,1483589.4595,19
2025-03-02 00:00:00+00:00,54,1.7118,0.6616,1.0,160,770502.3602,-158786.723,0.3384,78,260729.8669,4956.208922,321786.0321,187986.4611,-133799.571,160,770502.3602,28
2025-03-01 00:00:00+00:00,31,0.8754,0.4669,1.0,116,599718.4217,-160392.5117,0.5331,65,319712.3532,6987.530678,130703.1196,149302.9489,18599.8293,116,599718.4217,20
2025-02-28 00:00:00+00:00,46,2.1068,0.4132,1.0,159,1372461.0371,-189536.2825,0.5868,99,805350.1606,5393.884457,384569.7435,182541.1331,-202028.6104,159,1372461.0371,14
2025-02-27 00:00:00+00:00,50,1.8678,0.4107,1.0,157,1259304.8149,-169775.0549,0.5893,82,742088.2964,6967.554522,336862.707,180353.8116,-156508.8954,157,1259304.8149,25
2025-02-26 00:00:00+00:00,59,1.9746,0.4423,1.0,183,1192248.2383,-160356.9847,0.5577,100,664913.3153,6499.523417,350057.0838,177277.8392,-172779.2447,183,1192248.2383,24
2025-02-25 00:00:00+00:00,57,1.7615,0.4582,1.0,198,1944557.5798,-142243.0038,0.5418,115,1053602.7562,9861.757517,568317.9935,322636.8301,-245681.1634,198,1944557.5798,26
2025-02-24 00:00:00+00:00,64,2.5877,0.5069,1.0,159,977718.9962,-123415.1024,0.4931,80,482142.3097,4426.660236,357443.046,138133.6404,-219309.4056,159,977718.9962,15
2025-02-23 00:00:00+00:00,29,1.8375,0.5423,1.0,86,906131.6639,-101187.5354,0.4577,39,414718.0705,8070.479263,318226.8426,173186.7508,-145040.0917,86,906131.6639,18
2025-02-22 00:00:00+00:00,28,1.9324,0.5722,1.0,92,1019075.0795,-90326.6269,0.4278,48,435980.3801,9979.894372,384250.6328,198844.0666,-185406.5661,92,1019075.0795,16
2025-02-21 00:00:00+00:00,18,1.3676,0.3252,1.0,102,1261548.267,-68987.0519,0.6748,70,851316.1847,7191.476465,236966.05,173266.0323,-63700.0177,102,1261548.267,14
2025-02-20 00:00:00+00:00,33,2.2703,0.5162,1.0,84,451779.6891,-68507.6088,0.4838,43,218584.1531,3973.32607,161888.9698,71306.5663,-90582.4035,84,451779.6891,8
2025-02-19 00:00:00+00:00,24,1.456,0.5897,1.0,82,419949.2468,-61929.0705,0.4103,38,172287.6497,4515.335431,146821.4879,100840.1092,-45981.3787,82,419949.2468,20
2025-02-18 00:00:00+00:00,29,2.8559,0.3952,1.0,92,598766.5372,-60461.8017,0.6048,57,362150.5047,4724.978361,175250.9429,61365.0896,-113885.8534,92,598766.5372,6
2025-02-17 00:00:00+00:00,29,2.0962,0.4762,1.0,96,377942.0207,-46512.3051,0.5238,55,197970.7328,3494.237106,121843.8624,58127.4254,-63716.437,96,377942.0207,12
2025-02-16 00:00:00+00:00,16,1.8099,0.7542,1.0,57,317481.4073,-45839.3738,0.2458,31,78038.4696,9391.386613,154228.3346,85214.603,-69013.7316,57,317481.4073,10
2025-02-15 00:00:00+00:00,19,1.9215,0.4686,1.0,54,243740.7261,-87952.9183,0.5314,31,129517.3704,5258.346109,75126.4487,39096.907,-36029.5417,54,243740.7261,4
2025-02-14 00:00:00+00:00,22,1.4541,0.4452,1.0,79,732506.5037,-114744.2024,0.5548,42,406372.4262,9155.10375,193238.9967,132895.0808,-60343.9159,79,732506.5037,15
2025-02-13 00:00:00+00:00,24,1.2741,0.5623,1.0,84,657060.0297,-110755.3737,0.4377,48,287577.2073,9179.003373,207007.7289,162475.0936,-44532.6353,84,657060.0297,12
2025-02-12 00:00:00+00:00,30,1.162,0.5605,1.0,88,850408.3057,-124100.7323,0.4395,47,373785.8868,11678.088369,256166.458,220455.9609,-35710.4971,88,850408.3057,11
2025-02-11 00:00:00+00:00,23,1.0853,0.5168,1.0,88,768127.5003,-92634.2033,0.4832,46,371170.2373,8378.912217,206598.32,190358.943,-16239.377,88,768127.5003,19
2025-02-10 00:00:00+00:00,20,1.3467,0.5071,1.0,74,787559.5338,-134448.83,0.4929,47,388208.9798,11492.693765,229178.2361,170172.3179,-59005.9182,74,787559.5338,7
2025-02-09 00:00:00+00:00,28,2.7567,0.8356,1.0,138,931057.5011,-146906.0755,0.1644,25,153060.9432,17031.277473,570902.5502,207094.0077,-363808.5426,138,931057.5011,85
2025-02-08 00:00:00+00:00,17,45.7137,0.3006,1.0,66,776959.2125,-116076.2315,0.6994,48,543390.682,14854.170835,228568.5304,5000.0,-223568.5304,66,776959.2125,1
2025-02-07 00:00:00+00:00,37,1.1406,0.5791,1.0,96,852493.6378,-90872.8991,0.4209,52,358777.7275,15978.563737,263069.0128,230646.8975,-32422.1153,96,852493.6378,7
2025-02-06 00:00:00+00:00,38,2.0264,0.5767,1.0,102,705246.3364,-155069.1208,0.4233,55,298497.6044,7016.761594,272349.4387,134399.2934,-137950.1453,102,705246.3364,9
2025-02-05 00:00:00+00:00,26,0.6222,0.4851,1.0,105,1633787.668,-139805.7659,0.5149,67,841282.1254,22890.465526,303975.1683,488530.3742,184555.2059,105,1633787.668,12
2025-02-04 00:00:00+00:00,28,2.2798,0.5055,1.0,123,1566287.8727,-181823.0565,0.4945,79,774549.3182,15928.129649,550340.1592,241398.3953,-308941.7639,123,1566287.8727,16
2025-02-03 00:00:00+00:00,75,1.315,0.5504,1.0,221,1952202.9199,-161790.7484,0.4496,117,877680.1254,8281.05753,610364.7157,464158.0789,-146206.6368,221,1952202.9199,29
2025-02-02 00:00:00+00:00,38,2.3272,0.4691,1.0,101,790945.0465,-164496.9923,0.5309,46,419925.9472,14813.524178,259509.3671,111509.7322,-147999.635,101,790945.0465,17
2025-02-01 00:00:00+00:00,24,1.6109,0.7137,1.0,69,282321.7995,-148645.3922,0.2863,30,80835.4602,3748.557237,124315.7713,77170.5681,-47145.2032,69,282321.7995,15
2025-01-31 00:00:00+00:00,26,4.2643,0.6632,1.0,101,1171639.702,-149683.9477,0.3368,60,394653.3818,44178.028406,629390.9937,147595.3265,-481795.6673,101,1171639.702,15
2025-01-30 00:00:00+00:00,27,1.3307,0.5415,1.0,79,404905.8478,-111927.0526,0.4585,39,185657.8708,3813.787341,125177.3191,94070.6579,-31106.6612,79,404905.8478,13
2025-01-29 00:00:00+00:00,39,2.5422,0.7294,1.0,77,345021.1444,-136327.9076,0.2706,27,93366.211,3641.289162,180610.3809,71044.5525,-109565.8284,77,345021.1444,11
2025-01-28 00:00:00+00:00,29,2.8747,0.3984,1.0,105,875347.4141,-149193.3672,0.6016,65,526643.5231,5930.327134,258709.749,89994.1419,-168715.6071,105,875347.4141,11
2025-01-27 00:00:00+00:00,36,2.3218,0.4816,1.0,123,861764.5514,-139735.44,0.5184,73,446720.5011,6133.648455,290097.1972,124946.8532,-165150.344,123,861764.5514,14
2025-01-26 00:00:00+00:00,25,1.6736,0.7116,1.0,62,206585.0602,-135439.2826,0.2884,27,59582.8441,3474.58745,92020.3251,54981.8911,-37038.434,62,206585.0602,10
2025-01-25 00:00:00+00:00,17,1.3282,0.8288,1.0,105,465744.1942,-155548.1036,0.1712,19,79733.1467,13208.537323,220213.0695,165797.978,-54415.0915,105,465744.1942,69
2025-01-24 00:00:00+00:00,50,2.7161,0.6111,1.0,111,770750.0032,-162675.3034,0.3889,50,299776.6202,7576.319595,344235.3925,126737.9905,-217497.402,111,770750.0032,11
2025-01-23 00:00:00+00:00,48,2.5612,0.5672,1.0,117,812010.5429,-157712.1142,0.4328,57,351435.3942,9990.094461,331243.8974,129331.2514,-201912.646,117,812010.5429,12
2025-01-22 00:00:00+00:00,42,3.2097,0.5208,1.0,102,730224.6527,-141464.0844,0.4792,49,349920.1744,6919.311857,289964.2621,90340.2161,-199624.046,102,730224.6527,11
2025-01-21 00:00:00+00:00,52,1.6539,0.5879,1.0,124,707761.5219,-123800.6692,0.4121,60,291703.3214,4981.062466,259284.1586,156774.042,-102510.1166,124,707761.5219,12
2025-01-20 00:00:00+00:00,53,1.8921,0.5846,1.0,141,749061.3469,-120150.5168,0.4154,70,311167.4642,4482.893806,286485.5623,151408.3203,-135077.242,141,749061.3469,18
2025-01-19 00:00:00+00:00,68,2.242,0.5146,1.0,159,901868.8801,-120513.736,0.4854,73,437763.3868,6568.969607,320952.8372,143152.6562,-177800.181,159,901868.8801,18
2025-01-18 00:00:00+00:00,48,1.8609,0.661,1.0,119,524374.7365,-98836.4944,0.339,55,177748.593,3491.130331,225465.8167,121160.3267,-104305.49,119,524374.7365,16
2025-01-17 00:00:00+00:00,32,2.6747,0.5188,1.0,95,772954.0617,-88153.5517,0.4812,53,371945.2191,4873.7532,291881.9602,109126.8824,-182755.0778,95,772954.0617,10
2025-01-16 00:00:00+00:00,31,1.5982,0.6044,1.0,86,633650.9888,-72535.4004,0.3956,43,250672.2207,5904.709182,235577.6029,147401.1652,-88176.4377,86,633650.9888,12
2025-01-15 00:00:00+00:00,35,2.0868,0.5984,1.0,91,360653.8004,-100242.9413,0.4016,44,144847.442,3390.987566,145893.2487,69913.1097,-75980.139,91,360653.8004,12
2025-01-14 00:00:00+00:00,30,1.9542,0.5157,1.0,84,462054.9916,-104197.6806,0.4843,44,223787.3715,3995.179143,157613.3351,80654.2849,-76959.0502,84,462054.9916,10
2025-01-13 00:00:00+00:00,44,2.2652,0.4511,1.0,120,787319.9911,-109438.405,0.5489,65,432147.5701,7139.014559,246396.0985,108776.3224,-137619.7761,120,787319.9911,11
2025-01-12 00:00:00+00:00,16,1.5972,0.2104,1.0,46,538636.4302,-98645.4247,0.7896,21,425306.8718,22463.432051,69694.5242,43635.0342,-26059.49,46,538636.4302,9
2025-01-11 00:00:00+00:00,14,1.6691,0.6593,1.0,49,178645.3389,-104665.5837,0.3407,25,60869.8168,3251.9208,73650.2067,44125.3154,-29524.8912,49,178645.3389,10
2025-01-10 00:00:00+00:00,24,1.7913,0.446,1.0,79,580768.613,-94549.5879,0.554,47,321752.3087,5070.85201,166222.1616,92794.1427,-73428.0188,79,580768.613,8
2025-01-09 00:00:00+00:00,45,3.2348,0.5275,1.0,105,1013490.9466,-95083.2441,0.4725,52,478871.2836,12706.776536,408374.4434,126245.2195,-282129.2239,105,1013490.9466,8
2025-01-08 00:00:00+00:00,44,1.9856,0.3334,1.0,130,941795.4396,-72885.6631,0.6666,73,627770.7055,9559.592583,208844.0238,105180.7103,-103663.3135,130,941795.4396,13
2025-01-07 00:00:00+00:00,39,1.4883,0.6948,1.0,86,833569.1856,-90054.4913,0.3052,37,254413.4322,12997.73236,346399.9374,232755.8161,-113644.1213,86,833569.1856,10
2025-01-06 00:00:00+00:00,21,1.7308,0.3988,1.0,83,581634.3884,-89065.0484,0.6012,52,349689.8828,7187.094772,147006.7097,84937.7959,-62068.9139,83,581634.3884,10
2025-01-05 00:00:00+00:00,21,3.4374,0.6779,1.0,57,183146.3697,-90570.1619,0.3221,27,58984.9787,3498.321691,96180.9972,27980.3938,-68200.6033,57,183146.3697,9
2025-01-04 00:00:00+00:00,17,0.554,0.3517,1.0,58,409076.8487,-78146.1007,0.6483,32,265213.499,9302.129561,51288.1351,92575.2147,41287.0796,58,409076.8487,9
2025-01-03 00:00:00+00:00,30,2.2343,0.3985,1.0,93,507335.3229,-96082.6098,0.6015,56,305144.4207,3986.825718,139677.2574,62513.6448,-77163.6126,93,507335.3229,7
2025-01-02 00:00:00+00:00,17,2.4562,0.4701,1.0,79,639863.9635,-83282.4709,0.5299,54,339039.7351,9640.372428,213785.1924,87039.036,-126746.1564,79,639863.9635,8
2025-01-01 00:00:00+00:00,14,6.3478,0.3622,1.0,64,849086.85,-77970.5207,0.6378,47,541527.1029,19993.543848,265702.4293,41857.3178,-223845.1115,64,849086.85,3
2024-12-31 00:00:00+00:00,25,2.1313,0.3352,1.0,111,881172.9355,-55780.708,0.6648,78,585796.8201,7363.443184,201047.0679,94329.0475,-106718.0205,111,881172.9355,8
2024-12-30 00:00:00+00:00,15,1.8315,0.2518,1.0,83,981838.6616,-45216.0868,0.7482,62,734595.5755,13974.253845,159923.8973,87319.1888,-72604.7085,83,981838.6616,6
2024-12-29 00:00:00+00:00,10,0.7471,0.3512,1.0,57,369216.2071,-56342.4129,0.6488,36,239563.2107,7902.052345,55442.5858,74210.4106,18767.8248,57,369216.2071,11
2024-12-28 00:00:00+00:00,21,8.0219,0.5655,1.0,58,191465.2982,-73105.3923,0.4345,30,83195.2851,3609.199696,96269.2483,12000.7647,-84268.4836,58,191465.2982,7
2024-12-27 00:00:00+00:00,18,0.8923,0.338,1.0,83,646819.0165,-74527.1012,0.662,57,428206.2896,6417.757555,103087.6838,115525.043,12437.3591,83,646819.0165,8
2024-12-26 00:00:00+00:00,36,1.7539,0.5964,1.0,87,548499.4015,-106809.9107,0.4036,39,221352.0471,6676.594972,208354.9297,118792.4247,-89562.5049,87,548499.4015,12
2024-12-25 00:00:00+00:00,17,4.0164,0.3777,1.0,67,301661.041,-122582.2225,0.6223,41,187714.7987,5132.475842,91231.3324,22714.9099,-68516.4225,67,301661.041,9
2024-12-24 00:00:00+00:00,14,1.2356,0.2773,1.0,81,1121185.65,-131867.4964,0.7227,58,810293.8695,15745.332903,171828.7263,139063.0542,-32765.6721,81,1121185.65,9
2024-12-23 00:00:00+00:00,22,2.4943,0.3707,1.0,91,949324.1195,-137208.6375,0.6293,59,597416.4438,13423.787614,251198.3334,100709.3423,-150488.9912,91,949324.1195,10
2024-12-22 00:00:00+00:00,19,3.1119,0.413,1.0,67,464673.9541,-145703.2319,0.587,43,272750.6378,5530.683864,145248.1736,46675.1426,-98573.031,67,464673.9541,5
2024-12-21 00:00:00+00:00,29,2.4302,0.4288,1.0,79,527023.3795,-128021.546,0.5712,45,301046.1626,5280.736578,160098.8312,65878.3857,-94220.4456,79,527023.3795,5
2024-12-20 00:00:00+00:00,49,2.1775,0.4977,1.0,153,1157848.48,-117554.8152,0.5023,90,581598.2545,5504.801294,394896.2665,181353.959,-213542.3075,153,1157848.48,14
2024-12-19 00:00:00+00:00,55,2.141,0.5352,1.0,137,1028595.9081,-105073.767,0.4648,72,478126.6863,6857.730202,375218.9545,175250.2672,-199968.6873,137,1028595.9081,10
2024-12-18 00:00:00+00:00,38,2.2322,0.4412,1.0,136,793862.0746,-97553.4508,0.5588,89,443639.7142,4121.232949,241867.8502,108354.5102,-133513.3399,136,793862.0746,9
2024-12-17 00:00:00+00:00,49,1.2438,0.618,1.0,128,1044915.7474,-137184.8806,0.382,62,399203.1436,14282.869249,357933.132,287779.4718,-70153.6602,128,1044915.7474,17
2024-12-16 00:00:00+00:00,53,3.5828,0.4617,1.0,131,806827.7477,-141091.8749,0.5383,71,434302.0946,7185.12258,291238.4023,81287.2508,-209951.1515,131,806827.7477,7
2024-12-15 00:00:00+00:00,15,0.7106,0.5691,1.0,66,261777.7334,-141404.4385,0.4309,39,112803.2348,4933.637599,61887.8643,87086.6343,25198.77,66,261777.7334,12
2024-12-14 00:00:00+00:00,21,1.4469,0.5373,1.0,74,213543.1962,-141890.7242,0.4627,44,98816.8463,3339.121205,67839.84,46886.5099,-20953.3301,74,213543.1962,9
2024-12-13 00:00:00+00:00,19,2.0279,0.3914,1.0,87,949680.4035,-135400.4331,0.6086,57,577996.0778,8605.127061,248929.6479,122754.6778,-126174.9701,87,949680.4035,11
2024-12-12 00:00:00+00:00,39,2.1421,0.4856,1.0,114,834750.2475,-126877.6453,0.5144,64,429432.7837,5605.545966,276321.9689,128995.4949,-147326.474,114,834750.2475,11
2024-12-11 00:00:00+00:00,28,4.4355,0.503,1.0,107,1292474.7757,-133169.7573,0.497,68,642313.2993,22187.784556,530547.4125,119614.0639,-410933.3485,107,1292474.7757,11
2024-12-10 00:00:00+00:00,35,1.618,0.4644,1.0,118,889469.6258,-88513.9514,0.5356,71,476437.3544,4361.726953,255267.4457,157764.8258,-97502.6199,118,889469.6258,12
2024-12-09 00:00:00+00:00,44,2.3731,0.5524,1.0,131,943352.885,-93400.7045,0.4476,74,422225.6588,13206.464882,366633.1615,154494.0647,-212139.0969,131,943352.885,13
2024-12-08 00:00:00+00:00,18,0.7978,0.5874,1.0,72,329856.2824,-82865.8217,0.4126,39,136105.6298,6012.232715,85977.9412,107772.7114,21794.7703,72,329856.2824,15
2024-12-07 00:00:00+00:00,27,0.8378,0.5091,1.0,85,544935.7435,-83544.4455,0.4909,48,267505.5109,8054.321374,126475.7625,150954.4702,24478.7077,85,544935.7435,10
2024-12-06 00:00:00+00:00,30,1.2672,0.3549,1.0,142,1590474.1813,-96723.1285,0.6451,97,1026086.4592,11145.370788,315451.5889,248936.1331,-66515.4558,142,1590474.1813,15
2024-12-05 00:00:00+00:00,39,2.3503,0.4464,1.0,146,1063734.8345,-94869.3025,0.5536,96,588909.8072,5293.456065,333098.1427,141726.8847,-191371.258,146,1063734.8345,11
2024-12-04 00:00:00+00:00,48,1.3148,0.5569,1.0,146,1298558.4945,-91302.0457,0.4431,80,575419.3437,8033.149921,410740.929,312398.2218,-98342.7073,146,1298558.4945,18
2024-12-03 00:00:00+00:00,45,1.4444,0.6377,1.0,124,1136182.8082,-91048.4022,0.3623,62,411664.5717,7465.4665,428114.0641,296404.1725,-131709.8916,124,1136182.8082,17
2024-12-02 00:00:00+00:00,38,1.5634,0.5239,1.0,124,1201873.5877,-93697.1651,0.4761,71,572155.4017,7467.619947,384056.5517,245661.6344,-138394.9173,124,1201873.5877,15
2024-12-01 00:00:00+00:00,33,0.8891,0.7412,1.0,85,391605.1151,-110750.0387,0.2588,37,101344.9881,6547.989926,136607.8617,153652.2652,17044.4034,85,391605.1151,15
2024-11-30 00:00:00+00:00,28,1.6497,0.6346,1.0,90,435566.1557,-121568.0634,0.3654,46,159153.572,4304.762517,172092.3282,104320.2555,-67772.0727,90,435566.1557,16
2024-11-29 00:00:00+00:00,15,1.5169,0.3244,1.0,88,803649.5621,-129606.4651,0.6756,66,542940.1771,5841.607278,157124.0294,103585.3556,-53538.6738,88,803649.5621,7
2024-11-28 00:00:00+00:00,40,2.1232,0.6095,1.0,96,759136.3404,-166776.1812,0.3905,40,296436.1882,5913.587788,314550.3066,148149.8456,-166400.461,96,759136.3404,16
2024-11-27 00:00:00+00:00,37,1.5524,0.4661,1.0,120,957282.9728,-149617.0237,0.5339,66,511090.7928,7417.581302,271379.6912,174812.4888,-96567.2025,120,957282.9728,17
2024-11-26 00:00:00+00:00,43,1.9803,0.5413,1.0,103,843925.1801,-153270.48,0.4587,49,387137.1629,5966.405546,303519.6245,153268.3927,-150251.2319,103,843925.1801,11
2024-11-25 00:00:00+00:00,34,2.1712,0.5242,1.0,131,1331460.8446,-156023.1653,0.4758,79,633527.7809,10107.217927,477849.0481,220084.0156,-257765.0325,131,1331460.8446,18
2024-11-24 00:00:00+00:00,25,2.1631,0.5199,1.0,80,306937.0785,-146581.0563,0.4801,45,147350.2463,3317.843002,109134.3009,50452.5313,-58681.7697,80,306937.0785,10
2024-11-23 00:00:00+00:00,44,2.8584,0.541,1.0,126,476050.0237,-148956.2644,0.459,75,218517.3969,4309.877977,190786.7554,66745.8714,-124040.884,126,476050.0237,7
2024-11-22 00:00:00+00:00,44,2.848,0.5019,1.0,136,1301647.3356,-138166.1822,0.4981,79,648385.2598,15005.510343,483494.3812,169767.6946,-313726.6866,136,1301647.3356,13
2024-11-21 00:00:00+00:00,51,1.1809,0.4345,1.0,153,1284299.2996,-118838.4612,0.5655,90,726334.8316,9733.100125,302125.4132,255839.0548,-46286.3584,153,1284299.2996,12
2024-11-20 00:00:00+00:00,40,1.889,0.4716,1.0,117,841630.7812,-133346.3757,0.5284,69,444706.335,7786.596553,259532.9214,137391.5248,-122141.3966,117,841630.7812,8
2024-11-19 00:00:00+00:00,39,2.4616,0.5018,1.0,130,800063.2221,-139347.2638,0.4982,82,398573.5831,10197.86699,285504.8341,115984.8049,-169520.0292,130,800063.2221,9
2024-11-18 00:00:00+00:00,37,2.7586,0.5285,1.0,111,775150.7592,-103278.0977,0.4715,68,365505.2807,7022.611747,300657.8741,108987.6044,-191670.2697,111,775150.7592,6
2024-11-17 00:00:00+00:00,25,2.0584,0.5792,1.0,76,375702.5343,-92450.172,0.4208,41,158083.181,5824.1362,146463.7898,71155.5635,-75308.2262,76,375702.5343,10
2024-11-16 00:00:00+00:00,29,1.3967,0.6337,1.0,85,462559.8608,-115404.7168,0.3663,47,169449.786,5979.846487,170810.1917,122299.8831,-48510.3086,85,462559.8608,9
2024-11-15 00:00:00+00:00,35,4.3713,0.4201,1.0,112,676632.3446,-143503.2547,0.5799,65,392347.0899,4193.250575,231358.9471,52926.3075,-178432.6396,112,676632.3446,12
2024-11-14 00:00:00+00:00,34,4.2159,0.3534,1.0,115,678563.8281,-117301.3779,0.6466,71,438777.7597,4100.630005,193813.9142,45972.1542,-147841.76,115,678563.8281,10
2024-11-13 00:00:00+00:00,40,1.9273,0.5046,1.0,125,1026961.4437,-114444.5616,0.4954,72,508771.2118,7426.923146,341168.9227,177021.3093,-164147.6134,125,1026961.4437,13
2024-11-12 00:00:00+00:00,27,0.7691,0.4398,1.0,139,1445404.0746,-110726.3685,0.5602,98,809735.4267,10608.429472,276352.2571,359316.3908,82964.1337,139,1445404.0746,14
2024-11-11 00:00:00+00:00,52,1.4906,0.6752,1.0,135,871228.9169,-135129.9951,0.3248,63,282965.8036,7265.459552,352068.9515,236194.1617,-115874.7897,135,871228.9169,20
2024-11-10 00:00:00+00:00,40,2.8641,0.6144,1.0,102,796169.5496,-128514.1209,0.3856,45,306982.2586,10061.077759,362588.6654,126598.6256,-235990.0398,102,796169.5496,17
2024-11-09 00:00:00+00:00,36,2.9045,0.7655,1.0,78,656730.6874,-96650.9035,0.2345,29,154031.9997,17323.631016,373949.381,128749.3067,-245200.0742,78,656730.6874,13
2024-11-08 00:00:00+00:00,21,0.9567,0.3941,1.0,93,570698.573,-67362.0969,0.6059,56,345813.9099,4414.853921,109952.0824,114932.5807,4980.4984,93,570698.573,16
2024-11-07 00:00:00+00:00,47,2.0258,0.4544,1.0,133,829873.4471,-85784.9632,0.5456,73,452760.2023,6320.295871,252478.6453,124634.5995,-127844.0458,133,829873.4471,13
2024-11-06 00:00:00+00:00,39,1.6093,0.6021,1.0,124,982391.5454,-68857.2016,0.3979,57,390886.6595,6302.661039,364812.5739,226692.312,-138120.2619,124,982391.5454,28
2024-11-05 00:00:00+00:00,20,2.0025,0.356,1.0,81,739238.5692,-60150.2408,0.644,51,476091.8717,6341.481983,175503.9751,87642.7225,-87861.2526,81,739238.5692,10
2024-11-04 00:00:00+00:00,16,1.977,0.3967,1.0,77,534328.1766,-57639.2522,0.6033,50,322366.4519,4525.130154,140762.6976,71199.0271,-69563.6705,77,534328.1766,11
2024-11-03 00:00:00+00:00,11,1.2853,0.3663,1.0,52,283072.4027,-52235.5616,0.6337,34,179373.7409,5524.48793,58323.0899,45375.5719,-12947.518,52,283072.4027,7
2024-11-02 00:00:00+00:00,12,1.8501,0.4447,1.0,51,302925.6087,-51573.5861,0.5553,30,168215.8969,6758.169797,87444.0696,47265.6421,-40178.4276,51,302925.6087,9
2024-11-01 00:00:00+00:00,24,2.3067,0.5326,1.0,77,589106.3358,-46463.0246,0.4674,39,275362.0455,6145.785613,218861.9282,94882.3621,-123979.5661,77,589106.3358,14
2024-10-31 00:00:00+00:00,25,1.0596,0.5482,1.0,80,589284.0028,-59681.2369,0.4518,38,266224.2676,7027.195455,166204.7248,156855.0104,-9349.7145,80,589284.0028,17
2024-10-30 00:00:00+00:00,35,1.5554,0.5367,1.0,123,661575.2343,-61729.1069,0.4633,59,306485.2704,4087.362258,216130.7502,138959.2137,-77171.5366,123,661575.2343,29
2024-10-29 00:00:00+00:00,24,1.4342,0.368,1.0,117,1070870.6336,-60391.39,0.632,77,676824.8325,10151.667579,232165.0667,161880.7345,-70284.3321,117,1070870.6336,16
2024-10-28 00:00:00+00:00,17,1.3207,0.3851,1.0,77,596399.0118,-55724.7258,0.6149,49,366738.7203,4466.751749,130699.0638,98961.2277,-31737.8361,77,596399.0118,11
2024-10-27 00:00:00+00:00,13,1.1323,0.7221,1.0,45,185609.3632,-50554.8146,0.2779,20,51579.0335,3186.636503,71172.0098,62858.32,-8313.6898,45,185609.3632,12
2024-10-26 00:00:00+00:00,15,1.0593,0.6412,1.0,56,238475.5447,-68813.5931,0.3588,27,85564.8419,2774.186316,78657.5999,74253.103,-4404.4969,56,238475.5447,14
2024-10-25 00:00:00+00:00,18,1.8528,0.5671,1.0,89,1277090.7162,-75494.1265,0.4329,59,552846.8754,24618.68139,470375.4465,253868.3943,-216507.0522,89,1277090.7162,12
2024-10-24 00:00:00+00:00,21,1.2302,0.4837,1.0,98,474445.5165,-64089.5402,0.5163,56,244945.0538,4085.672524,126592.6337,102907.8289,-23684.8048,98,474445.5165,21
2024-10-23 00:00:00+00:00,24,1.7237,0.4959,1.0,85,514626.9709,-67642.5503,0.5041,43,259423.4687,4434.745213,161505.5101,93697.9922,-67807.5179,85,514626.9709,18
2024-10-22 00:00:00+00:00,22,1.4223,0.4689,1.0,98,460226.2296,-41193.5952,0.5311,56,244448.9637,3410.592253,126697.4743,89079.7916,-37617.6827,98,460226.2296,20
2024-10-21 00:00:00+00:00,18,0.957,0.4766,1.0,87,425004.7788,-55897.0363,0.5234,54,222461.379,3456.803747,99045.929,103497.4709,4451.5419,87,425004.7788,15
2024-10-20 00:00:00+00:00,15,3.7926,0.6852,1.0,59,340924.1922,-61480.0341,0.3148,35,107309.0144,15743.919186,184870.1586,48745.0191,-136125.1395,59,340924.1922,9
2024-10-19 00:00:00+00:00,16,2.8731,0.5408,1.0,51,195629.4493,-45833.4088,0.4592,31,89827.6487,3365.355212,78485.0156,27316.785,-51168.2306,51,195629.4493,4
2024-10-18 00:00:00+00:00,27,2.5972,0.5196,1.0,92,592436.3685,-43242.8779,0.4804,52,284617.2896,5242.535378,222247.0135,85572.0654,-136674.948,92,592436.3685,13
2024-10-17 00:00:00+00:00,20,1.5343,0.4268,1.0,83,539672.1806,-29860.6962,0.5732,51,309352.2189,6313.697668,139437.9184,90882.0432,-48555.8752,83,539672.1806,12
2024-10-16 00:00:00+00:00,31,0.5895,0.6578,1.0,87,690634.8351,-23814.922,0.3422,38,236364.8356,21386.5451,168467.416,285802.5835,117335.1675,87,690634.8351,18
2024-10-15 00:00:00+00:00,34,2.4973,0.4875,1.0,107,673414.839,-47851.6747,0.5125,58,345139.8682,5876.202516,234408.3703,93866.6005,-140541.7698,107,673414.839,15
2024-10-14 00:00:00+00:00,29,1.4082,0.5224,1.0,95,391118.3082,-38758.6901,0.4776,50,186814.3801,3402.294716,119466.6855,84837.2427,-34629.4428,95,391118.3082,16
2024-10-13 00:00:00+00:00,18,1.4986,0.8151,1.0,44,163523.3888,-45365.2234,0.1849,17,30229.0636,3542.401619,79946.5438,53347.7814,-26598.7624,44,163523.3888,9
2024-10-12 00:00:00+00:00,22,1.5897,0.7656,1.0,53,189494.9153,-42126.49,0.2344,19,44426.9704,3435.964087,89051.2297,56016.7152,-33034.5145,53,189494.9153,12
2024-10-11 00:00:00+00:00,12,1.5436,0.3335,1.0,72,603319.7601,-41053.0869,0.6665,48,402127.0191,7703.288947,122096.2085,79096.5325,-42999.676,72,603319.7601,12
2024-10-10 00:00:00+00:00,17,1.0645,0.4491,1.0,75,444322.6173,-42949.217,0.5509,40,244794.4164,7045.991713,102881.8283,96646.3726,-6235.4557,75,444322.6173,18
2024-10-09 00:00:00+00:00,18,1.9282,0.4009,1.0,82,400675.8895,-46105.9917,0.5991,55,240029.3805,3051.73836,105784.3053,54862.2037,-50922.1016,82,400675.8895,9
2024-10-08 00:00:00+00:00,27,2.0601,0.5836,1.0,74,380347.0242,-67832.8465,0.4164,35,158386.8387,3527.396294,149425.5316,72534.6539,-76890.8777,74,380347.0242,12
2024-10-07 00:00:00+00:00,23,1.9018,0.5407,1.0,84,481301.3899,-77062.8453,0.4593,44,221055.7447,4141.569624,170560.4105,89685.2348,-80875.1757,84,481301.3899,17
2024-10-06 00:00:00+00:00,9,1.1342,0.5382,0.9401,33,109105.7546,-80491.5212,0.4618,26,53599.1132,2859.087247,33193.3107,29265.6823,-3927.6284,40,116058.1063,5
2024-10-05 00:00:00+00:00,8,2.0882,0.1602,1.0,45,452119.3583,-85645.7391,0.8398,34,379693.7323,7144.102786,48973.1595,23452.4664,-25520.693,45,452119.3583,3
2024-10-04 00:00:00+00:00,17,2.2754,0.3317,1.0,64,435632.7367,-85440.4125,0.6683,42,291119.0429,5747.621993,100393.1404,44120.5534,-56272.587,64,435632.7367,5
2024-10-03 00:00:00+00:00,15,1.3153,0.4599,1.0,71,452339.2863,-89838.762,0.5401,41,244300.6789,4449.749192,118185.743,89852.8644,-28332.8786,71,452339.2863,15
2024-10-02 00:00:00+00:00,37,3.2307,0.5952,1.0,105,646912.257,-92807.2248,0.4048,53,261885.2781,6840.977288,294018.532,91008.4469,-203010.0851,105,646912.257,15
2024-10-01 00:00:00+00:00,25,2.488,0.4156,1.0,102,798133.7977,-65088.89,0.5844,67,466445.1953,9070.600562,236594.7357,95093.8667,-141500.8691,102,798133.7977,10
2024-09-30 00:00:00+00:00,20,2.4065,0.3614,1.0,79,702915.1304,-61660.706,0.6386,50,448913.632,6680.581181,179438.7029,74562.7955,-104875.9073,79,702915.1304,9
2024-09-29 00:00:00+00:00,18,2.0655,0.7065,0.9816,51,159921.0514,-54637.6543,0.2935,25,47817.2178,3010.980636,77555.4932,37548.3393,-40007.1539,54,162921.0503,11
2024-09-28 00:00:00+00:00,12,1.7524,0.4647,1.0,52,189570.497,-54378.4351,0.5353,35,101471.0178,3172.152349,56091.4429,32008.0364,-24083.4065,52,189570.497,5
2024-09-27 00:00:00+00:00,23,2.1597,0.3959,1.0,92,599172.6583,-59679.6149,0.6041,59,361963.4685,3770.859092,162135.1117,75074.0782,-87061.0335,92,599172.6583,10
2024-09-26 00:00:00+00:00,21,1.6369,0.4641,1.0,85,438099.9768,-48172.6709,0.5359,51,234768.1928,3363.637755,126221.9512,77109.8328,-49112.1184,85,438099.9768,13
2024-09-25 00:00:00+00:00,16,1.0714,0.3828,1.0,75,680530.6105,-92072.4568,0.6172,48,420038.6199,8312.713929,134736.8662,125755.1245,-8981.7416,75,680530.6105,11
2024-09-24 00:00:00+00:00,21,2.3376,0.4397,1.0,77,666861.5606,-106537.817,0.5603,47,373665.9881,8630.883801,205349.5766,87845.9959,-117503.5806,77,666861.5606,9
2024-09-23 00:00:00+00:00,37,1.4164,0.4328,1.0,94,747035.4579,-98258.1185,0.5672,43,423746.9154,12222.83577,189501.544,133786.9985,-55714.5455,94,747035.4579,14
2024-09-22 00:00:00+00:00,21,1.8122,0.7247,1.0,47,182468.7357,-106945.2088,0.2753,19,50225.3011,3459.935635,85218.0271,47025.4075,-38192.6195,47,182468.7357,7
2024-09-21 00:00:00+00:00,19,2.8112,0.6447,1.0,45,199710.3062,-105228.1256,0.3553,20,70947.2433,4456.044928,94977.3639,33785.699,-61191.6649,45,199710.3062,6
2024-09-20 00:00:00+00:00,24,1.0582,0.3805,1.0,83,605637.9862,-104413.7845,0.6195,44,375167.2445,10866.116785,118491.5837,111979.158,-6512.4257,83,605637.9862,15
2024-09-19 00:00:00+00:00,29,4.4938,0.7239,1.0,90,774169.5983,-96365.1608,0.2761,45,213734.3002,17419.94786,458422.9588,102012.3392,-356410.6196,90,774169.5983,16
2024-09-18 00:00:00+00:00,30,2.5849,0.5702,1.0,69,437312.6175,-71682.9784,0.4298,28,187961.8676,4033.885058,179795.0065,69555.7434,-110239.2631,69,437312.6175,11
2024-09-17 00:00:00+00:00,22,1.934,0.3876,1.0,71,482537.3343,-95823.066,0.6124,40,295488.7629,6555.253274,123297.1314,63751.44,-59545.6914,71,482537.3343,9
2024-09-16 00:00:00+00:00,27,2.9081,0.4316,1.0,95,552941.0286,-94669.0922,0.5684,56,314280.7178,5018.616754,177592.244,61068.0668,-116524.1772,95,552941.0286,12
2024-09-15 00:00:00+00:00,14,1.7838,0.5165,1.0,53,179977.0445,-101494.2752,0.4835,31,87015.3246,4032.459878,59567.3788,33394.3412,-26173.0376,53,179977.0445,8
2024-09-14 00:00:00+00:00,18,2.1971,0.8181,1.0,51,181147.6829,-98030.9729,0.1819,23,32948.2362,7109.140373,101845.3617,46354.0851,-55491.2767,51,181147.6829,10
2024-09-13 00:00:00+00:00,31,0.6595,0.4573,1.0,103,531042.9024,-103534.0114,0.5427,59,288221.4795,10970.610735,96496.7414,146324.6815,49827.94,103,531042.9024,13
2024-09-12 00:00:00+00:00,27,4.8654,0.6118,1.0,79,455421.661,-121050.5519,0.3882,42,176771.9715,7234.220738,231142.5162,47507.1733,-183635.3428,79,455421.661,10
2024-09-11 00:00:00+00:00,39,2.4205,0.7101,1.0,90,946828.6874,-102353.4988,0.2899,37,274474.9194,20352.447274,475786.822,196566.946,-279219.876,90,946828.6874,14
2024-09-10 00:00:00+00:00,17,1.2842,0.622,1.0,77,665033.3076,-78670.0559,0.378,47,251380.8655,15634.106942,232560.1588,181092.2834,-51467.8754,77,665033.3076,13
2024-09-09 00:00:00+00:00,23,3.1521,0.6275,1.0,75,505171.1242,-105893.8394,0.3725,39,188179.1329,11727.851316,240646.2247,76345.7666,-164300.4581,75,505171.1242,13
2024-09-08 00:00:00+00:00,11,1.0667,0.4626,1.0,45,129193.0309,-93437.422,0.5374,29,69427.9348,1903.599294,30847.5087,28917.5873,-1929.9214,45,129193.0309,5
2024-09-07 00:00:00+00:00,23,3.106,0.7152,1.0,61,256267.1348,-109811.3394,0.2848,30,72975.5071,6366.509708,138652.087,44639.5407,-94012.5462,61,256267.1348,8
2024-09-06 00:00:00+00:00,30,1.8051,0.5063,1.0,97,500871.38,-117712.58,0.4937,54,247272.3417,4051.483512,163193.4409,90405.5974,-72787.8434,97,500871.38,13
2024-09-05 00:00:00+00:00,20,2.2045,0.3086,1.0,76,454853.1697,-130240.0155,0.6914,49,314497.5613,7245.100676,96555.7896,43799.8188,-52755.9707,76,454853.1697,7
2024-09-04 00:00:00+00:00,26,2.4947,0.5313,1.0,79,499155.9293,-135046.2357,0.4687,41,233931.6863,4053.777283,189330.0095,75894.2335,-113435.776,79,499155.9293,12
2024-09-03 00:00:00+00:00,29,2.7831,0.598,1.0,98,858745.4821,-128414.105,0.402,53,345233.3197,25483.962102,377773.2612,135738.9012,-242034.3601,98,858745.4821,16
2024-09-02 00:00:00+00:00,24,2.3605,0.6158,1.0,66,309275.3254,-114098.1166,0.3842,32,118824.9616,3701.621607,133777.9499,56672.4139,-77105.536,66,309275.3254,10
2024-09-01 00:00:00+00:00,14,3.1913,0.8566,1.0,45,260223.0693,-117332.9765,0.1434,19,37303.4447,11575.810369,169733.4838,53186.1407,-116547.3432,45,260223.0693,12
2024-08-31 00:00:00+00:00,14,13.7476,0.7583,1.0,38,227821.2569,-104397.1466,0.2417,21,55072.7627,10670.040544,161034.8624,11713.6318,-149321.2306,38,227821.2569,3
2024-08-30 00:00:00+00:00,33,3.6647,0.648,1.0,75,433554.985,-91424.0879,0.352,32,152626.0631,4423.173237,220704.4068,60224.5151,-160479.8917,75,433554.985,10
2024-08-29 00:00:00+00:00,16,2.3,0.4613,1.0,68,475469.6908,-133122.5226,0.5387,44,256152.3967,6734.79649,152858.4034,66458.8907,-86399.5126,68,475469.6908,8
2024-08-28 00:00:00+00:00,37,1.5125,0.4708,1.0,120,697741.1301,-131517.1305,0.5292,70,369211.1799,8526.105304,197770.4055,130759.5446,-67010.8609,120,697741.1301,13
2024-08-27 00:00:00+00:00,30,3.3345,0.5594,1.0,78,470690.7158,-133727.7751,0.4406,39,207368.2203,4333.14529,202572.4684,60750.027,-141822.4414,78,470690.7158,9
2024-08-26 00:00:00+00:00,19,2.7044,0.5355,1.0,62,404877.4229,-122475.4143,0.4645,34,188077.725,4588.574459,158274.6264,58525.0714,-99749.5549,62,404877.4229,9
2024-08-25 00:00:00+00:00,21,1.8593,0.8242,1.0,40,104961.7931,-112055.8762,0.1758,11,18456.8474,2377.577431,56250.7399,30254.2058,-25996.5341,40,104961.7931,8
2024-08-24 00:00:00+00:00,23,2.0297,0.6622,1.0,63,259957.2506,-110722.6055,0.3378,28,87803.8438,4002.875427,115331.6132,56821.7936,-58509.8196,63,259957.2506,12
2024-08-23 00:00:00+00:00,22,8.3324,0.7401,1.0,70,777957.5116,-108270.3771,0.2599,40,202199.1909,26096.248822,514063.6277,61694.693,-452368.9347,70,777957.5116,8
2024-08-22 00:00:00+00:00,21,2.0243,0.4338,1.0,69,511558.2472,-56911.932,0.5662,41,289643.595,7269.897424,148538.21,73376.4422,-75161.7678,69,511558.2472,7
2024-08-21 00:00:00+00:00,24,2.6766,0.4117,1.0,66,439314.2287,-51512.6403,0.5883,35,258432.304,4455.17523,131683.6489,49198.2758,-82485.3731,66,439314.2287,7
2024-08-20 00:00:00+00:00,25,2.4619,0.4196,1.0,82,355831.1663,-43553.7606,0.5804,49,206506.93,3361.716621,106190.0761,43134.1602,-63055.9159,82,355831.1663,8
2024-08-19 00:00:00+00:00,28,1.2834,0.4237,1.0,86,509892.6255,-38809.6685,0.5763,50,293831.7734,7705.936663,121436.8201,94624.0319,-26812.7882,86,509892.6255,8
2024-08-18 00:00:00+00:00,9,2.0521,0.4242,1.0,34,113963.6883,-48635.3705,0.5758,21,65624.2594,2965.129599,32501.5339,15837.895,-16663.639,34,113963.6883,4
2024-08-17 00:00:00+00:00,12,3.352,0.6474,0.9662,35,114161.6715,-52375.4513,0.3526,24,41658.6566,3135.530769,58922.2925,17578.0714,-41344.2211,39,118159.0205,3
2024-08-16 00:00:00+00:00,17,2.7744,0.5366,1.0,58,368130.139,-53997.7192,0.4634,35,170602.7357,8057.042902,145193.6111,52333.7922,-92859.8188,58,368130.139,6
2024-08-15 00:00:00+00:00,16,1.5351,0.448,1.0,75,395175.8767,-42163.3283,0.552,50,218138.348,6984.275201,107202.1274,69835.4013,-37366.7261,75,395175.8767,9
2024-08-14 00:00:00+00:00,11,1.4666,0.28,1.0,68,505469.9454,-45826.8217,0.72,50,363948.7561,4136.548302,84147.2022,57373.987,-26773.2152,68,505469.9454,7
2024-08-13 00:00:00+00:00,23,1.4002,0.504,1.0,87,355201.8076,-58626.1973,0.496,50,176180.882,3255.320095,104434.0983,74586.8274,-29847.271,87,355201.8076,14
2024-08-12 00:00:00+00:00,21,2.0551,0.4538,1.0,76,609952.6834,-67014.5006,0.5462,48,333158.0613,5692.122322,186193.6621,90600.9599,-95592.7022,76,609952.6834,7
2024-08-11 00:00:00+00:00,20,1.8282,0.7964,1.0,41,183711.778,-97802.2149,0.2036,11,37406.8568,3307.414238,94574.563,51730.3582,-42844.2048,41,183711.778,10
2024-08-10 00:00:00+00:00,16,2.7292,0.6404,1.0,42,177478.2817,-101467.9973,0.3596,19,63825.1018,3072.844862,83176.6381,30476.5418,-52700.0962,42,177478.2817,7
2024-08-09 00:00:00+00:00,13,1.0994,0.3978,1.0,64,532020.568,-98367.6381,0.6022,41,320359.8696,4538.566701,110839.8904,100820.808,-10019.0824,64,532020.568,10
2024-08-08 00:00:00+00:00,16,2.3375,0.2199,1.0,93,715142.4714,-104491.2878,0.7801,68,557910.3554,5546.68647,110121.6481,47110.4679,-63011.1803,93,715142.4714,9
2024-08-07 00:00:00+00:00,28,1.7775,0.4514,1.0,107,921002.0677,-108523.3397,0.5486,63,505278.4389,9832.460658,266046.2364,149677.3924,-116368.844,107,921002.0677,16
2024-08-06 00:00:00+00:00,22,1.4574,0.419,1.0,97,1135533.5021,-107078.6071,0.581,66,659723.7679,9774.272187,282187.5642,193622.17,-88565.3942,97,1135533.5021,9
2024-08-05 00:00:00+00:00,58,1.9026,0.4859,1.0,202,2058931.432,-100141.4197,0.5141,117,1058477.8528,12541.394644,655780.1409,344673.4383,-311106.7026,202,2058931.432,27
2024-08-04 00:00:00+00:00,27,2.4389,0.5149,1.0,71,317955.7626,-72641.4343,0.4851,34,154232.6915,4581.763238,116113.8762,47609.1949,-68504.6813,71,317955.7626,10
2024-08-03 00:00:00+00:00,18,1.5091,0.5655,1.0,64,270158.9993,-60870.5456,0.4345,38,117394.71,4358.662834,91880.9358,60883.3536,-30997.5822,64,270158.9993,8
2024-08-02 00:00:00+00:00,16,1.7076,0.2538,1.0,75,797425.6616,-63488.4684,0.7462,50,595062.6387,12769.059809,127623.8266,74739.1964,-52884.6302,75,797425.6616,9
2024-08-01 00:00:00+00:00,19,2.3337,0.3117,1.0,81,731690.7126,-68441.7385,0.6883,55,503644.5349,5069.072198,159640.8606,68405.3171,-91235.5435,81,731690.7126,7
2024-07-31 00:00:00+00:00,18,3.8047,0.2756,1.0,75,660516.4785,-81619.0587,0.7244,53,478490.5687,3272.756599,144140.8129,37885.0969,-106255.716,75,660516.4785,4
2024-07-30 00:00:00+00:00,12,1.6883,0.1403,1.0,86,1113938.4684,-70205.3421,0.8597,68,957684.8919,17065.229026,98129.3292,58124.2473,-40005.082,86,1113938.4684,6
2024-07-29 00:00:00+00:00,13,4.0721,0.1746,1.0,80,1121688.1945,-77549.8634,0.8254,63,925866.4733,9561.827757,157214.2633,38607.458,-118606.8053,80,1121688.1945,4
2024-07-28 00:00:00+00:00,9,0.6015,0.4727,1.0,40,118092.4308,-72705.9891,0.5273,25,62270.6812,2191.384259,20965.1049,34856.6447,13891.5397,40,118092.4308,6
2024-07-27 00:00:00+00:00,20,2.1414,0.5689,1.0,55,238629.3587,-77201.9913,0.4311,27,102881.3468,4966.426442,92535.5267,43212.4852,-49323.0415,55,238629.3587,8
2024-07-26 00:00:00+00:00,13,2.5801,0.1777,1.0,76,1116107.071,-69289.8449,0.8223,58,917723.2047,13229.963505,142970.6935,55413.1728,-87557.5206,76,1116107.071,5
2024-07-25 00:00:00+00:00,21,3.341,0.2798,1.0,83,1215995.0785,-62736.3939,0.7202,53,875765.2019,11076.69772,261853.3308,78376.5458,-183476.785,83,1215995.0785,9
2024-07-24 00:00:00+00:00,4,2.2959,0.0592,1.0,72,1132965.3809,-41568.298,0.9408,66,1065924.7446,11279.988354,46700.168,20340.4683,-26359.6996,72,1132965.3809,2
2024-07-23 00:00:00+00:00,26,1.8595,0.5319,1.0,76,571788.7438,-44565.7069,0.4681,36,267650.0717,4077.026702,197777.7017,106360.9704,-91416.7313,76,571788.7438,14
2024-07-22 00:00:00+00:00,8,10.527,0.082,1.0,67,1249524.1548,-39578.8892,0.918,58,1147043.447,34125.903934,93590.1967,8890.5112,-84699.6855,67,1249524.1548,1
2024-07-21 00:00:00+00:00,18,1.4584,0.617,1.0,42,152820.2715,-37830.0999,0.383,14,58537.1485,3884.53189,55931.7994,38351.3237,-17580.4757,42,152820.2715,10
2024-07-20 00:00:00+00:00,7,0.8219,0.3169,1.0,43,195643.6834,-39317.2403,0.6831,32,133643.6863,2959.60016,27969.0069,34030.9901,6061.9832,43,195643.6834,4
2024-07-19 00:00:00+00:00,19,1.7671,0.4036,1.0,67,372530.0555,-44165.2042,0.5964,40,222164.2584,3492.473705,96024.5802,54341.2169,-41683.3634,67,372530.0555,8
2024-07-18 00:00:00+00:00,14,1.7751,0.4003,1.0,61,315726.9253,-54717.5924,0.5997,40,189335.8858,3540.709206,80845.5764,45545.4631,-35300.1134,61,315726.9253,7
2024-07-17 00:00:00+00:00,16,1.8992,0.3705,1.0,73,411956.6046,-56521.6249,0.6295,50,259315.5745,4985.067613,99991.2961,52649.7341,-47341.562,73,411956.6046,7
2024-07-16 00:00:00+00:00,23,1.483,0.6374,1.0,73,455731.939,-53353.0513,0.3626,38,165244.7085,4948.818002,173498.1192,116989.1113,-56509.0079,73,455731.939,12
2024-07-15 00:00:00+00:00,16,2.333,0.3625,1.0,73,499793.9126,-52060.7152,0.6375,51,318621.9504,3860.846711,126815.0612,54356.9009,-72458.1603,73,499793.9126,6
2024-07-14 00:00:00+00:00,8,2.0908,0.5864,1.0,36,135248.2174,-47419.1822,0.4136,23,55936.8696,3351.332562,53650.9032,25660.4446,-27990.4586,36,135248.2174,5
2024-07-13 00:00:00+00:00,13,1.5307,0.678,1.0,46,196029.9428,-49728.3588,0.322,22,63113.163,4076.612609,80395.2719,52521.5079,-27873.764,46,196029.9428,11
2024-07-12 00:00:00+00:00,11,4.0389,0.4368,1.0,59,438595.6834,-48025.6039,0.5632,42,246999.4162,9097.155204,153573.1739,38023.0932,-115550.0807,59,438595.6834,6
2024-07-11 00:00:00+00:00,16,1.6858,0.4324,1.0,65,434139.2446,-48949.674,0.5676,42,246435.2012,4203.875023,117816.1921,69887.8512,-47928.3409,65,434139.2446,7
2024-07-10 00:00:00+00:00,17,1.429,0.4312,1.0,63,330392.0224,-47883.7561,0.5688,39,187935.9822,4491.257676,83808.7934,58647.2468,-25161.5466,63,330392.0224,7
2024-07-09 00:00:00+00:00,14,1.6089,0.558,1.0,60,364455.2226,-46551.4771,0.442,37,161091.8649,6990.271387,125413.0063,77950.3514,-47462.6549,60,364455.2226,9
2024-07-08 00:00:00+00:00,19,1.6471,0.5183,1.0,79,315433.5685,-51047.0146,0.4817,48,151933.4746,2700.942062,101733.7617,61766.3322,-39967.4295,79,315433.5685,12
2024-07-07 00:00:00+00:00,15,2.0685,0.63,1.0,42,201271.4311,-60865.5016,0.37,22,74471.2843,3594.916755,85477.4209,41322.726,-44154.6949,42,201271.4311,5
2024-07-06 00:00:00+00:00,16,1.3751,0.6044,1.0,44,167135.607,-53795.935,0.3956,20,66115.9826,2844.86891,58487.0521,42532.5723,-15954.4798,44,167135.607,8
2024-07-05 00:00:00+00:00,42,2.0211,0.6475,1.0,102,557555.2536,-54637.0959,0.3525,40,196535.3248,3019.580751,241519.2501,119500.6788,-122018.5713,102,557555.2536,20
2024-07-04 00:00:00+00:00,28,1.6305,0.4791,1.0,78,352381.9221,-55139.5419,0.5209,39,183554.5517,5338.869091,104647.143,64180.2274,-40466.9155,78,352381.9221,11
2024-07-03 00:00:00+00:00,15,1.2363,0.3626,1.0,73,413287.4166,-54244.4749,0.6374,48,263436.6624,6088.070607,82843.1741,67007.58,-15835.5941,73,413287.4166,10
2024-07-02 00:00:00+00:00,18,2.2141,0.5123,1.0,59,407918.8882,-61395.1576,0.4877,32,198961.68,3788.452115,143944.3126,65012.8955,-78931.4172,59,407918.8882,9
2024-07-01 00:00:00+00:00,16,3.2375,0.4561,1.0,64,451358.9112,-65218.6841,0.5439,39,245502.1699,6267.64767,157276.7898,48579.9514,-108696.8384,64,451358.9112,9
2024-06-30 00:00:00+00:00,7,0.9314,0.4379,1.0,41,342631.5338,-63787.5588,0.5621,25,192578.2109,8409.451118,72360.5259,77692.7971,5332.2712,41,342631.5338,9
2024-06-29 00:00:00+00:00,12,1.9964,0.484,0.9926,44,134704.8499,-74661.3664,0.516,27,70019.4106,2629.910338,43764.0225,21921.4168,-21842.6057,45,135704.8499,6
2024-06-28 00:00:00+00:00,25,2.5934,0.5167,1.0,77,547907.0609,-76257.1772,0.4833,39,264802.1452,4910.348894,204320.3046,78784.611,-125535.6936,77,547907.0609,13
2024-06-27 00:00:00+00:00,21,1.4754,0.4113,1.0,84,433010.4337,-59614.0416,0.5887,49,254932.9806,4579.003098,106139.4497,71938.0034,-34201.4463,84,433010.4337,14
2024-06-26 00:00:00+00:00,19,2.5377,0.3784,1.0,72,400655.9723,-66148.4419,0.6216,44,249063.776,4195.927089,108741.2848,42850.9115,-65890.3733,72,400655.9723,9
2024-06-25 00:00:00+00:00,21,3.2001,0.4746,1.0,66,425132.9845,-62679.3725,0.5254,35,223355.8131,4665.279133,153736.6372,48040.5342,-105696.103,66,425132.9845,10
2024-06-24 00:00:00+00:00,31,2.4007,0.5547,1.0,80,431880.1309,-55666.7187,0.4453,37,192300.7034,3393.472852,169129.1941,70450.2334,-98678.9607,80,431880.1309,12
2024-06-23 00:00:00+00:00,12,2.8583,0.7326,1.0,42,200618.2628,-49045.3979,0.2674,23,53651.7375,7484.635442,108875.4539,38091.0714,-70784.3824,42,200618.2628,7
2024-06-22 00:00:00+00:00,12,2.3646,0.6766,0.9479,34,114033.3257,-42431.9955,0.3234,22,38905.7208,2859.788738,57205.2068,24191.9255,-33013.2813,41,120302.853,7
2024-06-21 00:00:00+00:00,18,1.1254,0.4938,1.0,70,310110.108,-44008.2261,0.5062,39,156963.4544,3303.311356,81090.1987,72056.4548,-9033.7439,70,310110.108,13
2024-06-20 00:00:00+00:00,23,2.6165,0.5368,1.0,75,333150.3221,-43954.9614,0.4632,41,154299.9175,2966.311163,129396.3267,49454.0779,-79942.2487,75,333150.3221,11
2024-06-19 00:00:00+00:00,25,1.6592,0.4658,1.0,72,360308.8705,-38711.9661,0.5342,33,192476.4704,5245.36438,104719.6437,63112.7564,-41606.8873,72,360308.8705,14
2024-06-18 00:00:00+00:00,19,1.8593,0.4199,1.0,79,448529.6101,-33840.5465,0.5801,48,260171.28,3559.84744,122482.9284,65875.4016,-56607.5268,79,448529.6101,12
2024-06-17 00:00:00+00:00,15,2.061,0.3822,1.0,68,395037.2307,-53124.8036,0.6178,45,244064.2601,2768.084297,101651.3429,49321.6278,-52329.7151,68,395037.2307,8
2024-06-16 00:00:00+00:00,12,1.9395,0.5653,1.0,37,135555.516,-48882.291,0.4347,19,58931.6018,2671.324798,50557.24,26066.6743,-24490.5657,37,135555.516,6
2024-06-15 00:00:00+00:00,20,4.0917,0.6117,1.0,48,118584.5774,-46049.7303,0.3883,21,46044.4179,2112.450106,58293.5274,14246.6321,-44046.8953,48,118584.5774,7
2024-06-14 00:00:00+00:00,16,1.1058,0.4813,1.0,72,358244.8007,-45445.5632,0.5187,41,185825.3438,2660.44141,90540.1739,81879.283,-8660.8908,72,358244.8007,15
2024-06-13 00:00:00+00:00,19,1.8647,0.4144,1.0,77,345679.9121,-52056.3419,0.5856,48,202422.8487,4064.447214,93249.1725,50007.8909,-43241.2816,77,345679.9121,10
2024-06-12 00:00:00+00:00,10,1.1113,0.3286,1.0,76,433258.0369,-53480.8402,0.6714,55,290879.6453,4933.861495,74942.671,67435.7207,-7506.9504,76,433258.0369,11
2024-06-11 00:00:00+00:00,15,1.8512,0.7767,1.0,114,826243.5881,-58230.2224,0.2233,29,184475.2678,19427.726223,416682.8232,225085.4972,-191597.326,114,826243.5881,70
2024-06-10 00:00:00+00:00,15,1.5617,0.4146,1.0,68,248976.4394,-29368.054,0.5854,44,145752.9417,2400.025223,62927.8126,40295.6851,-22632.1275,68,248976.4394,9
2024-06-09 00:00:00+00:00,12,1.2324,0.5693,0.697,18,54821.2191,-30974.3974,0.4307,27,33871.8704,1912.805941,24721.6467,20059.0058,-4662.6408,47,78652.5228,8
2024-06-08 00:00:00+00:00,20,2.096,0.5628,1.0,59,199861.486,-32145.004,0.4372,31,87384.2939,2177.389552,76147.4586,36329.7335,-39817.7251,59,199861.486,8
2024-06-07 00:00:00+00:00,20,2.1193,0.4303,1.0,78,355824.0407,-29232.8765,0.5697,46,202723.0523,3527.064518,104018.6652,49082.3232,-54936.342,78,355824.0407,12
2024-06-06 00:00:00+00:00,21,2.3017,0.3005,1.0,68,449123.8722,-5714.9109,0.6995,39,314149.3904,8754.053569,94093.6256,40880.8562,-53212.7694,68,449123.8722,8
2024-06-05 00:00:00+00:00,19,1.7049,0.4897,1.0,70,319355.9989,-13417.2132,0.5103,41,162973.0987,3270.843454,98567.7632,57815.1371,-40752.6261,70,319355.9989,10
2024-06-04 00:00:00+00:00,9,0.7932,0.3353,1.0,66,269917.2715,-5710.9761,0.6647,46,179404.5459,2940.422388,40037.4361,50475.2895,10437.8533,66,269917.2715,11
2024-06-03 00:00:00+00:00,18,1.4873,0.4554,1.0,71,379749.4217,-11620.2193,0.5446,41,206823.7019,3163.971067,103401.1257,69524.5941,-33876.5316,71,379749.4217,12
2024-06-02 00:00:00+00:00,14,1.4343,0.5215,0.9711,45,134175.8323,-5559.372,0.4785,28,66116.6214,2431.858076,42457.9461,29601.059,-12856.8871,49,138175.6265,7
2024-06-01 00:00:00+00:00,16,1.4939,0.7011,0.9662,47,135230.4587,-6244.894,0.2989,23,41827.1729,2444.675854,58781.1489,39348.3161,-19432.8328,52,139956.6378,13
2024-05-31 00:00:00+00:00,14,0.4277,0.6046,1.0,71,452629.6345,-2400.1295,0.3954,39,178969.2032,8325.941192,81985.5069,191674.9244,109689.4175,71,452629.6345,18
2024-05-30 00:00:00+00:00,16,1.2083,0.8812,1.0,74,1288923.0823,-2959.3822,0.1188,39,153080.059,64642.545797,621485.9545,514357.0688,-107128.8857,74,1288923.0823,19
2024-05-29 00:00:00+00:00,14,0.8746,0.4123,1.0,70,478496.7142,10584.215,0.5877,44,281220.5488,6457.705676,92042.566,105233.5994,13191.0334,70,478496.7142,12
2024-05-28 00:00:00+00:00,26,1.3022,0.3781,1.0,83,623078.3436,15581.7438,0.6219,40,387463.7155,16212.911187,133270.7383,102343.8897,-30926.8486,83,623078.3436,17
2024-05-27 00:00:00+00:00,17,0.9044,0.4512,1.0,85,377440.2569,16970.2656,0.5488,49,207144.2352,4736.373603,80873.3111,89422.7107,8549.3996,85,377440.2569,19
2024-05-26 00:00:00+00:00,18,1.2409,0.6382,1.0,52,257316.4932,4967.4536,0.3618,23,93103.8944,4150.307215,90934.07,73278.5287,-17655.5414,52,257316.4932,11
2024-05-25 00:00:00+00:00,7,0.776,0.1745,1.0,60,339859.3132,5340.2795,0.8255,46,280536.9382,6091.028467,25920.9281,33401.4469,7480.5188,60,339859.3132,7
2024-05-24 00:00:00+00:00,16,0.4872,0.4076,1.0,85,752666.3511,2578.6368,0.5924,50,445882.146,6501.186727,100504.7781,206279.4269,105774.6488,85,752666.3511,19
2024-05-23 00:00:00+00:00,34,1.0731,0.4308,1.0,119,811283.7171,-13622.3002,0.5692,61,461759.4749,5423.686828,180923.9741,168600.2682,-12323.7059,119,811283.7171,24
2024-05-22 00:00:00+00:00,24,0.7393,0.5507,1.0,98,583651.7321,-18256.6905,0.4493,56,262260.9603,4865.269636,136608.5184,184782.2534,48173.735,98,583651.7321,18
2024-05-21 00:00:00+00:00,44,1.1132,0.4653,1.0,149,850712.0112,-29452.4663,0.5347,82,454904.0832,4526.223018,208507.5619,187300.3661,-21207.1958,149,850712.0112,23
2024-05-20 00:00:00+00:00,34,1.8662,0.5118,1.0,110,487927.952,-29293.4965,0.4882,60,238198.3127,3370.00583,162599.9618,87129.6774,-75470.2845,110,487927.952,16
2024-05-19 00:00:00+00:00,10,1.7171,0.4959,0.9027,30,103773.047,-28678.0392,0.5041,26,57950.5838,3207.918277,36027.9056,20982.1458,-15045.7598,42,114960.6353,6
2024-05-18 00:00:00+00:00,11,1.4987,0.5172,1.0,41,114823.8553,-29565.5282,0.4828,24,55442.4077,1961.152244,35616.2138,23765.2338,-11850.9801,41,114823.8553,6
2024-05-17 00:00:00+00:00,21,1.1404,0.4935,1.0,76,235793.3779,-28724.0052,0.5065,46,119421.5049,2538.278252,62001.8917,54369.9813,-7631.9104,76,235793.3779,9
2024-05-16 00:00:00+00:00,17,1.7057,0.3316,1.0,82,517533.6561,-31417.0435,0.6684,50,345907.1191,8437.086701,108195.4874,63431.0496,-44764.4379,82,517533.6561,15
2024-05-15 00:00:00+00:00,17,1.6193,0.3382,1.0,72,377590.77,-25055.4723,0.6618,44,249879.3337,5450.020762,78954.0661,48757.3702,-30196.6959,72,377590.77,11
2024-05-14 00:00:00+00:00,15,1.6355,0.3793,1.0,70,219742.3681,-26933.0954,0.6207,49,136404.325,1869.438111,51716.2251,31621.818,-20094.4071,70,219742.3681,6
2024-05-13 00:00:00+00:00,18,3.7199,0.2273,1.0,76,543278.8332,-32573.2831,0.7727,53,419789.9268,6054.54819,97325.4949,26163.4115,-71162.0833,76,543278.8332,5
2024-05-12 00:00:00+00:00,9,2.5012,0.4179,1.0,40,118649.3738,-27948.4372,0.5821,27,69069.7636,2016.209011,35418.8964,14160.7138,-21258.1826,40,118649.3738,4
2024-05-11 00:00:00+00:00,11,1.248,0.5406,0.9379,34,93725.9735,-26479.7108,0.4594,24,45912.1447,2329.255468,29990.4135,24030.0942,-5960.3193,41,99932.6524,6
2024-05-10 00:00:00+00:00,17,1.4942,0.3975,1.0,75,336246.4313,-26412.4606,0.6025,49,202582.9607,4559.334236,80073.3244,53590.1462,-26483.1782,75,336246.4313,9
2024-05-09 00:00:00+00:00,16,1.0036,0.3396,1.0,62,382888.8038,-33791.2346,0.6604,38,252849.0013,7803.597526,65136.621,64903.1815,-233.4395,62,382888.8038,8
2024-05-08 00:00:00+00:00,18,2.1132,0.3353,1.0,73,361530.1544,-25674.3829,0.6647,47,240321.8402,5258.487685,82274.1861,38934.1281,-43340.058,73,361530.1544,8
2024-05-07 00:00:00+00:00,13,3.7631,0.2774,1.0,72,370264.836,-21902.2214,0.7226,53,267566.8323,4932.588446,81136.8622,21561.1415,-59575.7207,72,370264.836,6
2024-05-06 00:00:00+00:00,21,1.7112,0.4904,1.0,71,301524.5558,-15121.5031,0.5096,44,153659.3787,4848.712074,93326.6695,54538.5076,-38788.1619,71,301524.5558,6
2024-05-05 00:00:00+00:00,15,1.2245,0.655,1.0,50,166040.9728,-21081.0512,0.345,28,57290.7578,4029.252697,59863.6566,48886.5584,-10977.0982,50,166040.9728,7
2024-05-04 00:00:00+00:00,12,1.2513,0.4587,0.9535,51,102221.2674,-19688.2522,0.5413,36,58032.1547,1478.582036,27334.34,21844.7725,-5489.5675,56,107211.2672,8
2024-05-03 00:00:00+00:00,20,4.492,0.4834,1.0,73,254200.6726,-18906.0704,0.5166,47,131315.0297,2548.816852,100510.1198,22375.5231,-78134.5966,73,254200.6726,6
2024-05-02 00:00:00+00:00,13,0.502,0.4685,1.0,75,364329.814,-9323.0494,0.5315,50,193657.0036,5220.090927,57044.1438,113628.6666,56584.5228,75,364329.814,12
2024-05-01 00:00:00+00:00,11,1.3276,0.1743,1.0,103,690278.9694,-15394.9521,0.8257,82,569945.4618,16775.870344,68634.2177,51699.2899,-16934.9278,103,690278.9694,10
2024-04-30 00:00:00+00:00,21,1.168,0.41,1.0,94,381146.6374,-15598.4014,0.59,60,224887.554,3449.849189,84184.8881,72074.1953,-12110.6928,94,381146.6374,13
2024-04-29 00:00:00+00:00,21,2.7513,0.4017,1.0,78,429267.1565,-14661.7753,0.5983,50,256822.9373,5959.197828,126474.6088,45969.6104,-80504.9984,78,429267.1565,7
2024-04-28 00:00:00+00:00,16,1.0205,0.6201,1.0,62,195308.1146,-7621.9192,0.3799,38,74204.9925,3595.273178,61165.3137,59937.8083,-1227.5054,62,195308.1146,8
2024-04-27 00:00:00+00:00,17,1.0002,0.6073,1.0,59,200411.429,-6372.2666,0.3927,35,78707.2534,4268.479129,60859.2353,60844.9403,-14.2949,59,200411.429,7
2024-04-26 00:00:00+00:00,13,1.2753,0.3171,1.0,77,288105.6745,-7287.4864,0.6829,55,196745.9414,2537.183071,51206.5914,40153.1416,-11053.4498,77,288105.6745,9
2024-04-25 00:00:00+00:00,11,0.8307,0.4219,1.0,81,360920.456,-15247.5832,0.5781,56,208644.9073,4487.363655,69097.1723,83178.3764,14081.2041,81,360920.456,14
2024-04-24 00:00:00+00:00,15,1.247,0.4207,1.0,90,397046.8513,-23059.1876,0.5793,62,230021.7457,4347.921613,92692.089,74333.0165,-18359.0724,90,397046.8513,13
2024-04-23 00:00:00+00:00,13,1.0862,0.3822,1.0,77,351794.9986,-12494.5665,0.6178,55,217339.2885,4666.727336,70005.0101,64450.7,-5554.3102,77,351794.9986,9
2024-04-22 00:00:00+00:00,20,1.4709,0.4816,1.0,72,340226.851,-15916.9395,0.5184,44,176366.4998,3896.920782,97543.1786,66317.1726,-31226.006,72,340226.851,8
2024-04-21 00:00:00+00:00,6,0.7957,0.4349,0.9681,46,147154.3185,-16247.7494,0.5651,35,85903.5327,3702.237964,29289.102,36809.1648,7520.0627,51,152001.7995,10
2024-04-20 00:00:00+00:00,18,1.1239,0.5864,1.0,53,187689.4899,-19010.1013,0.4136,27,77622.6441,3562.33292,58243.8393,51823.0064,-6420.8329,53,187689.4899,8
2024-04-19 00:00:00+00:00,31,1.9647,0.4173,1.0,104,491730.8115,-37463.7599,0.5827,62,286515.8313,4455.835501,135994.5539,69220.4264,-66774.1275,104,491730.8115,11
2024-04-18 00:00:00+00:00,14,1.202,0.6659,1.0,126,664555.9503,-38075.1459,0.3341,40,222061.2123,13549.081033,241547.3824,200947.3556,-40600.0268,126,664555.9503,72
2024-04-17 00:00:00+00:00,12,0.4898,0.3794,1.0,94,427825.0923,-31877.9782,0.6206,71,265500.5905,4414.039125,53365.6132,108958.8886,55593.2754,94,427825.0923,11
2024-04-16 00:00:00+00:00,22,1.44,0.3758,1.0,92,435466.7701,-41848.1231,0.6242,60,271825.4359,4361.030684,96576.128,67065.2062,-29510.9217,92,435466.7701,10
2024-04-15 00:00:00+00:00,23,1.305,0.4142,1.0,107,612031.6723,-37947.2528,0.5858,68,358528.5116,4940.887608,143522.4178,109980.7429,-33541.6749,107,612031.6723,16
2024-04-14 00:00:00+00:00,22,1.1271,0.5022,1.0,96,393850.2002,-36759.2165,0.4978,61,196047.9541,3917.867854,104809.3234,92992.9227,-11816.4007,96,393850.2002,13
2024-04-13 00:00:00+00:00,33,2.0343,0.5903,1.0,104,673905.2526,-42665.6068,0.4097,57,276111.6788,8554.502408,266695.0085,131098.5653,-135596.4432,104,673905.2526,14
2024-04-12 00:00:00+00:00,30,1.9087,0.5326,1.0,106,427023.2082,-25990.1467,0.4674,63,199575.6897,3586.2399,149250.674,78196.8445,-71053.8296,106,427023.2082,13
2024-04-11 00:00:00+00:00,17,0.9787,0.4781,1.0,82,539143.1213,-17406.7931,0.5219,49,281396.0592,4442.965666,127483.4573,130263.6048,2780.1475,82,539143.1213,16
2024-04-10 00:00:00+00:00,18,1.2043,0.392,1.0,86,390809.6674,-22391.4381,0.608,59,237606.1689,4185.034509,83700.6188,69502.8797,-14197.739,86,390809.6674,9
2024-04-09 00:00:00+00:00,17,1.0192,0.327,1.0,106,710568.1758,-26023.3381,0.673,77,478197.1369,4798.248447,117287.9342,115083.1047,-2204.8295,106,710568.1758,12
2024-04-08 00:00:00+00:00,24,1.2728,0.3746,1.0,120,560983.7748,-31941.0668,0.6254,76,350848.6229,4238.124219,117680.2863,92454.8656,-25225.4207,120,560983.7748,20
2024-04-07 00:00:00+00:00,15,1.7898,0.5658,0.9849,73,326887.746,-37021.3592,0.4342,47,144110.3978,10357.22748,120466.7289,67305.5958,-53161.133,78,331882.7225,16
2024-04-06 00:00:00+00:00,14,1.7516,0.313,0.9773,69,215691.0256,-31234.2904,0.687,50,151617.4969,5997.191263,43970.8216,25102.5993,-18868.2223,74,220690.9178,10
2024-04-05 00:00:00+00:00,19,1.1744,0.3578,1.0,95,382268.3409,-33757.0329,0.6422,65,245477.1759,4621.105986,73880.7598,62910.4051,-10970.3546,95,382268.3409,11
2024-04-04 00:00:00+00:00,21,1.3694,0.3397,1.0,98,606405.77,-29827.9864,0.6603,65,400416.2207,5682.073449,119050.9585,86938.5908,-32112.3677,98,606405.77,12
2024-04-03 00:00:00+00:00,27,1.4035,0.503,1.0,99,469156.3501,-27032.4888,0.497,57,233153.7299,4072.102751,137811.8294,98190.7908,-39621.0386,99,469156.3501,15
2024-04-02 00:00:00+00:00,32,1.2982,0.4889,1.0,122,687720.2297,-27435.7327,0.5111,77,351506.1263,4710.934768,189921.517,146292.5864,-43628.9307,122,687720.2297,13
2024-04-01 00:00:00+00:00,20,1.9226,0.3509,1.0,102,548757.5866,-19583.556,0.6491,72,356200.3721,6562.880497,126672.341,65884.8735,-60787.4675,102,548757.5866,10
2024-03-31 00:00:00+00:00,16,1.2231,0.4799,1.0,72,262743.5555,-18392.9569,0.5201,47,136660.839,4211.759467,69367.1839,56715.5326,-12651.6512,72,262743.5555,9
2024-03-30 00:00:00+00:00,16,1.9633,0.416,1.0,74,270124.6889,-19991.0628,0.584,52,157763.0749,2962.057483,74444.517,37917.097,-36527.42,74,270124.6889,6
2024-03-29 00:00:00+00:00,14,0.8298,0.4048,1.0,92,439138.5816,-14223.5256,0.5952,64,261365.0801,4786.49201,80620.2652,97153.2363,16532.9712,92,439138.5816,14
2024-03-28 00:00:00+00:00,23,1.168,0.3467,1.0,119,466886.1134,-32886.3199,0.6533,83,305019.0246,3589.571456,87205.4868,74661.6019,-12543.8849,119,466886.1134,13
2024-03-27 00:00:00+00:00,27,1.3193,0.3977,1.0,122,775110.211,-37922.702,0.6023,79,466842.0166,6574.011497,175355.9701,132912.2243,-42443.7458,122,775110.211,16
2024-03-26 00:00:00+00:00,16,0.9523,0.5556,1.0,184,835165.6506,-38182.4307,0.4444,84,371133.8225,11396.842867,226347.761,237684.067,11336.306,184,835165.6506,84
2024-03-25 00:00:00+00:00,25,1.6091,0.3891,1.0,116,577432.4574,-54949.5585,0.6109,79,352757.9261,4493.244445,138563.9024,86110.6289,-52453.2735,116,577432.4574,12
2024-03-24 00:00:00+00:00,22,1.5069,0.5519,1.0,71,213596.5223,-52948.4895,0.4481,39,95705.3884,3072.586354,70864.7633,47026.3706,-23838.3927,71,213596.5223,10
2024-03-23 00:00:00+00:00,15,0.9444,0.5033,1.0,73,267371.8051,-56936.7973,0.4967,47,132814.7738,3845.925789,65355.8454,69201.1858,3845.3404,73,267371.8051,11
2024-03-22 00:00:00+00:00,27,3.1106,0.4565,1.0,112,486845.867,-61818.9428,0.5435,75,264611.8262,3782.414348,168170.3146,54063.7262,-114106.5885,112,486845.867,10
2024-03-21 00:00:00+00:00,33,1.4631,0.4791,1.0,126,530570.0129,-50008.7355,0.5209,75,276359.2724,4174.451607,151004.6501,103206.0904,-47798.5597,126,530570.0129,18
2024-03-20 00:00:00+00:00,33,1.2469,0.4661,1.0,149,864351.7604,-56847.8919,0.5339,98,461514.9864,4185.838474,223549.3103,179287.4637,-44261.8466,149,864351.7604,18
2024-03-19 00:00:00+00:00,45,1.9607,0.4426,1.0,152,738351.6306,-55903.8501,0.5574,95,411579.6411,3665.576033,216402.7894,110369.2002,-106033.5892,152,738351.6306,12
2024-03-18 00:00:00+00:00,31,1.2951,0.4295,1.0,119,696199.4865,-77959.6068,0.5705,68,397196.8472,5000.077799,168724.2147,130278.4246,-38445.7901,119,696199.4865,20
2024-03-17 00:00:00+00:00,24,2.2198,0.333,1.0,95,410235.7456,-101080.7093,0.667,65,273619.3393,5632.15733,94186.4768,42429.9295,-51756.5473,95,410235.7456,6
2024-03-16 00:00:00+00:00,30,1.3042,0.5622,1.0,95,408640.1386,-90250.4545,0.4378,45,178910.9112,4562.213591,130029.4527,99699.7747,-30329.678,95,408640.1386,20
2024-03-15 00:00:00+00:00,35,1.247,0.4371,1.0,141,654144.7453,-83876.3246,0.5629,87,368213.0299,3569.934355,158683.4266,127248.2888,-31435.1378,141,654144.7453,19
2024-03-14 00:00:00+00:00,29,2.4014,0.3537,1.0,128,656533.5199,-79414.4079,0.6463,91,424321.7154,4521.771194,163942.2293,68269.5751,-95672.6542,128,656533.5199,8
2024-03-13 00:00:00+00:00,22,1.373,0.2341,1.0,108,1023226.5424,-67087.5688,0.7659,75,783653.7854,26296.804113,138613.1555,100959.6016,-37653.5539,108,1023226.5424,11
2024-03-12 00:00:00+00:00,31,4.1578,0.5011,1.0,122,848889.0999,-36109.4523,0.4989,80,423522.9931,14573.986313,342894.9966,82471.1102,-260423.8864,122,848889.0999,11
2024-03-11 00:00:00+00:00,27,3.1513,0.5042,1.0,125,766613.4733,-18733.0962,0.4958,85,380115.3949,13620.324058,293395.7929,93102.2856,-200293.5073,125,766613.4733,13
2024-03-10 00:00:00+00:00,17,0.8033,0.5939,1.0,86,371244.4872,11406.9879,0.4061,51,150772.8217,4029.116576,98208.2147,122263.4507,24055.236,86,371244.4872,18
2024-03-09 00:00:00+00:00,16,0.837,0.4438,1.0,82,362936.7101,5955.36,0.5562,47,201851.2262,5237.250597,73398.1264,87687.3575,14289.2311,82,362936.7101,19
2024-03-08 00:00:00+00:00,32,1.0015,0.3606,1.0,143,727710.8957,4251.1912,0.6394,80,465278.3842,10931.445493,131317.116,131115.3955,-201.7204,143,727710.8957,31
2024-03-07 00:00:00+00:00,24,1.0738,0.3879,1.0,123,680148.25,1024.9999,0.6121,73,416340.8612,4623.52425,136596.0847,127211.304,-9384.7807,123,680148.25,26
2024-03-06 00:00:00+00:00,30,0.4687,0.5017,1.0,148,987340.4991,-5253.9442,0.4983,95,492028.1318,16571.003297,158059.553,337252.8143,179193.2612,148,987340.4991,23
2024-03-05 00:00:00+00:00,41,2.282,0.3781,1.0,169,939732.8566,-38496.3464,0.6219,112,584421.0857,4686.288595,247050.582,108261.1888,-138789.3932,169,939732.8566,16
2024-03-04 00:00:00+00:00,23,0.9163,0.4502,1.0,131,543527.7651,-31008.6209,0.5498,84,298820.6546,3498.104804,117010.0147,127697.0957,10687.0811,131,543527.7651,24
2024-03-03 00:00:00+00:00,24,1.1926,0.5063,0.9749,89,309185.4919,-39787.871,0.4937,61,156577.9396,3343.169888,87344.5565,73238.3973,-14106.1592,97,317160.8933,12
2024-03-02 00:00:00+00:00,13,0.9688,0.4127,1.0,87,361367.4614,-37068.9351,0.5873,54,212244.6739,6184.361594,73381.3689,75741.4186,2360.0496,87,361367.4614,20
2024-03-01 00:00:00+00:00,21,1.2933,0.3277,1.0,118,543622.5224,-37722.4556,0.6723,85,365460.8125,4294.971215,100473.3847,77688.3252,-22785.0595,118,543622.5224,12
2024-02-29 00:00:00+00:00,33,1.7033,0.3766,1.0,150,544368.0037,-33053.5249,0.6234,104,339360.8171,2958.671005,129172.2882,75834.8984,-53337.3898,150,544368.0037,13
2024-02-28 00:00:00+00:00,31,1.4011,0.3821,1.0,151,838076.5016,-29028.837,0.6179,101,517815.6201,6091.574014,186882.2177,133378.6638,-53503.5539,151,838076.5016,19
2024-02-27 00:00:00+00:00,33,1.4699,0.5649,1.0,146,803623.0907,-23484.0575,0.4351,83,349644.3319,9689.266672,270177.0366,183801.7221,-86375.3145,146,803623.0907,30
2024-02-26 00:00:00+00:00,31,1.5589,0.384,1.0,127,605340.4716,-23430.5781,0.616,79,372890.1816,3665.622306,141608.9798,90841.3102,-50767.6696,127,605340.4716,17
2024-02-25 00:00:00+00:00,25,0.9513,0.5445,1.0,77,362715.0559,-15179.1412,0.4555,40,165201.6291,5968.009638,96293.5176,101219.9092,4926.3916,77,362715.0559,12
2024-02-24 00:00:00+00:00,12,1.0464,0.3407,1.0,67,286623.4751,-15752.4456,0.6593,47,188971.6223,4531.016568,49933.2234,47718.6295,-2214.5939,67,286623.4751,8
2024-02-23 00:00:00+00:00,21,0.8874,0.422,1.0,94,393248.006,-15748.5314,0.578,62,227300.161,5045.92592,78025.1946,87922.6504,9897.4558,94,393248.006,11
2024-02-22 00:00:00+00:00,19,1.2995,0.398,1.0,97,485507.944,-19950.3283,0.602,66,292272.5088,4708.962404,109200.0048,84035.4304,-25164.5744,97,485507.944,12
2024-02-21 00:00:00+00:00,22,1.1567,0.3237,1.0,116,624731.1051,-19500.6417,0.6763,79,422514.358,5021.701982,108453.4224,93763.3248,-14690.0976,116,624731.1051,15
2024-02-20 00:00:00+00:00,24,1.8761,0.3633,1.0,122,777166.6119,-64512.9203,0.6367,79,494848.2446,6906.462139,184159.6628,98158.7044,-86000.9584,122,777166.6119,19
2024-02-19 00:00:00+00:00,21,0.9505,0.4506,1.0,96,611418.9939,-51570.8902,0.5494,53,335942.0102,6464.941565,134242.2978,141234.6859,6992.3881,96,611418.9939,22
2024-02-18 00:00:00+00:00,10,0.9851,0.4732,1.0,68,257650.6555,-58672.2338,0.5268,40,135736.5597,4519.351972,60500.4175,61413.6784,913.2609,68,257650.6555,18
2024-02-17 00:00:00+00:00,12,1.0383,0.5397,1.0,63,215406.9579,-61134.057,0.4603,38,99151.2908,3182.07051,59221.4306,57034.2365,-2187.1941,63,215406.9579,13
2024-02-16 00:00:00+00:00,19,1.202,0.5162,1.0,96,412161.2736,-61227.9404,0.4838,57,199420.6846,3148.403775,116127.8559,96612.7331,-19515.1228,96,412161.2736,20
2024-02-15 00:00:00+00:00,18,1.3052,0.333,1.0,113,499457.2415,-79567.4475,0.667,79,333139.5225,4941.395334,94167.2434,72150.4756,-22016.7678,113,499457.2415,16
2024-02-14 00:00:00+00:00,23,5.1133,0.5071,1.0,92,966552.2073,-79000.0195,0.4929,56,476429.9851,26954.973929,409949.1351,80173.0871,-329776.048,92,966552.2073,13
2024-02-13 00:00:00+00:00,19,0.9621,0.4589,1.0,110,517539.5839,-48691.2217,0.5411,70,280021.6165,4197.506647,116462.3575,121055.6099,4593.2523,110,517539.5839,21
2024-02-12 00:00:00+00:00,19,1.9524,0.2515,1.0,111,526617.6428,-57261.5611,0.7485,82,394193.9542,5959.755578,87570.3528,44853.3358,-42717.017,111,526617.6428,10
2024-02-11 00:00:00+00:00,8,2.2971,0.2782,0.9352,53,139444.4767,-49035.4186,0.7218,51,107632.0518,2330.084495,28900.8397,12581.338,-16319.5017,63,149114.2295,4
2024-02-10 00:00:00+00:00,8,1.0961,0.2208,1.0,66,281096.5239,-47772.0902,0.7792,49,219038.1721,4686.302499,32451.3649,29606.9869,-2844.378,66,281096.5239,9
2024-02-09 00:00:00+00:00,22,2.5548,0.3888,1.0,110,869691.2733,-51472.4569,0.6112,78,531566.0761,9522.689399,243008.4349,95116.7623,-147891.6725,110,869691.2733,10
2024-02-08 00:00:00+00:00,13,1.2593,0.2486,1.0,113,632313.8473,-41619.6195,0.7514,94,475102.2036,6834.972235,87628.2076,69583.4361,-18044.7714,113,632313.8473,6
2024-02-07 00:00:00+00:00,17,1.5329,0.5256,1.0,112,1063683.5526,-37691.7073,0.4744,78,504633.0254,21013.828838,338332.4954,220718.0319,-117614.4634,112,1063683.5526,17
2024-02-06 00:00:00+00:00,22,1.4644,0.4856,1.0,95,605411.9423,-32253.5041,0.5144,49,311427.7909,7468.090293,174691.6376,119292.5138,-55399.1237,95,605411.9423,24
2024-02-05 00:00:00+00:00,10,0.8502,0.2112,1.0,87,869157.2858,-23099.247,0.7888,67,685562.5947,9002.748236,84364.3551,99230.336,14865.9809,87,869157.2858,10
2024-02-04 00:00:00+00:00,20,1.1034,0.6576,1.0,57,231173.2177,-36083.1431,0.3424,25,79151.5118,3911.150293,79748.9545,72272.7514,-7476.2031,57,231173.2177,12
2024-02-03 00:00:00+00:00,13,3.6217,0.4078,0.9681,60,120295.3744,-36832.4249,0.5922,45,73585.0235,2073.431006,39711.8107,10964.8658,-28746.9449,64,124261.7,6
2024-02-02 00:00:00+00:00,16,2.6476,0.4137,1.0,86,422394.5226,-44549.1401,0.5863,60,247670.3332,6711.244052,126823.0001,47901.1893,-78921.8108,86,422394.5226,10
2024-02-01 00:00:00+00:00,13,0.9017,0.3355,1.0,102,544755.3448,-36339.7804,0.6645,73,362016.0728,5640.108344,86644.3291,96094.9429,9450.6138,102,544755.3448,16
2024-01-31 00:00:00+00:00,16,1.5587,0.3169,1.0,120,1149591.3173,-62148.495,0.6831,88,785303.1845,14938.231149,221917.587,142370.5458,-79547.0412,120,1149591.3173,16
2024-01-30 00:00:00+00:00,17,0.9106,0.27,1.0,93,686907.3668,-45061.9882,0.73,56,501472.7209,9347.44896,88376.9848,97057.6612,8680.6764,93,686907.3668,20
2024-01-29 00:00:00+00:00,17,4.5601,0.2039,1.0,84,582357.6346,-65499.8898,0.7961,62,463629.2686,5720.532184,97374.8288,21353.5372,-76021.2917,84,582357.6346,5
2024-01-28 00:00:00+00:00,14,1.2793,0.5371,0.9638,64,186289.5128,-58616.9594,0.4629,46,89475.6808,2665.417283,58261.4769,45540.301,-12721.1759,71,193277.4587,11
2024-01-27 00:00:00+00:00,18,3.2637,0.6223,1.0,59,250481.5652,-67298.2158,0.3777,25,94596.4107,7022.366688,119324.5529,36560.6016,-82763.9512,59,250481.5652,16
2024-01-26 00:00:00+00:00,23,1.234,0.3158,1.0,106,648571.1736,-61045.473,0.6842,54,443764.8368,10915.541045,113131.3151,91675.0217,-21456.2933,106,648571.1736,29
2024-01-25 00:00:00+00:00,11,4.9215,0.1139,1.0,101,2269550.3664,-60635.0781,0.8861,85,2011022.2444,44943.867074,214869.255,43658.867,-171210.388,101,2269550.3664,5
2024-01-24 00:00:00+00:00,10,0.6091,0.3817,1.0,85,432106.366,-27513.2553,0.6183,58,267188.8907,4469.931778,62429.4844,102487.9909,40058.5065,85,432106.366,17
2024-01-23 00:00:00+00:00,25,1.9802,0.2812,1.0,110,1453079.6057,-36431.7721,0.7188,72,1044486.8733,39519.058955,271488.6837,137104.0486,-134384.6351,110,1453079.6057,13
2024-01-22 00:00:00+00:00,15,1.2959,0.3209,1.0,100,673210.7657,-18645.1191,0.6791,69,457166.0302,6114.707292,121942.7573,94101.9783,-27840.7789,100,673210.7657,16
2024-01-21 00:00:00+00:00,10,7.8299,0.3138,1.0,50,302760.5486,-19255.8926,0.6862,34,207750.5893,12719.763338,84249.9649,10759.9944,-73489.9705,50,302760.5486,6
2024-01-20 00:00:00+00:00,13,2.0201,0.5311,0.9862,58,214374.8106,-14128.1306,0.4689,42,101929.3905,5219.054204,77220.0354,38225.2837,-38994.7517,61,217374.7096,6
2024-01-19 00:00:00+00:00,17,1.2668,0.324,1.0,105,487249.0398,-7553.8617,0.676,72,329376.9897,4372.370658,88227.7894,69644.2607,-18583.5288,105,487249.0398,16
2024-01-18 00:00:00+00:00,17,0.6558,0.4078,1.0,101,715414.9855,-21847.4952,0.5922,65,423674.676,7707.4899,115548.9691,176191.3405,60642.3714,101,715414.9855,19
2024-01-17 00:00:00+00:00,15,1.2928,0.3689,1.0,94,474870.3936,-33553.7912,0.6311,67,299685.8495,4025.437295,98777.8276,76406.7166,-22371.111,94,474870.3936,12
2024-01-16 00:00:00+00:00,18,1.1153,0.4676,1.0,84,387475.0295,-34492.5982,0.5324,55,206285.5778,5070.493555,95533.7579,85655.6937,-9878.0642,84,387475.0295,11
2024-01-15 00:00:00+00:00,18,1.4211,0.3863,1.0,93,478012.6896,-38636.1698,0.6137,58,293351.1616,5621.022434,108388.8607,76272.6672,-32116.1934,93,478012.6896,17
2024-01-14 00:00:00+00:00,15,1.8165,0.4491,1.0,61,288788.5634,-39001.4489,0.5509,36,159106.6512,5007.168866,83638.7742,46043.1381,-37595.6361,61,288788.5634,10
2024-01-13 00:00:00+00:00,15,0.9186,0.5101,1.0,75,324691.1305,-34259.7897,0.4899,48,159081.36,5383.565516,79292.32,86317.4504,7025.1304,75,324691.1305,12
2024-01-12 00:00:00+00:00,30,1.6439,0.6663,1.0,123,731077.9713,-38013.3173,0.3337,71,243937.7107,12312.3493,302889.6121,184250.6485,-118638.9636,123,731077.9713,22
2024-01-11 00:00:00+00:00,32,1.115,0.4375,1.0,140,895562.2099,-30797.2793,0.5625,89,503793.606,7218.609823,206535.1522,185233.4517,-21301.7004,140,895562.2099,19
2024-01-10 00:00:00+00:00,31,1.1836,0.4746,1.0,131,725370.1,-36066.9885,0.5254,78,381125.8738,4388.301347,186593.493,157650.7332,-28942.7597,131,725370.1,22
2024-01-09 00:00:00+00:00,21,1.4279,0.4013,1.0,111,549753.4284,-32463.3473,0.5987,73,329125.3269,5027.436657,129755.5837,90872.5177,-38883.066,111,549753.4284,17
2024-01-08 00:00:00+00:00,21,1.4567,0.326,1.0,107,572137.0901,-32896.8314,0.674,74,385631.4486,6625.535246,110589.3941,75916.2474,-34673.1468,107,572137.0901,12
2024-01-07 00:00:00+00:00,12,1.1102,0.4784,0.9773,57,172279.457,-31954.8213,0.5216,42,91952.0782,2907.887814,44362.4512,39958.4295,-4404.0217,61,176272.9588,7
2024-01-06 00:00:00+00:00,16,1.5319,0.4024,0.9693,65,220701.9756,-33088.2662,0.5976,49,136063.0771,3172.736728,55440.5091,36190.9464,-19249.5627,72,227694.5325,7
2024-01-05 00:00:00+00:00,15,2.0326,0.3361,1.0,84,595236.1371,-29786.72,0.6639,61,395155.5988,5078.009409,134103.6182,65976.9202,-68126.698,84,595236.1371,8
2024-01-04 00:00:00+00:00,16,2.0934,0.3344,1.0,83,492253.9674,-29240.0893,0.6656,61,327630.1532,5515.345791,111406.7395,53217.0747,-58189.6648,83,492253.9674,6
2024-01-03 00:00:00+00:00,17,1.0342,0.3985,1.0,101,555441.7017,-33995.6314,0.6015,67,334093.7396,4525.296339,112532.6167,108815.3455,-3717.2712,101,555441.7017,17
2024-01-02 00:00:00+00:00,19,1.6492,0.2939,1.0,94,582052.4273,-41073.1397,0.7061,64,410992.3038,9235.81827,106488.7892,64571.3342,-41917.455,94,582052.4273,11
2024-01-01 00:00:00+00:00,12,1.6777,0.316,1.0,70,351074.3194,-22160.8786,0.684,51,240125.8262,4952.416228,69513.7843,41434.7088,-28079.0755,70,351074.3194,7
2023-12-31 00:00:00+00:00,12,1.2045,0.4426,1.0,67,300488.0985,-22017.614,0.5574,43,167501.2505,5330.522713,72662.492,60324.356,-12338.1359,67,300488.0985,12
2023-12-30 00:00:00+00:00,8,0.9257,0.2612,1.0,69,382929.4836,-22365.2589,0.7388,51,282904.7617,5826.343577,48081.7308,51942.9911,3861.2603,69,382929.4836,10
2023-12-29 00:00:00+00:00,20,1.8925,0.3212,1.0,101,648838.5165,-23871.3718,0.6788,72,440443.8731,4983.803504,136347.4633,72047.1802,-64300.2832,101,648838.5165,9
2023-12-28 00:00:00+00:00,26,1.8567,0.4876,1.0,116,625536.3182,-69733.4212,0.5124,74,320504.1105,5723.779448,198255.3337,106776.8741,-91478.4596,116,625536.3182,16
2023-12-27 00:00:00+00:00,25,1.4517,0.5072,1.0,108,569995.307,-67483.7978,0.4928,62,280896.0002,3672.861579,171179.5679,117919.7389,-53259.829,108,569995.307,21
2023-12-26 00:00:00+00:00,20,0.5927,0.4324,1.0,89,818142.6644,-76228.3277,0.5676,59,464401.2975,20694.08686,131636.4969,222104.87,90468.373,89,818142.6644,10
2023-12-25 00:00:00+00:00,15,1.5658,0.426,0.9896,75,285198.1403,-99719.4152,0.574,50,165414.9813,4311.689241,74929.6894,47853.466,-27076.2235,78,288198.1366,13
2023-12-24 00:00:00+00:00,18,1.2595,0.4659,1.0,74,276042.3922,-61048.9084,0.5341,41,147420.7866,4914.785974,71696.628,56924.9776,-14771.6504,74,276042.3922,15
2023-12-23 00:00:00+00:00,17,1.0735,0.5299,1.0,74,355769.8168,-48973.2606,0.4701,46,167250.3377,6713.952738,97600.5046,90918.9745,-6681.5301,74,355769.8168,11
2023-12-22 00:00:00+00:00,26,2.6796,0.8415,1.0,120,1003162.3084,-51151.316,0.1585,33,158996.8114,22351.190103,614750.0628,229415.4342,-385334.6286,120,1003162.3084,61
2023-12-21 00:00:00+00:00,27,1.8137,0.4049,1.0,116,646766.1026,-3671.1351,0.5951,76,384905.0973,6035.046167,168796.0507,93064.9547,-75731.096,116,646766.1026,13
2023-12-20 00:00:00+00:00,26,2.3913,0.3415,1.0,117,816945.3971,9905.4124,0.6585,79,537920.7138,5758.663332,196748.111,82276.5723,-114471.5387,117,816945.3971,12
2023-12-19 00:00:00+00:00,20,1.8685,0.2633,1.0,131,927956.0585,14941.6532,0.7367,101,683649.6179,8126.148816,159137.8399,85168.6006,-73969.2393,131,927956.0585,10
2023-12-18 00:00:00+00:00,22,0.3877,0.6483,1.0,99,851549.9199,15793.4867,0.3517,57,299467.6525,30009.457395,154232.4716,397849.7958,243617.3243,99,851549.9199,20
2023-12-17 00:00:00+00:00,14,0.662,0.5705,1.0,71,601205.7247,-28205.8981,0.4295,45,258204.4779,15715.021967,136621.6812,206379.5657,69757.8845,71,601205.7247,12
2023-12-16 00:00:00+00:00,20,1.5191,0.3793,1.0,70,280531.2635,-38187.1704,0.6207,43,174116.3099,4902.013285,64171.4358,42243.5179,-21927.9179,70,280531.2635,7
2023-12-15 00:00:00+00:00,18,1.8772,0.2833,1.0,95,613300.7558,-44572.8196,0.7167,67,439552.7338,7407.029331,113360.6922,60387.3298,-52973.3623,95,613300.7558,10
2023-12-14 00:00:00+00:00,13,0.7472,0.416,1.0,93,320736.7899,-34760.5649,0.584,66,187311.7872,2863.747736,57060.1333,76364.8694,19304.7361,93,320736.7899,14
2023-12-13 00:00:00+00:00,19,2.2281,0.4062,1.0,90,512630.8763,-39236.2931,0.5938,61,304407.8817,6087.831681,143720.4238,64502.5708,-79217.8529,90,512630.8763,10
2023-12-12 00:00:00+00:00,27,2.2158,0.4075,1.0,97,441385.4512,-37335.8536,0.5925,63,261510.9579,4376.030982,123940.4489,55934.0444,-68006.4045,97,441385.4512,7
2023-12-11 00:00:00+00:00,26,1.5966,0.4651,1.0,105,602376.4515,-36234.4349,0.5349,59,322189.3705,4388.792917,172282.7254,107904.3556,-64378.3698,105,602376.4515,20
2023-12-10 00:00:00+00:00,16,1.0019,0.4299,1.0,63,273354.142,-32020.4486,0.5701,38,155839.029,5454.10989,58813.0672,58702.0458,-111.0215,63,273354.142,9
2023-12-09 00:00:00+00:00,21,3.3023,0.479,1.0,79,259925.9287,-34247.7598,0.521,51,135418.7778,4710.437266,95567.3065,28939.8445,-66627.462,79,259925.9287,7
2023-12-08 00:00:00+00:00,18,0.8693,0.4763,1.0,99,471867.7755,-24850.5733,0.5237,61,247103.0045,3753.058551,104526.1751,120238.5958,15712.4207,99,471867.7755,20
2023-12-07 00:00:00+00:00,13,1.1467,0.3678,1.0,94,478321.7852,-37844.1629,0.6322,65,302378.8662,5582.396309,93984.1404,81958.7786,-12025.3617,94,478321.7852,16
2023-12-06 00:00:00+00:00,20,1.7521,0.3879,1.0,105,621811.6458,-34358.3013,0.6121,69,380623.3749,6199.323841,153551.5235,87636.7474,-65914.7761,105,621811.6458,16
2023-12-05 00:00:00+00:00,21,1.7535,0.3919,1.0,102,562209.4118,-31394.4697,0.6081,62,341867.3257,6990.3977,140319.2801,80022.806,-60296.474,102,562209.4118,19
2023-12-04 00:00:00+00:00,16,1.4349,0.2836,1.0,110,688623.753,-32908.814,0.7164,78,493321.8648,11683.836204,115091.1769,80210.7114,-34880.4655,110,688623.753,16
2023-12-03 00:00:00+00:00,18,1.2257,0.5611,1.0,71,276021.8229,-37218.0002,0.4389,43,121156.7748,4726.36333,85283.6242,69581.424,-15702.2002,71,276021.8229,10
2023-12-02 00:00:00+00:00,15,1.0159,0.5365,0.9801,65,196191.8533,-41336.6242,0.4635,46,92788.5081,3868.64611,54114.1421,53266.9857,-847.1564,69,200169.6359,8
2023-12-01 00:00:00+00:00,10,2.4166,0.2699,1.0,88,672337.1752,-39183.1616,0.7301,72,490862.2144,8954.161671,128358.8335,53116.1273,-75242.7062,88,672337.1752,6
2023-11-30 00:00:00+00:00,7,0.8553,0.2388,1.0,85,664730.7461,-26580.4026,0.7612,67,506014.4463,12060.365456,73170.3153,85545.9845,12375.6692,85,664730.7461,11
2023-11-29 00:00:00+00:00,17,1.8531,0.3368,1.0,90,448553.7643,-44665.2545,0.6632,64,297494.8369,6234.747084,98113.4411,52945.4863,-45167.9549,90,448553.7643,9
2023-11-28 00:00:00+00:00,13,2.0934,0.3973,1.0,86,504807.4183,-37476.6921,0.6027,64,304225.5369,6730.340753,135739.3828,64842.4986,-70896.8841,86,504807.4183,9
2023-11-27 00:00:00+00:00,23,1.7777,0.3885,1.0,87,598070.6156,-36977.4517,0.6115,56,365748.5686,6571.349747,148683.4079,83638.6391,-65044.7688,87,598070.6156,8
2023-11-26 00:00:00+00:00,12,2.5193,0.4551,1.0,61,226652.0751,-36021.0654,0.5449,44,123497.9355,4234.606618,73843.354,29310.7856,-44532.5684,61,226652.0751,5
2023-11-25 00:00:00+00:00,7,0.6491,0.2573,0.9888,64,257011.3845,-27357.5035,0.7427,55,193056.8787,5884.719237,26319.8467,40546.9291,14227.0823,67,259923.6545,5
2023-11-24 00:00:00+00:00,18,0.9019,0.4367,1.0,90,576261.7085,-30059.652,0.5633,55,324624.5893,7301.193488,119330.2562,132306.863,12976.6068,90,576261.7085,17
2023-11-23 00:00:00+00:00,14,2.424,0.4295,1.0,90,639451.7584,-39483.22,0.5705,69,364818.8386,11569.31765,194425.6071,80207.3128,-114218.2943,90,639451.7584,7
2023-11-22 00:00:00+00:00,18,0.9512,0.3318,1.0,112,620488.0473,-32932.5243,0.6682,79,414639.065,4533.054014,100348.5002,105500.4822,5151.9821,112,620488.0473,15
2023-11-21 00:00:00+00:00,25,1.6683,0.6476,1.0,106,415554.5523,-49531.1486,0.3524,62,146427.995,5702.478165,168264.3796,100862.1777,-67402.2019,106,415554.5523,19
2023-11-20 00:00:00+00:00,20,1.6937,0.4646,1.0,91,487643.1229,-28564.9969,0.5354,58,261071.3868,4800.948298,142460.9002,84110.8359,-58350.0643,91,487643.1229,13
2023-11-19 00:00:00+00:00,14,0.8232,0.4116,1.0,62,403780.8316,-25788.7528,0.5884,40,237579.0673,6981.580622,75044.6996,91157.0647,16112.3651,62,403780.8316,8
2023-11-18 00:00:00+00:00,18,1.0516,0.4943,1.0,63,377009.4892,-18879.4903,0.5057,34,190667.725,5175.680372,95514.8608,90826.9035,-4687.9573,63,377009.4892,11
2023-11-17 00:00:00+00:00,24,1.5933,0.4523,1.0,95,512052.3264,-15507.1996,0.5477,61,280442.9401,5511.37756,142298.878,89310.5084,-52988.3696,95,512052.3264,10
2023-11-16 00:00:00+00:00,35,1.7535,0.5062,1.0,108,493556.9528,-34289.4359,0.4938,57,243738.9566,3691.879571,159090.71,90727.2862,-68363.4238,108,493556.9528,16
2023-11-15 00:00:00+00:00,20,2.0712,0.5492,1.0,93,579702.1751,-29694.9863,0.4508,55,261343.259,10401.8897,214698.6521,103660.264,-111038.3881,93,579702.1751,18
2023-11-14 00:00:00+00:00,17,0.5328,0.5018,1.0,100,518889.2351,-20603.8659,0.4982,57,258492.8327,5003.054508,90517.7714,169878.631,79360.8596,100,518889.2351,26
2023-11-13 00:00:00+00:00,22,1.4124,0.542,1.0,87,419960.5046,-56008.1393,0.458,47,192320.9954,3664.840651,133277.9322,94361.577,-38916.3553,87,419960.5046,18
2023-11-12 00:00:00+00:00,8,0.4938,0.4597,1.0,59,413943.5059,-49029.7922,0.5403,23,223648.8185,6937.2475,62908.7425,127385.9449,64477.2025,59,413943.5059,28
2023-11-11 00:00:00+00:00,14,0.7965,0.5119,1.0,76,326246.9481,-64929.1594,0.4881,46,159252.605,5533.219955,74038.133,92956.2102,18918.0772,76,326246.9481,16
2023-11-10 00:00:00+00:00,27,1.9722,0.5282,1.0,124,1067554.1497,-68653.2469,0.4718,78,503619.1691,13081.422878,374199.5021,189735.4785,-184464.0235,124,1067554.1497,19
2023-11-09 00:00:00+00:00,26,1.2584,0.4312,1.0,137,733864.3468,-46236.0604,0.5688,84,417445.9273,5291.302686,176310.3478,140108.0717,-36202.2762,137,733864.3468,27
2023-11-08 00:00:00+00:00,8,1.7014,0.3095,1.0,76,589926.4196,-45033.1641,0.6905,53,407371.2707,9323.725042,114977.8473,67577.3016,-47400.5457,76,589926.4196,15
2023-11-07 00:00:00+00:00,17,2.7665,0.4884,1.0,85,735488.1265,-51677.1247,0.5116,50,376279.336,11957.192468,263838.9222,95369.8682,-168469.0539,85,735488.1265,18
2023-11-06 00:00:00+00:00,13,0.8937,0.3585,1.0,82,493632.0999,-31892.8144,0.6415,56,316677.4706,5503.9681,83511.2774,93443.3518,9932.0744,82,493632.0999,13
2023-11-05 00:00:00+00:00,17,2.1486,0.4653,1.0,68,275843.5854,-34214.9208,0.5347,44,147499.7813,3069.439424,87581.0859,40762.7181,-46818.3678,68,275843.5854,7
2023-11-04 00:00:00+00:00,11,1.2082,0.3467,1.0,51,218760.4237,-32608.6089,0.6533,32,142909.9693,4909.086243,41500.495,34349.9594,-7150.5356,51,218760.4237,8
2023-11-03 00:00:00+00:00,12,1.4711,0.2555,1.0,82,565374.1086,-37935.1529,0.7445,62,420899.1282,6410.861927,86009.3494,58465.631,-27543.7184,82,565374.1086,8
2023-11-02 00:00:00+00:00,22,1.2105,0.456,1.0,90,639867.0987,-34552.568,0.544,57,348072.8427,6847.611284,159788.129,132006.127,-27782.0021,90,639867.0987,11
2023-11-01 00:00:00+00:00,18,2.4384,0.3508,1.0,94,640004.2669,-25065.8455,0.6492,67,415522.4159,5854.119495,159195.0602,65286.7908,-93908.2694,94,640004.2669,9
2023-10-31 00:00:00+00:00,14,1.5437,0.3512,1.0,90,399361.105,-7439.3582,0.6488,63,259108.9194,4210.450526,85115.5338,55136.6518,-29978.8821,90,399361.105,13
2023-10-30 00:00:00+00:00,13,1.0353,0.6787,1.0,100,536819.3766,-12984.8964,0.3213,40,172467.5742,8263.124017,185337.2363,179014.5661,-6322.6703,100,536819.3766,47
2023-10-29 00:00:00+00:00,9,5.5979,0.2485,1.0,53,205430.0713,-26984.0607,0.7515,40,154381.9048,8115.786989,43311.1755,7736.991,-35574.1845,53,205430.0713,4
2023-10-28 00:00:00+00:00,3,5.2686,0.2477,1.0,45,263422.4131,-24483.1072,0.7523,40,198166.018,7944.443905,54846.3693,10410.0258,-44436.3435,45,263422.4131,2
2023-10-27 00:00:00+00:00,12,1.0503,0.4269,1.0,80,369180.5431,-18216.7197,0.5731,52,211578.8447,5157.187821,80733.6613,76868.037,-3865.6243,80,369180.5431,16
2023-10-26 00:00:00+00:00,19,0.5578,0.2841,1.0,89,479024.1752,-16941.9533,0.7159,63,342945.3111,8072.777801,48726.9043,87351.9598,38625.0556,89,479024.1752,7
2023-10-25 00:00:00+00:00,15,0.7745,0.4547,1.0,87,510076.1691,-26201.9176,0.5453,63,278163.7156,9062.431359,101217.6558,130694.7978,29477.1419,87,510076.1691,9
2023-10-24 00:00:00+00:00,32,1.4107,0.5437,1.0,119,742709.847,-31060.9486,0.4563,69,338897.3758,8224.137271,236305.0603,167507.4109,-68797.6494,119,742709.847,18
2023-10-23 00:00:00+00:00,26,2.025,0.502,1.0,106,613209.039,-20053.1662,0.498,58,305351.5186,7724.838301,206087.1706,101770.3498,-104316.8208,106,613209.039,22
2023-10-22 00:00:00+00:00,17,1.5311,0.4869,1.0,53,176830.4117,-6696.0966,0.5131,27,90723.3951,2563.273393,52087.2632,34019.7534,-18067.5098,53,176830.4117,9
2023-10-21 00:00:00+00:00,7,1.0113,0.3287,1.0,55,309380.496,-6225.0336,0.6713,38,207686.668,7251.533192,51132.7295,50561.0986,-571.6309,55,309380.496,10
2023-10-20 00:00:00+00:00,15,0.9526,0.4221,1.0,77,494058.0528,-8438.6367,0.5779,45,285514.781,5358.966309,101742.7656,106800.5062,5057.7406,77,494058.0528,17
2023-10-19 00:00:00+00:00,17,1.5735,0.3897,1.0,69,301626.3989,-11349.4783,0.6103,43,184081.3691,4170.215174,71869.8624,45675.1675,-26194.6949,69,301626.3989,9
2023-10-18 00:00:00+00:00,12,1.1148,0.1755,1.0,69,476029.288,-10183.5734,0.8245,49,392485.7469,10423.402363,44039.8079,39503.7332,-4536.0747,69,476029.288,8
2023-10-17 00:00:00+00:00,12,0.8904,0.3698,1.0,74,385000.3329,-5386.9948,0.6302,53,242624.1178,3659.416454,67059.6938,75316.5212,8256.8274,74,385000.3329,9
2023-10-16 00:00:00+00:00,16,1.1407,0.4682,1.0,79,351569.6049,-29928.1587,0.5318,49,186957.7351,3630.605982,87714.6018,76897.2679,-10817.334,79,351569.6049,14
2023-10-15 00:00:00+00:00,9,1.4474,0.5457,0.9731,45,144087.5686,-36189.2913,0.4543,30,67272.7889,3658.025376,47786.4988,33016.4304,-14770.0684,49,148075.7181,10
2023-10-14 00:00:00+00:00,12,1.4557,0.6342,1.0,46,136518.3769,-39110.7408,0.3658,27,49937.1721,3613.863082,51324.0289,35257.1758,-16066.8531,46,136518.3769,7
2023-10-13 00:00:00+00:00,8,1.3896,0.258,1.0,62,364211.0844,-36124.8139,0.742,47,270258.3193,7005.022062,54635.4579,39317.3072,-15318.1506,62,364211.0844,7
2023-10-12 00:00:00+00:00,12,1.3533,0.4519,1.0,68,265798.6282,-34750.6503,0.5481,47,145686.6966,3375.237969,69072.6461,51039.2855,-18033.3606,68,265798.6282,9
2023-10-11 00:00:00+00:00,15,0.8148,0.5864,1.0,68,485179.5806,-34085.8035,0.4136,42,200654.5069,13422.889532,127742.5491,156782.5247,29039.9756,68,485179.5806,11
2023-10-10 00:00:00+00:00,13,3.0082,0.4848,1.0,91,673233.7795,-41684.3486,0.5152,64,346840.3108,13424.58761,244962.3942,81431.0745,-163531.3198,91,673233.7795,14
2023-10-09 00:00:00+00:00,20,2.0022,0.4905,1.0,72,333698.5882,-24162.2379,0.5095,43,170002.9586,4458.918641,109170.4459,54525.1836,-54645.2623,72,333698.5882,9
2023-10-08 00:00:00+00:00,11,1.5295,0.5127,1.0,47,328156.3405,-20209.3025,0.4873,23,159897.8764,7366.837284,101739.3394,66519.1246,-35220.2148,47,328156.3405,13
2023-10-07 00:00:00+00:00,3,0.9066,0.3632,1.0,49,271622.9334,-15843.6312,0.6368,38,172970.569,6014.214801,46908.8646,51743.4998,4834.6352,49,271622.9334,8
2023-10-06 00:00:00+00:00,12,1.0948,0.3166,1.0,70,397763.7577,-25675.7624,0.6834,46,271835.937,6561.931002,65813.4131,60114.4075,-5699.0056,70,397763.7577,12
2023-10-05 00:00:00+00:00,9,1.2166,0.2642,1.0,84,518356.0753,-27495.458,0.7358,64,381420.9582,6206.577954,75157.2751,61777.842,-13379.4331,84,518356.0753,11
2023-10-04 00:00:00+00:00,7,1.2332,0.4266,1.0,82,542196.7812,-24694.6507,0.5734,68,310897.231,13401.430399,127724.6951,103574.8551,-24149.84,82,542196.7812,7
2023-10-03 00:00:00+00:00,8,1.9504,0.3464,1.0,65,366287.6704,-25537.8171,0.6536,50,239394.2697,3570.313696,83884.9729,43008.4278,-40876.5451,65,366287.6704,7
2023-10-02 00:00:00+00:00,12,1.3191,0.3145,1.0,87,623272.698,-23377.5163,0.6855,63,427250.272,6859.00793,111498.57,84523.8561,-26974.7139,87,623272.698,12
2023-10-01 00:00:00+00:00,10,1.0981,0.3285,1.0,56,303552.6832,-21734.385,0.6715,38,203848.3768,6174.855895,52182.411,47521.8953,-4660.5157,56,303552.6832,8
2023-09-30 00:00:00+00:00,7,2.5436,0.4537,1.0,47,323789.5532,-21577.5845,0.5463,34,176887.4354,10753.61715,105446.2005,41455.9173,-63990.2832,47,323789.5532,6
2023-09-29 00:00:00+00:00,9,1.2336,0.4675,1.0,65,377007.873,-22560.9437,0.5325,42,200751.4793,3683.058547,97346.6345,78909.7592,-18436.8753,65,377007.873,14
2023-09-28 00:00:00+00:00,15,0.9052,0.3983,1.0,76,314257.8844,-22519.0075,0.6017,45,189094.6659,3048.069671,59468.5,65694.7184,6226.2184,76,314257.8844,16
2023-09-27 00:00:00+00:00,17,1.5479,0.5893,1.0,63,237157.018,-31068.6744,0.4107,37,97403.7909,3580.890345,84902.6162,54850.611,-30052.0052,63,237157.018,9
2023-09-26 00:00:00+00:00,11,2.3191,0.2128,1.0,55,304538.9782,-27429.657,0.7872,41,239735.8722,8853.320149,45278.7727,19524.3333,-25754.4394,55,304538.9782,3
2023-09-25 00:00:00+00:00,21,1.4531,0.3906,1.0,64,214482.7598,-25532.2876,0.6094,35,130715.5234,5125.61371,49620.0157,34147.2207,-15472.795,64,214482.7598,8
2023-09-24 00:00:00+00:00,8,1.0739,0.5398,1.0,39,185290.6917,-24482.0936,0.4602,21,85276.8827,5541.318638,51788.3604,48225.4486,-3562.9118,39,185290.6917,10
2023-09-23 00:00:00+00:00,10,6.7276,0.5472,0.9392,34,164115.5435,-23592.0682,0.4528,30,79111.4368,10927.463226,83247.8087,12374.0112,-70873.7975,45,174733.2567,5
2023-09-22 00:00:00+00:00,10,1.4182,0.3458,1.0,69,303406.9518,-19880.9065,0.6542,51,198485.1436,4794.281711,61532.5652,43389.243,-18143.3222,69,303406.9518,8
2023-09-21 00:00:00+00:00,19,2.0846,0.5181,1.0,68,294339.2598,-24152.5483,0.4819,39,141840.4959,4962.672128,103060.1068,49438.6571,-53621.4497,68,294339.2598,10
2023-09-20 00:00:00+00:00,15,1.0595,0.4162,1.0,75,380676.2823,-18716.0548,0.5838,46,222230.3397,4468.888081,81512.4129,76933.5298,-4578.8831,75,380676.2823,14
2023-09-19 00:00:00+00:00,9,1.2597,0.2531,1.0,70,428708.325,-12408.0081,0.7469,53,320190.7638,8348.607926,60495.2074,48022.3538,-12472.8536,70,428708.325,8
2023-09-18 00:00:00+00:00,20,1.128,0.4956,1.0,73,272440.3035,-10626.1719,0.5044,41,137406.9611,3303.712389,71577.39,63455.9525,-8121.4375,73,272440.3035,12
2023-09-17 00:00:00+00:00,7,0.9025,0.3774,0.971,36,133864.6292,-9991.5699,0.6226,25,85831.0417,3996.906057,24680.1603,27347.4262,2667.2659,40,137858.6282,8
2023-09-16 00:00:00+00:00,12,5.1226,0.2473,1.0,42,269644.1461,-10829.4664,0.7527,27,202968.0643,9425.701191,55785.8736,10890.2082,-44895.6654,42,269644.1461,3
2023-09-15 00:00:00+00:00,11,2.2275,0.3036,1.0,66,416084.8836,-8252.1351,0.6964,48,289761.3982,8228.827661,87184.1499,39139.3355,-48044.8144,66,416084.8836,7
2023-09-14 00:00:00+00:00,18,1.2758,0.4354,1.0,73,295020.7316,-5730.2879,0.5646,45,166560.3372,3309.413343,72013.1951,56447.1994,-15565.9957,73,295020.7316,10
2023-09-13 00:00:00+00:00,14,0.6066,0.347,1.0,84,465696.566,-10898.9741,0.653,61,304076.9251,7966.732999,61021.0985,100598.5423,39577.4438,84,465696.566,9
2023-09-12 00:00:00+00:00,0,,0.0,1.0,78,1396354.7271,-15832.5513,1.0,78,1396354.7271,5406.148953,0.0,0.0,0.0,78,1396354.7271,0
2023-09-11 00:00:00+00:00,6,1.0672,0.1509,1.0,88,750407.404,-19866.5855,0.8491,75,637148.4994,4822.721514,58469.0641,54789.8405,-3679.2237,88,750407.404,7
2023-09-10 00:00:00+00:00,13,1.0612,0.5329,1.0,52,202232.9885,-39824.6856,0.4671,27,94467.4402,3518.282993,55481.7788,52283.7695,-3198.0092,52,202232.9885,12
2023-09-09 00:00:00+00:00,7,3.614,0.2883,0.9321,33,153260.7577,-39906.4618,0.7117,36,117029.968,4940.773456,37127.6043,10273.2578,-26854.3464,46,164430.83,3
2023-09-08 00:00:00+00:00,13,1.8798,0.2813,1.0,65,353633.8136,-35965.5468,0.7187,47,254157.1317,5605.318987,64934.283,34542.399,-30391.884,65,353633.8136,5
2023-09-07 00:00:00+00:00,14,1.7636,0.5006,1.0,59,374115.5053,-33162.243,0.4994,37,186828.1633,6917.662041,119517.0706,67770.2714,-51746.7992,59,374115.5053,8
2023-09-06 00:00:00+00:00,11,0.9306,0.4304,1.0,60,326041.7398,-41033.1861,0.5696,37,185727.8505,4748.783314,67635.7429,72678.1464,5042.4035,60,326041.7398,12
2023-09-05 00:00:00+00:00,11,1.7574,0.2601,1.0,66,395189.6696,-47333.0701,0.7399,50,292384.6698,7137.136018,65521.6197,37283.3801,-28238.2396,66,395189.6696,5
2023-09-04 00:00:00+00:00,4,1.8368,0.7516,1.0,55,646796.5451,-49908.708,0.2484,13,160696.288,27746.629416,314743.0906,171357.1666,-143385.924,55,646796.5451,38
2023-09-03 00:00:00+00:00,12,1.1036,0.5389,0.9725,40,138128.3145,-36313.0662,0.4611,25,65498.8409,3549.792948,40156.074,36385.6313,-3770.4427,44,142040.5461,7
2023-09-02 00:00:00+00:00,11,0.9866,0.4473,1.0,53,242460.9126,-30693.54,0.5527,33,134010.4828,4478.549559,53859.1858,54591.244,732.0582,53,242460.9126,9
2023-09-01 00:00:00+00:00,13,1.1887,0.322,1.0,80,387890.9429,-33683.7308,0.678,57,262984.8564,5874.185726,67837.4216,57068.6648,-10768.7569,80,387890.9429,10
2023-08-31 00:00:00+00:00,18,2.7577,0.401,1.0,89,569645.9925,-34281.9256,0.599,61,341233.8402,9551.101225,167627.7767,60784.3756,-106843.4011,89,569645.9925,10
2023-08-30 00:00:00+00:00,16,1.6765,0.4851,1.0,74,318520.6346,-23572.307,0.5149,47,163998.1354,4398.519185,96789.6417,57732.8574,-39056.7842,74,318520.6346,11
2023-08-29 00:00:00+00:00,24,1.8108,0.3655,1.0,91,438790.6124,-11628.5456,0.6345,57,278400.4998,5652.895105,103328.909,57061.2036,-46267.7054,91,438790.6124,10
2023-08-28 00:00:00+00:00,13,7.4003,0.2141,1.0,65,295624.0281,-29834.2112,0.7859,48,232340.6224,6406.825953,55749.9186,7533.4872,-48216.4314,65,295624.0281,4
2023-08-27 00:00:00+00:00,6,0.6237,0.5056,0.9835,39,298558.7946,-25094.9978,0.4944,29,150076.4873,10059.370074,58957.9237,94524.1648,35566.2412,44,303558.5758,9
2023-08-26 00:00:00+00:00,6,3.6932,0.2837,0.8106,22,100555.2858,-29177.1679,0.7163,41,88852.6087,4440.651701,27699.2768,7499.9993,-20199.2775,49,124051.8849,2
2023-08-25 00:00:00+00:00,9,1.439,0.2547,1.0,68,326173.0033,-28538.1632,0.7453,53,243086.2242,5874.876067,49021.4499,34065.3292,-14956.1206,68,326173.0033,6
2023-08-24 00:00:00+00:00,20,1.656,0.4832,1.0,72,267120.0378,-29589.6795,0.5168,39,138055.4731,3244.227795,80470.3178,48594.2468,-31876.071,72,267120.0378,13
2023-08-23 00:00:00+00:00,14,0.6259,0.3223,1.0,74,600622.2017,-27234.2245,0.6777,43,407019.2387,7568.535146,74526.7088,119076.2541,44549.5452,74,600622.2017,17
2023-08-22 00:00:00+00:00,24,3.1429,0.6266,1.0,87,535927.4563,-35035.6297,0.3734,51,200095.8858,15084.55212,254769.4674,81062.1031,-173707.3643,87,535927.4563,12
2023-08-21 00:00:00+00:00,9,1.3353,0.2278,1.0,70,459981.8498,-7076.0295,0.7722,54,355210.3943,7056.348953,59906.6966,44864.759,-15041.9376,70,459981.8498,7
2023-08-20 00:00:00+00:00,12,0.864,0.3222,1.0,52,297455.2845,-6371.9679,0.6778,34,201612.7887,7279.356716,44425.7225,51416.7732,6991.0507,52,297455.2845,6
2023-08-19 00:00:00+00:00,7,1.3272,0.3992,1.0,55,280178.959,-12004.8714,0.6008,41,168321.2747,4823.745925,63791.9646,48065.7197,-15726.2449,55,280178.959,7
2023-08-18 00:00:00+00:00,17,1.1432,0.5223,1.0,99,639482.5297,-6792.5815,0.4777,62,305461.5532,7138.518779,178168.8555,155852.121,-22316.7345,99,639482.5297,20
2023-08-17 00:00:00+00:00,13,1.1472,0.2691,1.0,105,834104.8054,-4023.6403,0.7309,84,609626.7358,8541.212415,119932.9778,104545.0918,-15387.8861,105,834104.8054,8
2023-08-16 00:00:00+00:00,15,1.1896,0.2588,1.0,77,448889.2671,-4397.3851,0.7412,56,332719.6999,7501.934756,63114.9292,53054.6381,-10060.2911,77,448889.2671,6
2023-08-15 00:00:00+00:00,3,0.5014,0.2478,1.0,70,267393.9827,-3784.5095,0.7522,61,201124.0274,5705.29245,22130.0593,44139.896,22009.8367,70,267393.9827,6
2023-08-14 00:00:00+00:00,6,1.3317,0.2187,1.0,67,325111.7673,-8721.7283,0.7813,54,254011.2643,6622.666833,40607.0046,30493.4984,-10113.5062,67,325111.7673,7
2023-08-13 00:00:00+00:00,10,11.3377,0.243,0.9649,38,153713.008,-18441.2166,0.757,31,120591.0315,5005.200754,35577.2343,3137.9607,-32439.2736,44,159306.2265,3
2023-08-12 00:00:00+00:00,7,0.6747,0.3288,0.9687,39,314812.0343,-16637.5033,0.6712,36,218115.2552,11767.170698,43052.6608,63812.4452,20759.7844,50,324980.3612,7
2023-08-11 00:00:00+00:00,6,1.0597,0.3132,1.0,63,323439.7274,-19492.6002,0.6868,51,222130.9091,4315.818637,52121.4822,49187.3361,-2934.146,63,323439.7274,6
2023-08-10 00:00:00+00:00,9,1.5865,0.2373,1.0,70,334570.4546,-18423.793,0.7627,56,255167.4749,6168.08818,48703.5396,30699.4401,-18004.0995,70,334570.4546,5
2023-08-09 00:00:00+00:00,6,1.1868,0.1657,1.0,70,407678.2748,-21661.8024,0.8343,58,340120.626,6383.896679,36663.9054,30893.7434,-5770.162,70,407678.2748,6
2023-08-08 00:00:00+00:00,17,1.1939,0.4432,1.0,75,320330.0565,-31434.5221,0.5568,47,178346.8723,3888.729551,77266.9398,64716.2444,-12550.6954,75,320330.0565,11
2023-08-07 00:00:00+00:00,19,4.3408,0.3688,1.0,70,338746.714,-32974.7165,0.6312,48,213812.2237,5375.421062,101542.207,23392.2833,-78149.9237,70,338746.714,3
2023-08-06 00:00:00+00:00,7,1.9125,0.3264,1.0,43,193749.8525,-25752.8792,0.6736,34,130508.6709,4537.33216,41527.2314,21713.9502,-19813.2811,43,193749.8525,2
2023-08-05 00:00:00+00:00,5,0.9002,0.0837,1.0,50,176048.568,-19953.5036,0.9163,42,161305.6486,5001.448497,6984.4064,7758.5131,774.1067,50,176048.568,3
2023-08-04 00:00:00+00:00,7,0.9254,0.3863,1.0,63,303940.1915,-23999.42,0.6137,48,186513.0304,5045.194276,56439.8285,60987.3326,4547.5042,63,303940.1915,8
2023-08-03 00:00:00+00:00,11,2.1814,0.3609,1.0,66,303491.8176,-33215.7344,0.6391,49,193973.3036,5336.637189,75094.3397,34424.1744,-40670.1653,66,303491.8176,6
2023-08-02 00:00:00+00:00,18,2.3355,0.4318,1.0,82,429045.5358,-26767.6792,0.5682,55,243775.8256,5345.317605,129724.4551,55545.2551,-74179.2,82,429045.5358,9
2023-08-01 00:00:00+00:00,12,1.391,0.3205,1.0,75,445147.6414,-21086.5068,0.6795,54,302460.579,5659.495286,83009.5593,59677.5032,-23332.0561,75,445147.6414,9
2023-07-31 00:00:00+00:00,12,1.8557,0.1984,1.0,73,464171.5741,-19250.3719,0.8016,57,372069.6292,9269.332462,59849.5038,32252.441,-27597.0628,73,464171.5741,4
2023-07-30 00:00:00+00:00,12,0.6113,0.3977,0.9282,55,201043.0901,-23972.3837,0.6023,53,130449.0595,3876.174589,32677.846,53460.1938,20782.3479,73,216587.0993,8
2023-07-29 00:00:00+00:00,4,5.377,0.253,0.9824,45,155815.1033,-28115.1904,0.747,41,118479.4364,4378.981394,33840.9873,6293.6793,-27547.308,48,158614.103,3
2023-07-28 00:00:00+00:00,13,2.1943,0.3963,1.0,69,404674.2034,-20832.1729,0.6037,49,244285.3553,6684.215467,110177.7723,50211.0758,-59966.6965,69,404674.2034,7
2023-07-27 00:00:00+00:00,9,0.8999,0.3918,1.0,62,216254.3907,-15272.9422,0.6082,44,131519.0981,3762.176713,40134.5358,44600.7567,4466.2209,62,216254.3907,9
2023-07-26 00:00:00+00:00,7,1.8756,0.1939,1.0,66,582844.7928,-20009.5819,0.8061,54,469829.5916,10043.10301,73713.0971,39302.1041,-34410.9929,66,582844.7928,5
2023-07-25 00:00:00+00:00,3,1.3495,0.1394,1.0,68,505457.8786,-15300.171,0.8606,60,435005.3429,7761.808978,40465.8236,29986.7122,-10479.1114,68,505457.8786,5
2023-07-24 00:00:00+00:00,18,2.0634,0.4533,1.0,72,385441.3224,-29567.6856,0.5467,42,210722.0368,4914.448811,117685.2157,57034.0699,-60651.1458,72,385441.3224,12
2023-07-23 00:00:00+00:00,15,1.262,0.3608,1.0,47,196650.0814,-30726.9028,0.6392,25,125698.3341,4631.471359,39584.5233,31367.2241,-8217.2992,47,196650.0814,7
2023-07-22 00:00:00+00:00,4,0.3752,0.208,1.0,50,247967.4002,-32662.8726,0.792,39,196391.7232,4097.217878,14070.9312,37504.7459,23433.8147,50,247967.4002,7
2023-07-21 00:00:00+00:00,5,1.9533,0.1145,1.0,67,569451.7208,-35894.1459,0.8855,60,504234.6159,9424.43363,43134.5933,22082.5116,-21052.0817,67,569451.7208,2
2023-07-20 00:00:00+00:00,9,1.5711,0.3542,1.0,70,364630.2069,-34278.933,0.6458,53,235474.7528,4985.552084,78922.8554,50232.5986,-28690.2568,70,364630.2069,8
2023-07-19 00:00:00+00:00,9,1.0174,0.336,1.0,76,499560.4303,-40378.017,0.664,55,331685.662,5613.212323,84659.9426,83214.8257,-1445.1169,76,499560.4303,12
2023-07-18 00:00:00+00:00,17,2.3798,0.4526,1.0,71,597205.3136,-40792.9437,0.5474,41,326900.87,10554.482288,190328.0783,79976.3653,-110351.7131,71,597205.3136,13
2023-07-17 00:00:00+00:00,18,2.4904,0.4007,1.0,75,401871.5915,-25622.8984,0.5993,49,240825.5056,5009.719823,114905.8763,46140.2097,-68765.6665,75,401871.5915,8
2023-07-16 00:00:00+00:00,11,1.6385,0.4829,0.9893,42,184282.8571,-17473.0628,0.5171,26,96311.4951,6061.072605,55862.1598,34093.0718,-21769.088,44,186266.7267,7
2023-07-15 00:00:00+00:00,10,0.9841,0.3472,1.0,52,292877.9555,-17106.852,0.6528,30,191201.6742,9042.085978,50430.6897,51245.5916,814.9018,52,292877.9555,12
2023-07-14 00:00:00+00:00,16,1.0996,0.3708,1.0,104,553933.4796,-17789.6438,0.6292,71,348522.1217,5539.654479,107578.4748,97832.8831,-9745.5917,104,553933.4796,17
2023-07-13 00:00:00+00:00,30,1.5082,0.4789,1.0,110,735717.5432,-20324.2897,0.5211,61,383413.521,5263.623639,211843.9335,140460.0887,-71383.8448,110,735717.5432,19
2023-07-12 00:00:00+00:00,13,1.0782,0.2906,1.0,77,397643.5976,-11942.4444,0.7094,53,282075.8021,4837.753239,59958.6996,55609.0959,-4349.6038,77,397643.5976,11
2023-07-11 00:00:00+00:00,8,1.1099,0.2589,1.0,68,308538.7989,-20039.8516,0.7411,53,228662.6913,4887.722845,42018.7518,37857.3558,-4161.396,68,308538.7989,7
2023-07-10 00:00:00+00:00,10,1.3815,0.2321,1.0,71,315065.4113,-22482.4552,0.7679,56,241927.0439,4680.765742,42427.5924,30710.7751,-11716.8173,71,315065.4113,5
2023-07-09 00:00:00+00:00,10,1.715,0.3866,0.9053,23,170760.5768,-6270.9154,0.6134,32,115692.2706,6399.168425,46067.4048,26861.7924,-19205.6124,47,188621.4678,5
2023-07-08 00:00:00+00:00,9,1.1015,0.2923,1.0,51,280854.1252,-7457.818,0.7077,32,198749.6043,8105.150388,43034.581,39069.9399,-3964.6411,51,280854.1252,10
2023-07-07 00:00:00+00:00,11,1.4696,0.273,1.0,71,529594.0641,-3190.7021,0.727,49,385030.3825,9272.390747,86025.8971,58537.7845,-27488.1126,71,529594.0641,11
2023-07-06 00:00:00+00:00,14,1.1839,0.4028,1.0,69,374810.1794,-5189.8447,0.5972,43,223853.9766,5875.464449,81833.5652,69122.6376,-12710.9276,69,374810.1794,12
2023-07-05 00:00:00+00:00,9,2.7742,0.3864,1.0,65,335976.0123,-8052.5148,0.6136,52,206146.0572,5224.9377,95430.7047,34399.2503,-61031.4544,65,335976.0123,4
2023-07-04 00:00:00+00:00,15,1.4476,0.4434,1.0,71,262214.7415,9815.9651,0.5566,48,145952.6211,4166.296234,68760.8705,47501.2498,-21259.6208,71,262214.7415,8
2023-07-03 00:00:00+00:00,11,0.3864,0.4677,1.0,73,491588.1446,3269.8094,0.5323,49,261660.0716,12481.769577,64082.0559,165846.017,101763.9612,73,491588.1446,13
2023-07-02 00:00:00+00:00,14,1.9953,0.3957,1.0,49,209257.4636,-20127.056,0.6043,31,126457.2455,4619.128,55157.0742,27643.1438,-27513.9305,49,209257.4636,4
2023-07-01 00:00:00+00:00,5,0.4441,0.4089,1.0,53,164592.4113,2523.6399,0.5911,36,97298.5463,2695.170615,20694.3475,46599.5176,25905.1701,53,164592.4113,12
2023-06-30 00:00:00+00:00,18,1.3986,0.3738,1.0,79,667756.8161,-769.677,0.6262,48,418152.3054,6947.316382,145543.3108,104061.2,-41482.1108,79,667756.8161,13
2023-06-29 00:00:00+00:00,8,1.5463,0.2815,1.0,72,542212.7939,3586.5375,0.7185,54,389557.569,7799.334074,92702.4215,59952.8034,-32749.6182,72,542212.7939,10
2023-06-28 00:00:00+00:00,9,0.5742,0.2835,1.0,72,835164.5,6496.2161,0.7165,56,598384.6358,13533.443051,86365.9799,150413.8843,64047.9043,72,835164.5,7
2023-06-27 00:00:00+00:00,13,3.0111,0.2167,1.0,90,617449.7815,-5413.7516,0.7833,73,483653.2444,8568.694881,100439.6238,33356.9133,-67082.7104,90,617449.7815,4
2023-06-26 00:00:00+00:00,10,1.5723,0.3623,1.0,75,769269.7186,-2393.5798,0.6377,47,490552.9764,11674.856192,170365.4195,108351.3227,-62014.0968,75,769269.7186,18
2023-06-25 00:00:00+00:00,14,0.2615,0.6301,1.0,60,355248.0694,13292.1057,0.3699,34,131389.1378,15457.444644,46408.9953,177449.9363,131040.941,60,355248.0694,12
2023-06-24 00:00:00+00:00,6,0.9588,0.3929,1.0,59,344706.3174,-10618.3907,0.6071,39,209262.8429,6486.532616,66295.7613,69147.7131,2851.9518,59,344706.3174,14
2023-06-23 00:00:00+00:00,19,1.1198,0.4775,1.0,86,407144.9771,-15254.4519,0.5225,48,212724.779,5146.800374,102704.4035,91715.7945,-10988.609,86,407144.9771,19
2023-06-22 00:00:00+00:00,12,1.1296,0.2751,1.0,86,739658.2707,-42067.4346,0.7249,60,536159.256,7896.503451,107940.4412,95558.5734,-12381.8678,86,739658.2707,14
2023-06-21 00:00:00+00:00,20,1.1463,0.3787,1.0,110,748200.8367,-33297.4634,0.6213,70,464826.563,7467.581921,151348.0718,132026.2018,-19321.8699,110,748200.8367,20
2023-06-20 00:00:00+00:00,18,1.5062,0.4122,1.0,89,551829.5893,-91646.6284,0.5878,54,324387.0714,6779.637991,136692.0129,90750.505,-45941.5079,89,551829.5893,17
2023-06-19 00:00:00+00:00,13,0.5421,0.451,1.0,74,356841.3656,-109960.2619,0.549,46,195890.0637,5252.409165,56582.8001,104368.5018,47785.7016,74,356841.3656,15
2023-06-18 00:00:00+00:00,7,2.2256,0.4913,0.9038,32,175929.909,-129845.5597,0.5087,37,99029.7591,5874.103439,65978.4225,29645.8891,-36332.5334,52,194654.0708,8
2023-06-17 00:00:00+00:00,11,1.6416,0.3377,1.0,55,360893.1672,-140026.6921,0.6623,37,239016.2206,6457.616163,75738.7116,46138.2349,-29600.4767,55,360893.1672,7
2023-06-16 00:00:00+00:00,14,3.89,0.5298,1.0,81,634546.4186,-138064.0842,0.4702,58,298374.6356,13425.180463,267425.6355,68746.1474,-198679.4881,81,634546.4186,9
2023-06-15 00:00:00+00:00,15,0.6338,0.3371,1.0,109,648608.6678,-112651.7345,0.6629,77,429931.7169,9040.957624,84834.5103,133842.4406,49007.9304,109,648608.6678,17
2023-06-14 00:00:00+00:00,15,6.4587,0.5852,1.0,95,998787.6179,-126203.1098,0.4148,73,414294.5875,26270.94561,506129.5276,78363.5028,-427766.0248,95,998787.6179,7
2023-06-13 00:00:00+00:00,18,5.746,0.423,1.0,84,585201.9944,-65322.6588,0.577,57,337682.4363,8627.707824,210828.2501,36691.3079,-174136.9422,84,585201.9944,9
2023-06-12 00:00:00+00:00,12,1.9131,0.4413,1.0,86,660869.3718,-41806.8047,0.5587,67,369246.545,8764.812099,191517.1049,100105.7219,-91411.3829,86,660869.3718,7
2023-06-11 00:00:00+00:00,19,4.6674,0.6746,0.9838,56,242480.2202,-97895.4184,0.3254,34,80200.1816,10782.955154,136940.1977,29339.7376,-107600.4601,60,246480.1168,7
2023-06-10 00:00:00+00:00,21,1.1721,0.2909,1.0,90,688342.5015,-79324.3186,0.7091,57,488135.0742,9128.634872,108034.8243,92172.603,-15862.2213,90,688342.5015,12
2023-06-09 00:00:00+00:00,14,1.2459,0.5266,1.0,71,360583.6663,-73207.0916,0.4734,46,170701.656,6066.77009,105337.5256,84544.4847,-20793.0409,71,360583.6663,11
2023-06-08 00:00:00+00:00,11,1.7547,0.2206,1.0,88,758605.942,-66000.3248,0.7794,70,591249.956,9410.362361,106603.8413,60752.1447,-45851.6967,88,758605.942,7
2023-06-07 00:00:00+00:00,10,1.0171,0.174,1.0,96,1083755.2174,-59274.4825,0.826,70,895142.3863,10356.500143,95107.8495,93504.9816,-1602.8679,96,1083755.2174,16
2023-06-06 00:00:00+00:00,14,1.0378,0.423,1.0,95,1214538.5916,-59308.2288,0.577,66,700769.505,13041.584656,261647.5248,252121.5618,-9525.963,95,1214538.5916,15
2023-06-05 00:00:00+00:00,13,5.3698,0.408,1.0,104,1729479.1262,-58721.5884,0.592,85,1023912.684,35238.82546,594799.0604,110767.3817,-484031.6787,104,1729479.1262,6
2023-06-04 00:00:00+00:00,13,0.4949,0.3844,0.971,53,167452.9436,-4800.523,0.6156,39,106165.2458,4510.325928,21944.6801,44341.9184,22397.2383,58,172451.8443,6
2023-06-03 00:00:00+00:00,8,0.6154,0.4591,1.0,59,246640.8409,-17998.6733,0.5409,42,133400.2531,4548.756961,43141.1099,70099.4779,26958.368,59,246640.8409,9
2023-06-02 00:00:00+00:00,5,0.6854,0.2392,1.0,100,664136.1306,-23801.6582,0.7608,84,505267.5995,6065.84858,64607.1023,94261.4288,29654.3264,100,664136.1306,11
2023-06-01 00:00:00+00:00,1,0.9407,0.0381,1.0,98,1054809.0598,-14854.3807,0.9619,95,1014581.2967,27932.08522,19499.2818,20728.4813,1229.1995,98,1054809.0598,2
2023-05-31 00:00:00+00:00,9,1.0274,0.1649,1.0,90,825235.6599,-24389.4594,0.8351,74,689126.004,8583.011601,68974.3738,67135.2821,-1839.0917,90,825235.6599,7
2023-05-30 00:00:00+00:00,13,1.0954,0.3121,1.0,77,381276.1983,-17850.6695,0.6879,57,262288.3664,5220.365395,62203.6562,56784.1756,-5419.4806,77,381276.1983,7
2023-05-29 00:00:00+00:00,12,2.5393,0.4675,1.0,77,524169.8772,-17857.1228,0.5325,55,279105.1479,10309.500475,175824.4752,69240.254,-106584.2212,77,524169.8772,10
2023-05-28 00:00:00+00:00,13,1.9511,0.6533,1.0,63,332431.4607,-15883.5406,0.3467,37,115268.0707,10833.800174,143576.6016,73586.7884,-69989.8132,63,332431.4607,13
2023-05-27 00:00:00+00:00,8,1.3276,0.2897,1.0,62,335123.8847,4220.3405,0.7103,46,238053.5761,6276.056433,55366.4176,41703.891,-13662.5266,62,335123.8847,8
2023-05-26 00:00:00+00:00,19,0.403,0.2653,1.0,106,817382.6944,5323.706,0.7347,65,600491.2778,9867.369617,62303.0737,154588.3429,92285.2692,106,817382.6944,22
2023-05-25 00:00:00+00:00,16,3.0207,0.4118,1.0,84,316585.3498,-17345.9733,0.5882,56,186222.6555,5181.894011,97939.5229,32423.1714,-65516.3516,84,316585.3498,12
2023-05-24 00:00:00+00:00,15,0.6464,0.423,1.0,99,483591.6932,-11287.4768,0.577,75,279010.7385,7664.980138,80324.2585,124256.6962,43932.4377,99,483591.6932,9
2023-05-23 00:00:00+00:00,17,1.088,0.1988,1.0,100,652020.9631,-10606.5897,0.8012,73,522405.7406,10627.717439,67539.9382,62075.2843,-5464.6539,100,652020.9631,10
2023-05-22 00:00:00+00:00,12,3.5489,0.4388,1.0,85,377326.8892,-8485.5197,0.5612,61,211766.9714,6237.420205,129164.5319,36395.3859,-92769.146,85,377326.8892,12
2023-05-21 00:00:00+00:00,7,0.1357,0.3208,1.0,62,289800.2899,-660.3277,0.6792,47,196842.7842,6846.995502,11110.0756,81847.4301,70737.3545,62,289800.2899,8
2023-05-20 00:00:00+00:00,3,1.6599,0.0927,1.0,59,258271.654,-25674.1867,0.9073,53,234332.6907,4251.814237,14938.9655,8999.9977,-5938.9678,59,258271.654,3
2023-05-19 00:00:00+00:00,9,2.02,0.4053,1.0,64,485056.9505,-25427.9359,0.5947,47,288458.5539,11885.71873,131500.4414,65097.9552,-66402.4862,64,485056.9505,8
2023-05-18 00:00:00+00:00,12,1.4608,0.3442,1.0,82,358539.6902,-24950.9781,0.6558,62,235136.0982,6045.632785,73255.2339,50148.3581,-23106.8758,82,358539.6902,8
2023-05-17 00:00:00+00:00,6,0.4203,0.2616,1.0,81,456161.5485,-30905.3045,0.7384,69,336843.3786,6454.959832,35309.7611,84008.4087,48698.6475,81,456161.5485,6
2023-05-16 00:00:00+00:00,4,0.828,0.2231,1.0,82,447174.7587,-37493.9072,0.7769,73,347431.9436,6594.417545,45179.9895,54562.8256,9382.8362,82,447174.7587,5
2023-05-15 00:00:00+00:00,8,1.4012,0.4255,1.0,77,534462.1498,-41911.7467,0.5745,61,307053.395,7696.544275,132700.7783,94707.9764,-37992.8019,77,534462.1498,8
2023-05-14 00:00:00+00:00,14,27.4619,0.5424,0.9513,45,196861.0481,-40599.0922,0.4576,39,94696.4203,7821.858364,108303.4331,3943.7746,-104359.6586,56,206943.628,3
2023-05-13 00:00:00+00:00,11,1.1051,0.3656,1.0,67,230917.5605,-23238.8064,0.6344,52,146503.4341,4162.910174,44314.6696,40099.4568,-4215.2128,67,230917.5605,4
2023-05-12 00:00:00+00:00,12,1.4898,0.3636,1.0,107,881806.2644,-61448.6182,0.6364,86,561216.0493,10570.37014,191826.998,128763.217,-63063.781,107,881806.2644,9
2023-05-11 00:00:00+00:00,27,2.498,0.2177,1.0,142,694975.736,-37581.4665,0.7823,109,543690.2951,5212.723883,108036.3008,43249.1401,-64787.1608,142,694975.736,6
2023-05-10 00:00:00+00:00,9,0.9755,0.1946,1.0,122,1067341.0209,-38270.1982,0.8054,102,859624.9626,14879.528599,102568.8149,105147.2433,2578.4285,122,1067341.0209,11
2023-05-09 00:00:00+00:00,19,1.1354,0.5518,1.0,99,615780.4301,-36364.1854,0.4482,68,276010.1708,14015.603598,180656.1498,159114.1095,-21542.0403,99,615780.4301,12
2023-05-08 00:00:00+00:00,21,1.1987,0.4609,1.0,116,691518.3516,-42520.2797,0.5391,78,372778.4212,9447.029401,173772.0755,144967.8549,-28804.2206,116,691518.3516,17
2023-05-07 00:00:00+00:00,12,0.7108,0.3542,0.9769,85,280023.3053,-158722.2073,0.6458,69,185101.9128,4596.119338,42189.315,59351.6571,17162.3421,92,286642.8849,11
2023-05-06 00:00:00+00:00,30,3.4457,0.515,0.9845,127,944187.8716,-165701.6253,0.485,92,465158.4624,22947.591628,382769.4748,111085.5798,-271683.895,142,959013.517,20
2023-05-05 00:00:00+00:00,32,0.6588,0.6827,1.0,125,740613.6061,-125832.6725,0.3173,61,234976.3215,15342.184262,200815.5021,304821.7825,104006.2804,125,740613.6061,32
2023-05-04 00:00:00+00:00,11,1.7171,0.3882,1.0,84,679440.7251,-154309.6805,0.6118,63,415682.3858,15482.847948,166683.3108,97075.0286,-69608.2822,84,679440.7251,10
2023-05-03 00:00:00+00:00,9,0.7266,0.222,1.0,95,452911.9864,-164239.384,0.778,79,352358.9662,5279.227952,42316.2511,58236.7691,15920.5179,95,452911.9864,7
2023-05-02 00:00:00+00:00,11,3.9833,0.1966,1.0,87,549115.615,-176254.0567,0.8034,71,441149.3793,6465.842356,86300.4682,21665.7675,-64634.7008,87,549115.615,5
2023-05-01 00:00:00+00:00,19,11.2866,0.6093,1.0,92,1651024.6418,-191015.1188,0.3907,64,645056.9433,61231.562318,924092.706,81874.9925,-842217.7135,92,1651024.6418,9
2023-04-30 00:00:00+00:00,14,1.6019,0.4857,1.0,59,282103.5752,-70800.9936,0.5143,38,145089.6176,6596.434464,84353.7709,52660.1868,-31693.5841,59,282103.5752,7
2023-04-29 00:00:00+00:00,10,0.8374,0.3489,1.0,54,239695.4757,-76835.3373,0.6511,37,156077.1742,5238.256152,38109.7635,45508.5379,7398.7744,54,239695.4757,7
2023-04-28 00:00:00+00:00,11,2.616,0.4394,1.0,73,485498.3943,-81343.3861,0.5606,50,272175.8758,6412.510955,154327.6467,58994.8718,-95332.7749,73,485498.3943,12
2023-04-27 00:00:00+00:00,18,2.4842,0.4197,1.0,82,778058.3177,-75360.6166,0.5803,56,451478.9365,12501.915544,232847.7942,93731.5871,-139116.2071,82,778058.3177,8
2023-04-26 00:00:00+00:00,12,1.6975,0.3554,1.0,97,741838.5139,-67910.8332,0.6446,74,478159.8505,9832.167014,165930.4273,97748.2361,-68182.1912,97,741838.5139,11
2023-04-25 00:00:00+00:00,15,8.7442,0.3862,1.0,94,547265.9412,-67867.4778,0.6138,72,335926.0781,7525.175873,189650.9993,21688.8638,-167962.1355,94,547265.9412,7
2023-04-24 00:00:00+00:00,11,1.0091,0.3252,1.0,75,487818.1108,-33540.3206,0.6748,58,329188.8822,6033.793285,79674.0326,78955.196,-718.8366,75,487818.1108,6
2023-04-23 00:00:00+00:00,13,2.4461,0.4526,1.0,55,389305.9055,-36920.8466,0.5474,36,213116.4389,10819.119456,125061.7284,51127.7382,-73933.9902,55,389305.9055,6
2023-04-22 00:00:00+00:00,11,1.6083,0.3094,1.0,64,334819.1166,-24493.9569,0.6906,41,231241.012,4770.162969,63867.8358,39710.2689,-24157.5669,64,334819.1166,12
2023-04-21 00:00:00+00:00,15,1.5425,0.264,1.0,112,948984.5226,-19902.2482,0.736,88,698479.9874,8384.438504,151978.962,98525.5731,-53453.3889,112,948984.5226,9
2023-04-20 00:00:00+00:00,21,1.8924,0.2946,1.0,113,956729.4875,-15607.1085,0.7054,82,674864.9955,7277.018191,184416.1076,97448.3844,-86967.7232,113,956729.4875,10
2023-04-19 00:00:00+00:00,10,1.2004,0.6599,1.0,140,1129426.5093,-1943.905,0.3401,47,384076.3648,18271.327746,406614.4239,338735.7206,-67878.7033,140,1129426.5093,83
2023-04-18 00:00:00+00:00,7,0.4619,0.344,1.0,86,571199.5477,45777.4857,0.656,64,374681.8486,6504.895102,62094.867,134422.8321,72327.9651,86,571199.5477,15
2023-04-17 00:00:00+00:00,11,1.4679,0.2572,1.0,85,500009.7639,33633.3602,0.7428,70,371408.8279,5878.089593,76491.7274,52109.2085,-24382.5189,85,500009.7639,4
2023-04-16 00:00:00+00:00,7,0.7989,0.2987,1.0,73,390988.674,41489.5825,0.7013,55,274208.6513,8320.341545,51862.8922,64917.1304,13054.2381,73,390988.674,11
2023-04-15 00:00:00+00:00,8,0.823,0.3397,1.0,61,242079.1927,30163.583,0.6603,45,159833.9888,4239.106243,37130.4049,45114.7989,7984.394,61,242079.1927,8
2023-04-14 00:00:00+00:00,21,1.1684,0.4069,1.0,126,740254.0336,37932.2448,0.5931,84,439039.3365,5359.660653,162301.054,138913.6431,-23387.4109,126,740254.0336,21
2023-04-13 00:00:00+00:00,14,0.9241,0.3371,1.0,105,652352.5263,38978.4351,0.6629,72,432466.8703,6504.597169,105605.4776,114280.1785,8674.7009,105,652352.5263,19
2023-04-12 00:00:00+00:00,22,0.3294,0.5953,1.0,81,886307.6975,30715.4798,0.4047,45,358684.8459,34014.460079,130725.9101,396896.9415,266171.0314,81,886307.6975,14
2023-04-11 00:00:00+00:00,13,1.3006,0.2834,1.0,79,342430.391,-76516.435,0.7166,59,245387.7303,3707.770934,54861.787,42180.8737,-12680.9133,79,342430.391,7
2023-04-10 00:00:00+00:00,13,0.6478,0.4142,1.0,69,345770.303,-87725.7495,0.5858,47,202539.3303,5433.972219,56309.9678,86921.0049,30611.0372,69,345770.303,9
2023-04-09 00:00:00+00:00,16,10.448,0.5436,0.9672,46,142778.3059,-76583.0398,0.4564,30,67379.1101,4425.096277,73237.4557,7009.6976,-66227.7581,51,147626.2634,5
2023-04-08 00:00:00+00:00,6,0.1941,0.4452,0.9855,56,204554.8532,-70831.3863,0.5548,45,115153.452,4800.248266,15018.1858,77383.2126,62365.0269,59,207554.8504,8
2023-04-07 00:00:00+00:00,7,4.8639,0.1067,1.0,57,228509.4021,-85557.2401,0.8933,49,204130.323,3852.715306,20221.579,4157.5,-16064.079,57,228509.4021,1
2023-04-06 00:00:00+00:00,11,4.7431,0.1707,1.0,72,442000.9735,-83379.5598,0.8293,57,366564.5897,5274.101769,62301.185,13135.1988,-49165.9862,72,442000.9735,4
2023-04-05 00:00:00+00:00,13,15.1827,0.5201,1.0,88,1062711.7811,-81946.7245,0.4799,70,509943.2291,49029.430031,518610.4621,34158.09,-484452.3721,88,1062711.7811,5
2023-04-04 00:00:00+00:00,16,2.564,0.4448,1.0,85,466944.1728,-18524.8543,0.5552,58,259241.3905,5288.231167,149424.4486,58278.3336,-91146.115,85,466944.1728,11
2023-04-03 00:00:00+00:00,10,0.4159,0.4188,1.0,74,628545.636,-9344.5789,0.5812,49,365294.3713,7659.242889,77320.6299,185930.6348,108610.0049,74,628545.636,15
2023-04-02 00:00:00+00:00,13,4.4153,0.2029,1.0,53,202885.4526,-32418.4316,0.7971,36,161713.5715,3915.255099,33569.0323,7602.8488,-25966.1835,53,202885.4526,4
2023-04-01 00:00:00+00:00,13,1.9156,0.4348,1.0,54,298208.0251,-23046.0226,0.5652,39,168549.3641,7040.985391,85187.3054,44471.3556,-40715.9498,54,298208.0251,2
2023-03-31 00:00:00+00:00,10,1.007,0.3308,1.0,76,710459.9304,-15524.2378,0.6692,60,475449.8102,7892.889065,117915.2187,117094.9015,-820.3171,76,710459.9304,6
2023-03-30 00:00:00+00:00,21,1.7906,0.4335,1.0,80,318641.3076,-19169.8621,0.5665,54,180502.6369,4585.483491,88637.4047,49501.266,-39136.1387,80,318641.3076,5
2023-03-29 00:00:00+00:00,26,1.4209,0.4959,1.0,100,469737.4856,1989.3752,0.5041,62,236777.4711,7194.620796,136729.6477,96230.3668,-40499.2809,100,469737.4856,12
2023-03-28 00:00:00+00:00,21,1.3278,0.3674,1.0,78,519564.0467,27856.2635,0.6326,50,328653.9783,10319.524128,108897.1277,82012.9407,-26884.1871,78,519564.0467,7
2023-03-27 00:00:00+00:00,16,1.5462,0.3988,1.0,83,618412.1567,23186.5332,0.6012,60,371793.5581,8159.96462,149762.7812,96855.8174,-52906.9638,83,618412.1567,7
2023-03-26 00:00:00+00:00,10,0.4097,0.4081,1.0,51,231964.6274,18060.961,0.5919,37,137296.9379,6827.357981,27513.5051,67154.1844,39640.6793,51,231964.6274,4
2023-03-25 00:00:00+00:00,11,0.7117,0.1709,1.0,59,414618.984,17691.0768,0.8291,45,343744.8358,9344.02447,29468.8024,41405.3458,11936.5435,59,414618.984,3
2023-03-24 00:00:00+00:00,18,1.1563,0.5154,1.0,80,705168.1118,9152.24,0.4846,50,341711.6714,8738.07759,194898.0637,168558.3767,-26339.687,80,705168.1118,12
2023-03-23 00:00:00+00:00,28,0.6384,0.6512,1.0,97,758265.9473,559.4608,0.3488,53,264481.1069,8494.569964,192403.1591,301381.6813,108978.5221,97,758265.9473,16
2023-03-22 00:00:00+00:00,23,0.7171,0.5079,1.0,100,1680053.9234,-20474.9343,0.4921,63,826807.9077,46866.758036,356338.5389,496907.4768,140568.9378,100,1680053.9234,14
2023-03-21 00:00:00+00:00,24,1.6127,0.5157,1.0,86,492623.0908,-67314.1989,0.4843,51,238594.2862,6664.735823,156800.5519,97228.2527,-59572.2992,86,492623.0908,11
2023-03-20 00:00:00+00:00,20,2.2714,0.409,1.0,93,558493.8543,-72041.8631,0.591,60,330045.4546,6607.704605,158617.1845,69831.2152,-88785.9693,93,558493.8543,13
2023-03-19 00:00:00+00:00,12,0.4542,0.3525,1.0,65,280008.6064,-72066.9676,0.6475,44,181299.0113,4966.48,30829.0526,67880.5425,37051.4898,65,280008.6064,9
2023-03-18 00:00:00+00:00,20,1.2712,0.5872,1.0,90,682300.3117,-92816.7603,0.4128,60,281684.7948,9463.07994,224225.4155,176390.1014,-47835.3141,90,682300.3117,10
2023-03-17 00:00:00+00:00,20,2.6298,0.3065,1.0,108,628485.2706,-147451.5387,0.6935,82,435862.1773,5511.37968,139556.1176,53066.9757,-86489.1418,108,628485.2706,6
2023-03-16 00:00:00+00:00,22,1.3642,0.5085,1.0,87,488407.1097,-135531.603,0.4915,53,240040.8593,7276.413254,143314.2468,105052.0036,-38262.2432,87,488407.1097,12
2023-03-15 00:00:00+00:00,30,2.1147,0.5757,1.0,108,909058.4148,-137155.5445,0.4243,62,385682.5136,7972.297161,355340.9079,168034.9932,-187305.9147,108,909058.4148,16
2023-03-14 00:00:00+00:00,34,1.4902,0.4878,1.0,139,965056.7598,-119808.1182,0.5122,84,494349.4293,6906.123514,281686.6396,189020.691,-92665.9486,139,965056.7598,21
2023-03-13 00:00:00+00:00,30,1.6413,0.3854,1.0,140,950617.6141,-102328.7017,0.6146,99,584219.2462,7187.777929,227680.0343,138718.3336,-88961.7007,140,950617.6141,11
2023-03-12 00:00:00+00:00,19,2.2038,0.3329,1.0,102,865031.387,-92572.4509,0.6671,75,577075.5863,16198.312609,198076.4297,89879.371,-108197.0587,102,865031.387,8
2023-03-11 00:00:00+00:00,30,2.2577,0.5329,1.0,184,2091390.9372,-76333.8842,0.4671,138,976906.4839,31346.067754,772381.6083,342102.8451,-430278.7632,184,2091390.9372,16
2023-03-10 00:00:00+00:00,26,1.0201,0.4103,1.0,112,745497.3024,-16334.8179,0.5897,71,439619.48,8802.367244,154463.707,151414.1153,-3049.5917,112,745497.3024,15
2023-03-09 00:00:00+00:00,22,1.4125,0.5419,1.0,95,535592.3716,-13435.2143,0.4581,51,245350.2711,7954.131293,169935.9671,120306.1334,-49629.8337,95,535592.3716,22
2023-03-08 00:00:00+00:00,18,3.5829,0.2477,1.0,72,471859.6862,-12472.0648,0.7523,47,354977.8492,11771.796753,91377.884,25503.953,-65873.9309,72,471859.6862,7
2023-03-07 00:00:00+00:00,16,0.5863,0.3553,1.0,79,320411.8098,-6842.6148,0.6447,53,206567.5733,6575.855661,42077.1346,71767.1019,29689.9673,79,320411.8098,10
2023-03-06 00:00:00+00:00,14,1.1836,0.4689,1.0,76,524295.8511,-12512.5686,0.5311,58,278437.4797,11287.838737,133263.1585,112595.213,-20667.9455,76,524295.8511,4
2023-03-05 00:00:00+00:00,6,0.7326,0.2796,1.0,51,126820.422,-1395.9775,0.7204,35,91361.1601,2297.078114,14993.1768,20466.0851,5472.9083,51,126820.422,10
2023-03-04 00:00:00+00:00,5,1.4403,0.2495,1.0,52,228490.3629,-6333.4799,0.7505,39,171485.6285,5155.424847,33645.0168,23359.7176,-10285.2993,52,228490.3629,8
2023-03-03 00:00:00+00:00,20,0.8633,0.4345,1.0,90,541068.7871,-7925.4406,0.5655,58,305965.5862,10203.690758,108927.7836,126175.4173,17247.6338,90,541068.7871,12
2023-03-02 00:00:00+00:00,26,1.544,0.5207,1.0,84,385121.8464,-36473.6162,0.4793,45,184571.193,9409.26437,121719.2204,78831.433,-42887.7874,84,385121.8464,13
2023-03-01 00:00:00+00:00,19,2.7839,0.1225,1.0,83,458227.464,-31263.8594,0.8775,57,402086.4302,25951.857761,41304.4073,14836.6265,-26467.7808,83,458227.464,7
2023-02-28 00:00:00+00:00,11,1.4254,0.1635,1.0,91,348665.9505,-45211.5015,0.8365,72,291647.5855,4969.861196,33509.037,23509.328,-9999.7089,91,348665.9505,8
2023-02-27 00:00:00+00:00,14,0.7121,0.4619,1.0,79,735700.9306,-44851.953,0.5381,55,395861.1895,15973.487354,141345.7744,198493.9666,57148.1922,79,735700.9306,10
2023-02-26 00:00:00+00:00,14,1.452,0.3853,1.0,55,409537.7675,-56078.2213,0.6147,35,251735.7147,12550.760743,93445.8309,64356.2219,-29089.609,55,409537.7675,6
2023-02-25 00:00:00+00:00,9,5.0189,0.0992,0.9723,57,314542.8699,-69695.2235,0.9008,53,291422.9858,11113.823294,26761.1159,5332.0918,-21429.0241,66,323516.1934,4
2023-02-24 00:00:00+00:00,20,10.8128,0.4275,1.0,87,514111.1941,-62664.4058,0.5725,60,294307.0163,13807.107644,201196.8865,18607.2913,-182589.5951,87,514111.1941,7
2023-02-23 00:00:00+00:00,18,1.0498,0.585,1.0,78,451805.3205,-40612.1951,0.415,49,187495.1883,9930.076498,135364.8111,128945.321,-6419.4901,78,451805.3205,11
2023-02-22 00:00:00+00:00,22,4.193,0.2749,1.0,89,734136.2311,-46986.0902,0.7251,58,532302.7636,24080.427828,162967.3717,38866.0959,-124101.2758,89,734136.2311,9
2023-02-21 00:00:00+00:00,12,1.1228,0.3193,1.0,92,405197.337,-50961.4293,0.6807,75,275799.465,6092.222716,68440.3705,60957.5015,-7482.869,92,405197.337,5
2023-02-20 00:00:00+00:00,19,1.375,0.3063,1.0,90,443235.1784,-48119.4058,0.6937,65,307464.6535,10398.433986,78603.1056,57167.4193,-21435.6863,90,443235.1784,6
2023-02-19 00:00:00+00:00,23,11.8738,0.5482,0.9325,57,250554.1535,-43716.1266,0.4518,44,121410.2678,8377.906046,135849.7587,11441.1347,-124408.624,76,268701.1611,9
2023-02-18 00:00:00+00:00,15,0.5985,0.3625,1.0,65,305183.1282,-25781.8899,0.6375,38,194563.0606,10604.205466,41416.6838,69203.3838,27786.7,65,305183.1282,12
2023-02-17 00:00:00+00:00,22,1.5563,0.4706,1.0,84,275587.8288,-32298.6885,0.5294,41,145887.0116,4431.988569,78962.4688,50738.3483,-28224.1205,84,275587.8288,21
2023-02-16 00:00:00+00:00,36,1.3686,0.5193,1.0,119,631461.6593,-41211.155,0.4807,68,303519.9497,11322.614859,189489.2326,138452.4771,-51036.7555,119,631461.6593,15
2023-02-15 00:00:00+00:00,24,4.422,0.3622,1.0,103,664610.7469,-57805.4437,0.6378,64,423885.6049,13361.193607,196326.8959,44398.2461,-151928.6498,103,664610.7469,15
2023-02-14 00:00:00+00:00,30,0.907,0.4213,1.0,97,603842.9998,-32279.6329,0.5787,56,349442.21,14666.372444,120994.7471,133406.0426,12411.2956,97,603842.9998,11
2023-02-13 00:00:00+00:00,21,0.9522,0.5236,1.0,77,732297.2504,-25610.9672,0.4764,44,348901.5902,15135.454037,187004.1961,196391.464,9387.2679,77,732297.2504,12
2023-02-12 00:00:00+00:00,12,0.9511,0.2455,1.0,48,183757.1692,-40121.5406,0.7545,27,138636.2237,6093.904305,21994.9564,23125.9891,1131.0327,48,183757.1692,9
2023-02-11 00:00:00+00:00,10,1.3166,0.3313,1.0,47,393801.8932,-34747.8251,0.6687,34,263331.8145,20735.320597,74150.4843,56319.5944,-17830.8899,47,393801.8932,3
2023-02-10 00:00:00+00:00,5,1.2341,0.6966,1.0,94,1241565.9902,-33702.9071,0.3034,30,376706.9897,27090.156796,477735.1932,387123.8073,-90611.3859,94,1241565.9902,59
2023-02-09 00:00:00+00:00,26,4.2086,0.4859,1.0,98,558576.9365,-19107.7385,0.5141,53,287162.5154,8694.96967,219305.5989,52108.8221,-167196.7768,98,558576.9365,19
2023-02-08 00:00:00+00:00,10,0.6414,0.1912,1.0,74,640397.545,-864.9377,0.8088,56,517963.9681,18050.077139,47840.7753,74592.8016,26752.0263,74,640397.545,8
2023-02-07 00:00:00+00:00,30,0.5527,0.5214,1.0,94,393376.2858,-7835.7256,0.4786,51,188270.5126,7330.960242,73006.9088,132098.8644,59091.9556,94,393376.2858,13
2023-02-06 00:00:00+00:00,16,4.4058,0.4099,1.0,66,356948.1525,-17306.1996,0.5901,43,210626.2949,7336.405011,119254.302,27067.5556,-92186.7464,66,356948.1525,7
2023-02-05 00:00:00+00:00,11,0.3965,0.2976,1.0,52,301244.5343,-8679.3587,0.7024,30,211589.8182,13471.729746,25453.8374,64200.8787,38747.0412,52,301244.5343,11
2023-02-04 00:00:00+00:00,14,1.4512,0.136,1.0,54,420137.8371,-19030.0576,0.864,33,363007.2845,25493.049511,33823.5082,23307.0444,-10516.4637,54,420137.8371,7
2023-02-03 00:00:00+00:00,11,0.932,0.5201,1.0,69,631552.0258,-22949.5882,0.4799,45,303100.0518,16001.747454,158448.5898,170003.3841,11554.7943,69,631552.0258,13
2023-02-02 00:00:00+00:00,22,1.7846,0.2316,1.0,83,605349.3786,-25630.3117,0.7684,46,465173.2355,12466.883435,89836.6571,50339.486,-39497.1711,83,605349.3786,15
2023-02-01 00:00:00+00:00,12,2.0885,0.115,1.0,72,544102.1563,-25146.9046,0.885,55,481556.7511,22195.201019,42294.4473,20250.9579,-22043.4894,72,544102.1563,5
2023-01-31 00:00:00+00:00,19,1.0633,0.4449,1.0,71,527962.0746,-21575.3123,0.5551,45,293057.3174,10606.474898,121053.0598,113851.6974,-7201.3624,71,527962.0746,7
2023-01-30 00:00:00+00:00,11,1.3619,0.2731,1.0,74,759748.6329,-16436.6737,0.7269,51,552226.5117,24537.309367,119660.4907,87861.6305,-31798.8602,74,759748.6329,12
2023-01-29 00:00:00+00:00,21,3.2484,0.3046,1.0,57,209103.5199,-20978.8152,0.6954,31,145411.6831,3914.465852,48699.8438,14991.993,-33707.8508,57,209103.5199,5
2023-01-28 00:00:00+00:00,17,2.7065,0.3833,1.0,69,215053.4021,-21562.8487,0.6167,39,132619.5125,3531.256581,60193.5339,22240.3557,-37953.1782,69,215053.4021,13
2023-01-27 00:00:00+00:00,19,1.0428,0.6832,1.0,61,503561.8345,-17322.2247,0.3168,31,159526.4513,13462.242383,175622.8266,168412.5566,-7210.2699,61,503561.8345,11
2023-01-26 00:00:00+00:00,17,3.7271,0.2719,1.0,67,230198.9157,-19484.0137,0.7281,46,167600.8394,3588.769988,49355.6987,13242.3776,-36113.3212,67,230198.9157,4
2023-01-25 00:00:00+00:00,9,0.9598,0.2136,1.0,78,675540.0794,-39269.7102,0.7864,62,531233.7413,8654.952471,70674.3409,73631.9972,2957.6563,78,675540.0794,7
2023-01-24 00:00:00+00:00,11,0.7699,0.397,1.0,73,557362.859,-42167.3603,0.603,53,336115.4625,9882.102565,96239.1441,125008.2523,28769.1082,73,557362.859,9
2023-01-23 00:00:00+00:00,16,1.7205,0.4604,1.0,56,521484.5143,-59212.4563,0.5396,36,281374.4943,15806.287628,151851.9355,88258.0845,-63593.8511,56,521484.5143,4
2023-01-22 00:00:00+00:00,16,3.3335,0.3244,1.0,52,216365.8454,-42045.8973,0.6756,30,146175.7084,5125.63174,53993.1111,16197.0259,-37796.0851,52,216365.8454,6
2023-01-21 00:00:00+00:00,12,1.1424,0.306,1.0,69,406517.9161,-39847.5572,0.694,44,282119.5288,11624.235372,66333.5986,58064.7887,-8268.8099,69,406517.9161,13
2023-01-20 00:00:00+00:00,12,1.1799,0.4469,1.0,72,605965.3479,-55169.1226,0.5531,54,335168.3483,12102.912535,146569.8965,124227.1031,-22342.7934,72,605965.3479,6
2023-01-19 00:00:00+00:00,12,3.8649,0.4776,1.0,67,620880.0636,-50506.8359,0.5224,52,324369.4057,18433.053192,235561.9271,60948.7308,-174613.1963,67,620880.0636,3
2023-01-18 00:00:00+00:00,23,1.2062,0.3057,1.0,96,606328.0586,-28730.415,0.6943,65,420971.5785,11278.776208,101341.1873,84015.2928,-17325.8945,96,606328.0586,8
2023-01-17 00:00:00+00:00,16,1.8844,0.3982,1.0,67,741508.0959,-40233.1057,0.6018,38,446208.1729,24425.193165,192923.2435,102376.6796,-90546.5639,67,741508.0959,13
2023-01-16 00:00:00+00:00,15,0.5321,0.2956,1.0,73,626820.0516,-22381.7298,0.7044,37,441559.2232,24297.760662,64344.3833,120916.4451,56572.0618,73,626820.0516,21
2023-01-15 00:00:00+00:00,12,1.8288,0.3981,1.0,58,192130.8082,-29450.4119,0.6019,34,115651.6828,4414.443074,49443.4148,27035.7106,-22407.7042,58,192130.8082,12
2023-01-14 00:00:00+00:00,31,1.9532,0.3812,1.0,107,938904.42,-28085.1524,0.6188,69,580990.483,18418.185649,236716.8522,121197.0848,-115519.7674,107,938904.42,7
2023-01-13 00:00:00+00:00,13,0.8727,0.1796,1.0,83,843533.3499,-11360.0158,0.8204,59,692050.4529,23863.733456,70594.8418,80888.0552,10293.2135,83,843533.3499,11
2023-01-12 00:00:00+00:00,28,1.1522,0.3857,1.0,100,813131.2735,-23345.259,0.6143,59,499537.6913,15352.537288,167885.9163,145707.6659,-22178.2503,100,813131.2735,13
2023-01-11 00:00:00+00:00,13,4.7839,0.3598,1.0,70,415692.3696,-12273.4893,0.6402,50,266130.9695,7624.342322,123703.0647,25858.3354,-97844.7292,70,415692.3696,7
2023-01-10 00:00:00+00:00,11,0.5744,0.2952,1.0,67,431220.7233,-1614.4609,0.7048,48,303915.888,7868.663695,46445.884,80858.9513,34413.0673,67,431220.7233,8
2023-01-09 00:00:00+00:00,26,0.9126,0.3342,1.0,87,464217.2058,-7605.1537,0.6658,51,309080.9414,7177.848826,74022.4888,81113.7756,7091.2868,87,464217.2058,10
2023-01-08 00:00:00+00:00,13,1.22,0.3407,1.0,39,380521.3184,-10774.0169,0.6593,22,250867.7075,19337.447211,71252.2493,58401.3617,-12850.8876,39,380521.3184,4
2023-01-07 00:00:00+00:00,9,0.8774,0.1621,0.9309,36,136832.5446,-10028.596,0.8379,33,123160.183,4241.131278,11135.3383,12691.5276,1556.1893,47,146987.0489,5
2023-01-06 00:00:00+00:00,19,3.4288,0.3703,1.0,74,362486.4301,-9205.3768,0.6297,46,228274.7609,6982.880288,103907.5793,30304.0899,-73603.4894,74,362486.4301,9
2023-01-05 00:00:00+00:00,12,0.5439,0.408,1.0,65,459065.2462,3552.283,0.592,46,271783.2337,11067.327368,65978.9373,121303.0753,55324.138,65,459065.2462,7
2023-01-04 00:00:00+00:00,21,1.2376,0.2348,1.0,88,931915.2472,-4043.3615,0.7652,57,713141.7044,18880.999487,121002.5368,97771.0059,-23231.5309,88,931915.2472,10
2023-01-03 00:00:00+00:00,13,1.4213,0.264,1.0,63,163715.7406,-8588.7559,0.736,41,120487.1447,1783.104851,25375.1889,17853.407,-7521.7819,63,163715.7406,9
2023-01-02 00:00:00+00:00,15,2.3125,0.1747,1.0,55,218062.9632,-10473.7969,0.8253,32,179977.2841,9136.333466,26588.2177,11497.4615,-15090.7562,55,218062.9632,8
2023-01-01 00:00:00+00:00,6,2.1454,0.1311,1.0,45,159862.7433,-681.5798,0.8689,34,138902.1161,5288.107763,14296.7842,6663.843,-7632.9412,45,159862.7433,5
2022-12-31 00:00:00+00:00,4,0.8874,0.2393,1.0,53,512851.0006,-8066.8439,0.7607,44,390151.1569,10833.311838,57690.5598,65009.2839,7318.7241,53,512851.0006,5
2022-12-30 00:00:00+00:00,7,0.8646,0.4002,1.0,63,540201.1765,-10141.4875,0.5998,51,324034.4048,12098.678706,100233.3212,115933.4505,15700.1293,63,540201.1765,5
2022-12-29 00:00:00+00:00,10,0.9177,0.1426,1.0,65,352262.5464,-9733.9903,0.8574,49,302034.4767,6295.940755,24036.7218,26191.3479,2154.6261,65,352262.5464,6
2022-12-28 00:00:00+00:00,14,5.023,0.244,1.0,67,337829.6752,-14040.4294,0.756,49,255413.2942,6826.816768,68732.8362,13683.5447,-55049.2915,67,337829.6752,4
2022-12-27 00:00:00+00:00,19,2.0556,0.2713,1.0,73,221020.925,-14773.4991,0.7287,44,161051.4598,3093.841876,40343.2672,19626.198,-20717.0692,73,221020.925,10
2022-12-26 00:00:00+00:00,8,0.189,0.3896,0.9751,50,196152.9223,-22193.9814,0.6104,38,122784.2329,7771.982946,12456.6605,65911.4244,53454.7638,55,201152.3179,9
2022-12-25 00:00:00+00:00,10,4.4874,0.6327,1.0,36,147540.1401,-21211.6394,0.3673,18,54184.9701,8106.49399,76342.4799,17012.69,-59329.7899,36,147540.1401,8
2022-12-24 00:00:00+00:00,9,1.6566,0.269,1.0,36,108354.7154,-1124.5617,0.731,22,79207.4032,3464.913824,18175.5468,10971.7655,-7203.7813,36,108354.7154,5
2022-12-23 00:00:00+00:00,13,0.8722,0.3237,1.0,65,839502.0879,-3166.9716,0.6763,40,567782.389,15625.626783,126583.5447,145136.1542,18552.6096,65,839502.0879,12
2022-12-22 00:00:00+00:00,12,2.1168,0.2397,1.0,64,325874.9592,-11683.4755,0.7603,44,247757.8988,5500.206395,53053.7541,25063.3063,-27990.4477,64,325874.9592,8
2022-12-21 00:00:00+00:00,10,4.8862,0.1772,1.0,64,514486.4721,1557.544,0.8228,49,423334.3465,9113.990473,75666.4523,15485.6733,-60180.779,64,514486.4721,5
2022-12-20 00:00:00+00:00,18,1.4346,0.5458,1.0,79,745721.1282,24578.4659,0.4542,50,338674.5584,14936.612565,239853.5076,167193.0622,-72660.4454,79,745721.1282,11
2022-12-19 00:00:00+00:00,15,0.5315,0.4959,1.0,64,397703.1669,49745.6377,0.5041,37,200499.7689,8414.300401,68436.1199,128767.278,60331.1581,64,397703.1669,12
2022-12-18 00:00:00+00:00,9,0.2695,0.4563,1.0,45,309573.206,61399.3804,0.5437,28,168320.1039,9748.578895,29986.674,111266.4281,81279.754,45,309573.206,8
2022-12-17 00:00:00+00:00,23,1.128,0.7,1.0,69,510745.4655,45412.7079,0.3,32,153201.4788,12553.629089,189522.3189,168021.6678,-21500.6511,69,510745.4655,14
2022-12-16 00:00:00+00:00,18,1.2484,0.3208,1.0,93,1158819.2605,34264.2661,0.6792,67,787092.7752,11466.769351,206394.7013,165331.784,-41062.9173,93,1158819.2605,8
2022-12-15 00:00:00+00:00,15,0.5737,0.4324,1.0,79,552458.6228,61647.8649,0.5676,53,313602.5605,10471.697521,87079.6868,151776.3754,64696.6886,79,552458.6228,11
2022-12-14 00:00:00+00:00,18,0.551,0.4977,1.0,84,700681.9493,52402.0661,0.5023,52,351945.6198,10634.410527,123885.3275,224851.002,100965.6745,84,700681.9493,14
2022-12-13 00:00:00+00:00,26,0.7028,0.4971,1.0,131,1193042.0022,-11594.5525,0.5029,84,600000.469,11127.942146,244765.8881,348275.6452,103509.7571,131,1193042.0022,21
2022-12-12 00:00:00+00:00,21,0.283,0.4471,1.0,86,568028.5212,51758.2165,0.5529,51,314085.347,13243.415938,56017.9087,197925.2655,141907.3569,86,568028.5212,14
2022-12-11 00:00:00+00:00,11,2.9873,0.4102,0.9736,43,145861.9371,50143.7248,0.5898,27,88365.0688,6159.574779,46038.3002,15411.3466,-30626.9536,47,149814.7155,9
2022-12-10 00:00:00+00:00,11,12.123,0.501,1.0,52,234421.9107,50798.9012,0.499,37,116984.1696,8518.579203,108488.7423,8948.9988,-99539.7434,52,234421.9107,4
2022-12-09 00:00:00+00:00,9,0.2295,0.5207,1.0,62,461546.2126,64665.0711,0.4793,37,221196.1919,9211.356703,44863.8731,195486.1476,150622.2745,62,461546.2126,16
2022-12-08 00:00:00+00:00,9,1.0004,0.2704,1.0,67,480743.1201,33386.9258,0.7296,52,350765.0464,9955.081169,65000.9884,64977.0853,-23.9031,67,480743.1201,6
2022-12-07 00:00:00+00:00,11,2.2756,0.5179,1.0,69,1720543.4793,26621.8987,0.4821,32,829472.3224,45925.622652,619040.9063,272030.2506,-347010.6557,69,1720543.4793,26
2022-12-06 00:00:00+00:00,15,0.0924,0.6101,1.0,71,1079158.9142,84567.0953,0.3899,51,420810.4646,69809.429823,55684.6547,602663.7949,546979.1402,71,1079158.9142,5
2022-12-05 00:00:00+00:00,8,0.1643,0.3363,1.0,69,540983.5833,9917.7368,0.6637,52,359025.6808,12857.804458,25675.9937,156281.9088,130605.9152,69,540983.5833,9
2022-12-04 00:00:00+00:00,14,1.3501,0.4201,1.0,57,416053.1329,-20677.4634,0.5799,33,241269.0226,15024.269139,100412.4146,74371.6957,-26040.7189,57,416053.1329,10
2022-12-03 00:00:00+00:00,17,1.0343,0.6666,1.0,59,220369.6907,-25959.6118,0.3334,26,73479.4558,7469.078074,74683.3947,72206.8401,-2476.5546,59,220369.6907,16
2022-12-02 00:00:00+00:00,16,1.6147,0.4596,1.0,73,632328.5783,-54596.6491,0.5404,47,341691.8479,12921.233265,179480.7364,111155.994,-68324.7423,73,632328.5783,10
2022-12-01 00:00:00+00:00,23,1.7744,0.3511,1.0,96,483435.5264,-26718.6571,0.6489,62,313689.0891,7061.647824,108562.7652,61183.6721,-47379.093,96,483435.5264,11
2022-11-30 00:00:00+00:00,17,0.5823,0.3392,1.0,91,654459.1512,-38276.6762,0.6608,63,432482.6954,9363.458146,81685.3676,140291.0882,58605.7205,91,654459.1512,11
2022-11-29 00:00:00+00:00,13,0.8233,0.2879,1.0,85,875870.3471,-40839.6358,0.7121,63,623718.2542,14563.918534,113859.231,138292.8619,24433.6309,85,875870.3471,9
2022-11-28 00:00:00+00:00,21,1.5455,0.3363,1.0,76,1159500.8185,-62030.8377,0.6637,48,769557.7707,37401.879269,236751.7673,153191.2805,-83560.4868,76,1159500.8185,7
2022-11-27 00:00:00+00:00,13,1.8726,0.4974,1.0,54,417033.8097,-30557.3583,0.5026,33,209588.1171,14828.749754,135230.7248,72214.9677,-63015.7571,54,417033.8097,8
2022-11-26 00:00:00+00:00,19,11.2891,0.5611,1.0,63,431939.1845,-25239.7964,0.4389,37,189556.77,9114.853049,222659.1153,19723.2992,-202935.816,63,431939.1845,7
2022-11-25 00:00:00+00:00,13,0.3667,0.4465,1.0,71,612876.9909,-10341.2337,0.5535,47,339199.5633,10652.199587,73428.1128,200249.3148,126821.2021,71,612876.9909,11
2022-11-24 00:00:00+00:00,18,3.505,0.442,1.0,80,521907.3937,-19679.1849,0.558,52,291198.3178,7295.61671,179497.1514,51211.9245,-128285.2268,80,521907.3937,10
2022-11-23 00:00:00+00:00,13,0.6796,0.2945,1.0,89,723931.0048,4820.0375,0.7055,63,510739.9525,7509.048869,86263.0247,126928.0276,40665.0028,89,723931.0048,13
2022-11-22 00:00:00+00:00,16,2.1639,0.2226,1.0,111,1513152.1239,9314.7261,0.7774,89,1176341.9559,28382.711583,230357.4751,106452.6929,-123904.7823,111,1513152.1239,6
2022-11-21 00:00:00+00:00,9,0.5369,0.1795,1.0,116,2528105.7164,10825.0946,0.8205,96,2074313.7926,26282.676424,158519.0274,295272.8964,136753.869,116,2528105.7164,11
2022-11-20 00:00:00+00:00,13,1.4043,0.3013,1.0,81,509171.5967,2961.004,0.6987,62,355782.1543,7983.338423,89591.1329,63798.3095,-25792.8234,81,509171.5967,6
2022-11-19 00:00:00+00:00,8,2.0344,0.3374,1.0,61,857624.2224,-14422.6809,0.6626,42,568248.2954,12137.294155,194010.9021,95365.025,-98645.8771,61,857624.2224,11
2022-11-18 00:00:00+00:00,10,0.7112,0.3568,1.0,84,1020688.1387,6615.3128,0.6432,64,656555.4888,15099.683206,151338.5531,212794.0968,61455.5437,84,1020688.1387,10
2022-11-17 00:00:00+00:00,10,0.7777,0.2818,1.0,102,1226387.8927,-23059.2109,0.7182,74,880770.8902,20678.294717,151203.8364,194413.1661,43209.3297,102,1226387.8927,18
2022-11-16 00:00:00+00:00,10,0.7453,0.3902,1.0,114,1266779.8124,25341.1697,0.6098,81,772482.5683,12152.300152,211084.7104,283212.5337,72127.8233,114,1266779.8124,23
2022-11-15 00:00:00+00:00,14,1.4678,0.5181,1.0,103,1153926.4709,-123711.5343,0.4819,69,556094.9623,16486.14558,355581.8557,242249.6529,-113332.2028,103,1153926.4709,20
2022-11-14 00:00:00+00:00,19,0.6858,0.2895,1.0,138,1514048.1388,-96297.7628,0.7105,102,1075736.5093,17745.131479,178303.1976,260008.4318,81705.2343,138,1514048.1388,17
2022-11-13 00:00:00+00:00,19,1.2875,0.5759,1.0,119,2037670.2865,-111158.1164,0.4241,35,864208.0732,37842.979126,660470.4155,512991.7978,-147478.6177,119,2037670.2865,65
2022-11-12 00:00:00+00:00,15,0.8347,0.5049,1.0,113,1068855.4906,-83685.2271,0.4951,75,529222.9914,10301.138763,245506.21,294126.2892,48620.0792,113,1068855.4906,23
2022-11-11 00:00:00+00:00,29,1.6634,0.4496,1.0,143,1306109.294,-106939.7222,0.5504,96,718856.5297,10031.905074,366759.4432,220493.3211,-146266.1221,143,1306109.294,18
2022-11-10 00:00:00+00:00,23,0.4732,0.3702,1.0,186,2885881.7988,-85863.5652,0.6298,130,1817495.7223,27392.517121,343187.0414,725199.0351,382011.9936,186,2885881.7988,33
2022-11-09 00:00:00+00:00,47,2.617,0.5624,1.0,232,3862936.9667,-145056.2692,0.4376,148,1690422.927,53782.253517,1571877.5721,600636.4675,-971241.1046,232,3862936.9667,37
2022-11-08 00:00:00+00:00,28,0.7726,0.2616,1.0,166,2341093.4794,-22688.8381,0.7384,110,1728590.2517,21904.094501,266969.5149,345533.7127,78564.1978,166,2341093.4794,28
2022-11-07 00:00:00+00:00,14,1.1984,0.2434,1.0,104,1015817.6277,-26922.89,0.7566,78,768547.4562,7684.080836,134793.7062,112476.4653,-22317.2409,104,1015817.6277,12
2022-11-06 00:00:00+00:00,7,0.5196,0.3155,1.0,61,449390.9733,-21258.0105,0.6845,42,307597.2715,6663.326846,48481.0472,93312.6546,44831.6074,61,449390.9733,12
2022-11-05 00:00:00+00:00,9,3.3828,0.517,1.0,49,406167.8536,-42115.0612,0.483,28,196183.4181,15310.525223,162072.9111,47911.5244,-114161.3867,49,406167.8536,12
2022-11-04 00:00:00+00:00,17,0.992,0.4053,1.0,82,782955.0611,-29360.1064,0.5947,50,465607.1671,11910.81014,158040.4585,159307.4355,1266.977,82,782955.0611,15
2022-11-03 00:00:00+00:00,8,1.2749,0.3287,1.0,68,813960.9395,-30449.7009,0.6713,46,546380.9918,10856.359545,149958.4412,117621.5065,-32336.9348,68,813960.9395,14
2022-11-02 00:00:00+00:00,11,1.7921,0.4311,1.0,81,937574.3015,-20183.3592,0.5689,48,533387.4681,17062.375092,259427.9601,144758.8732,-114669.0869,81,937574.3015,22
2022-11-01 00:00:00+00:00,9,0.4395,0.2199,1.0,81,571543.4703,1993.154,0.7801,58,445882.2368,11094.216829,38367.6994,87293.5341,48925.8346,81,571543.4703,14
2022-10-31 00:00:00+00:00,11,0.8495,0.3071,1.0,85,693841.6467,-13039.051,0.6929,54,480754.5014,7534.726588,97875.1148,115212.0305,17336.9157,85,693841.6467,20
2022-10-30 00:00:00+00:00,15,4.4322,0.3447,1.0,51,464454.5294,-33865.9682,0.6553,32,304334.3504,8380.571545,130643.9634,29476.2156,-101167.7478,51,464454.5294,4
2022-10-29 00:00:00+00:00,14,1.3227,0.3102,1.0,63,577252.0761,-25725.6876,0.6898,36,398176.767,12702.587038,101976.0059,77099.3032,-24876.7026,63,577252.0761,13
2022-10-28 00:00:00+00:00,14,1.0631,0.2897,1.0,70,717434.61,-12422.8449,0.7103,41,509598.9312,12589.769208,107097.9317,100737.7471,-6360.1846,70,717434.61,15
2022-10-27 00:00:00+00:00,16,0.761,0.283,1.0,81,1029127.8403,31897.1291,0.717,49,737922.0164,17554.600001,125839.1833,165366.6406,39527.4573,81,1029127.8403,16
2022-10-26 00:00:00+00:00,19,0.8555,0.4302,1.0,105,1210606.4464,22020.4933,0.5698,60,689857.4181,13908.445622,240091.2614,280657.7669,40566.5055,105,1210606.4464,26
2022-10-25 00:00:00+00:00,11,1.5811,0.223,1.0,94,1121492.0012,14248.0055,0.777,67,871414.2221,14964.546257,153188.6896,96889.0895,-56299.6001,94,1121492.0012,16
2022-10-24 00:00:00+00:00,19,4.606,0.2662,1.0,70,750056.5954,25742.4434,0.7338,46,550362.3127,15529.885829,164072.8939,35621.3888,-128451.5051,70,750056.5954,5
2022-10-23 00:00:00+00:00,9,4.1531,0.245,1.0,48,294714.61,44055.7181,0.755,35,222501.8283,10217.104998,58199.2824,14013.4992,-44185.7832,48,294714.61,4
2022-10-22 00:00:00+00:00,12,0.3376,0.4627,1.0,46,297802.5087,59004.7777,0.5373,25,159995.6524,13548.99046,34781.8301,103025.0261,68243.1959,46,297802.5087,9
2022-10-21 00:00:00+00:00,9,0.1001,0.3704,1.0,56,1003041.3118,50379.7436,0.6296,41,631549.5917,59513.426223,33806.0433,337685.6767,303879.6334,56,1003041.3118,6
2022-10-20 00:00:00+00:00,6,2.621,0.1199,1.0,61,551415.4883,2608.9231,0.8801,51,485273.6584,15890.190333,47875.4116,18266.4183,-29608.9933,61,551415.4883,4
2022-10-19 00:00:00+00:00,5,1.2642,0.2106,1.0,62,563347.3063,-137.7667,0.7894,52,444724.1291,12425.338104,66232.0433,52391.134,-13840.9093,62,563347.3063,5
2022-10-18 00:00:00+00:00,12,0.6245,0.1906,1.0,70,548385.6684,12353.5525,0.8094,52,443852.8886,12770.543389,40185.6573,64347.1225,24161.4651,70,548385.6684,6
2022-10-17 00:00:00+00:00,8,1.0041,0.2635,1.0,62,478432.0395,-1727.0227,0.7365,49,352374.212,10536.335001,63158.2049,62899.6226,-258.5822,62,478432.0395,5
2022-10-16 00:00:00+00:00,6,0.1523,0.3038,1.0,36,270497.2804,1136.6513,0.6962,26,188313.5558,15434.620976,10863.0451,71320.6795,60457.6345,36,270497.2804,4
2022-10-15 00:00:00+00:00,6,0.6242,0.1797,1.0,45,189278.7162,-5985.785,0.8203,30,155269.3878,8601.769088,13070.6856,20938.6427,7867.957,45,189278.7162,9
2022-10-14 00:00:00+00:00,12,1.4317,0.3419,1.0,71,502835.1932,-4566.079,0.6581,49,330929.3334,8394.389721,101210.985,70694.8748,-30516.1102,71,502835.1932,10
2022-10-13 00:00:00+00:00,14,1.5085,0.2491,1.0,82,967277.4086,-2817.0467,0.7509,61,726355.8245,25976.690651,144878.7028,96042.8813,-48835.8215,82,967277.4086,7
2022-10-12 00:00:00+00:00,4,0.4197,0.3962,1.0,55,454416.7906,20300.4407,0.6038,36,274372.1766,9438.428662,53223.1447,126821.4693,73598.3246,55,454416.7906,15
2022-10-11 00:00:00+00:00,7,6.4827,0.1557,1.0,59,652143.4767,9680.2959,0.8443,48,550600.0993,30591.742762,87972.9693,13570.408,-74402.5613,59,652143.4767,4
2022-10-10 00:00:00+00:00,5,0.4795,0.1762,1.0,55,319207.8596,23420.3958,0.8238,48,262968.6372,6989.636473,18226.0432,38013.1792,19787.136,55,319207.8596,2
2022-10-09 00:00:00+00:00,5,0.3975,0.3188,1.0,34,77113.3918,7714.965,0.6812,26,52526.9679,1484.512668,6992.9219,17593.5021,10600.5802,34,77113.3918,3
2022-10-08 00:00:00+00:00,7,0.4856,0.1347,1.0,41,381692.2236,10358.853,0.8653,32,330274.1668,15047.124096,16806.079,34611.9779,17805.8989,41,381692.2236,2
2022-10-07 00:00:00+00:00,10,1.2228,0.2552,1.0,62,714440.6073,5778.462,0.7448,41,532131.4752,17709.97477,100291.008,82018.1242,-18272.8838,62,714440.6073,11
2022-10-06 00:00:00+00:00,8,0.2057,0.2853,1.0,69,601205.1572,16577.1952,0.7147,44,429691.3639,14069.748822,29263.6014,142250.1919,112986.5905,69,601205.1572,17
2022-10-05 00:00:00+00:00,6,1.0664,0.082,1.0,62,281873.1633,3584.2478,0.918,52,258755.6736,5720.683656,11930.0895,11187.4002,-742.6893,62,281873.1633,4
2022-10-04 00:00:00+00:00,6,0.5164,0.1741,1.0,63,392301.2258,1609.4788,0.8259,53,324005.4785,7369.866947,23258.8046,45036.9428,21778.1382,63,392301.2258,4
2022-10-03 00:00:00+00:00,4,2.22,0.2466,1.0,66,964990.1103,-3829.6676,0.7534,54,727051.2323,20276.021834,164044.8789,73893.999,-90150.8799,66,964990.1103,8
2022-10-02 00:00:00+00:00,6,0.6012,0.4174,1.0,47,280021.4957,3745.6005,0.5826,38,163149.8712,9312.329777,43881.914,72989.7105,29107.7965,47,280021.4957,3
2022-10-01 00:00:00+00:00,2,1.7132,0.1222,1.0,46,443734.7031,3818.7891,0.8778,38,389498.2354,13291.293465,34246.6528,19989.8149,-14256.8379,46,443734.7031,6
2022-09-30 00:00:00+00:00,9,0.5214,0.1749,1.0,78,1041942.5115,3125.1151,0.8251,61,859755.005,20340.196334,62434.6293,119752.8773,57318.248,78,1041942.5115,8
2022-09-29 00:00:00+00:00,2,0.6816,0.0741,1.0,81,1570445.4816,17930.0973,0.9259,77,1454081.472,19255.997534,47164.0254,69199.9842,22035.9589,81,1570445.4816,2
2022-09-28 00:00:00+00:00,8,1.257,0.2404,1.0,83,532022.8903,26207.0402,0.7596,69,404122.9575,8355.55542,71233.0025,56666.9303,-14566.0722,83,532022.8903,6
2022-09-27 00:00:00+00:00,9,1.3456,0.1077,1.0,84,1026884.6313,15723.0091,0.8923,71,916289.845,15684.180585,63445.3365,47149.4497,-16295.8868,84,1026884.6313,4
2022-09-26 00:00:00+00:00,7,1.2866,0.2733,1.0,69,1083572.2299,3475.2007,0.7267,51,787408.3376,32403.472368,166643.9476,129519.9447,-37124.0029,69,1083572.2299,11
2022-09-25 00:00:00+00:00,3,0.2868,0.0942,1.0,40,567022.9285,12898.1916,0.9058,34,513584.2636,20329.17162,11909.274,41529.3909,29620.1169,40,567022.9285,3
2022-09-24 00:00:00+00:00,6,1.741,0.1432,1.0,46,493651.3874,-4552.4709,0.8568,34,422954.8422,16153.550799,44904.5505,25791.9946,-19112.5559,46,493651.3874,6
2022-09-23 00:00:00+00:00,7,0.4965,0.3943,1.0,81,1213066.3354,15542.615,0.6057,64,734698.4433,16820.54517,158707.3846,319660.5075,160953.1229,81,1213066.3354,10
2022-09-22 00:00:00+00:00,12,0.68,0.3615,1.0,97,1161220.3122,31078.218,0.6385,71,741421.0823,11872.383372,169912.3353,249886.8946,79974.5593,97,1161220.3122,14
2022-09-21 00:00:00+00:00,12,1.3957,0.4683,1.0,106,1137238.0463,516.3917,0.5317,79,604708.7033,20966.271164,310241.8165,222287.5266,-87954.2899,106,1137238.0463,15
2022-09-20 00:00:00+00:00,8,1.4678,0.4065,1.0,77,1323839.6733,-251541.6967,0.5935,59,785640.8978,31182.139388,320114.6605,218084.1149,-102030.5456,77,1323839.6733,10
2022-09-19 00:00:00+00:00,10,0.8427,0.1973,1.0,97,1711939.6064,-364684.477,0.8027,75,1374092.9213,17460.055557,154504.8759,183341.8092,28836.9333,97,1711939.6064,12
2022-09-18 00:00:00+00:00,9,3.08,0.308,1.0,68,589315.1786,-396648.2831,0.692,55,407804.5996,8754.380249,137022.5496,44488.0294,-92534.5202,68,589315.1786,4
2022-09-17 00:00:00+00:00,4,0.258,0.3683,1.0,62,559588.2389,-381504.3858,0.6317,46,353511.1898,13353.462531,42262.0021,163815.047,121553.0449,62,559588.2389,12
2022-09-16 00:00:00+00:00,12,0.3686,0.2421,1.0,114,2415020.2444,-402051.7011,0.7579,82,1830385.0639,38109.371301,157466.4183,427168.7622,269702.3438,114,2415020.2444,20
2022-09-15 00:00:00+00:00,18,1.2762,0.3647,1.0,149,3026911.5947,-431627.0331,0.6353,108,1923061.9167,22658.148585,618903.9512,484945.7269,-133958.2242,149,3026911.5947,23
2022-09-14 00:00:00+00:00,21,14.5353,0.4086,1.0,116,5202692.7565,-396017.865,0.5914,87,3076623.2996,100362.244962,1989215.1829,136854.274,-1852360.9089,116,5202692.7565,8
2022-09-13 00:00:00+00:00,16,4.4672,0.4772,1.0,97,2953942.461,-123683.3665,0.5228,69,1544199.0598,60443.62409,1151886.7043,257856.6969,-894030.0075,97,2953942.461,12
2022-09-12 00:00:00+00:00,18,2.9496,0.2489,1.0,92,1586475.884,-48571.5827,0.7511,65,1191618.1425,23873.375647,294883.7257,99974.0158,-194909.7099,92,1586475.884,9
2022-09-11 00:00:00+00:00,10,0.8049,0.3442,1.0,52,362036.6904,-16730.1514,0.6558,36,237432.0572,14985.361385,55565.9359,69038.6973,13472.7614,52,362036.6904,6
2022-09-10 00:00:00+00:00,8,1.605,0.2794,1.0,50,343341.2563,-5415.3708,0.7206,35,247418.9341,15000.305275,59100.2425,36822.0798,-22278.1627,50,343341.2563,7
2022-09-09 00:00:00+00:00,15,0.6932,0.3887,1.0,84,889733.2554,-24955.4102,0.6113,54,543859.1851,8322.757583,141599.5249,204274.5454,62675.0204,84,889733.2554,15
2022-09-08 00:00:00+00:00,5,0.2862,0.2215,1.0,83,938071.1281,-63794.1385,0.7785,66,730297.1596,23578.699662,46234.0082,161539.9603,115305.9521,83,938071.1281,12
2022-09-07 00:00:00+00:00,11,0.7096,0.3563,1.0,90,892027.0392,-77954.5185,0.6437,64,574234.2985,12080.650483,131906.08,185886.6607,53980.5807,90,892027.0392,15
2022-09-06 00:00:00+00:00,15,2.9682,0.3433,1.0,102,2162911.5382,-101082.2602,0.6567,75,1420469.6695,30837.349544,555344.695,187097.1738,-368247.5212,102,2162911.5382,12
2022-09-05 00:00:00+00:00,11,0.7236,0.4045,1.0,77,431363.3088,-43186.6882,0.5955,57,256859.091,5653.779742,73261.9541,101242.2637,27980.3096,77,431363.3088,9
2022-09-04 00:00:00+00:00,5,0.2431,0.6559,1.0,40,232060.4758,20986.452,0.3441,24,79843.611,9065.044589,29770.3198,122446.5451,92676.2253,40,232060.4758,11
2022-09-03 00:00:00+00:00,13,5.5768,0.5173,1.0,43,441813.72,50255.0291,0.4827,26,213248.8934,13615.802401,193811.6324,34753.1942,-159058.4382,43,441813.72,4
2022-09-02 00:00:00+00:00,18,3.0254,0.2924,1.0,80,1421753.7339,70043.5527,0.7076,57,1005987.4169,13540.477654,312481.1974,103285.1195,-209196.0779,80,1421753.7339,5
2022-09-01 00:00:00+00:00,12,0.9145,0.3545,1.0,90,1022455.8939,99558.9851,0.6455,67,660006.6761,14643.305871,173132.9629,189316.2549,16183.2921,90,1022455.8939,11
2022-08-31 00:00:00+00:00,15,2.1369,0.3343,1.0,80,890675.9959,107697.585,0.6657,60,592931.5166,13838.526466,202829.0453,94915.434,-107913.6112,80,890675.9959,5
2022-08-30 00:00:00+00:00,11,0.6905,0.2339,1.0,86,864517.1272,136349.2298,0.7661,61,662337.4993,16212.051114,82579.0723,119600.5555,37021.4832,86,864517.1272,14
2022-08-29 00:00:00+00:00,20,0.2748,0.7077,1.0,76,1185229.9389,128776.4977,0.2923,39,346427.9024,56770.705685,180804.8729,657997.1635,477192.2907,76,1185229.9389,17
2022-08-28 00:00:00+00:00,12,0.4912,0.8783,1.0,47,993038.65,54368.4344,0.1217,27,120897.4501,77497.023892,287292.4675,584848.7325,297556.265,47,993038.65,8
2022-08-27 00:00:00+00:00,13,1.2387,0.3145,1.0,66,612495.6203,12133.6055,0.6855,43,419853.4514,12834.271552,106590.4707,86051.6982,-20538.7726,66,612495.6203,10
2022-08-26 00:00:00+00:00,8,1.0191,0.3858,1.0,77,709096.2399,15179.8147,0.6142,57,435557.2113,10932.402916,138063.5401,135475.4885,-2588.0516,77,709096.2399,12
2022-08-25 00:00:00+00:00,7,0.4051,0.2984,1.0,62,579074.0781,14670.248,0.7016,43,406276.4851,7142.200419,49822.0506,122975.5424,73153.4919,62,579074.0781,12
2022-08-24 00:00:00+00:00,8,0.4798,0.5286,1.0,63,498562.4485,4896.18,0.4714,36,235009.1165,7186.812314,85452.7149,178100.617,92647.902,63,498562.4485,19
2022-08-23 00:00:00+00:00,4,1.2443,0.3428,1.0,63,428446.2384,-228747.3053,0.6572,53,281570.9992,7440.150248,81431.4406,65443.7987,-15987.6418,63,428446.2384,6
2022-08-22 00:00:00+00:00,10,2.0705,0.379,1.0,63,330490.6186,-215945.4314,0.621,48,205248.6553,6771.371846,84453.0578,40788.9055,-43664.1522,63,330490.6186,5
2022-08-21 00:00:00+00:00,6,0.9635,0.439,1.0,52,234327.3615,-207426.7426,0.561,39,131455.668,4885.486218,50479.6155,52392.0781,1912.4626,52,234327.3615,7
2022-08-20 00:00:00+00:00,9,0.9897,0.4081,1.0,65,371788.8639,-213371.2546,0.5919,43,220074.2372,7566.590208,75464.9674,76249.6592,784.6917,65,371788.8639,13
2022-08-19 00:00:00+00:00,12,1.0573,0.2847,1.0,98,776772.3962,-209411.5411,0.7153,75,555626.0931,7563.087463,113650.6607,107495.6424,-6155.0183,98,776772.3962,11
2022-08-18 00:00:00+00:00,8,0.9505,0.3353,1.0,63,556128.0766,-209493.354,0.6647,49,369635.0506,7925.109269,90879.0049,95614.021,4735.016,63,556128.0766,6
2022-08-17 00:00:00+00:00,12,33.6639,0.8065,1.0,79,2030212.742,-212798.5469,0.1935,55,392887.6319,167197.516402,1590090.8025,47234.3077,-1542856.4948,79,2030212.742,12
2022-08-16 00:00:00+00:00,5,0.3598,0.3122,1.0,69,500840.6773,25622.0102,0.6878,51,344460.4479,9120.122525,41377.3772,115002.8522,73625.475,69,500840.6773,13
2022-08-15 00:00:00+00:00,8,0.8401,0.2325,1.0,79,790219.5848,24788.5323,0.7675,59,606465.398,11949.40269,83893.7587,99860.4282,15966.6695,79,790219.5848,12
2022-08-14 00:00:00+00:00,5,1.646,0.4345,1.0,56,374238.3301,4591.4091,0.5655,46,211633.8786,9744.401957,101151.7866,61452.6649,-39699.1217,56,374238.3301,5
2022-08-13 00:00:00+00:00,5,0.6635,0.2905,1.0,68,485026.6871,-7037.741,0.7095,50,344144.5804,8786.897257,56189.7099,84692.3968,28502.6869,68,485026.6871,13
2022-08-12 00:00:00+00:00,6,1.0981,0.2505,1.0,73,574534.9215,-13960.6574,0.7495,57,430591.7338,8979.275081,75335.4484,68607.7393,-6727.7091,73,574534.9215,10
2022-08-11 00:00:00+00:00,14,1.1459,0.4302,1.0,100,629118.0201,-22237.1115,0.5698,74,358474.6778,7940.428858,144522.3382,126121.0041,-18401.3342,100,629118.0201,12
2022-08-10 00:00:00+00:00,11,0.5579,0.3774,1.0,104,1177397.6736,-24878.9252,0.6226,66,733050.8629,17644.285264,159129.7028,285217.1079,126087.4051,104,1177397.6736,27
2022-08-09 00:00:00+00:00,9,0.4649,0.302,1.0,79,614479.262,-43781.7549,0.698,58,428888.8471,7926.605778,58899.6425,126690.7724,67791.1298,79,614479.262,12
2022-08-08 00:00:00+00:00,8,2.8792,0.4966,1.0,81,521345.9686,-63605.319,0.5034,57,262458.6841,13113.529345,192150.2389,66737.0456,-125413.1933,81,521345.9686,16
2022-08-07 00:00:00+00:00,7,2.2947,0.5526,1.0,52,557648.6201,-48955.2636,0.4474,35,249471.7871,16716.832456,214640.0027,93536.8302,-121103.1725,52,557648.6201,10
2022-08-06 00:00:00+00:00,8,1.2643,0.5242,1.0,52,326219.0669,-26577.6275,0.4758,29,155221.3772,10410.602795,95477.7087,75519.981,-19957.7277,52,326219.0669,15
2022-08-05 00:00:00+00:00,15,1.4775,0.5812,1.0,79,577214.248,-23651.2588,0.4188,48,241716.094,10142.139741,200080.5209,135417.6332,-64662.8877,79,577214.248,16
2022-08-04 00:00:00+00:00,11,1.4246,0.4609,1.0,76,457173.8246,-60471.1015,0.5391,49,246481.9169,7570.751202,123792.9689,86898.9389,-36894.03,76,457173.8246,16
2022-08-03 00:00:00+00:00,14,1.0862,0.4002,1.0,77,377006.5429,-65450.8279,0.5998,47,226134.2877,6952.553231,78552.329,72319.9262,-6232.4028,77,377006.5429,16
2022-08-02 00:00:00+00:00,17,1.656,0.5588,1.0,86,514229.3153,-58694.062,0.4412,56,226869.3725,7676.885047,179166.8808,108193.062,-70973.8188,86,514229.3153,13
2022-08-01 00:00:00+00:00,9,1.2929,0.2472,1.0,73,723846.2297,-45846.9952,0.7528,55,544887.5041,21427.256346,100910.7658,78047.9598,-22862.8059,73,723846.2297,9
2022-07-31 00:00:00+00:00,6,0.2529,0.2339,1.0,53,254774.4356,-38315.2941,0.7661,43,195178.4149,6006.887033,12027.8701,47568.1507,35540.2806,53,254774.4356,4
2022-07-30 00:00:00+00:00,7,0.9934,0.3761,1.0,57,423309.6261,-40599.0831,0.6239,41,264109.1039,10283.144614,79336.8346,79863.6877,526.8531,57,423309.6261,9
2022-07-29 00:00:00+00:00,15,3.131,0.617,1.0,89,1012936.805,-37440.1261,0.383,58,387955.9556,34952.35864,473691.3182,151289.5312,-322401.787,89,1012936.805,16
2022-07-28 00:00:00+00:00,19,1.7323,0.2627,1.0,112,1018964.1887,3515.9633,0.7373,82,751255.6847,9427.273931,169730.3093,97978.1947,-71752.1146,112,1018964.1887,11
2022-07-27 00:00:00+00:00,9,0.7207,0.2141,1.0,88,1181272.9177,2383.0327,0.7859,64,928305.2748,22602.72092,105951.342,147016.3009,41064.9589,88,1181272.9177,15
2022-07-26 00:00:00+00:00,11,0.7875,0.2211,1.0,84,721431.1435,5772.1789,0.7789,63,561942.6695,12526.815116,70266.4126,89222.0614,18955.6487,84,721431.1435,10
2022-07-25 00:00:00+00:00,13,0.8301,0.4989,1.0,81,644859.058,33889.6723,0.5011,50,323165.5874,9545.681974,145917.1845,175776.286,29859.1015,81,644859.058,18
2022-07-24 00:00:00+00:00,9,0.6343,0.4123,1.0,58,211948.4083,28636.0919,0.5877,43,124568.8838,4068.901002,33912.8835,53466.6411,19553.7576,58,211948.4083,6
2022-07-23 00:00:00+00:00,7,0.5531,0.2472,1.0,50,318338.547,25380.7299,0.7528,34,239648.6194,6710.689797,28025.1877,50664.74,22639.5523,50,318338.547,9
2022-07-22 00:00:00+00:00,19,1.3458,0.4361,1.0,79,555397.7495,20930.1011,0.5639,50,313174.1249,7416.299262,138966.393,103257.2317,-35709.1613,79,555397.7495,10
2022-07-21 00:00:00+00:00,8,1.8265,0.0696,1.0,85,3915825.6832,-18968.9813,0.9304,63,3643325.2304,87578.543635,176091.5407,96408.9121,-79682.6286,85,3915825.6832,14
2022-07-20 00:00:00+00:00,10,0.552,0.2571,1.0,101,873150.4872,-6685.6382,0.7429,77,648684.2669,9598.233631,79838.6191,144627.6012,64788.9821,101,873150.4872,14
2022-07-19 00:00:00+00:00,5,0.4346,0.2369,1.0,104,2311249.303,19.3077,0.7631,86,1763795.3281,25021.382571,165837.9363,381616.0386,215778.1023,104,2311249.303,13
2022-07-18 00:00:00+00:00,17,1.0413,0.2423,1.0,120,1412097.3768,-52418.8317,0.7577,85,1069901.8749,10906.074195,174555.7316,167639.7703,-6915.9612,120,1412097.3768,18
2022-07-17 00:00:00+00:00,13,1.0316,0.4395,1.0,59,472536.6284,-55606.3653,0.5605,33,264847.7426,12120.593904,105461.3311,102227.5547,-3233.7764,59,472536.6284,13
2022-07-16 00:00:00+00:00,16,1.083,0.4373,1.0,77,488903.1448,-56919.8392,0.5627,48,275109.4875,6806.164744,111154.2531,102639.4041,-8514.849,77,488903.1448,13
2022-07-15 00:00:00+00:00,14,3.0064,0.3832,1.0,93,1641305.2552,-57436.6627,0.6168,68,1012309.7119,42800.319531,471999.1409,156996.4023,-315002.7386,93,1641305.2552,11
2022-07-14 00:00:00+00:00,15,0.9415,0.2417,1.0,90,865367.783,-4996.2079,0.7583,59,656172.0886,12760.538984,101447.4605,107748.2339,6300.7734,90,865367.783,16
2022-07-13 00:00:00+00:00,17,0.5525,0.3264,1.0,111,1187354.0248,4914.0254,0.6736,75,799760.094,10393.73913,137935.1636,249658.7673,111723.6037,111,1187354.0248,19
2022-07-12 00:00:00+00:00,17,2.2887,0.3251,1.0,87,1187630.6534,-25229.5881,0.6749,60,801556.1052,15587.310854,268681.7109,117392.8372,-151288.8737,87,1187630.6534,10
2022-07-11 00:00:00+00:00,13,1.2351,0.3953,1.0,75,703037.9284,6380.7959,0.6047,50,425145.9325,10828.402771,153560.3461,124331.6498,-29228.6963,75,703037.9284,12
2022-07-10 00:00:00+00:00,10,1.2189,0.3039,1.0,57,414529.8276,7545.7276,0.6961,42,288545.2845,9344.328715,69206.3184,56778.2247,-12428.0938,57,414529.8276,5
2022-07-09 00:00:00+00:00,4,,0.0453,1.0,55,267629.7079,10793.665,0.9547,51,255497.0945,3449.293034,12132.6134,0.0,-12132.6134,55,267629.7079,0
2022-07-08 00:00:00+00:00,12,0.6605,0.3172,1.0,89,803165.7325,5758.2608,0.6828,58,548428.9334,9702.324833,101328.1772,153408.6219,52080.4446,89,803165.7325,19
2022-07-07 00:00:00+00:00,5,0.8952,0.6233,1.0,99,2195113.3404,2053.8187,0.3767,16,826865.1478,38577.160797,646287.8931,721960.2996,75672.4065,99,2195113.3404,78
2022-07-06 00:00:00+00:00,21,1.6641,0.5079,1.0,82,784119.2577,-12373.2712,0.4921,42,385861.6653,13717.070655,248769.6417,149487.9507,-99281.691,82,784119.2577,19
2022-07-05 00:00:00+00:00,6,0.3644,0.2122,1.0,86,708068.9891,11172.963,0.7878,65,557838.7674,8727.58317,40123.2034,110107.0183,69983.8149,86,708068.9891,15
2022-07-04 00:00:00+00:00,10,1.2467,0.2201,1.0,75,871944.4267,4741.2365,0.7799,57,680016.7215,13144.666572,106500.94,85426.7652,-21074.1749,75,871944.4267,8
2022-07-03 00:00:00+00:00,12,0.804,0.4017,1.0,57,236091.7885,32556.6337,0.5983,36,141244.1057,5195.692187,42270.1074,52577.5754,10307.468,57,236091.7885,9
2022-07-02 00:00:00+00:00,16,1.6868,0.3998,1.0,68,463589.8151,25974.0553,0.6002,43,278232.0293,10898.570656,116369.1142,68988.6716,-47380.4426,68,463589.8151,9
2022-07-01 00:00:00+00:00,12,0.8471,0.3302,1.0,106,956613.5673,26427.5232,0.6698,76,640756.1337,8475.764094,144854.0417,171003.3919,26149.3502,106,956613.5673,18
2022-06-30 00:00:00+00:00,15,1.1776,0.2342,1.0,110,1325579.8709,33299.5413,0.7658,80,1015122.9203,25044.630007,167887.0868,142569.8638,-25317.2229,110,1325579.8709,15
2022-06-29 00:00:00+00:00,9,0.5833,0.1216,1.0,94,2048618.3347,39677.5028,0.8784,75,1799546.5422,43174.061073,91764.9219,157306.8706,65541.9487,94,2048618.3347,10
2022-06-28 00:00:00+00:00,11,0.7671,0.2638,1.0,98,717961.3294,15484.4508,0.7362,75,528589.7033,7897.245365,82204.9484,107166.6777,24961.7293,98,717961.3294,12
2022-06-27 00:00:00+00:00,7,0.277,0.2881,1.0,87,1064674.0983,18212.3589,0.7119,68,757972.7104,23374.07892,66533.8914,240167.4964,173633.605,87,1064674.0983,12
2022-06-26 00:00:00+00:00,20,1.7117,0.4169,1.0,64,326939.1643,-52938.3865,0.5831,39,190640.5693,5003.666081,86034.5877,50264.0073,-35770.5804,64,326939.1643,5
2022-06-25 00:00:00+00:00,9,1.7924,0.3112,1.0,65,500578.8848,-57659.5337,0.6888,47,344798.337,11600.557681,99993.3576,55787.1902,-44206.1674,65,500578.8848,9
2022-06-24 00:00:00+00:00,15,0.5944,0.3798,1.0,112,768647.8428,-56044.4696,0.6202,76,476715.6697,6581.543321,108839.3483,183092.8248,74253.4766,112,768647.8428,21
2022-06-23 00:00:00+00:00,14,0.8503,0.2462,1.0,84,970240.8851,-58345.8011,0.7538,55,731392.0658,28735.099081,109760.1556,129088.6637,19328.5081,84,970240.8851,15
2022-06-22 00:00:00+00:00,15,1.9397,0.3712,1.0,105,874755.5215,-69699.4491,0.6288,79,550006.0487,9528.45562,214279.4441,110470.0287,-103809.4153,105,874755.5215,11
2022-06-21 00:00:00+00:00,21,0.7563,0.3558,1.0,118,892226.7491,-49445.5652,0.6442,77,574780.9164,7849.595257,136694.3734,180751.4593,44057.0858,118,892226.7491,20
2022-06-20 00:00:00+00:00,11,3.8448,0.4704,1.0,124,1174498.3808,-76404.4187,0.5296,97,621995.9578,29612.886821,438462.0178,114040.4052,-324421.6126,124,1174498.3808,16
2022-06-19 00:00:00+00:00,27,1.4262,0.4356,1.0,108,899503.5525,-27000.1755,0.5644,64,507718.9164,9771.207087,230301.6236,161483.0125,-68818.6111,108,899503.5525,17
2022-06-18 00:00:00+00:00,23,1.152,0.3068,1.0,179,1518187.0107,-16776.9072,0.6932,134,1052465.8454,9100.422314,249310.9422,216410.2232,-32900.719,179,1518187.0107,22
2022-06-17 00:00:00+00:00,10,0.6301,0.1678,1.0,113,1526828.1375,-16960.23,0.8322,90,1270593.1219,17364.38727,99045.4297,157189.5858,58144.1561,113,1526828.1375,13
2022-06-16 00:00:00+00:00,17,1.3331,0.2429,1.0,143,1734235.4345,-48554.5904,0.7571,113,1312999.3424,11118.943371,240691.5598,180544.5323,-60147.0275,143,1734235.4345,13
2022-06-15 00:00:00+00:00,24,0.8786,0.3048,1.0,214,1926625.8289,-40286.5671,0.6952,163,1339332.0126,8319.494915,274663.0223,312630.794,37967.7717,214,1926625.8289,27
2022-06-14 00:00:00+00:00,21,1.3295,0.3964,1.0,189,2580481.8025,-39579.7317,0.6036,131,1557699.1986,14033.269211,583718.746,439063.8578,-144654.8882,189,2580481.8025,37
2022-06-13 00:00:00+00:00,30,0.9485,0.2538,1.0,265,3194033.1824,-16562.7422,0.7462,209,2383281.1411,11559.452338,394671.9758,416080.0655,21408.0897,265,3194033.1824,26
2022-06-12 00:00:00+00:00,10,0.9792,0.2222,1.0,120,1173901.8855,-29477.4537,0.7778,99,913029.6883,9327.510762,129063.965,131808.2322,2744.2671,120,1173901.8855,11
2022-06-11 00:00:00+00:00,12,1.282,0.1821,1.0,135,1519576.2713,-29845.9615,0.8179,110,1242928.3744,7308.84899,155415.9379,121231.959,-34183.9789,135,1519576.2713,13
2022-06-10 00:00:00+00:00,13,2.6735,0.292,1.0,95,1225470.1021,-31274.8052,0.708,72,867631.6898,17232.156034,260427.3895,97411.0228,-163016.3667,95,1225470.1021,10
2022-06-09 00:00:00+00:00,12,1.0393,0.1865,1.0,67,631637.1748,-4024.2762,0.8135,51,513857.1713,14245.077511,60025.4339,57754.5695,-2270.8644,67,631637.1748,4
2022-06-08 00:00:00+00:00,12,0.6616,0.3698,1.0,71,569661.7922,-16523.5554,0.6302,48,358974.5935,10150.353398,83885.7894,126801.4092,42915.6198,71,569661.7922,11
2022-06-07 00:00:00+00:00,16,0.8998,0.3927,1.0,88,794957.8074,-23747.5406,0.6073,58,482750.121,6623.793337,147871.8242,164335.8622,16464.038,88,794957.8074,14
2022-06-06 00:00:00+00:00,12,2.7908,0.257,1.0,75,568183.2848,-58880.4368,0.743,54,422131.9575,8772.668578,107523.1091,38528.2181,-68994.891,75,568183.2848,9
2022-06-05 00:00:00+00:00,7,0.9974,0.3999,1.0,54,315042.195,-46853.4631,0.6001,35,189068.5288,6123.480424,62904.4767,63069.1896,164.7129,54,315042.195,12
2022-06-04 00:00:00+00:00,9,2.0229,0.501,1.0,43,260665.6795,-50418.731,0.499,26,130083.3541,8045.176474,87384.1051,43198.2203,-44185.8848,43,260665.6795,8
2022-06-03 00:00:00+00:00,8,0.6767,0.2536,1.0,74,567065.97,-48650.1058,0.7464,55,423237.6875,6513.558755,58045.4733,85782.8091,27737.3359,74,567065.97,11
2022-06-02 00:00:00+00:00,12,1.3931,0.4806,1.0,79,1136962.1076,-66579.7795,0.5194,45,590482.2468,22474.450289,318122.8397,228357.021,-89765.8187,79,1136962.1076,22
2022-06-01 00:00:00+00:00,18,1.0658,0.3119,1.0,107,770248.8163,-45098.6762,0.6881,64,529970.5772,5362.923798,123965.2578,116312.9813,-7652.2765,107,770248.8163,25
2022-05-31 00:00:00+00:00,14,2.763,0.4446,1.0,89,1101738.5505,-42544.1317,0.5554,53,611955.017,17548.409686,359624.8845,130158.6491,-229466.2355,89,1101738.5505,22
2022-05-30 00:00:00+00:00,11,0.8404,0.2327,1.0,93,753132.414,-4208.5843,0.7673,60,577879.5526,8063.607924,80029.468,95223.3934,15193.9253,93,753132.414,22
2022-05-29 00:00:00+00:00,17,1.4005,0.5862,1.0,57,253503.9777,-59395.4813,0.4138,23,104905.0601,3936.579865,86695.5403,61903.3773,-24792.1629,57,253503.9777,17
2022-05-28 00:00:00+00:00,16,1.4465,0.5685,1.0,69,306502.3393,-58322.1411,0.4315,34,132243.7655,4999.653922,103032.0409,71226.5329,-31805.508,69,306502.3393,19
2022-05-27 00:00:00+00:00,22,1.8435,0.2317,1.0,125,1422637.3578,-60592.8889,0.7683,88,1093041.4423,12682.778407,213683.1478,115912.7677,-97770.3801,125,1422637.3578,15
2022-05-26 00:00:00+00:00,23,0.7653,0.2869,1.0,121,1588986.957,-29942.9863,0.7131,71,1133061.1147,15044.658236,197661.969,258263.8733,60601.9043,121,1588986.957,27
2022-05-25 00:00:00+00:00,7,0.7243,0.1938,1.0,76,330206.7654,-42823.3476,0.8062,58,266228.6715,3701.987944,26874.2794,37103.8145,10229.5351,76,330206.7654,11
2022-05-24 00:00:00+00:00,9,0.7646,0.4064,1.0,77,717357.0985,-40737.0735,0.5936,47,425852.7412,11524.778123,126310.8805,165193.4768,38882.5963,77,717357.0985,21
2022-05-23 00:00:00+00:00,20,6.3106,0.4109,1.0,90,1243267.4293,-41398.4263,0.5891,59,732390.5186,36069.282222,440995.6323,69881.2784,-371114.354,90,1243267.4293,11
2022-05-22 00:00:00+00:00,15,1.3706,0.2083,1.0,61,530696.0021,2296.0554,0.7917,38,420175.8843,15269.144639,63899.4497,46620.6681,-17278.7816,61,530696.0021,8
2022-05-21 00:00:00+00:00,15,2.2407,0.3464,1.0,58,359631.6474,5544.1943,0.6536,34,235039.1502,7954.532809,86146.6199,38445.8773,-47700.7426,58,359631.6474,9
2022-05-20 00:00:00+00:00,9,0.4617,0.2086,1.0,93,1520215.0413,2677.4421,0.7914,65,1203137.6514,57780.160015,100149.2258,216928.1641,116778.9383,93,1520215.0413,19
2022-05-19 00:00:00+00:00,17,1.1721,0.4058,1.0,103,919110.283,-35423.9387,0.5942,65,546115.8182,8916.26233,201277.5446,171716.9202,-29560.6244,103,919110.283,21
2022-05-18 00:00:00+00:00,8,0.8437,0.2707,1.0,107,1082024.5145,-37972.9245,0.7293,78,789092.3434,14084.562892,134049.3587,158882.8124,24833.4536,107,1082024.5145,21
2022-05-17 00:00:00+00:00,15,0.8303,0.4251,1.0,105,869296.9822,-52478.9899,0.5749,71,499789.6365,8820.255117,167627.1094,201880.2362,34253.1268,105,869296.9822,19
2022-05-16 00:00:00+00:00,11,1.1129,0.5349,1.0,141,2282253.9194,-57995.4784,0.4651,45,1061402.5674,31518.72169,643052.1673,577799.1847,-65252.9826,141,2282253.9194,85
2022-05-15 00:00:00+00:00,11,0.9475,0.4217,1.0,77,480245.5887,-47677.6772,0.5783,50,277733.7329,7952.172184,98526.8323,103985.0235,5458.1912,77,480245.5887,16
2022-05-14 00:00:00+00:00,27,2.4535,0.4299,1.0,101,374557.4895,-49622.6166,0.5701,61,213540.3768,4320.063736,114392.5603,46624.5524,-67768.008,101,374557.4895,13
2022-05-13 00:00:00+00:00,30,1.6132,0.3027,1.0,188,2111015.2255,-42867.459,0.6973,129,1472049.0216,12205.559282,394448.4657,244517.7382,-149930.7276,188,2111015.2255,29
2022-05-12 00:00:00+00:00,44,1.0885,0.2603,1.0,299,4295543.1287,-22087.1829,0.7397,200,3177264.3669,19976.515505,582841.1433,535437.6185,-47403.5248,299,4295543.1287,55
2022-05-11 00:00:00+00:00,32,1.2936,0.2319,1.0,247,2584777.9317,-17577.4159,0.7681,183,1985452.0278,12850.980461,338017.4543,261308.4496,-76709.0046,247,2584777.9317,32
2022-05-10 00:00:00+00:00,30,1.0219,0.2511,1.0,223,1606750.7209,-8739.7064,0.7489,161,1203313.3258,9764.380464,203899.8438,199537.5513,-4362.2926,223,1606750.7209,32
2022-05-09 00:00:00+00:00,23,0.9565,0.1954,1.0,190,1606795.4163,-14085.5683,0.8046,149,1292900.3698,10951.432435,153461.7104,160433.3362,6971.6258,190,1606795.4163,18
2022-05-08 00:00:00+00:00,16,1.1023,0.44,1.0,97,380932.9923,-20980.0449,0.56,68,213307.5316,4512.980453,87890.9225,79734.5382,-8156.3843,97,380932.9923,13
2022-05-07 00:00:00+00:00,11,1.4426,0.2942,1.0,83,384193.0134,-16529.2144,0.7058,63,271158.2924,11478.474183,66758.313,46276.408,-20481.905,83,384193.0134,9
2022-05-06 00:00:00+00:00,16,1.0403,0.3321,1.0,108,681159.4402,-10447.9486,0.6679,75,454965.5509,4320.238273,115331.3419,110862.5475,-4468.7944,108,681159.4402,17
2022-05-05 00:00:00+00:00,24,1.1352,0.3271,1.0,120,764846.644,-10864.3485,0.6729,74,514678.9376,18626.992634,133001.4312,117166.2753,-15835.156,120,764846.644,22
2022-05-04 00:00:00+00:00,18,1.1064,0.3812,1.0,122,771383.9438,-2087.2533,0.6188,86,477370.2906,6155.538687,154429.346,139584.3073,-14845.0387,122,771383.9438,18
2022-05-03 00:00:00+00:00,11,1.1106,0.5327,1.0,133,1496300.1112,5566.2402,0.4673,36,699249.5142,25361.518815,419416.9614,377633.6356,-41783.3259,133,1496300.1112,86
2022-05-02 00:00:00+00:00,26,1.2893,0.2996,1.0,151,1090496.5685,2856.8373,0.7004,96,763739.1555,8292.94809,184023.5616,142733.8514,-41289.7102,151,1090496.5685,29
2022-05-01 00:00:00+00:00,33,0.7788,0.4034,0.8759,118,401481.775,9576.5127,0.5966,123,273463.8836,4746.2697,80959.4842,103958.9132,22999.429,190,458382.2811,34
2022-04-30 00:00:00+00:00,18,0.618,0.3408,0.9034,83,247935.1979,5777.914,0.6592,78,180922.2098,3225.952394,35724.7973,57811.7531,22086.9558,111,274458.7601,15
2022-04-29 00:00:00+00:00,27,1.0229,0.4794,1.0,120,1363177.1287,8828.1776,0.5206,74,709610.1916,19117.908639,330475.2655,323091.6716,-7383.5939,120,1363177.1287,19
2022-04-28 00:00:00+00:00,13,0.7264,0.368,1.0,100,781882.4081,4361.4746,0.632,70,494158.5408,12123.587261,121059.6783,166664.189,45604.5107,100,781882.4081,17
2022-04-27 00:00:00+00:00,12,0.6323,0.3117,1.0,92,551530.7129,-5778.2244,0.6883,62,379627.4991,6193.090729,66586.8989,105316.3148,38729.4159,92,551530.7129,18
2022-04-26 00:00:00+00:00,17,1.7484,0.3109,1.0,104,717516.3912,-13376.4416,0.6891,77,494412.3528,8928.738261,141926.5924,81177.446,-60749.1464,104,717516.3912,10
2022-04-25 00:00:00+00:00,20,0.958,0.3505,1.0,118,764800.2846,-12141.7056,0.6495,79,496706.2015,8307.060637,131173.0325,136921.0506,5748.0181,118,764800.2846,19
2022-04-24 00:00:00+00:00,9,1.1721,0.2319,0.8623,42,168537.0043,-10520.2924,0.7681,67,150122.5783,4660.181509,24456.989,20866.2266,-3590.7624,79,195445.7939,3
2022-04-23 00:00:00+00:00,12,0.2527,0.5145,0.7265,38,102816.0014,-1154.0207,0.4855,58,68714.6191,2670.127962,14687.3402,58126.1412,43438.8011,84,141528.1005,14
2022-04-22 00:00:00+00:00,17,1.5656,0.2487,1.0,108,704865.741,-25028.5123,0.7513,74,529539.8716,14511.887766,106988.1923,68337.6771,-38650.5151,108,704865.741,17
2022-04-21 00:00:00+00:00,13,1.3746,0.2477,1.0,121,649287.7774,-13525.6024,0.7523,91,488430.071,7845.483759,93115.5442,67742.1621,-25373.3821,121,649287.7774,17
2022-04-20 00:00:00+00:00,4,1.0422,0.4495,1.0,122,1554875.7954,-9764.1191,0.5505,34,855982.3827,33945.361191,356675.7584,342217.6543,-14458.1041,122,1554875.7954,84
2022-04-19 00:00:00+00:00,14,1.2993,0.5014,1.0,95,798517.9696,-7363.9789,0.4986,60,398179.5129,9673.3041,226222.2258,174116.2309,-52105.9949,95,798517.9696,21
2022-04-18 00:00:00+00:00,14,0.78,0.2703,1.0,119,511921.5412,4837.8884,0.7297,88,373570.6383,5094.359036,60626.4959,77724.407,17097.911,119,511921.5412,17
2022-04-17 00:00:00+00:00,9,0.4163,0.3109,0.945,53,457166.8131,-12279.117,0.6891,65,333394.6943,14273.510916,44205.6775,106178.8165,61973.139,87,483779.1884,13
2022-04-16 00:00:00+00:00,10,3.0049,0.478,0.9773,69,505108.7328,-23983.7144,0.522,65,269779.8027,12051.823372,185371.7956,61689.1554,-123682.6402,82,516840.7537,7
2022-04-15 00:00:00+00:00,8,0.7882,0.5646,1.0,70,626187.6491,-23843.8758,0.4354,30,272653.1602,12919.556478,155832.3173,197702.1716,41869.8542,70,626187.6491,32
2022-04-14 00:00:00+00:00,12,0.9841,0.2529,1.0,97,470685.9891,-27965.8956,0.7471,72,351633.1413,6644.417187,59047.9232,60004.9245,957.0013,97,470685.9891,13
2022-04-13 00:00:00+00:00,12,0.9733,0.3697,1.0,92,467777.6722,-27472.5331,0.6303,60,294851.6551,6475.826307,85291.5701,87634.447,2342.8769,92,467777.6722,20
2022-04-12 00:00:00+00:00,9,0.63,0.3763,1.0,90,389956.7955,-29825.1891,0.6237,65,243207.3582,4072.983895,56721.1805,90028.2568,33307.0763,90,389956.7955,16
2022-04-11 00:00:00+00:00,25,1.6357,0.4031,1.0,106,1056616.0665,-38481.6333,0.5969,65,630741.8254,15629.012542,264297.684,161576.5571,-102721.1269,106,1056616.0665,16
2022-04-10 00:00:00+00:00,8,1.7257,0.4549,0.942,54,155245.6816,-16242.0838,0.5451,47,89832.8439,3520.050867,47462.3898,27503.3471,-19959.0427,64,164798.5808,9
2022-04-09 00:00:00+00:00,12,7.486,0.5095,1.0,61,315096.1449,-20882.2667,0.4905,45,154555.781,12859.474564,141622.0669,18918.297,-122703.7698,61,315096.1449,4
2022-04-08 00:00:00+00:00,7,0.7969,0.2066,1.0,88,557420.4422,-1002.1693,0.7934,70,442260.7221,7818.783957,51072.0021,64087.718,13015.7159,88,557420.4422,11
2022-04-07 00:00:00+00:00,11,0.9425,0.1649,1.0,96,902704.9668,-30158.6386,0.8351,75,753835.6773,13625.0147,72229.3756,76639.9139,4410.5384,96,902704.9668,10
2022-04-06 00:00:00+00:00,18,1.1434,0.2747,1.0,107,768533.0081,-49663.4454,0.7253,75,557402.8559,9848.663044,112627.9334,98502.2188,-14125.7146,107,768533.0081,14
2022-04-05 00:00:00+00:00,14,1.4193,0.2349,1.0,103,670434.6363,-59277.284,0.7651,73,512972.1267,13454.322682,92375.2714,65087.2383,-27288.033,103,670434.6363,16
2022-04-04 00:00:00+00:00,10,0.4975,0.3382,1.0,96,466590.4358,-54557.9241,0.6618,59,308772.5211,14474.942068,52431.0976,105386.817,52955.7195,96,466590.4358,27
2022-04-03 00:00:00+00:00,13,4.625,0.2489,0.9563,70,312621.1353,-59946.8471,0.7511,64,245525.8215,10752.236582,66906.544,14466.2211,-52440.3229,85,326898.5867,8
2022-04-02 00:00:00+00:00,10,0.8435,0.3183,1.0,85,609157.8915,-48898.1258,0.6817,56,415292.3338,12262.081226,88704.3231,105161.2347,16456.9116,85,609157.8915,19
2022-04-01 00:00:00+00:00,14,3.4379,0.312,1.0,108,1114900.7679,-51864.8372,0.688,75,767064.9475,23456.015274,269457.6947,78378.1257,-191079.569,108,1114900.7679,19
2022-03-31 00:00:00+00:00,9,2.054,0.3839,1.0,101,997349.8509,-34662.4078,0.6161,79,614515.7911,18698.540482,257478.5845,125355.4753,-132123.1092,101,997349.8509,13
2022-03-30 00:00:00+00:00,17,1.5795,0.3674,1.0,104,986392.2824,-15143.4488,0.6326,70,623963.2552,9473.7621,221925.8061,140503.2211,-81422.585,104,986392.2824,17
2022-03-29 00:00:00+00:00,9,0.9824,0.5946,1.0,112,1086222.7753,-1118.4151,0.4054,74,440374.0434,18279.222836,320050.6228,325798.1091,5747.4863,112,1086222.7753,29
2022-03-28 00:00:00+00:00,11,0.8678,0.2731,1.0,117,788438.5219,-16207.1056,0.7269,80,573128.0722,12148.616481,100038.5956,115271.8541,15233.2585,117,788438.5219,26
2022-03-27 00:00:00+00:00,14,0.4355,0.3397,0.9113,69,169880.8992,-33166.0839,0.6603,60,123093.4972,3024.565071,19214.0676,44114.7935,24900.7259,86,186422.3583,12
2022-03-26 00:00:00+00:00,6,1.2342,0.2543,0.8892,49,143732.9216,-37314.0037,0.7457,60,120528.6364,2937.884157,22710.034,18399.9658,-4310.0682,69,161638.6362,3
2022-03-25 00:00:00+00:00,17,1.3583,0.5396,1.0,104,861856.6624,-43055.3358,0.4604,63,396797.6673,12226.422289,267860.7791,197198.216,-70662.5631,104,861856.6624,24
2022-03-24 00:00:00+00:00,14,0.9833,0.6472,1.0,113,828126.1789,-30023.5301,0.3528,61,292127.5672,14201.065788,265744.5041,270254.1077,4509.6036,113,828126.1789,38
2022-03-23 00:00:00+00:00,12,0.8155,0.3075,1.0,101,535892.1229,-27148.5304,0.6925,77,371081.7678,6943.107635,74028.852,90781.5031,16752.6512,101,535892.1229,12
2022-03-22 00:00:00+00:00,17,2.1074,0.3047,1.0,106,919613.5126,-34042.0663,0.6953,73,639368.3495,11131.465322,190059.2551,90185.9079,-99873.3472,106,919613.5126,16
2022-03-21 00:00:00+00:00,19,2.0302,0.4821,1.0,96,631298.7092,-76971.9273,0.5179,65,326928.4664,8063.761473,203924.9161,100445.3268,-103479.5892,96,631298.7092,12
2022-03-20 00:00:00+00:00,7,1.1589,0.3652,0.9611,75,147835.1176,-63703.9199,0.6348,54,97653.0408,2415.847449,30153.3912,26018.6783,-4134.7129,81,153825.1102,20
2022-03-19 00:00:00+00:00,18,1.3196,0.4037,1.0,103,799895.3094,-65767.0655,0.5963,65,476944.7039,15176.179266,183724.9991,139225.6064,-44499.3927,103,799895.3094,20
2022-03-18 00:00:00+00:00,17,0.8798,0.4646,1.0,123,692404.4534,-58774.601,0.5354,79,370730.975,7310.604548,150556.7007,171116.7777,20560.077,123,692404.4534,27
2022-03-17 00:00:00+00:00,17,0.768,0.3142,1.0,134,597336.9906,-66511.1741,0.6858,92,409625.9544,6184.751936,81538.2175,106172.8187,24634.6012,134,597336.9906,25
2022-03-16 00:00:00+00:00,12,1.544,0.1848,1.0,89,796961.3109,-80531.1389,0.8152,69,649648.2246,10823.54358,89407.5931,57905.4932,-31502.0999,89,796961.3109,8
2022-03-15 00:00:00+00:00,16,6.2354,0.3953,1.0,96,1399696.7521,-77198.8964,0.6047,72,846361.772,34547.912953,476858.6774,76476.3027,-400382.3747,96,1399696.7521,8
2022-03-14 00:00:00+00:00,16,1.1528,0.3596,1.0,77,415433.7068,-16246.1832,0.6404,53,266037.5366,6952.834258,79999.8536,69396.3166,-10603.537,77,415433.7068,8
2022-03-13 00:00:00+00:00,11,1.6084,0.3677,1.0,58,216571.3408,-16833.2337,0.6323,40,136929.4751,4925.497015,49109.2988,30532.5668,-18576.7321,58,216571.3408,7
2022-03-12 00:00:00+00:00,4,0.727,0.2283,0.969,50,119464.4224,-3232.2631,0.7717,46,95139.6495,2046.038362,11846.6605,16294.5192,4447.8587,54,123280.8293,4
2022-03-11 00:00:00+00:00,16,1.7128,0.2879,1.0,83,444157.1993,-16053.0169,0.7121,58,316296.5192,8234.46625,80728.3077,47132.3725,-33595.9352,83,444157.1993,9
2022-03-10 00:00:00+00:00,20,2.4047,0.2688,1.0,85,662779.6178,-24266.1147,0.7312,57,484619.3583,9236.780319,125832.7057,52327.5538,-73505.1519,85,662779.6178,8
2022-03-09 00:00:00+00:00,13,1.1122,0.3211,1.0,87,479547.3248,-13672.4384,0.6789,63,325561.2214,6088.165921,81081.253,72904.8504,-8176.4026,87,479547.3248,11
2022-03-08 00:00:00+00:00,8,0.6229,0.1433,1.0,73,789382.3561,-12411.5283,0.8567,58,676259.9156,29370.107234,43417.9114,69704.5291,26286.6177,73,789382.3561,7
2022-03-07 00:00:00+00:00,13,1.1982,0.2239,1.0,96,728794.6327,-22724.9506,0.7761,71,565610.0692,10594.926457,88948.727,74235.8364,-14712.8906,96,728794.6327,12
2022-03-06 00:00:00+00:00,6,0.2861,0.618,1.0,54,223383.2521,-18147.8975,0.382,39,85321.5929,8355.368321,30715.7986,107345.8606,76630.062,54,223383.2521,9
2022-03-05 00:00:00+00:00,9,,0.2044,1.0,54,417301.7941,-32293.2818,0.7956,45,332004.3763,14025.331389,85297.4178,0.0,-85297.4178,54,417301.7941,0
2022-03-04 00:00:00+00:00,14,2.3925,0.2464,1.0,95,900816.4618,-12636.994,0.7536,73,678898.6413,16504.821698,156502.7202,65415.1004,-91087.6198,95,900816.4618,8
2022-03-03 00:00:00+00:00,9,0.986,0.1364,1.0,87,674974.105,-1164.0623,0.8636,72,582902.3335,10956.530717,45710.5948,46361.1768,650.582,87,674974.105,6
2022-03-02 00:00:00+00:00,12,0.9914,0.2133,1.0,91,705227.4743,-7497.7833,0.7867,70,554783.3744,10352.522344,74897.0658,75547.0341,649.9683,91,705227.4743,9
2022-03-01 00:00:00+00:00,15,1.4834,0.2489,1.0,104,947734.7088,-5738.7017,0.7511,76,711872.9419,10843.303586,140884.5525,94977.2144,-45907.3381,104,947734.7088,13
2022-02-28 00:00:00+00:00,12,0.8273,0.2343,1.0,96,782277.4659,-3384.192,0.7657,65,598989.9755,16287.903537,82980.5046,100306.9858,17326.4812,96,782277.4659,19
2022-02-27 00:00:00+00:00,18,1.3052,0.4822,1.0,93,350664.7347,-7339.2733,0.5178,48,181571.9328,5059.097056,95740.215,73352.5869,-22387.6281,93,350664.7347,27
2022-02-26 00:00:00+00:00,5,0.4374,0.3284,1.0,69,406876.803,-10531.372,0.6716,49,273274.4082,7025.638603,40652.899,92949.4957,52296.5967,69,406876.803,15
2022-02-25 00:00:00+00:00,12,1.1208,0.182,1.0,100,1039882.3473,-23734.1974,0.818,78,850634.1742,18420.736392,100012.6356,89235.5375,-10777.098,100,1039882.3473,10
2022-02-24 00:00:00+00:00,29,1.2446,0.2386,1.0,182,1680754.0098,-22114.1341,0.7614,132,1279799.5282,22019.933383,222319.9732,178634.5083,-43685.4649,182,1680754.0098,21
2022-02-23 00:00:00+00:00,12,0.844,0.301,1.0,96,509164.8058,-21778.5516,0.699,71,355904.5323,6424.674039,70148.3669,83111.9066,12963.5396,96,509164.8058,13
2022-02-22 00:00:00+00:00,18,1.5961,0.3011,1.0,102,425669.0604,-29336.2144,0.6989,76,297517.6773,5560.039139,78788.5769,49362.8062,-29425.7707,102,425669.0604,8
2022-02-21 00:00:00+00:00,27,1.1463,0.2293,1.0,97,662977.0479,-53955.2511,0.7707,59,510969.8769,13018.563985,81183.1294,70824.0416,-10359.0877,97,662977.0479,11
2022-02-20 00:00:00+00:00,10,2.3405,0.2659,1.0,84,419167.1979,-72714.2063,0.7341,68,307697.1614,5233.06279,78101.1779,33368.8585,-44732.3194,84,419167.1979,6
2022-02-19 00:00:00+00:00,22,2.3841,0.4343,1.0,75,225886.3635,-71367.2909,0.5657,44,127783.8759,2680.781266,69112.8341,28989.6536,-40123.1805,75,225886.3635,9
2022-02-18 00:00:00+00:00,12,0.9934,0.2348,1.0,95,727035.1114,-66003.9532,0.7652,72,556350.9762,11615.682192,85060.3951,85623.7402,563.3451,95,727035.1114,11
2022-02-17 00:00:00+00:00,24,1.4457,0.3173,1.0,107,714903.5208,-48613.7972,0.6827,70,488093.7685,7470.008487,134073.0699,92736.6824,-41336.3876,107,714903.5208,13
2022-02-16 00:00:00+00:00,15,2.1387,0.2096,1.0,91,525229.6529,-66651.1796,0.7904,71,415138.4046,6508.790111,75015.6743,35075.5741,-39940.1002,91,525229.6529,5
2022-02-15 00:00:00+00:00,14,3.8112,0.3643,1.0,98,947947.7381,-60219.5076,0.6357,68,602651.2181,22436.173505,273527.7738,71768.7461,-201759.0277,98,947947.7381,16
2022-02-14 00:00:00+00:00,14,4.0667,0.3124,1.0,95,749361.4991,-18639.1768,0.6876,71,515297.2659,19274.829697,187868.0036,46196.2297,-141671.7739,95,749361.4991,10
2022-02-13 00:00:00+00:00,15,1.626,0.4811,1.0,65,307843.6715,1559.3047,0.5189,42,159752.5389,5149.511044,91697.522,56393.6105,-35303.9115,65,307843.6715,8
2022-02-12 00:00:00+00:00,11,1.0443,0.2573,1.0,77,462420.3887,3547.5023,0.7427,58,343430.2653,8868.633661,60784.9701,58205.1532,-2579.817,77,462420.3887,8
2022-02-11 00:00:00+00:00,15,0.5419,0.4334,1.0,110,949813.7621,4478.6503,0.5666,82,538162.9138,13058.058835,144678.2055,266972.6428,122294.4374,110,949813.7621,13
2022-02-10 00:00:00+00:00,10,2.388,0.256,1.0,114,1597791.2719,-24679.2456,0.744,88,1188698.3178,29195.762465,288345.5091,120747.4451,-167598.064,114,1597791.2719,16
2022-02-09 00:00:00+00:00,16,0.9439,0.251,1.0,113,701521.3244,7800.0205,0.749,80,525472.1916,8782.981122,85483.7647,90565.3681,5081.6033,113,701521.3244,17
2022-02-08 00:00:00+00:00,14,0.5299,0.3899,1.0,105,745270.3943,7061.1019,0.6101,75,454671.007,8481.827481,100648.0496,189951.3377,89303.2882,105,745270.3943,16
2022-02-07 00:00:00+00:00,19,1.0019,0.3436,1.0,127,870630.2819,-10216.1246,0.6564,86,571506.0214,14320.524007,149703.3318,149420.9286,-282.4032,127,870630.2819,22
2022-02-06 00:00:00+00:00,12,1.6001,0.3914,1.0,73,236774.708,-1844.7666,0.6086,52,144106.1372,3199.542204,57027.5498,35641.021,-21386.5288,73,236774.708,9
2022-02-05 00:00:00+00:00,16,0.9057,0.1976,1.0,95,402938.4687,-41523.5713,0.8024,74,323308.6718,5418.393219,37845.7889,41784.008,3938.2191,95,402938.4687,5
2022-02-04 00:00:00+00:00,32,1.7377,0.3704,1.0,125,819676.5691,-52011.648,0.6296,80,516057.7314,7620.973549,192714.8359,110904.0019,-81810.834,125,819676.5691,13
2022-02-03 00:00:00+00:00,12,0.7492,0.3513,1.0,107,1186525.982,-36035.4994,0.6487,77,769677.1251,15840.239099,178546.0288,238302.828,59756.7992,107,1186525.982,18
2022-02-02 00:00:00+00:00,16,1.0015,0.254,1.0,116,477179.2829,-59463.9753,0.746,88,355987.3318,3236.490629,60641.389,60550.5621,-90.8269,116,477179.2829,12
2022-02-01 00:00:00+00:00,23,1.3311,0.3141,1.0,135,709188.5684,-74674.1136,0.6859,96,486449.7702,6594.897439,127188.0479,95550.7503,-31637.2975,135,709188.5684,16
2022-01-31 00:00:00+00:00,15,0.5761,0.2352,1.0,133,922026.7764,-66467.1497,0.7648,98,705195.5604,13524.838297,79257.0567,137574.1593,58317.1026,133,922026.7764,20
2022-01-30 00:00:00+00:00,20,6.8299,0.5495,1.0,99,731152.9218,-70863.3595,0.4505,73,329393.1676,22993.093791,350448.9577,51310.7964,-299138.1613,99,731152.9218,6
2022-01-29 00:00:00+00:00,20,1.8877,0.3859,1.0,109,585714.3437,-41266.9251,0.6141,79,359707.3967,7530.55468,147742.6324,78264.3146,-69478.3179,109,585714.3437,10
2022-01-28 00:00:00+00:00,20,0.7801,0.2729,1.0,130,890466.3442,-31957.3827,0.7271,98,647475.8997,10387.578386,106484.1191,136506.3253,30022.2063,130,890466.3442,12
2022-01-27 00:00:00+00:00,22,1.9687,0.2636,1.0,134,1212100.1234,-53229.8212,0.7364,98,892632.1042,15271.537062,211855.2759,107612.7432,-104242.5327,134,1212100.1234,14
2022-01-26 00:00:00+00:00,28,1.803,0.3256,1.0,166,1142557.0018,-34322.5907,0.6744,118,770569.9198,12670.39128,239274.4384,132712.6436,-106561.7948,166,1142557.0018,20
2022-01-25 00:00:00+00:00,19,0.8344,0.3127,1.0,155,914109.7207,-34425.5788,0.6873,112,628258.4322,6105.240529,130019.9194,155831.3692,25811.4498,155,914109.7207,24
2022-01-24 00:00:00+00:00,13,0.7872,0.186,1.0,162,1243720.5384,-40276.0445,0.814,130,1012411.7083,13774.240543,101882.5979,129426.2322,27543.6343,162,1243720.5384,19
2022-01-23 00:00:00+00:00,21,3.1328,0.1671,1.0,112,1066434.1981,-43560.3692,0.8329,87,888233.1669,18564.104613,135082.0759,43118.9553,-91963.1206,112,1066434.1981,4
2022-01-22 00:00:00+00:00,26,1.0253,0.2438,1.0,193,1414155.8572,-29110.5072,0.7562,147,1069382.4268,9360.881921,174542.4758,170230.9546,-4311.5213,193,1414155.8572,20
2022-01-21 00:00:00+00:00,28,1.9496,0.2117,1.0,197,1744488.7886,-30362.151,0.7883,154,1375227.3715,13189.598554,244073.1402,125188.2769,-118884.8634,197,1744488.7886,15
2022-01-20 00:00:00+00:00,11,0.697,0.221,1.0,122,712131.4422,-11037.471,0.779,90,554719.9343,8699.232806,64651.7134,92759.7945,28108.0811,122,712131.4422,21
2022-01-19 00:00:00+00:00,17,1.9116,0.3033,1.0,118,1129848.1196,-45242.5568,0.6967,90,787199.0726,18605.344041,224965.8794,117683.1676,-107282.7118,118,1129848.1196,11
2022-01-18 00:00:00+00:00,9,1.2906,0.22,1.0,100,542482.2414,-30577.9255,0.78,85,423132.541,6617.022452,67245.7551,52103.9453,-15141.8098,100,542482.2414,6
2022-01-17 00:00:00+00:00,14,0.961,0.4292,1.0,102,533868.6339,-29901.8352,0.5708,73,304708.3795,5515.561325,112303.4464,116856.808,4553.3616,102,533868.6339,15
2022-01-16 00:00:00+00:00,15,0.8408,0.3116,0.9629,74,328146.0161,-31110.1867,0.6884,63,234593.6786,6317.947789,48499.7664,57685.6795,9185.913,87,340779.1244,9
2022-01-15 00:00:00+00:00,18,1.2758,0.3184,1.0,83,338811.332,-34516.7782,0.6816,55,230948.3702,5728.9458,60467.9948,47394.9671,-13073.0277,83,338811.332,10
2022-01-14 00:00:00+00:00,15,0.8048,0.231,1.0,108,655797.0963,-38203.3016,0.769,78,504298.5784,8310.59709,67555.3109,83943.207,16387.8962,108,655797.0963,15
2022-01-13 00:00:00+00:00,13,3.0235,0.4291,1.0,110,979347.4726,-39376.9436,0.5709,79,559147.6069,23058.639108,315763.6926,104436.1731,-211327.5195,110,979347.4726,18
2022-01-12 00:00:00+00:00,22,1.0437,0.3581,1.0,121,605195.5748,-15058.6957,0.6419,81,388501.0792,6538.085565,110662.3939,106032.1017,-4630.2922,121,605195.5748,18
2022-01-11 00:00:00+00:00,26,1.1225,0.3225,1.0,124,558966.0275,-20378.7056,0.6775,81,378677.4449,6279.315284,95348.8803,84939.7023,-10409.1781,124,558966.0275,17
2022-01-10 00:00:00+00:00,21,1.0417,0.3058,1.0,127,625439.2393,-7053.1926,0.6942,91,434182.3747,5465.236607,97580.9818,93675.8828,-3905.099,127,625439.2393,15
2022-01-09 00:00:00+00:00,25,1.375,0.4102,0.9651,81,218468.8557,-6888.3558,0.5898,58,133518.1344,3457.483356,53752.5451,39092.3182,-14660.2269,89,226362.9977,6
2022-01-08 00:00:00+00:00,30,1.8041,0.312,1.0,108,434577.681,-5820.4481,0.688,68,298996.4616,5018.386227,87229.9555,48351.2638,-38878.6918,108,434577.681,10
2022-01-07 00:00:00+00:00,17,0.9293,0.2242,1.0,143,994146.296,-4518.2962,0.7758,110,771260.1348,6805.594413,107356.8794,115529.2818,8172.4025,143,994146.296,16
2022-01-06 00:00:00+00:00,24,1.3635,0.2125,1.0,139,1257718.3554,-4648.1236,0.7875,101,990500.0357,15086.002051,154159.0519,113059.2677,-41099.7843,139,1257718.3554,14
2022-01-05 00:00:00+00:00,21,1.7152,0.1538,1.0,127,1033856.7409,-34724.382,0.8462,95,874892.7512,25566.031442,100417.1758,58546.814,-41870.3618,127,1033856.7409,11
2022-01-04 00:00:00+00:00,20,0.5625,0.3828,1.0,111,773032.6562,-26214.1288,0.6172,78,477101.7953,10868.130327,106530.7241,189400.1368,82869.4127,111,773032.6562,13
2022-01-03 00:00:00+00:00,17,1.0442,0.3474,0.9621,98,352382.9821,-53120.064,0.6526,80,239035.2444,5044.265883,64988.172,62236.9306,-2751.2413,112,366260.347,15
2022-01-02 00:00:00+00:00,18,1.2082,0.3586,0.9583,73,203596.8228,-53212.7112,0.6414,55,136265.3522,2981.474094,41692.4108,34507.5381,-7184.8727,82,212465.3012,9
2022-01-01 00:00:00+00:00,9,2.431,0.1652,1.0,77,431979.1351,-57236.3521,0.8348,62,360618.3564,4937.152623,50562.2038,20798.575,-29763.6288,77,431979.1351,6
2021-12-31 00:00:00+00:00,15,0.9107,0.125,1.0,100,1242665.3973,-79508.7352,0.875,72,1087304.8457,23244.097075,74048.4704,81312.0812,7263.6108,100,1242665.3973,13
2021-12-30 00:00:00+00:00,17,1.8768,0.4255,1.0,118,1940181.8692,-87886.0979,0.5745,80,1114589.3943,35931.903645,538613.034,286979.4409,-251633.5931,118,1940181.8692,21
2021-12-29 00:00:00+00:00,23,0.8562,0.3304,1.0,98,691439.3214,-48503.2009,0.6696,62,462958.2651,13079.783393,105389.8226,123091.2338,17701.4111,98,691439.3214,13
2021-12-28 00:00:00+00:00,21,1.6569,0.4682,1.0,102,911093.8287,-56336.102,0.5318,67,484496.7264,8071.474085,266034.618,160562.4843,-105472.1337,102,911093.8287,14
2021-12-27 00:00:00+00:00,17,1.0237,0.348,1.0,96,833258.0059,-43008.5818,0.652,65,543324.3351,6634.251102,146666.7213,143266.9495,-3399.7718,96,833258.0059,14
2021-12-26 00:00:00+00:00,11,1.7437,0.4857,0.9652,58,259186.5119,-40767.2825,0.5143,43,138120.5142,5361.583471,82885.3712,47535.0121,-35350.3591,68,268540.8975,14
2021-12-25 00:00:00+00:00,18,3.801,0.4853,0.9781,60,641422.6952,-38659.8002,0.5147,47,337537.7432,31811.306953,251957.605,66287.2948,-185670.3102,75,655782.643,10
2021-12-24 00:00:00+00:00,14,1.3571,0.4774,1.0,78,710511.2619,-11963.1115,0.5226,52,371342.2039,9303.143488,195273.4931,143895.5648,-51377.9283,78,710511.2619,12
2021-12-23 00:00:00+00:00,12,0.8253,0.3261,1.0,91,770375.4326,-7489.4224,0.6739,65,519155.0942,8954.865702,113586.8264,137633.5119,24046.6855,91,770375.4326,14
2021-12-22 00:00:00+00:00,13,1.4118,0.343,1.0,93,633972.3754,-22919.6258,0.657,70,416523.5989,7673.802335,127288.8365,90159.94,-37128.8966,93,633972.3754,10
2021-12-21 00:00:00+00:00,14,1.1494,0.3332,1.0,90,525843.8992,-21331.3297,0.6668,61,350617.181,6218.070496,93703.1051,81523.6131,-12179.492,90,525843.8992,15
2021-12-20 00:00:00+00:00,12,0.8505,0.2592,1.0,92,586827.9041,-18786.1481,0.7408,70,434709.1524,15454.954201,69914.7142,82204.0374,12289.3232,92,586827.9041,10
2021-12-19 00:00:00+00:00,12,1.4374,0.4571,1.0,67,251106.3403,-31403.5179,0.5429,39,136330.7495,5967.493722,67686.7869,47088.8038,-20597.9831,67,251106.3403,16
2021-12-18 00:00:00+00:00,14,0.9831,0.2617,1.0,68,541030.8511,-34212.4541,0.7383,48,399446.2669,18089.563459,70189.0369,71395.5473,1206.5105,68,541030.8511,6
2021-12-17 00:00:00+00:00,21,1.1728,0.3883,1.0,105,649642.0228,-46804.8696,0.6117,70,397396.7367,7427.570794,136153.6954,116091.5907,-20062.1046,105,649642.0228,14
2021-12-16 00:00:00+00:00,19,2.2373,0.2295,1.0,97,957277.6076,-50416.0854,0.7705,71,737588.1718,15645.09507,151827.0869,67862.3489,-83964.738,97,957277.6076,7
2021-12-15 00:00:00+00:00,19,1.278,0.2989,1.0,108,713096.9402,-33993.1569,0.7011,79,499949.0309,7649.025523,119579.3667,93568.5427,-26010.824,108,713096.9402,10
2021-12-14 00:00:00+00:00,18,0.9655,0.3088,1.0,127,1040259.236,-38888.1779,0.6912,100,718994.7128,10058.380228,157813.872,163450.6511,5636.7791,127,1040259.236,9
2021-12-13 00:00:00+00:00,33,1.4888,0.3456,1.0,130,1120159.0868,-14994.5499,0.6544,79,733008.5659,15129.41852,231591.3931,155559.1278,-76032.2653,130,1120159.0868,18
2021-12-12 00:00:00+00:00,16,4.259,0.4202,1.0,63,154626.5542,-13795.4338,0.5798,38,89658.6163,3153.87292,52614.2372,12353.7007,-40260.5365,63,154626.5542,9
2021-12-11 00:00:00+00:00,24,2.3651,0.4625,1.0,82,463348.7605,1215.9184,0.5375,50,249032.4453,8098.543832,150628.3564,63687.9588,-86940.3975,82,463348.7605,8
2021-12-10 00:00:00+00:00,25,1.2824,0.3999,1.0,113,916536.4281,-9277.5595,0.6001,74,550044.7786,8207.507406,205916.1326,160575.5169,-45340.6157,113,916536.4281,14
2021-12-09 00:00:00+00:00,12,0.7555,0.2637,1.0,104,843712.104,-6421.9879,0.7363,77,621191.5447,9233.744953,95762.3987,126758.1606,30995.7619,104,843712.104,15
2021-12-08 00:00:00+00:00,13,1.994,0.2117,1.0,103,857400.5052,-15447.8452,0.7883,85,675847.347,6553.480618,120914.5647,60638.5935,-60275.9712,103,857400.5052,5
2021-12-07 00:00:00+00:00,12,0.3037,0.2918,1.0,126,1109537.0153,-7112.0118,0.7082,96,785826.7736,14637.378351,75409.0334,248301.2083,172892.1749,126,1109537.0153,18
2021-12-06 00:00:00+00:00,33,1.3287,0.3528,1.0,150,1358243.8151,-51975.2057,0.6472,91,879054.594,15269.732418,273413.8368,205775.3843,-67638.4525,150,1358243.8151,26
2021-12-05 00:00:00+00:00,32,0.6595,0.6826,1.0,111,462843.1149,-44225.9501,0.3174,56,146912.2912,5684.836122,125555.9474,190374.8764,64818.929,111,462843.1149,23
2021-12-04 00:00:00+00:00,38,1.9807,0.3393,1.0,175,1436631.5628,-53142.9768,0.6607,122,949137.808,18099.866472,323944.249,163549.5058,-160394.7433,175,1436631.5628,15
2021-12-03 00:00:00+00:00,23,1.1489,0.3625,1.0,121,1009385.5674,-31528.7424,0.6375,77,643509.9804,9400.913974,195613.6005,170261.9865,-25351.614,121,1009385.5674,21
2021-12-02 00:00:00+00:00,20,1.3304,0.2524,1.0,106,899356.8337,-19423.1546,0.7476,73,672372.1305,23003.684466,129584.9714,97399.7318,-32185.2397,106,899356.8337,13
2021-12-01 00:00:00+00:00,20,1.0136,0.2737,1.0,131,1040105.8182,-20284.2258,0.7263,96,755391.5304,9601.571461,143319.7125,141394.5752,-1925.1373,131,1040105.8182,15
2021-11-30 00:00:00+00:00,29,2.0611,0.3883,1.0,137,1048554.6103,-24611.7881,0.6117,87,641365.2446,9438.950864,274169.774,133019.5917,-141150.1823,137,1048554.6103,21
2021-11-29 00:00:00+00:00,20,1.1632,0.229,1.0,122,775192.3342,-3758.99,0.771,88,597636.852,9905.864147,95474.5727,82080.9094,-13393.6633,122,775192.3342,14
2021-11-28 00:00:00+00:00,24,0.9315,0.2489,1.0,83,271889.0025,-8439.1813,0.7511,54,204208.7155,4559.508735,32640.2723,35040.0147,2399.7424,83,271889.0025,5
2021-11-27 00:00:00+00:00,30,1.1007,0.5175,0.9837,98,360498.1476,-51544.8985,0.4825,60,176826.0625,6426.68227,99372.1669,90277.0645,-9095.1024,104,366475.294,14
2021-11-26 00:00:00+00:00,19,0.6276,0.2065,1.0,149,1257061.4607,-107021.7974,0.7935,111,997498.0061,30223.132232,100087.9773,159475.4773,59387.5,149,1257061.4607,19
2021-11-25 00:00:00+00:00,28,1.4977,0.2725,1.0,125,703734.6844,-111655.828,0.7275,86,511972.0804,14819.590727,114987.6709,76774.9331,-38212.7378,125,703734.6844,11
2021-11-24 00:00:00+00:00,21,1.25,0.2901,1.0,113,999282.9994,-98620.3187,0.7099,76,709344.4211,15128.690445,161078.3258,128860.2525,-32218.0734,113,999282.9994,16
2021-11-23 00:00:00+00:00,19,0.9653,0.4073,1.0,117,670582.8936,-98176.5937,0.5927,73,397457.4722,9070.937342,134153.0085,138972.4129,4819.4045,117,670582.8936,25
2021-11-22 00:00:00+00:00,21,1.4605,0.3507,1.0,111,703192.8693,-92555.2105,0.6493,80,456562.1367,7642.098457,146392.8676,100237.865,-46155.0027,111,703192.8693,10
2021-11-21 00:00:00+00:00,53,3.74,0.7221,0.9904,111,710291.8792,-15444.7005,0.2779,51,199332.1378,11726.236788,408590.0804,109249.8027,-299340.2777,118,717172.0209,14
2021-11-20 00:00:00+00:00,15,11.5655,0.6835,1.0,78,691563.77,27619.8914,0.3165,58,218898.4228,34696.82537,435049.371,37615.9762,-397433.3948,78,691563.77,5
2021-11-19 00:00:00+00:00,13,0.8024,0.2723,1.0,112,902773.6823,76313.1154,0.7277,87,656907.7647,12495.702871,109458.316,136407.6016,26949.2856,112,902773.6823,12
2021-11-18 00:00:00+00:00,14,0.6681,0.3143,1.0,131,848207.262,65087.0711,0.6857,95,581612.9212,7368.492994,106779.2567,159815.0841,53035.8274,131,848207.262,22
2021-11-17 00:00:00+00:00,11,1.2624,0.3104,1.0,117,808450.3862,51239.6369,0.6896,94,557477.4004,9235.360686,140042.4921,110930.4937,-29111.9983,117,808450.3862,12
2021-11-16 00:00:00+00:00,23,0.7478,0.328,1.0,151,933368.8683,57383.1568,0.672,104,627220.3089,6769.259686,130989.7362,175158.8232,44169.087,151,933368.8683,24
2021-11-15 00:00:00+00:00,14,0.2269,0.2966,1.0,123,2641427.8225,31838.1416,0.7034,93,1858054.8688,58773.216656,144877.1932,638495.7605,493618.5673,123,2641427.8225,16
2021-11-14 00:00:00+00:00,19,0.9898,0.7896,0.964,75,503470.7374,-41255.921,0.2104,60,109869.0495,17330.245445,205147.7289,207259.5941,2111.8652,95,522276.3725,16
2021-11-13 00:00:00+00:00,13,1.4282,0.6288,0.9603,72,490018.8181,-41952.5158,0.3712,64,189410.1962,14586.957942,188727.6091,132146.783,-56580.8261,93,510284.5882,16
2021-11-12 00:00:00+00:00,20,1.3742,0.3761,1.0,119,871025.6785,-38308.0173,0.6239,76,543417.7692,10846.064127,189620.4671,137987.4422,-51633.0248,119,871025.6785,23
2021-11-11 00:00:00+00:00,20,1.4645,0.2999,1.0,105,776536.5084,-30244.4875,0.7001,72,543641.4454,10114.729064,138395.6374,94499.4256,-43896.2118,105,776536.5084,13
2021-11-10 00:00:00+00:00,18,0.8916,0.3383,1.0,156,716771.8433,-43206.3991,0.6617,117,474316.0683,6746.300945,114281.5672,128174.2078,13892.6407,156,716771.8433,21
2021-11-09 00:00:00+00:00,21,2.2184,0.458,1.0,120,776578.2085,-80652.6638,0.542,82,420909.5029,11987.684533,245157.3624,110511.3432,-134646.0192,120,776578.2085,17
2021-11-08 00:00:00+00:00,29,1.1446,0.4474,1.0,136,598136.1291,-59051.9784,0.5526,88,330527.2258,6042.749885,142824.387,124784.5163,-18039.8707,136,598136.1291,19
2021-11-07 00:00:00+00:00,17,1.0513,0.4433,0.9692,80,241794.6737,-52249.8698,0.5567,66,138886.8069,4473.064139,56676.2859,53911.9875,-2764.2985,88,249475.0803,5
2021-11-06 00:00:00+00:00,21,1.245,0.5539,1.0,83,513958.6425,-52187.8663,0.4461,43,229293.3622,7841.560056,157867.3084,126797.9719,-31069.3365,83,513958.6425,19
2021-11-05 00:00:00+00:00,26,0.9706,0.4118,1.0,124,784418.5948,-48177.1206,0.5882,75,461384.7796,9926.6718,159111.066,163922.7492,4811.6832,124,784418.5948,23
2021-11-04 00:00:00+00:00,23,1.9344,0.4954,1.0,129,853402.5408,-53205.6331,0.5046,86,430624.3054,9399.328634,278703.914,144074.3214,-134629.5926,129,853402.5408,20
2021-11-03 00:00:00+00:00,28,2.7476,0.3281,1.0,141,1622394.6678,-33995.1083,0.6719,96,1090078.2423,25951.476583,390273.8188,142042.6067,-248231.2121,141,1622394.6678,17
2021-11-02 00:00:00+00:00,21,0.8755,0.2778,1.0,151,898095.4111,-3758.3581,0.7222,110,648630.5906,10601.567985,116453.0212,133011.7993,16558.778,151,898095.4111,20
2021-11-01 00:00:00+00:00,14,0.7193,0.2145,1.0,123,844543.2332,3081.0631,0.7855,86,663392.5659,31265.701461,75787.8888,105362.7785,29574.8896,123,844543.2332,23
2021-10-31 00:00:00+00:00,20,1.0269,0.442,1.0,103,396890.1976,2768.6785,0.558,66,221460.2235,4740.914837,88880.1239,86549.8501,-2330.2738,103,396890.1976,17
2021-10-30 00:00:00+00:00,13,1.0394,0.3721,1.0,98,416835.508,-2072.7696,0.6279,73,261718.9345,5249.707271,79055.3452,76061.2283,-2994.1169,98,416835.508,12
2021-10-29 00:00:00+00:00,18,1.2179,0.2357,1.0,138,1312496.6975,1387.5381,0.7643,102,1003195.0512,9854.974234,169844.7753,139456.8709,-30387.9044,138,1312496.6975,18
2021-10-28 00:00:00+00:00,28,1.0014,0.4423,1.0,134,520729.0238,62934.8969,0.5577,87,290433.2348,4365.939932,115225.8537,115069.9353,-155.9185,134,520729.0238,19
2021-10-27 00:00:00+00:00,28,1.2258,0.2913,1.0,147,1237292.395,60473.6623,0.7087,98,876839.488,14699.317128,198513.434,161939.473,-36573.961,147,1237292.395,21
2021-10-26 00:00:00+00:00,16,0.6025,0.4469,1.0,122,581286.6276,65517.8188,0.5531,78,321497.5473,5602.967864,97677.1768,162111.9035,64434.7266,122,581286.6276,28
2021-10-25 00:00:00+00:00,10,0.6609,0.2555,1.0,113,525201.3352,64238.9916,0.7445,90,391038.1413,7256.73968,53387.4982,80775.6957,27388.1975,113,525201.3352,13
2021-10-24 00:00:00+00:00,24,1.9195,0.394,0.9589,75,279907.7845,56045.898,0.606,55,176904.7373,5097.648387,75609.9749,39389.5644,-36220.4105,87,291904.2766,8
2021-10-23 00:00:00+00:00,13,0.7893,0.3382,1.0,78,533043.7793,38488.2771,0.6618,55,352772.8422,8800.295411,79521.45,100749.487,21228.0371,78,533043.7793,10
2021-10-22 00:00:00+00:00,11,0.2093,0.5639,1.0,106,1086265.2151,17886.0507,0.4361,75,473772.0481,41282.361919,106024.7799,506468.3871,400443.6072,106,1086265.2151,20
2021-10-21 00:00:00+00:00,28,1.0704,0.4107,1.0,140,1244549.1278,-29790.9489,0.5893,84,733465.7093,14064.94177,264233.9896,246849.429,-17384.5606,140,1244549.1278,28
2021-10-20 00:00:00+00:00,27,1.0116,0.2644,1.0,133,831541.7597,-85924.8651,0.7356,89,611721.3499,12323.976245,110542.6377,109277.7722,-1264.8655,133,831541.7597,17
2021-10-19 00:00:00+00:00,11,0.5426,0.2938,1.0,99,636831.7316,-86891.2523,0.7062,69,449701.1474,7006.929212,65823.8241,121306.7601,55482.936,99,636831.7316,19
2021-10-18 00:00:00+00:00,20,1.3416,0.307,1.0,113,669022.6154,-87469.5283,0.693,78,463625.4314,6073.386129,117680.3207,87716.8633,-29963.4574,113,669022.6154,15
2021-10-17 00:00:00+00:00,20,5.9825,0.468,1.0,87,476478.8206,-88644.561,0.532,53,253481.7316,12346.279898,191060.4229,31936.6661,-159123.7567,87,476478.8206,14
2021-10-16 00:00:00+00:00,35,3.3066,0.4117,1.0,109,557697.6124,-65766.7057,0.5883,63,328068.8679,6925.854921,176308.1462,53320.5983,-122987.5479,109,557697.6124,11
2021-10-15 00:00:00+00:00,30,0.6923,0.3358,1.0,147,1092575.2166,-46396.8325,0.6642,98,725677.5269,12341.671813,150096.5401,216801.1497,66704.6096,147,1092575.2166,19
2021-10-14 00:00:00+00:00,26,3.4218,0.4287,1.0,148,1747421.8646,-73618.8135,0.5713,93,998248.7272,32253.810343,579747.5554,169425.5819,-410321.9735,148,1747421.8646,29
2021-10-13 00:00:00+00:00,11,1.06,0.276,1.0,107,999090.1343,-16172.1935,0.724,79,723385.3087,10340.810708,141867.2008,133837.6248,-8029.5761,107,999090.1343,17
2021-10-12 00:00:00+00:00,12,0.6098,0.3423,1.0,109,620017.2336,-17771.5481,0.6577,80,407792.2882,8414.753334,80394.9707,131829.9748,51435.0041,109,620017.2336,17
2021-10-11 00:00:00+00:00,27,1.4107,0.4516,1.0,120,496329.8248,-35535.5299,0.5484,77,272187.009,5277.900219,131165.7512,92977.0646,-38188.6866,120,496329.8248,16
2021-10-10 00:00:00+00:00,14,0.9859,0.4249,1.0,71,338291.8931,-30110.1013,0.5751,47,194540.5144,6312.020134,71365.0741,72386.3046,1021.2305,71,338291.8931,10
2021-10-09 00:00:00+00:00,17,0.7645,0.3259,0.9517,81,275701.6225,-31506.686,0.6741,69,195288.8167,4182.273775,40899.3446,53500.9094,12601.5648,95,289689.0707,9
2021-10-08 00:00:00+00:00,15,1.7441,0.4126,1.0,122,1106882.0879,-34812.9585,0.5874,88,650134.7124,14431.933914,290298.3164,166449.059,-123849.2574,122,1106882.0879,19
2021-10-07 00:00:00+00:00,15,1.0376,0.4206,1.0,130,1056014.5568,-21516.3396,0.5794,84,611874.8918,11020.404849,226167.6493,217972.0157,-8195.6336,130,1056014.5568,31
2021-10-06 00:00:00+00:00,19,1.1352,0.3147,1.0,149,964986.0895,-19728.3908,0.6853,113,661307.6067,10883.641275,161451.7705,142226.7123,-19225.0581,149,964986.0895,17
2021-10-05 00:00:00+00:00,21,1.3693,0.3627,1.0,109,1289837.1782,-8369.7032,0.6373,67,822062.7899,26363.36182,270343.6284,197430.7599,-72912.8685,109,1289837.1782,21
2021-10-04 00:00:00+00:00,12,1.002,0.3281,1.0,103,646479.7498,-1591.5801,0.6719,74,434341.8371,7136.353548,106174.2996,105963.6131,-210.6865,103,646479.7498,17
2021-10-03 00:00:00+00:00,11,1.1379,0.3478,1.0,86,390267.7855,-7876.2369,0.6522,64,254543.0884,4580.628589,72239.7798,63484.9174,-8754.8623,86,390267.7855,11
2021-10-02 00:00:00+00:00,15,1.1981,0.2402,1.0,91,486977.1174,47117.8335,0.7598,70,369982.3593,8837.84947,63768.5506,53226.2075,-10542.3431,91,486977.1174,6
2021-10-01 00:00:00+00:00,22,1.2886,0.3265,1.0,122,747426.7041,47920.7476,0.6735,83,503397.6709,8340.94119,137400.9791,106628.0541,-30772.9251,122,747426.7041,17
2021-09-30 00:00:00+00:00,14,0.9466,0.358,1.0,108,439881.7841,-1568.9552,0.642,80,282424.7314,4141.001663,76568.5222,80888.5306,4320.0084,108,439881.7841,14
2021-09-29 00:00:00+00:00,12,0.4104,0.2658,1.0,107,542512.5384,-1763.333,0.7342,85,398288.6545,7163.922197,41969.0647,102254.8193,60285.7546,107,542512.5384,10
2021-09-28 00:00:00+00:00,12,1.336,0.3459,1.0,99,511862.8051,-11699.0997,0.6541,73,334793.5018,5746.34831,101267.6551,75801.6482,-25466.0068,99,511862.8051,14
2021-09-27 00:00:00+00:00,20,1.4305,0.4103,1.0,111,608133.1201,-10078.0909,0.5897,77,358593.1446,5648.606558,146871.6296,102668.3459,-44203.2836,111,608133.1201,14
2021-09-26 00:00:00+00:00,27,0.2137,0.236,1.0,128,2460543.1277,-33119.005,0.764,92,1879833.4139,71443.238858,102253.0417,478456.6721,376203.6305,128,2460543.1277,9
2021-09-25 00:00:00+00:00,15,1.0778,0.437,1.0,91,300766.5816,-105780.9365,0.563,67,169342.8641,4585.604352,68172.8312,63250.8863,-4921.9449,91,300766.5816,9
2021-09-24 00:00:00+00:00,22,2.4705,0.4408,1.0,125,2019516.9423,-104233.4213,0.5592,86,1129292.5586,31951.157122,633712.6141,256511.7696,-377200.8445,125,2019516.9423,17
2021-09-23 00:00:00+00:00,14,0.9715,0.2166,1.0,112,946276.0642,-98304.96,0.7834,87,741265.8714,15063.41829,101025.4146,103984.7783,2959.3637,112,946276.0642,11
2021-09-22 00:00:00+00:00,22,1.0745,0.2852,1.0,119,904228.9662,-100940.8871,0.7148,81,646310.2791,10842.709086,133591.6498,124327.0373,-9264.6125,119,904228.9662,16
2021-09-21 00:00:00+00:00,30,1.0891,0.2884,1.0,125,1147237.1657,-83143.275,0.7116,82,816350.2245,15686.587273,172502.9431,158383.9981,-14118.945,125,1147237.1657,13
2021-09-20 00:00:00+00:00,29,2.5617,0.3788,1.0,135,1237196.3352,-98734.9911,0.6212,94,768545.6203,11041.095017,337070.1985,131580.5164,-205489.6821,135,1237196.3352,12
2021-09-19 00:00:00+00:00,19,3.5195,0.5389,1.0,76,440836.8425,-54398.1013,0.4611,42,203282.4522,6147.677227,184992.1401,52562.2501,-132429.8901,76,440836.8425,15
2021-09-18 00:00:00+00:00,19,0.9474,0.2879,1.0,82,759977.6332,-36172.0897,0.7121,40,541191.1245,21820.415833,106437.9236,112348.5851,5910.6616,82,759977.6332,23
2021-09-17 00:00:00+00:00,28,4.3392,0.4468,1.0,107,1201421.3753,-20820.2695,0.5532,65,664655.5852,26969.677229,436233.703,100532.0871,-335701.6159,107,1201421.3753,14
2021-09-16 00:00:00+00:00,28,1.1732,0.3084,1.0,118,630325.0988,22989.526,0.6916,79,435908.4541,7909.214489,104954.3853,89462.2594,-15492.1259,118,630325.0988,11
2021-09-15 00:00:00+00:00,27,0.7698,0.5299,1.0,117,1672801.1757,-54839.7314,0.4701,79,786324.5387,36895.961527,385578.9822,500897.6547,115318.6725,117,1672801.1757,11
2021-09-14 00:00:00+00:00,20,7.7839,0.2103,1.0,102,759025.3523,-85841.7334,0.7897,73,599425.1586,21040.796231,141430.5757,18169.6179,-123260.9578,102,759025.3523,9
2021-09-13 00:00:00+00:00,20,0.5366,0.5172,1.0,115,672354.9286,-81054.4119,0.4828,64,324624.8692,7405.826866,121430.7566,226299.3028,104868.5462,115,672354.9286,31
2021-09-12 00:00:00+00:00,11,1.115,0.2135,1.0,98,417593.0329,-107244.978,0.7865,80,328429.5129,6209.387573,47005.6642,42157.8558,-4847.8084,98,417593.0329,7
2021-09-11 00:00:00+00:00,5,0.4106,0.2128,1.0,96,1274764.8456,-125222.9548,0.7872,77,1003462.5827,21301.876676,78964.43,192337.8329,113373.4029,96,1274764.8456,14
2021-09-10 00:00:00+00:00,16,1.2428,0.2374,1.0,135,1129736.7862,-155681.1097,0.7626,104,861533.7055,10372.879839,148618.064,119585.0168,-29033.0472,135,1129736.7862,15
2021-09-09 00:00:00+00:00,22,6.7472,0.5395,1.0,129,1399987.4405,-168864.2991,0.4605,91,644709.7317,29370.501903,657787.3183,97490.3904,-560296.9279,129,1399987.4405,16
2021-09-08 00:00:00+00:00,27,1.5438,0.4318,1.0,157,1101717.6806,-101428.7203,0.5682,101,625992.0846,13003.783826,288710.4688,187015.1273,-101695.3415,157,1101717.6806,29
2021-09-07 00:00:00+00:00,38,1.5185,0.3326,1.0,200,1310593.982,-114773.9911,0.6674,136,874648.6512,8363.193092,262847.5192,173097.8116,-89749.7077,200,1310593.982,26
2021-09-06 00:00:00+00:00,23,1.7182,0.4206,1.0,109,706035.4137,-104922.1246,0.5794,68,409061.8918,8580.860346,187719.4689,109254.053,-78465.416,109,706035.4137,18
2021-09-05 00:00:00+00:00,23,3.3965,0.5739,1.0,91,417773.2161,-97065.1699,0.4261,55,178007.4337,8430.43809,185229.7145,54536.0679,-130693.6466,91,417773.2161,13
2021-09-04 00:00:00+00:00,34,1.9069,0.5559,1.0,95,575695.8946,-114197.282,0.4441,48,255685.8925,7160.722611,209921.8414,110088.1606,-99833.6808,95,575695.8946,13
2021-09-03 00:00:00+00:00,29,2.228,0.3339,1.0,147,955187.7209,-94422.8789,0.6661,106,636283.7811,8412.873919,220109.6565,98794.2833,-121315.3732,147,955187.7209,12
2021-09-02 00:00:00+00:00,25,1.5389,0.3053,1.0,173,1361741.2275,-88227.4277,0.6947,124,945981.1427,8886.248056,252003.9805,163756.1043,-88247.8761,173,1361741.2275,24
2021-09-01 00:00:00+00:00,40,2.3775,0.4534,1.0,169,1055099.2387,-81886.3967,0.5466,113,576710.5567,10666.110676,336750.4597,141638.2223,-195112.2374,169,1055099.2387,16
2021-08-31 00:00:00+00:00,27,1.1204,0.354,1.0,160,1033877.3061,-39880.7099,0.646,107,667838.822,9560.497864,193412.563,172625.9211,-20786.6419,160,1033877.3061,26
2021-08-30 00:00:00+00:00,24,1.1795,0.3996,1.0,152,712945.3784,-127071.5753,0.6004,103,428067.5204,6344.262564,154172.2957,130705.5624,-23466.7333,152,712945.3784,25
2021-08-29 00:00:00+00:00,24,4.907,0.6073,0.9761,114,609014.6891,-161517.792,0.3927,91,245045.6533,18250.271569,314763.9956,64145.5643,-250618.4313,129,623955.2133,14
2021-08-28 00:00:00+00:00,16,0.6072,0.32,1.0,105,493330.0555,-132713.5563,0.68,73,335456.8944,9009.80783,59643.0099,98230.1512,38587.1413,105,493330.0555,16
2021-08-27 00:00:00+00:00,18,1.7601,0.3268,1.0,111,866190.2254,-139279.168,0.6732,80,583137.0673,10307.240031,180500.1866,102552.9715,-77947.2151,111,866190.2254,13
2021-08-26 00:00:00+00:00,18,1.4385,0.385,1.0,112,633504.6933,-130049.5697,0.615,81,389592.8906,7336.69533,143886.2308,100025.5719,-43860.659,112,633504.6933,13
2021-08-25 00:00:00+00:00,15,0.4546,0.2217,1.0,126,1190038.1327,-125256.2142,0.7783,87,926170.8715,23602.165364,82469.8456,181397.4157,98927.5701,126,1190038.1327,24
2021-08-24 00:00:00+00:00,19,4.587,0.64,1.0,141,1536011.6662,-146252.5239,0.36,93,552998.1402,50803.918166,807068.1128,175945.4132,-631122.6996,141,1536011.6662,29
2021-08-23 00:00:00+00:00,30,3.0767,0.5435,1.0,147,955695.5625,-48227.5035,0.4565,95,436282.991,17144.321187,392001.411,127411.1604,-264590.2506,147,955695.5625,22
2021-08-22 00:00:00+00:00,18,1.9257,0.3482,1.0,102,444657.7106,-24446.5742,0.6518,78,289831.5355,7345.615159,101907.4782,52918.697,-48988.7812,102,444657.7106,6
2021-08-21 00:00:00+00:00,12,1.0982,0.4013,1.0,98,392391.7741,-48759.7979,0.5987,69,234941.2513,6390.817481,82411.3316,75039.1911,-7372.1405,98,392391.7741,17
2021-08-20 00:00:00+00:00,19,1.112,0.2365,1.0,121,1063862.4222,-72369.1045,0.7635,81,812293.1691,15584.122083,132454.6401,119114.613,-13340.0271,121,1063862.4222,21
2021-08-19 00:00:00+00:00,25,1.0782,0.3961,1.0,121,691857.9033,-77546.6163,0.6039,84,417828.0719,7771.35429,142168.5011,131861.3303,-10307.1707,121,691857.9033,12
2021-08-18 00:00:00+00:00,30,1.4927,0.3284,1.0,153,740276.0554,-77552.7654,0.6716,104,497184.301,7405.880766,145569.176,97522.5783,-48046.5977,153,740276.0554,19
2021-08-17 00:00:00+00:00,15,0.6991,0.3751,1.0,126,828841.1341,-72393.0347,0.6249,98,517959.8992,9141.171237,127914.3956,182966.8393,55052.4437,126,828841.1341,13
2021-08-16 00:00:00+00:00,21,1.5967,0.4133,1.0,133,1033323.3687,-71108.5052,0.5867,94,606296.6244,10223.456287,262575.2449,164451.4994,-98123.7455,133,1033323.3687,18
2021-08-15 00:00:00+00:00,22,3.61,0.6477,1.0,90,597740.2487,-59441.7238,0.3523,55,210605.8945,23634.232985,303157.8508,83976.5035,-219181.3473,90,597740.2487,13
2021-08-14 00:00:00+00:00,21,6.8878,0.4494,1.0,96,514673.5878,-60880.2162,0.5506,61,283393.5884,10127.307396,201958.6432,29321.3561,-172637.2871,96,514673.5878,14
2021-08-13 00:00:00+00:00,19,1.4991,0.3012,1.0,110,824156.882,-43371.1571,0.6988,81,575900.3905,15620.725227,148919.5504,99336.9411,-49582.6094,110,824156.882,10
2021-08-12 00:00:00+00:00,17,1.086,0.3702,1.0,110,678236.6404,-24781.2108,0.6298,82,427167.9626,7222.718893,130709.4461,120359.2317,-10350.2143,110,678236.6404,11
2021-08-11 00:00:00+00:00,19,1.1147,0.3467,1.0,137,634120.0031,-26975.0573,0.6533,99,414255.2176,7155.168774,115896.6345,103968.1511,-11928.4833,137,634120.0031,19
2021-08-10 00:00:00+00:00,20,0.6893,0.4201,1.0,122,828791.9735,-32291.473,0.5799,88,480576.5163,9399.022529,142085.6533,206129.8039,64044.1506,122,828791.9735,14
2021-08-09 00:00:00+00:00,22,1.0687,0.4103,1.0,130,1208602.2192,-45870.4786,0.5897,87,712724.0412,10209.28117,256167.2267,239710.9512,-16456.2755,130,1208602.2192,21
2021-08-08 00:00:00+00:00,30,6.4499,0.6379,1.0,103,491251.7969,-45209.9113,0.3621,65,177871.2123,8507.475776,271315.6895,42064.8951,-229250.7944,103,491251.7969,8
2021-08-07 00:00:00+00:00,20,1.7128,0.2856,1.0,122,667304.0204,-22933.3599,0.7144,95,476729.1859,8642.854751,120324.3538,70250.4808,-50073.873,122,667304.0204,7
2021-08-06 00:00:00+00:00,21,0.6207,0.3761,1.0,137,915103.239,-71255.0588,0.6239,98,570899.154,8294.257987,131828.5355,212375.5496,80547.0141,137,915103.239,18
2021-08-05 00:00:00+00:00,24,1.1916,0.3434,1.0,127,856183.2519,-80987.3308,0.6566,91,562148.9499,7871.228587,159870.7206,134163.5814,-25707.1392,127,856183.2519,12
2021-08-04 00:00:00+00:00,28,1.2745,0.4261,1.0,132,955510.6175,-85988.1555,0.5739,91,548354.3905,9008.823721,228149.8103,179006.4167,-49143.3936,132,955510.6175,13
2021-08-03 00:00:00+00:00,11,1.2843,0.279,1.0,124,892895.5729,-93520.1037,0.721,99,643736.3261,8530.782843,140084.0676,109075.1792,-31008.8884,124,892895.5729,14
2021-08-02 00:00:00+00:00,29,1.1222,0.3949,1.0,115,520296.2085,-99234.2611,0.6051,74,314853.5267,4656.592638,108637.4933,96805.1884,-11832.3049,115,520296.2085,12
2021-08-01 00:00:00+00:00,20,1.8987,0.4403,1.0,93,537020.814,-96546.0528,0.5597,62,300555.9515,8971.772454,154889.8985,81574.964,-73314.9345,93,537020.814,11
2021-07-31 00:00:00+00:00,15,4.606,0.5793,1.0,96,1042174.8652,-85849.8685,0.4207,66,438470.6424,32714.886152,496014.9939,107689.2289,-388325.765,96,1042174.8652,15
2021-07-30 00:00:00+00:00,14,0.8864,0.2169,1.0,111,951297.2052,-35350.7054,0.7831,84,744953.9504,14826.525649,96961.0726,109382.1823,12421.1097,111,951297.2052,13
2021-07-29 00:00:00+00:00,12,1.5204,0.2736,1.0,97,1074619.8685,-37724.1554,0.7264,76,780576.046,18325.844619,177378.3673,116665.4553,-60712.912,97,1074619.8685,9
2021-07-28 00:00:00+00:00,27,2.6958,0.2872,1.0,100,773123.3108,-38648.6602,0.7128,59,551113.2874,18911.700917,161938.5273,60071.4962,-101867.0311,100,773123.3108,14
2021-07-27 00:00:00+00:00,36,1.4282,0.4532,1.0,119,888320.4916,-60746.8317,0.5468,66,485692.3662,11071.394105,236818.0576,165810.0678,-71007.9898,119,888320.4916,17
2021-07-26 00:00:00+00:00,27,0.9631,0.3734,1.0,140,995939.0487,-55266.6089,0.6266,92,624087.767,9450.123229,182433.0644,189418.2173,6985.1529,140,995939.0487,21
2021-07-25 00:00:00+00:00,24,0.9669,0.3786,1.0,80,244552.3896,-54521.0233,0.6214,44,151973.964,5150.765055,45510.035,47068.3906,1558.3556,80,244552.3896,12
2021-07-24 00:00:00+00:00,25,1.4608,0.4984,1.0,91,373222.6508,-58765.2136,0.5016,59,187216.082,6505.263286,110419.096,75587.4728,-34831.6232,91,373222.6508,7
2021-07-23 00:00:00+00:00,15,1.0404,0.2965,1.0,91,713803.2841,-53912.1376,0.7035,64,502190.1937,16527.469864,107903.0655,103710.0249,-4193.0405,91,713803.2841,12
2021-07-22 00:00:00+00:00,11,1.6659,0.2817,1.0,96,954820.7745,-66512.7438,0.7183,76,685849.8969,7111.285426,168077.6615,100893.2161,-67184.4455,96,954820.7745,9
2021-07-21 00:00:00+00:00,19,4.834,0.3252,1.0,111,1200470.0734,-81217.3408,0.6748,88,810085.3342,23900.63289,323469.4854,66915.2537,-256554.2317,111,1200470.0734,4
2021-07-20 00:00:00+00:00,28,1.2932,0.3861,1.0,123,661396.1325,-103169.6712,0.6139,83,406051.776,5672.607094,143995.3933,111348.9633,-32646.43,123,661396.1325,12
2021-07-19 00:00:00+00:00,7,0.9261,0.419,1.0,97,758874.2659,-92180.3975,0.581,80,440890.1967,17232.146474,152889.9086,165094.1605,12204.2519,97,758874.2659,10
2021-07-18 00:00:00+00:00,24,1.2866,0.5953,1.0,74,377303.3338,-92026.9781,0.4047,37,152677.7276,10478.10539,126388.2913,98237.315,-28150.9763,74,377303.3338,13
2021-07-17 00:00:00+00:00,19,1.0109,0.4022,1.0,80,395362.9446,-92112.7055,0.5978,51,236339.9197,7679.556055,79941.5579,79081.467,-860.0908,80,395362.9446,10
2021-07-16 00:00:00+00:00,13,1.5193,0.279,1.0,107,1606900.6549,-104789.3002,0.721,75,1158623.2835,55575.729083,270337.328,177940.0434,-92397.2846,107,1606900.6549,19
2021-07-15 00:00:00+00:00,21,2.5002,0.5534,1.0,107,717261.9477,-123571.9696,0.4466,65,320348.0411,10477.351189,283515.2653,113398.6413,-170116.6239,107,717261.9477,21
2021-07-14 00:00:00+00:00,19,2.9183,0.6105,1.0,129,1372519.1127,-179196.8474,0.3895,79,534601.2807,24142.074011,624069.1884,213848.6436,-410220.5448,129,1372519.1127,31
2021-07-13 00:00:00+00:00,14,0.7283,0.3863,1.0,117,729295.5139,-133476.2447,0.6137,83,447596.5242,8113.759942,118710.2519,162988.7378,44278.4859,117,729295.5139,20
2021-07-12 00:00:00+00:00,18,0.9299,0.3803,1.0,116,961288.1363,-128889.4709,0.6197,87,595732.5958,10241.653576,176138.6763,189416.8642,13278.1879,116,961288.1363,11
2021-07-11 00:00:00+00:00,12,2.4395,0.3739,1.0,62,183747.1512,-129155.713,0.6261,43,115049.6132,3979.452066,48724.3033,19973.2348,-28751.0685,62,183747.1512,7
2021-07-10 00:00:00+00:00,13,1.9843,0.4693,1.0,75,578783.4791,-131097.5469,0.5307,51,307137.7095,10819.891655,180621.0114,91024.7582,-89596.2532,75,578783.4791,11
2021-07-09 00:00:00+00:00,26,2.5059,0.6661,1.0,101,782476.0787,-114817.2228,0.3339,55,261268.93,11142.432408,372541.5595,148665.5892,-223875.9703,101,782476.0787,20
2021-07-08 00:00:00+00:00,26,4.5316,0.6203,1.0,143,1412827.8251,-16718.8919,0.3797,89,536485.1629,28263.793917,717916.7155,158425.9467,-559490.7688,143,1412827.8251,28
2021-07-07 00:00:00+00:00,13,2.0187,0.2873,1.0,119,929980.9036,115409.1778,0.7127,84,662763.9701,8990.104286,178696.6298,88520.3037,-90176.3261,119,929980.9036,22
2021-07-06 00:00:00+00:00,14,0.5984,0.4076,1.0,138,745918.2096,131273.5561,0.5924,103,441869.3749,6930.672424,113831.4658,190217.3689,76385.9031,138,745918.2096,21
2021-07-05 00:00:00+00:00,11,0.777,0.2451,1.0,102,371029.822,107103.7584,0.7549,82,280072.4658,5685.014493,39771.4316,51185.9247,11414.4931,102,371029.822,9
2021-07-04 00:00:00+00:00,13,1.8252,0.4117,1.0,77,352149.7607,113469.8591,0.5883,58,207178.2477,6143.601869,93657.7094,51313.8035,-42343.9059,77,352149.7607,6
2021-07-03 00:00:00+00:00,10,0.4175,0.2408,1.0,76,246193.3992,103725.9589,0.7592,58,186898.31,5670.029954,17464.5369,41830.5523,24366.0154,76,246193.3992,8
2021-07-02 00:00:00+00:00,18,0.3687,0.6506,1.0,108,1542253.5015,92366.1028,0.3494,68,538856.951,57965.257524,270292.1022,733104.4483,462812.3461,108,1542253.5015,22
2021-07-01 00:00:00+00:00,18,0.2698,0.4064,1.0,111,1563810.2944,2045.8482,0.5936,82,928354.7678,39550.775657,135024.904,500430.6227,365405.7187,111,1563810.2944,11
2021-06-30 00:00:00+00:00,23,0.8735,0.3933,1.0,116,786220.2399,-84137.3794,0.6067,78,477036.4767,9711.322025,144154.7205,165029.0427,20874.3221,116,786220.2399,15
2021-06-29 00:00:00+00:00,16,2.2801,0.2662,1.0,132,893386.741,-96094.9326,0.7338,100,655589.1887,10071.058968,165300.1167,72497.4356,-92802.6811,132,893386.741,16
2021-06-28 00:00:00+00:00,18,0.677,0.4067,1.0,132,714526.9642,-161665.0706,0.5933,92,423900.4702,6140.582551,117324.648,173301.846,55977.198,132,714526.9642,22
2021-06-27 00:00:00+00:00,35,3.7947,0.4786,1.0,84,396301.2374,-162319.5445,0.5214,45,206635.152,7184.809956,150108.6462,39557.4393,-110551.2069,84,396301.2374,4
2021-06-26 00:00:00+00:00,26,2.1032,0.3699,1.0,103,419453.4647,-155803.3673,0.6301,63,264314.8934,5827.374926,105145.7745,49992.7969,-55152.9776,103,419453.4647,14
2021-06-25 00:00:00+00:00,31,1.8922,0.4462,1.0,145,1230866.5276,-154476.0691,0.5538,84,681620.3208,10273.17486,359337.8212,189908.3856,-169429.4356,145,1230866.5276,30
2021-06-24 00:00:00+00:00,17,3.1232,0.3872,1.0,112,1192909.5092,-137477.4945,0.6128,82,730962.9571,20052.69887,349911.7134,112034.8387,-237876.8746,112,1192909.5092,13
2021-06-23 00:00:00+00:00,26,1.422,0.4392,1.0,194,820999.2303,-133878.8188,0.5608,126,460392.9567,6881.152881,211717.4119,148888.8618,-62828.5501,194,820999.2303,42
2021-06-22 00:00:00+00:00,64,3.051,0.5264,1.0,184,2070581.296,-125341.5584,0.4736,104,980727.4619,13169.418199,820823.7407,269030.0934,-551793.6473,184,2070581.296,16
2021-06-21 00:00:00+00:00,26,0.7991,0.3143,1.0,173,1464366.6724,-66260.5262,0.6857,127,1004111.7997,7560.523667,204429.496,255825.3767,51395.8807,173,1464366.6724,20
2021-06-20 00:00:00+00:00,33,1.7793,0.4828,1.0,97,479632.0329,-79625.4526,0.5172,52,248045.3669,6048.088843,148262.3164,83324.3497,-64937.9667,97,479632.0329,12
2021-06-19 00:00:00+00:00,14,2.171,0.3425,1.0,76,362628.8347,-73759.9049,0.6575,51,238436.9521,4751.270869,85026.8862,39164.9964,-45861.8898,76,362628.8347,11
2021-06-18 00:00:00+00:00,20,1.2954,0.3686,1.0,133,1063155.3901,-79720.0807,0.6314,100,671271.8068,10252.517208,221161.4983,170722.085,-50439.4133,133,1063155.3901,13
2021-06-17 00:00:00+00:00,10,2.6346,0.4223,1.0,113,1119822.428,-73896.4144,0.5777,90,646905.5873,29624.669129,342801.493,130115.3478,-212686.1452,113,1119822.428,13
2021-06-16 00:00:00+00:00,11,1.0203,0.1922,1.0,125,1586246.2704,-44866.7495,0.8078,94,1281445.1874,18554.075578,153934.4051,150866.6779,-3067.7272,125,1586246.2704,20
2021-06-15 00:00:00+00:00,20,3.9042,0.3081,1.0,113,757564.766,-53767.1017,0.6919,84,524146.4674,7489.080426,185822.3602,47595.9384,-138226.4219,113,757564.766,9
2021-06-14 00:00:00+00:00,12,1.5014,0.2046,1.0,106,1027963.3946,-104364.4117,0.7954,84,817647.2861,13448.062502,126237.3562,84078.7523,-42158.6039,106,1027963.3946,10
2021-06-13 00:00:00+00:00,12,1.3035,0.4917,1.0,79,368539.2418,-98593.7066,0.5083,56,187324.1614,5972.549391,102547.1067,78667.9737,-23879.1329,79,368539.2418,11
2021-06-12 00:00:00+00:00,20,4.5166,0.2452,1.0,110,560425.5875,-98046.3347,0.7548,80,423030.7133,10547.850924,112488.9973,24905.8769,-87583.1204,110,560425.5875,10
2021-06-11 00:00:00+00:00,18,1.0942,0.2638,1.0,120,815632.2268,-91505.0401,0.7362,82,600483.5689,15119.689249,112411.2036,102737.4543,-9673.7493,120,815632.2268,20
2021-06-10 00:00:00+00:00,13,1.0835,0.3118,1.0,114,758227.6867,-172920.6562,0.6882,91,521810.2616,12415.294483,122947.9581,113469.467,-9478.4911,114,758227.6867,10
2021-06-09 00:00:00+00:00,38,1.4253,0.3249,1.0,152,1147447.9028,-178453.406,0.6751,96,774658.2184,10682.935494,219079.9384,153709.746,-65370.1924,152,1147447.9028,18
2021-06-08 00:00:00+00:00,21,4.439,0.395,1.0,155,1971466.8725,-178782.5104,0.605,113,1192689.5928,31757.486427,635592.4355,143184.8441,-492407.5914,155,1971466.8725,21
2021-06-07 00:00:00+00:00,15,1.0149,0.458,1.0,124,519620.1936,-118027.1122,0.542,82,281625.0906,5603.587814,119879.3858,118115.7172,-1763.6686,124,519620.1936,27
2021-06-06 00:00:00+00:00,11,1.6165,0.2602,1.0,80,327002.9912,-137324.4823,0.7398,59,241923.4951,9155.070542,52563.513,32515.9831,-20047.5299,80,327002.9912,10
2021-06-05 00:00:00+00:00,13,1.5025,0.3206,1.0,104,649279.2629,-190178.4033,0.6794,87,441148.9465,8383.343729,124962.1873,83168.1291,-41794.0582,104,649279.2629,4
2021-06-04 00:00:00+00:00,32,7.3617,0.6721,1.0,141,1133371.8376,-282908.2173,0.3279,86,371578.4386,26337.393477,670688.2305,91105.1685,-579583.062,141,1133371.8376,23
2021-06-03 00:00:00+00:00,26,1.2212,0.4364,1.0,148,1109071.6995,-249822.9672,0.5636,90,625032.1733,6976.798959,266123.6328,217915.8934,-48207.7394,148,1109071.6995,32
2021-06-02 00:00:00+00:00,25,1.8249,0.2287,1.0,134,1013492.6085,-413108.7939,0.7713,95,781735.1665,11092.747811,149715.6828,82041.7592,-67673.9235,134,1013492.6085,14
2021-06-01 00:00:00+00:00,21,1.6022,0.1614,1.0,124,1797205.001,-425940.1261,0.8386,90,1507170.4201,24598.719938,178577.1925,111457.3884,-67119.8041,124,1797205.001,13
2021-05-31 00:00:00+00:00,13,2.2057,0.5021,1.0,120,724570.1536,-549103.1988,0.4979,86,360733.2526,11940.451401,250341.08,113495.821,-136845.259,120,724570.1536,21
2021-05-30 00:00:00+00:00,14,3.6237,0.5807,1.0,112,1183582.4868,-697414.0335,0.4193,74,496250.3214,18853.837696,538678.5712,148653.5942,-390024.977,112,1183582.4868,24
2021-05-29 00:00:00+00:00,14,6.6848,0.5067,1.0,142,1843261.8725,-809850.3611,0.4933,114,909288.745,44825.044367,812437.9418,121535.1856,-690902.7562,142,1843261.8725,14
2021-05-28 00:00:00+00:00,23,2.7183,0.4504,1.0,168,1672010.634,-810689.109,0.5496,119,918980.5819,16181.468413,550508.1816,202521.8705,-347986.311,168,1672010.634,26
2021-05-27 00:00:00+00:00,26,11.3598,0.5666,1.0,185,2508162.9884,-792808.0191,0.4334,137,1086987.9135,41675.992378,1306191.8007,114983.2742,-1191208.5266,185,2508162.9884,22
2021-05-26 00:00:00+00:00,18,1.9808,0.2437,1.0,212,1963842.4178,-778357.2142,0.7563,176,1485201.4055,22230.706645,318067.1305,160573.8819,-157493.2486,212,1963842.4178,18
2021-05-25 00:00:00+00:00,26,5.3666,0.5432,1.0,207,2494176.1011,-877389.4605,0.4568,152,1139295.9267,40459.165958,1142070.7438,212809.4306,-929261.3131,207,2494176.1011,29
2021-05-24 00:00:00+00:00,34,4.67,0.6227,1.0,231,2915121.3623,-776381.2873,0.3773,157,1099754.8336,44494.226665,1495193.8152,320172.7134,-1175021.1018,231,2915121.3623,40
2021-05-23 00:00:00+00:00,79,18.447,0.4704,1.0,296,2789057.0214,-665704.2378,0.5296,199,1477045.6707,22590.211544,1244545.3106,67466.0401,-1177079.2704,296,2789057.0214,18
2021-05-22 00:00:00+00:00,42,5.2783,0.5429,1.0,191,1883571.6508,-500088.358,0.4571,115,861071.8036,24283.826775,859636.9192,162862.9279,-696773.9914,191,1883571.6508,34
2021-05-21 00:00:00+00:00,35,2.4416,0.2454,1.0,259,2167976.2952,-407032.9243,0.7546,190,1636035.8891,19148.903687,377379.5439,154560.8623,-222818.6816,259,2167976.2952,34
2021-05-20 00:00:00+00:00,49,8.1021,0.3644,1.0,287,3834198.8105,-381825.7963,0.6356,204,2437179.0824,27163.914578,1243536.3105,153483.4176,-1090052.8928,287,3834198.8105,34
2021-05-19 00:00:00+00:00,47,5.2571,0.2568,1.0,388,4868770.9643,-236862.073,0.7432,316,3618379.7245,29936.909214,1050555.1059,199836.1339,-850718.972,388,4868770.9643,25
2021-05-18 00:00:00+00:00,21,4.0999,0.279,1.0,178,1310318.4026,-135646.7953,0.721,137,944751.4,12967.023195,293885.5517,71681.4509,-222204.1008,178,1310318.4026,20
2021-05-17 00:00:00+00:00,38,6.0661,0.3113,1.0,254,1793731.7624,-60900.1965,0.6887,195,1235424.8248,14870.243955,479294.3465,79012.5911,-400281.7553,254,1793731.7624,21
2021-05-16 00:00:00+00:00,17,1.2151,0.1775,1.0,205,1031169.7499,-32827.9821,0.8225,156,848162.7562,8245.876814,100387.5528,82619.4409,-17768.1119,205,1031169.7499,32
2021-05-15 00:00:00+00:00,15,1.9307,0.1562,1.0,182,914710.8286,-39073.5709,0.8438,144,771788.8519,9770.300903,94153.966,48768.0106,-45385.9554,182,914710.8286,23
2021-05-14 00:00:00+00:00,21,1.4603,0.2089,1.0,201,1186298.5617,-43453.1956,0.7911,151,938439.464,8385.785705,147113.9419,100745.1558,-46368.7861,201,1186298.5617,29
2021-05-13 00:00:00+00:00,21,1.4447,0.1702,1.0,275,2433165.5148,-62057.0232,0.8298,232,2019157.257,7377.6887,244657.5438,169350.714,-75306.8298,275,2433165.5148,22
2021-05-12 00:00:00+00:00,32,2.172,0.1839,1.0,261,2092677.5849,-68286.1008,0.8161,199,1707779.2837,23301.472257,263555.1644,121343.1368,-142212.0276,261,2092677.5849,30
2021-05-11 00:00:00+00:00,16,0.3116,0.2338,1.0,214,2453551.9021,-49268.7684,0.7662,182,1880012.7025,29594.076579,136258.5546,437280.645,301022.0904,214,2453551.9021,16
2021-05-10 00:00:00+00:00,33,2.1632,0.2417,1.0,252,2292315.0574,-180562.9915,0.7583,188,1738179.1537,15633.404842,378956.0789,175179.8248,-203776.2541,252,2292315.0574,31
2021-05-09 00:00:00+00:00,21,1.6843,0.2766,1.0,222,872056.7082,-155903.4435,0.7234,160,630855.5041,7545.002577,151344.2187,89856.9854,-61487.2333,222,872056.7082,41
2021-05-08 00:00:00+00:00,8,4.2155,0.0812,1.0,194,1519786.0862,-151596.3842,0.9188,180,1396444.9397,6623.947831,99692.2377,23648.9087,-76043.329,194,1519786.0862,6
2021-05-07 00:00:00+00:00,22,3.1874,0.1883,1.0,184,1794990.5084,-146540.6241,0.8117,142,1456926.5188,17813.004381,257329.7843,80734.2053,-176595.579,184,1794990.5084,20
2021-05-06 00:00:00+00:00,20,2.3367,0.266,1.0,236,1115851.9455,-130987.4035,0.734,174,819018.9809,11448.610599,207871.6688,88961.2958,-118910.373,236,1115851.9455,42
2021-05-05 00:00:00+00:00,21,1.0515,0.2235,1.0,277,1620965.8868,-123289.8978,0.7765,188,1258645.1981,11535.378807,185705.6947,176614.994,-9090.7007,277,1620965.8868,68
2021-05-04 00:00:00+00:00,43,4.614,0.4563,1.0,284,2103987.3301,-119821.6185,0.5437,206,1143921.2595,24048.547378,789051.7711,171014.2995,-618037.4716,284,2103987.3301,35
2021-05-03 00:00:00+00:00,29,1.1591,0.3056,1.0,255,1383392.5777,-34727.3013,0.6944,191,960575.7927,7808.631759,226988.1016,195828.6834,-31159.4182,255,1383392.5777,35
2021-05-02 00:00:00+00:00,14,1.506,0.2812,1.0,140,551955.6585,-35924.9722,0.7188,102,396752.4625,4549.203618,93270.507,61932.689,-31337.8181,140,551955.6585,24
2021-05-01 00:00:00+00:00,16,2.142,0.1301,1.0,177,859772.9465,-48430.8544,0.8699,138,747922.1491,8948.802017,76251.9027,35598.8946,-40653.0081,177,859772.9465,23
2021-04-30 00:00:00+00:00,24,1.3295,0.3977,1.0,168,1203938.3749,-45149.3449,0.6023,99,725116.194,5142.194114,273272.6077,205549.5732,-67723.0345,168,1203938.3749,45
2021-04-29 00:00:00+00:00,12,1.44,0.2684,1.0,188,1343621.0132,-43509.2628,0.7316,169,983035.571,11960.500873,212806.6378,147778.8043,-65027.8335,188,1343621.0132,7
2021-04-28 00:00:00+00:00,8,0.9013,0.1942,1.0,205,1506456.5357,-116090.4445,0.8058,184,1213875.2803,11631.422113,138697.0006,153884.2548,15187.2542,205,1506456.5357,13
2021-04-27 00:00:00+00:00,11,1.3466,0.1262,1.0,178,1200552.2914,-137267.8643,0.8738,149,1049038.9627,8011.267775,86945.2899,64568.0388,-22377.2511,178,1200552.2914,18
2021-04-26 00:00:00+00:00,9,2.5967,0.0833,1.0,185,1069917.8025,-134915.3486,0.9167,172,980843.5022,5877.588942,64308.7074,24765.5929,-39543.1145,185,1069917.8025,4
2021-04-25 00:00:00+00:00,9,8.2424,0.2421,1.0,135,626686.2772,-131127.2033,0.7579,121,474978.5414,6468.661991,135293.3644,16414.3713,-118878.9931,135,626686.2772,5
2021-04-24 00:00:00+00:00,5,1.6472,0.0955,1.0,149,757516.6537,-127802.1697,0.9045,139,685195.0395,6209.919661,45002.0278,27319.5864,-17682.4414,149,757516.6537,5
2021-04-23 00:00:00+00:00,12,1.8196,0.1084,1.0,216,1784904.0633,-132730.982,0.8916,188,1591417.0256,12261.552263,124864.7487,68622.289,-56242.4597,216,1784904.0633,16
2021-04-22 00:00:00+00:00,19,6.3093,0.3467,1.0,249,2275462.754,-62905.4518,0.6533,210,1486483.1076,27494.671783,681037.8759,107941.7705,-573096.1054,249,2275462.754,20
2021-04-21 00:00:00+00:00,16,2.7174,0.2242,1.0,213,1284642.6173,16649.3042,0.7758,176,996636.6025,6886.246019,210530.3497,77475.6651,-133054.6846,213,1284642.6173,21
2021-04-20 00:00:00+00:00,9,1.1101,0.1238,1.0,209,914842.6385,23860.2579,0.8762,190,801548.0107,4698.345292,59602.1345,53692.4933,-5909.6412,209,914842.6385,10
2021-04-19 00:00:00+00:00,4,1.2459,0.0955,1.0,200,1245820.8598,24734.4943,0.9045,185,1126826.9573,6139.99798,66010.0,52983.9024,-13026.0976,200,1245820.8598,11
2021-04-18 00:00:00+00:00,14,6.6705,0.0435,1.0,199,2974941.4808,21885.5889,0.9565,180,2845618.2835,48857.725231,112463.4777,16859.7197,-95603.758,199,2974941.4808,5
2021-04-17 00:00:00+00:00,8,4.4958,0.0743,1.0,158,1104142.9433,19152.7077,0.9257,146,1022103.7594,6145.128261,67111.6558,14927.5282,-52184.1276,158,1104142.9433,4
2021-04-16 00:00:00+00:00,6,0.1626,0.349,1.0,191,1720442.7424,24196.2411,0.651,172,1119962.084,36593.164074,83972.2033,516508.4551,432536.2518,191,1720442.7424,13
2021-04-15 00:00:00+00:00,9,1.2439,0.1945,1.0,167,766824.2859,-28963.2826,0.8055,136,617639.2413,4907.873589,82698.9291,66486.1155,-16212.8136,167,766824.2859,22
2021-04-14 00:00:00+00:00,7,3.2929,0.1058,1.0,222,1460890.7465,-30026.3064,0.8942,207,1306282.7643,7016.288849,118592.9954,36014.9868,-82578.0086,222,1460890.7465,8
2021-04-13 00:00:00+00:00,7,0.9973,0.122,1.0,193,1282644.6212,-24033.4384,0.878,172,1126124.5569,6614.181753,78155.0255,78365.0388,210.0134,193,1282644.6212,14
2021-04-12 00:00:00+00:00,10,2.0976,0.0986,1.0,196,943208.2037,-7718.0805,0.9014,174,850166.6891,5651.600305,63004.9749,30036.5397,-32968.4353,196,943208.2037,12
2021-04-11 00:00:00+00:00,6,18.9771,0.2123,1.0,142,600481.6848,-6831.0073,0.7877,133,472983.316,6981.492715,121116.1476,6382.2213,-114733.9263,142,600481.6848,3
2021-04-10 00:00:00+00:00,4,1.4889,0.0877,1.0,194,979540.5708,61270.1267,0.9123,180,893603.9713,7112.147278,51407.9966,34528.6029,-16879.3936,194,979540.5708,10
2021-04-09 00:00:00+00:00,5,0.4042,0.1469,1.0,161,969150.0511,50014.5802,0.8531,139,826767.1938,7668.724208,40981.6356,101401.2217,60419.5861,161,969150.0511,17
2021-04-08 00:00:00+00:00,5,1.9706,0.076,1.0,184,952973.7088,-13318.5521,0.924,173,880577.7217,6629.289669,48024.984,24371.0032,-23653.9807,184,952973.7088,6
2021-04-07 00:00:00+00:00,10,1.7872,0.1453,1.0,197,989876.6159,-16234.7894,0.8547,174,846021.5534,5654.607054,92241.4974,51613.5651,-40627.9323,197,989876.6159,13
2021-04-06 00:00:00+00:00,6,0.3308,0.2257,1.0,227,1008323.2964,-14516.0801,0.7743,212,780781.8479,9266.597911,56561.9649,170979.4835,114417.5186,227,1008323.2964,9
2021-04-05 00:00:00+00:00,7,1.1498,0.2945,1.0,174,1303638.7976,-40855.0661,0.7055,153,919659.1466,20835.36857,205369.287,178610.364,-26758.923,174,1303638.7976,14
2021-04-04 00:00:00+00:00,14,0.1751,0.5964,1.0,155,864718.649,-39851.3518,0.4036,119,349022.7142,32066.056113,76860.9615,438834.9733,361974.0117,155,864718.649,22
2021-04-03 00:00:00+00:00,13,1.6928,0.1908,1.0,234,1948862.3161,-94161.1205,0.8092,208,1577006.8125,41773.45551,233761.8611,138093.6425,-95668.2186,234,1948862.3161,13
2021-04-02 00:00:00+00:00,9,5.0256,0.2965,1.0,225,1932945.3441,-82155.9582,0.7035,205,1359793.1008,29593.638357,478032.2919,95119.9514,-382912.3406,225,1932945.3441,11
2021-04-01 00:00:00+00:00,9,1.9682,0.1304,1.0,225,1035887.9239,-13970.7845,0.8696,199,900790.0484,5641.058374,89582.7585,45515.117,-44067.6415,225,1035887.9239,17
2021-03-31 00:00:00+00:00,13,1.4631,0.1033,1.0,243,1472414.5368,-13916.0385,0.8967,219,1320319.9965,7127.548196,90345.7537,61748.7865,-28596.9672,243,1472414.5368,11
2021-03-30 00:00:00+00:00,8,2.8467,0.1086,1.0,195,1342008.6117,-6571.0595,0.8914,177,1196292.1141,8838.055511,107835.9407,37880.5569,-69955.3838,195,1342008.6117,10
2021-03-29 00:00:00+00:00,6,1.584,0.0815,1.0,203,1070901.33,3117.5344,0.9185,188,983584.3879,5691.37816,53524.9324,33792.0098,-19732.9227,203,1070901.33,9
2021-03-28 00:00:00+00:00,24,1.381,0.2304,1.0,149,493438.6024,6161.798,0.7696,106,379732.8438,3973.546283,65950.0637,47755.6949,-18194.3689,149,493438.6024,19
2021-03-27 00:00:00+00:00,5,,0.0166,1.0,157,701598.9007,5065.9124,0.9834,152,689966.8182,8717.480582,11632.0825,0.0,-11632.0825,157,701598.9007,0
2021-03-26 00:00:00+00:00,5,0.379,0.166,1.0,164,1262622.2984,1537.402,0.834,148,1053044.4428,16520.939083,57596.9904,151980.8652,94383.8748,164,1262622.2984,11
2021-03-25 00:00:00+00:00,6,2.168,0.0605,1.0,194,1958109.6304,-15200.1488,0.9395,184,1839623.2268,23384.295789,81085.4116,37400.992,-43684.4196,194,1958109.6304,4
2021-03-24 00:00:00+00:00,4,0.4953,0.0809,1.0,202,835498.0535,-13141.7914,0.9191,190,767898.6258,4904.306228,22390.771,45208.6567,22817.8857,202,835498.0535,8
2021-03-23 00:00:00+00:00,3,1.0606,0.081,1.0,178,896863.9585,-21447.7679,0.919,161,824230.3316,5409.267533,37384.4264,35249.2005,-2135.226,178,896863.9585,14
2021-03-22 00:00:00+00:00,6,0.9773,0.1164,1.0,203,1181739.6077,-21123.9896,0.8836,185,1044234.6459,8954.983225,67964.0196,69540.9422,1576.9226,203,1181739.6077,12
2021-03-21 00:00:00+00:00,6,2.6528,0.0835,1.0,156,684453.7687,-63143.9371,0.9165,146,627288.2589,4809.490477,41515.5392,15649.9706,-25865.5686,156,684453.7687,4
2021-03-20 00:00:00+00:00,9,5.2753,0.0844,0.9905,171,625995.0896,-57858.2618,0.9156,162,578665.4305,4661.887071,44829.6468,8497.9915,-36331.6553,177,631993.0689,6
2021-03-19 00:00:00+00:00,6,2.2026,0.078,1.0,185,778040.5097,-66092.9676,0.922,170,717377.2595,4589.531247,41721.1153,18942.1349,-22778.9804,185,778040.5097,9
2021-03-18 00:00:00+00:00,8,1.5766,0.1164,1.0,187,1123884.2323,-70264.8889,0.8836,164,993068.2087,15789.50523,80045.9706,50770.053,-29275.9176,187,1123884.2323,15
2021-03-17 00:00:00+00:00,13,1.9,0.0889,1.0,195,1279918.2026,-65686.7337,0.9111,166,1166100.3244,19033.051295,74570.9139,39246.9642,-35323.9497,195,1279918.2026,16
2021-03-16 00:00:00+00:00,6,0.998,0.1051,1.0,185,1257245.6345,-64125.6426,0.8949,164,1125068.3547,10765.144476,66023.0291,66154.2507,131.2217,185,1257245.6345,15
2021-03-15 00:00:00+00:00,34,3.2963,0.3207,1.0,199,1706767.4405,-60234.0256,0.6793,154,1159390.9888,18252.159112,419969.5807,127406.8709,-292562.7098,199,1706767.4405,11
2021-03-14 00:00:00+00:00,12,0.7997,0.2049,1.0,160,488374.322,-28297.497,0.7951,128,388306.5736,3627.242132,44466.7949,55600.9535,11134.1586,160,488374.322,20
2021-03-13 00:00:00+00:00,26,4.4784,0.1983,1.0,187,746232.306,-35153.2383,0.8017,151,598225.1094,4110.678106,120990.8962,27016.3005,-93974.5957,187,746232.306,10
2021-03-12 00:00:00+00:00,13,1.479,0.1469,1.0,187,1831583.8221,-30348.9356,0.8531,162,1562539.209,11806.325958,160513.5214,108531.0917,-51982.4298,187,1831583.8221,12
2021-03-11 00:00:00+00:00,7,0.9546,0.0941,1.0,173,1268062.4835,-35299.7818,0.9059,157,1148682.0758,9835.766774,58304.6193,61075.7883,2771.169,173,1268062.4835,9
2021-03-10 00:00:00+00:00,9,1.5749,0.0921,1.0,177,1186245.1039,-39555.0591,0.9079,156,1076971.5194,10326.053684,66834.9484,42438.6361,-24396.3122,177,1186245.1039,12
2021-03-09 00:00:00+00:00,8,0.8034,0.2063,1.0,198,1217275.031,-40570.2694,0.7937,181,966147.6305,7718.006863,111877.43,139249.9705,27372.5404,198,1217275.031,9
2021-03-08 00:00:00+00:00,7,2.3425,0.1558,1.0,209,1102500.6372,-43274.0038,0.8442,191,930687.5133,6296.137772,120410.0666,51403.0573,-69007.0092,209,1102500.6372,11
2021-03-07 00:00:00+00:00,5,1.8473,0.0397,1.0,214,3122201.7334,-43407.298,0.9603,200,2998345.831,33148.989026,80355.9664,43499.936,-36856.0304,214,3122201.7334,9
2021-03-06 00:00:00+00:00,7,2.3425,0.1727,1.0,176,870166.3439,-40512.6337,0.8273,152,719921.0537,6532.101887,105294.8836,44950.4065,-60344.4771,176,870166.3439,17
2021-03-05 00:00:00+00:00,17,3.0307,0.1888,1.0,184,910654.5157,-38722.7096,0.8112,159,738686.2137,6104.292895,129303.3277,42664.9743,-86638.3534,184,910654.5157,8
2021-03-04 00:00:00+00:00,12,3.2949,0.0491,1.0,223,1030743.1248,-22061.7256,0.9509,205,980183.156,8411.155506,38787.8704,11772.0983,-27015.7721,223,1030743.1248,6
2021-03-03 00:00:00+00:00,5,2.2882,0.0849,1.0,202,947550.3485,-21318.1759,0.9151,188,867137.8929,6116.908205,55957.6198,24454.8358,-31502.7841,202,947550.3485,9
2021-03-02 00:00:00+00:00,5,0.8208,0.0741,1.0,203,1158593.862,-18553.1131,0.9259,182,1072750.3103,7319.482627,38698.5761,47144.9756,8446.3995,203,1158593.862,16
2021-03-01 00:00:00+00:00,12,2.3587,0.1524,1.0,206,1134676.879,-93055.3303,0.8476,177,961785.3329,10138.044732,121415.8071,51475.739,-69940.0681,206,1134676.879,17
2021-02-28 00:00:00+00:00,8,1.2866,0.1256,1.0,267,1053714.3846,-89184.7965,0.8744,243,921315.8213,5301.934041,74495.9719,57902.5914,-16593.3806,267,1053714.3846,16
2021-02-27 00:00:00+00:00,12,2.1711,0.1382,1.0,190,936966.4609,-92588.399,0.8618,165,807494.3005,5824.253326,88643.5843,40828.5761,-47815.0082,190,936966.4609,13
2021-02-26 00:00:00+00:00,16,0.7209,0.11,1.0,254,1681295.4306,-122869.0052,0.89,216,1496368.3717,11605.493529,77469.2623,107457.7966,29988.5343,254,1681295.4306,22
2021-02-25 00:00:00+00:00,9,1.342,0.1284,1.0,214,1162996.7896,-133695.8459,0.8716,188,1013623.7919,8155.907764,85591.9607,63781.037,-21810.9237,214,1162996.7896,17
2021-02-24 00:00:00+00:00,13,1.1394,0.1374,1.0,260,1357399.8573,-136828.2724,0.8626,226,1170958.1035,6099.926215,99294.5493,87147.2045,-12147.3448,260,1357399.8573,21
2021-02-23 00:00:00+00:00,30,1.9668,0.4422,1.0,333,3560677.6896,-141233.6936,0.5578,278,1986181.2201,39079.552177,1043782.7952,530713.6743,-513069.121,333,3560677.6896,25
2021-02-22 00:00:00+00:00,11,1.6526,0.1108,1.0,276,1571168.5632,-69260.3459,0.8892,252,1397017.0448,6581.933442,108498.9251,65652.5934,-42846.3317,276,1571168.5632,13
2021-02-21 00:00:00+00:00,11,1.8781,0.1756,1.0,214,754659.1448,-66430.6733,0.8244,186,622177.888,5469.088496,86449.9275,46031.3294,-40418.5981,214,754659.1448,17
2021-02-20 00:00:00+00:00,16,3.7991,0.3138,1.0,272,1419284.1908,-64151.7155,0.6862,225,973887.7401,12815.896284,352587.8512,92808.5996,-259779.2516,272,1419284.1908,31
2021-02-19 00:00:00+00:00,12,2.2576,0.106,1.0,257,1119138.6508,-31259.4652,0.894,230,1000502.5428,5538.258511,82217.7292,36418.3789,-45799.3503,257,1119138.6508,15
2021-02-18 00:00:00+00:00,15,1.5419,0.1257,1.0,245,1631680.6224,-36790.86,0.8743,209,1426517.5305,15510.073417,124450.5007,80712.5911,-43737.9096,245,1631680.6224,21
2021-02-17 00:00:00+00:00,13,2.4874,0.084,1.0,221,1199467.0541,-31691.6188,0.916,199,1098682.7608,9204.467415,71884.793,28899.5003,-42985.2927,221,1199467.0541,9
2021-02-16 00:00:00+00:00,8,1.0985,0.1762,1.0,231,1119218.3232,-35842.9756,0.8238,211,921973.2003,6339.319057,103250.4051,93994.7177,-9255.6875,231,1119218.3232,12
2021-02-15 00:00:00+00:00,12,1.2728,0.1999,1.0,222,959990.1246,-45420.1082,0.8001,187,768056.4997,5124.878814,107486.1243,84447.5006,-23038.6237,222,959990.1246,23
2021-02-14 00:00:00+00:00,5,1.7574,0.1166,1.0,173,763941.1004,-50262.2334,0.8834,156,674873.8562,6240.455286,56766.5686,32300.6756,-24465.8929,173,763941.1004,12
2021-02-13 00:00:00+00:00,5,2.5085,0.0984,0.9671,192,674766.3238,-55930.3261,0.9016,200,629065.844,8872.651198,49110.979,19577.4792,-29533.4998,215,697754.3022,10
2021-02-12 00:00:00+00:00,13,3.5533,0.101,1.0,218,1492644.287,-64193.6659,0.899,191,1341921.6805,17539.013387,117620.8601,33101.7464,-84519.1137,218,1492644.287,14
2021-02-11 00:00:00+00:00,11,1.1155,0.1219,1.0,232,1208938.3125,-62581.4618,0.8781,204,1061579.8094,15562.866801,77700.8623,69657.6408,-8043.2215,232,1208938.3125,17
2021-02-10 00:00:00+00:00,9,1.872,0.1747,1.0,233,1358130.8403,-96416.1389,0.8253,205,1120846.3071,8822.456167,154664.6616,82619.8716,-72044.79,233,1358130.8403,19
2021-02-09 00:00:00+00:00,14,2.2608,0.1425,1.0,251,1385189.3672,-104511.8909,0.8575,223,1187867.8434,7001.456935,136808.5698,60512.954,-76295.6158,251,1385189.3672,14
2021-02-08 00:00:00+00:00,18,1.8738,0.1211,1.0,241,1546305.7155,-102940.679,0.8789,209,1359066.513,14757.283236,122086.3511,65152.8514,-56933.4997,241,1546305.7155,14
2021-02-07 00:00:00+00:00,14,2.1659,0.2077,1.0,190,838736.3209,-99231.0204,0.7923,162,664563.832,5030.030467,119157.5156,55014.9733,-64142.5423,190,838736.3209,14
2021-02-06 00:00:00+00:00,12,4.1385,0.111,1.0,197,1288848.0683,-105960.6529,0.889,179,1145791.2168,7131.359363,115216.8649,27839.9866,-87376.8783,197,1288848.0683,6
2021-02-05 00:00:00+00:00,11,2.1814,0.1066,1.0,263,1849822.4977,-69320.4861,0.8934,238,1652611.2131,16737.877514,135222.4848,61988.7999,-73233.6849,263,1849822.4977,14
2021-02-04 00:00:00+00:00,14,3.3457,0.1879,1.0,280,2414318.8219,-99924.0197,0.8121,244,1960639.4985,17578.641661,349282.6424,104396.6811,-244885.9613,280,2414318.8219,22
2021-02-03 00:00:00+00:00,12,3.5711,0.1265,1.0,271,1808678.2809,-91825.3176,0.8735,251,1579838.7906,7421.779204,178777.2723,50062.218,-128715.0542,271,1808678.2809,8
2021-02-02 00:00:00+00:00,10,3.7183,0.0611,1.0,284,1856484.2002,-93927.4486,0.9389,266,1743145.1365,14581.626594,89318.0979,24020.9657,-65297.1323,284,1856484.2002,8
2021-02-01 00:00:00+00:00,6,1.5808,0.1235,1.0,209,1114515.6827,-118537.8427,0.8765,190,976913.8194,6232.71117,84283.8763,53317.987,-30965.8893,209,1114515.6827,13
2021-01-31 00:00:00+00:00,11,3.4418,0.1841,1.0,191,1099502.3747,-126329.2114,0.8159,162,897132.8503,8279.126778,156809.7472,45559.7772,-111249.97,191,1099502.3747,18
2021-01-30 00:00:00+00:00,9,0.4615,0.3198,1.0,181,1435225.0654,-126213.8138,0.6802,159,976242.0527,11251.010527,144939.3617,314043.651,169104.2893,181,1435225.0654,13
2021-01-29 00:00:00+00:00,22,5.836,0.2046,1.0,258,1985881.535,-156574.5358,0.7954,222,1579541.2889,7677.571281,346899.3333,59440.9128,-287458.4205,258,1985881.535,14
2021-01-28 00:00:00+00:00,18,8.4535,0.2066,1.0,205,1155329.682,-143038.5438,0.7934,176,916636.2287,7262.313581,213444.2496,25249.2037,-188195.0459,205,1155329.682,11
2021-01-27 00:00:00+00:00,24,4.143,0.1599,1.0,223,1467844.8328,-136954.8459,0.8401,192,1233144.1647,10094.806118,189065.3198,45635.3483,-143429.9715,223,1467844.8328,7
2021-01-26 00:00:00+00:00,19,4.0607,0.2614,1.0,211,1502804.9785,-203233.2564,0.7386,176,1109995.8405,10014.105128,315189.5144,77619.6236,-237569.8907,211,1502804.9785,16
2021-01-25 00:00:00+00:00,11,2.1312,0.1866,1.0,264,1268477.8197,-183803.9625,0.8134,234,1031793.1635,5124.846736,161095.0634,75589.5929,-85505.4705,264,1268477.8197,19
2021-01-24 00:00:00+00:00,18,4.7265,0.1686,1.0,217,1006650.3007,-174240.4995,0.8314,188,836934.1376,6439.514025,140079.1748,29636.9882,-110442.1866,217,1006650.3007,11
2021-01-23 00:00:00+00:00,10,1.5076,0.2377,1.0,175,902595.6543,-166641.9434,0.7623,157,688082.7557,8514.537649,128966.8315,85546.067,-43420.7645,175,902595.6543,8
2021-01-22 00:00:00+00:00,14,1.8359,0.3461,1.0,250,1889059.4814,-168092.3169,0.6539,220,1235274.0503,18361.349925,423245.954,230539.4771,-192706.4769,250,1889059.4814,16
2021-01-21 00:00:00+00:00,16,1.6935,0.3395,1.0,262,1666026.0271,-154079.8938,0.6605,229,1100492.985,16261.563123,355571.1014,209961.9408,-145609.1606,262,1666026.0271,17
2021-01-20 00:00:00+00:00,23,1.9723,0.5927,1.0,270,3132658.6679,52558.0886,0.4073,218,1275850.6213,31537.713134,1232093.4457,624714.6009,-607378.8447,270,3132658.6679,29
2021-01-19 00:00:00+00:00,26,2.4206,0.1285,1.0,343,1902943.4466,218627.1793,0.8715,302,1658392.6651,7107.108672,173057.8077,71492.9738,-101564.8338,343,1902943.4466,15
2021-01-18 00:00:00+00:00,5,1.3256,0.1409,1.0,185,941208.9701,206715.4535,0.8591,172,808621.781,6972.492547,75574.2092,57012.98,-18561.2292,185,941208.9701,8
2021-01-17 00:00:00+00:00,13,2.5618,0.1575,1.0,183,829101.6398,207048.1582,0.8425,154,698531.4056,5807.141875,93911.2642,36658.97,-57252.2942,183,829101.6398,16
2021-01-16 00:00:00+00:00,23,2.6113,0.1432,1.0,222,838460.2492,195241.4835,0.8568,183,718389.5921,4902.134105,86822.0181,33248.639,-53573.3791,222,838460.2492,16
2021-01-15 00:00:00+00:00,11,2.8463,0.1502,1.0,215,1312727.0373,192025.2209,0.8498,189,1115608.7408,9302.292541,145868.9058,51249.3906,-94619.5152,215,1312727.0373,15
2021-01-14 00:00:00+00:00,13,0.3815,0.6811,1.0,240,4266254.9068,106321.2367,0.3189,207,1360353.7602,104667.350966,802522.2152,2103378.9314,1300856.7163,240,4266254.9068,20
2021-01-13 00:00:00+00:00,11,0.1409,0.4209,1.0,206,1751335.596,-107158.4622,0.5791,181,1014118.444,42340.623686,91056.1808,646160.9713,555104.7905,206,1751335.596,14
2021-01-12 00:00:00+00:00,16,3.5697,0.268,1.0,270,1227090.1978,-197179.7599,0.732,240,898200.6187,6299.104082,256918.2467,71971.3323,-184946.9144,270,1227090.1978,14
2021-01-11 00:00:00+00:00,29,1.0604,0.2196,1.0,390,2522215.5024,-195474.6355,0.7804,337,1968324.7297,13874.527709,285061.5345,268829.2381,-16232.2964,390,2522215.5024,24
2021-01-10 00:00:00+00:00,15,3.356,0.2342,1.0,266,1104519.1877,-235302.7045,0.7658,234,845860.1679,7463.144524,199279.0184,59380.0014,-139899.017,266,1104519.1877,17
2021-01-09 00:00:00+00:00,13,2.8789,0.1298,1.0,230,1209702.0711,-260826.6205,0.8702,206,1052622.5956,7947.648821,116583.3465,40496.1291,-76087.2174,230,1209702.0711,11
2021-01-08 00:00:00+00:00,25,7.6364,0.3322,1.0,324,2720950.2309,-259343.3269,0.6678,266,1817088.6408,27218.60539,799204.4974,104657.0927,-694547.4047,324,2720950.2309,33
2021-01-07 00:00:00+00:00,27,2.0856,0.2094,1.0,305,2626208.1111,-169302.8066,0.7906,248,2076215.1364,10532.859163,371747.0752,178245.8995,-193501.1757,305,2626208.1111,30
2021-01-06 00:00:00+00:00,19,1.3046,0.2145,1.0,301,2647167.8551,-149073.2266,0.7855,242,2079382.5601,11417.691739,321414.7943,246370.5007,-75044.2936,301,2647167.8551,40
2021-01-05 00:00:00+00:00,25,2.0461,0.3007,1.0,323,1675418.4725,-138813.93,0.6993,261,1171643.8805,5412.13508,338392.8177,165381.7743,-173011.0434,323,1675418.4725,37
2021-01-04 00:00:00+00:00,36,1.7527,0.3585,1.0,476,3009969.4448,-126539.6785,0.6415,380,1931017.3737,8971.215177,686990.4252,391961.6459,-295028.7794,476,3009969.4448,60
2021-01-03 00:00:00+00:00,32,3.3272,0.2801,1.0,379,2114779.2919,-99517.2744,0.7199,315,1522431.4083,7786.782521,455457.1566,136890.7271,-318566.4295,379,2114779.2919,32
2021-01-02 00:00:00+00:00,10,3.0174,0.1746,1.0,210,749349.368,-69769.9234,0.8254,189,618508.217,3848.030406,98272.6567,32568.4943,-65704.1623,210,749349.368,11
2021-01-01 00:00:00+00:00,5,4.1605,0.097,1.0,178,1081198.608,-69019.871,0.903,168,976268.3706,13308.083982,84597.0,20333.2374,-64263.7626,178,1081198.608,5
2020-12-31 00:00:00+00:00,9,1.9012,0.1594,1.0,159,1047767.5061,-65729.8565,0.8406,138,880703.4605,6220.538421,109479.0806,57584.965,-51894.1156,159,1047767.5061,12
2020-12-30 00:00:00+00:00,8,1.0255,0.1667,1.0,189,1539348.9119,-68686.0188,0.8333,170,1282771.771,12604.818355,129903.179,126673.9619,-3229.2171,189,1539348.9119,11
2020-12-29 00:00:00+00:00,12,2.4923,0.0931,1.0,229,2189964.2524,-73430.1284,0.9069,206,1986151.8075,15369.535082,145451.8638,58360.581,-87091.2828,229,2189964.2524,11
2020-12-28 00:00:00+00:00,14,2.5553,0.2033,1.0,291,1190613.1084,-68355.8336,0.7967,256,948595.1872,4573.69173,173944.9362,68072.985,-105871.9512,291,1190613.1084,21
2020-12-27 00:00:00+00:00,14,3.1358,0.2113,1.0,248,1011287.6498,-54809.0264,0.7887,219,797633.8062,4760.744614,161994.4078,51659.4358,-110334.972,248,1011287.6498,15
2020-12-26 00:00:00+00:00,10,2.8381,0.2307,1.0,168,547072.8468,-46792.1871,0.7693,146,420838.8831,3892.591112,93343.8797,32890.084,-60453.7956,168,547072.8468,12
2020-12-25 00:00:00+00:00,4,3.3499,0.1637,1.0,148,466362.4359,-63812.6695,0.8363,137,390034.1087,3710.40027,58780.9942,17547.3331,-41233.6611,148,466362.4359,7
2020-12-24 00:00:00+00:00,9,2.7608,0.1448,1.0,204,1070837.3143,-71646.0676,0.8552,185,915800.0824,9177.741989,113812.2419,41224.99,-72587.2519,204,1070837.3143,10
2020-12-23 00:00:00+00:00,8,1.602,0.1765,1.0,240,892311.7099,-108555.9093,0.8235,212,734810.4993,4879.143799,96969.5972,60531.6133,-36437.9839,240,892311.7099,20
2020-12-22 00:00:00+00:00,16,1.3881,0.2658,1.0,217,1193869.2189,-112403.2289,0.7342,180,876518.3277,8444.581643,184461.0555,132889.8358,-51571.2197,217,1193869.2189,21
2020-12-21 00:00:00+00:00,8,1.1503,0.1296,1.0,272,1219218.8844,-108926.048,0.8704,250,1061234.2133,4631.706521,84514.4857,73470.1853,-11044.3005,272,1219218.8844,14
2020-12-20 00:00:00+00:00,8,3.2367,0.1951,1.0,151,526301.3105,-103957.8744,0.8049,132,423604.4409,5108.552833,78456.9834,24239.8863,-54217.0971,151,526301.3105,11
2020-12-19 00:00:00+00:00,10,1.8459,0.4414,1.0,205,1368722.9452,-100242.4944,0.5586,186,764509.7241,28233.170546,391905.1967,212308.0244,-179597.1724,205,1368722.9452,9
2020-12-18 00:00:00+00:00,9,2.9682,0.1658,1.0,211,1168466.2672,-85884.1791,0.8342,188,974780.8394,6537.670341,144876.4379,48808.99,-96067.4479,211,1168466.2672,14
2020-12-17 00:00:00+00:00,21,6.3133,0.2407,1.0,300,1892751.6381,-70950.8608,0.7593,265,1437219.9231,10057.178608,393243.9293,62287.7856,-330956.1437,300,1892751.6381,14
2020-12-16 00:00:00+00:00,11,2.4239,0.1266,1.0,236,1203211.7031,-21599.6112,0.8734,213,1050835.7773,8630.713262,107872.5734,44503.3524,-63369.2209,236,1203211.7031,12
2020-12-15 00:00:00+00:00,6,1.5598,0.114,1.0,165,1091933.2477,-25253.8272,0.886,151,967418.3542,11237.105307,75872.9235,48641.97,-27230.9535,165,1091933.2477,8
2020-12-14 00:00:00+00:00,4,0.7366,0.2024,1.0,160,772992.869,-30883.1396,0.7976,151,616513.8033,6526.314974,66373.0757,90105.99,23732.9143,160,772992.869,5
2020-12-13 00:00:00+00:00,8,1.9115,0.2029,1.0,140,443995.881,-25315.8882,0.7971,122,353888.4944,3151.190048,59158.4116,30948.975,-28209.4366,140,443995.881,10
2020-12-12 00:00:00+00:00,9,7.1238,0.1736,1.0,148,604507.3622,-22766.7636,0.8264,134,499588.3468,6688.374827,92003.9904,12915.025,-79088.9654,148,604507.3622,5
2020-12-11 00:00:00+00:00,8,0.9294,0.2034,1.0,179,1137015.0084,-19738.9273,0.7966,157,905752.8386,9753.048195,111398.1949,119863.975,8465.7801,179,1137015.0084,14
2020-12-10 00:00:00+00:00,4,0.8167,0.0965,1.0,202,1489632.7792,-31160.4262,0.9035,186,1345929.4328,10686.106988,64600.3714,79102.975,14502.6036,202,1489632.7792,12
2020-12-09 00:00:00+00:00,10,2.3026,0.1528,1.0,227,1475889.7942,-41119.2794,0.8472,209,1250374.9361,12396.45194,157231.7954,68283.0627,-88948.7326,227,1475889.7942,8
2020-12-08 00:00:00+00:00,15,3.3081,0.122,1.0,204,1019508.3161,-38135.9551,0.878,179,895130.2302,11097.81723,95507.1133,28870.9726,-66636.1407,204,1019508.3161,10
2020-12-07 00:00:00+00:00,9,0.5851,0.1789,1.0,212,1339108.2661,-26355.3556,0.8211,196,1099519.1394,12725.660735,88442.7261,151146.4006,62703.6744,212,1339108.2661,7
2020-12-06 00:00:00+00:00,8,1.2802,0.1703,0.9597,167,475382.4956,-42778.8653,0.8297,164,410973.5684,2989.099129,47363.2213,36997.6565,-10365.5648,187,495334.4463,15
2020-12-05 00:00:00+00:00,8,2.2602,0.2447,1.0,157,611979.4361,-47256.1647,0.7553,129,462201.4748,4653.998055,103836.0363,45941.925,-57894.1113,157,611979.4361,20
2020-12-04 00:00:00+00:00,11,2.152,0.2065,1.0,207,947243.4545,-47823.6949,0.7935,178,751648.1826,5800.177879,133539.992,62055.28,-71484.712,207,947243.4545,18
2020-12-03 00:00:00+00:00,9,2.0056,0.1744,1.0,194,946430.1449,-44870.9295,0.8256,168,781416.6564,5997.450201,110111.4288,54902.0597,-55209.369,194,946430.1449,17
2020-12-02 00:00:00+00:00,8,2.8786,0.158,1.0,210,889235.0846,-49517.7981,0.842,187,748705.834,5383.233769,104297.3564,36231.8942,-68065.4621,210,889235.0846,15
2020-12-01 00:00:00+00:00,12,0.9138,0.2085,1.0,303,1686323.1691,-49586.2741,0.7915,278,1334727.1394,7705.519295,167883.9871,183712.0426,15828.0555,303,1686323.1691,13
2020-11-30 00:00:00+00:00,10,1.9446,0.1472,1.0,243,1106991.1697,-77710.9048,0.8528,215,944079.8364,4372.822974,107586.1133,55325.22,-52260.8933,243,1106991.1697,18
2020-11-29 00:00:00+00:00,8,2.2618,0.1519,1.0,139,709734.5642,-89485.4142,0.8481,119,601921.2586,13681.157788,74759.9832,33053.3224,-41706.6608,139,709734.5642,12
2020-11-28 00:00:00+00:00,11,2.89,0.2484,1.0,154,512645.1559,-128245.4088,0.7516,132,385312.1239,4822.985516,94599.9274,32733.1046,-61866.8228,154,512645.1559,11
2020-11-27 00:00:00+00:00,8,2.5157,0.0891,1.0,200,1322487.4525,-130886.0505,0.9109,182,1204620.7723,12244.322833,84341.0172,33525.663,-50815.3542,200,1322487.4525,10
2020-11-26 00:00:00+00:00,11,2.3146,0.121,1.0,329,1827614.7073,-116743.2008,0.879,302,1606399.6998,12663.290068,154476.2282,66738.7793,-87737.449,329,1827614.7073,16
2020-11-25 00:00:00+00:00,15,2.2235,0.1764,1.0,226,1023883.37,-105944.3738,0.8236,198,843288.9084,5418.58718,124569.6278,56024.8338,-68544.7941,226,1023883.37,13
2020-11-24 00:00:00+00:00,14,2.7304,0.1711,1.0,346,2281207.6625,-121046.4962,0.8289,310,1890911.8191,11643.675262,285670.1016,104625.7418,-181044.3597,346,2281207.6625,22
2020-11-23 00:00:00+00:00,14,2.8846,0.1815,1.0,341,1529148.808,-102589.3327,0.8185,305,1251534.6422,5112.192181,206148.3122,71465.8536,-134682.4586,341,1529148.808,22
2020-11-22 00:00:00+00:00,14,8.148,0.3555,1.0,275,1126983.0447,-86077.6157,0.6445,242,726372.3919,10703.065914,356818.6379,43792.0148,-313026.6231,275,1126983.0447,19
2020-11-21 00:00:00+00:00,9,3.7409,0.0637,1.0,258,2182826.2247,-40847.9608,0.9363,238,2043843.5534,16814.943472,109666.9931,29315.6782,-80351.3149,258,2182826.2247,11
2020-11-20 00:00:00+00:00,12,0.7138,0.2269,1.0,258,1271703.9578,-39432.948,0.7731,226,983213.6674,6075.012479,120152.8484,168337.442,48184.5936,258,1271703.9578,20
2020-11-19 00:00:00+00:00,10,1.0851,0.2406,1.0,214,1237281.591,-44856.1953,0.7594,191,939538.5996,7040.949855,154944.3255,142798.6658,-12145.6597,214,1237281.591,13
2020-11-18 00:00:00+00:00,17,2.5171,0.2219,1.0,268,1820881.1964,7803.6054,0.7781,230,1416888.2666,12634.590379,289126.2904,114866.6394,-174259.651,268,1820881.1964,21
2020-11-17 00:00:00+00:00,8,2.0655,0.0775,1.0,248,1924621.5762,22820.2102,0.9225,229,1775467.2411,18596.855785,100499.275,48655.06,-51844.215,248,1924621.5762,11
2020-11-16 00:00:00+00:00,6,1.2729,0.1795,1.0,197,886419.1918,21843.3346,0.8205,174,727341.6736,4349.600917,89088.979,69988.5392,-19100.4399,197,886419.1918,17
2020-11-15 00:00:00+00:00,6,0.952,0.3021,0.9302,138,448450.8743,19947.6009,0.6979,158,336468.1205,4358.443747,71030.0138,74610.975,3580.9612,174,482109.1094,10
2020-11-14 00:00:00+00:00,5,6.812,0.1735,1.0,154,545648.3865,10345.7228,0.8265,144,450960.6129,4300.766814,82566.9994,12120.7742,-70446.2253,154,545648.3865,5
2020-11-13 00:00:00+00:00,9,0.9143,0.1641,1.0,198,1390351.5538,-21637.7421,0.8359,177,1162151.4681,10657.935882,108989.1116,119210.9741,10221.8626,198,1390351.5538,12
2020-11-12 00:00:00+00:00,6,0.2184,0.3146,1.0,204,1766109.4304,-54563.9868,0.6854,190,1210440.4854,28953.750928,99598.0,456070.945,356472.945,204,1766109.4304,8
2020-11-11 00:00:00+00:00,7,5.3876,0.0847,1.0,201,1187823.81,-117601.223,0.9153,188,1087162.423,18735.364568,84902.4021,15758.985,-69143.4171,201,1187823.81,6
2020-11-10 00:00:00+00:00,8,2.8732,0.1369,1.0,189,886116.1946,-88795.3401,0.8631,172,764779.1515,4680.059086,90009.6937,31327.3494,-58682.3443,189,886116.1946,9
2020-11-09 00:00:00+00:00,7,1.4524,0.1812,1.0,192,968366.7786,-91416.8253,0.8188,168,792883.3561,6463.637218,103926.999,71556.4235,-32370.5756,192,968366.7786,17
2020-11-08 00:00:00+00:00,10,3.1875,0.2824,1.0,139,431274.6482,-94204.2103,0.7176,118,309463.9142,3773.628612,92721.4599,29089.2741,-63632.1858,139,431274.6482,11
2020-11-07 00:00:00+00:00,20,6.4438,0.3115,1.0,234,1291908.51,-86830.28,0.6885,196,889444.4809,12387.315668,348397.2542,54066.7749,-294330.4793,234,1291908.51,18
2020-11-06 00:00:00+00:00,10,3.9149,0.2462,1.0,246,1508257.632,-47746.6404,0.7538,219,1136869.5653,12050.288921,295824.9587,75563.108,-220261.8507,246,1508257.632,17
2020-11-05 00:00:00+00:00,10,2.6682,0.1247,1.0,224,1495028.6342,-31675.0093,0.8753,203,1308590.5117,10864.55962,135612.9153,50825.2072,-84787.7082,224,1495028.6342,11
2020-11-04 00:00:00+00:00,8,0.4599,0.274,1.0,170,1307311.9021,-23481.3124,0.726,147,949154.4048,20794.487741,112829.867,245327.6303,132497.7632,170,1307311.9021,15
2020-11-03 00:00:00+00:00,9,4.4881,0.1167,1.0,185,1038911.0526,-50822.696,0.8833,171,917709.814,9268.528947,99116.9898,22084.2488,-77032.741,185,1038911.0526,5
2020-11-02 00:00:00+00:00,8,2.6209,0.1009,1.0,181,1148794.5547,-43154.0014,0.8991,166,1032894.5347,6778.414731,83891.145,32008.875,-51882.27,181,1148794.5547,7
2020-11-01 00:00:00+00:00,3,1.5453,0.115,1.0,128,487821.1811,-47648.1044,0.885,119,431739.8567,4981.315673,34047.9993,22033.3251,-12014.6742,128,487821.1811,6
2020-10-31 00:00:00+00:00,3,2.3904,0.0649,1.0,149,780002.2389,-49972.8116,0.9351,143,729417.2567,16371.470004,35664.9919,14919.9902,-20745.0017,149,780002.2389,3
2020-10-30 00:00:00+00:00,10,5.4937,0.117,1.0,232,1331330.8003,-48534.2416,0.883,213,1175609.4118,13304.090583,131740.9108,23980.4777,-107760.4331,232,1331330.8003,9
2020-10-29 00:00:00+00:00,4,2.5254,0.1001,1.0,181,633531.7757,-43785.1879,0.8999,171,570132.4793,2990.790509,45415.5632,17983.7332,-27431.8299,181,633531.7757,6
2020-10-28 00:00:00+00:00,6,3.3418,0.0701,1.0,206,1557384.6353,-68713.552,0.9299,192,1448196.5599,14851.548975,84039.9986,25148.0767,-58891.9219,206,1557384.6353,8
2020-10-27 00:00:00+00:00,5,1.4438,0.1319,1.0,166,974722.7474,-72814.9309,0.8681,150,846127.7684,5872.353268,75973.429,52621.55,-23351.879,166,974722.7474,11
2020-10-26 00:00:00+00:00,11,4.2194,0.1008,1.0,182,1339885.8744,-75095.9713,0.8992,165,1204770.9033,8740.053332,109227.981,25886.9901,-83340.9909,182,1339885.8744,6
2020-10-25 00:00:00+00:00,3,3.4754,0.1159,1.0,122,441125.3882,-67925.9797,0.8841,113,389983.0142,6478.284526,39714.9992,11427.3748,-28287.6244,122,441125.3882,6
2020-10-24 00:00:00+00:00,3,1.2705,0.1194,1.0,131,750768.3634,-68809.3898,0.8806,122,661161.3753,10813.702934,50141.0,39465.9881,-10675.0119,131,750768.3634,6
2020-10-23 00:00:00+00:00,14,2.9988,0.1232,1.0,183,1209867.9359,-68800.0665,0.8768,163,1060787.5293,10585.427301,111798.7319,37281.6747,-74517.0572,183,1209867.9359,6
2020-10-22 00:00:00+00:00,9,4.8726,0.1919,1.0,253,1596009.9173,-66350.0599,0.8081,233,1289791.7854,15587.114081,254074.2552,52143.8767,-201930.3786,253,1596009.9173,11
2020-10-21 00:00:00+00:00,12,3.5086,0.0998,1.0,216,1577782.1195,-37567.8241,0.9002,192,1420340.5841,16202.241589,122521.5549,34919.9805,-87601.5744,216,1577782.1195,12
2020-10-20 00:00:00+00:00,10,2.1298,0.1447,1.0,199,752516.4256,-31370.7428,0.8553,176,643594.694,4048.478315,74120.4465,34801.285,-39319.1616,199,752516.4256,13
2020-10-19 00:00:00+00:00,7,2.1011,0.1265,1.0,183,738101.2586,-28304.2664,0.8735,167,644733.3313,5427.324226,63259.4887,30108.4386,-33151.0501,183,738101.2586,9
2020-10-18 00:00:00+00:00,4,16.9038,0.1011,1.0,129,383860.9306,-30130.0026,0.8989,123,345054.4367,4064.940029,36638.9945,2167.4994,-34471.495,129,383860.9306,2
2020-10-17 00:00:00+00:00,3,1.4283,0.1255,0.9875,144,473164.9724,-30365.5735,0.8745,135,418989.7905,5631.79346,35382.9992,24773.2508,-10609.7484,150,479146.0406,12
2020-10-16 00:00:00+00:00,8,2.1237,0.1431,1.0,204,1114462.4658,-31391.0165,0.8569,185,954989.4773,14010.068046,108420.0,51052.9885,-57367.0115,204,1114462.4658,11
2020-10-15 00:00:00+00:00,3,1.0132,0.0771,1.0,205,899451.325,-27759.1525,0.9229,189,830072.415,5642.970614,34916.819,34462.091,-454.728,205,899451.325,13
2020-10-14 00:00:00+00:00,5,2.7863,0.0545,1.0,232,1719500.4389,-35622.6063,0.9455,223,1625766.4512,19546.540506,68977.9965,24755.9912,-44222.0053,232,1719500.4389,4
2020-10-13 00:00:00+00:00,7,1.4116,0.1273,1.0,195,821479.5609,-46313.4953,0.8727,173,716876.1985,4868.398647,61228.5945,43374.7679,-17853.8266,195,821479.5609,15
2020-10-12 00:00:00+00:00,11,1.8889,0.1512,1.0,215,986992.7632,-48681.3905,0.8488,192,837714.1691,5380.863468,97604.8987,51673.6954,-45931.2034,215,986992.7632,12
2020-10-11 00:00:00+00:00,5,9.8107,0.0567,1.0,158,781739.4526,-51466.95,0.9433,150,737419.7488,12228.554098,40220.0975,4099.6063,-36120.4911,158,781739.4526,3
2020-10-10 00:00:00+00:00,4,1.9877,0.0622,1.0,187,865230.5401,-49494.356,0.9378,177,811425.7176,11147.834391,35796.3362,18008.4863,-17787.8499,187,865230.5401,6
2020-10-09 00:00:00+00:00,9,1.5272,0.1101,1.0,217,1390784.7435,-51851.1582,0.8899,191,1237665.9176,15882.040594,92531.3945,60587.4315,-31943.963,217,1390784.7435,17
2020-10-08 00:00:00+00:00,7,3.6025,0.0798,1.0,220,1230006.9535,-53289.994,0.9202,206,1131857.8428,12300.239941,76824.0079,21325.1027,-55498.9052,220,1230006.9535,7
2020-10-07 00:00:00+00:00,10,3.1088,0.1561,1.0,226,1485967.0917,-66557.7364,0.8439,201,1253991.1186,15716.03594,175517.1005,56458.8726,-119058.2279,226,1485967.0917,15
2020-10-06 00:00:00+00:00,8,2.06,0.1313,1.0,231,757076.7372,-55966.7293,0.8687,208,657685.9188,3331.691733,66909.9557,32480.8627,-34429.0929,231,757076.7372,15
2020-10-05 00:00:00+00:00,7,11.1983,0.0776,1.0,217,1008714.897,-102783.0616,0.9224,207,930453.2561,5475.621758,71845.8803,6415.7606,-65430.1197,217,1008714.897,3
2020-10-04 00:00:00+00:00,2,3.1775,0.0889,0.973,189,468758.8297,-103187.7159,0.9111,194,438948.5357,2597.304871,32559.0,10246.6666,-22312.3334,202,481754.2023,6
2020-10-03 00:00:00+00:00,4,28.0064,0.067,1.0,175,549515.0508,-107440.7614,0.933,170,512690.5276,3334.067923,35554.9943,1269.5289,-34285.4654,175,549515.0508,1
2020-10-02 00:00:00+00:00,6,1.6863,0.1394,1.0,234,1179730.3561,-108123.6411,0.8606,215,1015274.1693,5887.328929,103236.0,61220.1867,-42015.8133,234,1179730.3561,13
2020-10-01 00:00:00+00:00,9,2.9089,0.1809,1.0,229,1679802.4362,-109562.5154,0.8191,210,1375974.1149,15894.361928,226100.7119,77727.6094,-148373.1025,229,1679802.4362,10
2020-09-30 00:00:00+00:00,4,7.9088,0.0308,1.0,214,1882673.2568,-104726.9158,0.9692,208,1824748.0132,22300.109666,51423.2108,6502.0328,-44921.178,214,1882673.2568,2
2020-09-29 00:00:00+00:00,9,3.6487,0.403,1.0,249,1577209.1093,-45870.5931,0.597,226,941615.8637,27271.179832,498868.3321,136724.9135,-362143.4186,249,1577209.1093,14
2020-09-28 00:00:00+00:00,9,3.6052,0.1001,1.0,232,1205946.5629,-2827.6386,0.8999,217,1085278.6885,6234.186216,94465.2872,26202.5871,-68262.7001,232,1205946.5629,6
2020-09-27 00:00:00+00:00,7,2.8087,0.1156,1.0,210,948649.9372,2726.1531,0.8844,191,838974.9101,7936.202282,80879.3396,28795.6875,-52083.6521,210,948649.9372,12
2020-09-26 00:00:00+00:00,4,2.3819,0.1244,1.0,206,768813.2103,3271.2228,0.8756,194,673208.8334,4280.665891,67335.0,28269.3769,-39065.6231,206,768813.2103,8
2020-09-25 00:00:00+00:00,9,1.9254,0.1678,1.0,219,981442.2836,5704.136,0.8322,203,816776.5364,4499.189649,108376.8403,56288.9069,-52087.9334,219,981442.2836,7
2020-09-24 00:00:00+00:00,17,5.7656,0.1142,1.0,234,1424117.9886,5497.6619,0.8858,208,1261531.3724,14349.536081,138555.2608,24031.3554,-114523.9054,234,1424117.9886,9
2020-09-23 00:00:00+00:00,19,0.3085,0.3576,1.0,257,1942052.1625,11650.7032,0.6424,220,1247529.7827,20954.269611,163724.6493,530797.7305,367073.0811,257,1942052.1625,18
2020-09-22 00:00:00+00:00,11,1.4462,0.2184,1.0,254,1527316.6288,-52255.684,0.7816,226,1193782.8183,7216.311415,197188.274,136345.5365,-60842.7376,254,1527316.6288,17
2020-09-21 00:00:00+00:00,16,1.2299,0.1438,1.0,274,1981695.8448,-55102.1453,0.8562,250,1696703.637,8311.273192,157189.1828,127803.025,-29386.1578,274,1981695.8448,8
2020-09-20 00:00:00+00:00,13,1.5228,0.182,1.0,237,1279404.2243,-66424.6924,0.818,207,1046500.0178,6345.38124,140586.1853,92318.0213,-48268.164,237,1279404.2243,17
2020-09-19 00:00:00+00:00,12,1.1939,0.1954,1.0,245,1275675.8584,-70783.5706,0.8046,220,1026354.0544,6057.744546,135678.5174,113643.2866,-22035.2309,245,1275675.8584,13
2020-09-18 00:00:00+00:00,15,1.3666,0.1129,1.0,350,3061697.9811,-26125.2104,0.8871,322,2716111.1145,16579.812151,199560.0595,146026.807,-53533.2525,350,3061697.9811,13
2020-09-17 00:00:00+00:00,17,1.4755,0.1668,1.0,322,2229727.8731,-31076.4498,0.8332,294,1857761.337,7572.913681,221709.5762,150256.9599,-71452.6162,322,2229727.8731,11
2020-09-16 00:00:00+00:00,15,1.9692,0.1217,1.0,266,2021427.0493,-39139.6484,0.8783,235,1775510.357,20233.94499,163094.1607,82822.5316,-80271.6292,266,2021427.0493,16
2020-09-15 00:00:00+00:00,8,3.8235,0.0949,1.0,277,1453936.6244,-37782.8593,0.9051,262,1315957.1728,4240.471146,109373.7091,28605.7425,-80767.9666,277,1453936.6244,7
2020-09-14 00:00:00+00:00,14,3.1241,0.0983,1.0,327,2145027.5081,-39168.5421,0.9017,303,1934086.2518,7064.740992,159792.622,51148.6343,-108643.9877,327,2145027.5081,10
2020-09-13 00:00:00+00:00,8,5.7799,0.0822,1.0,308,1359222.6999,-42544.3198,0.9178,295,1247479.0109,6000.684447,95262.0,16481.6891,-78780.3109,308,1359222.6999,5
2020-09-12 00:00:00+00:00,11,0.3177,0.283,1.0,286,1982870.3293,-48218.0482,0.717,266,1421744.1984,17561.997409,135276.4203,425849.7106,290573.2903,286,1982870.3293,9
2020-09-11 00:00:00+00:00,10,4.1281,0.0815,1.0,301,1773871.1412,-114477.6831,0.9185,285,1629292.773,13223.277859,116385.1482,28193.22,-88191.9282,301,1773871.1412,6
2020-09-10 00:00:00+00:00,13,2.9153,0.1357,1.0,315,1927342.6161,-121471.0389,0.8643,283,1665897.6226,7080.862081,194670.0,66774.9935,-127895.0065,315,1927342.6161,19
2020-09-09 00:00:00+00:00,13,2.4822,0.0949,1.0,282,1751612.1711,-111993.6158,0.9051,262,1585336.3254,13844.160777,118524.9756,47750.8702,-70774.1054,282,1751612.1711,7
2020-09-08 00:00:00+00:00,16,2.2044,0.1618,1.0,298,1487537.2117,-67684.5062,0.8382,262,1246845.8444,5991.312774,165579.5567,75111.8106,-90467.7461,298,1487537.2117,20
2020-09-07 00:00:00+00:00,18,3.6926,0.1541,1.0,306,1496287.1683,-84738.5096,0.8459,272,1265760.7708,4958.786307,181400.4147,49125.9829,-132274.4318,306,1496287.1683,16
2020-09-06 00:00:00+00:00,11,6.0498,0.0839,1.0,295,1972514.1791,-98927.0212,0.9161,277,1807086.8375,14472.422481,141961.8758,23465.4658,-118496.41,295,1972514.1791,7
2020-09-05 00:00:00+00:00,17,4.3204,0.1285,1.0,372,2160328.8064,-91410.1061,0.8715,340,1882734.7124,5539.382627,225419.124,52174.97,-173244.154,372,2160328.8064,15
2020-09-04 00:00:00+00:00,16,2.5431,0.1289,1.0,422,2443015.7326,-78233.1825,0.8711,390,2128117.1764,10784.244661,226021.9875,88876.5686,-137145.4189,422,2443015.7326,16
2020-09-03 00:00:00+00:00,26,1.3202,0.1867,1.0,471,2388348.5583,-68452.855,0.8133,424,1942334.8629,7391.88432,253783.3699,192230.3254,-61553.0446,471,2388348.5583,21
2020-09-02 00:00:00+00:00,19,0.4883,0.2781,1.0,484,2503979.6643,-77975.9374,0.7219,443,1807730.1418,18858.930922,228429.9301,467819.5923,239389.6622,484,2503979.6643,22
2020-09-01 00:00:00+00:00,23,2.9899,0.1723,1.0,526,2442639.6217,-126964.8287,0.8277,479,2021884.2673,9887.802065,315300.5621,105454.7923,-209845.7698,526,2442639.6217,24
2020-08-31 00:00:00+00:00,20,6.2829,0.1442,1.0,419,2214035.2563,-98864.5503,0.8558,386,1894764.8059,9816.860396,275432.2319,43838.2185,-231594.0134,419,2214035.2563,13
2020-08-30 00:00:00+00:00,10,2.5157,0.1406,1.0,338,1086509.6656,-73843.3975,0.8594,313,933702.3184,3737.1614,109342.6755,43464.6716,-65878.0039,338,1086509.6656,15
2020-08-29 00:00:00+00:00,8,5.8323,0.1248,1.0,256,917845.5961,-70501.4347,0.8752,240,803313.3012,4034.563091,97768.9921,16763.3028,-81005.6893,256,917845.5961,8
2020-08-28 00:00:00+00:00,11,2.1651,0.1448,1.0,277,1288712.6478,-69585.9623,0.8552,254,1102124.2648,5948.540868,127635.7546,58952.6285,-68683.1261,277,1288712.6478,12
2020-08-27 00:00:00+00:00,11,3.3313,0.29,0.9457,212,776892.6449,-85014.5727,0.71,220,583276.6689,6428.524124,183210.6552,54996.0336,-128214.6216,259,821483.3577,28
2020-08-26 00:00:00+00:00,12,3.5193,0.1515,1.0,257,1226220.9294,-83733.4833,0.8485,230,1040497.9715,12306.171881,144627.7674,41095.1905,-103532.5769,257,1226220.9294,15
2020-08-25 00:00:00+00:00,13,1.144,0.1811,1.0,259,1080751.5623,-78631.1941,0.8189,223,885021.4428,6056.666628,104436.9701,91293.1494,-13143.8206,259,1080751.5623,23
2020-08-24 00:00:00+00:00,13,1.9583,0.1476,1.0,248,1180450.8206,-87017.5543,0.8524,225,1006198.9266,7513.954122,115348.9189,58902.9751,-56445.9438,248,1180450.8206,10
2020-08-23 00:00:00+00:00,10,4.63,0.1541,0.8559,118,365917.5934,-87578.7745,0.8459,170,361652.9626,2912.810402,54187.8271,11703.5626,-42484.2645,189,427544.3523,9
2020-08-22 00:00:00+00:00,12,2.4569,0.2371,0.9733,232,726474.2672,-91548.1354,0.7629,228,569438.7423,4293.493336,125799.6594,51202.2769,-74597.3825,252,746440.6785,12
2020-08-21 00:00:00+00:00,22,3.8154,0.2428,1.0,290,1244675.6398,-82134.5243,0.7572,252,942480.7816,6605.857799,239439.1285,62755.7297,-176683.3987,290,1244675.6398,16
2020-08-20 00:00:00+00:00,16,5.3694,0.1428,1.0,264,1217320.1087,-70267.8476,0.8572,235,1043490.0839,12159.850233,146538.5104,27291.5145,-119246.9959,264,1217320.1087,13
2020-08-19 00:00:00+00:00,11,2.3597,0.154,1.0,278,1088447.3895,-66866.4078,0.846,249,920875.9915,5378.050186,117693.9752,49877.4227,-67816.5525,278,1088447.3895,18
2020-08-18 00:00:00+00:00,9,3.2019,0.1261,1.0,285,1086938.926,-94385.052,0.8739,265,949831.3041,4189.134596,104477.9819,32629.64,-71848.3419,285,1086938.926,11
2020-08-17 00:00:00+00:00,11,1.9382,0.1608,1.0,268,1175759.2792,-86926.8262,0.8392,234,986678.4812,11587.491661,124727.6416,64353.1564,-60374.4852,268,1175759.2792,23
2020-08-16 00:00:00+00:00,12,4.6455,0.1412,0.9259,191,713683.2505,-92901.4448,0.8588,228,661936.0708,6211.330785,89545.8177,19276.0263,-70269.7914,252,770757.9148,12
2020-08-15 00:00:00+00:00,13,1.0863,0.227,0.966,208,895536.7168,-86002.6816,0.773,206,716587.2008,11543.263118,109580.5641,100878.4599,-8702.1042,240,927046.2248,21
2020-08-14 00:00:00+00:00,25,2.3163,0.1169,1.0,351,2017411.3925,-91940.8483,0.8831,313,1781553.8824,7229.927775,164737.0861,71120.424,-93616.6622,351,2017411.3925,13
2020-08-13 00:00:00+00:00,20,2.5938,0.1387,1.0,343,1551022.3883,-94893.129,0.8613,308,1335825.1649,5535.487205,155317.0704,59880.153,-95436.9175,343,1551022.3883,15
2020-08-12 00:00:00+00:00,16,2.3148,0.3322,1.0,303,1976330.182,-92841.1082,0.6678,263,1319697.1745,18659.447474,458540.0347,198092.9728,-260447.0619,303,1976330.182,24
2020-08-11 00:00:00+00:00,12,1.1822,0.2003,1.0,284,1174261.3101,-70242.4923,0.7997,247,939023.3718,5488.192305,127439.3498,107798.5885,-19640.7613,284,1174261.3101,25
2020-08-10 00:00:00+00:00,12,2.3518,0.1711,1.0,274,1481010.3591,-73458.077,0.8289,245,1227609.4012,13532.714799,177798.8864,75602.0715,-102196.8149,274,1481010.3591,17
2020-08-09 00:00:00+00:00,10,1.4377,0.2058,1.0,200,594921.3819,-67378.3502,0.7942,174,472515.213,2974.374776,72192.309,50213.86,-21978.449,200,594921.3819,16
2020-08-08 00:00:00+00:00,9,2.5004,0.2555,0.9043,144,415075.8625,-96325.3909,0.7445,170,341732.872,3332.905664,83773.8289,33504.5577,-50269.2711,192,459011.2586,13
2020-08-07 00:00:00+00:00,17,3.0128,0.2102,1.0,235,1083838.8884,-110964.5742,0.7898,201,855997.5752,5231.503836,171061.9702,56779.343,-114282.6272,235,1083838.8884,17
2020-08-06 00:00:00+00:00,12,3.4761,0.1812,1.0,231,808595.5258,-107071.2028,0.8188,208,662038.4799,5685.824282,113814.9089,32742.137,-81072.7719,231,808595.5258,11
2020-08-05 00:00:00+00:00,14,4.8589,0.1851,1.0,202,838794.0595,-111005.9905,0.8149,181,683539.0475,3849.820775,128755.8814,26499.1306,-102256.7508,202,838794.0595,7
2020-08-04 00:00:00+00:00,9,1.7511,0.1175,1.0,220,1314288.4201,-102671.7884,0.8825,200,1159907.6955,7708.442197,98265.2893,56115.4354,-42149.8539,220,1314288.4201,11
2020-08-03 00:00:00+00:00,14,2.2863,0.11,1.0,263,1384675.2841,-106592.3432,0.89,239,1232310.9821,5911.374291,106001.5147,46362.7873,-59638.7274,263,1384675.2841,10
2020-08-02 00:00:00+00:00,16,4.2064,0.3052,1.0,259,1194913.5788,-146855.8676,0.6948,217,830208.1274,6278.56791,294656.5926,70048.8588,-224607.7338,259,1194913.5788,26
2020-08-01 00:00:00+00:00,13,4.8605,0.199,1.0,227,1165102.8677,-129896.4667,0.801,202,933227.0514,9880.389311,192309.6855,39566.1308,-152743.5547,227,1165102.8677,12
2020-07-31 00:00:00+00:00,13,2.7653,0.1404,1.0,254,1322231.6206,-112101.5564,0.8596,226,1136602.5418,7598.335019,136329.0531,49300.0257,-87029.0274,254,1322231.6206,15
2020-07-30 00:00:00+00:00,14,3.6853,0.1395,1.0,234,1358088.3077,-111170.1064,0.8605,209,1168574.3718,9742.968911,149065.1107,40448.8252,-108616.2855,234,1358088.3077,11
2020-07-29 00:00:00+00:00,17,1.3035,0.2546,1.0,214,1309486.8981,-138597.9011,0.7454,183,976144.0834,10242.763228,188630.0754,144712.7393,-43917.3361,214,1309486.8981,14
2020-07-28 00:00:00+00:00,12,2.0581,0.1636,1.0,237,1229149.6045,-142519.5922,0.8364,211,1028010.3789,8998.893289,135366.4817,65772.7439,-69593.7378,237,1229149.6045,14
2020-07-27 00:00:00+00:00,18,3.9502,0.2797,1.0,302,2048241.9002,-141884.1803,0.7203,266,1475262.4122,13108.586376,457231.443,115748.0451,-341483.3979,302,2048241.9002,18
2020-07-26 00:00:00+00:00,15,2.762,0.1711,1.0,253,1321421.7637,-99066.7969,0.8289,221,1095335.7462,8856.582583,165988.9725,60097.045,-105891.9275,253,1321421.7637,17
2020-07-25 00:00:00+00:00,22,1.1957,0.3085,1.0,245,1024954.6721,-91014.4659,0.6915,207,708767.1092,5333.738968,172183.3729,144004.1901,-28179.1828,245,1024954.6721,16
2020-07-24 00:00:00+00:00,11,3.0522,0.1322,1.0,255,1202218.3199,-93103.6691,0.8678,233,1043247.217,7177.721043,119739.9902,39231.1128,-80508.8774,255,1202218.3199,11
2020-07-23 00:00:00+00:00,18,8.7096,0.151,1.0,241,2507968.1038,-81584.2234,0.849,213,2129373.9748,26004.720375,339602.4884,38991.6405,-300610.8479,241,2507968.1038,10
2020-07-22 00:00:00+00:00,12,3.4521,0.1119,1.0,233,1158078.9857,-44096.3845,0.8881,212,1028498.1901,7261.691829,100474.9847,29105.8108,-71369.1739,233,1158078.9857,9
2020-07-21 00:00:00+00:00,13,3.6608,0.1524,1.0,209,748804.063,-39710.0928,0.8476,189,634690.8056,3378.275423,89629.5561,24483.7013,-65145.8548,209,748804.063,7
2020-07-20 00:00:00+00:00,8,2.8674,0.1112,1.0,209,778076.3379,-30308.543,0.8888,193,691586.9564,5259.091208,64125.5479,22363.8336,-41761.7143,209,778076.3379,8
2020-07-19 00:00:00+00:00,7,3.3449,0.1505,1.0,163,609729.4149,-30316.3627,0.8495,148,517963.0285,5128.053591,70645.9984,21120.388,-49525.6104,163,609729.4149,8
2020-07-18 00:00:00+00:00,7,4.9003,0.1645,0.9533,140,375313.8454,-28140.4372,0.8355,145,328958.557,3273.647868,53777.994,10974.3891,-42803.6049,159,393710.9401,7
2020-07-17 00:00:00+00:00,6,0.9973,0.1352,1.0,164,690509.8842,-23965.3067,0.8648,148,597124.6593,5447.02508,46628.9911,46756.2337,127.2426,164,690509.8842,10
2020-07-16 00:00:00+00:00,8,2.3105,0.1564,1.0,198,616793.9423,-30770.2226,0.8436,179,520303.9324,3508.100584,67342.993,29147.0169,-38195.976,198,616793.9423,11
2020-07-15 00:00:00+00:00,9,2.8805,0.1678,1.0,164,500085.1979,-30982.8573,0.8322,146,416170.2246,4528.932856,62290.0527,21624.9206,-40665.132,164,500085.1979,9
2020-07-14 00:00:00+00:00,7,0.9911,0.13,1.0,219,1145151.2664,-34005.157,0.87,202,996322.2762,14289.617707,74081.9983,74746.992,664.9937,219,1145151.2664,10
2020-07-13 00:00:00+00:00,12,1.9559,0.1325,1.0,209,976036.7485,-45083.7297,0.8675,186,846725.5386,5181.360759,85563.8309,43747.379,-41816.4519,209,976036.7485,11
2020-07-12 00:00:00+00:00,6,3.2117,0.1783,1.0,131,366179.4634,-48053.1564,0.8217,120,300873.5992,2405.580729,49799.9981,15505.8661,-34294.132,131,366179.4634,5
2020-07-11 00:00:00+00:00,4,1.675,0.1619,1.0,121,332415.7221,-46426.5661,0.8381,109,278605.4149,5330.008179,33693.9992,20116.308,-13577.6911,121,332415.7221,8
2020-07-10 00:00:00+00:00,7,3.1846,0.1219,1.0,200,746389.2975,-46721.1955,0.8781,183,655388.4568,7109.548049,69254.0048,21746.836,-47507.1688,200,746389.2975,10
2020-07-09 00:00:00+00:00,13,1.6698,0.1596,1.0,165,991075.6733,-41245.1655,0.8404,136,832890.1182,10534.553251,98934.9872,59250.5679,-39684.4193,165,991075.6733,16
2020-07-08 00:00:00+00:00,13,2.4497,0.1068,1.0,175,1377389.1334,-43212.8961,0.8932,148,1230277.5546,16657.205901,104466.404,42645.1748,-61821.2293,175,1377389.1334,14
2020-07-07 00:00:00+00:00,18,3.7019,0.1612,1.0,189,830171.1649,-45819.186,0.8388,162,696373.8133,7757.704517,105341.1836,28456.1681,-76885.0155,189,830171.1649,9
2020-07-06 00:00:00+00:00,12,2.7034,0.1807,1.0,177,753234.4472,-38822.828,0.8193,154,617129.575,4314.331901,99353.6554,36751.2168,-62602.4387,177,753234.4472,11
2020-07-05 00:00:00+00:00,4,3.7304,0.1323,1.0,103,299977.4968,-34805.2268,0.8677,96,260289.5089,3862.872757,31297.9939,8389.994,-22907.9999,103,299977.4968,3
2020-07-04 00:00:00+00:00,4,2.1516,0.1243,1.0,120,344270.2963,-32828.7815,0.8757,109,301466.6491,2994.021907,29221.8721,13581.7752,-15640.0969,120,344270.2963,7
2020-07-03 00:00:00+00:00,8,1.1782,0.158,1.0,158,710180.4027,-36249.9503,0.842,148,598005.45,5745.399168,60674.9557,51499.997,-9174.9587,158,710180.4027,2
2020-07-02 00:00:00+00:00,12,3.5548,0.1593,1.0,153,598142.8276,-35821.3463,0.8407,132,502835.1858,4720.566145,74383.0879,20924.5539,-53458.534,153,598142.8276,9
2020-07-01 00:00:00+00:00,9,4.4464,0.1916,1.0,150,660288.8093,-30517.2218,0.8084,134,533760.079,5645.351446,103296.9944,23231.7359,-80065.2585,150,660288.8093,7
2020-06-30 00:00:00+00:00,5,2.5582,0.0644,1.0,126,989004.8285,-42065.7449,0.9356,114,925270.0307,26890.971687,45822.6537,17912.1441,-27910.5096,126,989004.8285,7
2020-06-29 00:00:00+00:00,9,2.3955,0.1796,1.0,136,467249.6096,-44538.238,0.8204,115,383354.9336,3634.162056,59186.953,24707.7229,-34479.2301,136,467249.6096,12
2020-06-28 00:00:00+00:00,5,1.341,0.1575,1.0,118,395436.9531,-74429.7723,0.8425,104,333148.7508,3868.046314,35680.5423,26607.6599,-9072.8825,118,395436.9531,9
2020-06-27 00:00:00+00:00,5,2.5601,0.1279,1.0,135,706062.6815,-74497.0552,0.8721,120,615724.9606,4938.395565,64963.0,25374.7209,-39588.2791,135,706062.6815,10
2020-06-26 00:00:00+00:00,6,1.1715,0.0466,1.0,142,1677589.5245,-71054.647,0.9534,124,1599405.3043,21684.461928,42179.4752,36004.745,-6174.7302,142,1677589.5245,12
2020-06-25 00:00:00+00:00,7,1.3022,0.0621,1.0,199,2003255.19,-76908.4642,0.9379,190,1878840.9524,24452.326571,70371.95,54042.2876,-16329.6624,199,2003255.19,2
2020-06-24 00:00:00+00:00,17,6.1289,0.0812,1.0,170,2752861.7353,-81623.5861,0.9188,143,2529212.8228,85449.74569,192276.9165,31371.996,-160904.9205,170,2752861.7353,10
2020-06-23 00:00:00+00:00,8,2.9172,0.0778,1.0,157,1187512.0555,-61808.2706,0.9222,143,1095123.5906,12407.001613,68803.213,23585.2519,-45217.9611,157,1187512.0555,6
2020-06-22 00:00:00+00:00,13,5.6126,0.355,1.0,183,984270.3202,-55123.7209,0.645,156,634874.3835,15160.537825,296557.9535,52837.9832,-243719.9702,183,984270.3202,14
2020-06-21 00:00:00+00:00,4,1.4912,0.0626,1.0,101,772957.177,-25075.7874,0.9374,90,724551.8402,17439.217201,28974.6,19430.7368,-9543.8632,101,772957.177,7
2020-06-20 00:00:00+00:00,3,2.1713,0.1197,1.0,110,350335.9434,-24928.3886,0.8803,100,308393.3647,4065.834909,28717.0,13225.5788,-15491.4212,110,350335.9434,7
2020-06-19 00:00:00+00:00,9,2.513,0.1302,1.0,140,840765.1075,-25164.3,0.8698,124,731285.7549,7313.324437,78315.4017,31163.951,-47151.4507,140,840765.1075,7
2020-06-18 00:00:00+00:00,9,2.2923,0.1699,1.0,150,739707.699,-19286.603,0.8301,133,614017.2329,6655.31672,87512.9911,38177.475,-49335.5161,150,739707.699,8
2020-06-17 00:00:00+00:00,5,2.1956,0.107,1.0,117,554559.8549,-21428.0194,0.893,106,495229.573,6941.980151,40763.9969,18566.285,-22197.7119,117,554559.8549,6
2020-06-16 00:00:00+00:00,5,0.9648,0.1793,1.0,127,490506.3709,-22828.543,0.8207,109,402542.49,4365.546841,43194.9969,44768.884,1573.8872,127,490506.3709,13
2020-06-15 00:00:00+00:00,11,1.4784,0.1741,1.0,151,993476.0052,-12816.3593,0.8259,136,820533.5755,10311.194368,103163.4327,69778.997,-33384.4357,151,993476.0052,4
2020-06-14 00:00:00+00:00,3,1.4153,0.1678,1.0,92,294977.3535,-10022.3111,0.8322,79,245471.2665,5781.090272,29009.0796,20497.0074,-8512.0721,92,294977.3535,10
2020-06-13 00:00:00+00:00,3,2.5898,0.1484,1.0,97,260776.7143,-12108.3038,0.8516,89,222067.5151,3571.539986,27926.0,10783.1992,-17142.8008,97,260776.7143,5
2020-06-12 00:00:00+00:00,10,1.0854,0.2551,1.0,124,574835.6351,-13568.3138,0.7449,103,428198.2978,5428.276119,76322.4543,70314.883,-6007.5713,124,574835.6351,11
2020-06-11 00:00:00+00:00,13,3.3199,0.133,1.0,175,900507.1088,-45066.4814,0.867,153,780725.3355,9079.684525,92053.6023,27728.171,-64325.4313,175,900507.1088,9
2020-06-10 00:00:00+00:00,7,2.4258,0.0988,1.0,128,778074.7555,-38323.2295,0.9012,115,701183.5286,8833.533803,54446.3019,22444.9251,-32001.3768,128,778074.7555,6
2020-06-09 00:00:00+00:00,9,0.5444,0.3894,1.0,129,623861.8575,-40501.536,0.6106,92,380952.6926,6827.643295,85624.996,157284.169,71659.173,129,623861.8575,28
2020-06-08 00:00:00+00:00,9,1.3278,0.1682,1.0,110,583705.1035,-53298.2586,0.8318,91,485533.0502,8196.111298,55999.0758,42172.9774,-13826.0984,110,583705.1035,10
2020-06-07 00:00:00+00:00,5,2.0974,0.2056,1.0,112,317251.8713,-57196.0326,0.7944,97,252013.8962,2905.069673,44175.9981,21061.977,-23114.0211,112,317251.8713,10
2020-06-06 00:00:00+00:00,5,2.7128,0.2356,1.0,92,251750.417,-52659.9127,0.7644,81,192436.4837,2851.805077,43338.4021,15975.5312,-27362.8709,92,251750.417,6
2020-06-05 00:00:00+00:00,10,7.3137,0.3715,1.0,137,802723.9597,-62434.2681,0.6285,118,504482.1461,16807.738511,262368.2789,35873.5347,-226494.7442,137,802723.9597,9
2020-06-04 00:00:00+00:00,9,1.356,0.2128,1.0,144,532594.9465,-45468.9374,0.7872,121,419283.7308,6919.786081,65216.9418,48094.2739,-17122.6679,144,532594.9465,14
2020-06-03 00:00:00+00:00,14,2.2974,0.2286,1.0,123,525327.8494,-49986.5262,0.7714,100,405238.7301,3694.117814,83669.321,36419.7983,-47249.5227,123,525327.8494,9
2020-06-02 00:00:00+00:00,15,1.1927,0.1106,1.0,165,1844424.7118,-49095.1027,0.8894,136,1640503.044,39612.526845,110919.7765,93001.8913,-17917.8852,165,1844424.7118,14
2020-06-01 00:00:00+00:00,10,1.5777,0.2153,1.0,144,851972.5735,-40508.1462,0.7847,122,668545.5171,12209.794251,112268.7864,71158.27,-41110.5164,144,851972.5735,12
2020-05-31 00:00:00+00:00,8,0.9156,0.187,1.0,140,1048922.7106,-39624.3609,0.813,117,852819.8941,23958.502327,93731.9991,102370.8174,8638.8183,140,1048922.7106,15
2020-05-30 00:00:00+00:00,22,2.0485,0.2782,1.0,184,1000971.3814,-34730.4155,0.7218,152,722474.0802,8627.612824,187140.3299,91356.9712,-95783.3587,184,1000971.3814,10
2020-05-29 00:00:00+00:00,14,3.2597,0.2062,1.0,154,985098.8588,-26480.261,0.7938,127,782007.5135,9441.915632,155414.3873,47676.958,-107737.4293,154,985098.8588,13
2020-05-28 00:00:00+00:00,14,1.6792,0.2481,1.0,167,774987.8739,-14993.4854,0.7519,139,582694.632,7396.115171,120519.5157,71773.7262,-48745.7895,167,774987.8739,14
2020-05-27 00:00:00+00:00,12,3.6512,0.1456,1.0,146,494176.7185,-13941.2571,0.8544,128,422230.2982,4319.383591,56477.9893,15468.431,-41009.5584,146,494176.7185,6
2020-05-26 00:00:00+00:00,10,0.6379,0.241,1.0,129,791671.1445,-12294.6591,0.759,106,600843.3692,10199.571966,74318.4824,116509.2928,42190.8104,129,791671.1445,13
2020-05-25 00:00:00+00:00,7,2.1272,0.1685,1.0,118,575052.7422,-22409.3577,0.8315,104,478163.3197,5545.036043,65906.7207,30982.7019,-34924.0189,118,575052.7422,7
2020-05-24 00:00:00+00:00,3,0.3927,0.2176,1.0,112,451985.5532,-24047.0144,0.7824,102,353621.1176,5714.890505,27734.0,70630.4356,42896.4356,112,451985.5532,7
2020-05-23 00:00:00+00:00,7,3.8183,0.0813,1.0,113,799423.3856,-35817.8044,0.9187,101,734401.6785,17092.592179,51526.992,13494.7151,-38032.2769,113,799423.3856,5
2020-05-22 00:00:00+00:00,9,1.5776,0.1658,1.0,141,735398.9184,-32668.1312,0.8342,124,613439.0737,5909.969146,74644.9224,47314.9223,-27330.0002,141,735398.9184,8
2020-05-21 00:00:00+00:00,11,1.5736,0.2645,1.0,144,701968.0639,-29928.3249,0.7355,119,516308.28,3964.498618,113519.9875,72139.7964,-41380.1912,144,701968.0639,14
2020-05-20 00:00:00+00:00,13,1.4467,0.2708,1.0,128,596286.2878,-28498.0923,0.7292,101,434785.0614,4683.521049,95492.2994,66008.927,-29483.3724,128,596286.2878,14
2020-05-19 00:00:00+00:00,7,1.5678,0.2365,1.0,125,547023.9311,-30378.298,0.7635,104,417627.6136,5912.264458,79004.1988,50392.1187,-28612.0801,125,547023.9311,14
2020-05-18 00:00:00+00:00,9,1.9093,0.1854,1.0,169,800608.2916,-27112.8286,0.8146,150,652191.6807,4766.685408,97402.1132,51014.4977,-46387.6154,169,800608.2916,10
2020-05-17 00:00:00+00:00,8,2.7974,0.1922,1.0,150,434215.4192,-28592.8005,0.8078,133,350764.745,3986.686432,61474.8844,21975.7898,-39499.0947,150,434215.4192,9
2020-05-16 00:00:00+00:00,5,1.5618,0.1933,1.0,107,377078.4765,-56309.0275,0.8067,95,304191.4999,4051.119435,44435.7706,28451.206,-15984.5646,107,377078.4765,7
2020-05-15 00:00:00+00:00,6,1.216,0.1272,1.0,140,657487.8733,-59355.5246,0.8728,128,573849.2307,5549.669677,45894.9994,37743.6432,-8151.3562,140,657487.8733,6
2020-05-14 00:00:00+00:00,13,1.3435,0.2708,1.0,173,790185.4338,-66943.6085,0.7292,144,576182.4012,5034.879741,122685.7977,91317.235,-31368.5627,173,790185.4338,16
2020-05-13 00:00:00+00:00,9,1.6516,0.1808,1.0,160,960131.4542,-73155.1895,0.8192,143,786586.6669,4899.117248,108094.7998,65449.9875,-42644.8123,160,960131.4542,8
2020-05-12 00:00:00+00:00,15,1.0597,0.2543,1.0,106,780113.882,-73598.3027,0.7457,83,581760.1072,7268.383236,102053.7847,96299.99,-5753.7947,106,780113.882,8
2020-05-11 00:00:00+00:00,13,2.0816,0.188,1.0,134,859787.876,-89918.4546,0.812,114,698110.632,10681.530794,109212.3312,52464.9128,-56747.4183,134,859787.876,7
2020-05-10 00:00:00+00:00,33,4.1988,0.3554,1.0,151,1067784.6255,-79641.5376,0.6446,107,688272.9832,5978.116384,306512.163,72999.4793,-233512.6837,151,1067784.6255,11
2020-05-09 00:00:00+00:00,9,2.006,0.2251,1.0,114,495265.7486,-44412.18,0.7749,98,383782.3745,2872.600551,74396.7092,37086.6649,-37310.0443,114,495265.7486,7
2020-05-08 00:00:00+00:00,12,3.0436,0.1456,1.0,131,832397.345,-42075.0093,0.8544,114,711169.3972,13594.174507,91247.9458,29980.002,-61267.9438,131,832397.345,5
2020-05-07 00:00:00+00:00,18,1.7957,0.24,1.0,146,1095629.4896,-29419.1636,0.76,123,832643.7603,11048.47394,168917.6792,94068.0501,-74849.6292,146,1095629.4896,5
2020-05-06 00:00:00+00:00,9,2.2783,0.1419,1.0,134,826613.9173,-16124.6048,0.8581,117,709291.338,7339.408718,81534.5922,35787.987,-45746.6052,134,826613.9173,8
2020-05-05 00:00:00+00:00,8,4.8724,0.3281,1.0,109,554537.4957,-9234.1352,0.6719,94,372567.7401,7130.41234,150982.3066,30987.4489,-119994.8577,109,554537.4957,7
2020-05-04 00:00:00+00:00,2,0.2579,0.0621,1.0,124,414353.7088,5588.5287,0.9379,116,388604.7147,2226.235663,5278.9967,20469.9973,15191.0006,124,414353.7088,6
2020-05-03 00:00:00+00:00,3,0.3967,0.0906,1.0,97,334414.9756,4409.167,0.9094,89,304105.8188,3378.147293,8608.1684,21700.9883,13092.8199,97,334414.9756,5
2020-05-02 00:00:00+00:00,6,2.4964,0.1348,1.0,78,363008.0607,3062.5803,0.8652,70,314058.2108,4196.613288,34949.85,14000.0,-20949.85,78,363008.0607,2
2020-05-01 00:00:00+00:00,3,0.2488,0.1167,1.0,114,389359.1176,9219.4595,0.8833,105,343934.3218,3975.725703,9050.9096,36373.8862,27322.9766,114,389359.1176,6
2020-04-30 00:00:00+00:00,10,0.6455,0.0739,1.0,169,1143256.2694,13719.4174,0.9261,148,1058715.5074,21767.679472,33164.2398,51376.5222,18212.2824,169,1143256.2694,11
2020-04-29 00:00:00+00:00,8,0.9306,0.0933,1.0,156,741924.4604,10889.931,0.9067,141,672715.6751,5413.326508,33361.0516,35847.7337,2486.682,156,741924.4604,7
2020-04-28 00:00:00+00:00,5,3.5646,0.0859,1.0,114,336584.4416,-3235.8467,0.9141,106,307686.4507,2484.330681,22567.1009,6330.89,-16236.2109,114,336584.4416,3
2020-04-27 00:00:00+00:00,3,0.7334,0.0652,1.0,108,691225.6449,-18626.8284,0.9348,99,646134.1919,6759.67546,19077.9921,26013.4609,6935.4688,108,691225.6449,6
2020-04-26 00:00:00+00:00,3,0.7623,0.0582,1.0,102,467351.2639,-17728.4184,0.9418,94,440165.8722,8512.083641,11759.3395,15426.0522,3666.7127,102,467351.2639,5
2020-04-25 00:00:00+00:00,3,0.2421,0.0786,1.0,117,461895.4622,-23220.6392,0.9214,111,425597.767,4829.26895,7074.6953,29223.0,22148.3047,117,461895.4622,3
2020-04-24 00:00:00+00:00,2,0.1224,0.0358,1.0,130,2100352.2709,-23201.8188,0.9642,122,2025118.0545,44951.192952,8205.7671,67028.4493,58822.6822,130,2100352.2709,6
2020-04-23 00:00:00+00:00,14,1.0349,0.1772,1.0,132,525259.8652,-37699.0412,0.8228,111,432181.1817,2559.605991,47336.403,45742.2805,-1594.1225,132,525259.8652,7
2020-04-22 00:00:00+00:00,7,1.8544,0.4165,1.0,133,773149.6935,-41471.39,0.5835,119,451127.961,17039.482656,209207.7474,112813.985,-96393.7624,133,773149.6935,7
2020-04-21 00:00:00+00:00,11,6.2217,0.1838,1.0,143,932938.4904,-27699.2161,0.8162,126,761481.6321,15163.66261,147714.9705,23741.8879,-123973.0826,143,932938.4904,6
2020-04-20 00:00:00+00:00,6,0.609,0.0526,1.0,142,1034911.2956,-22373.1147,0.9474,129,980498.3838,12599.805632,20594.2863,33818.6255,13224.3393,142,1034911.2956,7
2020-04-19 00:00:00+00:00,8,7.1307,0.0982,1.0,112,469812.6058,-41920.2551,0.9018,102,423687.9662,3903.879094,40451.7364,5672.9031,-34778.8333,112,469812.6058,2
2020-04-18 00:00:00+00:00,2,0.1803,0.0623,1.0,141,515131.3736,-38157.6053,0.9377,133,483052.8824,2452.498071,4899.2216,27179.2696,22280.048,141,515131.3736,6
2020-04-17 00:00:00+00:00,19,2.1756,0.1814,1.0,126,635219.8101,-44705.0559,0.8186,103,519989.6991,6600.933461,78943.993,36286.118,-42657.875,126,635219.8101,4
2020-04-16 00:00:00+00:00,13,1.8391,0.14,1.0,138,676850.2148,-103984.8925,0.86,115,582107.4891,5318.14621,61371.6448,33371.0809,-28000.5638,138,676850.2148,10
2020-04-15 00:00:00+00:00,5,0.9995,0.1119,1.0,111,404163.1967,-112908.6655,0.8881,99,358957.2527,2776.464533,22597.2445,22608.6995,11.455,111,404163.1967,7
2020-04-14 00:00:00+00:00,32,3.3759,0.3848,1.0,107,414904.0787,-123575.7627,0.6152,69,255237.9058,3589.227334,123178.2729,36487.9,-86690.3729,107,414904.0787,6
2020-04-13 00:00:00+00:00,30,3.4016,0.3024,1.0,126,749152.3838,-111920.1949,0.6976,90,522610.9554,7691.087303,175073.5361,51467.8923,-123605.6438,126,749152.3838,6
2020-04-12 00:00:00+00:00,7,2.1272,0.0836,1.0,98,280231.2484,-94534.2254,0.9164,88,256814.9737,2103.113866,15928.2797,7487.995,-8440.2847,98,280231.2484,3
2020-04-11 00:00:00+00:00,7,2.5939,0.1991,1.0,89,266659.9796,-93844.5762,0.8009,79,213555.9452,2924.877513,38328.0704,14775.964,-23552.1064,89,266659.9796,3
2020-04-10 00:00:00+00:00,75,22.6778,0.4911,1.0,152,1017765.881,-89279.2558,0.5089,73,517929.3602,5098.073745,478726.6257,21109.895,-457616.7307,152,1017765.881,4
2020-04-09 00:00:00+00:00,26,28.4225,0.1991,1.0,112,487527.5381,-31174.8684,0.8009,85,390462.5431,3956.080687,93765.985,3299.01,-90466.9751,112,487527.5381,1
2020-04-08 00:00:00+00:00,24,12.2277,0.1613,1.0,118,545302.0764,-38404.4707,0.8387,92,457344.8609,4885.100994,81307.7205,6649.495,-74658.2255,118,545302.0764,2
2020-04-07 00:00:00+00:00,29,1.0533,0.2163,1.0,163,909129.7846,-42845.1335,0.7837,126,712471.7792,7514.765198,100879.7017,95778.3037,-5101.398,163,909129.7846,8
2020-04-06 00:00:00+00:00,10,1.0377,0.1099,1.0,169,935722.0611,-56029.573,0.8901,152,832848.2289,6727.23966,52388.8447,50484.9875,-1903.8572,169,935722.0611,7
2020-04-05 00:00:00+00:00,4,1.4363,0.0553,1.0,81,364966.868,-75877.2614,0.9447,74,344794.1477,8048.273058,11892.7303,8279.99,-3612.7403,81,364966.868,3
2020-04-04 00:00:00+00:00,3,0.7569,0.1338,1.0,93,453979.2675,-80003.8685,0.8662,81,393242.9028,7693.581316,26165.6143,34570.7503,8405.136,93,453979.2675,9
2020-04-03 00:00:00+00:00,29,1.8931,0.1811,1.0,122,910015.0733,-102313.3998,0.8189,79,745172.5204,10680.980267,107864.2858,56978.2671,-50886.0187,122,910015.0733,14
2020-04-02 00:00:00+00:00,29,8.8149,0.2441,1.0,136,725765.0255,-109854.5988,0.7559,101,548586.9657,5798.78663,159126.1256,18051.9342,-141074.1915,136,725765.0255,6
2020-04-01 00:00:00+00:00,33,5.0562,0.3232,1.0,114,488546.727,-109380.5709,0.6768,72,330665.5384,4970.395962,131812.0266,26069.162,-105742.8646,114,488546.727,9
2020-03-31 00:00:00+00:00,25,7.6645,0.1352,1.0,109,936655.287,-130176.9702,0.8648,79,810035.7832,36469.266469,112005.9894,14613.5144,-97392.475,109,936655.287,5
2020-03-30 00:00:00+00:00,28,9.1747,0.3263,1.0,129,537191.1502,-167057.1156,0.6737,95,361896.4098,4522.383986,158066.2082,17228.5322,-140837.676,129,537191.1502,6
2020-03-29 00:00:00+00:00,4,2.692,0.1771,1.0,69,400355.7163,-168305.4019,0.8229,61,329442.7448,5774.763152,51705.9805,19206.991,-32498.9895,69,400355.7163,4
2020-03-28 00:00:00+00:00,11,6.7438,0.3175,1.0,107,627500.186,-169386.3117,0.6825,89,428287.3934,6403.272219,173487.1879,25725.6047,-147761.5832,107,627500.186,7
2020-03-27 00:00:00+00:00,23,16.6042,0.1944,1.0,115,601605.0775,-156410.5145,0.8056,90,484642.6756,4609.605184,110318.4069,6643.995,-103674.4119,115,601605.0775,2
2020-03-26 00:00:00+00:00,27,20.6794,0.1801,1.0,128,842847.7776,-167204.5019,0.8199,99,691091.7943,8597.038325,144755.9897,6999.9937,-137755.996,128,842847.7776,2
2020-03-25 00:00:00+00:00,30,8.6836,0.3183,1.0,126,995210.5317,-175049.1137,0.6817,85,678476.444,17235.258975,284025.8737,32708.214,-251317.6597,126,995210.5317,11
2020-03-24 00:00:00+00:00,19,2.3684,0.4089,1.0,139,2140426.9047,-156243.2844,0.5911,108,1265213.2978,32040.500467,615383.5499,259830.057,-355553.493,139,2140426.9047,12
2020-03-23 00:00:00+00:00,36,4.4891,0.2474,1.0,153,951024.2919,-109625.3579,0.7526,105,715708.6346,9682.214505,192445.6687,42869.9887,-149575.68,153,951024.2919,12
2020-03-22 00:00:00+00:00,10,2.0283,0.1972,1.0,121,598358.9871,-151897.9149,0.8028,102,480369.767,4158.586152,79027.2891,38961.9311,-40065.358,121,598358.9871,9
2020-03-21 00:00:00+00:00,9,3.1109,0.2098,1.0,122,528348.9326,-167399.1896,0.7902,105,417477.9441,5369.097451,83900.9958,26969.9927,-56931.0031,122,528348.9326,8
2020-03-20 00:00:00+00:00,39,4.0595,0.2086,1.0,201,1420660.9477,-167285.073,0.7914,152,1124265.0287,9662.913341,237814.1211,58581.7979,-179232.3232,201,1420660.9477,10
2020-03-19 00:00:00+00:00,53,2.0119,0.4231,1.0,213,1355457.2811,-225264.051,0.5769,138,781976.6654,7340.977501,383074.4474,190406.1683,-192668.2791,213,1355457.2811,22
2020-03-18 00:00:00+00:00,15,3.1012,0.2191,1.0,159,1066141.6911,-300410.7747,0.7809,134,832553.5572,7724.851938,176632.4942,56955.6396,-119676.8546,159,1066141.6911,10
2020-03-17 00:00:00+00:00,13,1.2955,0.1523,1.0,171,1491435.1765,-305771.7759,0.8477,150,1264360.1397,9844.159658,128151.5221,98923.5147,-29228.0075,171,1491435.1765,8
2020-03-16 00:00:00+00:00,30,8.7188,0.2217,1.0,290,2529493.0391,-314801.0134,0.7783,250,1968581.8634,13863.406373,503197.3772,57713.7985,-445483.5787,290,2529493.0391,10
2020-03-15 00:00:00+00:00,25,3.83,0.2366,1.0,159,1071570.3976,-259897.8497,0.7634,127,817996.151,5578.879213,201074.2637,52499.983,-148574.2807,159,1071570.3976,7
2020-03-14 00:00:00+00:00,13,1.8324,0.1569,1.0,174,1217359.3064,-250285.0102,0.8431,155,1026366.8438,5578.150969,123562.3249,67430.1376,-56132.1873,174,1217359.3064,6
2020-03-13 00:00:00+00:00,58,5.8375,0.2261,1.0,396,3657595.4988,-248191.7074,0.7739,320,2830613.7218,12724.551033,706033.4731,120948.3039,-585085.1692,396,3657595.4988,18
2020-03-12 00:00:00+00:00,63,7.6917,0.228,1.0,325,4093481.4117,-166023.5433,0.772,245,3159985.648,17661.267439,826095.5543,107400.2093,-718695.345,325,4093481.4117,17
2020-03-11 00:00:00+00:00,32,13.9088,0.2011,1.0,151,902840.9028,-69605.0629,0.7989,115,721281.0497,5801.767772,169381.8582,12177.995,-157203.8632,151,902840.9028,4
2020-03-10 00:00:00+00:00,14,2.4193,0.1859,1.0,121,1197691.4412,-50734.7513,0.8141,97,975006.8664,13409.515916,157558.6223,65125.9524,-92432.6699,121,1197691.4412,10
2020-03-09 00:00:00+00:00,23,1.4342,0.2729,1.0,186,1256441.9691,-42346.348,0.7271,148,913555.4402,6124.679011,202023.9808,140862.5481,-61161.4327,186,1256441.9691,15
2020-03-08 00:00:00+00:00,14,3.4852,0.2645,1.0,135,554617.1143,-44567.9329,0.7355,109,407918.2639,3243.986947,113991.6273,32707.2231,-81284.4042,135,554617.1143,12
2020-03-07 00:00:00+00:00,5,4.3237,0.1555,1.0,99,427363.6388,-29150.3242,0.8445,87,360924.7063,4632.380987,53959.0,12479.9325,-41479.0675,99,427363.6388,7
2020-03-06 00:00:00+00:00,7,1.1583,0.1956,1.0,101,690286.2397,-25696.6553,0.8044,86,555234.2736,7887.623664,72479.9935,62571.9727,-9908.0208,101,690286.2397,8
2020-03-05 00:00:00+00:00,10,2.2084,0.2066,1.0,96,562572.2851,-36462.1658,0.7934,79,446369.634,4829.245959,79984.3165,36218.3346,-43765.9819,96,562572.2851,7
2020-03-04 00:00:00+00:00,7,1.8561,0.1496,1.0,96,559942.6996,-50758.4449,0.8504,87,476166.0174,5141.643248,54444.1821,29332.5,-25111.6821,96,559942.6996,2
2020-03-03 00:00:00+00:00,13,1.7086,0.2079,1.0,98,620023.7987,-68426.5682,0.7921,80,491149.9617,7021.428923,81293.842,47579.995,-33713.847,98,620023.7987,5
2020-03-02 00:00:00+00:00,18,1.9561,0.26,1.0,98,912402.8641,-74248.3925,0.74,72,675216.3632,15977.252445,156949.5139,80236.987,-76712.5269,98,912402.8641,8
2020-03-01 00:00:00+00:00,10,0.7923,0.3932,1.0,77,584578.8957,-74852.0517,0.6068,59,354713.4754,12216.000542,101613.2816,128252.1386,26638.8569,77,584578.8957,8
2020-02-29 00:00:00+00:00,4,2.6278,0.0769,1.0,87,501488.5936,-83983.9185,0.9231,77,462926.0017,27846.413441,27932.9886,10629.6033,-17303.3853,87,501488.5936,6
2020-02-28 00:00:00+00:00,17,3.0549,0.2672,1.0,117,629677.5857,-87970.5773,0.7328,91,461421.1888,5210.348537,126761.4956,41494.9014,-85266.5942,117,629677.5857,9
2020-02-27 00:00:00+00:00,21,11.7476,0.1738,1.0,158,981756.8246,-85005.4872,0.8262,133,811150.0627,7516.144526,157223.3487,13383.4133,-143839.9354,158,981756.8246,4
2020-02-26 00:00:00+00:00,30,5.6626,0.2037,1.0,176,1043710.2496,-69762.4684,0.7963,137,831099.9143,4609.629337,180699.4402,31910.895,-148788.5452,176,1043710.2496,9
2020-02-25 00:00:00+00:00,12,5.9799,0.1561,1.0,116,668477.1976,-61109.5504,0.8439,100,564103.7665,5992.251742,89420.0241,14953.407,-74466.6171,116,668477.1976,4
2020-02-24 00:00:00+00:00,14,3.8089,0.2127,1.0,115,651359.4269,-58945.0701,0.7873,93,512791.9428,7922.299822,109752.8129,28814.6713,-80938.1416,115,651359.4269,8
2020-02-23 00:00:00+00:00,9,4.466,0.1139,1.0,90,516167.4871,-78722.4679,0.8861,78,457369.2762,11579.496256,48041.211,10757.0,-37284.211,90,516167.4871,3
2020-02-22 00:00:00+00:00,6,,0.1143,1.0,57,395627.3443,-83034.808,0.8857,51,350417.3479,16564.428514,45209.9964,0.0,-45209.9964,57,395627.3443,0
2020-02-21 00:00:00+00:00,6,2.4608,0.1966,1.0,100,777446.687,-104776.8097,0.8034,83,624611.7496,16433.164103,108672.9504,44161.9869,-64510.9635,100,777446.687,11
2020-02-20 00:00:00+00:00,14,1.3648,0.3196,1.0,118,753389.2295,-103997.6765,0.6804,83,512639.6466,3850.18769,138944.1936,101805.3893,-37138.8043,118,753389.2295,21
2020-02-19 00:00:00+00:00,13,3.6408,0.2787,1.0,119,556284.5928,-110400.0956,0.7213,98,401254.4896,5247.25213,121624.1112,33405.992,-88218.1192,119,556284.5928,8
2020-02-18 00:00:00+00:00,11,2.1044,0.2131,1.0,141,782393.4142,-109307.0413,0.7869,119,615658.1832,5607.510861,113025.2428,53709.9883,-59315.2545,141,782393.4142,11
2020-02-17 00:00:00+00:00,37,27.2573,0.2283,1.0,144,1034317.8133,-107331.7573,0.7717,105,798227.887,9250.129673,227734.9263,8355.0,-219379.9263,144,1034317.8133,2
2020-02-16 00:00:00+00:00,20,2.8652,0.3102,1.0,132,450713.6524,-78282.0827,0.6898,101,310897.7648,2501.714114,103643.2396,36172.648,-67470.5916,132,450713.6524,11
2020-02-15 00:00:00+00:00,17,3.7288,0.491,1.0,140,696688.2237,-79464.0472,0.509,103,354603.7984,11626.587878,269744.217,72340.2083,-197404.0087,140,696688.2237,20
2020-02-14 00:00:00+00:00,12,2.2018,0.2387,1.0,144,659051.1446,-54497.2471,0.7613,117,501712.1971,6526.880837,108197.9892,49140.9583,-59057.0309,144,659051.1446,15
2020-02-13 00:00:00+00:00,16,2.3927,0.2531,1.0,191,788764.4096,-61532.2559,0.7469,158,589115.4277,4444.311185,140802.3601,58846.6218,-81955.7383,191,788764.4096,17
2020-02-12 00:00:00+00:00,24,1.8761,0.283,1.0,168,934641.4263,-58007.9541,0.717,124,670158.9724,5068.842671,172524.5963,91957.8575,-80566.7388,168,934641.4263,20
2020-02-11 00:00:00+00:00,9,2.6779,0.2479,1.0,120,402176.4689,-51706.4412,0.7521,100,302468.2324,2745.797162,72598.2515,27109.985,-45488.2665,120,402176.4689,11
2020-02-10 00:00:00+00:00,9,1.3581,0.1614,1.0,108,654196.117,-50951.3,0.8386,88,548616.5226,6557.664876,60805.8991,44773.6952,-16032.2039,108,654196.117,11
2020-02-09 00:00:00+00:00,8,2.3046,0.3699,1.0,95,518653.8574,-50424.9297,0.6301,80,326790.549,9478.045951,133803.8258,58059.4826,-75744.3432,95,518653.8574,7
2020-02-08 00:00:00+00:00,7,1.5896,0.2498,1.0,105,398040.536,-44030.8801,0.7502,87,298618.9508,2553.73153,61028.9966,38392.5886,-22636.408,105,398040.536,11
2020-02-07 00:00:00+00:00,12,3.0594,0.1886,1.0,110,1131774.2461,-62935.6681,0.8114,81,918294.4514,26298.863509,160890.9436,52588.851,-108302.0926,110,1131774.2461,17
2020-02-06 00:00:00+00:00,12,1.4788,0.2953,1.0,127,1004138.8347,-43876.4241,0.7047,102,707577.8034,20647.208378,176923.3284,119637.703,-57285.6254,127,1004138.8347,13
2020-02-05 00:00:00+00:00,11,1.9136,0.2506,1.0,102,463926.9265,-40255.874,0.7494,81,347664.9246,3063.155663,76359.0753,39902.9266,-36456.1486,102,463926.9265,10
2020-02-04 00:00:00+00:00,9,1.5135,0.2569,1.0,86,766039.1227,-40504.7158,0.7431,69,569243.6543,15609.45842,118498.8734,78296.595,-40202.2784,86,766039.1227,8
2020-02-03 00:00:00+00:00,9,1.2863,0.2167,1.0,99,455096.4797,-34674.8189,0.7833,82,356496.0929,4724.108915,55473.9992,43126.3877,-12347.6115,99,455096.4797,8
2020-02-02 00:00:00+00:00,7,2.851,0.2094,1.0,90,307925.3792,-36150.4067,0.7906,79,243458.7352,2576.248773,47726.3201,16740.3239,-30985.9962,90,307925.3792,4
2020-02-01 00:00:00+00:00,13,23.1386,0.3557,1.0,77,475057.7661,-35656.9717,0.6443,62,306087.8422,10584.208071,161969.9239,7000.0,-154969.9239,77,475057.7661,2
2020-01-31 00:00:00+00:00,14,0.7924,0.2145,1.0,108,1011216.2385,-13827.5539,0.7855,81,794353.6753,37732.129958,95874.9741,120987.5891,25112.6151,108,1011216.2385,13
2020-01-30 00:00:00+00:00,10,1.8182,0.2268,1.0,110,484993.4126,-23962.4932,0.7732,92,374976.9902,3377.972848,70979.0983,39037.3242,-31941.7741,110,484993.4126,8
2020-01-29 00:00:00+00:00,10,2.1163,0.2578,1.0,83,413642.06,-27541.4446,0.7422,64,307009.7026,3761.513076,72415.1994,34217.158,-38198.0414,83,413642.06,9
2020-01-28 00:00:00+00:00,7,0.9825,0.1745,1.0,97,394449.3347,-24317.1621,0.8255,81,325636.7887,3170.627299,34102.7731,34709.7729,606.9998,97,394449.3347,9
2020-01-27 00:00:00+00:00,7,1.7609,0.2268,1.0,77,362873.1858,-26846.835,0.7732,65,280589.089,3131.430905,52480.4115,29803.6852,-22676.7263,77,362873.1858,5
2020-01-26 00:00:00+00:00,6,6.1956,0.2207,1.0,56,172794.0356,-27697.442,0.7793,48,134663.9949,2520.999811,32830.9957,5299.045,-27531.9507,56,172794.0356,2
2020-01-25 00:00:00+00:00,3,1.5549,0.0867,1.0,44,114930.2998,-26398.7474,0.9133,39,104966.3,1363.786614,6063.9998,3900.0,-2163.9998,44,114930.2998,2
2020-01-24 00:00:00+00:00,8,3.6873,0.1057,1.0,67,756385.0907,-31936.1784,0.8943,55,676443.2707,20000.094303,62886.8899,17054.93,-45831.9599,67,756385.0907,4
2020-01-23 00:00:00+00:00,9,2.1314,0.4094,1.0,76,385348.495,-28790.4184,0.5906,57,227605.6257,6224.750591,107368.6515,50374.2178,-56994.4338,76,385348.495,10
2020-01-22 00:00:00+00:00,5,1.756,0.1954,1.0,73,291495.8476,-26389.02,0.8046,62,234526.0138,6152.931234,36298.9488,20670.885,-15628.0638,73,291495.8476,6
2020-01-21 00:00:00+00:00,8,1.4839,0.2958,1.0,81,296742.9604,-26724.5018,0.7042,64,208958.2699,2819.395505,52442.7005,35341.99,-17100.7105,81,296742.9604,9
2020-01-20 00:00:00+00:00,6,4.1773,0.1578,1.0,80,295661.5063,-33477.8541,0.8422,70,249008.5735,4319.829924,37641.9541,9010.9786,-28630.9754,80,295661.5063,4
2020-01-19 00:00:00+00:00,7,1.8413,0.1846,1.0,97,337303.1223,-31807.0254,0.8154,83,275020.6929,2419.738772,40361.759,21920.6704,-18441.0886,97,337303.1223,7
2020-01-18 00:00:00+00:00,7,3.7075,0.1022,1.0,90,696060.2476,-32675.01,0.8978,77,624902.2811,17484.529853,56041.9915,15115.975,-40926.0165,90,696060.2476,6
2020-01-17 00:00:00+00:00,8,1.529,0.2094,1.0,123,543529.1072,-27505.4579,0.7906,106,429693.2591,3815.2754,68823.744,45012.1041,-23811.6399,123,543529.1072,9
2020-01-16 00:00:00+00:00,10,1.9909,0.1581,1.0,100,767234.6632,-30025.6572,0.8419,81,645946.4894,10428.080703,80736.4094,40551.7645,-40184.6449,100,767234.6632,9
2020-01-15 00:00:00+00:00,8,1.2903,0.185,1.0,119,766390.7758,-30864.5809,0.815,103,624572.2562,6001.664546,79897.4782,61921.0415,-17976.4367,119,766390.7758,8
2020-01-14 00:00:00+00:00,12,2.3715,0.2033,1.0,161,778231.2726,-50353.9169,0.7967,138,619985.5002,3098.190219,111309.9746,46935.7979,-64374.1767,161,778231.2726,11
2020-01-13 00:00:00+00:00,4,1.7576,0.1562,1.0,94,394622.1181,-48679.8926,0.8438,85,332977.4935,3496.172639,39289.8995,22354.7251,-16935.1744,94,394622.1181,5
2020-01-12 00:00:00+00:00,5,3.3064,0.1215,1.0,73,376868.1715,-53096.4335,0.8785,63,331091.2307,6689.518667,35146.9608,10629.98,-24516.9808,73,376868.1715,5
2020-01-11 00:00:00+00:00,4,1.1281,0.1679,1.0,92,468959.4305,-52161.7248,0.8321,85,390244.5826,3929.70855,41726.9997,36987.8482,-4739.1515,92,468959.4305,3
2020-01-10 00:00:00+00:00,9,3.303,0.1787,1.0,105,433480.3206,-58125.1331,0.8213,89,356027.3752,3947.2284,59452.9904,17999.955,-41453.0354,105,433480.3206,7
2020-01-09 00:00:00+00:00,10,2.619,0.2118,1.0,95,486159.7209,-55433.2353,0.7882,80,383206.1901,6953.261025,74505.3207,28448.2101,-46057.1106,95,486159.7209,5
2020-01-08 00:00:00+00:00,14,3.9043,0.3149,1.0,114,827868.9218,-47733.0182,0.6851,89,567141.4147,13639.13167,207564.6479,53162.8592,-154401.7887,114,827868.9218,11
2020-01-07 00:00:00+00:00,7,6.8507,0.1572,1.0,94,449397.0155,-27389.6269,0.8428,85,378741.0391,3539.933129,61655.9914,8999.985,-52656.0064,94,449397.0155,2
2020-01-06 00:00:00+00:00,9,3.4825,0.1204,1.0,114,717664.5384,-57872.8797,0.8796,100,631263.4993,12803.745477,67126.0002,19275.0389,-47850.9613,114,717664.5384,5
2020-01-05 00:00:00+00:00,3,2.8515,0.1414,1.0,61,264349.7376,-55900.7233,0.8586,55,226959.7576,2658.556575,27682.0,9707.98,-17974.02,61,264349.7376,3
2020-01-04 00:00:00+00:00,6,8.1944,0.1479,1.0,71,401675.6592,-58661.1442,0.8521,63,342270.6696,6062.721406,52943.9996,6460.99,-46483.0096,71,401675.6592,2
2020-01-03 00:00:00+00:00,11,1.5165,0.2058,1.0,121,535268.7202,-51457.2017,0.7942,100,425102.8474,4517.110548,66387.8116,43778.0612,-22609.7504,121,535268.7202,10
2020-01-02 00:00:00+00:00,7,0.8339,0.2033,1.0,75,425869.1183,-64626.1134,0.7967,65,339280.7305,8486.470159,39371.9895,47216.3983,7844.4088,75,425869.1183,3
2020-01-01 00:00:00+00:00,4,1.5766,0.3016,1.0,67,177741.8245,-81642.6094,0.6984,53,124129.8955,2645.157882,32804.9891,20806.94,-11998.0491,67,177741.8245,10
2019-12-31 00:00:00+00:00,51,19.9497,0.2641,1.0,91,1113763.4252,-107040.299,0.7359,38,819646.2343,40294.199796,280077.9835,14039.2074,-266038.7761,91,1113763.4252,2
2019-12-30 00:00:00+00:00,9,1.98,0.1805,1.0,87,573646.6691,-86880.1717,0.8195,73,470116.8651,7416.166157,68787.8355,34741.9685,-34045.867,87,573646.6691,5
2019-12-29 00:00:00+00:00,7,2.0211,0.357,1.0,75,309059.1582,-105292.7586,0.643,59,198712.1724,3559.579412,73821.9758,36525.01,-37296.9658,75,309059.1582,9
2019-12-28 00:00:00+00:00,2,0.6438,0.0412,1.0,69,441987.5943,-102304.4778,0.9588,63,423785.223,17368.321366,7128.8917,11073.4795,3944.5878,69,441987.5943,4
2019-12-27 00:00:00+00:00,28,3.4346,0.4943,1.0,75,422963.7727,-104781.3039,0.5057,43,213871.6404,4647.558307,161942.1323,47150.0,-114792.1323,75,422963.7727,4
2019-12-26 00:00:00+00:00,23,7.5239,0.3382,1.0,75,429853.4642,-102936.679,0.6618,47,284470.5273,4787.812024,128327.0,17055.9369,-111271.0631,75,429853.4642,5
2019-12-25 00:00:00+00:00,27,4.5046,0.4672,1.0,86,638088.3996,-104403.656,0.5328,49,340000.5429,13678.272135,243934.8667,54152.99,-189781.8767,86,638088.3996,10
2019-12-24 00:00:00+00:00,24,12.4377,0.3361,1.0,87,436622.6889,-118490.563,0.6639,60,289861.6438,2936.742521,135839.4651,10921.58,-124917.8851,87,436622.6889,3
2019-12-23 00:00:00+00:00,29,8.5783,0.2677,1.0,113,769164.9028,-113896.9946,0.7323,82,563230.9676,5120.028065,184433.9552,21499.98,-162933.9752,113,769164.9028,2
2019-12-22 00:00:00+00:00,3,,0.0689,1.0,71,237768.3691,-97649.9281,0.9311,68,221389.3693,2048.54609,16378.9998,0.0,-16378.9998,71,237768.3691,0
2019-12-21 00:00:00+00:00,3,3.282,0.1126,1.0,70,223099.3048,-96454.6059,0.8874,65,197967.8558,1964.729735,19262.322,5869.127,-13393.195,70,223099.3048,2
2019-12-20 00:00:00+00:00,26,4.9103,0.2392,1.0,92,643673.3105,-97111.537,0.7608,62,489684.8382,13428.620342,127934.1152,26054.3571,-101879.7582,92,643673.3105,4
2019-12-19 00:00:00+00:00,33,2.5789,0.1549,1.0,144,1778759.3522,-85007.8657,0.8451,103,1503261.3228,65493.399383,198518.9657,76979.0637,-121539.9021,144,1778759.3522,8
2019-12-18 00:00:00+00:00,37,3.1353,0.4088,1.0,207,1366300.6218,-69611.6769,0.5912,157,807787.8599,16370.906695,423451.4937,135061.2682,-288390.2255,207,1366300.6218,13
2019-12-17 00:00:00+00:00,9,4.5153,0.1292,1.0,124,1126848.7149,-28606.3261,0.8708,110,981309.8083,10572.410111,119150.9064,26388.0001,-92762.9064,124,1126848.7149,5
2019-12-16 00:00:00+00:00,11,2.9875,0.1858,1.0,112,531271.1948,-21632.6721,0.8142,96,432552.5333,3566.180986,73961.5856,24757.076,-49204.5095,112,531271.1948,5
2019-12-15 00:00:00+00:00,4,1.5197,0.2227,1.0,66,174462.819,-16271.2289,0.7773,55,135616.5643,2932.415913,23428.9997,15417.255,-8011.7447,66,174462.819,7
2019-12-14 00:00:00+00:00,6,4.5984,0.1052,1.0,71,266019.9672,-17544.3815,0.8948,63,238028.2846,4113.630094,22991.6976,4999.985,-17991.7126,71,266019.9672,2
2019-12-13 00:00:00+00:00,7,1.5795,0.158,1.0,92,483312.7434,-14538.8725,0.842,75,406958.8045,8985.587743,46753.9989,29599.94,-17154.0589,92,483312.7434,10
2019-12-12 00:00:00+00:00,8,1.395,0.1731,1.0,91,482059.1228,-16105.8648,0.8269,77,398590.708,7179.096733,48617.4977,34850.917,-13766.5807,91,482059.1228,6
2019-12-11 00:00:00+00:00,5,1.0473,0.1959,1.0,87,298996.8005,-16014.5995,0.8041,73,240421.3071,3202.989748,29964.1317,28611.3617,-1352.77,87,298996.8005,9
2019-12-10 00:00:00+00:00,12,3.0165,0.107,1.0,108,818180.5183,-20959.9213,0.893,91,730645.8231,23892.66952,65741.0115,21793.6836,-43947.3279,108,818180.5183,5
2019-12-09 00:00:00+00:00,5,1.6887,0.1174,1.0,93,388315.2491,-11154.044,0.8826,82,342739.6581,3453.211939,28624.9992,16950.5918,-11674.4073,93,388315.2491,6
2019-12-08 00:00:00+00:00,4,2.6583,0.2127,1.0,55,175538.229,-14503.2767,0.7873,46,138203.4894,3363.812853,27129.2763,10205.4633,-16923.8131,55,175538.229,5
2019-12-07 00:00:00+00:00,1,0.8096,0.0958,1.0,68,302238.5538,-14919.566,0.9042,62,273281.7031,4491.705367,12955.0,16001.8507,3046.8507,68,302238.5538,5
2019-12-06 00:00:00+00:00,6,3.3422,0.0756,1.0,108,689386.1254,-20134.2803,0.9244,98,637249.4278,14809.682259,40129.8513,12006.8463,-28123.005,108,689386.1254,4
2019-12-05 00:00:00+00:00,5,1.5423,0.1032,1.0,101,596123.1959,-21711.4159,0.8968,91,534584.9213,8846.452207,37332.9992,24205.2754,-13127.7238,101,596123.1959,5
2019-12-04 00:00:00+00:00,8,2.9188,0.1524,1.0,117,482052.1791,-27626.7259,0.8476,102,408589.5543,3355.602305,54716.3238,18746.301,-35970.0227,117,482052.1791,7
2019-12-03 00:00:00+00:00,5,0.5532,0.1946,1.0,103,441055.5206,-27897.5818,0.8054,87,355205.8088,3573.041051,30577.9493,55271.7624,24693.8131,103,441055.5206,11
2019-12-02 00:00:00+00:00,5,2.7809,0.0838,1.0,98,889722.0086,-35287.214,0.9162,87,815163.0677,10628.45619,54838.9884,19719.9525,-35119.0359,98,889722.0086,6
2019-12-01 00:00:00+00:00,3,2.3148,0.1806,1.0,73,276918.7757,-36610.5348,0.8194,66,226904.6138,3386.598579,34926.0,15088.1618,-19837.8382,73,276918.7757,4
2019-11-30 00:00:00+00:00,9,2.4606,0.1156,1.0,86,685837.9266,-36022.8063,0.8844,72,606569.0801,41322.677235,56362.498,22906.3485,-33456.1495,86,685837.9266,5
2019-11-29 00:00:00+00:00,4,4.9163,0.11,1.0,92,537717.3743,-34879.3563,0.89,87,478554.3297,4484.842369,49162.9996,10000.045,-39162.9546,92,537717.3743,1
2019-11-28 00:00:00+00:00,9,2.1504,0.1223,1.0,103,1221394.2948,-41374.2515,0.8777,84,1072052.4117,19787.243745,101938.3881,47403.4949,-54534.8932,103,1221394.2948,10
2019-11-27 00:00:00+00:00,6,2.1871,0.0889,1.0,126,1143396.9666,-41908.1254,0.9111,117,1041734.9823,32048.248334,69763.9993,31897.985,-37866.0143,126,1143396.9666,3
2019-11-26 00:00:00+00:00,5,6.4372,0.0784,1.0,114,471651.8581,-36836.1731,0.9216,106,434674.2656,4826.998932,32005.6025,4971.99,-27033.6125,114,471651.8581,3
2019-11-25 00:00:00+00:00,23,1.4938,0.1969,1.0,176,1138604.9599,-38843.6578,0.8031,132,914467.3413,19423.834669,134259.9501,89877.6685,-44382.2817,176,1138604.9599,21
2019-11-24 00:00:00+00:00,5,1.8276,0.1625,1.0,97,330589.236,-37480.8946,0.8375,87,276865.4157,2804.192844,34723.7793,19000.041,-15723.7384,97,330589.236,5
2019-11-23 00:00:00+00:00,5,5.2279,0.0916,1.0,102,409089.3605,-36144.5134,0.9084,94,371597.3613,2683.900935,31471.9992,6020.0,-25451.9992,102,409089.3605,3
2019-11-22 00:00:00+00:00,21,2.243,0.1747,1.0,192,1263840.3698,-36000.3747,0.8253,161,1043047.3986,7622.447422,152710.0961,68082.875,-84627.2211,192,1263840.3698,10
2019-11-21 00:00:00+00:00,9,4.6673,0.1519,1.0,137,592957.877,-24386.1822,0.8481,124,502906.8823,4049.774815,74161.5027,15889.492,-58272.0107,137,592957.877,4
2019-11-20 00:00:00+00:00,5,1.1211,0.089,1.0,111,464971.4797,-18542.5583,0.911,99,423607.0016,4895.554582,21863.4131,19501.065,-2362.3481,111,464971.4797,7
2019-11-19 00:00:00+00:00,9,2.9186,0.1544,1.0,114,543640.5689,-33215.4853,0.8456,100,459724.6034,3907.714044,62500.9855,21414.98,-41086.0055,114,543640.5689,5
2019-11-18 00:00:00+00:00,8,2.9811,0.1601,1.0,108,437399.2958,-32776.4177,0.8399,93,367380.2784,3707.637538,52430.9782,17588.0393,-34842.9389,108,437399.2958,7
2019-11-17 00:00:00+00:00,5,1.4963,0.1388,1.0,76,230843.5791,-25825.5372,0.8612,67,198808.0303,2930.44209,19202.3095,12833.2394,-6369.0701,76,230843.5791,4
2019-11-16 00:00:00+00:00,5,7.1108,0.1311,1.0,77,247432.3727,-27059.9557,0.8689,70,214989.3843,3344.024833,28443.0084,3999.98,-24443.0284,77,247432.3727,2
2019-11-15 00:00:00+00:00,9,1.0555,0.2316,1.0,112,531824.9844,-24545.0959,0.7684,94,408667.1661,5340.095366,63242.846,59914.9723,-3327.8737,112,531824.9844,9
2019-11-14 00:00:00+00:00,7,2.1348,0.123,1.0,106,389900.5768,-26958.8698,0.877,95,341926.2104,7337.423775,32670.5049,15303.8615,-17366.6434,106,389900.5768,4
2019-11-13 00:00:00+00:00,8,5.6979,0.2806,1.0,111,533874.0023,-27784.7917,0.7194,97,384069.225,10026.579238,127438.8073,22365.97,-105072.8373,111,533874.0023,6
2019-11-12 00:00:00+00:00,6,1.3245,0.3341,1.0,104,814953.936,-14824.7784,0.6659,93,542643.1035,15357.629495,155161.6822,117149.1503,-38012.5319,104,814953.936,5
2019-11-11 00:00:00+00:00,6,0.7355,0.2085,1.0,106,434729.0431,-10978.7603,0.7915,93,344089.5731,5377.461574,38413.1229,52226.3471,13813.2241,106,434729.0431,7
2019-11-10 00:00:00+00:00,3,,0.0739,1.0,73,203140.0333,-19115.0557,0.9261,70,188130.034,2960.565742,15009.9993,0.0,-15009.9993,73,203140.0333,0
2019-11-09 00:00:00+00:00,2,2.2248,0.0691,0.9698,76,252589.0046,-30519.7891,0.9309,79,242436.1669,7621.240028,12422.9998,5583.99,-6839.0098,84,260443.1567,3
2019-11-08 00:00:00+00:00,8,1.5835,0.164,1.0,112,546153.8777,-29344.7364,0.836,93,456608.1849,5669.168268,54884.992,34660.7008,-20224.2913,112,546153.8777,11
2019-11-07 00:00:00+00:00,7,2.3666,0.1771,1.0,99,321963.5744,-32847.2074,0.8229,87,264937.6919,2745.567446,40086.9895,16938.893,-23148.0965,99,321963.5744,5
2019-11-06 00:00:00+00:00,6,1.5572,0.1535,1.0,121,429036.2759,-34139.1094,0.8465,107,363167.2599,5212.863823,40110.8802,25758.1358,-14352.7444,121,429036.2759,8
2019-11-05 00:00:00+00:00,5,1.4292,0.0527,1.0,124,1192199.7276,-37989.0314,0.9473,111,1129428.1323,21370.946762,36931.0,25840.5953,-11090.4047,124,1192199.7276,8
2019-11-04 00:00:00+00:00,12,2.1641,0.1738,1.0,120,674500.9185,-40846.5429,0.8262,99,557240.5815,4051.445426,80200.5903,37059.7467,-43140.8436,120,674500.9185,9
2019-11-03 00:00:00+00:00,4,15.2227,0.2488,0.9701,100,421781.583,-36337.0411,0.7512,104,326599.3213,8691.920042,101511.5824,6668.4486,-94843.1337,113,434779.3523,5
2019-11-02 00:00:00+00:00,4,0.9409,0.1581,0.9348,78,269282.5769,-25987.4311,0.8419,88,242513.4412,3241.863538,22076.9893,23463.3486,1386.3593,97,288053.7791,5
2019-11-01 00:00:00+00:00,10,4.0829,0.1325,1.0,119,556620.8318,-42371.6181,0.8675,104,482853.3036,4526.089449,59254.5582,14512.97,-44741.5882,119,556620.8318,5
2019-10-31 00:00:00+00:00,9,2.9509,0.0767,1.0,132,849634.3089,-41159.4478,0.9233,118,784441.1584,33495.154092,48692.2805,16500.87,-32191.4105,132,849634.3089,5
2019-10-30 00:00:00+00:00,15,1.6049,0.2627,1.0,125,676994.8859,-42913.1401,0.7373,105,499136.9277,4967.12694,109580.0782,68277.88,-41302.1982,125,676994.8859,5
2019-10-29 00:00:00+00:00,6,4.4548,0.0572,1.0,137,858695.638,-42078.8259,0.9428,128,809602.6525,12610.23518,40092.9856,9000.0,-31092.9856,137,858695.638,3
2019-10-28 00:00:00+00:00,10,1.1839,0.067,1.0,142,2051005.5397,-40930.3685,0.933,120,1913584.5314,81871.989355,74497.6695,62923.3388,-11574.3307,142,2051005.5397,12
2019-10-27 00:00:00+00:00,6,1.8578,0.198,1.0,122,376839.719,-41283.7798,0.802,109,302227.7506,2766.514738,48503.9162,26108.0522,-22395.864,122,376839.719,7
2019-10-26 00:00:00+00:00,20,11.5432,0.1688,1.0,170,798677.1339,-46183.3803,0.8312,146,663881.0894,5200.91968,124049.4972,10746.5473,-113302.9499,170,798677.1339,4
2019-10-25 00:00:00+00:00,12,2.3847,0.1285,1.0,154,689602.1765,-37463.5301,0.8715,132,600979.1297,5207.661542,62439.7213,26183.3255,-36256.3959,154,689602.1765,10
2019-10-24 00:00:00+00:00,11,2.0533,0.0919,1.0,142,1402007.6186,-31111.1695,0.9081,123,1273104.2342,37654.101471,86685.3205,42218.064,-44467.2565,142,1402007.6186,8
2019-10-23 00:00:00+00:00,9,2.9442,0.0808,1.0,146,890264.1174,-26032.5426,0.9192,131,818322.1215,9185.250265,53701.9972,18239.9986,-35461.9985,146,890264.1174,6
2019-10-22 00:00:00+00:00,4,3.5929,0.0958,1.0,105,426103.1597,-25803.9313,0.9042,97,385267.2614,5485.143224,31944.8411,8891.0571,-23053.784,105,426103.1597,4
2019-10-21 00:00:00+00:00,5,1.5887,0.1222,1.0,116,505441.9494,-28125.9592,0.8778,104,443668.1602,4910.847179,37910.9993,23862.7898,-14048.2096,116,505441.9494,7
2019-10-20 00:00:00+00:00,6,4.238,0.1964,1.0,91,466979.9363,-69829.016,0.8036,79,375269.0289,4624.081775,74201.9874,17508.92,-56693.0674,91,466979.9363,6
2019-10-19 00:00:00+00:00,4,,0.1833,0.9194,80,262198.6,-62933.6256,0.8167,99,232933.4865,4597.532038,52263.9991,0.0,-52263.9991,103,285197.4856,0
2019-10-18 00:00:00+00:00,7,0.8269,0.1435,1.0,115,603558.2267,-34871.4839,0.8565,99,516923.8806,12182.01642,39212.1088,47422.2373,8210.1285,115,603558.2267,9
2019-10-17 00:00:00+00:00,9,1.2647,0.1976,1.0,106,386137.7696,-39990.0773,0.8024,86,309836.147,3753.828248,42609.2452,33692.3774,-8916.8678,106,386137.7696,11
2019-10-16 00:00:00+00:00,8,3.0497,0.1239,1.0,134,540086.536,-45749.3626,0.8761,119,473183.4188,4969.956161,50382.4186,16520.6986,-33861.72,134,540086.536,7
2019-10-15 00:00:00+00:00,11,3.9635,0.1709,1.0,120,385163.0743,-47033.0448,0.8291,103,319327.1277,2295.908633,52571.9629,13263.9836,-39307.9792,120,385163.0743,6
2019-10-14 00:00:00+00:00,7,13.3254,0.2962,1.0,121,1200775.1297,-46231.0025,0.7038,104,845156.8656,41324.693309,330793.9355,24824.3286,-305969.6068,121,1200775.1297,10
2019-10-13 00:00:00+00:00,2,3.5604,0.0656,1.0,73,228614.7914,-16601.1382,0.9344,68,213608.1268,3343.626651,11715.9996,3290.665,-8425.3346,73,228614.7914,3
2019-10-12 00:00:00+00:00,5,0.1574,0.3745,1.0,95,528844.9638,-20737.6703,0.6255,83,330801.9891,17044.726135,26935.991,171106.9836,144170.9926,95,528844.9638,7
2019-10-11 00:00:00+00:00,11,1.9834,0.1773,1.0,130,472668.9184,-45562.2099,0.8227,110,388874.9732,3118.325724,55706.9852,28086.96,-27620.0252,130,472668.9184,9
2019-10-10 00:00:00+00:00,12,2.635,0.2266,1.0,126,483017.3861,-42659.5318,0.7734,102,373564.0611,4177.017633,79342.595,30110.73,-49231.865,126,483017.3861,12
2019-10-09 00:00:00+00:00,14,2.7272,0.1484,1.0,157,623110.0873,-41184.1698,0.8516,134,530646.3217,2965.983817,67655.6306,24808.135,-42847.4956,157,623110.0873,9
2019-10-08 00:00:00+00:00,9,2.5197,0.1339,1.0,134,582849.1783,-40251.8024,0.8661,116,504812.9275,5219.493895,55864.9669,22171.2839,-33693.683,134,582849.1783,9
2019-10-07 00:00:00+00:00,14,8.9064,0.2807,1.0,115,439908.6562,-38515.0037,0.7193,96,316416.1053,3813.719614,111026.5538,12465.997,-98560.5568,115,439908.6562,5
2019-10-06 00:00:00+00:00,19,3.1876,0.2471,1.0,88,289534.3342,-27871.2425,0.7529,61,217977.3504,3540.309772,54469.0215,17087.9623,-37381.0592,88,289534.3342,8
2019-10-05 00:00:00+00:00,9,2.8247,0.2122,0.9497,87,277736.7171,-28168.0129,0.7878,83,230388.1847,3493.722872,45823.0238,16222.2396,-29600.7842,102,292433.4481,10
2019-10-04 00:00:00+00:00,8,1.3201,0.1386,1.0,106,381941.8567,-28878.1046,0.8614,86,329020.628,9339.561251,30111.2538,22809.975,-7301.2788,106,381941.8567,12
2019-10-03 00:00:00+00:00,13,4.6329,0.2058,1.0,97,293045.1838,-29192.8063,0.7942,78,232723.1327,2332.121573,49613.1911,10708.86,-38904.3311,97,293045.1838,6
2019-10-02 00:00:00+00:00,11,2.7119,0.1752,1.0,115,449557.9673,-17718.8649,0.8248,96,370802.5234,5418.603617,57538.1839,21217.26,-36320.9239,115,449557.9673,8
2019-10-01 00:00:00+00:00,13,1.4052,0.1904,1.0,136,671318.1863,-18510.1466,0.8096,109,543477.6022,5148.773112,74688.3381,53152.2459,-21536.0922,136,671318.1863,14
2019-09-30 00:00:00+00:00,11,1.4513,0.0984,1.0,192,1327564.6125,-39499.45,0.9016,166,1196916.9637,27629.465614,77350.9385,53296.7103,-24054.2282,192,1327564.6125,15
2019-09-29 00:00:00+00:00,12,2.8733,0.1796,0.9648,164,438294.2485,-39247.7351,0.8204,156,372698.786,2599.537261,60521.5976,21063.1455,-39458.4521,180,454283.5291,12
2019-09-28 00:00:00+00:00,12,3.0002,0.0978,1.0,138,706748.3821,-34971.345,0.9022,119,637609.0204,9321.501166,51855.394,17283.9677,-34571.4263,138,706748.3821,7
2019-09-27 00:00:00+00:00,9,1.1394,0.1461,1.0,175,998239.9453,-32558.7282,0.8539,150,852422.4786,6208.622467,77660.8286,68156.6381,-9504.1905,175,998239.9453,16
2019-09-26 00:00:00+00:00,15,0.7388,0.2109,1.0,219,1307141.6006,-37318.9611,0.7891,179,1031429.321,12734.498781,117149.5104,158562.7692,41413.2588,219,1307141.6006,25
2019-09-25 00:00:00+00:00,20,1.5245,0.1788,1.0,258,1126865.5974,-47534.596,0.8212,205,925377.9551,5984.157228,121673.7691,79813.8732,-41859.8958,258,1126865.5974,33
2019-09-24 00:00:00+00:00,31,1.8612,0.4048,1.0,259,1382761.632,-49371.301,0.5952,192,823059.166,10281.086615,364081.8411,195620.625,-168461.2161,259,1382761.632,36
2019-09-23 00:00:00+00:00,15,1.2947,0.2413,1.0,158,719360.4312,-42983.5942,0.7587,123,545769.0647,5961.580761,97941.7951,75649.5715,-22292.2236,158,719360.4312,20
2019-09-22 00:00:00+00:00,9,1.5137,0.1235,0.933,103,352056.7721,-102512.9533,0.8765,109,330717.8843,4955.506688,28062.3376,18538.6159,-9523.7217,132,377318.8378,14
2019-09-21 00:00:00+00:00,15,1.6261,0.1884,0.9301,104,366153.184,-95297.103,0.8116,105,319510.1429,4580.949938,45924.1724,28241.0639,-17683.1085,136,393675.3792,16
2019-09-20 00:00:00+00:00,16,1.6569,0.2376,1.0,174,729039.813,-96379.138,0.7624,144,555818.908,3774.604226,108023.3629,65197.5421,-42825.8208,174,729039.813,14
2019-09-19 00:00:00+00:00,20,1.6169,0.1979,1.0,180,645110.565,-85077.4661,0.8021,142,517444.2905,3211.67451,78881.2299,48785.0446,-30096.1853,180,645110.565,18
2019-09-18 00:00:00+00:00,18,1.2792,0.349,1.0,206,1279876.6951,-82547.1373,0.651,166,833205.7532,12586.798673,250693.8864,195977.0554,-54716.831,206,1279876.6951,22
2019-09-17 00:00:00+00:00,27,2.5699,0.2743,1.0,220,1025918.5341,-74379.9174,0.7257,165,744521.9832,5905.688465,202571.9098,78824.6411,-123747.2687,220,1025918.5341,28
2019-09-16 00:00:00+00:00,24,11.2019,0.481,1.0,188,1091688.3807,-53447.5055,0.519,149,566628.319,29283.333366,482028.8995,43031.1622,-438997.7373,188,1091688.3807,15
2019-09-15 00:00:00+00:00,7,0.4592,0.2189,0.9421,116,475956.62,-1111.697,0.7811,114,394617.6816,7504.82276,34795.9922,75783.2225,40987.2303,147,505196.8963,26
2019-09-14 00:00:00+00:00,13,1.831,0.2296,0.9288,128,348123.8966,-11733.3811,0.7704,124,288782.7008,2824.496522,55650.8659,30393.5126,-25257.3532,157,374827.0793,20
2019-09-13 00:00:00+00:00,15,0.5538,0.1099,1.0,137,1150106.2823,-35617.6698,0.8901,106,1023747.7051,33558.603947,45036.3472,81322.23,36285.8828,137,1150106.2823,16
2019-09-12 00:00:00+00:00,11,1.3205,0.1508,1.0,150,594674.0373,-44354.3545,0.8492,125,505000.1854,5984.678969,51028.8679,38644.984,-12383.8839,150,594674.0373,14
2019-09-11 00:00:00+00:00,23,0.9794,0.3041,1.0,177,773847.2014,-47525.7498,0.6959,126,538547.6256,7258.397663,116422.934,118876.6418,2453.7079,177,773847.2014,28
2019-09-10 00:00:00+00:00,18,0.7296,0.2458,0.9832,181,582729.6009,-40036.2984,0.7542,154,447015.3506,5607.913974,61458.8064,84238.421,22779.6146,191,592712.578,19
2019-09-09 00:00:00+00:00,24,3.2496,0.1949,1.0,178,703942.9609,-104277.9686,0.8051,145,566710.5653,3606.956733,104939.7367,32292.6589,-72647.0777,178,703942.9609,9
2019-09-08 00:00:00+00:00,14,2.2739,0.1719,1.0,161,498678.7353,-99732.3486,0.8281,138,412934.297,2260.935333,59554.4983,26189.94,-33364.5583,161,498678.7353,9
2019-09-07 00:00:00+00:00,13,3.3319,0.4256,1.0,155,839960.078,-97485.9605,0.5744,136,482458.7341,16742.246073,274974.3589,82526.985,-192447.3739,155,839960.078,6
2019-09-06 00:00:00+00:00,15,1.4158,0.2333,1.0,181,619522.857,-131870.1208,0.7667,148,475019.1082,2842.703418,84687.3296,59816.4192,-24870.9105,181,619522.857,18
2019-09-05 00:00:00+00:00,13,3.2028,0.1103,1.0,183,597995.622,-134384.0689,0.8897,163,532011.8723,3696.568743,50283.7002,15700.0495,-34583.6506,183,597995.622,7
2019-09-04 00:00:00+00:00,13,0.5367,0.2622,1.0,165,694276.0576,-134106.0934,0.7378,144,512242.1791,7953.50114,63577.0054,118456.8731,54879.8678,165,694276.0576,8
2019-09-03 00:00:00+00:00,11,41.5453,0.3279,1.0,179,1366123.0482,-140279.393,0.6721,164,918152.4648,25239.912622,437441.33,10529.2534,-426912.0766,179,1366123.0482,4
2019-09-02 00:00:00+00:00,13,2.9631,0.1388,1.0,164,593970.8156,-87444.6041,0.8612,145,511547.1574,6245.265389,61625.6983,20797.96,-40827.7383,164,593970.8156,6
2019-09-01 00:00:00+00:00,7,2.7849,0.1086,1.0,136,344273.5975,-81299.2222,0.8914,123,306868.4142,2289.674936,27522.5125,9882.6708,-17639.8417,136,344273.5975,6
2019-08-31 00:00:00+00:00,11,20.7135,0.3373,1.0,156,1414448.1972,-76680.2514,0.6627,134,937368.4678,42643.06557,455108.1125,21971.6169,-433136.4957,156,1414448.1972,11
2019-08-30 00:00:00+00:00,12,2.1036,0.1492,1.0,180,800440.7373,-13928.8385,0.8508,156,681008.8637,5319.062753,80950.2105,38481.6631,-42468.5474,180,800440.7373,12
2019-08-29 00:00:00+00:00,16,1.8406,0.1626,1.0,193,678225.9501,-11588.0268,0.8374,161,567936.4692,3338.230176,71463.6512,38825.8297,-32637.8215,193,678225.9501,16
2019-08-28 00:00:00+00:00,19,0.8526,0.2376,1.0,171,617086.5602,-14157.7714,0.7624,135,470459.059,4525.048297,67480.3654,79147.1359,11666.7705,171,617086.5602,17
2019-08-27 00:00:00+00:00,16,7.6992,0.1325,1.0,150,559091.723,-20744.7299,0.8675,130,484985.6668,4384.025524,65587.3055,8518.7507,-57068.5548,150,559091.723,4
2019-08-26 00:00:00+00:00,6,0.8712,0.0421,1.0,156,754901.4967,-18910.7383,0.9579,144,723095.6138,12293.082966,14807.9739,16997.909,2189.9351,156,754901.4967,6
2019-08-25 00:00:00+00:00,4,0.2812,0.0636,0.9708,149,399561.0772,-22189.4475,0.9364,144,385370.9434,3805.209591,5748.5508,20441.5048,14692.954,161,411560.999,13
2019-08-24 00:00:00+00:00,4,0.5916,0.068,1.0,116,351245.2769,-27405.5356,0.932,105,327377.8855,3182.299158,8871.9984,14995.393,6123.3946,116,351245.2769,7
2019-08-23 00:00:00+00:00,10,2.2754,0.1203,1.0,161,556716.219,-28693.4858,0.8797,142,489733.4765,3958.079241,46532.8038,20449.9387,-26082.8652,161,556716.219,9
2019-08-22 00:00:00+00:00,11,3.9582,0.1505,1.0,178,563859.7099,-35333.7501,0.8495,158,479005.7597,3265.214718,67739.9922,17113.9581,-50626.0341,178,563859.7099,9
2019-08-21 00:00:00+00:00,17,2.3602,0.1462,1.0,179,581996.9382,-27777.6907,0.8538,149,496913.9577,2931.151536,59762.4598,25320.5208,-34441.939,179,581996.9382,13
2019-08-20 00:00:00+00:00,10,1.4736,0.199,1.0,159,1160944.5614,-29725.5573,0.801,140,929948.93,15378.1411,137613.1224,93382.5089,-44230.6135,159,1160944.5614,9
2019-08-19 00:00:00+00:00,9,1.6436,0.1487,1.0,171,573591.7137,-25096.3574,0.8513,153,488318.7277,3583.989829,53017.0075,32255.9785,-20761.029,171,573591.7137,9
2019-08-18 00:00:00+00:00,5,5.2551,0.0865,1.0,138,370758.7326,-27613.3834,0.9135,129,338683.2815,2742.432625,26947.557,5127.8941,-21819.663,138,370758.7326,4
2019-08-17 00:00:00+00:00,10,1.1293,0.1367,1.0,122,348406.0503,-27344.7805,0.8633,102,300774.5302,3265.625552,25261.8885,22369.6317,-2892.2569,122,348406.0503,10
2019-08-16 00:00:00+00:00,22,3.3376,0.1638,1.0,171,822103.5897,-31220.2152,0.8362,138,687454.5126,10178.065328,103606.8962,31042.1809,-72564.7153,171,822103.5897,11
2019-08-15 00:00:00+00:00,16,0.97,0.153,1.0,215,972233.9097,-19451.2851,0.847,174,823475.4075,6105.293168,73246.0603,75512.4418,2266.3815,215,972233.9097,25
2019-08-14 00:00:00+00:00,17,1.7242,0.2327,1.0,190,777240.9722,-50055.4945,0.7673,147,596391.0079,4706.357841,114463.4845,66386.4798,-48077.0047,190,777240.9722,26
2019-08-13 00:00:00+00:00,16,1.2097,0.2119,1.0,139,588145.4357,-47679.3691,0.7881,105,463518.8168,4722.759146,68226.4166,56400.2022,-11826.2144,139,588145.4357,18
2019-08-12 00:00:00+00:00,14,3.5503,0.1444,1.0,138,474245.7322,-60130.9575,0.8556,115,405766.6511,3502.270689,53429.6461,15049.435,-38380.2111,138,474245.7322,9
2019-08-11 00:00:00+00:00,13,1.4727,0.2967,0.9577,124,336696.2459,-62698.6586,0.7033,104,247263.4438,2677.973586,62123.4453,42184.0027,-19939.4427,139,351570.8918,22
2019-08-10 00:00:00+00:00,20,1.7245,0.2767,0.9877,165,402938.7405,-60135.5329,0.7233,125,295046.5161,1981.425867,71456.2065,41435.9067,-30020.2998,170,407938.6292,25
2019-08-09 00:00:00+00:00,12,0.8533,0.214,1.0,187,579819.5342,-60649.5162,0.786,151,455762.7325,2589.784181,57119.5029,66937.2988,9817.7959,187,579819.5342,24
2019-08-08 00:00:00+00:00,25,5.5126,0.3394,1.0,179,901370.4999,-58774.9455,0.6606,138,595464.4152,7762.115994,258934.5848,46971.5,-211963.0848,179,901370.4999,16
2019-08-07 00:00:00+00:00,22,1.409,0.321,1.0,156,576986.2249,-37494.4631,0.679,112,391784.5512,2763.172805,108322.9004,76878.7733,-31444.1272,156,576986.2249,22
2019-08-06 00:00:00+00:00,33,3.3274,0.1917,1.0,177,960095.8717,-39362.7744,0.8083,129,776046.063,6625.965996,141518.5708,42531.2379,-98987.3328,177,960095.8717,15
2019-08-05 00:00:00+00:00,32,1.7815,0.1665,1.0,228,1204644.4276,-33648.8109,0.8335,182,1004070.3178,14592.602556,128464.1144,72109.9953,-56354.1191,228,1204644.4276,14
2019-08-04 00:00:00+00:00,8,1.0614,0.2312,0.9768,108,283188.2938,-29990.9972,0.7688,91,222882.4166,1957.04706,34510.7476,32513.1848,-1997.5628,115,289906.349,16
2019-08-03 00:00:00+00:00,17,3.0849,0.1373,1.0,118,479860.6558,-30017.1259,0.8627,93,413993.3139,5826.823708,49742.7623,16124.5796,-33618.1827,118,479860.6558,8
2019-08-02 00:00:00+00:00,13,0.7689,0.2133,1.0,146,823063.6258,-26220.1762,0.7867,124,647489.2053,19406.333324,76317.315,99257.1055,22939.7905,146,823063.6258,9
2019-08-01 00:00:00+00:00,20,2.2457,0.0883,1.0,152,1858977.7264,-95305.8303,0.9117,118,1694834.3275,47546.097136,113571.5534,50571.8455,-62999.7079,152,1858977.7264,14
2019-07-31 00:00:00+00:00,17,2.3941,0.2097,1.0,160,516808.6206,-96824.5215,0.7903,134,408413.3003,2688.406089,76458.8131,31936.5073,-44522.3058,160,516808.6206,9
2019-07-30 00:00:00+00:00,17,4.9812,0.1598,1.0,150,554630.7159,-96936.8197,0.8402,126,466006.9756,4575.264128,73806.6646,14817.0757,-58989.5888,150,554630.7159,7
2019-07-29 00:00:00+00:00,15,2.0055,0.1306,1.0,142,703917.2157,-90361.3155,0.8694,117,612007.4495,8001.650243,61329.5947,30580.1716,-30749.4231,142,703917.2157,10
2019-07-28 00:00:00+00:00,8,1.1273,0.1489,0.8853,87,216611.2312,-91029.9702,0.8511,100,208252.8187,1879.621208,19302.5552,17122.092,-2180.4632,121,244677.4659,13
2019-07-27 00:00:00+00:00,11,1.2535,0.2074,0.9172,112,276755.04,-94190.7625,0.7926,107,239170.9127,2119.074102,34806.8962,27767.3611,-7039.5351,138,301745.17,20
2019-07-26 00:00:00+00:00,15,5.5474,0.4211,1.0,131,1575101.3731,-88102.0366,0.5789,102,911836.0964,57119.14453,561962.5323,101302.7444,-460659.7879,131,1575101.3731,14
2019-07-25 00:00:00+00:00,20,3.3458,0.2093,1.0,155,651855.7486,-24922.2431,0.7907,126,515450.0315,5345.244093,105018.1319,31387.5853,-73630.5467,155,651855.7486,9
2019-07-24 00:00:00+00:00,18,2.5637,0.2098,1.0,147,492280.6805,-22695.3333,0.7902,118,389022.9049,2164.251231,74283.0844,28974.6912,-45308.3932,147,492280.6805,11
2019-07-23 00:00:00+00:00,15,1.2728,0.208,0.9884,169,513080.1318,-25938.3466,0.792,138,411087.0117,2364.737727,60476.5829,47515.5238,-12961.0591,175,519079.1183,22
2019-07-22 00:00:00+00:00,13,3.3774,0.1065,1.0,155,612282.4375,-35312.099,0.8935,137,547047.2285,4116.016771,50332.6076,14902.6014,-35430.0061,155,612282.4375,5
2019-07-21 00:00:00+00:00,11,2.2027,0.1948,0.9596,112,318872.878,-51942.6582,0.8052,100,267581.7164,2372.262858,44515.9654,20209.956,-24306.0094,126,332307.6377,15
2019-07-20 00:00:00+00:00,10,0.5168,0.2229,0.9551,121,478616.0972,-67342.9993,0.7771,114,389392.0925,7647.441722,38060.4138,73641.96,35581.5462,145,501094.4664,21
2019-07-19 00:00:00+00:00,23,1.1731,0.2909,1.0,169,794183.5479,-73073.9356,0.7091,125,563149.7572,4984.508168,124717.5122,106316.2786,-18401.2336,169,794183.5479,21
2019-07-18 00:00:00+00:00,24,1.5004,0.2972,1.0,187,975659.6101,-50295.4463,0.7028,140,685656.3542,8350.104629,174022.7169,115980.5389,-58042.178,187,975659.6101,23
2019-07-17 00:00:00+00:00,28,1.6778,0.2495,1.0,221,1076999.9818,-77758.5743,0.7505,171,808314.7127,5718.837012,168347.3777,100337.8914,-68009.4863,221,1076999.9818,22
2019-07-16 00:00:00+00:00,30,1.9405,0.2731,1.0,225,899651.0348,-68598.9099,0.7269,167,653974.0201,3965.566572,162127.1702,83549.8445,-78577.3257,225,899651.0348,28
2019-07-15 00:00:00+00:00,31,2.1938,0.3778,1.0,234,1075144.1501,-391767.9161,0.6222,174,668907.0894,4385.960332,279040.4905,127196.5702,-151843.9203,234,1075144.1501,29
2019-07-14 00:00:00+00:00,26,4.1043,0.3043,1.0,178,713839.9759,-377711.3829,0.6957,135,496618.5279,3607.591195,174664.9228,42556.5252,-132108.3976,178,713839.9759,17
2019-07-13 00:00:00+00:00,12,1.2147,0.1643,0.8704,84,247909.5297,-367974.1131,0.8357,98,238028.839,2043.438044,25658.7874,21123.7801,-4535.0073,126,284811.4065,16
2019-07-12 00:00:00+00:00,15,0.3093,0.3833,1.0,152,697534.5129,-371320.0558,0.6167,111,430185.3602,9220.592395,63150.4807,204198.6721,141048.1914,152,697534.5129,26
2019-07-11 00:00:00+00:00,22,3.3433,0.2482,1.0,217,1868966.7803,-390143.8133,0.7518,191,1405064.5844,22791.232106,357093.135,106809.0609,-250284.074,217,1868966.7803,4
2019-07-10 00:00:00+00:00,34,1.0269,0.2883,1.0,228,1018076.7574,-364549.7204,0.7117,158,724579.7355,5106.760875,148694.4287,144802.5933,-3891.8354,228,1018076.7574,36
2019-07-09 00:00:00+00:00,31,37.1539,0.8207,1.0,176,3009886.0563,-372288.618,0.1793,124,539636.9548,148109.901164,2405504.7354,64744.3661,-2340760.3693,176,3009886.0563,21
2019-07-08 00:00:00+00:00,19,2.3469,0.2216,1.0,164,599310.1666,-46770.9626,0.7784,133,466495.1819,2409.932462,93131.5865,39683.3982,-53448.1882,164,599310.1666,12
2019-07-07 00:00:00+00:00,24,3.77,0.2092,1.0,130,526355.2602,-48040.395,0.7908,99,416236.671,6373.290845,87033.0491,23085.5401,-63947.5091,130,526355.2602,7
2019-07-06 00:00:00+00:00,12,1.9931,0.2346,0.965,130,346540.3188,-43268.6797,0.7654,114,274845.6435,1838.753564,56107.393,28150.7871,-27956.6059,143,359103.8235,17
2019-07-05 00:00:00+00:00,22,0.8714,0.2578,1.0,159,523924.0144,-46987.0248,0.7422,119,388854.2453,2789.885841,62893.9401,72175.829,9281.8889,159,523924.0144,18
2019-07-04 00:00:00+00:00,18,2.872,0.2448,1.0,156,601025.6025,-51155.5387,0.7552,122,453912.8906,4514.426593,109119.0679,37993.644,-71125.4239,156,601025.6025,16
2019-07-03 00:00:00+00:00,24,2.5558,0.1948,1.0,203,681398.3258,-52986.5669,0.8052,165,548694.408,2100.228692,95384.018,37319.8998,-58064.1182,203,681398.3258,14
2019-07-02 00:00:00+00:00,23,2.0186,0.2383,1.0,205,772706.2375,-59927.5269,0.7617,162,588563.5606,4388.346513,123139.7294,61002.9475,-62136.782,205,772706.2375,20
2019-07-01 00:00:00+00:00,26,2.3358,0.1936,1.0,236,804124.9871,-59992.5031,0.8064,193,648465.1316,3369.281133,108997.0351,46662.8203,-62334.2148,236,804124.9871,17
2019-06-30 00:00:00+00:00,20,1.6512,0.2205,0.9578,214,540167.3448,-58648.2432,0.7795,185,439606.6322,1863.56704,77450.7619,46905.2598,-30545.5021,238,563962.6539,33
2019-06-29 00:00:00+00:00,24,1.6019,0.2127,0.9818,246,1077378.8165,-79836.1104,0.7873,194,863955.3128,23392.467343,143680.9347,89695.9133,-53985.0215,266,1097332.1608,48
2019-06-28 00:00:00+00:00,22,1.171,0.2781,1.0,242,908340.1118,-88353.7618,0.7219,178,655772.539,4192.768952,136232.6405,116334.9323,-19897.7082,242,908340.1118,42
2019-06-27 00:00:00+00:00,39,1.6004,0.2657,1.0,344,1368105.9977,-95767.3902,0.7343,263,1004545.464,4652.017229,223751.5777,139808.956,-83942.6217,344,1368105.9977,42
2019-06-26 00:00:00+00:00,52,2.1364,0.2296,1.0,340,1281712.819,-90889.1711,0.7704,249,987368.8843,9761.563866,200497.3864,93846.5483,-106650.838,340,1281712.819,39
2019-06-25 00:00:00+00:00,32,1.7053,0.1957,1.0,261,1227094.8002,-83089.1283,0.8043,205,987012.2038,7850.424363,151337.1059,88745.4905,-62591.6153,261,1227094.8002,24
2019-06-24 00:00:00+00:00,25,1.9278,0.1822,1.0,219,916841.8403,-74762.2727,0.8178,171,749834.5636,5026.601206,109965.836,57041.4407,-52924.3953,219,916841.8403,23
2019-06-23 00:00:00+00:00,34,4.5807,0.3378,0.9721,209,802165.2735,-66902.2277,0.6622,166,546401.8725,8605.953689,228811.9391,49951.3661,-178860.573,232,825165.1777,32
2019-06-22 00:00:00+00:00,37,3.7097,0.2004,1.0,239,985396.708,-62144.587,0.7996,182,787935.365,11370.220906,155534.962,41926.381,-113608.581,239,985396.708,20
2019-06-21 00:00:00+00:00,43,1.9834,0.2043,1.0,265,1065934.9538,-58114.2946,0.7957,209,848135.9455,6895.585554,144796.0576,73002.9507,-71793.1069,265,1065934.9538,13
2019-06-20 00:00:00+00:00,26,1.9773,0.1786,1.0,229,849298.9378,-61837.4141,0.8214,185,697600.5009,4602.423177,100746.7624,50951.6745,-49795.088,229,849298.9378,18
2019-06-19 00:00:00+00:00,21,2.0442,0.106,1.0,231,1431442.5812,-91118.4282,0.894,192,1279699.8793,24809.418201,101896.6203,49846.0817,-52050.5387,231,1431442.5812,18
2019-06-18 00:00:00+00:00,21,1.0494,0.1582,1.0,272,1127460.317,-90145.218,0.8418,229,949052.6689,5218.105466,91355.6371,87052.011,-4303.6261,272,1127460.317,22
2019-06-17 00:00:00+00:00,17,0.9692,0.1761,0.9569,247,727702.808,-96896.6646,0.8239,217,626524.8981,2993.758881,65915.9897,68011.9093,2095.9196,280,760452.797,46
2019-06-16 00:00:00+00:00,37,5.8207,0.2497,1.0,213,824827.9614,-101595.965,0.7503,164,618882.7696,5334.454034,175751.1397,30194.052,-145557.0877,213,824827.9614,12
2019-06-15 00:00:00+00:00,28,3.1703,0.1614,1.0,204,1016392.7078,-73658.9402,0.8386,167,852300.4262,6781.989304,124744.408,39347.8736,-85396.5343,204,1016392.7078,9
2019-06-14 00:00:00+00:00,23,1.6727,0.3488,1.0,238,1114666.3972,-63905.7697,0.6512,187,725876.8786,8459.238371,243322.2309,145467.2876,-97854.9433,238,1114666.3972,28
2019-06-13 00:00:00+00:00,29,6.1697,0.3087,1.0,258,1144452.0009,-59802.5197,0.6913,204,791129.7654,8594.787995,304042.2113,49280.0241,-254762.1872,258,1144452.0009,25
2019-06-12 00:00:00+00:00,21,2.0232,0.1572,1.0,245,850502.2625,-35047.7026,0.8428,204,716835.3713,3161.642577,89452.479,44214.4122,-45238.0668,245,850502.2625,20
2019-06-11 00:00:00+00:00,22,2.8182,0.1388,1.0,232,780127.0496,-32482.936,0.8612,193,671844.244,4976.550702,79923.279,28359.5265,-51563.7525,232,780127.0496,17
2019-06-10 00:00:00+00:00,25,1.3472,0.2438,1.0,221,854158.7641,-47205.9698,0.7562,181,645927.5336,3683.835332,119515.2068,88716.0237,-30799.1831,221,854158.7641,15
2019-06-09 00:00:00+00:00,5,0.3373,0.1521,1.0,171,663429.3244,-58153.5898,0.8479,144,562537.2385,5696.664643,25445.0,75447.0859,50002.0859,171,663429.3244,22
2019-06-08 00:00:00+00:00,13,1.5858,0.1864,0.9672,132,392144.7367,-63832.023,0.8136,117,329851.6948,3691.770999,46357.8276,29233.4866,-17124.3411,146,405443.009,16
2019-06-07 00:00:00+00:00,29,2.0391,0.2839,1.0,189,712313.1985,-65272.454,0.7161,141,510119.6654,2632.29779,135662.8631,66530.67,-69132.1931,189,712313.1985,19
2019-06-06 00:00:00+00:00,25,2.2918,0.2592,1.0,187,801057.4408,-63338.917,0.7408,140,593430.0026,6741.688452,144552.9529,63074.4853,-81478.4676,187,801057.4408,22
2019-06-05 00:00:00+00:00,28,1.3923,0.0869,0.9819,274,1879891.5231,-59732.9493,0.9131,239,1748150.5134,34708.69174,96836.5237,69551.8232,-27284.7006,309,1914538.8603,42
2019-06-04 00:00:00+00:00,39,2.1413,0.3222,1.0,284,1320988.3626,25824.8124,0.6778,210,895411.1144,6768.670936,290101.1186,135476.1296,-154624.989,284,1320988.3626,35
2019-06-03 00:00:00+00:00,31,3.3851,0.1785,1.0,252,1106621.4054,40335.8297,0.8215,200,909102.0142,5371.832636,152475.957,45043.4342,-107432.5228,252,1106621.4054,21
2019-06-02 00:00:00+00:00,14,0.7959,0.1669,0.9575,168,517638.7051,41921.4817,0.8331,146,450390.306,2518.236048,39980.6746,50233.7275,10253.0529,191,540604.7081,31
2019-06-01 00:00:00+00:00,25,1.4453,0.2269,0.9668,216,636580.1556,26225.6078,0.7731,177,509016.5096,4232.969989,88311.9075,61104.5497,-27207.3578,238,658432.9667,36
2019-05-31 00:00:00+00:00,29,1.5306,0.207,1.0,336,1281192.3226,24651.9234,0.793,258,1016046.4367,4546.763206,160371.66,104774.2258,-55597.4342,336,1281192.3226,49
2019-05-30 00:00:00+00:00,37,1.4441,0.2098,1.0,338,1475215.1348,29395.501,0.7902,259,1165722.1159,6557.115837,182864.8562,126628.1626,-56236.6936,338,1475215.1348,42
2019-05-29 00:00:00+00:00,32,0.249,0.4471,1.0,242,2126187.219,34253.7408,0.5529,183,1175590.667,50336.194551,189488.4602,761108.0918,571619.6316,242,2126187.219,27
2019-05-28 00:00:00+00:00,27,1.924,0.1725,1.0,257,973438.1017,-53366.2788,0.8275,204,805563.3002,4184.795379,110461.3346,57413.4668,-53047.8678,257,973438.1017,26
2019-05-27 00:00:00+00:00,45,3.4355,0.1527,1.0,309,1149137.5579,-64554.1263,0.8473,247,973697.9577,3747.490316,135886.2797,39553.3205,-96332.9592,309,1149137.5579,17
2019-05-26 00:00:00+00:00,31,3.8505,0.174,1.0,228,974327.7108,-68441.6233,0.826,176,804814.3634,5660.942456,134565.7057,34947.6416,-99618.0641,228,974327.7108,21
2019-05-25 00:00:00+00:00,26,1.8298,0.184,0.9796,203,694132.2964,-69159.5016,0.816,165,578234.7334,4170.851718,84288.4694,46065.3203,-38223.1491,218,708588.523,27
2019-05-24 00:00:00+00:00,29,1.3479,0.1705,1.0,237,886415.7014,-73019.22,0.8295,183,735312.4071,4396.776776,86747.8426,64355.4518,-22392.3908,237,886415.7014,25
2019-05-23 00:00:00+00:00,29,1.2414,0.1749,1.0,300,1180253.2556,-134055.6477,0.8251,229,973824.9866,6012.195576,114328.6419,92099.6271,-22229.0148,300,1180253.2556,42
2019-05-22 00:00:00+00:00,30,1.679,0.1505,1.0,278,1093808.0314,-129686.6858,0.8495,221,929204.7938,5507.128043,103161.8716,61441.3659,-41720.5057,278,1093808.0314,27
2019-05-21 00:00:00+00:00,42,4.5305,0.1982,1.0,274,1038475.206,-146874.0968,0.8018,217,832697.3018,4013.030781,168570.3524,37207.5517,-131362.8007,274,1038475.206,15
2019-05-20 00:00:00+00:00,47,4.0215,0.157,1.0,266,1307460.793,-122892.8547,0.843,205,1102138.2101,7220.690157,164434.0104,40888.5725,-123545.438,266,1307460.793,14
2019-05-19 00:00:00+00:00,43,2.9997,0.2243,1.0,223,933291.5753,-109787.9447,0.7757,164,723990.5338,3990.324939,156972.127,52328.9145,-104643.2125,223,933291.5753,16
2019-05-18 00:00:00+00:00,20,3.0358,0.1425,1.0,216,907315.7293,-103092.4677,0.8575,182,777979.1555,6238.967263,97288.8757,32047.6981,-65241.1777,216,907315.7293,14
2019-05-17 00:00:00+00:00,91,7.3393,0.3053,1.0,352,1937482.8922,-120262.2497,0.6947,240,1345974.1571,6929.877359,520578.0599,70930.6752,-449647.3847,352,1937482.8922,21
2019-05-16 00:00:00+00:00,56,0.9887,0.3852,1.0,402,3800928.3998,-65367.5086,0.6148,319,2336855.5966,38823.546134,727859.5422,736213.2611,8353.7189,402,3800928.3998,27
2019-05-15 00:00:00+00:00,25,2.513,0.2208,1.0,376,1703624.194,-69529.6362,0.7792,312,1327408.8962,8107.457674,269123.8405,107091.4572,-162032.3833,376,1703624.194,39
2019-05-14 00:00:00+00:00,17,0.507,0.0924,1.0,299,1207669.6982,-46386.3189,0.9076,254,1096075.8333,5037.200645,37543.9854,74049.8795,36505.8942,299,1207669.6982,28
2019-05-13 00:00:00+00:00,34,1.4922,0.0961,1.0,305,1676052.5925,-67213.4253,0.9039,251,1514987.6397,18594.371782,96438.0105,64626.9423,-31811.0682,305,1676052.5925,20
2019-05-12 00:00:00+00:00,29,1.6891,0.2021,1.0,244,1115610.7749,-82365.3969,0.7979,182,890142.9501,6480.017803,141621.3488,83846.4759,-57774.8729,244,1115610.7749,33
2019-05-11 00:00:00+00:00,39,2.4369,0.2011,1.0,305,2205653.7728,-74596.8398,0.7989,258,1762122.6403,10998.099835,314480.3923,129050.7403,-185429.652,305,2205653.7728,8
2019-05-10 00:00:00+00:00,28,3.4785,0.1098,1.0,270,1076304.4445,-53742.2341,0.8902,232,958159.1921,5125.585789,91764.7247,26380.5276,-65384.1971,270,1076304.4445,10
2019-05-09 00:00:00+00:00,26,1.3158,0.1436,1.0,261,1061432.4713,-52953.648,0.8564,210,909057.8965,4694.255837,86577.8745,65796.7004,-20781.1741,261,1061432.4713,25
2019-05-08 00:00:00+00:00,20,1.0003,0.1425,1.0,279,1223845.6063,-56275.7842,0.8575,227,1049394.5849,9896.1346,87240.0919,87210.9295,-29.1624,279,1223845.6063,32
2019-05-07 00:00:00+00:00,36,2.3908,0.2116,1.0,274,1259409.3029,-58591.2986,0.7884,219,992973.8913,4901.049258,187859.6308,78575.7808,-109283.8501,274,1259409.3029,19
2019-05-06 00:00:00+00:00,46,4.1302,0.2033,1.0,260,1111471.6666,-50653.0807,0.7967,195,885504.4935,5253.404221,181921.0214,44046.1516,-137874.8698,260,1111471.6666,19
2019-05-05 00:00:00+00:00,13,1.103,0.0989,0.9624,170,674724.0019,-50418.8447,0.9011,165,631766.1881,5274.944004,36351.2943,32956.3212,-3394.9732,198,701073.8036,20
2019-05-04 00:00:00+00:00,15,1.9215,0.1682,0.956,182,710857.8106,-59837.7096,0.8318,176,618497.3044,4674.855196,82255.8996,42808.4876,-39447.412,217,743561.6917,26
2019-05-03 00:00:00+00:00,30,1.589,0.294,1.0,237,895016.6232,-53198.8719,0.706,181,631873.7193,4963.329767,161503.499,101639.4049,-59864.0941,237,895016.6232,26
2019-05-02 00:00:00+00:00,27,1.562,0.2568,1.0,194,781731.5236,-77089.9579,0.7432,149,580987.1532,4850.582029,122390.249,78354.1214,-44036.1276,194,781731.5236,18
2019-05-01 00:00:00+00:00,19,1.077,0.3565,1.0,205,1227971.1011,-80739.1566,0.6435,158,790228.7514,13882.929617,226990.0565,210752.2932,-16237.7633,205,1227971.1011,28
2019-04-30 00:00:00+00:00,21,1.4904,0.2276,1.0,249,1198310.4153,-87087.0613,0.7724,202,925523.1198,6819.560315,163251.8102,109535.4854,-53716.3248,249,1198310.4153,26
2019-04-29 00:00:00+00:00,33,2.3957,0.2293,1.0,246,1445515.7349,-82642.9749,0.7707,186,1114052.232,17237.646991,233849.3606,97614.1423,-136235.2183,246,1445515.7349,27
2019-04-28 00:00:00+00:00,12,3.2894,0.1312,1.0,185,990144.8528,-68302.2642,0.8688,164,860254.2126,6920.251781,99608.8338,30281.8064,-69327.0274,185,990144.8528,9
2019-04-27 00:00:00+00:00,6,0.8369,0.1087,0.9863,190,718095.0742,-65261.8435,0.8913,167,648963.6005,5324.923088,36049.9921,43074.444,7024.4519,200,728088.0366,27
2019-04-26 00:00:00+00:00,31,1.3792,0.617,1.0,275,2309358.8668,-72878.1601,0.383,198,884584.7331,32975.912542,825937.9147,598836.219,-227101.6958,275,2309358.8668,46
2019-04-25 00:00:00+00:00,21,1.6501,0.2317,1.0,269,1224206.3366,-53542.824,0.7683,220,940571.1684,6159.877002,176607.8434,107027.3248,-69580.5185,269,1224206.3366,28
2019-04-24 00:00:00+00:00,31,1.7749,0.1697,1.0,314,1280498.439,-48433.3984,0.8303,252,1063228.4323,4577.80409,138971.5515,78298.4552,-60673.0964,314,1280498.439,31
2019-04-23 00:00:00+00:00,17,1.2869,0.1813,1.0,242,993635.3822,-46076.2599,0.8187,201,813455.0054,4922.647491,101394.0483,78786.3286,-22607.7197,242,993635.3822,24
2019-04-22 00:00:00+00:00,22,1.7155,0.16,0.9735,258,827812.9829,-49227.5936,0.84,231,714313.1927,3547.819737,85958.7605,50108.5173,-35850.2432,281,850380.4705,28
2019-04-21 00:00:00+00:00,18,2.2439,0.1591,0.9926,210,781762.3553,-52205.707,0.8409,174,662287.1266,4828.640355,86669.3639,38625.2811,-48044.0827,216,787581.7716,24
2019-04-20 00:00:00+00:00,20,1.9806,0.1965,0.9888,206,708101.2659,-46771.9344,0.8035,168,575401.5469,3958.188792,93494.6866,47204.9223,-46289.7643,214,716101.1558,26
2019-04-19 00:00:00+00:00,19,2.9387,0.2157,1.0,229,864181.9433,-43024.0842,0.7843,184,677772.4988,4526.476273,139081.8939,47327.5507,-91754.3432,229,864181.9433,26
2019-04-18 00:00:00+00:00,25,1.5526,0.1626,1.0,254,960803.618,-38414.4789,0.8374,217,804615.5217,3918.937076,95001.3176,61186.7787,-33814.5389,254,960803.618,12
2019-04-17 00:00:00+00:00,18,1.9512,0.1628,0.9823,237,826935.4779,-39665.1027,0.8372,211,704750.2615,3567.629976,90613.4193,46440.2922,-44173.1271,252,841803.9729,23
2019-04-16 00:00:00+00:00,19,1.5609,0.2612,0.9759,218,761924.5427,-40159.0611,0.7388,185,576775.111,5094.030915,124301.1216,79634.0659,-44667.0557,237,780710.2986,33
2019-04-15 00:00:00+00:00,24,2.0251,0.1859,1.0,229,900041.2375,-51022.2297,0.8141,186,732725.4032,3778.971234,112006.4355,55309.3988,-56697.0367,229,900041.2375,19
2019-04-14 00:00:00+00:00,9,1.3044,0.1113,0.9927,190,675442.5573,-56418.4939,0.8887,166,604673.6621,5015.595167,42887.1749,32879.5001,-10007.6748,195,680440.337,20
2019-04-13 00:00:00+00:00,7,1.3375,0.2715,0.907,130,464005.5789,-57980.3652,0.7285,143,372665.0911,4770.416923,79477.5868,59422.7741,-20054.8127,183,511565.452,33
2019-04-12 00:00:00+00:00,27,2.0095,0.1962,1.0,234,904021.86,-56783.3907,0.8038,185,726675.9728,3957.418487,118416.4967,58929.3905,-59487.1062,234,904021.86,22
2019-04-11 00:00:00+00:00,30,1.5421,0.2163,1.0,271,922760.0357,-60731.0005,0.7837,209,723139.6105,3563.662015,121094.6653,78525.7599,-42568.9054,271,922760.0357,32
2019-04-10 00:00:00+00:00,25,1.6573,0.1998,1.0,265,963671.8337,-61744.9896,0.8002,213,771102.3677,3740.632515,120100.1511,72469.3148,-47630.8363,265,963671.8337,27
2019-04-09 00:00:00+00:00,36,2.1882,0.2549,1.0,263,1270843.5068,-79318.7369,0.7451,199,946955.1685,5653.986201,222298.7872,101589.5512,-120709.236,263,1270843.5068,28
2019-04-08 00:00:00+00:00,50,1.9276,0.2316,1.0,337,1287535.9705,-102438.1575,0.7684,260,989368.0264,4455.080253,196319.4151,101848.529,-94470.886,337,1287535.9705,27
2019-04-07 00:00:00+00:00,13,1.3637,0.1417,0.9886,245,949697.3413,-96336.3096,0.8583,210,824583.2273,5978.391623,78522.1885,57581.4149,-20940.7736,256,960686.8307,33
2019-04-06 00:00:00+00:00,9,1.2969,0.1398,0.9847,188,636011.9844,-103373.2194,0.8602,164,555608.5348,5576.950663,50997.0602,39321.069,-11675.9912,198,645926.664,25
2019-04-05 00:00:00+00:00,21,2.5535,0.1623,1.0,206,1227741.1037,-115882.9945,0.8377,168,1028460.7985,10750.621901,143200.3402,56079.965,-87120.3752,206,1227741.1037,17
2019-04-04 00:00:00+00:00,24,1.7765,0.1757,1.0,257,1010668.8997,-116102.9829,0.8243,207,833076.2161,5122.230671,113629.7563,63962.9274,-49666.8289,257,1010668.8997,26
2019-04-03 00:00:00+00:00,64,2.8917,0.2432,1.0,378,1443734.9717,-114746.8832,0.7568,285,1092669.0452,4472.255993,260856.497,90209.4295,-170647.0674,378,1443734.9717,29
2019-04-02 00:00:00+00:00,74,6.2202,0.287,1.0,372,1361674.9685,-101558.4835,0.713,278,970879.05,4037.086517,336670.5493,54125.3693,-282545.18,372,1361674.9685,20
2019-04-01 00:00:00+00:00,25,2.0513,0.1797,0.9709,255,811671.9077,-65125.8552,0.8203,229,685800.4681,4597.844666,100988.6969,49230.7458,-51757.9511,280,836019.9107,26
2019-03-31 00:00:00+00:00,24,3.9149,0.131,0.99,240,894615.9559,-63533.5955,0.869,206,785250.9771,5765.183085,94282.0522,24082.91,-70199.1422,249,903615.9393,19
2019-03-30 00:00:00+00:00,22,6.3554,0.1249,1.0,210,1091370.1867,-57916.5686,0.8751,177,955062.1676,27756.095889,117776.2179,18531.8012,-99244.4168,210,1091370.1867,11
2019-03-29 00:00:00+00:00,24,4.214,0.1587,1.0,259,906550.2892,-45189.5089,0.8413,220,762719.4203,3686.469714,116245.5814,27585.2876,-88660.2938,259,906550.2892,15
2019-03-28 00:00:00+00:00,21,2.18,0.1177,0.9751,231,897216.8489,-38485.8451,0.8823,209,811852.4079,7858.694068,74219.3317,34045.2007,-40174.131,254,920116.9403,24
2019-03-27 00:00:00+00:00,30,2.2061,0.2872,0.9712,251,703972.8905,-37159.8087,0.7128,206,516668.2471,3260.936179,143271.4935,64943.2236,-78328.2699,272,724882.9641,36
2019-03-26 00:00:00+00:00,18,1.4871,0.1496,0.98,253,920281.8551,-38975.6204,0.8504,231,798606.3952,5895.845587,84003.8516,56487.0702,-27516.7814,272,939097.317,23
2019-03-25 00:00:00+00:00,38,1.5132,0.2045,0.9323,283,906746.4916,-38889.4114,0.7955,274,773656.325,4481.836353,119753.816,79141.6827,-40612.1333,353,972551.8238,41
2019-03-24 00:00:00+00:00,12,2.424,0.1215,0.9804,196,599365.2917,-61317.6101,0.8785,188,537076.8626,4745.643309,52564.5772,21684.6231,-30879.9541,208,611326.0628,8
2019-03-23 00:00:00+00:00,5,1.5864,0.0304,1.0,171,1473936.9827,-61129.9891,0.9696,161,1429148.1836,20776.919259,27471.8991,17316.9,-10154.9991,171,1473936.9827,5
2019-03-22 00:00:00+00:00,21,2.0484,0.1993,0.931,198,566786.3243,-67799.6461,0.8007,190,487436.7448,2994.635944,81541.914,39807.2673,-41734.6467,243,608785.9261,32
2019-03-21 00:00:00+00:00,18,1.5106,0.1809,1.0,238,839699.8907,-68983.7643,0.8191,204,687804.8102,4063.773198,91393.4786,60501.6019,-30891.8767,238,839699.8907,16
2019-03-20 00:00:00+00:00,24,2.6045,0.1632,1.0,228,1253364.9521,-71323.891,0.8368,191,1048847.7513,15371.093919,147778.0761,56739.1247,-91038.9514,228,1253364.9521,13
2019-03-19 00:00:00+00:00,22,1.5086,0.2064,0.9521,200,612257.8865,-64382.8695,0.7936,188,510302.0144,4126.07367,79826.7818,52913.4637,-26913.3182,232,643042.2599,22
2019-03-18 00:00:00+00:00,22,3.1113,0.3557,1.0,194,1081960.8039,-67238.6914,0.6443,155,697157.8153,11634.431768,291206.2565,93596.732,-197609.5245,194,1081960.8039,17
2019-03-17 00:00:00+00:00,14,1.8879,0.1127,0.9638,140,822696.9885,-44382.2399,0.8873,142,757412.9074,14479.132322,62865.3553,33298.7484,-29566.6069,174,853577.0111,18
2019-03-16 00:00:00+00:00,32,1.6904,0.3468,1.0,180,638810.5249,-45473.484,0.6532,130,417291.2548,3551.429452,139180.9341,82338.336,-56842.5981,180,638810.5249,18
2019-03-15 00:00:00+00:00,26,2.0825,0.1939,1.0,210,734714.6649,-55144.3643,0.8061,173,592265.4921,5624.499306,96236.3235,46212.8492,-50023.4743,210,734714.6649,11
2019-03-14 00:00:00+00:00,24,2.3586,0.1144,0.9804,226,1001445.7373,-55702.184,0.8856,209,904575.3643,12910.203856,82068.6079,34795.8439,-47272.764,246,1021439.816,13
2019-03-13 00:00:00+00:00,12,2.335,0.1505,1.0,205,704610.1823,-35151.5188,0.8495,186,598558.4216,3237.261725,74251.7807,31799.98,-42451.8007,205,704610.1823,7
2019-03-12 00:00:00+00:00,18,1.9747,0.1816,1.0,233,788349.6042,-32153.1523,0.8184,203,645205.4261,3275.321589,95024.1246,48120.0535,-46904.0711,233,788349.6042,12
2019-03-11 00:00:00+00:00,22,1.615,0.1632,1.0,220,979710.8418,-36195.4749,0.8368,182,819783.0538,12031.803364,98771.0761,61156.7119,-37614.3642,220,979710.8418,16
2019-03-10 00:00:00+00:00,16,2.5844,0.1223,0.9855,172,678230.5477,-35187.7689,0.8777,157,604056.9425,8970.064735,60687.6846,23482.3686,-37205.3159,182,688226.9957,9
2019-03-09 00:00:00+00:00,42,3.5905,0.3817,1.0,163,578198.5542,-29280.1022,0.6183,92,357509.9649,4984.57581,172613.6746,48074.9148,-124538.7598,163,578198.5542,29
2019-03-08 00:00:00+00:00,29,2.2678,0.1327,1.0,199,1047530.7987,-15602.7336,0.8673,151,908529.2969,17655.200978,96464.8572,42536.6446,-53928.2126,199,1047530.7987,19
2019-03-07 00:00:00+00:00,31,0.5677,0.4685,1.0,200,747591.6946,-15784.2474,0.5315,133,397315.4598,5848.233188,126847.171,223429.0638,96581.8928,200,747591.6946,36
2019-03-06 00:00:00+00:00,19,1.3415,0.2104,1.0,212,699513.1382,-32589.7324,0.7896,175,552355.1045,3125.636988,84310.6345,62847.3991,-21463.2354,212,699513.1382,18
2019-03-05 00:00:00+00:00,38,2.4911,0.2201,1.0,208,799808.6501,-49297.1459,0.7799,148,623740.1359,4926.946738,125634.4216,50434.0925,-75200.329,208,799808.6501,22
2019-03-04 00:00:00+00:00,28,1.4436,0.1911,1.0,243,880986.6408,-37871.6269,0.8089,186,712644.1116,5914.538232,99451.4756,68891.0536,-30560.4221,243,880986.6408,29
2019-03-03 00:00:00+00:00,15,0.9252,0.1375,0.991,172,769732.0917,-100536.7181,0.8625,146,669890.7132,13220.931337,51342.8086,55491.1593,4148.3507,179,776724.6811,18
2019-03-02 00:00:00+00:00,17,1.809,0.2108,0.9937,181,471364.3786,-111614.5517,0.7892,148,374375.4548,2768.908088,64393.0483,35595.8689,-28797.1794,184,474364.3719,19
2019-03-01 00:00:00+00:00,21,2.0619,0.245,1.0,176,649552.0856,-114959.8182,0.755,134,490388.5262,4594.643921,107181.1845,51982.3748,-55198.8097,176,649552.0856,21
2019-02-28 00:00:00+00:00,22,1.3081,0.1923,1.0,238,820374.5041,-124410.7387,0.8077,187,662639.2424,3391.816476,89395.8818,68339.3799,-21056.5018,238,820374.5041,29
2019-02-27 00:00:00+00:00,22,2.5067,0.2415,1.0,237,1334142.3825,-125164.3215,0.7585,192,1011991.0473,11058.697183,230283.2325,91868.1026,-138415.1299,237,1334142.3825,23
2019-02-26 00:00:00+00:00,20,0.9413,0.2814,1.0,194,561934.4432,-115990.9424,0.7186,147,403827.0501,3086.937789,76664.5445,81442.8486,4778.3042,194,561934.4432,27
2019-02-25 00:00:00+00:00,40,2.0529,0.6998,1.0,243,1944045.6764,-130052.4606,0.3002,169,583537.6555,47198.316736,914862.041,445645.9799,-469216.0611,243,1944045.6764,34
2019-02-24 00:00:00+00:00,39,1.6744,0.2699,1.0,245,1078409.2031,-75034.0804,0.7301,175,787334.8122,6986.747222,182235.4375,108838.9534,-73396.4842,245,1078409.2031,31
2019-02-23 00:00:00+00:00,25,2.4166,0.2809,0.9643,175,432302.4546,-73824.7625,0.7191,150,322369.0204,3418.383985,89073.1904,36859.1457,-52214.0447,191,448301.3565,16
2019-02-22 00:00:00+00:00,30,4.2414,0.2566,1.0,164,764891.8661,-73134.4023,0.7434,127,568657.5763,4370.472356,158794.7717,37439.5181,-121355.2536,164,764891.8661,7
2019-02-21 00:00:00+00:00,16,1.5343,0.1427,1.0,181,874938.5169,-55986.0823,0.8573,151,750047.296,16398.659355,75611.4011,49279.8198,-26331.5813,181,874938.5169,14
2019-02-20 00:00:00+00:00,35,1.7253,0.3978,1.0,190,700819.3569,-57228.2387,0.6022,136,422010.7809,5072.575401,176505.026,102303.5501,-74201.4759,190,700819.3569,19
2019-02-19 00:00:00+00:00,35,1.793,0.3328,1.0,234,991152.3055,-44339.8674,0.6672,168,661292.7338,4822.000771,211755.9477,118103.624,-93652.3238,234,991152.3055,31
2019-02-18 00:00:00+00:00,29,1.5742,0.3274,1.0,271,1151618.3881,-36703.1597,0.6726,211,774629.9434,7237.471091,230537.922,146450.5227,-84087.3993,271,1151618.3881,31
2019-02-17 00:00:00+00:00,27,2.1943,0.2898,1.0,146,599287.3581,-26251.569,0.7102,103,425623.0791,6773.665207,119297.7691,54366.5099,-64931.2591,146,599287.3581,16
2019-02-16 00:00:00+00:00,21,3.0149,0.3104,0.8526,79,259373.7882,-27234.7731,0.6896,91,209790.7982,5299.217784,70897.5981,23516.0748,-47381.5233,131,304204.4711,19
2019-02-15 00:00:00+00:00,14,1.0363,0.1523,1.0,159,484534.1153,-25141.5173,0.8477,135,410747.2908,3810.486368,37551.9191,36234.9054,-1317.0136,159,484534.1153,10
2019-02-14 00:00:00+00:00,13,1.7421,0.2301,1.0,137,562381.8818,-38676.853,0.7699,113,432951.7915,8025.106344,82228.3829,47201.7073,-35026.6756,137,562381.8818,11
2019-02-13 00:00:00+00:00,11,0.7553,0.1536,1.0,149,748048.0057,-35874.2175,0.8464,121,633169.3161,9450.876061,49430.7834,65447.9062,16017.1227,149,748048.0057,17
2019-02-12 00:00:00+00:00,20,1.8932,0.2568,1.0,126,506956.8414,-49076.5878,0.7432,93,376758.7226,3701.103377,85196.7443,45001.3745,-40195.3699,126,506956.8414,13
2019-02-11 00:00:00+00:00,18,1.1175,0.2468,1.0,151,797783.68,-47912.1047,0.7532,115,600884.5648,6403.386166,103912.6897,92986.4254,-10926.2643,151,797783.68,18
2019-02-10 00:00:00+00:00,22,3.141,0.2659,1.0,120,522379.1162,-51392.1632,0.7341,87,383481.149,5973.59892,105355.8276,33542.1397,-71813.6879,120,522379.1162,11
2019-02-09 00:00:00+00:00,18,2.1127,0.2906,0.9557,103,301137.6456,-36482.0603,0.7094,88,223539.9036,3236.023403,62141.4359,29412.7032,-32728.7326,117,315094.0427,11
2019-02-08 00:00:00+00:00,32,2.7498,0.2895,1.0,165,711092.5633,-37875.2096,0.7105,116,505226.9218,5402.271474,150965.0025,54900.6389,-96064.3637,165,711092.5633,17
2019-02-07 00:00:00+00:00,7,1.4975,0.1353,1.0,163,571754.4726,-29730.1029,0.8647,146,494405.0674,4448.890716,46378.816,30970.5892,-15408.2268,163,571754.4726,10
2019-02-06 00:00:00+00:00,15,2.0476,0.3561,1.0,111,624096.1156,-35310.4905,0.6439,74,401834.8788,7279.35134,149330.353,72930.8838,-76399.4691,111,624096.1156,22
2019-02-05 00:00:00+00:00,11,2.5705,0.2064,0.9774,111,344982.0855,-25359.7688,0.7936,98,280114.4798,7146.41547,52447.109,20403.1202,-32043.9888,119,352964.709,10
2019-02-04 00:00:00+00:00,14,2.3213,0.2641,1.0,91,335822.9489,-28630.1148,0.7359,70,247125.8509,6867.322978,61991.8856,26705.2123,-35286.6733,91,335822.9489,7
2019-02-03 00:00:00+00:00,14,0.4831,0.1882,1.0,120,496256.569,-31736.832,0.8118,88,402849.0951,8264.492698,30425.2209,62982.253,32557.032,120,496256.569,18
2019-02-02 00:00:00+00:00,13,2.8612,0.2506,0.8701,100,306011.8127,-36036.4302,0.7494,128,263567.3418,3643.512874,65305.4023,22824.6246,-42480.7776,153,351697.3687,12
2019-02-01 00:00:00+00:00,22,1.6211,0.2201,1.0,182,748832.5618,-32764.1523,0.7799,132,584042.1827,5430.420394,101919.4981,62870.881,-39048.617,182,748832.5618,28
2019-01-31 00:00:00+00:00,19,2.3054,0.17,1.0,202,811302.3989,-31152.9542,0.83,169,673374.8617,7601.631918,96199.2383,41728.2989,-54470.9394,202,811302.3989,14
2019-01-30 00:00:00+00:00,20,1.1075,0.1773,1.0,232,745749.8652,-24877.2308,0.8227,190,613530.5523,4018.063086,69481.8653,62737.4476,-6744.4177,232,745749.8652,22
2019-01-29 00:00:00+00:00,27,1.7127,0.2842,0.9684,247,712563.0472,-26235.9546,0.7158,215,526750.7047,4031.299755,132017.1642,77080.7539,-54936.4104,271,735848.6228,29
2019-01-28 00:00:00+00:00,25,1.5434,0.2145,1.0,272,1244803.7026,-23468.4075,0.7855,218,977850.0695,7636.575123,161993.6636,104959.9695,-57033.6941,272,1244803.7026,29
2019-01-27 00:00:00+00:00,18,0.958,0.1731,0.917,144,607684.728,-21484.1105,0.8269,148,547976.3557,8543.362657,56113.5321,58573.3767,2459.8447,207,662663.2645,41
2019-01-26 00:00:00+00:00,17,1.9075,0.2432,0.7764,93,200170.9894,-31571.5893,0.7568,139,195116.6438,2129.507276,41144.3609,21569.529,-19574.8319,175,257830.5336,19
2019-01-25 00:00:00+00:00,23,1.6545,0.1944,0.9407,189,545067.2573,-35608.2903,0.8056,183,466808.8967,3787.52022,70201.3483,42431.1178,-27770.2305,226,579441.3628,20
2019-01-24 00:00:00+00:00,20,1.0873,0.2496,0.9826,213,992374.4175,-54747.2785,0.7504,185,757935.9075,7215.708952,131291.6508,120750.775,-10540.8758,231,1009978.3333,26
2019-01-23 00:00:00+00:00,19,1.1667,0.3063,0.9784,192,675008.9801,-58062.2348,0.6937,163,478614.1522,4737.442254,113786.1832,97530.6989,-16255.4842,207,689931.0344,25
2019-01-22 00:00:00+00:00,24,1.7924,0.2366,1.0,177,529652.105,-65764.158,0.7634,135,404326.1802,4517.148532,80444.7528,44881.172,-35563.5809,177,529652.105,18
2019-01-21 00:00:00+00:00,14,2.35,0.2002,0.9739,199,520701.809,-50038.2507,0.7998,182,427622.0159,3291.78887,75101.5374,31957.9223,-43143.6151,213,534681.4756,17
2019-01-20 00:00:00+00:00,14,2.4421,0.2372,1.0,136,685736.0321,-181608.2271,0.7628,102,523067.3432,11522.887514,115410.5977,47258.0912,-68152.5066,136,685736.0321,20
2019-01-19 00:00:00+00:00,18,2.3413,0.3423,1.0,143,348128.2418,-175672.9925,0.6577,110,228975.6648,3059.664621,83492.158,35660.419,-47831.739,143,348128.2418,15
2019-01-18 00:00:00+00:00,29,7.4421,0.3367,1.0,160,629539.8178,-180386.4406,0.6633,120,417582.0482,4793.558369,186850.4587,25107.311,-161743.1477,160,629539.8178,11
2019-01-17 00:00:00+00:00,18,1.5082,0.2145,1.0,186,776661.9598,-165033.8593,0.7855,146,610105.6044,4898.989153,100150.9629,66405.3925,-33745.5704,186,776661.9598,22
2019-01-16 00:00:00+00:00,22,2.4987,0.1392,1.0,195,1177100.9457,-170596.325,0.8608,157,1013294.0181,33490.683538,116987.9371,46818.9906,-70168.9465,195,1177100.9457,16
2019-01-15 00:00:00+00:00,24,0.605,0.384,1.0,215,788457.2004,-161549.2773,0.616,161,485716.1022,5780.768672,114111.6639,188629.4343,74517.7704,215,788457.2004,30
2019-01-14 00:00:00+00:00,33,10.5378,0.6176,1.0,201,1888445.222,-186375.4429,0.3824,143,722141.7582,46474.367779,1065218.457,101085.0069,-964133.4501,201,1888445.222,25
2019-01-13 00:00:00+00:00,16,1.8011,0.1472,1.0,161,631892.0804,-106117.578,0.8528,133,538858.8306,6434.563937,59819.5572,33213.6927,-26605.8645,161,631892.0804,12
2019-01-12 00:00:00+00:00,13,6.6486,0.2584,1.0,142,423472.0207,-125444.0467,0.7416,121,314028.2827,4950.633427,95134.8067,14308.9313,-80825.8754,142,423472.0207,8
2019-01-11 00:00:00+00:00,24,1.6187,0.1051,1.0,232,2186239.6756,-142361.913,0.8949,183,1956529.3447,60106.776712,141992.7048,87717.6262,-54275.0786,232,2186239.6756,25
2019-01-10 00:00:00+00:00,37,1.6199,0.2922,1.0,293,1051401.1149,-139363.3961,0.7078,227,744212.127,4935.574671,189935.9091,117253.0787,-72682.8303,293,1051401.1149,29
2019-01-09 00:00:00+00:00,34,1.0581,0.3402,1.0,204,712250.186,-139722.1257,0.6598,139,469941.6132,3861.4062,124574.0926,117734.4802,-6839.6123,204,712250.186,31
2019-01-08 00:00:00+00:00,26,2.6657,0.2923,1.0,203,747269.5026,-148411.1492,0.7077,159,528813.4349,4678.212655,158860.7284,59595.3393,-99265.3891,203,747269.5026,18
2019-01-07 00:00:00+00:00,27,6.8103,0.4988,1.0,202,1084203.5431,-137072.4293,0.5012,148,543386.2377,17036.831514,471572.8505,69244.4549,-402328.3956,202,1084203.5431,27
2019-01-06 00:00:00+00:00,34,3.7639,0.3346,1.0,187,833914.7621,-72994.2004,0.6654,129,554878.2778,10724.007756,220463.8147,58572.6695,-161891.1453,187,833914.7621,24
2019-01-05 00:00:00+00:00,38,1.221,0.7994,1.0,215,2504735.9707,-52177.9293,0.2006,149,502531.0362,63559.577943,1100727.9371,901476.9973,-199250.9398,215,2504735.9707,28
2019-01-04 00:00:00+00:00,16,1.0583,0.6168,1.0,266,1904707.0632,-35110.9397,0.3832,220,729895.8281,33057.123858,604048.3475,570762.8875,-33285.46,266,1904707.0632,30
2019-01-03 00:00:00+00:00,17,2.0914,0.271,1.0,215,786074.0586,-61613.9377,0.729,179,573085.117,4674.82103,144091.4396,68897.502,-75193.9377,215,786074.0586,19
2019-01-02 00:00:00+00:00,26,2.2447,0.2361,1.0,236,747197.1958,-63201.9618,0.7639,191,570813.9458,5160.543292,122023.0134,54360.2366,-67662.7768,236,747197.1958,19
2019-01-01 00:00:00+00:00,17,1.3235,0.3353,1.0,148,426263.6272,-61913.4199,0.6647,115,283356.8084,3788.06686,81400.5846,61506.2342,-19894.3504,148,426263.6272,16
2018-12-31 00:00:00+00:00,21,0.6431,0.2918,1.0,196,729302.6112,-73032.7677,0.7082,140,516509.2329,6227.988255,83287.0856,129506.2927,46219.2071,196,729302.6112,35
2018-12-30 00:00:00+00:00,13,1.4644,0.1889,1.0,144,454522.6231,-113441.5255,0.8111,117,368670.3925,5673.910562,51014.7391,34837.4915,-16177.2475,144,454522.6231,14
2018-12-29 00:00:00+00:00,14,2.5858,0.098,1.0,199,1840188.3599,-122474.2296,0.902,177,1659787.3205,17774.966849,130091.5262,50309.5133,-79782.0129,199,1840188.3599,8
2018-12-28 00:00:00+00:00,61,4.3736,0.3876,1.0,212,899108.5157,-119341.5539,0.6124,130,550586.9928,3877.476526,283663.9844,64857.5385,-218806.446,212,899108.5157,21
2018-12-27 00:00:00+00:00,27,2.2559,0.2105,1.0,221,1062815.8698,-167681.2792,0.7895,169,839056.9421,12011.74792,155034.5171,68724.4106,-86310.1065,221,1062815.8698,25
2018-12-26 00:00:00+00:00,19,2.4156,0.2251,1.0,186,628734.8254,-171029.5136,0.7749,149,487237.8497,4559.572316,100069.9795,41426.9962,-58642.9834,186,628734.8254,18
2018-12-25 00:00:00+00:00,30,3.5014,0.2573,1.0,231,683498.7615,-181495.7353,0.7427,185,507629.6887,3622.841493,136799.4288,39069.644,-97729.7848,231,683498.7615,16
2018-12-24 00:00:00+00:00,43,3.975,0.3075,1.0,305,1286931.5085,-190374.3973,0.6925,230,891204.2078,7405.550766,316184.6992,79542.6015,-236642.0977,305,1286931.5085,32
2018-12-23 00:00:00+00:00,26,2.478,0.2142,1.0,249,872162.9398,-171825.7326,0.7858,201,685302.4218,5831.99121,133133.347,53727.1711,-79406.1759,249,872162.9398,22
2018-12-22 00:00:00+00:00,18,2.212,0.1684,0.9711,151,884392.3574,-162335.7699,0.8316,137,757415.6995,8637.559266,105588.7697,47735.4864,-57853.2833,178,910739.9555,23
2018-12-21 00:00:00+00:00,27,4.105,0.403,1.0,243,2273247.8665,-154153.3617,0.597,188,1357171.9871,26593.967716,736630.2012,179445.6783,-557184.5229,243,2273247.8665,28
2018-12-20 00:00:00+00:00,27,1.6405,0.2306,1.0,311,1961719.1745,-84900.1787,0.7694,258,1509285.5409,13007.787553,281090.6906,171342.943,-109747.7476,311,1961719.1745,26
2018-12-19 00:00:00+00:00,49,1.919,0.2429,1.0,300,1724744.6369,-15693.8009,0.7571,215,1305764.735,7447.963838,275443.2184,143536.6835,-131906.5349,300,1724744.6369,36
2018-12-18 00:00:00+00:00,44,3.3852,0.2581,1.0,266,1138895.3742,-5214.0331,0.7419,203,844956.8893,6178.82914,226909.4519,67029.033,-159880.4189,266,1138895.3742,19
2018-12-17 00:00:00+00:00,46,2.3891,0.2243,1.0,230,1161961.5627,15074.7513,0.7757,165,901389.575,7050.944265,183686.7162,76885.2715,-106801.4447,230,1161961.5627,19
2018-12-16 00:00:00+00:00,17,1.1821,0.286,1.0,171,543760.4227,15467.0104,0.714,139,388267.1777,5828.889239,84234.8411,71258.4038,-12976.4373,171,543760.4227,15
2018-12-15 00:00:00+00:00,15,1.0072,0.3205,1.0,173,502191.8044,-6083.398,0.6795,139,341260.2489,4311.968238,80753.9905,80177.565,-576.4255,173,502191.8044,19
2018-12-14 00:00:00+00:00,35,1.6035,0.3141,1.0,241,994612.3859,-30144.1679,0.6859,179,682243.1311,4802.627137,192390.7485,119978.5064,-72412.2421,241,994612.3859,27
2018-12-13 00:00:00+00:00,16,0.2216,0.4723,1.0,243,1245070.2013,-59486.0622,0.5277,198,656998.3503,13398.114987,106687.4771,481384.3739,374696.8968,243,1245070.2013,29
2018-12-12 00:00:00+00:00,26,2.0603,0.2393,1.0,223,706141.6661,-137825.8121,0.7607,180,537153.4879,7009.520163,113768.1691,55220.0091,-58548.16,223,706141.6661,17
2018-12-11 00:00:00+00:00,24,1.3422,0.1411,1.0,215,866534.7692,-143356.2786,0.8589,177,744291.4023,8684.522688,70051.1474,52192.2195,-17858.9279,215,866534.7692,14
2018-12-10 00:00:00+00:00,22,2.6993,0.2747,1.0,214,824741.6404,-140672.8108,0.7253,167,598215.532,5527.047488,165290.8697,61235.2387,-104055.6309,214,824741.6404,25
2018-12-09 00:00:00+00:00,32,3.6943,0.3023,1.0,209,944289.563,-131774.3783,0.6977,157,658847.442,7872.823376,224635.7087,60806.4123,-163829.2964,209,944289.563,20
2018-12-08 00:00:00+00:00,39,4.2376,0.269,1.0,237,1016434.948,-110227.7853,0.731,181,743034.9041,5199.82383,221200.9293,52199.1146,-169001.8148,237,1016434.948,17
2018-12-07 00:00:00+00:00,69,3.384,0.3069,1.0,353,1664381.4117,-86084.6689,0.6931,253,1153517.0796,4710.393847,394334.9173,116529.4148,-277805.5025,353,1664381.4117,31
2018-12-06 00:00:00+00:00,42,2.6264,0.2861,1.0,267,1353335.9776,-60056.1686,0.7139,202,966082.2169,5570.494401,280467.5563,106786.2044,-173681.352,267,1353335.9776,23
2018-12-05 00:00:00+00:00,24,2.9936,0.1679,1.0,244,1160764.9318,-154170.0941,0.8321,202,965927.7974,14933.136816,146049.2801,48787.8544,-97261.4256,244,1160764.9318,18
2018-12-04 00:00:00+00:00,17,0.9859,0.1849,1.0,231,702860.476,-162498.0709,0.8151,189,572901.5688,3339.014595,64516.7801,65442.1271,925.3469,231,702860.476,25
2018-12-03 00:00:00+00:00,22,1.7934,0.2193,1.0,202,670524.9187,-170901.9455,0.7807,160,523475.9482,4104.882781,94407.787,52641.1835,-41766.6036,202,670524.9187,20
2018-12-02 00:00:00+00:00,15,1.3787,0.2065,0.9823,150,388433.5535,-195366.4719,0.7935,123,313759.1082,3752.694168,47338.787,34335.6417,-13003.1454,157,395433.5369,19
2018-12-01 00:00:00+00:00,0,,0.0,1.0,239,13406299.2118,-222552.3809,1.0,239,13406299.2118,165265.353517,0.0,0.0,0.0,239,13406299.2118,0
2018-11-30 00:00:00+00:00,3,20.1212,0.0127,1.0,185,8322558.0254,-245090.1662,0.9873,181,8216952.0263,105857.870405,100606.0,4999.9991,-95606.0009,185,8322558.0254,1
2018-11-29 00:00:00+00:00,16,8.2211,0.5951,1.0,251,1786333.7206,-257084.2154,0.4049,204,723286.1056,54022.223804,947763.2225,115284.3925,-832478.83,251,1786333.7206,31
2018-11-28 00:00:00+00:00,29,2.5762,0.2894,1.0,269,1219383.8721,-173104.3452,0.7106,220,866443.4177,12562.754811,254248.8588,98691.5956,-155557.2631,269,1219383.8721,20
2018-11-27 00:00:00+00:00,26,1.6262,0.2688,1.0,270,903415.4082,-163028.9721,0.7312,221,660577.383,3658.272238,150369.9004,92468.1248,-57901.7756,270,903415.4082,23
2018-11-26 00:00:00+00:00,58,2.7273,0.3787,1.0,257,1213885.0419,-217990.7287,0.6213,171,754214.8436,4485.593199,336344.2434,123325.9549,-213018.2886,257,1213885.0419,28
2018-11-25 00:00:00+00:00,67,2.5958,0.3498,1.0,271,1309716.5955,-219584.7881,0.6502,172,851608.5877,4519.136761,330706.258,127401.7497,-203304.5084,271,1309716.5955,32
2018-11-24 00:00:00+00:00,33,4.5573,0.3169,1.0,193,777845.1641,-208971.1196,0.6831,144,531382.0811,5529.671478,202113.7898,44349.2932,-157764.4967,193,777845.1641,16
2018-11-23 00:00:00+00:00,41,5.363,0.2705,1.0,264,968197.8531,-193268.0082,0.7295,208,706320.3414,4920.927496,220720.9285,41156.5832,-179564.3453,264,968197.8531,15
2018-11-22 00:00:00+00:00,51,8.8068,0.3425,1.0,247,897133.0236,-178791.8115,0.6575,181,589845.0818,4578.901603,275953.8402,31334.1016,-244619.7386,247,897133.0236,15
2018-11-21 00:00:00+00:00,27,1.8724,0.1636,1.0,254,1711449.6938,-166527.8797,0.8364,206,1431482.0694,13899.394086,182498.6378,97468.9866,-85029.6512,254,1711449.6938,21
2018-11-20 00:00:00+00:00,69,3.5246,0.3705,1.0,319,2140970.613,-175837.3846,0.6295,217,1347672.8392,8169.837273,617965.923,175331.8509,-442634.0721,319,2140970.613,33
2018-11-19 00:00:00+00:00,56,2.5767,0.262,1.0,329,1941176.6197,-115676.0287,0.738,245,1432630.7007,12533.269249,366361.3117,142184.6073,-224176.7043,329,1941176.6197,28
2018-11-18 00:00:00+00:00,12,6.3613,0.1943,1.0,144,911420.5912,-94107.5022,0.8057,125,734286.1537,10570.643244,153071.6331,24062.8044,-129008.8287,144,911420.5912,7
2018-11-17 00:00:00+00:00,10,5.7484,0.1891,0.9589,150,344841.9233,-76145.5766,0.8109,149,291627.4271,2606.750661,57918.2235,10075.5061,-47842.7174,165,359621.1566,6
2018-11-16 00:00:00+00:00,21,2.8838,0.2157,1.0,201,747603.1182,-73080.0337,0.7843,161,586316.0298,5265.623003,119759.0283,41528.0602,-78230.9681,201,747603.1182,19
2018-11-15 00:00:00+00:00,46,3.0622,0.2786,1.0,280,1122626.1498,-60624.2411,0.7214,214,809868.44,5056.626188,235764.9629,76992.7469,-158772.2161,280,1122626.1498,20
2018-11-14 00:00:00+00:00,44,3.4793,0.3047,1.0,279,890551.1525,-46585.8997,0.6953,216,619196.4426,4690.320982,210775.4479,60579.2621,-150196.1858,279,890551.1525,19
2018-11-13 00:00:00+00:00,25,1.4511,0.2598,0.9473,171,426018.2613,-48204.5143,0.7402,148,332894.6729,3107.604124,69171.7318,47667.1514,-21504.5804,195,449733.556,22
2018-11-12 00:00:00+00:00,38,5.4201,0.1884,0.9717,223,548447.3901,-55924.8584,0.8116,192,458126.5976,2737.222659,89757.2226,16560.2036,-73197.0191,239,564444.0238,9
2018-11-11 00:00:00+00:00,11,1.0801,0.3176,0.8406,100,225055.0783,-53009.9982,0.6824,111,182680.8,3056.891469,44158.6069,40883.2577,-3275.3492,152,267722.6646,30
2018-11-10 00:00:00+00:00,11,2.9455,0.1867,0.8075,73,231438.8777,-63230.0965,0.8133,129,233088.4643,3823.162061,39945.6601,13561.7425,-26383.9176,151,286595.8669,11
2018-11-09 00:00:00+00:00,17,0.9013,0.3508,0.9733,180,478988.596,-62589.7153,0.6492,158,319500.93,4597.307507,81839.2665,90798.8469,8959.5804,194,492139.0434,19
2018-11-08 00:00:00+00:00,21,3.9916,0.2096,0.9372,180,451356.0969,-76751.1431,0.7904,182,380658.4936,2863.382537,80728.637,20224.8107,-60503.8264,212,481611.9413,9
2018-11-07 00:00:00+00:00,40,8.2469,0.3119,1.0,212,660717.2406,-74093.8624,0.6881,162,454612.9489,3842.790403,183815.3897,22288.9019,-161526.4878,212,660717.2406,10
2018-11-06 00:00:00+00:00,28,2.2983,0.3414,0.9591,223,539115.1477,-50247.4242,0.6586,198,370188.6697,3396.324947,133735.9329,58188.9439,-75546.989,246,562113.5465,20
2018-11-05 00:00:00+00:00,31,2.9182,0.1244,0.9039,174,783715.4861,-43170.1591,0.8756,225,759162.8621,14205.214897,80315.754,27522.7559,-52792.9981,277,867001.3721,21
2018-11-04 00:00:00+00:00,26,4.3823,0.3267,1.0,158,364428.4303,-46392.2543,0.6733,119,245372.4426,3547.810961,96936.0124,22119.9753,-74816.0371,158,364428.4303,13
2018-11-03 00:00:00+00:00,10,2.2845,0.22,0.8158,86,207628.6591,-33726.725,0.78,121,198511.1725,2725.656173,38952.0255,17050.7762,-21901.2493,145,254513.9743,14
2018-11-02 00:00:00+00:00,41,5.6706,0.1819,0.976,194,690996.3714,-33124.0289,0.8181,161,579210.2861,15822.7853,109476.2097,19305.796,-90170.4137,211,707992.2919,9
2018-11-01 00:00:00+00:00,20,2.1957,0.2363,0.9271,159,439406.5515,-25987.9453,0.7637,159,361976.302,3840.151331,76947.8285,35044.9669,-41902.8616,198,473969.0975,19
2018-10-31 00:00:00+00:00,14,0.8388,0.1184,0.9449,175,491433.9635,-26067.1118,0.8816,176,458504.3876,5106.77784,28099.6047,33498.1838,5398.5791,204,520102.1761,14
2018-10-30 00:00:00+00:00,10,1.713,0.228,0.952,182,413116.0294,-24959.9891,0.772,176,334971.6102,3137.434436,62478.9804,36472.8474,-26006.133,203,433923.4381,17
2018-10-29 00:00:00+00:00,34,2.5685,0.2766,0.9552,192,592092.6877,-33037.4238,0.7234,164,448430.981,5029.07218,123385.3773,48037.713,-75347.6643,220,619854.0712,22
2018-10-28 00:00:00+00:00,7,0.3752,0.1328,0.7599,69,174312.3777,-27169.1748,0.8672,117,198914.2119,2987.520237,8312.6506,22155.3186,13842.668,138,229382.1811,14
2018-10-27 00:00:00+00:00,7,2.3479,0.1537,0.8121,44,232045.7949,-169988.782,0.8463,117,241818.3457,4888.439301,30801.1017,13118.7249,-17682.3768,134,285738.1724,10
2018-10-26 00:00:00+00:00,33,1.8383,0.2091,0.9619,164,626376.5134,-182378.2399,0.7909,129,515021.7832,8362.764093,88195.1806,47977.352,-40217.8286,189,651194.3157,27
2018-10-25 00:00:00+00:00,15,1.9082,0.1445,1.0,183,941087.5956,-183457.4508,0.8555,152,805131.6044,14408.892334,89206.5089,46749.4822,-42457.0267,183,941087.5956,16
2018-10-24 00:00:00+00:00,10,0.6992,0.1472,1.0,162,504517.894,-197648.2048,0.8528,133,430251.5096,4068.234069,30558.9732,43707.4112,13148.438,162,504517.894,19
2018-10-23 00:00:00+00:00,32,2.9747,0.2961,0.9185,145,515458.9683,-206180.4715,0.7039,139,395039.6499,4279.306155,124350.6823,41802.5058,-82548.1765,191,561192.838,20
2018-10-22 00:00:00+00:00,21,1.624,0.3121,0.9161,151,423008.0823,-199675.1775,0.6879,149,317650.7487,3274.950529,89189.2196,54919.299,-34269.9206,192,461759.2673,22
2018-10-21 00:00:00+00:00,13,50.2572,0.8496,0.959,70,1158004.9712,-216285.0698,0.1504,103,181558.0521,77377.049804,1005909.8316,20015.2492,-985894.5824,133,1207483.1329,17
2018-10-20 00:00:00+00:00,8,26.8647,0.2216,0.9803,141,497655.1628,-80108.7615,0.7784,140,395173.1163,6103.467492,108445.3005,4036.7182,-104408.5823,151,507655.1351,3
2018-10-19 00:00:00+00:00,8,3.0507,0.193,1.0,182,488829.7705,-64235.3177,0.807,165,394466.14,4227.396829,71067.9676,23295.6629,-47772.3047,182,488829.7705,9
2018-10-18 00:00:00+00:00,30,5.5084,0.2246,1.0,259,911382.8187,-74435.2878,0.7754,221,706689.1493,4785.995098,173242.9871,31450.6823,-141792.3048,259,911382.8187,8
2018-10-17 00:00:00+00:00,11,2.0877,0.209,1.0,205,632661.433,-109793.256,0.791,180,500443.5912,3698.730866,89397.6354,42820.2065,-46577.4289,205,632661.433,14
2018-10-16 00:00:00+00:00,17,1.6309,0.1873,1.0,197,824077.1024,-104162.2546,0.8127,163,669739.1905,16010.019923,95674.5152,58663.3968,-37011.1184,197,824077.1024,17
2018-10-15 00:00:00+00:00,57,2.2365,0.3811,1.0,231,1033882.8164,-109184.2269,0.6189,144,639843.3945,4880.813453,272289.2943,121750.1276,-150539.1667,231,1033882.8164,30
2018-10-14 00:00:00+00:00,13,2.1811,0.2805,0.8304,75,260448.5087,-101171.2739,0.7195,102,225662.7966,4070.776551,60313.0702,27652.6453,-32660.4249,140,313628.5121,25
2018-10-13 00:00:00+00:00,4,0.4977,0.0554,1.0,131,361192.1203,-101760.146,0.9446,119,341199.7243,3231.563583,6643.4358,13348.9602,6705.5244,131,361192.1203,8
2018-10-12 00:00:00+00:00,21,2.9093,0.3729,1.0,164,654376.1647,-103121.2156,0.6271,126,410367.7155,5955.001406,181590.2721,62418.177,-119172.0951,164,654376.1647,17
2018-10-11 00:00:00+00:00,45,4.9455,0.5095,1.0,205,1151308.6672,-90582.4687,0.4905,129,564671.0591,9981.069761,487967.8453,98669.7629,-389298.0824,205,1151308.6672,31
2018-10-10 00:00:00+00:00,9,1.2823,0.1073,1.0,212,539400.8358,-48123.1421,0.8927,193,481513.2344,2321.924521,32524.0102,25363.5912,-7160.419,212,539400.8358,10
2018-10-09 00:00:00+00:00,21,3.7655,0.3038,1.0,141,409339.2107,-53200.8493,0.6962,112,284985.7672,3132.293411,98259.1839,26094.2596,-72164.9243,141,409339.2107,8
2018-10-08 00:00:00+00:00,26,5.4155,0.3023,1.0,166,454008.4111,-47430.1183,0.6977,135,316779.9262,4401.593485,115838.4903,21389.9946,-94448.4957,166,454008.4111,5
2018-10-07 00:00:00+00:00,10,2.7627,0.3227,0.8268,75,201174.217,-35745.9519,0.6773,101,164808.8024,3240.918549,57649.5858,20867.0556,-36782.5301,130,243325.4438,19
2018-10-06 00:00:00+00:00,3,1.1219,0.1748,0.8931,79,250957.4644,-38430.7898,0.8252,98,231871.1561,3778.991055,25974.9995,23153.037,-2821.9625,116,280999.1926,15
2018-10-05 00:00:00+00:00,16,1.9609,0.1991,0.9521,135,462808.0141,-46356.2924,0.8009,127,389319.4854,7479.22897,64078.5373,32677.6702,-31400.8671,159,486075.6929,16
2018-10-04 00:00:00+00:00,31,5.6322,0.2632,0.9079,133,454689.7752,-32983.4785,0.7368,141,369000.0218,4737.36506,111961.4458,19878.6498,-92082.796,183,500840.1173,11
2018-10-03 00:00:00+00:00,12,2.5866,0.2078,0.9026,144,419397.3718,-22155.9517,0.7922,163,368099.4759,4586.90079,69619.7645,26915.3953,-42704.3691,195,464634.6357,20
2018-10-02 00:00:00+00:00,14,1.8098,0.357,0.9289,121,286858.4927,-23499.2672,0.643,107,198575.8359,3164.985025,71003.6641,39233.8567,-31769.8074,143,308813.3567,22
2018-10-01 00:00:00+00:00,7,1.267,0.2621,1.0,114,410139.1419,-33195.8663,0.7379,91,302658.0918,4135.687,60070.1905,47410.8595,-12659.331,114,410139.1419,16
2018-09-30 00:00:00+00:00,25,3.7521,0.2321,1.0,137,413545.326,34785.0756,0.7679,103,317580.588,3992.505217,75770.5666,20194.1714,-55576.3952,137,413545.326,9
2018-09-29 00:00:00+00:00,10,5.9407,0.1976,1.0,131,414411.6694,28193.9879,0.8024,116,332511.2319,4118.779742,70100.4593,11799.9782,-58300.4811,131,414411.6694,5
2018-09-28 00:00:00+00:00,10,0.425,0.2658,1.0,149,579979.7526,11172.8216,0.7342,119,425795.934,7441.273085,45987.4942,108196.3243,62208.8301,149,579979.7526,20
2018-09-27 00:00:00+00:00,11,1.3873,0.1937,1.0,142,518455.2921,-22693.7177,0.8063,116,418038.8215,5207.050343,58353.2892,42063.1814,-16290.1078,142,518455.2921,15
2018-09-26 00:00:00+00:00,24,1.3768,0.4464,1.0,142,736328.0803,-41025.1626,0.5536,91,407625.3226,8462.316175,190405.1677,138297.5901,-52107.5776,142,736328.0803,27
2018-09-25 00:00:00+00:00,16,2.6028,0.3978,0.9327,153,525149.8497,-45617.5592,0.6022,146,339065.189,6198.065784,161814.7443,62168.7431,-99646.0012,192,563048.6764,30
2018-09-24 00:00:00+00:00,19,0.1547,0.7186,1.0,129,880428.1962,-43350.9223,0.2814,86,247715.274,19520.52452,84752.83,547960.0922,463207.2622,129,880428.1962,24
2018-09-23 00:00:00+00:00,29,4.4025,0.3414,1.0,168,473065.6879,-117501.0809,0.6586,127,311564.3187,3864.921173,131607.6892,29893.68,-101714.0091,168,473065.6879,12
2018-09-22 00:00:00+00:00,53,7.6242,0.5008,1.0,134,461312.8975,-107520.71,0.4992,73,230288.0956,4785.889643,204236.7237,26788.0782,-177448.6455,134,461312.8975,8
2018-09-21 00:00:00+00:00,68,2.9936,0.3559,1.0,256,984152.2384,-95145.9617,0.6441,170,633881.0047,4860.154634,262564.0891,87707.1446,-174856.9446,256,984152.2384,18
2018-09-20 00:00:00+00:00,43,3.3094,0.3923,1.0,161,687863.3036,-79308.1746,0.6077,100,418014.8527,5962.981671,207229.3366,62619.1142,-144610.2224,161,687863.3036,18
2018-09-19 00:00:00+00:00,25,3.9227,0.3015,1.0,129,470658.6281,-71447.627,0.6985,90,328749.7382,5867.397538,113081.6217,28827.2682,-84254.3535,129,470658.6281,14
2018-09-18 00:00:00+00:00,27,3.4763,0.2755,1.0,155,549681.266,-112120.2485,0.7245,113,398236.0121,4362.630765,117612.3987,33832.8553,-83779.5434,155,549681.266,15
2018-09-17 00:00:00+00:00,25,2.1715,0.2691,1.0,173,561806.5353,-135941.3892,0.7309,131,410626.163,3806.976308,103512.1102,47668.2622,-55843.848,173,561806.5353,17
2018-09-16 00:00:00+00:00,9,2.1587,0.2515,1.0,107,345298.43,-148314.9619,0.7485,88,258467.4389,3751.48822,59341.2018,27489.7893,-31851.4124,107,345298.43,10
2018-09-15 00:00:00+00:00,31,3.3697,0.4048,1.0,127,413744.239,-147907.5491,0.5952,81,246261.7759,2805.340371,129153.9355,38328.5276,-90825.4079,127,413744.239,15
2018-09-14 00:00:00+00:00,25,1.9719,0.2993,1.0,176,653818.4593,-142153.6511,0.7007,132,458135.3568,4166.201921,129837.7686,65845.3338,-63992.4348,176,653818.4593,19
2018-09-13 00:00:00+00:00,44,2.0755,0.3718,1.0,185,689105.8225,-168763.3623,0.6282,122,432921.2307,3449.279319,172885.4904,83299.1014,-89586.389,185,689105.8225,19
2018-09-12 00:00:00+00:00,58,5.1162,0.3747,1.0,233,1463144.399,-181063.2576,0.6253,159,914909.3453,5201.761913,458598.8787,89636.1749,-368962.7038,233,1463144.399,16
2018-09-11 00:00:00+00:00,36,7.3535,0.3346,1.0,190,984572.0013,-142342.3986,0.6654,141,655182.1978,8259.759768,289958.6661,39431.1374,-250527.5287,190,984572.0013,13
2018-09-10 00:00:00+00:00,38,3.3676,0.3036,1.0,193,865660.4435,-122197.9477,0.6964,138,602859.2129,4819.676261,202630.0436,60171.187,-142458.8566,193,865660.4435,17
2018-09-09 00:00:00+00:00,15,1.5659,0.1628,1.0,167,807796.7853,-122895.9349,0.8372,138,676305.6312,7632.881027,80245.3386,51245.8155,-28999.5231,167,807796.7853,14
2018-09-08 00:00:00+00:00,25,1.6648,0.2641,1.0,162,767018.4197,-125648.4303,0.7359,122,564410.5759,4646.199397,126577.9828,76029.861,-50548.1218,162,767018.4197,15
2018-09-07 00:00:00+00:00,44,4.9994,0.4,1.0,195,938487.8808,-124342.6423,0.6,133,563078.2328,6804.735601,312835.0305,62574.6175,-250260.413,195,938487.8808,18
2018-09-06 00:00:00+00:00,37,2.8758,0.3188,1.0,243,1138575.953,-88220.0396,0.6812,184,775574.2835,5358.763235,269343.6627,93658.0067,-175685.656,243,1138575.953,22
2018-09-05 00:00:00+00:00,30,1.8979,0.3843,1.0,219,822377.8258,-70962.8322,0.6157,159,506364.0267,4666.123109,206965.2451,109048.554,-97916.6911,219,822377.8258,30
2018-09-04 00:00:00+00:00,26,2.2663,0.1676,1.0,161,1685883.4566,-78735.8334,0.8324,115,1403392.7681,51458.833011,196003.5305,86487.158,-109516.3725,161,1685883.4566,20
2018-09-03 00:00:00+00:00,31,5.352,0.268,1.0,137,802519.377,-72881.942,0.732,96,587460.3748,13479.509749,181201.8846,33857.1176,-147344.767,137,802519.377,10
2018-09-02 00:00:00+00:00,20,5.6754,0.3048,0.9425,105,213116.6803,-62175.5747,0.6952,93,157201.216,2128.243502,58590.6685,10323.6779,-48266.9906,118,226115.5625,5
2018-09-01 00:00:00+00:00,10,2.4639,0.2917,1.0,129,335838.943,-53429.3824,0.7083,108,237860.2289,3302.558297,69693.1601,28285.554,-41407.606,129,335838.943,11
2018-08-31 00:00:00+00:00,8,0.9615,0.2843,1.0,119,465778.7525,-49515.6179,0.7157,100,333359.1351,4308.410082,64910.9057,67508.7117,2597.806,119,465778.7525,11
2018-08-30 00:00:00+00:00,12,3.4892,0.2391,1.0,127,413968.518,-54634.8354,0.7609,106,314985.4264,3349.897435,76934.1479,22048.9437,-54885.2042,127,413968.518,9
2018-08-29 00:00:00+00:00,35,5.3765,0.449,1.0,147,494311.2363,-46912.5137,0.551,101,272371.3102,6995.550897,187133.8129,34806.1132,-152327.6997,147,494311.2363,11
2018-08-28 00:00:00+00:00,23,3.6644,0.2983,1.0,175,402207.3275,-43630.9843,0.7017,140,282219.4517,3036.334136,94263.5042,25724.3716,-68539.1327,175,402207.3275,12
2018-08-27 00:00:00+00:00,23,3.1977,0.2637,1.0,143,524347.6983,-41643.9071,0.7363,111,386059.3486,3387.219857,105344.2726,32944.0771,-72400.1955,143,524347.6983,9
2018-08-26 00:00:00+00:00,3,0.5218,0.1691,1.0,93,243801.058,-36344.387,0.8309,82,202570.729,2677.226457,14136.9867,27093.3423,12956.3556,93,243801.058,8
2018-08-25 00:00:00+00:00,7,8.0026,0.0518,1.0,122,347848.7023,-37095.9695,0.9482,114,329835.711,3153.151271,16012.123,2000.8683,-14011.2547,122,347848.7023,1
2018-08-24 00:00:00+00:00,12,2.2031,0.2196,1.0,107,402926.2395,-40752.7622,0.7804,86,314439.6491,5802.295491,60861.6536,27624.9368,-33236.7168,107,402926.2395,9
2018-08-23 00:00:00+00:00,16,1.0101,0.3962,1.0,121,415348.9306,-40994.1225,0.6038,91,250779.8754,3922.542688,82699.0037,81870.0516,-828.9521,121,415348.9306,14
2018-08-22 00:00:00+00:00,18,4.5537,0.3651,1.0,148,553674.6119,-45713.9218,0.6349,116,351515.8651,7302.297594,165757.8703,36400.8765,-129356.9938,148,553674.6119,14
2018-08-21 00:00:00+00:00,17,3.0091,0.2458,1.0,161,443477.6794,-35867.3577,0.7542,135,334466.5151,3257.493021,81820.3784,27190.7859,-54629.5925,161,443477.6794,9
2018-08-20 00:00:00+00:00,9,1.865,0.2783,1.0,131,420110.1085,-61604.559,0.7217,108,303181.1264,3809.423189,76116.2683,40812.7138,-35303.5545,131,420110.1085,14
2018-08-19 00:00:00+00:00,11,0.6516,0.2327,0.9109,75,142765.3716,-82417.2452,0.7673,63,120250.7206,1420.895868,14390.4292,22085.7073,7695.2782,89,156726.8571,15
2018-08-18 00:00:00+00:00,11,2.5904,0.2873,1.0,102,311221.1898,-88756.9848,0.7127,84,221803.1992,3452.007137,64513.3973,24904.5934,-39608.8039,102,311221.1898,7
2018-08-17 00:00:00+00:00,26,1.5765,0.222,1.0,172,703231.7472,-95416.538,0.778,130,547142.3857,7805.165131,95507.8003,60581.5612,-34926.2391,172,703231.7472,16
2018-08-16 00:00:00+00:00,14,1.9616,0.239,1.0,142,436518.0911,-99784.2024,0.761,113,332208.8259,2991.405301,69088.4059,35220.8592,-33867.5467,142,436518.0911,15
2018-08-15 00:00:00+00:00,27,1.899,0.2555,1.0,192,762663.1143,-102123.6154,0.7445,144,567789.9602,3545.900897,127652.0998,67221.0543,-60431.0455,192,762663.1143,21
2018-08-14 00:00:00+00:00,54,5.6967,0.326,1.0,265,1026869.9084,-107592.1254,0.674,189,692098.0385,4674.284073,284780.9359,49990.934,-234790.0018,265,1026869.9084,22
2018-08-13 00:00:00+00:00,37,3.9758,0.3199,1.0,211,945890.7539,-84937.0521,0.6801,158,643255.0557,8551.050149,241814.028,60821.6702,-180992.3578,211,945890.7539,16
2018-08-12 00:00:00+00:00,14,3.1835,0.2521,1.0,113,278790.9252,-61226.3511,0.7479,90,208508.0516,2622.230768,53482.8863,16799.9873,-36682.899,113,278790.9252,9
2018-08-11 00:00:00+00:00,27,4.7587,0.2758,1.0,159,478937.5334,-64523.2083,0.7242,119,346831.5686,3894.17031,109165.8206,22940.1442,-86225.6764,159,478937.5334,13
2018-08-10 00:00:00+00:00,16,5.086,0.163,1.0,139,598533.4233,-54926.6376,0.837,116,500972.5453,5823.225249,81530.3838,16030.4941,-65499.8897,139,598533.4233,7
2018-08-09 00:00:00+00:00,13,2.2491,0.2415,1.0,170,541077.29,-48362.4682,0.7585,145,410385.6068,6386.448147,90467.5604,40224.1228,-50243.4376,170,541077.29,12
2018-08-08 00:00:00+00:00,28,3.6818,0.2862,1.0,158,602168.7845,-40793.8878,0.7138,116,429844.1677,3508.939528,135517.6161,36807.0007,-98710.6153,158,602168.7845,14
2018-08-07 00:00:00+00:00,30,8.3415,0.2475,0.9745,152,381789.82,-39250.8947,0.7525,124,294821.3584,2679.206719,86584.4661,10379.9773,-76204.4888,162,391785.8018,8
2018-08-06 00:00:00+00:00,17,2.0258,0.1225,0.9613,145,347700.3328,-209340.8252,0.8775,134,317384.0262,2951.82937,29657.4155,14639.9646,-15017.4509,159,361681.4063,8
2018-08-05 00:00:00+00:00,12,14.2537,0.2851,0.967,92,233293.7742,-211803.4935,0.7149,85,172474.871,3279.498503,64269.8969,4508.9973,-59760.8996,100,241253.7653,3
2018-08-04 00:00:00+00:00,13,1.8174,0.2282,0.935,76,269049.4638,-207112.2739,0.7718,77,222104.2025,3951.312678,42355.5447,23305.8635,-19049.6812,96,287765.6106,6
2018-08-03 00:00:00+00:00,15,1.6252,0.2324,0.911,118,321759.299,-205818.327,0.7676,122,271092.3169,2971.596356,50820.2958,31269.5922,-19550.7036,150,353182.2049,13
2018-08-02 00:00:00+00:00,16,0.9593,0.2501,1.0,139,526349.3218,-210482.2648,0.7499,114,394685.9569,6123.179177,64463.3699,67199.995,2736.6251,139,526349.3218,9
2018-08-01 00:00:00+00:00,16,8.639,0.231,1.0,169,480279.0416,-217391.7836,0.769,149,369353.2357,3495.652828,99417.7348,11508.071,-87909.6638,169,480279.0416,4
2018-07-31 00:00:00+00:00,22,59.401,0.7826,1.0,190,1674171.5282,-212004.558,0.2174,159,363953.5215,60916.795337,1288526.0044,21692.0023,-1266834.0021,190,1674171.5282,9
2018-07-30 00:00:00+00:00,14,2.2692,0.1648,1.0,147,504147.7661,-39928.7498,0.8352,126,421061.6368,5838.734447,57671.1293,25415.0,-32256.1293,147,504147.7661,7
2018-07-29 00:00:00+00:00,8,3.8875,0.2134,0.8982,68,191817.6515,-46916.4535,0.7866,77,167985.3606,3041.909904,36246.2777,9323.915,-26922.3627,92,213555.5533,7
2018-07-28 00:00:00+00:00,6,1.9175,0.1902,0.747,58,124771.1382,-60690.905,0.8098,96,135265.1857,1995.533555,20883.115,10891.0623,-9992.0527,110,167039.363,8
2018-07-27 00:00:00+00:00,12,2.7821,0.285,1.0,149,388747.0274,-63503.9717,0.715,128,277969.251,2995.742819,81488.0222,29289.7543,-52198.268,149,388747.0274,9
2018-07-26 00:00:00+00:00,11,5.7729,0.2146,1.0,139,301713.4138,-62024.2314,0.7854,123,236962.9139,2330.28066,55190.2532,9560.2468,-45630.0064,139,301713.4138,5
2018-07-25 00:00:00+00:00,11,3.5521,0.2111,1.0,171,424155.8609,-70152.6201,0.7889,151,334616.9776,4258.408618,69868.9843,19669.8991,-50199.0852,171,424155.8609,9
2018-07-24 00:00:00+00:00,19,2.3641,0.3224,1.0,137,476612.1987,-75302.0905,0.6776,105,322959.118,4618.122217,107978.2127,45674.8681,-62303.3446,137,476612.1987,13
2018-07-23 00:00:00+00:00,25,3.4742,0.2957,1.0,160,496428.4097,-80484.04,0.7043,119,349643.9777,3060.833114,113977.2434,32807.1886,-81170.0547,160,496428.4097,16
2018-07-22 00:00:00+00:00,10,11.0426,0.3849,1.0,102,384230.9182,-87625.4209,0.6151,87,236323.4146,6816.781804,135625.5136,12281.99,-123343.5236,102,384230.9182,5
2018-07-21 00:00:00+00:00,9,4.3842,0.1771,0.8257,85,220141.5144,-71127.5499,0.8229,121,219390.7334,2457.324743,38454.8363,8771.3169,-29683.5194,139,266616.8865,9
2018-07-20 00:00:00+00:00,12,4.2668,0.1228,1.0,189,549424.0634,-69716.336,0.8772,169,481968.6235,4083.195571,54647.7631,12807.6769,-41840.0862,189,549424.0634,8
2018-07-19 00:00:00+00:00,17,3.7005,0.3002,1.0,177,594450.3308,-69300.7734,0.6998,150,415987.7843,5368.703245,140495.6366,37966.9099,-102528.7268,177,594450.3308,10
2018-07-18 00:00:00+00:00,22,4.0142,0.2274,1.0,229,630968.6443,-64552.2096,0.7726,192,487497.2716,3588.312505,114858.3754,28612.9974,-86245.3781,229,630968.6443,15
2018-07-17 00:00:00+00:00,29,4.1262,0.3114,1.0,159,519103.3723,-55298.0685,0.6886,121,357460.5769,3855.803347,130109.8935,31532.9019,-98576.9916,159,519103.3723,9
2018-07-16 00:00:00+00:00,33,6.3441,0.3286,1.0,160,548449.0775,-51940.3312,0.6714,116,368203.7915,3876.322347,155702.5034,24542.7826,-131159.7208,160,548449.0775,11
2018-07-15 00:00:00+00:00,5,2.1189,0.1128,0.867,71,168380.5483,-41335.4068,0.8872,90,172307.601,2775.426482,14881.9301,7023.5033,-7858.4268,100,194213.0344,5
2018-07-14 00:00:00+00:00,6,1.9256,0.2093,0.915,77,273722.404,-37481.5644,0.7907,90,236549.1307,4314.371735,41201.9885,21396.9665,-19805.022,106,299148.0856,10
2018-07-13 00:00:00+00:00,11,3.3626,0.1765,0.9805,127,399432.0276,-39132.858,0.8235,115,335493.1065,3848.384179,55409.2996,16478.1517,-38931.1479,135,407380.5578,9
2018-07-12 00:00:00+00:00,21,5.9488,0.2445,0.9379,136,373151.1648,-39754.6041,0.7555,129,300580.2567,3221.43002,83289.8124,14001.0324,-69288.78,161,397871.1014,11
2018-07-11 00:00:00+00:00,16,2.0345,0.1434,0.9242,116,405770.091,-30828.8066,0.8566,120,376105.9755,6386.387745,42216.1031,20749.7128,-21466.3902,150,439071.7914,14
2018-07-10 00:00:00+00:00,23,3.9053,0.1783,0.9817,191,697724.4175,-34011.7843,0.8217,168,583971.9473,7759.772584,100912.4791,25839.6483,-75072.8308,204,710724.0747,13
2018-07-09 00:00:00+00:00,22,2.3156,0.2143,0.9866,179,660445.0141,-30501.2415,0.7857,152,525977.2719,4825.158198,100195.8347,43270.5852,-56925.2495,188,669443.6918,14
2018-07-08 00:00:00+00:00,11,0.5239,0.1666,0.9456,120,347454.3452,-27511.1897,0.8334,121,306232.4591,2796.860345,21039.6212,40158.091,19118.4698,141,367430.1713,9
2018-07-07 00:00:00+00:00,7,4.4747,0.1638,0.9284,110,280034.8412,-36696.6261,0.8362,122,252213.2631,2550.349551,40390.4048,9026.3272,-31364.0776,133,301629.9951,4
2018-07-06 00:00:00+00:00,15,2.2435,0.2166,0.957,154,498835.6076,-40939.3468,0.7834,147,408375.9342,4407.619741,78090.5275,34807.1573,-43283.3702,177,521273.619,15
2018-07-05 00:00:00+00:00,13,1.1589,0.1923,0.905,141,435238.0743,-43363.3617,0.8077,160,388453.019,4381.957149,49641.9806,42833.7832,-6808.1975,191,480928.7828,18
2018-07-04 00:00:00+00:00,11,7.7137,0.1289,1.0,141,440451.3858,-50560.6215,0.8711,125,383671.8883,3250.266728,50263.3659,6516.1315,-43747.2344,141,440451.3858,5
2018-07-03 00:00:00+00:00,21,2.209,0.2356,1.0,168,568957.5552,-49724.3511,0.7644,135,434921.0246,3978.71027,92267.7807,41768.7498,-50499.0309,168,568957.5552,12
2018-07-02 00:00:00+00:00,18,2.0789,0.2488,0.9564,149,394821.7294,-51511.8965,0.7512,137,310091.0142,2682.599153,69358.4587,33363.5714,-35994.8873,167,412813.0442,12
2018-07-01 00:00:00+00:00,6,6.8591,0.2395,0.903,94,228439.7642,-81041.6988,0.7605,109,192384.7293,2645.848228,52890.5672,7710.9823,-45179.5849,121,252986.2788,6
2018-06-30 00:00:00+00:00,25,3.4766,0.3278,0.9376,121,315695.0426,-105388.6893,0.6722,108,226321.6995,2750.036007,85719.5006,24656.3785,-61063.1221,143,336697.5786,10
2018-06-29 00:00:00+00:00,24,2.7821,0.1926,1.0,190,663746.2614,-101072.1804,0.8074,151,535876.732,4177.065545,94060.5021,33809.0272,-60251.4749,190,663746.2614,15
2018-06-28 00:00:00+00:00,23,3.6202,0.1754,0.9669,199,555773.7627,-112224.2493,0.8246,181,473930.9967,3121.966931,79015.3086,21826.2925,-57189.0161,218,574772.5978,14
2018-06-27 00:00:00+00:00,22,1.619,0.2478,0.9815,195,634986.0842,-118820.2091,0.7522,166,486647.9775,4176.350181,99114.6612,61221.3195,-37893.3417,207,646983.9582,19
2018-06-26 00:00:00+00:00,26,2.2513,0.253,1.0,182,647180.8046,-121303.9042,0.747,143,483454.6903,4606.804371,113368.9815,50357.1328,-63011.8487,182,647180.8046,13
2018-06-25 00:00:00+00:00,32,4.5942,0.382,1.0,186,988980.8827,-125078.3007,0.618,138,611225.3509,10382.928155,310229.5175,67526.0144,-242703.5031,186,988980.8827,16
2018-06-24 00:00:00+00:00,34,8.6675,0.3898,0.9857,188,687354.6213,-111387.3525,0.6102,148,425504.641,4829.330094,243728.1758,28119.6572,-215608.5185,198,697352.474,16
2018-06-23 00:00:00+00:00,16,2.5324,0.2699,0.8808,99,232084.9421,-82714.5386,0.7301,101,192384.2892,2237.485691,50977.8174,20130.258,-30847.5594,131,263492.3645,14
2018-06-22 00:00:00+00:00,32,3.7761,0.3272,0.9617,222,699493.9997,-84096.66,0.6728,201,489387.1829,4201.994436,188139.599,49823.6412,-138315.9578,250,727350.4232,17
2018-06-21 00:00:00+00:00,24,10.1551,0.2511,0.9447,179,473842.3633,-79480.2279,0.7489,175,375648.6135,3560.776017,114650.6528,11289.9182,-103360.7345,207,501589.1845,8
2018-06-20 00:00:00+00:00,21,4.6454,0.1435,0.935,182,557937.2512,-75454.8382,0.8565,191,511130.5483,4989.635981,70443.0986,15163.8915,-55279.2071,221,596737.5385,9
2018-06-19 00:00:00+00:00,25,4.8853,0.2713,0.9394,176,469055.238,-95739.397,0.7287,167,363839.7182,3152.540561,112450.8763,23018.2515,-89432.6248,207,499308.846,15
2018-06-18 00:00:00+00:00,27,5.3804,0.4172,0.9612,141,492876.6382,-131275.5869,0.5828,122,298847.7196,6909.341587,180394.9385,33528.0733,-146866.8652,161,512770.7315,12
2018-06-17 00:00:00+00:00,13,1.5011,0.2954,0.7747,84,194992.6912,-122267.6897,0.7046,121,177345.253,2006.444819,44630.9188,29732.0972,-14898.8216,147,251708.2689,13
2018-06-16 00:00:00+00:00,12,8.2409,0.1393,0.8397,90,311749.8045,-131702.0851,0.8607,139,319554.9088,4554.13871,46118.7595,5596.3506,-40522.4089,156,371270.0189,5
2018-06-15 00:00:00+00:00,25,2.1259,0.3182,1.0,200,924881.1884,-131611.2469,0.6818,154,630592.2885,5510.388912,200144.9166,94143.9833,-106000.9333,200,924881.1884,21
2018-06-14 00:00:00+00:00,30,1.6997,0.3427,1.0,211,846554.1704,-120951.6204,0.6573,154,556460.9216,4772.042426,182638.1278,107455.121,-75183.0067,211,846554.1704,27
2018-06-13 00:00:00+00:00,40,3.706,0.3719,1.0,217,922488.9189,-131983.6848,0.6281,156,579413.0749,5114.423864,270173.4811,72902.3629,-197271.1182,217,922488.9189,21
2018-06-12 00:00:00+00:00,37,10.3489,0.4578,1.0,172,896745.9007,-109488.5411,0.5422,121,486211.9681,18458.482274,374359.9435,36173.989,-338185.9545,172,896745.9007,14
2018-06-11 00:00:00+00:00,34,2.9353,0.2784,0.9564,210,585582.7786,-72333.1515,0.7216,185,441835.4713,3911.31354,127119.0769,43307.4923,-83811.5846,237,612262.0405,18
2018-06-10 00:00:00+00:00,33,7.0973,0.2221,0.9655,153,467184.7443,-66859.6634,0.7779,128,376369.4668,7296.716092,94214.2951,13274.7059,-80939.5892,170,483858.4678,9
2018-06-09 00:00:00+00:00,14,5.3355,0.2242,0.7743,83,201311.354,-62375.0673,0.7758,129,201701.4683,2286.40113,49086.5517,9200.01,-39886.5417,148,259988.03,5
2018-06-08 00:00:00+00:00,13,1.7089,0.1235,1.0,177,971128.9144,-67497.5991,0.8765,148,851207.7325,14305.863971,75652.365,44268.8169,-31383.5481,177,971128.9144,16
2018-06-07 00:00:00+00:00,26,6.7288,0.3066,1.0,172,670688.3146,-138583.2369,0.6934,136,465073.3064,6210.131551,179011.2328,26603.7754,-152407.4574,172,670688.3146,10
2018-06-06 00:00:00+00:00,21,1.6292,0.1884,1.0,180,882678.1115,-131893.5472,0.8116,139,716355.3952,19446.107872,103063.9142,63258.802,-39805.1122,180,882678.1115,20
2018-06-05 00:00:00+00:00,18,2.6181,0.2644,1.0,180,660352.0206,-138285.3438,0.7356,152,485725.69,3932.415739,126362.2788,48264.0518,-78098.2271,180,660352.0206,10
2018-06-04 00:00:00+00:00,24,2.2202,0.1895,0.9763,216,618565.3455,-158009.4228,0.8105,190,513476.9905,2865.178758,82785.1307,37287.9623,-45497.1684,231,633550.0835,17
2018-06-03 00:00:00+00:00,20,4.5033,0.2956,0.9204,106,242332.4361,-185376.3063,0.7044,97,185445.8014,2372.937158,63690.3315,14142.9155,-49547.416,127,263279.0484,10
2018-06-02 00:00:00+00:00,25,5.2107,0.2705,0.9736,118,402130.1574,-239479.9816,0.7295,95,301320.3937,5350.778987,93732.9561,17988.6916,-75744.2645,129,413042.0413,9
2018-06-01 00:00:00+00:00,30,30.8291,0.4983,1.0,154,1132679.0783,-236194.0697,0.5017,114,568228.4426,21430.420854,546716.8241,17733.8116,-528983.0125,154,1132679.0783,10
2018-05-31 00:00:00+00:00,26,4.4334,0.25,1.0,213,668313.0844,-171596.9957,0.75,171,501232.4584,3124.517431,136330.1278,30750.4982,-105579.6296,213,668313.0844,16
2018-05-30 00:00:00+00:00,24,2.6738,0.2449,1.0,180,757833.001,-168729.1437,0.7551,140,572261.0229,9466.264258,135059.8333,50512.1448,-84547.6885,180,757833.001,16
2018-05-29 00:00:00+00:00,28,10.6275,0.2949,1.0,177,885200.0519,-203996.7049,0.7051,137,624127.1341,7890.87919,238619.8489,22453.0689,-216166.78,177,885200.0519,12
2018-05-28 00:00:00+00:00,32,5.313,0.3421,1.0,195,1014195.5114,-185254.5049,0.6579,139,667198.7949,11349.412262,292031.0348,54965.6817,-237065.3531,195,1014195.5114,24
2018-05-27 00:00:00+00:00,21,9.002,0.5981,1.0,141,894996.1227,-165683.0233,0.4019,107,359681.8947,29503.987199,481793.6856,53520.5424,-428273.1432,141,894996.1227,13
2018-05-26 00:00:00+00:00,11,4.7114,0.1775,1.0,110,457170.9271,-111543.4959,0.8225,90,376005.9733,6752.69633,66953.9173,14211.0366,-52742.8807,110,457170.9271,9
2018-05-25 00:00:00+00:00,19,6.2155,0.1779,1.0,152,597365.7156,-109123.8923,0.8221,127,491110.3694,4158.391038,91529.4205,14725.9256,-76803.4949,152,597365.7156,6
2018-05-24 00:00:00+00:00,22,3.0427,0.2927,1.0,172,578054.3604,-111899.2815,0.7073,134,408831.8649,3528.715056,127363.5803,41858.9152,-85504.6651,172,578054.3604,16
2018-05-23 00:00:00+00:00,52,17.8793,0.4211,1.0,223,880298.491,-110160.7123,0.5789,160,509608.3145,5575.56789,351055.3968,19634.7797,-331420.6171,223,880298.491,11
2018-05-22 00:00:00+00:00,18,2.7563,0.2431,1.0,175,747514.1276,-70777.5303,0.7569,143,565781.809,5021.132249,133351.8493,48380.4693,-84971.38,175,747514.1276,14
2018-05-21 00:00:00+00:00,24,5.9938,0.2992,0.9662,146,452581.2227,-80411.586,0.7008,127,328271.3722,3444.264837,120102.7802,20037.7982,-100064.9821,162,468411.9506,11
2018-05-20 00:00:00+00:00,10,4.0299,0.2434,0.9585,123,322304.3819,-80796.6612,0.7566,114,254437.3194,2908.849012,65566.5372,16270.086,-49296.4512,137,336273.9427,13
2018-05-19 00:00:00+00:00,12,2.9296,0.2475,0.9434,122,277891.3929,-74235.4595,0.7525,118,221654.7079,2414.003826,54362.095,18556.4389,-35805.656,139,294573.2418,9
2018-05-18 00:00:00+00:00,21,5.8091,0.2588,0.9621,152,506485.4799,-81288.442,0.7412,139,390158.9168,3475.821623,116241.3395,20010.1206,-96231.219,172,526410.3769,12
2018-05-17 00:00:00+00:00,25,5.3435,0.2385,0.9645,164,433072.0236,-76246.7552,0.7615,142,341890.5013,2712.165701,90218.5553,16883.8745,-73334.6808,180,448992.9311,13
2018-05-16 00:00:00+00:00,17,4.3379,0.2086,1.0,153,427378.1967,-78960.9294,0.7914,129,338242.1749,2651.243191,72437.1823,16698.8394,-55738.3429,153,427378.1967,7
2018-05-15 00:00:00+00:00,27,13.8617,0.2867,1.0,174,614200.9161,-85825.052,0.7133,140,438091.2877,4250.153839,164259.699,11849.9293,-152409.7697,174,614200.9161,7
2018-05-14 00:00:00+00:00,25,3.1077,0.2836,1.0,187,706148.3305,-89951.7311,0.7164,139,505876.8288,4581.553595,151516.0052,48755.4964,-102760.5088,187,706148.3305,23
2018-05-13 00:00:00+00:00,9,1.0866,0.2977,0.8018,86,218502.1356,-158130.3683,0.7023,114,191398.2528,2512.518865,42241.8419,38873.8025,-3368.0395,146,272513.8972,23
2018-05-12 00:00:00+00:00,27,4.0622,0.3168,0.9574,143,425445.4948,-164379.5376,0.6832,117,303591.3547,3603.038687,112991.7899,27815.2567,-85176.5332,162,444398.4014,18
2018-05-11 00:00:00+00:00,32,2.9255,0.2174,0.9322,201,532680.693,-176733.9918,0.7826,188,447186.0512,2866.272881,92588.7376,31649.326,-60939.4115,240,571424.1148,20
2018-05-10 00:00:00+00:00,24,3.2247,0.2492,1.0,190,703543.919,-199176.0224,0.7508,148,528200.3234,4610.585173,133838.748,41504.8476,-92333.9004,190,703543.919,18
2018-05-09 00:00:00+00:00,24,2.5144,0.263,1.0,194,915903.0199,-203690.8602,0.737,162,675045.8376,6824.88524,172322.1915,68534.9909,-103787.2006,194,915903.0199,8
2018-05-08 00:00:00+00:00,16,4.3931,0.3858,1.0,174,746994.1428,-217493.2244,0.6142,145,458836.691,6254.639526,234726.9877,53430.464,-181296.5237,174,746994.1428,13
2018-05-07 00:00:00+00:00,35,10.9138,0.516,1.0,199,1350772.9811,-219698.4405,0.484,145,653751.5755,14714.367832,638516.1876,58505.218,-580010.9695,199,1350772.9811,19
2018-05-06 00:00:00+00:00,18,2.4544,0.2913,0.9741,148,374159.7499,-146188.1521,0.7087,121,272224.8718,2682.608341,79504.9896,32392.7651,-47112.2245,158,384122.6265,19
2018-05-05 00:00:00+00:00,20,5.6302,0.4667,1.0,142,526680.4608,-147981.8938,0.5333,108,280875.6827,5847.584636,208731.2454,37073.5327,-171657.7127,142,526680.4608,14
2018-05-04 00:00:00+00:00,42,4.8959,0.377,1.0,226,875344.9248,-113213.4603,0.623,162,545382.4881,3999.277968,273998.031,55964.4057,-218033.6253,226,875344.9248,22
2018-05-03 00:00:00+00:00,37,2.5324,0.3154,1.0,235,905767.5884,-91075.069,0.6846,176,620075.4509,10778.152976,204814.9511,80877.1864,-123937.7648,235,905767.5884,22
2018-05-02 00:00:00+00:00,33,5.6592,0.2412,1.0,208,1187460.9811,-83288.4539,0.7588,156,901032.0482,13952.769184,243416.3416,43012.5913,-200403.7503,208,1187460.9811,19
2018-05-01 00:00:00+00:00,37,11.3316,0.3901,1.0,180,601937.264,-63996.1438,0.6099,130,367120.6039,4577.12778,215774.8482,19041.812,-196733.0362,180,601937.264,13
2018-04-30 00:00:00+00:00,17,2.3108,0.262,1.0,182,630838.5865,-50402.7196,0.738,143,465554.5352,4332.235008,115361.5012,49922.5502,-65438.951,182,630838.5865,22
2018-04-29 00:00:00+00:00,20,2.3986,0.3183,0.9542,164,434657.9959,-39331.7606,0.6817,137,310532.2602,2803.897267,102332.1174,42663.7011,-59668.4163,185,455528.0787,28
2018-04-28 00:00:00+00:00,20,0.6579,0.506,1.0,138,686842.8972,-38111.0832,0.494,91,339314.9133,8628.864281,137903.3309,209624.653,71721.3221,138,686842.8972,27
2018-04-27 00:00:00+00:00,20,3.1215,0.1679,1.0,172,729815.8834,-57566.0677,0.8321,138,607297.4597,3311.558497,92791.6551,29726.7685,-63064.8866,172,729815.8834,14
2018-04-26 00:00:00+00:00,22,2.886,0.2098,1.0,188,682031.1435,-62693.8546,0.7902,150,538970.5324,3563.09933,106246.0352,36814.5759,-69431.4593,188,682031.1435,16
2018-04-25 00:00:00+00:00,42,1.4703,0.4092,1.0,211,838901.2799,-62091.9362,0.5908,134,495619.3279,5645.955625,204319.7655,138962.1864,-65357.5791,211,838901.2799,35
2018-04-24 00:00:00+00:00,43,2.5195,0.23,1.0,225,1022989.1592,-62056.8503,0.77,153,787713.4604,14969.140411,168427.3828,66848.316,-101579.0668,225,1022989.1592,29
2018-04-23 00:00:00+00:00,23,0.9796,0.6919,1.0,166,1695153.2939,-56254.6426,0.3081,131,522301.4549,52175.086642,580397.0386,592454.8004,12057.7618,166,1695153.2939,12
2018-04-22 00:00:00+00:00,22,3.3493,0.3359,0.9543,123,268895.2376,-68648.7126,0.6641,101,187133.4168,1987.264541,72885.2669,21761.5926,-51123.6743,136,281780.2764,13
2018-04-21 00:00:00+00:00,23,3.5506,0.1819,0.9795,155,619312.8426,-69266.9717,0.8181,127,517289.0497,13713.7617,89736.963,25273.3933,-64463.5697,168,632299.406,18
2018-04-20 00:00:00+00:00,25,4.1737,0.2308,1.0,192,698895.889,-64675.9427,0.7692,151,537574.4598,7788.380623,130140.4119,31181.0173,-98959.3946,192,698895.889,16
2018-04-19 00:00:00+00:00,25,2.7844,0.2531,0.9763,179,533615.2594,-64347.5433,0.7469,145,408250.1146,3193.236251,101766.3651,36548.3346,-65218.0305,192,546564.8143,22
2018-04-18 00:00:00+00:00,27,2.0394,0.3038,0.9809,178,614697.1977,-66556.5596,0.6962,141,436296.2582,4154.476031,127755.407,62643.4291,-65111.9779,190,626695.0943,22
2018-04-17 00:00:00+00:00,18,3.2764,0.2916,0.972,149,381737.375,-65105.0247,0.7084,125,278195.9983,2485.4152,87744.8898,26781.2771,-60963.6126,160,392722.1652,17
2018-04-16 00:00:00+00:00,20,4.59,0.3343,1.0,130,347893.6694,-63306.8305,0.6657,99,231576.4389,2217.270577,95508.9796,20808.2509,-74700.7287,130,347893.6694,11
2018-04-15 00:00:00+00:00,12,4.484,0.2924,1.0,104,298550.7769,-61232.887,0.7076,84,211266.8758,2999.666098,71367.6946,15916.2065,-55451.4881,104,298550.7769,8
2018-04-14 00:00:00+00:00,17,2.4646,0.3455,0.9291,90,205627.6398,-81519.0018,0.6545,76,144851.4448,2281.151016,54398.3494,22071.9831,-32326.3663,106,221321.7774,13
2018-04-13 00:00:00+00:00,31,2.9934,0.2587,1.0,183,748653.4031,-81588.311,0.7413,141,555011.705,3762.326615,145151.1486,48490.5495,-96660.599,183,748653.4031,11
2018-04-12 00:00:00+00:00,33,2.717,0.2296,1.0,188,760778.5624,-74402.0348,0.7704,135,586118.4355,3762.418412,127670.6356,46989.4913,-80681.1443,188,760778.5624,20
2018-04-11 00:00:00+00:00,17,3.0379,0.2388,0.9609,152,438109.2453,-68691.2312,0.7612,139,347056.6108,3296.585388,81915.9521,26964.718,-54951.2341,170,455937.281,14
2018-04-10 00:00:00+00:00,18,3.7431,0.2554,0.9516,119,311699.2546,-77623.2698,0.7446,109,243899.2568,2205.629997,66011.7251,17635.4723,-48376.2528,135,327546.4542,8
2018-04-09 00:00:00+00:00,19,4.6905,0.1893,1.0,138,490225.5731,-78102.3754,0.8107,110,397427.217,3256.575402,76490.7402,16307.6159,-60183.1243,138,490225.5731,9
2018-04-08 00:00:00+00:00,8,13.1363,0.4397,1.0,94,523094.9247,-73906.0978,0.5603,78,293101.2369,14170.021059,213723.9896,16269.6982,-197454.2915,94,523094.9247,8
2018-04-07 00:00:00+00:00,17,2.5631,0.3292,0.943,81,214253.2937,-51133.7959,0.6708,64,152415.5517,2642.178465,53802.9321,20991.4014,-32811.5307,94,227209.8853,13
2018-04-06 00:00:00+00:00,11,3.349,0.2329,1.0,127,368432.89,-48327.276,0.7671,105,282607.6232,3514.394907,66090.9663,19734.3006,-46356.6657,127,368432.89,11
2018-04-05 00:00:00+00:00,20,1.9601,0.3218,0.9744,136,379991.6448,-46733.3456,0.6782,109,264464.6351,2910.423523,83101.4505,42395.9312,-40705.5193,146,389962.0167,17
2018-04-04 00:00:00+00:00,28,5.5066,0.3418,1.0,135,496168.5144,-50831.9238,0.6582,102,326558.2205,3519.516942,143542.899,26067.3948,-117475.5042,135,496168.5144,5
2018-04-03 00:00:00+00:00,16,2.0654,0.2412,1.0,146,617069.2817,-46899.2799,0.7588,108,468226.7695,6017.426978,100286.2523,48556.26,-51729.9923,146,617069.2817,22
2018-04-02 00:00:00+00:00,15,2.5154,0.1645,1.0,125,434361.4283,-56248.2051,0.8355,101,362890.4342,3015.576741,51140.0876,20330.9065,-30809.1811,125,434361.4283,9
2018-04-01 00:00:00+00:00,15,3.6198,0.1979,1.0,114,339003.9397,-61099.4499,0.8021,92,271909.0034,3135.242481,52571.5574,14523.379,-38048.1784,114,339003.9397,7
2018-03-31 00:00:00+00:00,10,1.2183,0.2549,1.0,118,524879.716,-56705.2523,0.7451,95,391081.071,6698.510673,73482.268,60316.377,-13165.8911,118,524879.716,13
2018-03-30 00:00:00+00:00,22,1.6245,0.2131,1.0,196,694039.959,-59994.5723,0.7869,159,546120.6751,4062.018647,91559.2183,56360.0656,-35199.1527,196,694039.959,15
2018-03-29 00:00:00+00:00,34,2.1576,0.2151,1.0,206,880019.0444,-77597.7569,0.7849,153,690728.0927,4675.444729,129343.2593,59947.6923,-69395.567,206,880019.0444,19
2018-03-28 00:00:00+00:00,13,3.9411,0.1267,1.0,157,1193013.2304,-81455.8909,0.8733,137,1041901.0066,47449.950413,120529.6103,30582.6135,-89946.9968,157,1193013.2304,7
2018-03-27 00:00:00+00:00,28,1.7308,0.426,1.0,160,1027647.416,-83556.1533,0.574,111,589826.7094,12218.860104,277496.5878,160324.1188,-117172.469,160,1027647.416,21
2018-03-26 00:00:00+00:00,17,3.372,0.1751,1.0,157,681712.3659,-80301.3156,0.8249,130,562334.7812,5501.931543,92072.7394,27304.8452,-64767.8942,157,681712.3659,10
2018-03-25 00:00:00+00:00,8,1.3,0.2119,0.9662,93,254809.9205,-94414.8536,0.7881,86,207839.3766,2625.30025,31586.3759,24297.5808,-7288.7951,102,263723.3332,8
2018-03-24 00:00:00+00:00,11,2.465,0.2152,0.9583,106,381207.0454,-123339.8177,0.7848,101,312193.634,5033.168791,60895.7113,24704.5797,-36191.1317,123,397793.925,11
2018-03-23 00:00:00+00:00,20,5.1645,0.3105,0.9854,175,744306.3681,-124490.4691,0.6895,153,520803.0508,8227.786928,196462.3108,38040.866,-158421.4448,186,755306.2277,13
2018-03-22 00:00:00+00:00,14,4.1013,0.3128,1.0,116,506969.9276,-115921.8948,0.6872,93,348399.1823,5247.29532,127486.6251,31084.1201,-96402.505,116,506969.9276,9
2018-03-21 00:00:00+00:00,25,4.9423,0.2378,0.9789,159,649203.9993,-117553.91,0.7622,135,505463.7323,12280.097477,131194.1046,26545.2712,-104648.8335,173,663203.1081,13
2018-03-20 00:00:00+00:00,21,3.7461,0.2817,1.0,153,579119.5941,-117738.5908,0.7183,118,415986.2754,6061.928325,128760.9618,34372.3569,-94388.6049,153,579119.5941,14
2018-03-19 00:00:00+00:00,26,3.5361,0.4073,1.0,178,718315.8284,-119984.011,0.5927,135,425767.2145,5854.482387,228055.637,64492.9769,-163562.6601,178,718315.8284,17
2018-03-18 00:00:00+00:00,39,3.9967,0.301,1.0,183,1161990.3851,-102865.7706,0.699,129,812229.7325,18402.528178,279762.0982,69998.5544,-209763.5437,183,1161990.3851,15
2018-03-17 00:00:00+00:00,20,3.9936,0.2103,1.0,113,351021.2313,-74039.5774,0.7897,84,277215.2273,4491.659627,59025.8478,14780.1563,-44245.6915,113,351021.2313,9
2018-03-16 00:00:00+00:00,21,3.8483,0.4508,1.0,124,371678.9645,-73849.1905,0.5492,88,204114.6049,4133.865487,133002.8923,34561.4673,-98441.425,124,371678.9645,15
2018-03-15 00:00:00+00:00,24,3.6246,0.304,1.0,157,624960.7471,-66243.992,0.696,121,434968.3307,6777.490754,148909.5137,41082.9027,-107826.611,157,624960.7471,12
2018-03-14 00:00:00+00:00,23,5.9431,0.2488,1.0,155,598093.9293,-58339.7302,0.7512,121,449287.755,6015.381145,127373.887,21432.2873,-105941.5997,155,598093.9293,11
2018-03-13 00:00:00+00:00,19,1.1805,0.7909,1.0,141,1682206.8772,-55615.4675,0.2091,116,351808.9008,61975.816747,720252.2611,610145.7153,-110106.5459,141,1682206.8772,6
2018-03-12 00:00:00+00:00,16,3.9929,0.124,1.0,132,588244.5154,-53961.166,0.876,111,515283.5596,8109.031427,58347.9665,14612.9893,-43734.9772,132,588244.5154,5
2018-03-11 00:00:00+00:00,8,1.3094,0.1773,1.0,98,335928.7938,-58531.8013,0.8227,85,276364.0022,2993.323753,33772.4915,25792.3,-7980.1915,98,335928.7938,5
2018-03-10 00:00:00+00:00,15,3.198,0.2624,1.0,110,312362.5788,-65292.1889,0.7376,87,230401.8461,1807.146638,62436.8581,19523.8746,-42912.9835,110,312362.5788,8
2018-03-09 00:00:00+00:00,28,1.5865,0.38,1.0,159,524566.5704,-67644.8323,0.62,109,325218.4053,2534.168606,122276.6002,77071.5648,-45205.0354,159,524566.5704,22
2018-03-08 00:00:00+00:00,23,2.0145,0.3165,1.0,138,492844.1015,-70409.5044,0.6835,96,336849.3293,6198.803011,104245.7751,51748.9971,-52496.778,138,492844.1015,19
2018-03-07 00:00:00+00:00,20,2.3406,0.3259,1.0,169,664317.9868,-67470.6028,0.6741,133,447847.1066,5628.740251,151671.3206,64799.5596,-86871.761,169,664317.9868,16
2018-03-06 00:00:00+00:00,18,6.8286,0.1807,1.0,155,732202.6055,-60513.0437,0.8193,131,599868.0669,9956.816798,115430.487,16904.0516,-98526.4353,155,732202.6055,6
2018-03-05 00:00:00+00:00,16,8.7709,0.2024,1.0,128,470385.7325,-55085.6707,0.7976,105,375165.7984,4943.511569,85474.679,9745.255,-75729.424,128,470385.7325,7
2018-03-04 00:00:00+00:00,10,7.3584,0.2315,0.9526,98,299169.3184,-52562.0234,0.7685,95,241370.8528,3367.911785,64000.4822,8697.5771,-55302.9051,113,314068.912,8
2018-03-03 00:00:00+00:00,10,8.1516,0.2735,0.9785,116,271824.9094,-48044.1395,0.7265,105,201810.8546,3042.012823,67684.7698,8303.2824,-59381.4873,122,277798.9068,7
2018-03-02 00:00:00+00:00,20,4.6585,0.2363,1.0,140,422598.2537,-38390.338,0.7637,111,322748.5338,3580.963338,82203.7298,17645.99,-64557.7399,140,422598.2537,9
2018-03-01 00:00:00+00:00,13,2.9058,0.1132,1.0,154,577931.2532,-33349.848,0.8868,134,512504.0169,8334.789797,48675.8517,16751.3846,-31924.4671,154,577931.2532,7
2018-02-28 00:00:00+00:00,12,5.0762,0.1466,1.0,153,388132.3823,-36138.3524,0.8534,136,331235.9878,1834.082741,47532.6209,9363.7736,-38168.8472,153,388132.3823,5
2018-02-27 00:00:00+00:00,10,6.6278,0.2048,1.0,146,400557.5487,-30198.1369,0.7952,128,318510.1046,3885.876484,71291.1341,10756.3099,-60534.8243,146,400557.5487,8
2018-02-26 00:00:00+00:00,29,2.7806,0.176,0.8692,207,608927.4832,-31856.4843,0.824,258,577270.9083,3553.739638,90673.359,32609.4658,-58063.8932,307,700553.7331,20
2018-02-25 00:00:00+00:00,16,2.2348,0.1662,0.6789,93,253414.1594,-55477.7713,0.8338,229,311216.2632,2617.93218,42853.7285,19176.0109,-23677.7177,268,373246.0026,23
2018-02-24 00:00:00+00:00,23,0.8521,0.1216,0.8397,112,709109.5658,-53386.5055,0.8784,261,741825.1734,16208.064847,47229.9274,55425.0504,8195.123,310,844480.1512,26
2018-02-23 00:00:00+00:00,23,1.5231,0.2053,0.746,178,512965.4425,-59061.9847,0.7947,380,546385.416,3100.081321,85232.8278,55958.5185,-29274.3093,431,687576.7623,28
2018-02-22 00:00:00+00:00,61,1.8467,0.0711,0.9115,149,2218997.0107,-58815.4198,0.9289,407,2261354.3375,16792.393638,112205.0403,60761.0418,-51443.9985,534,2434320.4195,66
2018-02-21 00:00:00+00:00,76,0.9569,0.2097,0.6181,163,456917.8364,-58852.3771,0.7903,521,584226.884,3208.509308,75809.2824,79221.9441,3412.6617,685,739258.1106,88
2018-02-20 00:00:00+00:00,61,1.7268,0.3123,0.7047,178,610740.0482,-62010.1631,0.6877,474,596018.8749,2766.511463,171404.0633,99260.8073,-72143.256,608,866683.7455,73
2018-02-19 00:00:00+00:00,26,6.2576,0.3949,0.7375,125,576036.9325,-56870.5012,0.6051,459,472633.9296,8902.999719,265906.3838,42493.4812,-223412.9026,547,781033.7946,62
2018-02-18 00:00:00+00:00,27,1.2773,0.0826,0.59,112,529905.2044,-37825.3912,0.9174,736,823939.4242,9077.986815,41633.5329,32594.6761,-9038.8568,785,898167.6331,22
2018-02-17 00:00:00+00:00,44,1.6464,0.24,0.5422,89,291722.2294,-46725.3252,0.76,563,408882.5206,1912.453579,80319.3594,48786.128,-31533.2315,674,537988.008,67
2018-02-16 00:00:00+00:00,63,1.4025,0.2656,0.6123,121,379144.8727,-46023.1736,0.7344,560,454773.9598,2075.423989,95998.4842,68450.1294,-27548.3548,706,619222.5734,83
2018-02-15 00:00:00+00:00,59,1.6516,0.1966,0.7065,196,755876.2838,-48882.6436,0.8034,649,859528.7608,3871.606643,131048.2061,79345.5065,-51702.6996,781,1069922.4734,73
2018-02-14 00:00:00+00:00,36,1.2421,0.2138,0.639,193,517316.3612,-44328.163,0.7862,594,636442.5862,2332.994007,95894.3616,77202.5212,-18691.8404,714,809539.4689,84
2018-02-13 00:00:00+00:00,26,1.2958,0.1989,0.7938,237,1120530.657,-46577.3253,0.8011,612,1130946.2556,10037.779754,158441.692,122276.0692,-36165.6229,704,1411664.0168,66
2018-02-12 00:00:00+00:00,34,3.1112,0.1651,0.7176,172,762563.6071,-52534.5818,0.8349,575,887252.1151,8043.319621,132773.051,42675.9188,-90097.1323,663,1062701.085,54
2018-02-11 00:00:00+00:00,32,3.6477,0.1931,0.5864,164,380272.4156,-52355.0398,0.8069,545,523232.6626,1958.483782,98281.8164,26943.4216,-71338.3948,613,648457.9006,36
2018-02-10 00:00:00+00:00,59,1.3509,0.1732,0.6538,213,672946.4755,-47892.2385,0.8268,699,850939.7241,4068.115834,102465.6213,75847.4506,-26618.1708,843,1029252.796,85
2018-02-09 00:00:00+00:00,60,1.5718,0.2515,0.621,191,528105.0504,-51646.5517,0.7485,616,636525.0213,1974.823355,130743.3143,83178.6698,-47564.6445,745,850447.0055,69
2018-02-08 00:00:00+00:00,40,1.4076,0.1596,0.7109,207,521578.7083,-58707.2375,0.8404,426,616645.4601,2665.369213,68456.1642,48634.829,-19821.3352,513,733736.4532,47
2018-02-07 00:00:00+00:00,82,1.1719,0.2691,0.7626,260,1232767.7212,-69849.8978,0.7309,771,1181435.1142,6269.345584,234715.0242,200279.0478,-34435.9764,970,1616429.1862,117
2018-02-06 00:00:00+00:00,155,1.3717,0.3074,0.6616,366,1069493.7401,-77804.2561,0.6926,938,1119644.634,2210.057557,287373.5174,209507.099,-77866.4184,1303,1616525.2504,210
2018-02-05 00:00:00+00:00,138,1.5272,0.3391,0.6091,289,765038.512,-89278.1995,0.6609,822,830133.6354,2018.524218,257366.5536,168526.215,-88840.3387,1106,1256026.404,146
2018-02-04 00:00:00+00:00,52,1.2953,0.3801,0.5532,130,453649.3758,-100494.6264,0.6199,543,508350.6944,3456.173496,175904.6131,135805.8277,-40098.7854,728,820061.1352,133
2018-02-03 00:00:00+00:00,60,1.7261,0.2227,0.5411,131,482529.6487,-101692.4622,0.7773,790,693149.0369,2656.073722,125752.6376,72854.2744,-52898.3632,947,891755.9489,97
2018-02-02 00:00:00+00:00,164,1.3269,0.3133,0.7244,443,1596108.3685,-97021.8315,0.6867,1201,1513047.6688,3410.852827,393653.8302,296664.3853,-96989.4449,1560,2203365.8843,195
2018-02-01 00:00:00+00:00,98,1.5344,0.2636,0.6639,345,1168589.1532,-112773.82,0.7364,1045,1296331.4677,2669.890279,280877.0261,183057.0687,-97819.9574,1304,1760265.5625,161
2018-01-31 00:00:00+00:00,59,1.766,0.2038,0.6978,371,1113994.676,-114486.8118,0.7962,1034,1270993.865,3324.685823,207765.3819,117648.8972,-90116.4847,1191,1596408.1442,98
2018-01-30 00:00:00+00:00,74,2.3748,0.2447,0.7008,391,1112145.8907,-128994.5436,0.7553,998,1198743.5771,2474.689923,273246.9991,115062.9766,-158184.0225,1185,1587053.5527,113
2018-01-29 00:00:00+00:00,63,2.6334,0.2271,0.7339,353,1203133.399,-115272.199,0.7729,930,1267075.6732,3366.634379,269813.4539,102458.1271,-167355.3268,1077,1639347.2542,84
2018-01-28 00:00:00+00:00,54,1.488,0.1824,0.6801,255,921798.3035,-102210.0875,0.8176,858,1108157.2691,7321.74608,147845.5106,99361.8746,-48483.636,1013,1355364.6543,101
2018-01-27 00:00:00+00:00,35,1.3058,0.1705,0.5614,196,501554.7817,-136809.9802,0.8295,865,740988.192,1977.987727,86277.9799,66074.0318,-20203.9481,981,893340.2037,81
2018-01-26 00:00:00+00:00,80,3.1058,0.2374,0.6709,329,1142003.6047,-145313.7551,0.7626,1281,1298216.7508,4176.190783,305675.2445,98421.8802,-207253.3643,1475,1702313.8755,114
2018-01-25 00:00:00+00:00,32,2.5173,0.2133,0.9165,327,1093696.5601,-126391.7517,0.7867,362,938789.9071,6316.655441,182182.1655,72371.2657,-109810.8998,435,1193343.3384,41
2018-01-24 00:00:00+00:00,81,2.5708,0.2814,0.6777,297,1049387.7426,-120428.3801,0.7186,1089,1112684.4581,2544.75611,313693.0459,122022.4386,-191670.6074,1294,1548399.9427,124
2018-01-23 00:00:00+00:00,72,1.9635,0.1395,0.6731,304,922030.7688,-115791.0799,0.8605,1087,1178639.4164,2816.530985,126612.0606,64484.4497,-62127.6109,1270,1369735.9266,111
2018-01-22 00:00:00+00:00,100,1.7368,0.2019,0.6486,301,906000.4631,-124453.6429,0.7981,1254,1114787.09,2617.397228,178958.9662,103038.4203,-75920.5459,1504,1396784.4766,150
2018-01-21 00:00:00+00:00,73,5.213,0.3558,0.6848,218,825081.1667,-124595.1579,0.6442,911,776241.2408,4950.836974,359678.8384,68995.9536,-290682.8848,1073,1204916.0328,89
2018-01-20 00:00:00+00:00,50,1.8395,0.1974,0.5846,211,798814.0394,-86178.8774,0.8026,1137,1096739.4714,5496.993479,174707.9994,94977.6272,-79730.3722,1262,1366425.098,75
2018-01-19 00:00:00+00:00,96,1.4024,0.2941,0.6794,295,1031558.6156,-74702.5814,0.7059,1273,1071787.1292,2405.174983,260703.5207,185904.18,-74799.3407,1514,1518394.8298,145
2018-01-18 00:00:00+00:00,169,1.3377,0.2842,0.6139,317,1017780.6458,-100995.1973,0.7158,1816,1186681.4383,2007.643758,269629.3308,201562.0319,-68067.299,2243,1657872.801,258
2018-01-17 00:00:00+00:00,296,1.4509,0.3497,0.6754,462,1671215.998,-118451.8645,0.6503,1978,1609056.8914,3338.330099,512327.4328,353117.927,-159209.5058,2596,2474502.2511,322
2018-01-16 00:00:00+00:00,199,1.803,0.2245,0.5943,376,1134440.641,-120621.7157,0.7755,2108,1480212.3666,2023.393715,275648.3426,152882.7908,-122765.5518,2499,1908743.5,192
2018-01-15 00:00:00+00:00,85,1.565,0.1949,0.6738,357,1206865.3316,-113166.8075,0.8051,1463,1442044.9249,3359.997525,213039.1647,136128.0134,-76911.1513,1668,1791212.1031,120
2018-01-14 00:00:00+00:00,35,1.242,0.1222,0.5524,271,911382.9691,-127967.5162,0.8778,1531,1448258.8242,6063.141617,111737.2578,89968.3365,-21768.9213,1615,1649964.4185,49
2018-01-13 00:00:00+00:00,94,0.9937,0.1281,0.5831,274,872491.5816,-125716.7867,0.8719,1648,1304552.8385,2243.221667,95526.0314,96129.7314,603.6999,1883,1496208.6013,141
2018-01-12 00:00:00+00:00,79,3.2622,0.2597,0.6441,329,1209755.5722,-127710.9007,0.7403,1918,1390376.1407,4561.490803,373271.83,114424.178,-258847.652,2148,1878072.1487,151
2018-01-11 00:00:00+00:00,154,1.7576,0.2922,0.6828,461,1618652.3464,-97247.6142,0.7078,2066,1677937.2172,3612.49146,441415.6182,251151.6489,-190263.9693,2459,2370504.4844,239
2018-01-10 00:00:00+00:00,175,1.9415,0.2156,0.607,486,1534349.0974,-92642.4851,0.7844,2157,1982875.8952,2819.399075,359631.5434,185233.0793,-174398.4641,2534,2527740.5179,202
2018-01-09 00:00:00+00:00,155,1.258,0.2303,0.6752,504,1810864.2094,-65838.0501,0.7697,2232,2064282.0848,3302.194144,344125.2891,273544.0947,-70581.1944,2631,2681951.4686,244
2018-01-08 00:00:00+00:00,153,1.8443,0.247,0.7008,548,1725090.7177,-61724.368,0.753,1757,1853399.9928,3516.100218,394312.7898,213796.6772,-180516.1126,2148,2461509.4598,238
2018-01-07 00:00:00+00:00,111,1.0282,0.2281,0.6017,384,1140783.6427,-44703.5385,0.7719,2027,1463509.698,3484.526999,219276.8815,213263.0674,-6013.8142,2308,1896049.6469,170
2018-01-06 00:00:00+00:00,117,1.1306,0.1291,0.5103,356,861127.2351,-76686.5316,0.8709,2513,1469507.3214,1230.097384,115589.378,102234.2794,-13355.0986,2771,1687330.9788,141
2018-01-05 00:00:00+00:00,179,1.2101,0.2439,0.5905,413,1161258.6032,-82538.3028,0.7561,2509,1486983.0284,1941.298104,262619.2445,217014.5985,-45604.646,2999,1966616.8715,311
2018-01-04 00:00:00+00:00,214,1.5146,0.2831,0.6524,452,1779574.0546,-78255.0947,0.7169,2909,1955521.1306,3134.632247,465141.2702,307113.2041,-158028.0661,3442,2727775.6049,319
2018-01-03 00:00:00+00:00,137,0.9223,0.1943,0.5243,343,883006.6754,-53827.8107,0.8057,2389,1356863.1348,1478.965632,156998.6703,170231.2513,13232.5809,2726,1684093.0564,200
2018-01-02 00:00:00+00:00,146,1.1893,0.238,0.6482,394,1316041.7947,-57752.9616,0.762,1896,1546981.6605,3152.438167,262482.8098,220697.39,-41785.4198,2214,2030161.8602,172
2018-01-01 00:00:00+00:00,56,1.8264,0.1927,0.6297,239,685754.3284,-53256.7934,0.8073,1038,879142.1461,2121.796481,135629.8804,74259.5745,-61370.3059,1171,1089031.6011,77
2017-12-31 00:00:00+00:00,46,5.6144,0.2337,0.6602,225,931094.2667,-43444.7159,0.7663,1465,1080797.9922,5819.206554,279715.7779,49821.0123,-229894.7656,1573,1410334.7824,62
2017-12-30 00:00:00+00:00,99,1.3028,0.2238,0.6135,362,1132496.1304,-18280.1723,0.7762,2462,1432927.9226,2400.790499,233676.1765,179358.6791,-54317.4974,2699,1845962.7782,138
2017-12-29 00:00:00+00:00,51,1.0927,0.1063,0.8184,1239,2713405.9761,-2086.9449,0.8937,2038,2962858.4601,5549.283945,184079.8673,168457.6779,-15622.1894,2155,3315396.0053,66
2017-12-28 00:00:00+00:00,59,0.9377,0.2356,0.5282,261,904622.1859,-236.064,0.7644,1582,1309171.8356,2613.356135,195232.1628,208195.0852,12962.9224,1726,1712599.0837,85
2017-12-27 00:00:00+00:00,84,1.1316,0.1874,0.6129,244,754626.7281,-4671.3682,0.8126,1412,1000594.8066,1919.625207,122470.1612,108226.6854,-14243.4758,1595,1231291.6531,99
2017-12-26 00:00:00+00:00,47,1.1105,0.1241,0.6673,304,1058957.3408,-6840.4455,0.8759,1082,1389939.577,3574.41727,103639.6168,93327.3745,-10312.2423,1205,1586906.5683,76
2017-12-25 00:00:00+00:00,62,0.9543,0.275,0.6811,263,774801.5887,-12723.4254,0.725,734,824678.8681,4468.45379,152772.3157,160086.5525,7314.2368,903,1137537.7363,107
2017-12-24 00:00:00+00:00,103,1.8321,0.1748,0.6221,259,651076.645,-15903.0798,0.8252,949,863685.2157,2932.365558,118328.5305,64585.5701,-53742.9604,1131,1046599.3163,79
2017-12-23 00:00:00+00:00,117,0.5695,0.2189,0.5064,210,497875.1875,-13636.6355,0.7811,1401,768013.1685,1055.038179,78089.9839,137125.0782,59035.0943,1686,983228.2307,168
2017-12-22 00:00:00+00:00,219,1.0082,0.296,0.6511,547,1431561.6579,-50768.3412,0.704,1701,1548080.6498,2072.096063,326711.8427,324045.8198,-2666.0229,2168,2198838.3124,248
2017-12-21 00:00:00+00:00,150,1.1206,0.1877,0.6131,308,1038875.1296,-51351.1449,0.8123,1888,1376348.408,3000.247806,168055.3585,149971.1511,-18084.2074,2246,1694374.9177,208
2017-12-20 00:00:00+00:00,104,1.1434,0.227,0.574,382,1112139.7978,-60299.8315,0.773,1788,1497726.3514,1912.739895,234669.566,205242.5496,-29427.0164,2048,1937638.467,156
2017-12-19 00:00:00+00:00,155,1.2429,0.2654,0.6227,376,1115218.4916,-55796.7397,0.7346,1598,1315600.503,1998.425857,263449.9702,211956.8683,-51493.1019,1911,1791007.3416,158
2017-12-18 00:00:00+00:00,108,1.0872,0.2702,0.6373,278,843888.4377,-42432.6175,0.7298,1304,966413.8021,1971.194315,186388.3763,171445.0321,-14943.3443,1546,1324247.2105,134
2017-12-17 00:00:00+00:00,92,1.5596,0.1742,0.621,185,617655.0132,-39721.0695,0.8258,1167,821413.913,2259.874448,105565.1054,67687.2554,-37877.85,1347,994666.2738,88
2017-12-16 00:00:00+00:00,117,3.163,0.3383,0.6786,217,775619.4912,-38291.0712,0.6617,1174,756340.2777,6139.493588,293762.7811,92875.9357,-200886.8454,1401,1142978.9946,110
2017-12-15 00:00:00+00:00,103,1.03,0.2948,0.6512,335,1009622.0766,-8787.5206,0.7052,1140,1093392.0343,2740.796895,231861.4709,225115.8222,-6745.6487,1339,1550369.3273,96
2017-12-14 00:00:00+00:00,100,1.4117,0.212,0.7055,521,1573964.9511,-36314.4868,0.788,1343,1758158.5068,3687.343112,276807.7021,196082.6882,-80725.0139,1585,2231048.8972,142
2017-12-13 00:00:00+00:00,127,0.9932,0.2977,0.6915,475,1434505.5116,-15505.4145,0.7023,1212,1456960.2841,2762.86666,307773.9573,309868.5834,2094.6262,1470,2074602.8248,131
2017-12-12 00:00:00+00:00,73,0.8228,0.1983,0.8069,439,1760426.2344,-16266.8749,0.8017,960,1749224.6592,5521.359694,195271.8897,237327.6432,42055.7535,1126,2181824.1922,93
2017-12-11 00:00:00+00:00,71,0.98,0.3877,0.7683,273,791623.4916,-26302.8808,0.6123,566,630904.996,2692.685835,197731.6617,201769.1536,4037.4919,723,1030405.8114,86
2017-12-10 00:00:00+00:00,69,1.2011,0.2688,0.752,238,853335.3326,-27057.545,0.7312,583,829710.7316,3842.631297,166431.5451,138563.6829,-27867.8622,734,1134705.9596,82
2017-12-09 00:00:00+00:00,71,0.9579,0.3011,0.6136,211,534576.8698,-23834.5622,0.6989,628,608896.0504,2313.849158,128332.9844,133970.9934,5638.009,805,871200.0282,106
2017-12-08 00:00:00+00:00,81,1.8059,0.4356,0.7417,368,1182342.4604,-25199.196,0.5644,796,899694.3651,7374.848774,446889.9582,247455.5465,-199434.4118,1013,1594039.8698,136
2017-12-07 00:00:00+00:00,85,0.8943,0.4507,0.8193,356,2115131.9114,1491.2774,0.5493,1020,1417990.3701,15989.930023,549294.0618,614232.5536,64938.4918,1161,2581516.9855,56
2017-12-06 00:00:00+00:00,105,1.012,0.2341,0.5724,316,1327780.6198,-9262.8164,0.7659,1663,1776723.2147,5866.716356,273173.0797,269937.483,-3235.5967,1876,2319833.7774,108
2017-12-05 00:00:00+00:00,23,2.294,0.0493,0.7294,253,1062466.1088,-6694.6012,0.9507,804,1384845.4482,5600.649628,49986.6535,21790.3656,-28196.2879,846,1456622.4673,19
2017-12-04 00:00:00+00:00,11,1.0917,0.024,0.4056,204,479430.0328,4201.2303,0.976,900,1153699.4952,3356.450752,14821.1473,13575.99,-1245.1573,918,1182096.6325,7
2017-12-03 00:00:00+00:00,7,2.1674,0.0172,0.3372,141,281683.3002,-13671.9365,0.9828,694,821011.8259,996.169341,9852.8772,4545.895,-5306.9822,704,835410.5981,3
2017-12-02 00:00:00+00:00,10,1.4657,0.0239,0.5261,217,455232.1538,-12565.8787,0.9761,614,844596.1357,1767.008778,12319.1316,8404.7037,-3914.4279,629,865319.9711,5
2017-12-01 00:00:00+00:00,11,1.4095,0.0725,0.6534,281,668379.0214,-12627.9072,0.9275,616,948749.1043,2792.449848,43374.3068,30773.2087,-12601.0981,638,1022896.6197,11
2017-11-30 00:00:00+00:00,25,1.3137,0.0509,0.7657,508,1147635.0171,-9910.9149,0.9491,827,1422573.2207,3966.650142,43299.0748,32958.9104,-10340.1644,861,1498831.2059,9
2017-11-29 00:00:00+00:00,19,0.7683,0.0671,0.837,590,1404212.9132,-8487.6857,0.9329,819,1565110.6692,4189.974941,48892.9504,63634.8601,14741.9098,864,1677638.4797,26
2017-11-28 00:00:00+00:00,17,0.41,0.0879,0.7999,498,1045715.5895,-11206.9233,0.9121,720,1192347.7595,1817.787838,33411.6616,81486.1938,48074.5322,760,1307245.6149,23
2017-11-27 00:00:00+00:00,23,3.3169,0.193,0.8242,382,1005647.2557,-17870.9241,0.807,544,984701.4522,6156.767982,180893.9544,54536.6293,-126357.325,597,1220132.0359,30
2017-11-26 00:00:00+00:00,9,0.8767,0.0525,0.6043,169,426896.1802,-29587.9247,0.9475,431,669363.3309,3171.78661,17318.9615,19754.3845,2435.4229,451,706436.6769,11
2017-11-25 00:00:00+00:00,15,1.1567,0.0616,0.81,308,786636.7975,-27088.1842,0.9384,461,911301.7902,3385.720781,32103.0909,27754.4629,-4348.628,493,971159.344,17
2017-11-24 00:00:00+00:00,19,0.8745,0.0914,0.9174,420,962658.2618,-29179.2869,0.9086,464,953465.3656,1936.48902,44728.8842,51146.7327,6417.8485,507,1049340.9825,24
2017-11-23 00:00:00+00:00,19,1.0091,0.0702,0.8283,427,984659.6099,-29119.7076,0.9298,588,1105358.0126,2542.902183,41891.8328,41514.2724,-377.5604,632,1188764.1178,25
2017-11-22 00:00:00+00:00,5,1.2832,0.0259,0.8614,285,1152600.6552,-29765.3107,0.9741,457,1303491.7713,11128.319519,19449.4385,15156.685,-4292.7535,471,1338097.8948,9
2017-11-21 00:00:00+00:00,15,0.9583,0.0435,0.8962,337,1379501.3368,-31409.7055,0.9565,476,1472235.0953,26471.513553,32786.4083,34212.9354,1426.527,497,1539234.439,6
2017-11-20 00:00:00+00:00,19,18.1754,0.1281,0.9418,331,1710888.5843,-34108.8721,0.8719,412,1584006.1925,14259.881071,220508.6116,12132.2823,-208376.3293,437,1816647.0864,6
2017-11-19 00:00:00+00:00,9,0.4329,0.0749,0.6818,194,458236.6137,-6119.1066,0.9251,387,621726.6447,2703.466993,15218.3325,35151.9388,19933.6062,409,672096.916,13
2017-11-18 00:00:00+00:00,7,13.5222,0.0404,0.6271,180,341585.2267,-9491.5314,0.9596,376,522654.3129,1459.597464,20502.5642,1516.2171,-18986.3471,384,544673.0942,1
2017-11-17 00:00:00+00:00,7,0.5813,0.0305,0.7835,295,663154.7438,-9390.6635,0.9695,462,820617.287,2318.860617,9488.164,16323.0678,6834.9037,479,846428.5188,10
2017-11-16 00:00:00+00:00,6,1.6494,0.0241,0.8507,338,705689.126,-11104.7007,0.9759,451,809556.1894,2082.997532,12436.9768,7540.195,-4896.7818,462,829533.3612,5
2017-11-15 00:00:00+00:00,16,1.3234,0.0746,0.9554,418,1453920.9584,-11236.1592,0.9254,452,1408234.9334,3682.669256,64667.9837,48864.4666,-15803.5171,486,1521767.3837,18
2017-11-14 00:00:00+00:00,14,1.4828,0.0656,0.9226,334,1263770.3049,-36126.5346,0.9344,410,1279955.6299,12040.449387,53646.4147,36178.7753,-17467.6393,441,1369780.8199,17
2017-11-13 00:00:00+00:00,9,1.3161,0.1049,0.8293,272,721131.9103,-33905.9667,0.8951,404,778311.1274,2012.630641,51825.8729,39377.9022,-12447.9707,421,869514.9025,8
2017-11-12 00:00:00+00:00,8,1.1407,0.0454,0.936,466,1153512.4413,-34622.1777,0.9546,529,1176539.8837,3488.432598,29788.1856,26114.8181,-3673.3675,545,1232442.8873,8
2017-11-11 00:00:00+00:00,6,4.5565,0.0345,1.0,328,827092.1851,-33667.911,0.9655,320,798531.9232,3135.050769,23420.2669,5139.995,-18280.2719,328,827092.1851,2
2017-11-10 00:00:00+00:00,10,1.2308,0.0546,0.9214,350,842911.3103,-31238.2221,0.9454,407,864924.2349,3061.971658,27538.9563,22375.6,-5163.3563,422,914838.7913,5
2017-11-09 00:00:00+00:00,4,1.1939,0.0269,1.0,416,2449024.2823,-30141.8521,0.9731,407,2383207.3108,12189.035955,35816.9815,29999.99,-5816.9915,416,2449024.2823,5
2017-11-08 00:00:00+00:00,14,5.6165,0.2008,0.914,300,1239657.0676,-30271.7458,0.7992,381,1083994.3978,11947.58133,231201.0066,41164.8619,-190036.1447,417,1356360.2664,22
2017-11-07 00:00:00+00:00,9,1.0834,0.0705,0.8191,204,558442.8257,-4928.0984,0.9295,310,633750.5449,3182.091994,24993.9417,23070.2772,-1923.6645,328,681814.7639,9
2017-11-06 00:00:00+00:00,12,1.8351,0.0848,0.9629,262,672814.1204,-3416.9362,0.9152,270,639481.2314,3045.077917,38370.2319,20908.7842,-17461.4477,288,698760.2474,6
2017-11-05 00:00:00+00:00,0,0.0,0.0078,0.839,195,322846.583,-2019.6292,0.9922,255,381795.1207,1371.666148,0.0,3006.5,3006.5,257,384801.6207,2
2017-11-04 00:00:00+00:00,5,1.1831,0.0363,0.7162,135,299412.0326,-2754.7706,0.9637,245,402901.6672,2597.752713,8220.4158,6947.9656,-1272.4501,254,418070.0486,4
2017-11-03 00:00:00+00:00,6,0.8354,0.0438,0.7367,211,471349.697,-2774.422,0.9562,370,611832.2603,1989.191571,12746.888,15258.122,2511.234,380,639837.2703,4
2017-11-02 00:00:00+00:00,19,1.2022,0.0828,0.8243,327,729655.4532,-1853.9671,0.9172,450,811963.5703,2134.214375,39998.5329,33272.285,-6726.2479,483,885234.3882,14
2017-11-01 00:00:00+00:00,6,4.2402,0.0265,1.0,317,770143.1135,209.4459,0.9735,309,749716.3111,2733.854023,16528.7073,3898.095,-12630.6123,317,770143.1135,2
2017-10-31 00:00:00+00:00,4,0.4672,0.0443,0.6911,177,371970.0743,-118.4235,0.9557,333,514380.3283,1659.275475,7588.8758,16243.3461,8654.4703,344,538212.5502,7
2017-10-30 00:00:00+00:00,6,3.5601,0.0196,0.8917,238,623453.4962,-1983.03,0.9804,306,685527.0618,2654.277798,10680.2984,3000.0,-7680.2984,314,699207.3601,2
2017-10-29 00:00:00+00:00,3,1.2638,0.0326,1.0,266,563534.1914,-21733.6675,0.9674,260,545175.7018,3431.754831,10248.9896,8109.5,-2139.4896,266,563534.1914,3
2017-10-28 00:00:00+00:00,1,1.2878,0.0253,1.0,257,443776.5297,-21180.0825,0.9747,254,432566.5397,1020.161497,6310.0,4899.99,-1410.01,257,443776.5297,2
2017-10-27 00:00:00+00:00,3,0.384,0.0396,1.0,275,507413.8203,-21374.0733,0.9604,268,487295.1218,2061.391479,5582.1402,14536.5583,8954.4181,275,507413.8203,4
2017-10-26 00:00:00+00:00,10,0.7819,0.1126,0.788,157,441412.8214,-22537.1247,0.8874,260,497122.7981,3089.308402,27667.8868,35385.53,7717.6432,277,560176.2149,7
2017-10-25 00:00:00+00:00,6,2.5878,0.0538,0.7867,161,492745.5496,-17616.5832,0.9462,285,592598.0784,3180.067004,24325.6983,9400.0,-14925.6983,295,626323.7767,4
2017-10-24 00:00:00+00:00,10,1.1579,0.0809,0.7571,207,562595.3435,-16875.447,0.9191,368,682979.3954,2854.628666,32252.9981,27855.2233,-4397.7748,388,743087.6168,10
2017-10-23 00:00:00+00:00,18,6.1642,0.168,0.9469,327,1141324.5286,-19202.1859,0.832,366,1002838.4529,10204.588172,174193.8304,28259.0694,-145934.7609,391,1205291.3527,7
2017-10-22 00:00:00+00:00,3,0.8243,0.0413,0.9336,245,407455.6346,1919.9099,0.9587,267,418425.9612,2037.817491,8144.3796,9879.985,1735.6054,274,436450.3258,4
2017-10-21 00:00:00+00:00,6,1.3043,0.0454,0.8181,216,377349.179,1956.7708,0.9546,291,440298.6394,1251.602631,11862.6881,9094.7423,-2767.9458,300,461256.0698,3
2017-10-20 00:00:00+00:00,11,0.9605,0.0619,0.836,212,544851.5549,3137.9499,0.9381,298,611388.4089,3236.014159,19776.4748,20589.5335,813.0587,319,651754.4171,10
2017-10-19 00:00:00+00:00,6,0.1403,0.1034,0.7803,217,422143.005,3912.9137,0.8966,324,485045.3678,2819.239036,6879.7978,49041.2315,42161.4337,336,540966.3971,6
2017-10-18 00:00:00+00:00,5,1.6254,0.0414,1.0,349,987235.5856,-15211.3463,0.9586,339,946356.5917,3957.459236,25308.3697,15570.6242,-9737.7455,349,987235.5856,5
2017-10-17 00:00:00+00:00,21,1.5295,0.0885,0.9456,185,1055397.6419,-20684.9471,0.9115,214,1017313.5166,13716.20324,59752.908,39067.9609,-20684.9471,250,1116134.3855,15
2017-10-16 00:00:00+00:00,9,0.5146,0.0902,0.8971,149,333562.9927,10749.2728,0.9098,176,338263.5592,2310.607296,11397.8066,22147.0794,10749.2728,190,371808.4451,5
